{
  "train_loss": [
    7.318833827972412,
    6.747529029846191,
    6.380776405334473
  ],
  "train_acc": [
    0.0095097366720438,
    0.08153365552425385,
    0.19405926764011383
  ],
  "val_loss": [
    7.15642786026001,
    7.005602836608887,
    6.894896507263184
  ],
  "val_acc": [
    0.021416455507278442,
    0.04346904158592224,
    0.05449533462524414
  ],
  "geo_acc": [
    {
      "acc@1km": 0.51,
      "acc@5km": 4.83,
      "acc@25km": 20.87,
      "acc@100km": 26.46
    },
    {
      "acc@1km": 1.27,
      "acc@5km": 9.1,
      "acc@25km": 25.25,
      "acc@100km": 32.25
    },
    {
      "acc@1km": 2.16,
      "acc@5km": 11.51,
      "acc@25km": 31.11,
      "acc@100km": 37.66
    }
  ],
  "val_size": 1572,
  "train_size": 8798
}