{
  "train_loss": [
    7.133668422698975,
    6.201090335845947,
    5.639037132263184
  ],
  "train_acc": [
    0.008335228078067303,
    0.06812155991792679,
    0.16704553365707397
  ],
  "val_loss": [
    6.869126796722412,
    6.647106170654297,
    6.484220504760742
  ],
  "val_acc": [
    0.01781170628964901,
    0.040712468326091766,
    0.051526717841625214
  ],
  "val_size": 1572,
  "train_size": 8798
}