{
  "train_loss": [
    6.295868873596191,
    4.688140392303467,
    4.013891696929932,
    3.3258585929870605,
    2.8537120819091797,
    2.5028741359710693,
    2.221669912338257,
    1.9946151971817017,
    1.8094252347946167,
    1.6435165405273438,
    1.5062175989151,
    1.3811216354370117,
    1.278597116470337,
    1.1835719347000122,
    1.099622368812561,
    1.023221731185913,
    0.9573251605033875,
    0.8952033519744873,
    0.8443260788917542,
    0.7888575792312622,
    0.7472749948501587,
    0.7154853940010071,
    0.6686904430389404,
    0.6358254551887512,
    0.6093084216117859,
    0.577237606048584,
    0.5495035648345947,
    0.5282814502716064,
    0.5099974870681763,
    0.4834710359573364
  ],
  "train_acc": [
    0.12493183463811874,
    0.3133358955383301,
    0.3780375123023987,
    0.4651457667350769,
    0.5334562659263611,
    0.5870636105537415,
    0.6301022171974182,
    0.667539119720459,
    0.6976393461227417,
    0.7268770337104797,
    0.7500073909759521,
    0.7726718187332153,
    0.7900518178939819,
    0.8065395355224609,
    0.8203107118606567,
    0.834458589553833,
    0.8460882306098938,
    0.8556655645370483,
    0.8641325235366821,
    0.875544011592865,
    0.880957305431366,
    0.8849924802780151,
    0.8932115435600281,
    0.8987537026405334,
    0.9030169248580933,
    0.9083013534545898,
    0.9127925634384155,
    0.9156677722930908,
    0.918384313583374,
    0.9230936765670776
  ],
  "val_loss": [
    5.335750579833984,
    4.795138835906982,
    4.198899269104004,
    3.8396987915039062,
    3.583038806915283,
    3.407806396484375,
    3.2702016830444336,
    3.1688265800476074,
    3.0815391540527344,
    3.0040524005889893,
    2.9574050903320312,
    2.905245542526245,
    2.871922254562378,
    2.8435544967651367,
    2.8249969482421875,
    2.7956504821777344,
    2.7953124046325684,
    2.765974760055542,
    2.75356125831604,
    2.752924919128418,
    2.749884605407715,
    2.73012638092041,
    2.7406556606292725,
    2.7302658557891846,
    2.7295801639556885,
    2.726034641265869,
    2.7261767387390137,
    2.720533847808838,
    2.7338552474975586,
    2.728532552719116
  ],
  "val_acc": [
    0.21681739389896393,
    0.2695613205432892,
    0.32163119316101074,
    0.35510870814323425,
    0.3797113001346588,
    0.39948323369026184,
    0.41661518812179565,
    0.42560243606567383,
    0.4331292510032654,
    0.44537436962127686,
    0.4484075903892517,
    0.4508790671825409,
    0.45284503698349,
    0.46048420667648315,
    0.46301186084747314,
    0.46447229385375977,
    0.46514633297920227,
    0.46829187870025635,
    0.47087571024894714,
    0.4691344201564789,
    0.47020167112350464,
    0.4764927327632904,
    0.47475144267082214,
    0.47536933422088623,
    0.47800934314727783,
    0.4790765643119812,
    0.4757063388824463,
    0.48014381527900696,
    0.48064932227134705,
    0.48070549964904785
  ]
}