{
  "train_loss": [
    6.331076145172119
  ],
  "train_acc": [
    0.13820470869541168
  ],
  "val_loss": [
    5.360016345977783
  ],
  "val_acc": [
    0.23074883222579956
  ]
}