{
  "train_loss": [
    7.217166423797607,
    5.7598114013671875,
    4.849066734313965
  ],
  "train_acc": [
    0.04484311118721962,
    0.22597075998783112,
    0.3676917254924774
  ],
  "val_loss": [
    6.660897731781006,
    6.025999546051025,
    5.549896240234375
  ],
  "val_acc": [
    0.10288392007350922,
    0.17560158669948578,
    0.21983368694782257
  ],
  "val_size": 3768,
  "train_size": 21460
}