{
  "train_loss": [
    7.442570209503174,
    6.523099422454834,
    5.9587836265563965
  ],
  "train_acc": [
    0.04999999329447746,
    0.24659831821918488,
    0.4008232355117798
  ],
  "val_loss": [
    7.084943771362305,
    6.691774845123291,
    6.414091110229492
  ],
  "val_acc": [
    0.1114649549126625,
    0.18542107939720154,
    0.2292993813753128
  ],
  "geo_acc": [
    {
      "acc@1km": 0.21,
      "acc@5km": 5.55,
      "acc@25km": 16.06,
      "acc@100km": 27.76
    },
    {
      "acc@1km": 0.69,
      "acc@5km": 10.67,
      "acc@25km": 27.42,
      "acc@100km": 40.98
    },
    {
      "acc@1km": 1.19,
      "acc@5km": 14.25,
      "acc@25km": 34.82,
      "acc@100km": 48.25
    }
  ],
  "val_size": 3768,
  "train_size": 21460
}