{
  "train_loss": [
    7.318828105926514,
    6.747518062591553,
    6.380762577056885
  ],
  "train_acc": [
    0.009471849538385868,
    0.08142000436782837,
    0.1939077228307724
  ],
  "val_loss": [
    7.156430721282959,
    7.005601406097412,
    6.894941806793213
  ],
  "val_acc": [
    0.021416455507278442,
    0.04368108883500099,
    0.05449533462524414
  ],
  "val_size": 1572,
  "train_size": 8798
}