{
  "train_loss": [
    6.775935173034668
  ],
  "train_acc": [
    0.028742879629135132
  ],
  "val_loss": [
    6.284923076629639
  ],
  "val_acc": [
    0.058958228677511215
  ]
}