{
  "train_loss": [
    7.442555904388428,
    6.523082733154297,
    5.958762168884277
  ],
  "train_acc": [
    0.0499534010887146,
    0.24661390483379364,
    0.400838702917099
  ],
  "val_loss": [
    7.084958553314209,
    6.691782474517822,
    6.414084434509277
  ],
  "val_acc": [
    0.11155343055725098,
    0.18542107939720154,
    0.22921091318130493
  ],
  "val_size": 3768,
  "train_size": 21460
}