{
  "train_loss": [
    6.331075668334961,
    4.440567493438721,
    3.477799892425537,
    2.8574259281158447,
    2.4076545238494873,
    2.090879440307617,
    1.9414583444595337,
    1.8067485094070435,
    1.6949150562286377,
    1.5834400653839111,
    1.4833282232284546,
    1.4406176805496216,
    1.3940082788467407,
    1.3495339155197144,
    1.3063234090805054,
    1.261971354484558,
    1.2456053495407104,
    1.2244926691055298,
    1.2154792547225952,
    1.1927303075790405,
    1.1719509363174438,
    1.1643906831741333,
    1.1577274799346924,
    1.1407121419906616,
    1.137745976448059
  ],
  "train_acc": [
    0.1382000595331192,
    0.353962242603302,
    0.4763096570968628,
    0.5590813755989075,
    0.6261450052261353,
    0.6829622983932495,
    0.706838846206665,
    0.7286370992660522,
    0.7461817264556885,
    0.7621174454689026,
    0.7822710871696472,
    0.7886738181114197,
    0.7964415550231934,
    0.8029375672340393,
    0.8096898198127747,
    0.817853569984436,
    0.8204957842826843,
    0.8236315846443176,
    0.8251043558120728,
    0.8285200595855713,
    0.8331934213638306,
    0.8339117765426636,
    0.8349641561508179,
    0.8387019038200378,
    0.8380861282348633
  ],
  "val_loss": [
    5.360011577606201,
    4.416171073913574,
    3.8510491847991943,
    3.5262725353240967,
    3.2723569869995117,
    3.147158622741699,
    3.070005416870117,
    2.9767205715179443,
    2.923967123031616,
    2.852670907974243,
    2.8226985931396484,
    2.793536424636841,
    2.7870290279388428,
    2.750511407852173,
    2.727487325668335,
    2.714756488800049,
    2.7059311866760254,
    2.6895949840545654,
    2.6927592754364014,
    2.6707568168640137,
    2.6613197326660156,
    2.667222499847412,
    2.650700807571411,
    2.654193639755249,
    2.6424484252929688
  ],
  "val_acc": [
    0.23077534139156342,
    0.32930001616477966,
    0.38834047317504883,
    0.4250914752483368,
    0.4503529369831085,
    0.468635618686676,
    0.47715333104133606,
    0.48797959089279175,
    0.4942153990268707,
    0.5006897449493408,
    0.5045640468597412,
    0.5081196427345276,
    0.5105344653129578,
    0.5120469331741333,
    0.5154964923858643,
    0.5160006880760193,
    0.5175662636756897,
    0.5187867879867554,
    0.5199544429779053,
    0.5213077068328857,
    0.5214404463768005,
    0.5220240354537964,
    0.5235365033149719,
    0.5236160755157471,
    0.5242795348167419
  ],
  "val_size": 3768,
  "train_size": 21460
}