{
  "train_loss": [
    6.775925159454346,
    5.702448844909668,
    5.03233528137207,
    4.4943952560424805,
    4.043975830078125,
    3.6780145168304443,
    3.500049114227295,
    3.3411128520965576,
    3.1936445236206055,
    3.0514919757843018,
    2.9218101501464844,
    2.8485324382781982,
    2.7936313152313232,
    2.747859001159668,
    2.6801273822784424,
    2.6291470527648926,
    2.5993950366973877,
    2.572960615158081,
    2.5369999408721924,
    2.5195651054382324,
    2.491093397140503,
    2.470052480697632,
    2.4654688835144043,
    2.4546432495117188,
    2.4376943111419678
  ],
  "train_acc": [
    0.028742879629135132,
    0.1226545050740242,
    0.20418916642665863,
    0.2879857122898102,
    0.3634515106678009,
    0.44723644852638245,
    0.4814802408218384,
    0.5096321702003479,
    0.5355678796768188,
    0.5611170530319214,
    0.5880525708198547,
    0.5992703437805176,
    0.6080668568611145,
    0.6154544353485107,
    0.6245806813240051,
    0.6362416744232178,
    0.64015132188797,
    0.6448225378990173,
    0.6530739068984985,
    0.6525396108627319,
    0.6601771116256714,
    0.6625865697860718,
    0.6624844074249268,
    0.6651208400726318,
    0.6667805910110474
  ],
  "val_loss": [
    6.284900188446045,
    5.8294997215271,
    5.511837482452393,
    5.283480644226074,
    5.088812351226807,
    5.009581089019775,
    4.9512763023376465,
    4.88368558883667,
    4.824265956878662,
    4.77643346786499,
    4.785641193389893,
    4.7343549728393555,
    4.718478679656982,
    4.699638843536377,
    4.6832780838012695,
    4.666394233703613,
    4.664570331573486,
    4.652339935302734,
    4.6490478515625,
    4.641528606414795,
    4.644296169281006,
    4.630683422088623,
    4.633159160614014,
    4.635484218597412,
    4.633916854858398
  ],
  "val_acc": [
    0.058894623070955276,
    0.09412961453199387,
    0.12122368067502975,
    0.13591554760932922,
    0.1506074070930481,
    0.164854034781456,
    0.16695290803909302,
    0.1735038012266159,
    0.18113592267036438,
    0.1844431757926941,
    0.18482477962970734,
    0.19054889678955078,
    0.19124850630760193,
    0.19398336112499237,
    0.1979265958070755,
    0.19786305725574493,
    0.19811739027500153,
    0.19964385032653809,
    0.20034344494342804,
    0.20136107504367828,
    0.19983462989330292,
    0.20409591495990753,
    0.20002542436122894,
    0.19881702959537506,
    0.2015518844127655
  ],
  "val_size": 1572,
  "train_size": 8798
}