{
  "train_loss": [
    Infinity,
    4.792789936065674,
    4.071115016937256,
    3.32296085357666,
    2.8081016540527344,
    2.42832612991333,
    2.1244301795959473,
    1.8834999799728394,
    1.686692714691162,
    1.5149797201156616,
    1.3729884624481201,
    1.2461293935775757,
    1.1420567035675049,
    1.047863245010376,
    0.9668921828269958,
    0.8928302526473999,
    0.8300926089286804,
    0.7729223966598511,
    0.7242932915687561,
    0.674541711807251,
    0.6357662081718445,
    0.6085418462753296,
    0.566426694393158,
    0.537732720375061,
    0.5140494704246521,
    0.487815260887146,
    0.4630505442619324,
    0.4451505243778229,
    0.4300491213798523,
    0.4076598882675171
  ],
  "train_acc": [
    0.11965346336364746,
    0.32446539402008057,
    0.3904608488082886,
    0.48566100001335144,
    0.5584166646003723,
    0.6158762574195862,
    0.662397563457489,
    0.7005265355110168,
    0.7324962019920349,
    0.7612883448600769,
    0.7839301824569702,
    0.8050729036331177,
    0.8217409253120422,
    0.8368092775344849,
    0.8494839072227478,
    0.861539900302887,
    0.8712431192398071,
    0.88023841381073,
    0.8877126574516296,
    0.8965712189674377,
    0.9009193181991577,
    0.9042762517929077,
    0.9110875725746155,
    0.9154673218727112,
    0.9185810685157776,
    0.9228790998458862,
    0.9261660575866699,
    0.9289559125900269,
    0.9307186603546143,
    0.933994472026825
  ],
  "val_loss": [
    5.541996002197266,
    4.984335899353027,
    4.37005090713501,
    4.000641822814941,
    3.7339704036712646,
    3.5575315952301025,
    3.4198038578033447,
    3.3158485889434814,
    3.22908878326416,
    3.155137300491333,
    3.114064931869507,
    3.065676212310791,
    3.0342442989349365,
    3.006965398788452,
    2.99011492729187,
    2.9642412662506104,
    2.9650893211364746,
    2.9423060417175293,
    2.931586265563965,
    2.933682918548584,
    2.9354939460754395,
    2.9115498065948486,
    2.9286038875579834,
    2.9219071865081787,
    2.9238638877868652,
    2.916963577270508,
    2.925554037094116,
    2.9168014526367188,
    2.9390738010406494,
    2.9332973957061768
  ],
  "val_acc": [
    0.2087084800004959,
    0.2640615999698639,
    0.312938392162323,
    0.34526702761650085,
    0.3731047511100769,
    0.3893020451068878,
    0.40531083941459656,
    0.4150846004486084,
    0.4246593415737152,
    0.4320099353790283,
    0.4370647966861725,
    0.4408934414386749,
    0.4437636733055115,
    0.44925788044929504,
    0.4518835246562958,
    0.45410534739494324,
    0.456175297498703,
    0.45730772614479065,
    0.4601082503795624,
    0.4594034254550934,
    0.4603700339794159,
    0.4652632772922516,
    0.46383318305015564,
    0.4664960503578186,
    0.46604275703430176,
    0.46824803948402405,
    0.46635502576828003,
    0.4697379171848297,
    0.46999990940093994,
    0.46956953406333923
  ]
}