cell_id_token,center_latitude,center_longitude,count,config_name
86d84,32.648380018365515,-109.18800474020169,6,config_1
86d89,32.91132957030165,-108.61756263435514,13,config_1
86d8b,32.9690804797489,-108.23775189843867,15,config_1
86d8c74,32.76225982460789,-108.30893397532368,2,config_1
86d8c79,32.77851861368784,-108.27334099912287,27,config_1
86d8c7b,32.75670826040579,-108.27334099912287,3,config_1
86d8c7d,32.76027082871721,-108.24961449884272,15,config_1
86d8c7f,32.78208241608464,-108.24961449884272,11,config_1
86d8cc,32.72167749361906,-108.14286689033348,8,config_1
86d904,32.2860257997459,-108.71257908243416,47,config_1
86d914,32.139738165920875,-108.52257090915697,1,config_1
86d91c,32.31493717153665,-108.52257090915697,11,config_1
86d93,32.27008090197644,-108.23775189843867,3,config_1
86d95,31.918875059367316,-108.23775189843867,4,config_1
86d97,31.86211014931311,-108.61756263435514,7,config_1
86d99,31.80408405118572,-108.99776892942042,37,config_1
86d9a4,32.08176750861138,-108.90268301372318,3,config_1
86d9ac,32.25679646125588,-108.90268301372318,14,config_1
86d9b1,32.19095091626431,-109.04532003175699,14,config_1
86d9b3,32.27836360178427,-109.04532003175699,19,config_1
86d9b5,32.26349991909374,-109.1404380352064,32,config_1
86d9d,32.09496324337445,-109.37832062678952,46,config_1
86db,30.951860899740495,-108.80761947009503,9,config_1
86dc4,31.47203951020871,-107.66888695938226,2,config_1
86ddc,31.57701587153334,-106.91225102614887,50,config_1
86de01,32.019847820666364,-106.58197892714489,3,config_1
86de03,32.10820732637211,-106.58197892714489,1,config_1
86de044,32.07662456539748,-106.6527099211625,6,config_1
86de04c,32.12077960928105,-106.6527099211625,9,config_1
86de054,32.11441721983145,-106.69987670323877,12,config_1
86de05c,32.07026691639953,-106.69987670323877,33,config_1
86de06c,32.032451909080045,-106.6527099211625,19,config_1
86de071,31.997725415175303,-106.66450066298461,20,config_1
86de073,32.000895147477095,-106.64091981764263,4,config_1
86de075,31.978795071882057,-106.64091981764263,28,config_1
86de0c,32.03221071194093,-106.81783770824106,8,config_1
86de11,32.171018276513166,-106.77064581500318,21,config_1
86de15,32.24632188966349,-106.86503947741906,22,config_1
86de164,32.27801942286534,-106.79424052110762,27,config_1
86de174,32.240365624161775,-106.74705360196708,17,config_1
86de179,32.27502506317503,-106.73525843411095,8,config_1
86de17b,32.271820200860596,-106.75884939609927,18,config_1
86de17d,32.29385244746557,-106.75884939609927,14,config_1
86de17f,32.29705848202316,-106.73525843411095,17,config_1
86de19,32.27199570591609,-106.67629204160652,16,config_1
86de1a4,32.20266478784681,-106.69987670323877,36,config_1
86de1ac,32.15854986464909,-106.69987670323877,16,config_1
86de1b4,32.16491697754965,-106.6527099211625,5,config_1
86de1d,32.19649615442953,-106.58197892714489,3,config_1
86de1f,32.28471380079902,-106.58197892714489,15,config_1
86de21,32.37285976426224,-106.58197892714489,36,config_1
86de23,32.3601231140798,-106.67629204160652,4,config_1
86de25,32.44817847653731,-106.67629204160652,1,config_1
86de27,32.460933546430866,-106.58197892714489,10,config_1
86de2c,32.586526531080814,-106.62913035392717,3,config_1
86de34,32.56080230374652,-106.81783770824106,1,config_1
86de3b,32.43534393731275,-106.77064581500318,6,config_1
86de3cc,32.37253569173957,-106.74705360196708,7,config_1
86de3d4,32.328496936614734,-106.74705360196708,35,config_1
86de3dc,32.32207144404853,-106.79424052110762,14,config_1
86de3f,32.33441178750569,-106.86503947741906,22,config_1
86de5,32.433755500824994,-107.10119308682007,21,config_1
86de7,32.081587719312495,-107.10119308682007,11,config_1
86de9,32.02861473061519,-107.47951725467925,2,config_1
86ded,32.32591223282607,-107.8583867896444,18,config_1
86dee4,32.454717104565546,-107.57418545238139,44,config_1
86deec,32.27911220470865,-107.57418545238139,2,config_1
86def4,32.30603393314744,-107.38488314332629,4,config_1
86defc,32.48171675547284,-107.38488314332629,6,config_1
86df1,32.73118085490142,-107.47951725467925,45,config_1
86df3,32.67631109360882,-107.8583867896444,12,config_1
86df5,33.02554237343072,-107.8583867896444,13,config_1
86df7,33.08071431432207,-107.47951725467925,5,config_1
86dfc,32.9862181299786,-106.91225102614887,15,config_1
86e01,33.23849020435528,-106.34637906744265,3,config_1
86e03,33.28850514479508,-105.96998775016152,20,config_1
86e05,32.93784515433881,-105.96998775016152,45,config_1
86e0604,32.756291471979765,-106.18161964417423,10,config_1
86e060c,32.800237526518195,-106.18161964417423,16,config_1
86e0614,32.79401015489362,-106.22867998043256,50,config_1
86e061c,32.75006844197795,-106.22867998043256,7,config_1
86e0624,32.74382548223935,-106.27575139222925,2,config_1
86e062c,32.73756258924124,-106.32283378397709,6,config_1
86e0634,32.78149557091914,-106.32283378397709,16,config_1
86e063c,32.78776283754226,-106.27575139222925,31,config_1
86e0641,32.82226811632505,-106.26398250617459,47,config_1
86e0645,32.84109195657591,-106.28752096453121,5,config_1
86e0647,32.81913783893238,-106.28752096453121,7,config_1
86e064c,32.825409893509764,-106.32283378397709,7,config_1
86e0654,32.86930549651262,-106.32283378397709,6,config_1
86e065c,32.87558146061963,-106.27575139222925,1,config_1
86e067,32.86300707999088,-106.20514842188963,3,config_1
86e074,32.963157740474074,-106.44058717271729,1,config_1
86e07c,32.787694115309435,-106.44058717271729,1,config_1
86e0c,32.385088575201415,-106.15809365922375,40,config_1
86e19,33.033505874972214,-105.21948079223417,3,config_1
86e1b,32.98631302019384,-105.59433880659961,8,config_1
86e1d,33.33723454875973,-105.59433880659961,42,config_1
86e1f,33.38468108855428,-105.21948079223417,1,config_1
86e23,33.079426879719094,-104.84546192392926,1,config_1
86e264,33.398952082914576,-104.37919124556632,42,config_1
86e269,33.33848366927301,-104.5189214015318,10,config_1
86e26e4,33.44548006881769,-104.54222252351536,28,config_1
86e26ec,33.40158719735313,-104.54222252351536,37,config_1
86e26f4,33.407133457812314,-104.49562390679083,12,config_1
86e27c,33.574494440568245,-104.37919124556632,1,config_1
86e34,32.65834488440744,-103.91439904540992,20,config_1
86e3c,32.5722853627744,-104.65878213755632,9,config_1
86e404,32.0955571210758,-104.93888534775776,1,config_1
86e414,31.94000941022375,-104.75209393923649,27,config_1
86e419,31.878879864043107,-104.89216675250465,47,config_1
86e41b,31.96784476227475,-104.89216675250465,2,config_1
86e41d,31.95664702542451,-104.98561761646233,3,config_1
86e43,31.661700424984133,-104.84546192392926,10,config_1
86e46c,31.96192235045522,-104.56552726119028,1,config_1
86e474,32.139826715218454,-104.56552726119028,5,config_1
86e4794,32.1810284672845,-104.40247043105178,9,config_1
86e4799,32.16586936544968,-104.43739611487153,13,config_1
86e479a4,32.18321113419947,-104.4315745934521,7,config_1
86e479b4,32.19296918693488,-104.44321786551733,1,config_1
86e479bc4,32.18064009521229,-104.44176240637576,2,config_1
86e479bcc,32.18097797946935,-104.43885153105005,1,config_1
86e479bd4,32.1782004141226,-104.43885153105005,3,config_1
86e479bdc,32.177862545589875,-104.44176240637576,46,config_1
86e479bf,32.17874437248939,-104.44612882674382,4,config_1
86e479f,32.163165164349856,-104.46068449101169,1,config_1
86e47b,32.111645740005606,-104.42575330143909,11,config_1
86e47f,32.21131504337181,-104.33264397534353,4,config_1
86e4c,31.947010046504747,-103.91439904540992,12,config_1
86e54,31.231107306566113,-103.91439904540992,10,config_1
86e5c,31.14713046514542,-104.65878213755632,12,config_1
86e64,31.058272187934506,-105.4068079114331,4,config_1
86e6c,31.771963856377475,-105.4068079114331,10,config_1
86e71,31.52340376801829,-105.96998775016152,6,config_1
86e73,31.878720555726105,-105.96998775016152,41,config_1
86e741,31.715268673408286,-106.20514842188963,3,config_1
86e743,31.70299709174967,-106.29929122158622,34,config_1
86e745,31.791691897047233,-106.29929122158622,16,config_1
86e74c,31.930773674215153,-106.25221430786118,2,config_1
86e751,31.867929859803635,-106.39347774973939,11,config_1
86e755,31.943982014063018,-106.48770724055002,18,config_1
86e757,31.85546357975272,-106.48770724055002,30,config_1
86e7584,31.785904017848924,-106.51127123632314,15,config_1
86e758c,31.741595332418868,-106.51127123632314,22,config_1
86e7594,31.74783610696112,-106.46414588201854,19,config_1
86e759c,31.79214959991099,-106.46414588201854,8,config_1
86e75b,31.779323047619698,-106.39347774973939,9,config_1
86e75d,31.690647333150356,-106.39347774973939,13,config_1
86e77,31.474820460529326,-106.34637906744265,31,config_1
86e7c,30.964506716398027,-106.15809365922375,2,config_1
86edd,29.221343680451017,-104.10013262592865,11,config_1
86ede4,29.34194631867652,-103.82162609645312,7,config_1
86edec,29.15970368637216,-103.82162609645312,2,config_1
86edf4,29.178975713035452,-103.63627151570851,42,config_1
86edfc,29.361293574340657,-103.63627151570851,27,config_1
86ee4,29.786700406602325,-103.91439904540992,36,config_1
86eec,29.705042955179085,-104.65878213755632,4,config_1
86ef4,30.428062733481102,-104.65878213755632,16,config_1
86ef84,30.75080496523102,-104.19309179823777,10,config_1
86ef8c,30.77132290285692,-104.00723479814583,5,config_1
86ef91,30.631052356834275,-104.05367599827231,22,config_1
86ef93,30.641209992488715,-103.96080911680903,8,config_1
86ef95,30.551000252893775,-103.96080911680903,23,config_1
86ef9c,30.57060044191151,-104.19309179823777,3,config_1
86efa4,30.39014427705674,-104.19309179823777,3,config_1
86efac,30.209440997742984,-104.19309179823777,2,config_1
86efb09,30.305074189741234,-104.04206424834302,1,config_1
86efb0a4,30.31262001111833,-104.02464843448432,47,config_1
86efb0ac,30.313882984893397,-104.0130391013483,1,config_1
86efb0bc,30.3013209899675,-104.02464843448432,7,config_1
86efb0d,30.285001943803582,-104.01884364685384,1,config_1
86efb0f,30.28247507499074,-104.04206424834302,2,config_1
86efb1c,30.24477275448007,-104.07690238936732,1,config_1
86efb7,30.279995824362903,-103.96080911680903,2,config_1
86efbc,30.410520442928796,-104.00723479814583,3,config_1
86efd,30.350115640511518,-103.72891667819331,8,config_1
86eff,30.711379292007017,-103.72891667819331,37,config_1
86f04,30.588979997473768,-103.17403478565704,9,config_1
86f0c,30.66231639551275,-102.43805808577758,4,config_1
86f14,29.93594947703635,-102.43805808577758,7,config_1
86f1c,29.86365584721167,-103.17403478565704,34,config_1
86f204,29.380350761792247,-103.451176849024,22,config_1
86f20c,29.197958880194463,-103.451176849024,37,config_1
86f2104,29.278116857456865,-103.33562723188659,20,config_1
86f210c,29.28277941214237,-103.28943675756224,47,config_1
86f2114,29.237151679564768,-103.28943675756224,41,config_1
86f211c,29.232493670428422,-103.33562723188659,4,config_1
86f213,29.166361090652924,-103.31252988549524,8,config_1
86f215,29.175627501036313,-103.22018279623359,2,config_1
86f217,29.266923941289853,-103.22018279623359,6,config_1
86f219,29.358165374941574,-103.22018279623359,49,config_1
86f21b,29.348862750239654,-103.31252988549524,4,config_1
86f21f,29.449351198294416,-103.22018279623359,3,config_1
86f224,29.417597418915708,-103.08179027824441,2,config_1
86f22c,29.435788213062853,-102.89750980595143,4,config_1
86f234,29.253181462425587,-102.89750980595143,22,config_1
86f23c,29.235061098755644,-103.08179027824441,32,config_1
86f25,28.96988888169498,-102.9896150485228,5,config_1
86f27,28.933292099473064,-103.35872878555274,5,config_1
86f5,28.936850205971126,-101.34310583455695,13,config_1
86f7,30.400162337945318,-101.34310583455695,45,config_1
86f9,31.84730436225948,-101.34310583455695,31,config_1
86fa4,31.384563986472003,-102.43805808577758,4,config_1
86fac,31.310237377742293,-103.17403478565704,22,config_1
86fbc,32.102407634503095,-102.43805808577758,40,config_1
86fd,33.13265357551238,-102.80547525792774,48,config_1
86fe0c,33.65763478777534,-101.98046125028425,9,config_1
86fe12b,33.59043775606384,-101.87776643245115,48,config_1
86fe12d,33.59264642171992,-101.85495880581804,8,config_1
86fe12f,33.614712514492396,-101.85495880581804,1,config_1
86fe134,33.60698469458877,-101.82075657884367,3,config_1
86fe13c,33.65110878284058,-101.82075657884367,2,config_1
86fe3,33.78958345620406,-101.52480554998527,1,config_1
86fe5,33.436282275214694,-101.52480554998527,19,config_1
86fe7,33.40157358444473,-101.8891720843707,30,config_1
86fec,32.88684586721839,-101.70682943311247,20,config_1
86ff1,33.115003595512285,-101.16173564777472,44,config_1
86ff3,32.75895479983308,-101.16173564777472,10,config_1
86ff5,32.79090172475137,-100.80000510701574,27,config_1
86ffc,33.66302387809893,-100.98070031132626,7,config_1
87201,33.53607556284961,-106.72346389403498,1,config_1
87203,33.88370872562598,-106.72346389403498,44,config_1
87205,33.830572146608404,-107.10119308682007,27,config_1
87207,33.4832070469496,-107.10119308682007,30,config_1
8720c,33.575100397447606,-107.66888695938226,1,config_1
87214,34.266467139229505,-107.66888695938226,47,config_1
8721b,34.176662310805234,-107.10119308682007,10,config_1
8721d,34.23005819096867,-106.72346389403498,38,config_1
8721f,34.57509577154979,-106.72346389403498,30,config_1
872204,34.846246578644894,-106.62913035392717,10,config_1
872209,34.981537677748776,-106.58197892714489,14,config_1
87220a4,35.04911129240711,-106.55840709161933,9,config_1
87220ac,35.09193702297951,-106.55840709161933,23,config_1
87220b1,35.07628263112154,-106.59376581662562,24,config_1
87220b3,35.0976887717331,-106.59376581662562,23,config_1
87220b5,35.09438140462687,-106.6173415315181,34,config_1
87220b7,35.072976155034574,-106.6173415315181,34,config_1
87220bc,35.042511398618444,-106.60555335191708,18,config_1
87220c4,35.03589074856492,-106.6527099211625,39,config_1
87220c84,35.06514090408927,-106.63502500571548,19,config_1
87220c8c,35.0634838839516,-106.64681478952089,13,config_1
87220c94,35.07418729725355,-106.64681478952089,19,config_1
87220c9c,35.07584454103747,-106.63502500571548,4,config_1
87220ca4,35.08654683124749,-106.63502500571548,14,config_1
87220cac,35.09724777392775,-106.63502500571548,4,config_1
87220cb4,35.09559008362959,-106.64681478952089,15,config_1
87220cb9,35.08715008667497,-106.64976233538302,21,config_1
87220cbb,35.08797917277579,-106.6438672835996,4,config_1
87220cbd,35.08262844820295,-106.6438672835996,4,config_1
87220cbf,35.08179941794274,-106.64976233538302,24,config_1
87220cc4,35.08323059849185,-106.65860521237967,26,config_1
87220ccc,35.09393109470661,-106.65860521237967,6,config_1
87220cd4,35.092270807103425,-106.67039627278949,35,config_1
87220cdc,35.0815705344375,-106.67039627278949,6,config_1
87220cf,35.066347626922415,-106.66450066298461,8,config_1
87220d3,35.08442814042452,-106.68808405552554,30,config_1
87220d5,35.08109999658747,-106.71166998324304,15,config_1
87220d7,35.05969832793688,-106.71166998324304,13,config_1
87220d9,35.03829128067818,-106.71166998324304,25,config_1
87220db,35.04161762689579,-106.68808405552554,19,config_1
87220dd,35.02020430543997,-106.68808405552554,20,config_1
87220df,35.016878861157764,-106.71166998324304,6,config_1
87220e4,34.98641286496126,-106.69987670323877,17,config_1
87220ec,34.993050665577734,-106.6527099211625,13,config_1
87220f4,34.95018913639156,-106.6527099211625,7,config_1
87220fc,34.94355496172136,-106.69987670323877,24,config_1
872214,34.99114394854021,-106.81783770824106,17,config_1
872219,34.85586441751687,-106.86503947741906,2,config_1
87221b,34.86924613911467,-106.77064581500318,11,config_1
87221d,34.78341346322902,-106.77064581500318,45,config_1
87223,34.86490572500623,-107.10119308682007,33,config_1
87225,35.207004810685156,-107.10119308682007,2,config_1
872264,35.33307355223786,-106.81783770824106,7,config_1
87226c,35.162281673434464,-106.81783770824106,40,config_1
872271,35.22507824357043,-106.67629204160652,26,config_1
8722724,35.15762967390655,-106.69987670323877,28,config_1
872272c,35.11485779380944,-106.69987670323877,41,config_1
8722734,35.12150637234639,-106.6527099211625,45,config_1
872273c,35.16428181181114,-106.6527099211625,31,config_1
8722744,35.17091314944776,-106.60555335191708,44,config_1
8722749,35.13717571772549,-106.6173415315181,8,config_1
872274b,35.115781260963985,-106.6173415315181,14,config_1
872274d,35.119089517019106,-106.59376581662562,14,config_1
872274f,35.14048486065977,-106.59376581662562,20,config_1
8722754,35.134741172517664,-106.55840709161933,4,config_1
872275c,35.177523690470935,-106.55840709161933,6,config_1
8722764,35.22028452647641,-106.55840709161933,11,config_1
87227684,35.2001212321006,-106.5878722910651,2,config_1
8722769c,35.19846674679693,-106.59965950363882,50,config_1
872276b,35.20132662752792,-106.6173415315181,4,config_1
872276d,35.22269942301718,-106.6173415315181,1,config_1
872276f,35.22601209278371,-106.59376581662562,2,config_1
8722774,35.256406073797436,-106.60555335191708,5,config_1
872277c,35.263023630358965,-106.55840709161933,1,config_1
87227c,35.359828813793214,-106.62913035392717,17,config_1
872284,35.53032695766572,-106.62913035392717,1,config_1
87228c,35.503516394016714,-106.81783770824106,11,config_1
872294,35.673607055789255,-106.81783770824106,27,config_1
87229c,35.70047186072383,-106.62913035392717,18,config_1
8722b,35.94159013703785,-106.72346389403498,20,config_1
8722d,35.88702803201453,-107.10119308682007,8,config_1
8722f,35.547720639162925,-107.10119308682007,4,config_1
87234,35.63334655030604,-107.66888695938226,36,config_1
872384,35.16552393244321,-107.95318355546407,14,config_1
87238c,34.99508840818153,-107.95318355546407,32,config_1
872394,35.02378778071477,-107.7636209979384,27,config_1
87239a4,35.12681458451914,-107.78730949942766,22,config_1
87239ac,35.11965097044764,-107.83469240745315,40,config_1
87239b4,35.162248161892485,-107.83469240745315,23,config_1
8723a4,35.22271135798336,-107.57418545238139,2,config_1
8723b4,35.080185741705215,-107.38488314332629,29,config_1
8723bc,35.05215355022594,-107.57418545238139,35,config_1
8723d,34.809689335356424,-107.47951725467925,16,config_1
8723f,34.7531441277272,-107.8583867896444,43,config_1
87241,34.69526997304475,-108.23775189843867,8,config_1
87245,34.977162577931615,-108.61756263435514,26,config_1
87247,35.03662700496657,-108.23775189843867,30,config_1
87249,35.37662785120905,-108.23775189843867,24,config_1
8724c4,35.58592460799821,-108.52257090915697,4,config_1
8724d4,35.7244482866715,-108.71257908243416,6,config_1
8724dc,35.555637743702896,-108.71257908243416,48,config_1
8724f,35.31691103423013,-108.61756263435514,32,config_1
87254,35.39399076379331,-109.18800474020169,41,config_1
8725c,34.715284394145534,-109.18800474020169,49,config_1
87264,34.03130170764772,-109.18800474020169,13,config_1
87269,34.29365148753528,-108.61756263435514,38,config_1
8726b,34.352582823384836,-108.23775189843867,20,config_1
8726d,34.00859237111205,-108.23775189843867,1,config_1
87274,33.46128033393836,-108.42760468979141,9,config_1
8727c,33.34225794931658,-109.18800474020169,18,config_1
873a23,36.95013279544794,-109.1404380352064,28,config_1
873a25,36.96595058184591,-109.04532003175699,35,config_1
873a3c,36.833649769410606,-109.09287643303662,28,config_1
873a5,36.59993930494439,-108.99776892942042,9,config_1
873ac,36.06721734694656,-109.18800474020169,14,config_1
873b1,36.3278259174739,-108.61756263435514,31,config_1
873b3,35.99226694738375,-108.61756263435514,5,config_1
873b5,36.05246046604792,-108.23775189843867,1,config_1
873b7,36.3882438548811,-108.23775189843867,15,config_1
873b85,36.68834284995405,-108.1903058640108,48,config_1
873b87,36.703237955585884,-108.0954350750474,34,config_1
873b89,36.7866564052658,-108.0954350750474,3,config_1
873b8e4,36.78884421235766,-108.21402800473467,4,config_1
873b8ec,36.796321213268676,-108.16658548847504,3,config_1
873b8f4,36.75463990538309,-108.16658548847504,44,config_1
873b8fc,36.7471661170908,-108.21402800473467,35,config_1
873b94,36.79088438031434,-108.33266475883127,13,config_1
873bb,36.661941153360814,-108.61756263435514,21,config_1
873bd,36.99459028375367,-108.61756263435514,1,config_1
873bf,37.055429494622416,-108.23775189843867,11,config_1
873c5,36.8397329718566,-107.47951725467925,34,config_1
873c7,36.78183821042529,-107.8583867896444,31,config_1
873cc,36.308443175380226,-107.66888695938226,40,config_1
873d1,36.561320622661704,-107.10119308682007,1,config_1
873d3,36.224902575772305,-107.10119308682007,7,config_1
873d5,36.27967216230119,-106.72346389403498,44,config_1
873d64,36.54579123044333,-106.62913035392717,2,config_1
873d6c,36.51867102130492,-106.81783770824106,1,config_1
873d7d,36.67853378056565,-106.58197892714489,25,config_1
873d7f,36.762427505702725,-106.58197892714489,27,config_1
873d81,36.84622752421833,-106.58197892714489,20,config_1
873d83,36.83271098618682,-106.67629204160652,2,config_1
873d85,36.916405447773094,-106.67629204160652,2,config_1
873d87,36.929933491868105,-106.58197892714489,29,config_1
873d91,36.98638086875918,-106.77064581500318,22,config_1
873d95,37.05615352814808,-106.86503947741906,37,config_1
873d9c,36.85412672205451,-106.81783770824106,4,config_1
873db,36.896259290597975,-107.10119308682007,19,config_1
873dd,37.229696462462684,-107.10119308682007,3,config_1
873df,37.28503790867621,-106.72346389403498,3,config_1
87004,34.36746385834631,-100.98070031132626,7,config_1
8700c,35.06638763194719,-100.98070031132626,40,config_1
87011,34.84140855274732,-101.52480554998527,48,config_1
87013,35.189228744240104,-101.52480554998527,14,config_1
870144,35.0758897207298,-101.79796125168906,2,config_1
87014c,35.24938454831366,-101.79796125168906,27,config_1
870154,35.2312771918383,-101.98046125028425,38,config_1
87015c,35.05782156597151,-101.98046125028425,25,config_1
87017,34.806013735039926,-101.8891720843707,6,config_1
8701c,34.299617578644025,-101.70682943311247,14,config_1
87024,34.22684746365561,-102.43805808577758,8,config_1
8702c4,34.226411649394365,-103.26634785926352,6,config_1
8702dc4,34.381689370828894,-103.24326320176718,37,config_1
8702dd9,34.3771002599812,-103.18557018475742,21,config_1
8702ddb,34.37457880958151,-103.20864419143828,18,config_1
8702ddc4,34.39156314699121,-103.20287528914318,9,config_1
8702ddcc,34.39030090446864,-103.21441336052646,13,config_1
8702ddd4,34.4012013961555,-103.21441336052646,27,config_1
8702dddc,34.402463825052294,-103.20287528914318,24,config_1
8702dde4,34.403725016037185,-103.19133828562867,27,config_1
8702ddec,34.39282415180576,-103.19133828562867,11,config_1
8702ddf4,34.39408391911876,-103.17980235137554,4,config_1
8702ddfc,34.40498496931672,-103.17980235137554,34,config_1
8702de04,34.41588468811903,-103.17980235137554,24,config_1
8702de0c,34.414624549078056,-103.19133828562867,23,config_1
8702de14,34.42552275007026,-103.19133828562867,32,config_1
8702de1c,34.42678307466757,-103.17980235137554,32,config_1
8702de24,34.437680128105015,-103.17980235137554,29,config_1
8702de2c,34.44857584757475,-103.17980235137554,16,config_1
8702de34,34.4473151524799,-103.19133828562867,14,config_1
8702de3c,34.436419618156414,-103.19133828562867,30,config_1
8702de44,34.435157869892244,-103.20287528914318,14,config_1
8702de4c,34.44605321886646,-103.20287528914318,12,config_1
8702de54,34.44479004652751,-103.21441336052646,14,config_1
8702de5c,34.43389488310568,-103.21441336052646,25,config_1
8702de64,34.42299838633183,-103.21441336052646,34,config_1
8702de6c,34.42426118736059,-103.20287528914318,33,config_1
8702de74,34.413363172128136,-103.20287528914318,36,config_1
8702de7c,34.41210055706262,-103.21441336052646,37,config_1
8702de84,34.41083670367538,-103.22595249838542,23,config_1
8702de8c,34.42173434677773,-103.22595249838542,37,config_1
8702de94,34.42046906849258,-103.23749270132649,7,config_1
8702de9c,34.40957161176074,-103.23749270132649,33,config_1
8702deb,34.413120406016596,-103.25480499971735,22,config_1
8702ded,34.43491209584081,-103.25480499971735,7,config_1
8702def,34.437445689285205,-103.23172246680781,30,config_1
8702df4,34.46885760475188,-103.24326320176718,6,config_1
8702dfc,34.47391710430892,-103.1971066538153,14,config_1
8702e09,34.44501673688212,-103.16250045790603,13,config_1
8702e0a4,34.42804216135978,-103.16826748777589,21,config_1
8702e0ac,34.41714358945819,-103.16826748777589,12,config_1
8702e0b4,34.41840125330322,-103.15673369622137,16,config_1
8702e0bc,34.429300010354616,-103.15673369622137,9,config_1
8702e0d,34.4257351130972,-103.1394350220171,3,config_1
8702e14,34.440394313417315,-103.10484493807226,9,config_1
8702e64,34.353165644388,-103.10484493807226,9,config_1
8702e6c,34.39679063038127,-103.10484493807226,12,config_1
8702e74,34.39177666838277,-103.15096720289576,34,config_1
8702ec,34.24650469907109,-103.08179027824441,4,config_1
87031,34.69232684742279,-102.9896150485228,4,config_1
870324,34.5751567386686,-103.26634785926352,32,config_1
87032c,34.55465063489172,-103.451176849024,34,config_1
87033c,34.7490149705364,-103.26634785926352,1,config_1
87035,34.99887870766184,-103.35872878555274,14,config_1
87037,35.03948313638858,-102.9896150485228,10,config_1
8703c,34.92446954871148,-102.43805808577758,5,config_1
8705,35.921155923343846,-102.80547525792774,43,config_1
87064,36.377222783849675,-101.70682943311247,36,config_1
8706c,35.690520327160954,-101.70682943311247,5,config_1
87074,35.75957311703094,-100.98070031132626,8,config_1
8707c,36.4468113190012,-100.98070031132626,3,config_1
87084,37.1279063705676,-100.98070031132626,44,config_1
8708c,37.05782634326976,-101.70682943311247,25,config_1
87091,37.582248898731216,-101.52480554998527,30,config_1
87093,37.54576186918883,-101.8891720843707,8,config_1
87095,37.88126605876298,-101.8891720843707,9,config_1
87097,37.91786407644686,-101.52480554998527,15,config_1
87099,37.95317939829766,-101.16173564777472,21,config_1
8709b,37.617457639305286,-101.16173564777472,21,config_1
8709d,37.65139818663326,-100.80000510701574,29,config_1
8709e4,37.91172586532694,-100.70978669392025,13,config_1
8709ee4,37.95999551893509,-100.86772561580639,32,config_1
8709efc,37.964190737359516,-100.82257322703929,34,config_1
8709f4,38.06252517642836,-100.89030986411571,35,config_1
8709fc,38.079242383173195,-100.70978669392025,2,config_1
870a4,38.470949065435285,-100.98070031132626,35,config_1
870a9,38.984796304981984,-100.80000510701574,19,config_1
870aa4,39.24022350178717,-100.70978669392025,1,config_1
870aac,39.40438834418337,-100.70978669392025,25,config_1
870ab4,39.387498328364224,-100.89030986411571,33,config_1
870abc,39.22335294061905,-100.89030986411571,19,config_1
870acc,39.37028815996284,-101.07117579220403,38,config_1
870ad4,39.35275646630586,-101.25237921655207,22,config_1
870af,38.950477358043486,-101.16173564777472,20,config_1
870b1,38.9148740680343,-101.52480554998527,33,config_1
870b3,39.243869314979136,-101.52480554998527,19,config_1
870b5,39.20688202679373,-101.8891720843707,28,config_1
870b7,38.87797600437521,-101.8891720843707,36,config_1
870bc,38.40001605776872,-101.70682943311247,11,config_1
870d,38.61504389066563,-102.80547525792774,10,config_1
870f,37.280690496116634,-102.80547525792774,23,config_1
87101,36.669385699540534,-103.72891667819331,36,config_1
87103,37.00738306578728,-103.72891667819331,2,config_1
87105,36.963187469945574,-104.10013262592865,6,config_1
87107,36.62534294978586,-104.10013262592865,9,config_1
87109,36.57997572938494,-104.47233005083724,14,config_1
8710b,36.533278216232816,-104.84546192392926,14,config_1
8710d,36.87080064241769,-104.84546192392926,11,config_1
8710f,36.917661967751386,-104.47233005083724,44,config_1
87164,37.198730971474454,-106.15809365922375,38,config_1
8716c,37.301042914278284,-105.4068079114331,1,config_1
87171,36.77304966069307,-105.59433880659961,18,config_1
87173,36.82259813646065,-105.21948079223417,7,config_1
87175,36.485245148115986,-105.21948079223417,37,config_1
871764c,36.3756075462481,-105.57088650688814,5,config_1
8717651,36.4088689024726,-105.55916151935281,7,config_1
8717653,36.40574741568607,-105.58261226979586,44,config_1
8717655,36.42687397694031,-105.58261226979586,12,config_1
8717657,36.42999617482197,-105.55916151935281,1,config_1
871765c,36.42410618819457,-105.52399122373996,27,config_1
87176b,36.58118681525744,-105.45367176673147,21,config_1
87176d,36.56874281132185,-105.54743730866592,42,config_1
87176f,36.48434890620038,-105.54743730866592,35,config_1
871771,36.47183201839063,-105.6412526632361,17,config_1
871775,36.54360234406884,-105.73511707429685,9,config_1
871777,36.45923102910447,-105.73511707429685,32,config_1
87177c,36.33880202907964,-105.68817878401569,25,config_1
87179,36.38515415061818,-105.96998775016152,7,config_1
8717b,36.722151002665655,-105.96998775016152,3,config_1
8717d,36.669898534535236,-106.34637906744265,7,config_1
8717e1,36.439666258773784,-106.48770724055002,30,config_1
8717e3,36.355389024832725,-106.48770724055002,31,config_1
8717ec,36.4305850237201,-106.25221430786118,2,config_1
8717f4,36.261785776337085,-106.25221430786118,18,config_1
8717fc,36.235439857874695,-106.44058717271729,21,config_1
871804,36.066322744700045,-106.44058717271729,1,config_1
87180c,35.89684222049558,-106.44058717271729,43,config_1
871813,35.87412191802731,-106.29929122158622,30,config_1
871815,35.887154576472554,-106.20514842188963,31,config_1
871817,35.97201702467127,-106.20514842188963,2,config_1
87181c,36.092619151034164,-106.25221430786118,3,config_1
871821,36.15445584495196,-106.11105011534488,4,config_1
871823,36.069762688176766,-106.11105011534488,38,config_1
871825,36.08265253413533,-106.0169970655137,4,config_1
871827,36.167357905142005,-106.0169970655137,17,config_1
8718281,36.207122756014726,-105.95823723010454,3,config_1
87182823,36.21176839761349,-105.9435501018285,1,config_1
87182827dcc,36.21924424782142,-105.93538087911811,46,config_1
87182827dd4,36.21940953260237,-105.93538087911811,16,config_1
87182827ddc,36.21943451856452,-105.93519730512892,3,config_1
871828c,36.15580926649331,-105.94648743653362,4,config_1
871829c,36.20453311561543,-105.8994955568318,7,config_1
87182b,36.19290997473723,-105.82902978439431,3,config_1
871834,35.97457335763054,-105.87600401452671,20,config_1
8718384,35.894934811861134,-105.99349096378698,6,config_1
871838c,35.88852479329148,-106.04050604344077,20,config_1
8718394,35.9309896238978,-106.04050604344077,15,config_1
871839c,35.93740276254045,-105.99349096378698,10,config_1
87183b,35.99785592227153,-106.0169970655137,32,config_1
87183d,35.98497841654831,-106.11105011534488,35,config_1
871844,35.77905507079722,-106.06401788566258,30,config_1
871849,35.84075927545644,-105.92299003479476,8,config_1
87184d,35.76835126132859,-105.82902978439431,39,config_1
87184f,35.755678572279855,-105.92299003479476,23,config_1
8718501,35.697686670922295,-105.95823723010454,12,config_1
8718503,35.70086851299104,-105.93473837093502,28,config_1
87185041,35.68636562168683,-105.9435501018285,43,config_1
87185043,35.68104088491781,-105.9435501018285,4,config_1
87185045,35.681835845244265,-105.93767556900599,18,config_1
871850464,35.68602816647633,-105.93620696427305,37,config_1
87185046c,35.685630749098316,-105.9391441851309,29,config_1
871850474,35.68829304873787,-105.9391441851309,48,config_1
87185047c,35.68869047856378,-105.93620696427305,11,config_1
8718504c,35.685690149116915,-105.92886411158973,15,config_1
87185054,35.675039727194395,-105.92886411158973,3,config_1
8718505c,35.67345060774419,-105.94061281264489,4,config_1
87185064,35.67186018500469,-105.95236224241542,16,config_1
8718506c,35.682510208128,-105.95236224241542,27,config_1
87185074,35.68091828231141,-105.96411239941519,7,config_1
8718507c,35.6702684588822,-105.96411239941519,11,config_1
87185084,35.6596172379486,-105.96411239941519,20,config_1
8718508c,35.66120876413076,-105.95236224241542,10,config_1
87185094,35.650555946261434,-105.95236224241542,10,config_1
8718509c,35.64896462026587,-105.96411239941519,13,config_1
871850b,35.63377875196064,-105.95823723010454,27,config_1
871850d,35.636958197103226,-105.93473837093502,23,config_1
871850f,35.65826722569183,-105.93473837093502,26,config_1
8718514,35.65237340790974,-105.8994955568318,9,config_1
871851c,35.69498267871954,-105.8994955568318,34,config_1
871855,35.59789525527132,-105.82902978439431,1,config_1
871857,35.585247982808376,-105.92299003479476,49,config_1
871859,35.57251741627937,-106.0169970655137,12,config_1
87185a1,35.63059409585595,-105.98173899521797,3,config_1
87185a5,35.64871084907874,-106.00524365438139,33,config_1
87185a7,35.65190152098074,-105.98173899521797,25,config_1
87185ac,35.68225690159818,-105.99349096378698,28,config_1
87185b4,35.67586271998673,-106.04050604344077,6,config_1
87185bc,35.63326305577933,-106.04050604344077,36,config_1
87185d,35.64493769382002,-106.11105011534488,7,config_1
87185f,35.55970350869149,-106.11105011534488,7,config_1
871864,35.582944657038276,-106.25221430786118,14,config_1
87186b,35.80220189032952,-106.20514842188963,38,config_1
87186c4,35.77119502682698,-106.27575139222925,49,config_1
87186cc,35.813689048011696,-106.27575139222925,3,config_1
87186d4,35.807156563322856,-106.32283378397709,2,config_1
87186dc,35.76466576864409,-106.32283378397709,5,config_1
87186f,35.704152399180934,-106.29929122158622,2,config_1
871874,35.72700127765383,-106.44058717271729,25,config_1
87187c,35.55680295686417,-106.44058717271729,4,config_1
871884,35.38625034709729,-106.44058717271729,40,config_1
87188c,35.41233841157553,-106.25221430786118,34,config_1
871894,35.24137997599311,-106.25221430786118,17,config_1
871899,35.17910219288023,-106.39347774973939,33,config_1
87189b,35.26464825492727,-106.39347774973939,3,config_1
87189d,35.251541488631815,-106.48770724055002,7,config_1
87189e4,35.18411343868233,-106.51127123632314,11,config_1
87189ec,35.190682398030624,-106.46414588201854,37,config_1
87189f4,35.14789285509573,-106.46414588201854,10,config_1
87189fc,35.141327401561554,-106.51127123632314,5,config_1
8718a1,35.08039044771815,-106.48770724055002,35,config_1
8718a3,35.09346927406622,-106.39347774973939,10,config_1
8718a5,35.007749902604864,-106.39347774973939,3,config_1
8718a7,34.99468524291538,-106.48770724055002,8,config_1
8718b4,34.898419313578835,-106.25221430786118,1,config_1
8718bc,35.07007253299488,-106.25221430786118,16,config_1
8718d,35.02259244971104,-105.96998775016152,15,config_1
8718e1,35.25591589152698,-105.82902978439431,35,config_1
8718e3,35.34154316823075,-105.82902978439431,24,config_1
8718f4,35.43809330417531,-106.06401788566258,47,config_1
8718f9,35.49989886974579,-105.92299003479476,42,config_1
8718fb,35.41446106501584,-105.92299003479476,14,config_1
8718fd,35.42708241863192,-105.82902978439431,9,config_1
8718ff,35.512533245657046,-105.82902978439431,20,config_1
87191,35.4154978402409,-105.59433880659961,45,config_1
871924,35.14601797245236,-105.68817878401569,1,config_1
87192c,34.974199626132275,-105.68817878401569,35,config_1
871934,34.998800096052285,-105.50054826391207,22,config_1
87194c,35.0230714299661,-105.31311850329111,37,config_1
871954,35.047014091389364,-105.12589552960189,24,config_1
87196c,35.36656902437255,-105.31311850329111,15,config_1
871974,35.53778839714842,-105.31311850329111,32,config_1
87197c,35.56188318405669,-105.12589552960189,31,config_1
87199,35.80607205192911,-105.21948079223417,27,config_1
8719a4,35.68417508539807,-105.50054826391207,2,config_1
8719ac,35.659367179431094,-105.68817878401569,24,config_1
8719b4,35.829771055956016,-105.68817878401569,29,config_1
8719bc,35.8546283521599,-105.50054826391207,7,config_1
8719d,36.09720483300653,-105.59433880659961,11,config_1
871a4,36.04756590113465,-104.65878213755632,38,config_1
871ac,36.13780041436311,-103.91439904540992,2,config_1
871b55,35.1889251577772,-103.58997325645926,1,config_1
871b564,35.15941674237102,-103.65942674276799,7,config_1
871b56c,35.20257214936244,-103.65942674276799,1,config_1
871b574,35.19726021379654,-103.70574933531064,12,config_1
871b57c,35.154107662126115,-103.70574933531064,43,config_1
871b5c,35.20545637359083,-103.82162609645312,19,config_1
871b64,35.183798429003915,-104.00723479814583,49,config_1
871b74,35.334038031264775,-104.19309179823777,1,config_1
871b7c,35.16181605693399,-104.19309179823777,1,config_1
871bc,35.363455761931455,-104.65878213755632,13,config_1
871c04,34.89825239309409,-104.93888534775776,12,config_1
871c0c,34.92148827221868,-104.75209393923649,16,config_1
871c1c,34.72553005328099,-104.93888534775776,30,config_1
871c5,34.52295809218132,-104.47233005083724,1,config_1
871c7,34.86934865134421,-104.47233005083724,34,config_1
871c9,34.91381763214866,-104.10013262592865,43,config_1
871ca4,35.032786637399624,-103.82162609645312,33,config_1
871cac,35.05407480047999,-103.63627151570851,3,config_1
871cb4,34.881006453841465,-103.63627151570851,2,config_1
871cbc,34.85976526081311,-103.82162609645312,21,config_1
871cd,34.61020581512252,-103.72891667819331,17,config_1
871cf,34.56722575755272,-104.10013262592865,44,config_1
871d4,34.06627961898421,-103.91439904540992,3,config_1
871dc,33.97837437463926,-104.65878213755632,50,config_1
871e4,33.88533093553131,-105.4068079114331,6,config_1
871e9,34.43053950818018,-105.21948079223417,20,config_1
871ef,34.38237978548089,-105.59433880659961,34,config_1
871f4,34.480559177765166,-106.15809365922375,16,config_1
871fc,33.78711753474757,-106.15809365922375,41,config_1
87a01,39.34708312996833,-100.43965601897102,11,config_1
87a05,39.04962513454377,-100.08072981765946,31,config_1
87a07,39.01784179060124,-100.43965601897102,30,config_1
87a0c,38.53678925738163,-100.26001249402657,33,config_1
87a11,38.74906297178233,-99.72326726161637,3,config_1
87a13,38.416278772466775,-99.72326726161637,35,config_1
87a15,38.44542365342382,-99.36730841665778,17,config_1
87a17,38.77828491665368,-99.36730841665778,49,config_1
87a19,39.10945278394177,-99.36730841665778,6,config_1
87a1b,39.08015808080179,-99.72326726161637,25,config_1
87a1d,39.409546282649586,-99.72326726161637,23,config_1
87a1f,39.43890948498954,-99.36730841665778,14,config_1
87a21,39.46704380504208,-99.0128926396605,8,config_1
87a23,39.13752179512102,-99.0128926396605,2,config_1
87a25,39.164378047922405,-98.66005856336714,8,config_1
87a27,39.493962247794144,-98.66005856336714,45,config_1
87a2c,39.36747025008236,-98.13385582671398,40,config_1
87a31,38.858668617817585,-98.30884408222222,44,config_1
87a33,38.8830798923523,-97.95928633924419,36,config_1
87a35,38.5499451019848,-97.95928633924419,16,config_1
87a37,38.525597147158166,-98.30884408222222,27,config_1
87a384,38.42304368809072,-98.57210164219819,14,config_1
87a38c,38.40999172841421,-98.74811671290261,42,config_1
87a394,38.57690752297942,-98.74811671290261,5,config_1
87a39c,38.58997705227343,-98.57210164219819,1,config_1
87a3b,38.83307469451011,-98.66005856336714,16,config_1
87a3d,38.806284537431104,-99.0128926396605,30,config_1
87a3f,38.47334975742056,-99.0128926396605,12,config_1
87a403,38.17034863558087,-99.14561525951646,21,config_1
87a405,38.17723762269868,-99.05710889775952,26,config_1
87a407,38.26099303604669,-99.05710889775952,6,config_1
87a40c,38.22932433249103,-98.92453434317243,2,config_1
87a41c,38.04797849902443,-99.10134979604823,6,config_1
87a43,37.802462568688064,-99.0128926396605,16,config_1
87a45,37.829030580050166,-98.66005856336714,23,config_1
87a47,38.1653820639354,-98.66005856336714,10,config_1
87a484,38.268427696008075,-98.39649382124541,20,config_1
87a494,38.113063531510804,-98.22129789306325,41,config_1
87a499,38.24202095927364,-98.17756380884514,18,config_1
87a49b,38.23587550452644,-98.26505800803056,6,config_1
87a49d,38.31967211015999,-98.26505800803056,2,config_1
87a49f,38.32582186165922,-98.17756380884514,41,config_1
87a4a4,38.293018673321384,-98.04651845312563,30,config_1
87a4ac,38.30487589390091,-97.87216004899976,38,config_1
87a4b1,38.17610090184898,-97.91570993103981,11,config_1
87a4b24,38.20148515539648,-97.85039507717951,18,config_1
87a4b2c,38.2043925000935,-97.80688511561101,11,config_1
87a4b34,38.16240474760156,-97.80688511561101,1,config_1
87a4b3c,38.15949843643135,-97.85039507717951,22,config_1
87a4b5,38.09792411347811,-97.82863676314237,14,config_1
87a4b64,38.072524529184136,-97.89393166986866,24,config_1
87a4b6c,38.11456230170748,-97.89393166986866,3,config_1
87a4b74,38.11162086014294,-97.93749482375502,3,config_1
87a4b7c,38.06958414885577,-97.93749482375502,38,config_1
87a4b9,38.0861603980189,-98.0028892034051,34,config_1
87a4bd,38.164183549637634,-98.09017401782,27,config_1
87a4bf,38.08016966736144,-98.09017401782,5,config_1
87a4c1,37.99605187981117,-98.09017401782,22,config_1
87a4c3,37.9118305004598,-98.09017401782,12,config_1
87a4c5,37.91781245903109,-98.0028892034051,11,config_1
87a4c64,37.98247647829158,-97.98108446872547,29,config_1
87a4c6c,37.97950200372188,-98.0247005344776,26,config_1
87a4c74,38.02158846748941,-98.0247005344776,14,config_1
87a4c7c,38.02456403145327,-97.98108446872547,22,config_1
87a4c9,38.0079520281108,-97.91570993103981,45,config_1
87a4cb,38.01379342249101,-97.82863676314237,20,config_1
87a4cd,37.929558970532746,-97.82863676314237,38,config_1
87a4cf,37.92372187673891,-97.91570993103981,42,config_1
87a4d4,37.80010718053806,-97.87216004899976,1,config_1
87a4ec,37.944841320322794,-98.22129789306325,32,config_1
87a4f4,37.9324349250994,-98.39649382124541,20,config_1
87a4fc,37.76381791827302,-98.39649382124541,8,config_1
87a51,37.516339847404666,-98.30884408222222,6,config_1
87a53,37.540475869776444,-97.95928633924419,16,config_1
87a544,37.27988319550813,-98.04651845312563,8,config_1
87a554,37.121330621486834,-97.87216004899976,43,config_1
87a55c,37.10960019891848,-98.04651845312563,1,config_1
87a56c,37.26784450258528,-98.22129789306325,6,config_1
87a574,37.25551532618519,-98.39649382124541,40,config_1
87a57c,37.085272827010826,-98.39649382124541,5,config_1
87a584,37.072672515891945,-98.57210164219819,8,config_1
87a594,37.22997884412972,-98.74811671290261,16,config_1
87a59c,37.24289399113267,-98.57210164219819,27,config_1
87a5b,37.49103554050732,-98.66005856336714,33,config_1
87a5d,37.46454966440201,-99.0128926396605,16,config_1
87a5f,37.12501825652961,-99.0128926396605,37,config_1
87a61,37.09742832622412,-99.36730841665778,1,config_1
87a65,37.407981880894404,-99.72326726161637,27,config_1
87a67,37.436869294525515,-99.36730841665778,48,config_1
87a69,37.77469604920507,-99.36730841665778,23,config_1
87a6a4,38.03406452761335,-99.27855828820766,18,config_1
87a6ac,38.20175812565811,-99.27855828820766,19,config_1
87a6b4,38.18752098950903,-99.45615499039194,17,config_1
87a6d,38.08182410276906,-99.72326726161637,8,config_1
87a6e4,37.822457788731946,-99.81249348078939,11,config_1
87a6ec,37.83726270722664,-99.6341350278484,8,config_1
87a6f4,37.668789346099445,-99.6341350278484,29,config_1
87a6fc,37.654006939801306,-99.81249348078939,13,config_1
87a704,37.63891819027388,-99.99122538486702,13,config_1
87a70c,37.623521619842116,-100.17032573166424,18,config_1
87a714,37.791925900592524,-100.17032573166424,2,config_1
87a71ac,37.73849020281349,-100.05834510843614,25,config_1
87a71b4,37.742323733534654,-100.01359288219385,33,config_1
87a71d,37.76908257627359,-99.94650767095294,11,config_1
87a73,38.051533265291624,-100.08072981765946,9,config_1
87a75,38.020003135223114,-100.43965601897102,8,config_1
87a77,37.684081092744144,-100.43965601897102,43,config_1
87a7c,37.1929620617629,-100.26001249402657,12,config_1
87a9,36.198654568532326,-99.90181306343518,16,config_1
87aa4,35.12996144190496,-100.26001249402657,45,config_1
87aac,34.43046004733547,-100.26001249402657,30,config_1
87ab4,34.48868718731357,-99.54509739864785,7,config_1
87ab9,35.02816535788302,-99.36730841665778,8,config_1
87abb,35.000036942855736,-99.72326726161637,3,config_1
87abd,35.34855313835671,-99.72326726161637,36,config_1
87abe4,35.456775639913474,-99.45615499039194,48,config_1
87abfc,35.470620024243004,-99.27855828820766,11,config_1
87ac04,35.484170181275694,-99.10134979604823,17,config_1
87ac1c,35.49742761810978,-98.92453434317243,46,config_1
87ac3,35.42978168812784,-98.66005856336714,17,config_1
87ac7,35.055120652914304,-99.0128926396605,2,config_1
87ac9,34.70491690680418,-99.0128926396605,17,config_1
87acb,34.35329241713313,-99.0128926396605,4,config_1
87acd,34.37885047385872,-98.66005856336714,3,config_1
87acf,34.73059515929555,-98.66005856336714,50,config_1
87ad1,34.755129977651734,-98.30884408222222,22,config_1
87ad5,34.42656562847995,-97.95928633924419,30,config_1
87ad7,34.77853395664608,-97.95928633924419,2,config_1
87adc,35.29215205594181,-98.13385582671398,19,config_1
87ae4,35.98722340238006,-98.13385582671398,4,config_1
87aec,35.93741343255773,-98.83627550306029,1,config_1
87af4,36.62601280169248,-98.83627550306029,20,config_1
87afc,36.67619920123023,-98.13385582671398,34,config_1
87b01,36.88214109141718,-97.61142171393448,20,config_1
87b03,36.539087276995375,-97.61142171393448,39,config_1
87b044,36.641333070930806,-97.35165580142355,15,config_1
87b04b,36.42366182190532,-97.39488196255758,23,config_1
87b04c4,36.449191645696445,-97.33005299969896,23,config_1
87b04cc,36.4061301355374,-97.33005299969896,31,config_1
87b04d4,36.408775804884414,-97.28686799616995,8,config_1
87b04f,36.515064683160105,-97.3084570618028,34,config_1
87b054,36.47990341459135,-97.17902604633225,29,config_1
87b05c,36.65187270231197,-97.17902604633225,1,config_1
87b06c,36.8128894571667,-97.35165580142355,29,config_1
87b071,36.94396589839565,-97.3084570618028,32,config_1
87b073,36.93860977828511,-97.39488196255758,19,config_1
87b075,37.02408769242697,-97.39488196255758,13,config_1
87b077,37.02944840683668,-97.3084570618028,42,config_1
87b07c,36.994625926053835,-97.17902604633225,16,config_1
87b09,36.92441598166638,-96.92091345144947,43,config_1
87b0a4,37.02468921702719,-96.6638120059594,44,config_1
87b0ac,37.03416076859767,-96.49297974540691,26,config_1
87b0b4,36.86291435822737,-96.49297974540691,4,config_1
87b0d,36.60061713688672,-96.57833866136845,1,config_1
87b0f4c,36.725259836827085,-97.02833829890636,7,config_1
87b0f51,36.71262100706309,-97.06059983156092,9,config_1
87b0f53,36.734075672097916,-97.06059983156092,10,config_1
87b0f55,36.73279630470697,-97.08211623221572,17,config_1
87b0f57,36.7113419244427,-97.08211623221572,23,config_1
87b0f5c,36.67978864269504,-97.07135716135726,18,config_1
87b0fc,36.4901463995442,-97.00683933476365,6,config_1
87b101,36.3583669960651,-97.04984424386326,46,config_1
87b103,36.363412399574955,-96.96386238196816,4,config_1
87b105,36.277122887522154,-96.96386238196816,30,config_1
87b109,36.18570054387606,-97.04984424386326,35,config_1
87b10a1,36.12975791386242,-97.08211623221572,13,config_1
87b10a3,36.131029004173385,-97.06059983156092,42,config_1
87b10a5,36.1094035763318,-97.06059983156092,17,config_1
87b10a7,36.10813279332247,-97.08211623221572,9,config_1
87b10ac,36.076319540125304,-97.07135716135726,11,config_1
87b10bc,36.12211538917396,-97.02833829890636,3,config_1
87b10d,36.10425331086528,-96.96386238196816,1,config_1
87b10f,36.19073639666646,-96.96386238196816,1,config_1
87b114,36.15492861559916,-96.83509992015557,50,config_1
87b11c,36.32771564940428,-96.83509992015557,2,config_1
87b13,36.25576816987602,-96.57833866136845,39,config_1
87b144,35.991393937954804,-96.6638120059594,11,config_1
87b14c,36.000761764285365,-96.49297974540691,26,config_1
87b15c,35.81781903383058,-96.6638120059594,32,config_1
87b17,35.89010922788603,-96.92091345144947,37,config_1
87b18b,35.73162077710554,-97.39488196255758,28,config_1
87b18cc,35.79542592857646,-97.41650530503672,5,config_1
87b18d4,35.83882137362389,-97.41650530503672,45,config_1
87b18dc,35.84148513519589,-97.37326545852945,3,config_1
87b191,35.9105019306097,-97.3084570618028,10,config_1
87b1924,35.88485820052332,-97.37326545852945,12,config_1
87b1929,35.87202021721404,-97.40569277952069,40,config_1
87b192a4,35.865597193393214,-97.42191220817062,10,config_1
87b192ac,35.86492778821668,-97.43272729452683,2,config_1
87b192b4,35.87576911271442,-97.43272729452683,12,config_1
87b192bc,35.876438601473026,-97.42191220817062,34,config_1
87b192d,35.89236325846192,-97.4273195380449,27,config_1
87b192f,35.89370031374905,-97.40569277952069,21,config_1
87b193c,35.92820749737395,-97.37326545852945,1,config_1
87b195,35.99185474440747,-97.39488196255758,3,config_1
87b19c,35.96166061329158,-97.17902604633225,17,config_1
87b1a0c,36.117031633425746,-97.11440388078715,34,config_1
87b1a14,36.11446392772293,-97.15747839073565,20,config_1
87b1a3,36.08895390581024,-97.22214211701957,8,config_1
87b1ac,36.3075429484362,-97.17902604633225,42,config_1
87b1b4,36.29704209734331,-97.35165580142355,15,config_1
87b1bd,36.083716058346056,-97.3084570618028,1,config_1
87b1be4,36.05811228332422,-97.37326545852945,13,config_1
87b1bec,36.10136601355613,-97.37326545852945,15,config_1
87b1bf4,36.09869436097059,-97.41650530503672,5,config_1
87b1bfc,36.05544192886036,-97.41650530503672,26,config_1
87b1d,36.194467155961966,-97.61142171393448,2,config_1
87b1f,35.84830491897991,-97.61142171393448,43,config_1
87b201,35.622869144471395,-97.74167025909962,1,config_1
87b203,35.628428198410845,-97.65481097525692,15,config_1
87b205,35.541417148115045,-97.65481097525692,33,config_1
87b207,35.53586385063241,-97.74167025909962,3,config_1
87b20c,35.407962059488796,-97.69822718000074,29,config_1
87b2104,35.480213472530544,-97.5897372085872,37,config_1
87b210c,35.48293566120406,-97.54638849147764,23,config_1
87b2114,35.43935657279329,-97.54638849147764,42,config_1
87b211c,35.43663581608077,-97.5897372085872,3,config_1
87b213,35.37258726407458,-97.56805946490843,31,config_1
87b2144,35.398456213459355,-97.50306688961776,50,config_1
87b2149,35.365064581028484,-97.5138947442844,7,config_1
87b214b,35.34324550090075,-97.5138947442844,12,config_1
87b214d,35.34459125346354,-97.49224073392988,28,config_1
87b214f,35.366410692385784,-97.49224073392988,12,config_1
87b2154,35.357512480642,-97.45977247140304,1,config_1
87b215c,35.40114084979943,-97.45977247140304,11,config_1
87b2164,35.444746022138276,-97.45977247140304,4,config_1
87b2169,35.4318342542103,-97.49224073392988,6,config_1
87b216b,35.430487071722624,-97.5138947442844,10,config_1
87b216d,35.45228296378277,-97.5138947442844,30,config_1
87b216f,35.4536305015639,-97.49224073392988,10,config_1
87b2171,35.47542093485206,-97.49224073392988,2,config_1
87b21724,35.4689634256917,-97.50848060464544,47,config_1
87b21729,35.46573366990142,-97.51660197329142,21,config_1
87b2172b,35.465395916933154,-97.52201674959704,11,config_1
87b2172d,35.47084303985422,-97.52201674959704,5,config_1
87b2172f,35.47118081501569,-97.51660197329142,38,config_1
87b21734,35.47918198045837,-97.51930930840119,5,config_1
87b2173c,35.47985705502388,-97.50848060464544,6,config_1
87b2175,35.49585730188629,-97.5138947442844,25,config_1
87b2177,35.49720554763117,-97.49224073392988,3,config_1
87b217c,35.48832794590778,-97.45977247140304,5,config_1
87b2184,35.53188656956279,-97.45977247140304,31,config_1
87b218c,35.57542184176377,-97.45977247140304,5,config_1
87b2194,35.572731567649214,-97.50306688961776,7,config_1
87b219c,35.529197694439674,-97.50306688961776,15,config_1
87b21a4,35.52649146348456,-97.54638849147764,16,config_1
87b21ac,35.5237678499091,-97.5897372085872,41,config_1
87b21b4,35.5672988968616,-97.5897372085872,16,config_1
87b21bc,35.570023928285075,-97.54638849147764,3,config_1
87b21c4,35.61353300446144,-97.54638849147764,14,config_1
87b21cc,35.61080656223868,-97.5897372085872,27,config_1
87b21d4,35.65429079509649,-97.5897372085872,18,config_1
87b21dc,35.65701864107505,-97.54638849147764,3,config_1
87b21e4,35.65972907625001,-97.50306688961776,23,config_1
87b21ec,35.61624204523046,-97.50306688961776,21,config_1
87b21f1,35.62913664050557,-97.47059352375683,42,config_1
87b21f3,35.60738673823882,-97.47059352375683,8,config_1
87b21f7,35.63047830742238,-97.44895312229072,3,config_1
87b21fc,35.66242212747378,-97.45977247140304,22,config_1
87b2204,35.6650978216761,-97.41650530503672,36,config_1
87b221c,35.621608029809046,-97.41650530503672,21,config_1
87b223,35.55765899881827,-97.39488196255758,9,config_1
87b227,35.64996764013818,-97.3084570618028,19,config_1
87b22c,35.614250489150876,-97.17902604633225,9,config_1
87b234,35.43998048457857,-97.17902604633225,3,config_1
87b239,35.38858726742445,-97.3084570618028,1,config_1
87b23b,35.475807388663775,-97.3084570618028,41,config_1
87b23c4,35.45006623139885,-97.37326545852945,22,config_1
87b23cc,35.493650952586236,-97.37326545852945,9,config_1
87b23dc,35.44741476833884,-97.41650530503672,33,config_1
87b23f,35.38332302614059,-97.39488196255758,5,config_1
87b241,35.29601574560123,-97.39488196255758,13,config_1
87b2421,35.23941338769162,-97.4273195380449,30,config_1
87b2423,35.240740068765824,-97.40569277952069,6,config_1
87b2425,35.21888459393179,-97.40569277952069,26,config_1
87b2427,35.21755827204752,-97.4273195380449,49,config_1
87b24284,35.20083097870464,-97.43272729452683,6,config_1
87b2428c,35.20149508164099,-97.42191220817062,6,config_1
87b24294,35.1905631711179,-97.42191220817062,7,config_1
87b2429c,35.18989915845631,-97.43272729452683,36,config_1
87b242b,35.17383081249206,-97.4273195380449,45,config_1
87b242d,35.175156413396195,-97.40569277952069,3,config_1
87b242f,35.1970233732764,-97.40569277952069,16,config_1
87b243c,35.23179472758345,-97.37326545852945,4,config_1
87b24c,35.265338212303675,-97.17902604633225,9,config_1
87b254,35.09032700870221,-97.17902604633225,17,config_1
87b259,35.038783174446976,-97.3084570618028,4,config_1
87b25b,35.12637189799371,-97.3084570618028,3,config_1
87b25d,35.12112468230377,-97.39488196255758,24,config_1
87b25f,35.03354174388349,-97.39488196255758,31,config_1
87b264,35.069349151325305,-97.52472429686226,7,config_1
87b2681,35.172500904166334,-97.44895312229072,29,config_1
87b26824,35.18923406850119,-97.44354408678257,22,config_1
87b2682c,35.20016579832241,-97.44354408678257,28,config_1
87b26834,35.19949954007589,-97.4543625838752,9,config_1
87b2683c,35.18856790083422,-97.4543625838752,15,config_1
87b2685,35.19303255852217,-97.47059352375683,21,config_1
87b268c,35.180090645993815,-97.50306688961776,5,config_1
87b2691,35.21355343385549,-97.49224073392988,34,config_1
87b2693,35.21220985246698,-97.5138947442844,1,config_1
87b2695,35.234063519194926,-97.5138947442844,1,config_1
87b2697,35.23540746463867,-97.49224073392988,28,config_1
87b2699,35.23674708897524,-97.47059352375683,36,config_1
87b269a4,35.22002239920677,-97.47600468831664,12,config_1
87b269ac,35.209093811430726,-97.47600468831664,14,config_1
87b269b4,35.209762317435256,-97.46518278474127,13,config_1
87b269bc,35.220690995877526,-97.46518278474127,17,config_1
87b269c4,35.22135851354341,-97.4543625838752,19,config_1
87b269cc,35.21042974458717,-97.4543625838752,20,config_1
87b269d4,35.21109609330435,-97.44354408678257,38,config_1
87b269dc,35.22202495262239,-97.44354408678257,35,config_1
87b269e4,35.23295237545269,-97.44354408678257,19,config_1
87b269ec,35.23228584612075,-97.4543625838752,19,config_1
87b269f4,35.24321174149617,-97.4543625838752,18,config_1
87b269fc,35.24387836097223,-97.44354408678257,1,config_1
87b26a4,35.27018635990217,-97.45977247140304,19,config_1
87b26ac,35.3138609666223,-97.45977247140304,3,config_1
87b26b4,35.31117919102825,-97.50306688961776,16,config_1
87b26bc,35.267506025163044,-97.50306688961776,18,config_1
87b26d,35.28529145457151,-97.56805946490843,19,config_1
87b26f,35.197903449358954,-97.56805946490843,4,config_1
87b274,35.23338815738723,-97.69822718000074,1,config_1
87b27c,35.05844665881247,-97.69822718000074,24,config_1
87b284,34.883140956347354,-97.69822718000074,15,config_1
87b28d,34.852804943335464,-97.48141627828754,20,config_1
87b28f,34.84743793419451,-97.56805946490843,47,config_1
87b294,34.718327889020834,-97.52472429686226,10,config_1
87b29c,34.707474495019234,-97.69822718000074,5,config_1
87b2b,34.44874807994539,-97.61142171393448,34,config_1
87b2c4,34.552832760721586,-97.35165580142355,32,config_1
87b2cc,34.3764046028416,-97.35165580142355,21,config_1
87b2d3,34.33995598018533,-97.22214211701957,19,config_1
87b2d44,34.36584279045594,-97.15747839073565,39,config_1
87b2d4c,34.3216628833369,-97.15747839073565,48,config_1
87b2d64,34.41251498960781,-97.11440388078715,8,config_1
87b2d6c,34.41000075600059,-97.15747839073565,26,config_1
87b2d74,34.45413672332843,-97.15747839073565,21,config_1
87b2d7c,34.456652454664464,-97.11440388078715,38,config_1
87b2d84,34.50076785835066,-97.11440388078715,33,config_1
87b2d8c,34.544861144436084,-97.11440388078715,8,config_1
87b2d9c,34.49825063600127,-97.15747839073565,45,config_1
87b2db,34.51649064398076,-97.22214211701957,39,config_1
87b2dc4,34.58387496425974,-97.20058062454765,20,config_1
87b2dd4,34.62536534446566,-97.24371051537364,11,config_1
87b2ddc,34.627920895272,-97.20058062454765,22,config_1
87b2df,34.609701134771846,-97.13593766610796,38,config_1
87b2e1,34.697752855166826,-97.13593766610796,27,config_1
87b2e3,34.7857151167163,-97.13593766610796,9,config_1
87b2e44,34.75992483713185,-97.20058062454765,19,config_1
87b2e4c,34.80388134997843,-97.20058062454765,17,config_1
87b2e5c,34.75736485298516,-97.24371051537364,16,config_1
87b2e64,34.713387373874355,-97.24371051537364,33,config_1
87b2e6c,34.715945887024795,-97.20058062454765,22,config_1
87b2e74,34.67194455466674,-97.20058062454765,35,config_1
87b2e7c,34.66938751929512,-97.24371051537364,30,config_1
87b2e9,34.687521687496464,-97.3084570618028,29,config_1
87b2eb,34.68230394896133,-97.39488196255758,20,config_1
87b2ed,34.77024843655452,-97.39488196255758,8,config_1
87b2ef,34.77547218095979,-97.3084570618028,40,config_1
87b2f1,34.86333288397641,-97.3084570618028,26,config_1
87b2f3,34.858103188987016,-97.39488196255758,19,config_1
87b2f5,34.94586776931749,-97.39488196255758,33,config_1
87b2fc,34.91495026282538,-97.17902604633225,17,config_1
87b304,34.925006651551605,-97.00683933476365,47,config_1
87b309,34.976259393932104,-96.87799260898478,16,config_1
87b30b,34.981087743186535,-96.7922354503473,30,config_1
87b30d,34.89328356094816,-96.7922354503473,15,config_1
87b30f,34.88846063293255,-96.87799260898478,2,config_1
87b311,34.80057137918923,-96.87799260898478,27,config_1
87b313,34.80538883500379,-96.7922354503473,49,config_1
87b315,34.71740400185147,-96.7922354503473,16,config_1
87b31b,34.795686753750566,-96.96386238196816,37,config_1
87b31d,34.79073473907809,-97.04984424386326,15,config_1
87b31f,34.702766714594105,-97.04984424386326,2,config_1
87b321,34.614709178057524,-97.04984424386326,3,config_1
87b323,34.61964977488598,-96.96386238196816,6,config_1
87b3244,34.552316051107034,-96.98534735970001,11,config_1
87b324c,34.554767372605056,-96.94238440980855,14,config_1
87b3254,34.51066825197456,-96.94238440980855,12,config_1
87b325c,34.50821837375912,-96.98534735970001,42,config_1
87b327,34.52656257271623,-97.04984424386326,46,config_1
87b329,34.43832734509582,-97.04984424386326,17,config_1
87b32d,34.35492702074989,-96.96386238196816,47,config_1
87b32f,34.443256313857965,-96.96386238196816,13,config_1
87b331,34.448118217250205,-96.87799260898478,17,config_1
87b333,34.359783113873036,-96.87799260898478,5,config_1
87b335,34.36457244216865,-96.7922354503473,16,config_1
87b337,34.452913273440906,-96.7922354503473,16,config_1
87b33b,34.53636504352079,-96.87799260898478,5,config_1
87b33d,34.62452314299506,-96.87799260898478,33,config_1
87b33f,34.629329501277915,-96.7922354503473,19,config_1
87b343,34.63874206962744,-96.62106106216318,49,config_1
87b345,34.55056733524301,-96.62106106216318,28,config_1
87b34d,34.373951681186746,-96.62106106216318,25,config_1
87b34f,34.46230372258646,-96.62106106216318,47,config_1
87b353,34.37854203316969,-96.53564486778043,35,config_1
87b3544,34.404040219053286,-96.47165795587398,6,config_1
87b354c,34.35983737643748,-96.47165795587398,10,config_1
87b3554,34.362082505053536,-96.42903595990448,46,config_1
87b355c,34.40628669411237,-96.42903595990448,16,config_1
87b357,34.47142942922107,-96.45034335805805,18,config_1
87b359,34.559703829302805,-96.45034335805805,13,config_1
87b35d,34.64334872312705,-96.53564486778043,49,config_1
87b35f,34.64788925363745,-96.45034335805805,37,config_1
87b361,34.735985256086614,-96.45034335805805,9,config_1
87b365,34.819440397808805,-96.53564486778043,27,config_1
87b367,34.731439468695164,-96.53564486778043,26,config_1
87b3684,34.70597340727614,-96.59969628987318,26,config_1
87b368c,34.74999437240649,-96.59969628987318,5,config_1
87b3691,34.73725060474925,-96.6317461247182,10,config_1
87b36944,34.75288039993031,-96.64777706123658,7,config_1
87b3694c,34.76388105435259,-96.64777706123658,5,config_1
87b36954,34.763296999442744,-96.65846657923883,28,config_1
87b3695c,34.752296428794715,-96.65846657923883,20,config_1
87b3697,34.73608499234185,-96.65312159762259,21,config_1
87b369c,34.70365149331843,-96.64243297020663,43,config_1
87b36a4,34.70131296395687,-96.68519816136498,4,config_1
87b36ac,34.698957791373665,-96.7279917988472,24,config_1
87b36b4,34.74297471396643,-96.7279917988472,13,config_1
87b36bc,34.745331243941585,-96.68519816136498,39,config_1
87b36c04,34.77371098609175,-96.66915787765831,20,config_1
87b36c0c,34.77312476683549,-96.67985095548718,21,config_1
87b36c14,34.78412235841341,-96.67985095548718,9,config_1
87b36c1c,34.784708661557225,-96.66915787765831,9,config_1
87b36c3,34.800909452270155,-96.67450419420958,12,config_1
87b36c5,34.79973451183393,-96.69589390641657,21,config_1
87b36c7,34.777742394474124,-96.69589390641657,32,config_1
87b36cc,34.78696918262903,-96.7279917988472,36,config_1
87b36d4,34.83094114239358,-96.7279917988472,6,config_1
87b36dc,34.83330036840129,-96.68519816136498,47,config_1
87b36e4,34.83564292165825,-96.64243297020663,4,config_1
87b36e9,34.80208022809406,-96.65312159762259,15,config_1
87b36eb,34.78008744041036,-96.65312159762259,27,config_1
87b36ed,34.78125372178253,-96.6317461247182,15,config_1
87b36ef,34.803246842789136,-96.6317461247182,25,config_1
87b36f4,34.79399286498307,-96.59969628987318,9,config_1
87b36fc,34.8379688300489,-96.59969628987318,4,config_1
87b371,34.9027285571258,-96.62106106216318,23,config_1
87b3724,34.87725110315348,-96.68519816136498,29,config_1
87b3734,34.91881731638512,-96.7279917988472,2,config_1
87b373c,34.9211792134482,-96.68519816136498,29,config_1
87b3744,34.96508464493838,-96.68519816136498,24,config_1
87b374c,34.96272142170465,-96.7279917988472,8,config_1
87b375c,35.00896734348283,-96.68519816136498,26,config_1
87b37c,34.95356006951812,-96.49297974540691,1,config_1
87b384,35.12902275567145,-96.49297974540691,1,config_1
87b38c,35.304118273725166,-96.49297974540691,27,config_1
87b393,35.34088746826004,-96.62106106216318,2,config_1
87b3944,35.31550520621861,-96.68519816136498,24,config_1
87b394c,35.359204116841205,-96.68519816136498,28,config_1
87b3964,35.26941080481029,-96.7279917988472,13,config_1
87b396c,35.27178313694005,-96.68519816136498,35,config_1
87b3974,35.228037961497456,-96.68519816136498,35,config_1
87b399,35.16119452750336,-96.70659142835461,40,config_1
87b39f,35.073567485879956,-96.70659142835461,29,config_1
87b3a4,35.11021352397116,-96.83509992015557,1,config_1
87b3ac,35.10040581239662,-97.00683933476365,38,config_1
87b3b4,35.275439007638404,-97.00683933476365,23,config_1
87b3b9,35.326540894490186,-96.87799260898478,47,config_1
87b3bf,35.33139042035989,-96.7922354503473,17,config_1
87b3cc,35.45010284935109,-97.00683933476365,11,config_1
87b3d4,35.62439400233876,-97.00683933476365,18,config_1
87b3dc,35.634264620033576,-96.83509992015557,25,config_1
87b3f,35.56143896328144,-96.57833866136845,30,config_1
87b404,35.66225702135283,-96.32260724129291,28,config_1
87b40c,35.48788711942034,-96.32260724129291,17,config_1
87b414,35.49666591160827,-96.15269854577356,18,config_1
87b41c,35.67105406650482,-96.15269854577356,4,config_1
87b424,35.67958730749573,-95.98325766018019,17,config_1
87b42c,35.687858612944325,-95.81428853484881,2,config_1
87b434,35.513435635909836,-95.81428853484881,35,config_1
87b43c,35.50518146266444,-95.98325766018019,32,config_1
87b47,35.23003984163502,-96.23759466618242,6,config_1
87b49,34.87905591837255,-96.23759466618242,1,config_1
87b4a1,34.6523638856119,-96.3651570426858,7,config_1
87b4a5,34.56857704692883,-96.28008642818537,17,config_1
87b4a7,34.56417323522171,-96.3651570426858,32,config_1
87b4a9,34.47589356139322,-96.3651570426858,16,config_1
87b4ab,34.387525313500355,-96.3651570426858,24,config_1
87b4ad,34.39191868966073,-96.28008642818537,36,config_1
87b4af,34.48029217885044,-96.28008642818537,10,config_1
87b4b1,34.48462550745206,-96.1951320179046,33,config_1
87b4b3,34.39624685679587,-96.1951320179046,50,config_1
87b4b44,34.42155423345954,-96.13149277021542,2,config_1
87b4b4c,34.377340900872476,-96.13149277021542,50,config_1
87b4b54,34.37945565280706,-96.0891031789097,22,config_1
87b4b5c,34.42367025165968,-96.0891031789097,13,config_1
87b4b7,34.48889377409845,-96.1102943120119,1,config_1
87b4bc,34.61917312666029,-96.15269854577356,28,config_1
87b4c4,34.62759488930934,-95.98325766018019,49,config_1
87b4cc,34.45099014739361,-95.98325766018019,33,config_1
87b4d4,34.45913427498989,-95.81428853484881,2,config_1
87b4e3,34.858040524398184,-95.77212042411867,10,config_1
87b4e5,34.854011574105776,-95.85648637454487,12,config_1
87b4e7,34.765971133939615,-95.85648637454487,30,config_1
87b4ec,34.803841823223266,-95.98325766018019,7,config_1
87b4fc,34.987928118687066,-95.81428853484881,16,config_1
87b5004,35.05879678615718,-95.70892413195803,25,config_1
87b501c,35.01488634125712,-95.70892413195803,26,config_1
87b503,34.94996410900811,-95.6878736310531,20,config_1
87b511,34.86974301581281,-95.51973943774544,30,config_1
87b513,34.87351651042074,-95.43585298984118,21,config_1
87b51c,34.8199490359406,-95.64579506896482,20,config_1
87b55,34.57402317582468,-95.22666753958994,6,config_1
87b56c,34.83503502935723,-95.31025045570311,5,config_1
87b5724,34.94413577195678,-95.3311652283681,22,config_1
87b572c,34.942294881208454,-95.37301757521422,1,config_1
87b5734,34.98625958763289,-95.37301757521422,25,config_1
87b573c,34.98810151083727,-95.3311652283681,11,config_1
87b575,35.05308749090339,-95.35208760396613,3,config_1
87b59,35.27787142623932,-95.22666753958994,1,config_1
87b5a3,35.22485457947082,-95.43585298984118,46,config_1
87b5a5,35.22106429035119,-95.51973943774544,22,config_1
87b5a9,35.12952179274877,-95.60374647633648,2,config_1
87b5ab,35.1256079484505,-95.6878736310531,28,config_1
87b5ad,35.21329207573524,-95.6878736310531,3,config_1
87b5af,35.21721020159994,-95.60374647633648,41,config_1
87b5b01,35.27342228484298,-95.57222973519706,4,config_1
87b5b03,35.27245411277248,-95.59323901789885,25,config_1
87b5b05,35.29434743611823,-95.59323901789885,17,config_1
87b5b07,35.295315869252484,-95.57222973519706,11,config_1
87b5b0c,35.327661450879724,-95.58273343720943,11,config_1
87b5b3,35.30088377251694,-95.6878736310531,1,config_1
87b5b7,35.39230918184483,-95.60374647633648,28,config_1
87b5bc,35.35433581072388,-95.47778111042308,8,config_1
87b5c1,35.48738785426492,-95.43585298984118,15,config_1
87b5c5,35.57090543669981,-95.51973943774544,31,config_1
87b5c7,35.48358538762627,-95.51973943774544,27,config_1
87b5cc,35.52143031039644,-95.64579506896482,43,config_1
87b5d4,35.69586986717627,-95.64579506896482,33,config_1
87b5dd,35.66194169052809,-95.43585298984118,1,config_1
87b5dfd,35.76137612207745,-95.40442675796797,8,config_1
87b5dfe4,35.77793628261358,-95.39919070954187,4,config_1
87b5dff044,35.784769268746935,-95.40606312022878,43,config_1
87b5dff05c,35.785449356137285,-95.40606312022878,16,config_1
87b5dff07,35.78515338365634,-95.40508129732264,1,config_1
87b5e4,35.71111983506653,-95.31025045570311,16,config_1
87b5ec,35.53664875519603,-95.31025045570311,11,config_1
87b5f4,35.543876358131435,-95.1432068497593,20,config_1
87b5fc,35.71836239177337,-95.1432068497593,16,config_1
87b604,35.89246856123163,-95.1432068497593,50,config_1
87b609,35.843561429556736,-95.26844374824067,12,config_1
87b60b,35.83987111756168,-95.35208760396613,5,config_1
87b60d,35.926819575786475,-95.35208760396613,14,config_1
87b60f,35.930513578618005,-95.26844374824067,23,config_1
87b613,36.013672157629884,-95.35208760396613,38,config_1
87b615,36.10042846741063,-95.35208760396613,20,config_1
87b62c,36.4124759758878,-95.1432068497593,1,config_1
87b631,36.363827745103144,-95.26844374824067,13,config_1
87b633,36.45019853990034,-95.26844374824067,22,config_1
87b635,36.44648318873645,-95.35208760396613,21,config_1
87b637,36.36011585747526,-95.35208760396613,3,config_1
87b639,36.27365070469663,-95.35208760396613,36,config_1
87b63b,36.27735909106912,-95.26844374824067,1,config_1
87b63f,36.18708811277506,-95.35208760396613,42,config_1
87b644,36.22470139491305,-95.47778111042308,1,config_1
87b649,36.356339790512045,-95.43585298984118,12,config_1
87b64b,36.44270359686209,-95.43585298984118,7,config_1
87b64d,36.438859520527444,-95.51973943774544,33,config_1
87b64f,36.35249930076765,-95.51973943774544,17,config_1
87b654,36.389806839182775,-95.64579506896482,45,config_1
87b65c,36.21690211898293,-95.64579506896482,45,config_1
87b664,36.04360896532281,-95.64579506896482,34,config_1
87b671,35.9192397401533,-95.51973943774544,26,config_1
87b673,35.92306171026189,-95.43585298984118,49,config_1
87b675,35.836117008162674,-95.43585298984118,41,config_1
87b67b,35.91535342445628,-95.60374647633648,3,config_1
87b67d,35.911402523067096,-95.6878736310531,22,config_1
87b67f,35.824469484263496,-95.6878736310531,36,config_1
87b689,35.9942201388377,-95.77212042411867,30,config_1
87b68a4,36.060293886295696,-95.75104753600625,5,config_1
87b68ac,36.10363892817291,-95.75104753600625,6,config_1
87b68b4,36.101610333367944,-95.79320075958178,7,config_1
87b68b9,36.06859504162649,-95.80374371771197,18,config_1
87b68bb,36.069613044551616,-95.78265966140276,13,config_1
87b68bd,36.04793486706444,-95.78265966140276,16,config_1
87b68bf,36.046917112673306,-95.80374371771197,9,config_1
87b68c4,36.05622236203595,-95.83538374236045,26,config_1
87b68cc,36.09956542084879,-95.83538374236045,18,config_1
87b68d4,36.09750416086135,-95.8775964238177,29,config_1
87b68dc,36.05416210584455,-95.8775964238177,34,config_1
87b68f,35.99013530407835,-95.85648637454487,21,config_1
87b6914,36.00662836612906,-95.96211063966837,33,config_1
87b691c,36.00872036427496,-95.9198387432287,28,config_1
87b6924,36.05208548069254,-95.9198387432287,38,config_1
87b6929,36.08511440546584,-95.9092753881462,21,config_1
87b692b,36.10677902676514,-95.9092753881462,20,config_1
87b692d,36.105735982207115,-95.93040394687645,17,config_1
87b692f,36.08407161426724,-95.93040394687645,13,config_1
87b6934,36.09333247976323,-95.96211063966837,46,config_1
87b693c,36.04999245696516,-95.96211063966837,50,config_1
87b6944,36.0478830051081,-96.00441205201167,18,config_1
87b6949,36.08091860766919,-95.99383393516017,22,config_1
87b694b,36.1025822093712,-95.99383393516017,12,config_1
87b694d,36.10152272639331,-96.01499200977533,29,config_1
87b694f,36.079859382161246,-96.01499200977533,21,config_1
87b6954,36.08909505323952,-96.04674291893367,15,config_1
87b695c,36.04575709562798,-96.04674291893367,4,config_1
87b6964,36.00239508082622,-96.04674291893367,22,config_1
87b696c,36.004519948137286,-96.00441205201167,40,config_1
87b6974,35.96113287764169,-96.00441205201167,3,config_1
87b697c,35.95900905794906,-96.04674291893367,1,config_1
87b69c,35.85361489546882,-95.98325766018019,7,config_1
87b6a4,35.845064318097315,-96.15269854577356,6,config_1
87b6ac,35.83624938440091,-96.32260724129291,18,config_1
87b6b4,36.0098609837762,-96.32260724129291,29,config_1
87b6bb,35.973139933175595,-96.1951320179046,11,config_1
87b6bd,35.97748765208485,-96.1102943120119,40,config_1
87b6bf,36.06420851167435,-96.1102943120119,43,config_1
87b6d,36.27401988976557,-96.23759466618242,46,config_1
87b6e3,36.418663403206544,-95.94097099813557,50,config_1
87b6e5,36.332322052284006,-95.94097099813557,29,config_1
87b6e7,36.328089963899075,-96.02557380749096,2,config_1
87b6e9,36.241655079894315,-96.02557380749096,21,config_1
87b6ea4,36.175698601469264,-96.04674291893367,4,config_1
87b6eac,36.132408904753355,-96.04674291893367,3,config_1
87b6eb1,36.14483131697901,-96.01499200977533,9,config_1
87b6eb3,36.12318004002826,-96.01499200977533,18,config_1
87b6eb5,36.12423977979882,-95.99383393516017,13,config_1
87b6eb64,36.140743335497994,-95.98854556737632,13,config_1
87b6eb6c,36.14021439906059,-95.99912276341193,13,config_1
87b6eb74,36.15103862328487,-95.99912276341193,28,config_1
87b6eb7c,36.15156762353868,-95.98854556737632,44,config_1
87b6eb9,36.16753680249664,-95.99383393516017,45,config_1
87b6ebb,36.166476551171414,-96.01499200977533,15,config_1
87b6ebf,36.1891762426321,-95.99383393516017,7,config_1
87b6ec1,36.19023262948467,-95.97268322803032,17,config_1
87b6ec3,36.191284900796724,-95.95153989605136,12,config_1
87b6ec5,36.16964495419195,-95.95153989605136,19,config_1
87b6ec7,36.16859293560565,-95.97268322803032,44,config_1
87b6ec9,36.14694719155692,-95.97268322803032,44,config_1
87b6ecb,36.12529540339906,-95.97268322803032,40,config_1
87b6ecd,36.126346914520006,-95.95153989605136,18,config_1
87b6ecf,36.14799895674627,-95.95153989605136,31,config_1
87b6ed1,36.149046612129375,-95.93040394687645,30,config_1
87b6ed3,36.127394316856474,-95.93040394687645,36,config_1
87b6ed5,36.12843761410711,-95.9092753881462,7,config_1
87b6ed7,36.15009016140609,-95.9092753881462,22,config_1
87b6edc,36.18203619418263,-95.9198387432287,18,config_1
87b6ee4,36.22530472447019,-95.9198387432287,7,config_1
87b6eec,36.223207651982314,-95.96211063966837,49,config_1
87b6ef4,36.26645091571808,-95.96211063966837,9,config_1
87b6efc,36.26854898702757,-95.9198387432287,5,config_1
87b6f04,36.27063061906848,-95.8775964238177,6,config_1
87b6f0c,36.272695841553976,-95.83538374236045,44,config_1
87b6f14,36.2294496054996,-95.83538374236045,7,config_1
87b6f24,36.18411583938968,-95.8775964238177,35,config_1
87b6f29,36.151129608280065,-95.88815422748876,16,config_1
87b6f2b,36.12947680997433,-95.88815422748876,7,config_1
87b6f2d,36.1305119081643,-95.86704047251975,11,config_1
87b6f2f,36.15216495645872,-95.86704047251975,17,config_1
87b6f31,36.1531962096532,-95.8459341308423,18,config_1
87b6f33,36.13154291238696,-95.8459341308423,12,config_1
87b6f35,36.132569826356004,-95.824835210047,17,config_1
87b6f37,36.154223371578446,-95.824835210047,5,config_1
87b6f3c,36.18617909115435,-95.83538374236045,13,config_1
87b6f4c,36.144930249681956,-95.79320075958178,20,config_1
87b6f54,36.14695982674784,-95.75104753600625,23,config_1
87b6f5c,36.19025653335184,-95.75104753600625,16,config_1
87b6f7,36.25414216371831,-95.77212042411867,7,config_1
87b6fc,36.38173257575033,-95.81428853484881,8,config_1
87b70c,36.726334990807054,-95.81428853484881,14,config_1
87b711,36.67709844199488,-95.94097099813557,50,config_1
87b7124,36.74262060675855,-95.9198387432287,38,config_1
87b712c,36.78556996680442,-95.9198387432287,20,config_1
87b713c,36.74051189967311,-95.96211063966837,12,config_1
87b715,36.758794398213865,-96.02557380749096,2,config_1
87b717,36.67285075833478,-96.02557380749096,2,config_1
87b71c,36.54587902406246,-95.98325766018019,48,config_1
87b73,36.61893668649894,-96.23759466618242,15,config_1
87b75,36.96227433759821,-96.23759466618242,36,config_1
87b77,36.97958426648054,-95.8987138825821,33,config_1
87b783,37.0326809246808,-95.6878736310531,14,config_1
87b7844,37.05708566176141,-95.6247670227371,10,config_1
87b784c,37.01428011589411,-95.6247670227371,18,config_1
87b7854,37.01626263971906,-95.58273343720943,7,config_1
87b785c,37.059069031092136,-95.58273343720943,20,config_1
87b787,37.12224111146536,-95.60374647633648,36,config_1
87b78c,37.08535084539225,-95.47778111042308,1,config_1
87b7b,36.652379208234066,-95.56172791278979,48,config_1
87b7cc,36.57771820611493,-95.31025045570311,21,config_1
87b7d1,36.6263030882335,-95.18492188756028,21,config_1
87b7d3,36.54012581700838,-95.18492188756028,18,config_1
87b7d7,36.629897267052215,-95.10152248359266,46,config_1
87b7dc,36.75719069795605,-95.1432068497593,35,config_1
87b7e04,36.867272640382275,-95.08069182025629,36,config_1
87b7e0c,36.86548711441881,-95.12236082914171,5,config_1
87b7e1c,36.91018914745217,-95.08069182025629,12,config_1
87b7e3,36.97362516294138,-95.10152248359266,2,config_1
87b7f4,37.09296053263965,-95.31025045570311,1,config_1
87b7fc,37.10031199222035,-95.1432068497593,48,config_1
87b801,37.230366963851104,-95.10152248359266,1,config_1
87b803,37.226750912132125,-95.18492188756028,19,config_1
87b805,37.31212585411737,-95.18492188756028,12,config_1
87b807,37.315744887065,-95.10152248359266,21,config_1
87b80c,37.44181688545928,-95.1432068497593,6,config_1
87b811,37.39371255893338,-95.26844374824067,42,config_1
87b813,37.47888043176635,-95.26844374824067,29,config_1
87b817,37.38996157805132,-95.35208760396613,4,config_1
87b819,37.304694570551604,-95.35208760396613,3,config_1
87b81a4,37.32883846569019,-95.2893432932414,5,config_1
87b81a9,37.34089481228927,-95.25799683455276,20,config_1
87b81ab,37.34181996229936,-95.23710872932412,22,config_1
87b81af,37.31957082556349,-95.25799683455276,11,config_1
87b81b4,37.288035748789945,-95.24755182794603,10,config_1
87b81d,37.223070591694686,-95.26844374824067,31,config_1
87b81f,37.2193257544553,-95.35208760396613,25,config_1
87b821,37.215516153175024,-95.43585298984118,18,config_1
87b823,37.300881824052794,-95.43585298984118,3,config_1
87b825,37.29700401190977,-95.51973943774544,10,config_1
87b827,37.21164154147369,-95.51973943774544,34,config_1
87b829,37.207701673844184,-95.60374647633648,36,config_1
87b82b,37.20369630566666,-95.6878736310531,48,config_1
87b82d,37.289052208422525,-95.6878736310531,5,config_1
87b82f,37.29306088833381,-95.60374647633648,8,config_1
87b834,37.41891035985244,-95.64579506896482,15,config_1
87b83c,37.426806290630985,-95.47778111042308,41,config_1
87b841,37.55636684292121,-95.43585298984118,37,config_1
87b843,37.641323386641005,-95.43585298984118,37,config_1
87b845,37.63743315374538,-95.51973943774544,35,config_1
87b84c,37.58901330987984,-95.64579506896482,4,config_1
87b854,37.75870482267066,-95.64579506896482,2,config_1
87b85b,37.722283565062426,-95.51973943774544,15,config_1
87b85d,37.72617680831287,-95.43585298984118,24,config_1
87b85e4,37.79071264755192,-95.41490027546612,8,config_1
87b85ec,37.78878127150145,-95.45681327060878,13,config_1
87b85f4,37.83112997063487,-95.45681327060878,22,config_1
87b85fc,37.83306207872362,-95.41490027546612,27,config_1
87b864,37.774284377954594,-95.31025045570311,4,config_1
87b86c,37.60456878088867,-95.31025045570311,44,config_1
87b874,37.61195623431283,-95.1432068497593,11,config_1
87b87c,37.7816832516841,-95.1432068497593,11,config_1
87b881,37.91051771960403,-95.10152248359266,16,config_1
87b885,37.99142929528803,-95.18492188756028,18,config_1
87b887,37.906878811677906,-95.18492188756028,42,config_1
87b889,37.903175217572965,-95.26844374824067,10,config_1
87b88b,37.89940668704239,-95.35208760396613,20,config_1
87b88d,37.983951625693216,-95.35208760396613,25,config_1
87b891,38.07216619584848,-95.26844374824067,13,config_1
87b893,38.06839210697374,-95.35208760396613,31,config_1
87b895,38.152727814537606,-95.35208760396613,10,config_1
87b897,38.15650462830745,-95.26844374824067,19,config_1
87b89c,38.11988980883777,-95.1432068497593,41,config_1
87b8a4,38.288364238151914,-95.1432068497593,18,config_1
87b8ac,38.456416114749366,-95.1432068497593,6,config_1
87b8b1,38.4088879527897,-95.26844374824067,30,config_1
87b8b3,38.492804048371475,-95.26844374824067,47,config_1
87b8bb,38.32486581488751,-95.26844374824067,31,config_1
87b8bd,38.24073793789921,-95.26844374824067,33,config_1
87b8bf,38.23695843530132,-95.35208760396613,1,config_1
87b8d,38.35336107952697,-95.56172791278979,39,config_1
87b8e4,38.096843036956116,-95.64579506896482,4,config_1
87b8ec,38.10478736034999,-95.47778111042308,5,config_1
87b8f44,37.915749441231725,-95.45681327060878,2,config_1
87b8f4c,37.91768299940125,-95.41490027546612,34,config_1
87b8f54,37.875385542796366,-95.41490027546612,20,config_1
87b8f5c,37.87345270733642,-95.45681327060878,11,config_1
87b8f7,37.89167381991337,-95.51973943774544,2,config_1
87b8fc,37.9279822602267,-95.64579506896482,5,config_1
87b904,37.9197852665326,-95.81428853484881,19,config_1
87b90c,37.91132200273423,-95.98325766018019,17,config_1
87b91c,38.08863400318194,-95.81428853484881,26,config_1
87b924,38.25706385968456,-95.81428853484881,14,config_1
87b92c,38.42507235327886,-95.81428853484881,25,config_1
87b934,38.41657272325123,-95.98325766018019,14,config_1
87b944,38.23981917159275,-96.15269854577356,8,config_1
87b949,38.368063989106105,-96.1102943120119,3,config_1
87b94b,38.45195216589294,-96.1102943120119,11,config_1
87b94d,38.44749843287479,-96.1951320179046,30,config_1
87b94f,38.36361331013942,-96.1951320179046,24,config_1
87b951,38.35909469471616,-96.28008642818537,10,config_1
87b953,38.44297671470874,-96.28008642818537,15,config_1
87b955,38.438386770262696,-96.3651570426858,27,config_1
87b957,38.35450790196392,-96.3651570426858,2,config_1
87b95c,38.23079134912269,-96.32260724129291,10,config_1
87b97,37.98258412232734,-96.23759466618242,7,config_1
87b99,37.64412004197382,-96.23759466618242,48,config_1
87b9b,37.661543655447,-95.8987138825821,31,config_1
87b9d,37.32137772853823,-95.8987138825821,16,config_1
87b9f,37.304009591783974,-96.23759466618242,3,config_1
87ba1,37.285563201145656,-96.57833866136845,1,config_1
87ba3,37.62561459294461,-96.57833866136845,13,config_1
87ba5,37.60601217154682,-96.92091345144947,31,config_1
87ba7,37.26602349304086,-96.92091345144947,29,config_1
87ba84,37.16540408538897,-97.17902604633225,1,config_1
87ba8c,37.335779512778466,-97.17902604633225,5,config_1
87ba91,37.28529404999976,-97.3084570618028,37,config_1
87ba93,37.370374143394116,-97.3084570618028,36,config_1
87ba95,37.3649955809055,-97.39488196255758,11,config_1
87ba97,37.27991987038358,-97.39488196255758,31,config_1
87ba99,37.194743088304094,-97.39488196255758,13,config_1
87ba9b,37.20011283235717,-97.3084570618028,33,config_1
87ba9d,37.11483083527577,-97.3084570618028,30,config_1
87ba9f,37.10946557958811,-97.39488196255758,15,config_1
87bab,37.22360524896747,-97.61142171393448,2,config_1
87bad,37.56345723784455,-97.61142171393448,48,config_1
87bae04,37.72407168064236,-97.41650530503672,27,config_1
87bae0c,37.68176384459823,-97.41650530503672,13,config_1
87bae14,37.684478795557006,-97.37326545852945,34,config_1
87bae1c,37.72678767557231,-97.37326545852945,2,config_1
87bae24,37.72948597431988,-97.33005299969896,46,config_1
87bae2c,37.73216660498749,-97.28686799616995,20,config_1
87bae34,37.68985565854685,-97.28686799616995,36,config_1
87bae39,37.67726605490312,-97.31925417224487,18,config_1
87bae3b,37.698427564999015,-97.31925417224487,21,config_1
87bae3c04,37.688414608304825,-97.33140297380561,5,config_1
87bae3c1c,37.68824651061261,-97.33410300244617,46,config_1
87bae3c3,37.68931677731449,-97.33815324644422,5,config_1
87bae3c5,37.694606697007885,-97.33815324644422,2,config_1
87bae3c7,37.6949430506393,-97.33275297472204,1,config_1
87bae3cc,37.70270904755816,-97.33545305697596,6,config_1
87bae3d4,37.70203573958854,-97.34625445797023,8,config_1
87bae3dc,37.691456751407266,-97.34625445797023,16,config_1
87bae3f,37.67592197101127,-97.34085354311036,24,config_1
87bae5,37.625004279002965,-97.3084570618028,34,config_1
87bae7,37.61961288290332,-97.39488196255758,13,config_1
87baec,37.49512023125898,-97.35165580142355,31,config_1
87baf4,37.50574945105736,-97.17902604633225,13,config_1
87bafb,37.63032513100294,-97.22214211701957,3,config_1
87bafc4,37.69516199056523,-97.20058062454765,14,config_1
87bafc9,37.68259829544572,-97.23292545348521,9,config_1
87bafcb,37.6812718425161,-97.25449730163616,11,config_1
87bafcd,37.7024341245765,-97.25449730163616,20,config_1
87bafcf,37.70376083303869,-97.23292545348521,16,config_1
87bafd4,37.734829595751705,-97.24371051537364,39,config_1
87bafdc,37.737474974862764,-97.20058062454765,14,config_1
87baff,37.72025605232311,-97.13593766610796,7,config_1
87bb04,37.84446209303381,-97.17902604633225,10,config_1
87bb0c,38.01319954346732,-97.17902604633225,3,config_1
87bb11,37.96307503976094,-97.3084570618028,11,config_1
87bb13,38.04733411753309,-97.3084570618028,49,config_1
87bb15,38.041922375067585,-97.39488196255758,1,config_1
87bb1c,37.833799946714116,-97.35165580142355,45,config_1
87bb21,37.78337564237893,-97.48141627828754,46,config_1
87bb23,37.86783373730549,-97.48141627828754,1,config_1
87bb25,37.862287873459294,-97.56805946490843,19,config_1
87bb27,37.777833960934444,-97.56805946490843,1,config_1
87bb2c,37.8116242725562,-97.69822718000074,46,config_1
87bb34,37.9803128407714,-97.69822718000074,16,config_1
87bb3c,37.991559914458996,-97.52472429686226,4,config_1
87bb44,38.15985005617689,-97.52472429686226,30,config_1
87bb4c,38.14858666982254,-97.69822718000074,16,config_1
87bb54,38.316443256759236,-97.69822718000074,49,config_1
87bb5c,38.327722528109916,-97.52472429686226,18,config_1
87bb64,38.33871549398704,-97.35165580142355,33,config_1
87bb6c,38.170827565259515,-97.35165580142355,22,config_1
87bb74,38.18152099800622,-97.17902604633225,30,config_1
87bb7c,38.34942395978395,-97.17902604633225,14,config_1
87bb84,38.35984974979172,-97.00683933476365,21,config_1
87bb8c,38.36999470673717,-96.83509992015557,15,config_1
87bb94,38.202062932455284,-96.83509992015557,20,config_1
87bb9c,38.19193217428929,-97.00683933476365,10,config_1
87bbac,37.85484285362743,-97.00683933476365,16,config_1
87bbb4,37.86494405788175,-96.83509992015557,35,config_1
87bbc4,38.043549919106866,-96.6638120059594,34,config_1
87bbcc,37.874767553269734,-96.6638120059594,10,config_1
87bbd4,37.88431520488796,-96.49297974540691,7,config_1
87bbdc,38.05311168198794,-96.49297974540691,7,config_1
87bbe4,38.22149063741994,-96.49297974540691,28,config_1
87bbec,38.21191512886275,-96.6638120059594,23,config_1
87bbf4,38.37986069132068,-96.6638120059594,28,config_1
87bbf9,38.42900124301733,-96.53564486778043,26,config_1
87bbfb,38.345128826004036,-96.53564486778043,12,config_1
87bbfd,38.349852692011645,-96.45034335805805,3,config_1
87bbff,38.43372835940469,-96.45034335805805,11,config_1
87bc04,38.556986077347766,-96.49297974540691,30,config_1
87bc14,38.714483168061825,-96.6638120059594,3,config_1
87bc1c,38.724097738174486,-96.49297974540691,29,config_1
87bc21,38.85151399799175,-96.45034335805805,30,config_1
87bc23,38.846771295524825,-96.53564486778043,18,config_1
87bc25,38.93000485632198,-96.53564486778043,17,config_1
87bc27,38.93475054365728,-96.45034335805805,18,config_1
87bc29,39.01787956279886,-96.45034335805805,17,config_1
87bc2b,39.10090077644218,-96.45034335805805,16,config_1
87bc2d,39.09614925076648,-96.53564486778043,26,config_1
87bc2f,39.01313093443418,-96.53564486778043,13,config_1
87bc31,39.00831303234005,-96.62106106216318,37,config_1
87bc33,39.09132840676162,-96.62106106216318,38,config_1
87bc35,39.08643800534409,-96.70659142835461,27,config_1
87bc37,39.00342561768028,-96.70659142835461,29,config_1
87bc3c,38.881155357981044,-96.6638120059594,21,config_1
87bc44,38.87125023563671,-96.83509992015557,14,config_1
87bc49,38.99846845266777,-96.7922354503473,27,config_1
87bc4b,39.081477808478205,-96.7922354503473,8,config_1
87bc4f,38.9934413005789,-96.87799260898478,20,config_1
87bc54,39.02728307622048,-97.00683933476365,8,config_1
87bc5c,38.86106497189712,-97.00683933476365,5,config_1
87bc7,38.616053199210654,-96.92091345144947,46,config_1
87bcb,38.57312758898384,-97.61142171393448,32,config_1
87bcc3,38.873181257337606,-97.48141627828754,3,config_1
87bcc5,38.86758931957107,-97.56805946490843,31,config_1
87bcc7,38.7843952282587,-97.56805946490843,23,config_1
87bccc,38.81748530710189,-97.69822718000074,38,config_1
87bcd4,38.983648923852805,-97.69822718000074,9,config_1
87bcdc,38.9949875014636,-97.52472429686226,5,config_1
87bcf,38.92841052296785,-97.26528581122331,27,config_1
87bd1,39.25994672642947,-97.26528581122331,26,config_1
87bd3,39.23780502662695,-97.61142171393448,27,config_1
87bd4c,39.47955711303487,-97.69822718000074,12,config_1
87bd54,39.643991801758894,-97.69822718000074,36,config_1
87bd5c,39.65538301953737,-97.52472429686226,3,config_1
87bd7,39.58974987306115,-97.26528581122331,17,config_1
87bd84,39.68782795787213,-97.00683933476365,7,config_1
87bd89,39.73659240308109,-96.87799260898478,1,config_1
87bd8b,39.74164559959143,-96.7922354503473,44,config_1
87bd8c4,39.678795715179554,-96.81366415379489,8,config_1
87bd8cc,39.68130369453445,-96.77081381795539,34,config_1
87bd8d4,39.64020656877074,-96.77081381795539,11,config_1
87bd8f,39.65445645430331,-96.87799260898478,18,config_1
87bd94,39.533578881320885,-96.83509992015557,33,config_1
87bd9c,39.52334514206077,-97.00683933476365,8,config_1
87bda4,39.358425323624324,-97.00683933476365,23,config_1
87bdb4,39.20328083633086,-96.83509992015557,17,config_1
87bdb9,39.329857368076034,-96.7922354503473,26,config_1
87bdbb,39.324818183566094,-96.87799260898478,7,config_1
87bdbd,39.407391407579695,-96.87799260898478,10,config_1
87bdbf,39.41243348547332,-96.7922354503473,19,config_1
87bdc4,39.37858846317301,-96.6638120059594,19,config_1
87bdc84,39.27158562378286,-96.7279917988472,8,config_1
87bdc8c,39.27405155771121,-96.68519816136498,14,config_1
87bdc94,39.23268018947911,-96.68519816136498,17,config_1
87bdc9c,39.23021497968359,-96.7279917988472,16,config_1
87bdcb,39.169342444413395,-96.70659142835461,28,config_1
87bdcc1,39.20347091579674,-96.65312159762259,5,config_1
87bdcc3,39.20469016548508,-96.6317461247182,21,config_1
87bdcc5,39.18398370147424,-96.6317461247182,15,config_1
87bdcc7,39.18276463287025,-96.65312159762259,10,config_1
87bdccc,39.15230246228071,-96.64243297020663,15,config_1
87bdcd4,39.15473135198815,-96.59969628987318,17,config_1
87bdcd9,39.18640878547041,-96.58901658214614,41,config_1
87bdcdb,39.185198417763665,-96.61037778354671,11,config_1
87bdcdd,39.205905062175056,-96.61037778354671,17,config_1
87bdcdf,39.2071156095995,-96.58901658214614,27,config_1
87bdcf,39.25703490235032,-96.62106106216318,45,config_1
87bdd1,39.26186149760622,-96.53564486778043,36,config_1
87bdd21,39.208321811495296,-96.56766252854214,10,config_1
87bdd23,39.209523671603414,-96.546315630748,5,config_1
87bdd25,39.18881649008371,-96.546315630748,12,config_1
87bdd27,39.18761480833042,-96.56766252854214,38,config_1
87bdd2c,39.15714285895166,-96.55698818466848,39,config_1
87bdd3c,39.200965452009875,-96.51430871869908,7,config_1
87bdd5,39.18381390879418,-96.45034335805805,27,config_1
87bdd7,39.266618687236296,-96.45034335805805,24,config_1
87bddc,39.388250109529636,-96.49297974540691,41,config_1
87bdf,39.63071212618312,-96.57833866136845,24,config_1
87be1,39.64951253240552,-96.23759466618242,30,config_1
87be24,39.745107744533556,-95.98325766018019,6,config_1
87be2c,39.75369035465822,-95.81428853484881,22,config_1
87be34,39.58913595232573,-95.81428853484881,24,config_1
87be3c,39.58056262153196,-95.98325766018019,2,config_1
87be5,39.33723555525053,-95.8987138825821,9,config_1
87be64,39.24133220573672,-96.15269854577356,35,config_1
87be6c,39.40674315202266,-96.15269854577356,31,config_1
87be7d,39.19311554315287,-96.28008642818537,23,config_1
87be7f,39.188499166250885,-96.3651570426858,28,config_1
87be81,39.10558322390563,-96.3651570426858,9,config_1
87be83,39.02255915730498,-96.3651570426858,12,config_1
87be85,39.02716995884374,-96.28008642818537,18,config_1
87be87,39.110196834292786,-96.28008642818537,19,config_1
87be8c,39.07548671851177,-96.15269854577356,40,config_1
87be91,38.94857463602446,-96.1951320179046,6,config_1
87be93,38.95304581575798,-96.1102943120119,12,config_1
87be95,38.86979778437486,-96.1102943120119,32,config_1
87be97,38.865329408502994,-96.1951320179046,11,config_1
87be99,38.86079281358138,-96.28008642818537,4,config_1
87be9b,38.94403519236061,-96.28008642818537,18,config_1
87be9d,38.93942724212206,-96.3651570426858,11,config_1
87be9f,38.8561877572122,-96.3651570426858,25,config_1
87bea4,38.73343633635995,-96.32260724129291,23,config_1
87beac,38.56631239711808,-96.32260724129291,23,config_1
87beb4,38.57536504233418,-96.15269854577356,27,config_1
87bebc,38.74250088271567,-96.15269854577356,31,config_1
87bed,38.672064996428546,-95.8987138825821,42,config_1
87bee4,38.926545606734564,-95.81428853484881,28,config_1
87beec,38.91801249891759,-95.98325766018019,19,config_1
87bef4,39.08430122379805,-95.98325766018019,17,config_1
87befc,39.09284485680622,-95.81428853484881,50,config_1
87bf01,39.14058513165589,-95.6878736310531,5,config_1
87bf024,39.07728339041063,-95.70892413195803,24,config_1
87bf02c,39.03573397856997,-95.70892413195803,12,config_1
87bf031,39.0476637987993,-95.67735118416228,23,config_1
87bf033,39.02688209846933,-95.67735118416228,15,config_1
87bf035,39.027903344552065,-95.6563119021834,5,config_1
87bf037,39.04868520134205,-95.6563119021834,16,config_1
87bf03c,39.07933501493963,-95.66683060756066,24,config_1
87bf044,39.081369944668396,-95.6247670227371,6,config_1
87bf04c,39.03981928584756,-95.6247670227371,29,config_1
87bf054,39.04183693641579,-95.58273343720943,12,config_1
87bf05c,39.08338821078306,-95.58273343720943,6,config_1
87bf07,39.144656843878124,-95.60374647633648,6,config_1
87bf09,39.14866193273888,-95.51973943774544,7,config_1
87bf0b,39.152600648776854,-95.43585298984118,5,config_1
87bf0d,39.06954805789384,-95.43585298984118,37,config_1
87bf0f,39.06561172279882,-95.51973943774544,23,config_1
87bf11,38.982453267844825,-95.51973943774544,22,config_1
87bf13,38.9863871857458,-95.43585298984118,24,config_1
87bf15,38.903118309988,-95.43585298984118,22,config_1
87bf17,38.89918684563306,-95.51973943774544,3,config_1
87bf1b,38.978453061192084,-95.60374647633648,43,config_1
87bf1c4,38.95460385239115,-95.66683060756066,13,config_1
87bf1cc,38.99620791119261,-95.66683060756066,24,config_1
87bf1d4,38.994157543675186,-95.70892413195803,9,config_1
87bf1dc,38.95255412047484,-95.70892413195803,8,config_1
87bf1f,38.891124929689376,-95.6878736310531,21,config_1
87bf3,38.688562914297606,-95.56172791278979,14,config_1
87bf44,38.78378113825695,-95.31025045570311,50,config_1
87bf4b,38.57282390260238,-95.35208760396613,14,config_1
87bf4c4,38.59660809094022,-95.2893432932414,30,config_1
87bf4cc,38.554730164855684,-95.2893432932414,13,config_1
87bf4d4,38.556608451988595,-95.24755182794603,12,config_1
87bf4dc,38.5984870043502,-95.24755182794603,21,config_1
87bf4f,38.66031691584518,-95.26844374824067,25,config_1
87bf54,38.62404301380947,-95.1432068497593,24,config_1
87bf5c,38.791242562371075,-95.1432068497593,45,config_1
87bf604,38.89825724832832,-95.08069182025629,6,config_1
87bf60c,38.896439301411014,-95.12236082914171,2,config_1
87bf614,38.93810513596709,-95.12236082914171,11,config_1
87bf61c,38.93992365288401,-95.08069182025629,33,config_1
87bf63,39.001465001221426,-95.10152248359266,9,config_1
87bf644,38.97790863690707,-95.16406053828862,3,config_1
87bf64c,39.01951990730153,-95.16406053828862,6,config_1
87bf654,39.01766768134431,-95.20579089039227,34,config_1
87bf65c,38.976056982930956,-95.20579089039227,49,config_1
87bf664,38.934419276818545,-95.20579089039227,47,config_1
87bf66c,38.93627035453195,-95.16406053828862,31,config_1
87bf674,38.894605095243534,-95.16406053828862,3,config_1
87bf67c,38.89275459808036,-95.20579089039227,16,config_1
87bf684,38.890887778226336,-95.24755182794603,26,config_1
87bf689,38.92260672206636,-95.23710872932412,9,config_1
87bf68b,38.943432102393345,-95.23710872932412,33,config_1
87bf68d,38.9424942388792,-95.25799683455276,22,config_1
87bf68f,38.92166900513419,-95.25799683455276,16,config_1
87bf694,38.93066810576898,-95.2893432932414,49,config_1
87bf6b,38.90698377924388,-95.35208760396613,48,config_1
87bf6c4,38.97040389487637,-95.3311652283681,40,config_1
87bf6cc,38.96848671807559,-95.37301757521422,22,config_1
87bf6d4,39.01009507620388,-95.37301757521422,14,config_1
87bf6dc,39.01201284595895,-95.3311652283681,16,config_1
87bf6e4,39.01391418233533,-95.2893432932414,22,config_1
87bf6e9,38.98223587530917,-95.29979592274293,15,config_1
87bf6eb,38.96142442692281,-95.29979592274293,19,config_1
87bf6ed,38.96237062618764,-95.27889256810529,13,config_1
87bf6ef,38.983182221386215,-95.27889256810529,31,config_1
87bf6f1,38.98412446997308,-95.25799683455276,15,config_1
87bf6f24,38.96828114591287,-95.26322005306808,6,config_1
87bf6f2c,38.957873606069704,-95.26322005306808,13,config_1
87bf6f34,38.95834361548673,-95.25277409280775,44,config_1
87bf6f3c,38.968751191854125,-95.25277409280775,5,config_1
87bf6f44,38.96922021478145,-95.24233004008052,11,config_1
87bf6f4c,38.958812601972106,-95.24233004008052,23,config_1
87bf6f54,38.95928056602023,-95.23188789578967,21,config_1
87bf6f59,38.96720329920616,-95.2292776580159,1,config_1
87bf6f5b,38.96696955908374,-95.2344982528971,32,config_1
87bf6f5d,38.972172957289025,-95.2344982528971,14,config_1
87bf6f5f,38.97240670648265,-95.2292776580159,5,config_1
87bf6f7,38.98506262502301,-95.23710872932412,28,config_1
87bf6fc,39.01579911691819,-95.24755182794603,18,config_1
87bf74,39.11687034071522,-95.31025045570311,50,config_1
87bf7c,39.12435037432493,-95.1432068497593,13,config_1
87bf9,39.369328708003344,-95.22666753958994,30,config_1
87bfb,39.35381492420033,-95.56172791278979,18,config_1
87bfc1,39.56622988931638,-95.43585298984118,15,config_1
87bfc3,39.648627140098384,-95.43585298984118,21,config_1
87bfc5,39.64467489392578,-95.51973943774544,34,config_1
87bfc7,39.56227980874311,-95.51973943774544,25,config_1
87bfcc,39.59743940845311,-95.64579506896482,36,config_1
87bfd4,39.762002783946365,-95.64579506896482,20,config_1
87bfdc,39.770047036048446,-95.47778111042308,50,config_1
87bfe4,39.77782512859454,-95.31025045570311,32,config_1
87bfec,39.61324471130742,-95.31025045570311,40,config_1
87bff4,39.620750599932535,-95.1432068497593,41,config_1
87bffc,39.78533909274184,-95.1432068497593,45,config_1
86401,28.75887806796988,-95.22666753958994,11,config_1
86403,28.745535640847187,-95.56172791278979,2,config_1
86405,29.117003063177254,-95.56172791278979,45,config_1
86407,29.13045458011176,-95.22666753958994,50,config_1
864084,29.411783097863623,-95.1432068497593,14,config_1
86408c,29.405246620194973,-95.31025045570311,42,config_1
864091,29.545744950560213,-95.26844374824067,8,config_1
864093,29.542409840682772,-95.35208760396613,14,config_1
864095,29.63489097328992,-95.35208760396613,30,config_1
864097,29.638232512584,-95.26844374824067,17,config_1
8640984,29.663814642902533,-95.20579089039227,1,config_1
864098c,29.66544313328005,-95.16406053828862,5,config_1
8640994,29.619210417061748,-95.16406053828862,46,config_1
86409b,29.549022710756017,-95.18492188756028,16,config_1
86409c4,29.574573773654336,-95.12236082914171,13,config_1
86409cc,29.528309549982247,-95.12236082914171,21,config_1
86409d4,29.529904844669012,-95.08069182025629,20,config_1
86409dc,29.576170610712374,-95.08069182025629,25,config_1
86409f,29.644743422580678,-95.10152248359266,15,config_1
8640a1,29.737183268903483,-95.10152248359266,36,config_1
8640a3,29.733950268054524,-95.18492188756028,21,config_1
8640a5,29.82632312731493,-95.18492188756028,21,config_1
8640a7,29.829562259158834,-95.10152248359266,9,config_1
8640ab,30.014135219826922,-95.10152248359266,1,config_1
8640ad,30.010883939201115,-95.18492188756028,39,config_1
8640af,29.9186345546196,-95.18492188756028,26,config_1
8640b1,29.91533175390215,-95.26844374824067,10,config_1
8640b3,30.00757497431918,-95.26844374824067,28,config_1
8640b44,29.982001476399443,-95.3311652283681,44,config_1
8640b4c,30.028105140901616,-95.3311652283681,4,config_1
8640b54,30.02640640677736,-95.37301757521422,13,config_1
8640b7,29.911971160355836,-95.35208760396613,5,config_1
8640b84,29.84190474365524,-95.37301757521422,1,config_1
8640b89,29.80685808698063,-95.3834854069277,8,config_1
8640b8b,29.783772436252782,-95.3834854069277,31,config_1
8640b8d,29.7846212533601,-95.36255164058957,18,config_1
8640b8f,29.80770730563051,-95.36255164058957,2,config_1
8640b94,29.797431500631728,-95.3311652283681,5,config_1
8640b9c,29.843597139913783,-95.3311652283681,7,config_1
8640bb,29.82302652918589,-95.26844374824067,12,config_1
8640bd,29.730659910901096,-95.26844374824067,21,config_1
8640be4,29.705054390204594,-95.3311652283681,41,config_1
8640bec,29.751250558499148,-95.3311652283681,27,config_1
8640bf1,29.738437698391227,-95.36255164058957,19,config_1
8640bf21,29.753188862812177,-95.35470343513451,6,config_1
8640bf23,29.752977474814486,-95.35993545346048,44,config_1
8640bf25,29.758750670206737,-95.35993545346048,14,config_1
8640bf264,29.760352517554296,-95.35601139522002,2,config_1
8640bf26b,29.756717903599334,-95.35666538638733,3,config_1
8640bf26d,29.7567707403977,-95.355357411469,40,config_1
8640bf26f,29.758214029857335,-95.355357411469,10,config_1
8640bf274,29.75757161688663,-95.35339550471595,1,config_1
8640bf27c,29.76045817074568,-95.35339550471595,1,config_1
8640bf2c,29.76751577043639,-95.35731938497071,47,config_1
8640bf34,29.767092417044502,-95.36778437070875,40,config_1
8640bf384,29.759717412043734,-95.37170922962038,28,config_1
8640bf38c,29.756830902118246,-95.37170922962038,4,config_1
8640bf394,29.75693688801669,-95.36909262736586,9,config_1
8640bf39c,29.759823404228577,-95.36909262736586,45,config_1
8640bf3b,29.758539031163856,-95.36516794634375,47,config_1
8640bf3d,29.7527658608813,-95.36516794634375,27,config_1
8640bf3f,29.752554020960133,-95.37040091367032,25,config_1
8640bf44,29.755122420677502,-95.3782512539919,30,config_1
8640bf49,29.763887956909844,-95.37563435532616,15,config_1
8640bf4d,29.76944823303847,-95.38086827119717,8,config_1
8640bf4f,29.763675614482754,-95.38086827119717,28,config_1
8640bf54,29.76624299685656,-95.38872003390745,25,config_1
8640bf5c,29.754697359043963,-95.38872003390745,11,config_1
8640bf7,29.737589686222247,-95.3834854069277,49,config_1
8640bf81,29.722835613612332,-95.39133752512811,36,config_1
8640bf83,29.723048231637655,-95.38610266116922,17,config_1
8640bf85,29.71727373701765,-95.38610266116922,5,config_1
8640bf864,29.715670657725394,-95.39002876470836,22,config_1
8640bf86c,29.718557954803433,-95.39002876470836,19,config_1
8640bf874,29.718451598759778,-95.3926463151649,16,config_1
8640bf87c,29.715564308012226,-95.3926463151649,19,config_1
8640bf8c,29.708505301670417,-95.38872003390745,16,config_1
8640bf9c,29.720479498197996,-95.3782512539919,14,config_1
8640bfb,29.715340214875358,-95.36255164058957,2,config_1
8640bfd,29.692238940145113,-95.36255164058957,1,config_1
8640bff,29.691391735384382,-95.3834854069277,3,config_1
8640c004,29.684978227474016,-95.39919070954187,6,config_1
8640c00c,29.696529456636174,-95.39919070954187,2,config_1
8640c019,29.687333121856852,-95.4122817185466,25,config_1
8640c01b,29.687546492032677,-95.4070449597832,6,config_1
8640c01d,29.681770679380723,-95.4070449597832,29,config_1
8640c01f,29.681557334675652,-95.4122817185466,3,config_1
8640c03,29.689686479995785,-95.42537568639597,2,config_1
8640c05,29.712786537454228,-95.42537568639597,6,config_1
8640c064,29.71920250888754,-95.40966327998085,11,config_1
8640c06c,29.70765327396751,-95.40966327998085,6,config_1
8640c074,29.708079740068232,-95.39919070954187,22,config_1
8640c07c,29.719629076567927,-95.39919070954187,31,config_1
8640c09,29.736738056395403,-95.40442675796797,33,config_1
8640c0b,29.759830931794607,-95.40442675796797,33,config_1
8640c0d,29.758975274700145,-95.42537568639597,7,config_1
8640c0f,29.735882805558074,-95.42537568639597,20,config_1
8640c11,29.73502393036115,-95.44633218488474,12,config_1
8640c13,29.75811599150374,-95.44633218488474,25,config_1
8640c15,29.757253078857957,-95.46729624609469,40,config_1
8640c17,29.734161427459075,-95.46729624609469,38,config_1
8640c1c,29.69994822955784,-95.45681327060878,31,config_1
8640c24,29.698217197659083,-95.49875650192564,41,config_1
8640c2c,29.69647163206253,-95.54072991049888,26,config_1
8640c34,29.74265962770855,-95.54072991049888,17,config_1
8640c39,29.75551635184641,-95.50924702725706,6,config_1
8640c3b,29.732425525174936,-95.50924702725706,10,config_1
8640c3d,29.73329529350982,-95.48826786267372,34,config_1
8640c3f,29.75638653341895,-95.48826786267372,16,config_1
8640c44,29.790581307705427,-95.49875650192564,29,config_1
8640c4c,29.788832422208486,-95.54072991049888,10,config_1
8640c5c,29.836740476700573,-95.49875650192564,16,config_1
8640c64,29.83847643890792,-95.45681327060878,2,config_1
8640c6c,29.79231563152323,-95.45681327060878,17,config_1
8640c74,29.794035420406473,-95.41490027546612,46,config_1
8640c7c,29.840197852282465,-95.41490027546612,4,config_1
8640c9,29.908552557634437,-95.43585298984118,22,config_1
8640cb,30.000783121883035,-95.43585298984118,36,config_1
8640cc4,29.975125522056363,-95.49875650192564,13,config_1
8640ccc,30.021222796123396,-95.49875650192564,9,config_1
8640cd1,30.008383799435176,-95.53023373246742,2,config_1
8640cd3,30.031427916091115,-95.53023373246742,6,config_1
8640cd5,30.030545501229536,-95.55122797091491,41,config_1
8640cd7,30.007501793639594,-95.55122797091491,2,config_1
8640cdc,29.97337005785178,-95.54072991049888,14,config_1
8640cf,29.905075730285553,-95.51973943774544,19,config_1
8640d1,29.90154046376445,-95.60374647633648,15,config_1
8640d3,29.99375793159597,-95.60374647633648,37,config_1
8640d5,29.990157297804974,-95.6878736310531,6,config_1
8640d7,29.897946544447922,-95.6878736310531,8,config_1
8640d9,29.80567398894661,-95.6878736310531,19,config_1
8640db,29.809261152012425,-95.60374647633648,26,config_1
8640dd,29.716920606916624,-95.60374647633648,46,config_1
8640df,29.713340241837486,-95.6878736310531,8,config_1
8640e1,29.62094591645373,-95.6878736310531,22,config_1
8640e3,29.52849162890917,-95.6878736310531,23,config_1
8640e5,29.532058272977306,-95.60374647633648,4,config_1
8640e64,29.602293587430385,-95.58273343720943,14,config_1
8640e6c,29.60052227132582,-95.6247670227371,25,config_1
8640e74,29.646737050815204,-95.6247670227371,18,config_1
8640e7c,29.648510067859448,-95.58273343720943,13,config_1
8640e9,29.62803465150196,-95.51973943774544,36,config_1
8640eb,29.631491757606344,-95.43585298984118,30,config_1
8640ed,29.539017166677585,-95.43585298984118,1,config_1
8640f4,29.39848099246645,-95.47778111042308,8,config_1
8640f8c,29.322922152536442,-95.6247670227371,1,config_1
8640f94,29.36922552687509,-95.6247670227371,50,config_1
8640f9c,29.370988260896937,-95.58273343720943,14,config_1
8640fd,29.435977998081885,-95.6878736310531,1,config_1
8640ff,29.343405645597638,-95.6878736310531,3,config_1
86411,29.47307845952827,-95.8987138825821,40,config_1
864121,29.709701236242783,-95.77212042411867,16,config_1
864123,29.70600337933692,-95.85648637454487,13,config_1
864125,29.7983231915343,-95.85648637454487,12,config_1
864127,29.802028072543287,-95.77212042411867,47,config_1
86412c,29.938553218054942,-95.81428853484881,33,config_1
864134,29.931003804263764,-95.98325766018019,12,config_1
86413c,29.746507912083302,-95.98325766018019,7,config_1
86415,29.82703651809303,-96.23759466618242,38,config_1
86417,29.457649738535203,-96.23759466618242,5,config_1
8641c,28.909559669047898,-96.06791937864303,45,config_1
86424,28.87717828684354,-96.74939926474936,48,config_1
8642c,28.84094667826595,-97.43813547748366,23,config_1
86431,29.405581159562757,-97.26528581122331,14,config_1
86433,29.386255454990476,-97.61142171393448,8,config_1
864344,29.66792572053576,-97.52472429686226,23,config_1
86434c,29.657954946010832,-97.69822718000074,33,config_1
864354,29.842115769776036,-97.69822718000074,28,config_1
86437,29.774566907521518,-97.26528581122331,17,config_1
86439,29.79304093138284,-96.92091345144947,32,config_1
8643b,29.423913844581186,-96.92091345144947,1,config_1
8643d,29.44126583219853,-96.57833866136845,1,config_1
8643f,29.81052655613212,-96.57833866136845,29,config_1
864404,30.09107568541108,-96.49297974540691,13,config_1
86440c,30.082530144728995,-96.6638120059594,22,config_1
864414,30.26640591033018,-96.6638120059594,2,config_1
86441c,30.274982723493174,-96.49297974540691,16,config_1
86443,30.54608064465715,-96.57833866136845,12,config_1
86445,30.528337493253847,-96.92091345144947,9,config_1
86447,30.16119503839945,-96.92091345144947,38,config_1
864484,30.05541040352556,-97.17902604633225,22,config_1
86448c,30.239186815260794,-97.17902604633225,10,config_1
864494,30.229612257376058,-97.35165580142355,17,config_1
86449c,30.045870833475142,-97.35165580142355,38,config_1
8644a4,30.03607884049197,-97.52472429686226,19,config_1
8644a9,29.982609756796013,-97.65481097525692,9,config_1
8644ab,29.977527745120877,-97.74167025909962,2,config_1
8644ad,30.069419836812664,-97.74167025909962,19,config_1
8644af,30.074511249471257,-97.65481097525692,33,config_1
8644b01,30.13381298735294,-97.62226649954944,12,config_1
8644b03,30.132550661473243,-97.64396113128684,35,config_1
8644b05,30.1555067870921,-97.64396113128684,5,config_1
8644b07,30.156769690325778,-97.62226649954944,1,config_1
8644b0c,30.190565973865667,-97.63311297235884,19,config_1
8644b14,30.18803044328275,-97.67651571401332,42,config_1
8644b1c,30.142127804854848,-97.67651571401332,17,config_1
8644b24,30.139578595358312,-97.71994536457991,10,config_1
8644b2c,30.137013370225088,-97.76340185489671,2,config_1
8644b34,30.18291133722534,-97.76340185489671,45,config_1
8644b3c,30.1854789055697,-97.71994536457991,45,config_1
8644b41,30.220533601980172,-97.70908543300678,10,config_1
8644b43,30.243472191103947,-97.70908543300678,25,config_1
8644b444,30.236777478844356,-97.7253759594911,6,config_1
8644b44c,30.2482455635664,-97.7253759594911,22,config_1
8644b454,30.247603872998035,-97.73623840688633,19,config_1
8644b45c,30.23613593368463,-97.73623840688633,7,config_1
8644b47,30.219252953826178,-97.73080697363837,18,config_1
8644b49,30.217968293742025,-97.75253521988041,32,config_1
8644b4b,30.21667961879742,-97.7742701630638,26,config_1
8644b4d,30.2396164588302,-97.7742701630638,45,config_1
8644b4e4,30.246317480247,-97.7579683281769,32,config_1
8644b4ec,30.234849832450614,-97.7579683281769,17,config_1
8644b4f4,30.235493385008866,-97.7471025301428,6,config_1
8644b4f9,30.24425508191273,-97.74438634227594,3,config_1
8644b4fb,30.24393350196799,-97.74981882268327,17,config_1
8644b4fc4,30.248314173427435,-97.7484606633299,17,config_1
8644b4fcc,30.24815330703374,-97.75117700820081,20,config_1
8644b4fd4,30.25102005562942,-97.75117700820081,2,config_1
8644b4fdc,30.25118093113125,-97.7484606633299,29,config_1
8644b4ff,30.24998874878157,-97.74438634227594,1,config_1
8644b501,30.255722167304103,-97.74438634227594,2,config_1
8644b503,30.255400514523487,-97.74981882268327,8,config_1
8644b5044,30.259780831612613,-97.7484606633299,11,config_1
8644b504c,30.25961992879726,-97.75117700820081,20,config_1
8644b5054,30.262486428919715,-97.75117700820081,39,config_1
8644b505c,30.262647340835965,-97.7484606633299,32,config_1
8644b5064,30.262808189972084,-97.74574442312411,46,config_1
8644b506c,30.259941671651475,-97.74574442312411,26,config_1
8644b5074,30.260102448919564,-97.7430282876004,6,config_1
8644b507c,30.262968976333788,-97.7430282876004,16,config_1
8644b5081,30.265159019583933,-97.74234927007802,2,config_1
8644b5083,30.266592237797234,-97.74234927007802,17,config_1
8644b5085,30.2665118546279,-97.74370731166645,24,config_1
8644b5087,30.26507863868687,-97.74370731166645,12,config_1
8644b508c,30.26567464612546,-97.74574442312411,35,config_1
8644b5094,30.2685410400935,-97.74574442312411,33,config_1
8644b5099,30.269378239864274,-97.74370731166645,7,config_1
8644b509b,30.267945055021126,-97.74370731166645,16,config_1
8644b509c4,30.268363643668135,-97.74268877802123,9,config_1
8644b509cc,30.267647046506863,-97.74268877802123,40,config_1
8644b509d4,30.267687235020183,-97.74200976377081,11,config_1
8644b509dc,30.268403832749375,-97.74200976377081,4,config_1
8644b509f,30.26945862757747,-97.74234927007802,23,config_1
8644b50a4,30.27156818548978,-97.7430282876004,23,config_1
8644b50ac,30.274434464119185,-97.7430282876004,12,config_1
8644b50b4,30.274273641401102,-97.74574442312411,6,config_1
8644b50bc,30.271407371858086,-97.74574442312411,30,config_1
8644b50d,30.27259916941805,-97.74981882268327,17,config_1
8644b50e4,30.268219242655686,-97.75117700820081,19,config_1
8644b50ec,30.268380172768296,-97.7484606633299,30,config_1
8644b50f4,30.2655137878939,-97.7484606633299,30,config_1
8644b50fc,30.265352866878562,-97.75117700820081,4,config_1
8644b5104,30.265191883073722,-97.75389345771993,15,config_1
8644b510c,30.265030836473645,-97.7566100118703,29,config_1
8644b5114,30.267897194045297,-97.7566100118703,2,config_1
8644b511c,30.268058249749927,-97.75389345771993,10,config_1
8644b513,30.272277156309126,-97.75525172171726,23,config_1
8644b515,30.271954891971436,-97.76068503924238,5,config_1
8644b517,30.26622232854701,-97.76068503924238,26,config_1
8644b519,30.260489516384794,-97.76068503924238,13,config_1
8644b51b,30.26081170785689,-97.75525172171726,29,config_1
8644b51d,30.255078610647292,-97.75525172171726,2,config_1
8644b51f,30.25475645562972,-97.76068503924238,11,config_1
8644b524,30.25713928618482,-97.76883579990425,13,config_1
8644b52c,30.2564934321953,-97.7797049442397,8,config_1
8644b534,30.267958800944186,-97.7797049442397,10,config_1
8644b539,30.27130960942661,-97.7715529292235,29,config_1
8644b53a4,30.266929540720753,-97.77291153307958,11,config_1
8644b53ac,30.264063237852934,-97.77291153307958,3,config_1
8644b53b4,30.264224661344546,-97.77019435149768,15,config_1
8644b53bc,30.26709097333877,-97.77019435149768,48,config_1
8644b53c1,30.26792857656061,-97.76815653390783,47,config_1
8644b53c3,30.26800924688568,-97.76679802151695,11,config_1
8644b53c5,30.26657610073306,-97.76679802151695,2,config_1
8644b53c7,30.266495432687996,-97.76815653390783,8,config_1
8644b53cc,30.264386022006605,-97.7674772744453,13,config_1
8644b53d4,30.264547319844826,-97.76476030193942,9,config_1
8644b53dc,30.267413650080943,-97.76476030193942,20,config_1
8644b53f,30.271632376359193,-97.766118775123,7,config_1
8644b55,30.2854782232638,-97.7742701630638,50,config_1
8644b564,30.29217813033133,-97.7579683281769,8,config_1
8644b56c,30.280714461294178,-97.7579683281769,33,config_1
8644b574,30.281358596658503,-97.7471025301428,50,config_1
8644b57c,30.29282241110771,-97.7471025301428,21,config_1
8644b584,30.293465686836736,-97.73623840688633,47,config_1
8644b58c,30.294107957885412,-97.7253759594911,12,config_1
8644b594,30.28264385330985,-97.7253759594911,49,config_1
8644b599,30.279296198136517,-97.73352263788321,16,config_1
8644b59a3,30.28291902901876,-97.73284371200025,17,config_1
8644b59a5,30.28435207638048,-97.73284371200025,28,config_1
8644b59a7,30.28443236123228,-97.73148587987757,28,config_1
8644b59ac,30.286541764302758,-97.73216479266495,5,config_1
8644b59b4,30.28638115641391,-97.73488050929105,27,config_1
8644b59bc,30.28351509964338,-97.73488050929105,10,config_1
8644b59c4,30.283354438042217,-97.73759633066695,14,config_1
8644b59cc,30.286220485744497,-97.73759633066695,29,config_1
8644b59d4,30.286059752288764,-97.7403122567757,34,config_1
8644b59dc,30.283193713658374,-97.7403122567757,20,config_1
8644b59e4,30.28032761273038,-97.7403122567757,11,config_1
8644b59ec,30.280488328040533,-97.73759633066695,22,config_1
8644b59f4,30.277622155757555,-97.73759633066695,7,config_1
8644b59fc,30.277461449522907,-97.7403122567757,13,config_1
8644b5a004,30.275609787004527,-97.74133075606447,3,config_1
8644b5a00c,30.274893227597772,-97.74133075606447,2,config_1
8644b5a014,30.27493341394148,-97.74065175490249,46,config_1
8644b5a01c,30.275649973915755,-97.74065175490249,6,config_1
8644b5a03,30.27535196699923,-97.73963326543073,26,config_1
8644b5a05,30.273918837567617,-97.73963326543073,4,config_1
8644b5a064,30.273500282322207,-97.74065175490249,14,config_1
8644b5a06c,30.274216850076865,-97.74065175490249,39,config_1
8644b5a074,30.274176664300718,-97.74133075606447,8,config_1
8644b5a07c,30.27346009711365,-97.74133075606447,3,config_1
8644b5a0c,30.271728936341884,-97.7403122567757,28,config_1
8644b5a14,30.271889624420123,-97.73759633066695,8,config_1
8644b5a1c,30.274755921211383,-97.73759633066695,8,config_1
8644b5a3,30.27356370183042,-97.73352263788321,32,config_1
8644b5a5,30.26783095656935,-97.73352263788321,40,config_1
8644b5a61,30.265480386254406,-97.73691736550359,4,config_1
8644b5a63,30.265400068123025,-97.73827530237608,27,config_1
8644b5a65,30.266833293150405,-97.73827530237608,14,config_1
8644b5a67,30.266913613552244,-97.73691736550359,20,config_1
8644b5a6c,30.269023265401874,-97.73759633066695,12,config_1
8644b5a74,30.268862586404552,-97.7403122567757,38,config_1
8644b5a79,30.266672605273623,-97.74099125466542,11,config_1
8644b5a7b,30.266752957057772,-97.73963326543073,41,config_1
8644b5a7d,30.265319734301297,-97.73963326543073,30,config_1
8644b5a7f,30.265239384788508,-97.74099125466542,15,config_1
8644b5a84,30.263129699926807,-97.7403122567757,38,config_1
8644b5a8c,30.263290360756884,-97.73759633066695,8,config_1
8644b5a94,30.260423815166355,-97.73759633066695,10,config_1
8644b5a9c,30.260263163422614,-97.7403122567757,3,config_1
8644b5ab,30.256043569034944,-97.73895428063078,8,config_1
8644b5ad,30.25636471976185,-97.73352263788321,2,config_1
8644b5af,30.26209796249819,-97.73352263788321,34,config_1
8644b5b4,30.259712654991283,-97.7253759594911,46,config_1
8644b5bc,30.271178751958903,-97.7253759594911,33,config_1
8644b5c4,30.271819729150224,-97.71451518904006,14,config_1
8644b5cc,30.260353487237552,-97.71451518904006,20,config_1
8644b5d4,30.260993316235812,-97.70365609661529,13,config_1
8644b5dc,30.272459702860885,-97.70365609661529,8,config_1
8644b5e4,30.28392509363895,-97.70365609661529,9,config_1
8644b5ec,30.28328497533096,-97.71451518904006,24,config_1
8644b5f4,30.29474922462105,-97.71451518904006,20,config_1
8644b5fc,30.295389487411274,-97.70365609661529,16,config_1
8644b61,30.290615819693386,-97.68737060664283,17,config_1
8644b63,30.291890182353978,-97.66566250319175,13,config_1
8644b65,30.268958392564418,-97.66566250319175,8,config_1
8644b67,30.26768460550623,-97.68737060664283,20,config_1
8644b6c,30.233917282986884,-97.67651571401332,42,config_1
8644b74,30.236455119517007,-97.63311297235884,16,config_1
8644b7c,30.28232838471177,-97.63311297235884,50,config_1
8644b9,30.263172218357187,-97.56805946490843,46,config_1
8644bb,30.17138708365198,-97.56805946490843,28,config_1
8644bd,30.176360124860473,-97.48141627828754,15,config_1
8644bf,30.26815430499208,-97.48141627828754,7,config_1
8644c1,30.359884714001875,-97.48141627828754,4,config_1
8644c3,30.45155075921632,-97.48141627828754,1,config_1
8644c5,30.446550753894954,-97.56805946490843,42,config_1
8644c7,30.354893639314973,-97.56805946490843,40,config_1
8644c84,30.32818569519738,-97.63311297235884,20,config_1
8644c8c,30.374026976898957,-97.63311297235884,33,config_1
8644c94,30.37148226637379,-97.67651571401332,33,config_1
8644c99,30.336466265724916,-97.68737060664283,15,config_1
8644c9b,30.337741776840602,-97.66566250319175,6,config_1
8644c9d,30.31481798019907,-97.66566250319175,23,config_1
8644c9f,30.313543042852594,-97.68737060664283,40,config_1
8644ca1,30.312264092015766,-97.70908543300678,45,config_1
8644ca3,30.335186739267012,-97.70908543300678,28,config_1
8644ca5,30.333903194517802,-97.73080697363837,39,config_1
8644ca64,30.316390611482817,-97.73623840688633,10,config_1
8644ca6c,30.317033172078972,-97.7253759594911,38,config_1
8644ca74,30.305571064527562,-97.7253759594911,15,config_1
8644ca7c,30.30492864864741,-97.73623840688633,18,config_1
8644ca9,30.30969413808674,-97.75253521988041,39,config_1
8644cab,30.30840312911488,-97.7742701630638,40,config_1
8644cad,30.33132403837413,-97.7742701630638,32,config_1
8644caf,30.33261562853321,-97.75253521988041,28,config_1
8644cb1,30.355533112212537,-97.75253521988041,21,config_1
8644cb3,30.354240941794448,-97.7742701630638,10,config_1
8644cb5,30.377153830139825,-97.7742701630638,48,config_1
8644cb7,30.37844657988857,-97.75253521988041,27,config_1
8644cb9,30.37973530175709,-97.73080697363837,27,config_1
8644cbb,30.35682125660186,-97.73080697363837,28,config_1
8644cbd,30.358105377903247,-97.70908543300678,21,config_1
8644cbf,30.38101999868797,-97.70908543300678,15,config_1
8644cc1,30.40393059239583,-97.70908543300678,15,config_1
8644cc3,30.426837149812627,-97.70908543300678,31,config_1
8644cc5,30.425551304391494,-97.73080697363837,13,config_1
8644cc7,30.40264532075831,-97.73080697363837,27,config_1
8644ccc,30.41216292673331,-97.76340185489671,45,config_1
8644cd4,30.45796507707318,-97.76340185489671,28,config_1
8644cdc,30.46054654931995,-97.71994536457991,19,config_1
8644ce1,30.473921079837318,-97.68737060664283,9,config_1
8644ce3,30.475200014308573,-97.66566250319175,19,config_1
8644ce5,30.452300418705654,-97.66566250319175,13,config_1
8644ce7,30.45102205250002,-97.68737060664283,24,config_1
8644cec,30.41730516868771,-97.67651571401332,47,config_1
8644cf1,30.430670543840748,-97.64396113128684,15,config_1
8644cf3,30.407762276119787,-97.64396113128684,9,config_1
8644cf5,30.4090314701627,-97.62226649954944,13,config_1
8644cf7,30.431940304308643,-97.62226649954944,25,config_1
8644cfc,30.465661158541877,-97.63311297235884,33,config_1
8644d01,30.500642475037093,-97.62226649954944,4,config_1
8644d03,30.499371020765935,-97.64396113128684,2,config_1
8644d05,30.522263040391483,-97.64396113128684,21,config_1
8644d07,30.523535057439314,-97.62226649954944,29,config_1
8644d0c,30.557230340613078,-97.63311297235884,27,config_1
8644d14,30.554676567170848,-97.67651571401332,25,config_1
8644d19,30.519706930980796,-97.68737060664283,18,config_1
8644d1b,30.520986999229656,-97.66566250319175,8,config_1
8644d1d,30.498095544206485,-97.66566250319175,32,config_1
8644d1f,30.496816042387433,-97.68737060664283,22,config_1
8644d24,30.506334763213278,-97.71994536457991,37,config_1
8644d2c,30.503750999569316,-97.76340185489671,25,config_1
8644d34,30.549520620869643,-97.76340185489671,6,config_1
8644d3c,30.5521066684982,-97.71994536457991,1,config_1
8644d5,30.619441080748068,-97.74167025909962,10,config_1
8644d7,30.624587664456687,-97.65481097525692,45,config_1
8644dc,30.586429233124328,-97.52472429686226,37,config_1
8644e4,30.596327671099555,-97.35165580142355,50,config_1
8644ec,30.413099450534897,-97.35165580142355,23,config_1
8644f4,30.422708554685855,-97.17902604633225,8,config_1
8644fc,30.60597087929084,-97.17902604633225,19,config_1
86451,30.875552911543373,-97.26528581122331,20,config_1
864524,30.76935921132166,-97.52472429686226,23,config_1
86452c,30.759168500541627,-97.69822718000074,50,config_1
864534,30.941795588388977,-97.69822718000074,9,config_1
86453c,30.95202132625006,-97.52472429686226,17,config_1
864544,31.134410975560733,-97.52472429686226,21,config_1
86454c,31.12415067754111,-97.69822718000074,47,config_1
864554,31.30622921317026,-97.69822718000074,4,config_1
86455c,31.316523604036643,-97.52472429686226,1,config_1
86457,31.24043139419716,-97.26528581122331,45,config_1
86459,31.259436402354897,-96.92091345144947,8,config_1
8645b,30.894430349680523,-96.92091345144947,15,config_1
8645d,30.912297369318143,-96.57833866136845,43,config_1
8645f,31.277424016327995,-96.57833866136845,5,config_1
86461,31.294407434020147,-96.23759466618242,7,config_1
86463,31.310400134786356,-95.8987138825821,32,config_1
86465,30.945052776165177,-95.8987138825821,26,config_1
86467,30.92916705590055,-96.23759466618242,7,config_1
864681,30.694150983541395,-96.3651570426858,19,config_1
8646824,30.624384721939812,-96.38644279430395,2,config_1
8646834,30.580628730991076,-96.34387852238766,31,config_1
8646838c,30.621513870571384,-96.32792438246062,1,config_1
86468394,30.620996449559634,-96.33856002313097,42,config_1
86468399,30.612273280104844,-96.34121921619534,33,config_1
8646839b,30.612532187739795,-96.33590094320995,4,config_1
8646839d,30.60680272601782,-96.33590094320995,28,config_1
8646839f,30.60654384682535,-96.34121921619534,34,config_1
864683b,30.61448954577506,-96.35451687812872,24,config_1
864683f,30.638440986550872,-96.33324197644764,9,config_1
864685,30.606641518267146,-96.28008642818537,18,config_1
864687,30.698288568554723,-96.28008642818537,2,config_1
86468c,30.658559485538582,-96.15269854577356,2,config_1
864694,30.475111540338677,-96.15269854577356,3,config_1
86469c,30.46699481668603,-96.32260724129291,4,config_1
8646a4,30.283314126556967,-96.32260724129291,15,config_1
8646ac,30.09937672649699,-96.32260724129291,45,config_1
8646b4,30.1074349063871,-96.15269854577356,12,config_1
8646bc,30.291401765279545,-96.15269854577356,5,config_1
8646c4,30.29924730229898,-95.98325766018019,4,config_1
8646cc,30.115251880351753,-95.98325766018019,14,config_1
8646d4,30.122829320084946,-95.81428853484881,8,config_1
8646dc,30.306852416686187,-95.81428853484881,34,config_1
8646f,30.578609331417873,-95.8987138825821,2,config_1
864704,30.68153941812611,-95.64579506896482,10,config_1
86470c,30.688719637347102,-95.47778111042308,46,config_1
864714,30.505165514083227,-95.47778111042308,3,config_1
86471c,30.498010554295305,-95.64579506896482,3,config_1
864724,30.314218803497837,-95.64579506896482,5,config_1
86472c,30.130168913258153,-95.64579506896482,26,config_1
864731,30.181559860768246,-95.51973943774544,29,config_1
864733,30.08946138007494,-95.51973943774544,19,config_1
8647344,30.115115964029908,-95.45681327060878,14,config_1
864734c,30.06904848487557,-95.45681327060878,16,config_1
8647354,30.07077794553811,-95.41490027546612,17,config_1
864735c,30.116847019100266,-95.41490027546612,13,config_1
864736c,30.161167623381278,-95.45681327060878,36,config_1
8647374,30.207203387661206,-95.45681327060878,27,config_1
86473c,30.321348173329742,-95.47778111042308,16,config_1
86475,30.239577135436164,-95.22666753958994,44,config_1
86477,30.607284196351138,-95.22666753958994,1,config_1
8647c,31.149953835575754,-95.39395513481692,28,config_1
86484,31.87866254966999,-95.39395513481692,28,config_1
86489,31.67461494243392,-95.8987138825821,4,config_1
8648b,31.658518180588914,-96.23759466618242,41,config_1
8648c4,31.9349750509088,-96.15269854577356,5,config_1
8648cc,31.926639159490318,-96.32260724129291,11,config_1
8648d4,32.107801562327275,-96.32260724129291,7,config_1
8648d9,32.15934467529481,-96.1951320179046,1,config_1
8648df96cd600b19,32.19231995995745,-96.09638199462525,106,config_1
8648df9c,32.19199403454932,-96.10499584170577,2,config_1
8648f,32.037661507948876,-95.8987138825821,12,config_1
86491,32.399504925591955,-95.8987138825821,44,config_1
86493,32.38320880787125,-96.23759466618242,5,config_1
86495,32.74371967257475,-96.23759466618242,41,config_1
86497,32.76011108576356,-95.8987138825821,12,config_1
86499,32.775500744794876,-95.56172791278979,19,config_1
8649b,32.41480521961503,-95.56172791278979,39,config_1
8649d,32.429124013735745,-95.22666753958994,46,config_1
8649f,32.789903077224324,-95.22666753958994,21,config_1
864a1,33.14940627154632,-95.22666753958994,15,config_1
864a3,33.13492296748878,-95.56172791278979,19,config_1
864a5,33.49303940316323,-95.56172791278979,21,config_1
864a7,33.50760111659923,-95.22666753958994,2,config_1
864ac,34.035158804423595,-95.39395513481692,20,config_1
864b1,33.83417706448965,-95.8987138825821,2,config_1
864b24,34.10482632729938,-95.81428853484881,2,config_1
864b31,34.23179046100148,-95.94097099813557,12,config_1
864b33,34.3203603649116,-95.94097099813557,23,config_1
864b35,34.31623142999711,-96.02557380749096,43,config_1
864b44,34.08836047863795,-96.15269854577356,17,config_1
864b4b,34.312038048177655,-96.1102943120119,24,config_1
864b4d,34.307779991236345,-96.1951320179046,26,config_1
864b4f,34.219225366619824,-96.1951320179046,36,config_1
864b54,34.25700871940796,-96.32260724129291,32,config_1
864b59,34.12189366842541,-96.3651570426858,44,config_1
864b5b,34.12627103793401,-96.28008642818537,32,config_1
864b5d,34.03754762320829,-96.28008642818537,18,config_1
864b5e4,34.01208142500722,-96.34387852238766,2,config_1
864b5ec,34.056462709003625,-96.34387852238766,14,config_1
864b5f4,34.05425979383615,-96.38644279430395,28,config_1
864b5f9,34.020423867333,-96.39708837939105,17,config_1
864b5fb,34.021528879858415,-96.37579901507307,11,config_1
864b5fd,33.99933336326806,-96.37579901507307,13,config_1
864b5ff,33.998228696241654,-96.39708837939105,20,config_1
864b64,33.90212704336604,-96.32260724129291,47,config_1
864b6c,33.91072499634314,-96.15269854577356,6,config_1
864b74,33.73274675623562,-96.15269854577356,1,config_1
864bc,33.29049058697478,-96.06791937864303,43,config_1
864c01,32.95759950886903,-96.45034335805805,20,config_1
864c03,32.95316809529106,-96.53564486778043,27,config_1
864c05,33.042877472244285,-96.53564486778043,22,config_1
864c07,33.04731506853418,-96.45034335805805,7,config_1
864c0c,33.179521266031784,-96.49297974540691,6,config_1
864c11,33.12799760051932,-96.62106106216318,30,config_1
864c13,33.21753861467271,-96.62106106216318,32,config_1
864c15,33.21295904965995,-96.70659142835461,8,config_1
864c17,33.12342430210061,-96.70659142835461,38,config_1
864c184,33.05506760215587,-96.7279917988472,13,config_1
864c18c,33.010240181258524,-96.7279917988472,23,config_1
864c194,33.01253910989555,-96.68519816136498,25,config_1
864c19c,33.05736812791373,-96.68519816136498,25,config_1
864c1b,33.03837529168963,-96.62106106216318,28,config_1
864c1c4,32.969971036332154,-96.64243297020663,25,config_1
864c1cc,32.97223594187435,-96.59969628987318,25,config_1
864c1d4,32.927363487324705,-96.59969628987318,9,config_1
864c1d9,32.914446564344395,-96.6317461247182,15,config_1
864c1db,32.93688721190377,-96.6317461247182,10,config_1
864c1dd,32.935751308983626,-96.65312159762259,18,config_1
864c1df,32.91331106029825,-96.65312159762259,16,config_1
864c1e1,32.91217150911522,-96.67450419420958,21,config_1
864c1e3,32.91102790743699,-96.69589390641657,15,config_1
864c1e5,32.933467354001465,-96.69589390641657,19,config_1
864c1e7,32.93461135746948,-96.67450419420958,9,config_1
864c1e9,32.95704619369369,-96.67450419420958,22,config_1
864c1eb,32.97947600987777,-96.67450419420958,5,config_1
864c1ed,32.97833120520428,-96.69589390641657,10,config_1
864c1ef,32.955901789227276,-96.69589390641657,25,config_1
864c1f1,32.954753327994005,-96.71729072616859,7,config_1
864c1f3,32.97718234230925,-96.71729072616859,20,config_1
864c1f5,32.97602941783842,-96.7386946453784,8,config_1
864c1f7,32.95360080664118,-96.7386946453784,22,config_1
864c1fc,32.920524949249646,-96.7279917988472,48,config_1
864c201,32.90757276591336,-96.76010565594648,12,config_1
864c203,32.930010998340805,-96.76010565594648,21,config_1
864c205,32.92885075354583,-96.78152374976098,16,config_1
864c207,32.90641292875847,-96.78152374976098,15,config_1
864c209,32.90524902438239,-96.80294891869778,16,config_1
864c20b,32.90408104945314,-96.82438115462048,34,config_1
864c20d,32.92651805455937,-96.82438115462048,9,config_1
864c20f,32.9276864400632,-96.80294891869778,6,config_1
864c211,32.950118848404024,-96.80294891869778,12,config_1
864c213,32.948950053133686,-96.82438115462048,16,config_1
864c215,32.97137703726545,-96.82438115462048,26,config_1
864c217,32.97254624149429,-96.80294891869778,7,config_1
864c219,32.973711370774225,-96.78152374976098,10,config_1
864c21b,32.95128357018792,-96.78152374976098,23,config_1
864c21d,32.95244422182046,-96.76010565594648,34,config_1
864c21f,32.974872428441905,-96.76010565594648,24,config_1
864c224,33.007924990899475,-96.77081381795539,28,config_1
864c22c,33.052750803086525,-96.77081381795539,10,config_1
864c234,33.05041770389842,-96.81366415379489,30,config_1
864c23c,33.0055935120359,-96.81366415379489,22,config_1
864c244,33.003245717955956,-96.85654274127455,18,config_1
864c24c,33.04806827785492,-96.85654274127455,32,config_1
864c254,33.04570249829046,-96.89944951510694,34,config_1
864c25c,33.00088158201888,-96.89944951510694,35,config_1
864c264,32.9560405404973,-96.89944951510694,44,config_1
864c26c,32.95840302627783,-96.85654274127455,43,config_1
864c271,32.92416905417609,-96.86726679481669,21,config_1
864c273,32.92534559370522,-96.84582044938043,18,config_1
864c275,32.90290900064316,-96.84582044938043,13,config_1
864c277,32.90173287462936,-96.86726679481669,21,config_1
864c27c,32.91117943681446,-96.89944951510694,45,config_1
864c281,32.898180000201094,-96.93164805339016,11,config_1
864c283,32.896987532230526,-96.95312251967727,19,config_1
864c285,32.9194220429733,-96.95312251967727,20,config_1
864c287,32.92061493035937,-96.93164805339016,6,config_1
864c28c,32.95366169802373,-96.94238440980855,33,config_1
864c294,32.95126647238475,-96.98534735970001,34,config_1
864c29c,32.90640871743519,-96.98534735970001,49,config_1
864c2a1,32.8933855526266,-97.01758794371639,1,config_1
864c2a3,32.915818796242895,-97.01758794371639,7,config_1
864c2a5,32.91460950816501,-97.03909039930008,14,config_1
864c2a7,32.89217668988938,-97.03909039930008,46,config_1
864c2ac,32.90157240717898,-97.07135716135726,31,config_1
864c2b1,32.935823505684006,-97.06059983156092,8,config_1
864c2b3,32.93460557006717,-97.08211623221572,23,config_1
864c2b5,32.95702753205878,-97.08211623221572,12,config_1
864c2b7,32.958245894305,-97.06059983156092,14,config_1
864c2bc,32.94885483718041,-97.02833829890636,46,config_1
864c2c4,32.99369085773294,-97.02833829890636,38,config_1
864c2cc,32.991261089397085,-97.07135716135726,19,config_1
864c2d4,33.03607531402479,-97.07135716135726,18,config_1
864c2d9,33.0491011771043,-97.03909039930008,19,config_1
864c2db,33.0266984670376,-97.03909039930008,11,config_1
864c2dd,33.02790986927991,-97.01758794371639,15,config_1
864c2df,33.05031299967233,-97.01758794371639,21,config_1
864c2e4,33.04092177229455,-96.98534735970001,47,config_1
864c2ec,32.99610417836841,-96.98534735970001,30,config_1
864c2f4,32.998501077655455,-96.94238440980855,16,config_1
864c2fc,33.043320338611025,-96.94238440980855,6,config_1
864c31,33.10931289745232,-96.96386238196816,16,config_1
864c324,33.083302519761666,-97.02833829890636,40,config_1
864c32c,33.08086937707113,-97.07135716135726,26,config_1
864c334,33.125643215839595,-97.07135716135726,37,config_1
864c33c,33.128078035648805,-97.02833829890636,16,config_1
864c35,33.19398664245865,-97.04984424386326,41,config_1
864c37,33.198828294349696,-96.96386238196816,10,config_1
864c39,33.20360410407843,-96.87799260898478,34,config_1
864c3a4,33.135283703724426,-96.89944951510694,9,config_1
864c3ac,33.090503226422406,-96.89944951510694,17,config_1
864c3b4,33.092870643086556,-96.85654274127455,12,config_1
864c3bc,33.13765275096214,-96.85654274127455,30,config_1
864c3c4,33.14000542148514,-96.81366415379489,20,config_1
864c3cc,33.095221694610565,-96.81366415379489,32,config_1
864c3d4,33.09755640768473,-96.77081381795539,19,config_1
864c3dc,33.1423417420084,-96.77081381795539,10,config_1
864c3f,33.20831428451073,-96.7922354503473,29,config_1
864c44,33.34010187060658,-96.83509992015557,5,config_1
864c49,33.2882621041863,-96.96386238196816,5,config_1
864c4b,33.28341387038528,-97.04984424386326,20,config_1
864c4d,33.37275906932542,-97.04984424386326,20,config_1
864c4f,33.377613831815815,-96.96386238196816,12,config_1
864c54,33.50906249946112,-97.00683933476365,3,config_1
864c5c,33.51865914245419,-96.83509992015557,1,config_1
864c64,33.527992429337445,-96.6638120059594,11,config_1
864c6c,33.349410337639476,-96.6638120059594,27,config_1
864c74,33.35845789440425,-96.49297974540691,4,config_1
864c7c,33.537064092127075,-96.49297974540691,9,config_1
864c84,33.71533595081478,-96.49297974540691,11,config_1
864c8c,33.706240578673395,-96.6638120059594,31,config_1
864c94,33.8841509284299,-96.6638120059594,18,config_1
864c99,33.9354432043109,-96.53564486778043,32,config_1
864c9b,33.84656443516483,-96.53564486778043,27,config_1
864c9d,33.851055472635714,-96.45034335805805,2,config_1
864c9e4,33.91884046950358,-96.42903595990448,12,config_1
864c9ec,33.9166091368449,-96.47165795587398,16,config_1
864c9f4,33.96102926008747,-96.47165795587398,7,config_1
864c9fc,33.96326199950871,-96.42903595990448,35,config_1
864ca1,34.02873863731382,-96.45034335805805,48,config_1
864ca3,34.02423626121194,-96.53564486778043,8,config_1
864ca5,34.11294313676092,-96.53564486778043,32,config_1
864ca7,34.11745110914826,-96.45034335805805,34,config_1
864ca9,34.206076885155156,-96.45034335805805,24,config_1
864cab,34.294615502799296,-96.45034335805805,41,config_1
864cad,34.290096483684934,-96.53564486778043,36,config_1
864cae4,34.22256584140454,-96.55698818466848,18,config_1
864caf4,34.18055064145924,-96.51430871869908,24,config_1
864cafc,34.17827816553298,-96.55698818466848,15,config_1
864cb04,34.17598925129519,-96.59969628987318,11,config_1
864cb14,34.21796873355958,-96.64243297020663,34,config_1
864cb1c,34.22027552566331,-96.59969628987318,20,config_1
864cb3,34.285511663852645,-96.62106106216318,42,config_1
864cb5,34.28086082138166,-96.70659142835461,45,config_1
864cb64,34.21330560978446,-96.7279917988472,2,config_1
864cb6c,34.21564543745607,-96.68519816136498,32,config_1
864cb74,34.17136199722239,-96.68519816136498,4,config_1
864cb7c,34.16902360222792,-96.7279917988472,14,config_1
864cb9,34.10373006466304,-96.70659142835461,32,config_1
864cbb,34.10836952899364,-96.62106106216318,7,config_1
864cbd,34.019668333451726,-96.62106106216318,13,config_1
864cbf,34.01503463322163,-96.70659142835461,10,config_1
864cc1,34.010334940811326,-96.7922354503473,23,config_1
864cc3,34.00556903762603,-96.87799260898478,14,config_1
864cc5,34.09425268709627,-96.87799260898478,11,config_1
864cc64,34.11999632011472,-96.81366415379489,13,config_1
864cc6c,34.075673851163785,-96.81366415379489,3,config_1
864cc74,34.07804244452262,-96.77081381795539,34,config_1
864cc7c,34.122366379816654,-96.77081381795539,9,config_1
864cc9,34.18762760947238,-96.7922354503473,32,config_1
864ccb,34.27614373545093,-96.7922354503473,45,config_1
864ccd,34.27136018635361,-96.87799260898478,27,config_1
864cce4,34.203780434490504,-96.89944951510694,26,config_1
864ccec,34.206186662722175,-96.85654274127455,5,config_1
864ccf4,34.1619090159138,-96.85654274127455,22,config_1
864cd1,34.17800557442899,-96.96386238196816,26,config_1
864cd3,34.26650995551138,-96.96386238196816,45,config_1
864cd7,34.17309444291186,-97.04984424386326,48,config_1
864cdc,34.04264362382727,-97.00683933476365,33,config_1
864cf,33.78108454237463,-96.92091345144947,15,config_1
864d04,33.677373568329436,-97.17902604633225,21,config_1
864d0c,33.66721853427109,-97.35165580142355,2,config_1
864d14,33.845028658542326,-97.35165580142355,19,config_1
864d19,33.89709415859029,-97.22214211701957,16,config_1
864d1d,33.81328422836918,-97.13593766610796,39,config_1
864d1e4,33.88116536852655,-97.11440388078715,20,config_1
864d1f4,33.92306579536087,-97.15747839073565,13,config_1
864d1fc,33.925563109779304,-97.11440388078715,30,config_1
864d21,33.99087189450843,-97.13593766610796,38,config_1
864d23,33.98583898509067,-97.22214211701957,13,config_1
864d25,34.07449804508447,-97.22214211701957,13,config_1
864d264,34.1004362208924,-97.15747839073565,27,config_1
864d26c,34.05612586524022,-97.15747839073565,23,config_1
864d274,34.058627874855716,-97.11440388078715,1,config_1
864d284,34.147230085126125,-97.11440388078715,21,config_1
864d28c,34.14472497910701,-97.15747839073565,29,config_1
864d291,34.1785554812185,-97.14670716152928,36,config_1
864d293,34.17729814632859,-97.16825135268444,42,config_1
864d295,34.199426081368316,-97.16825135268444,26,config_1
864d297,34.20068380126923,-97.14670716152928,18,config_1
864d299,34.201937314641796,-97.12516990551354,10,config_1
864d29b,34.179808610910186,-97.12516990551354,32,config_1
864d29d,34.18105753875037,-97.10363959296912,7,config_1
864d29f,34.20318662483422,-97.10363959296912,6,config_1
864d2b,34.256608580008184,-97.13593766610796,37,config_1
864d2d,34.251557003963036,-97.22214211701957,40,config_1
864d2e4,34.183928276676355,-97.24371051537364,42,config_1
864d2ec,34.18646860776923,-97.20058062454765,16,config_1
864d2f4,34.14220305361906,-97.20058062454765,3,config_1
864d31,34.157958005043696,-97.3084570618028,26,config_1
864d33,34.246437883433394,-97.3084570618028,20,config_1
864d37,34.152777466166214,-97.39488196255758,35,config_1
864d3c,34.02249887353197,-97.35165580142355,20,config_1
864d49,34.14752904459643,-97.48141627828754,45,config_1
864d4b,34.235996159257496,-97.48141627828754,43,config_1
864d5c,34.001271792793375,-97.69822718000074,1,config_1
864d7,33.740407743774476,-97.61142171393448,4,config_1
864d9,33.38419865667327,-97.61142171393448,13,config_1
864dac,33.49920078657089,-97.17902604633225,2,config_1
864db1,33.36285061914039,-97.22214211701957,5,config_1
864db3,33.36783806887053,-97.13593766610796,5,config_1
864db5,33.27849949030994,-97.13593766610796,44,config_1
864db7,33.27351875303995,-97.22214211701957,12,config_1
864dbc,33.310593841352684,-97.35165580142355,20,config_1
864dc4,33.131787043268204,-97.35165580142355,2,config_1
864dc9,33.18410496654987,-97.22214211701957,10,config_1
864dca1,33.22076280728035,-97.16825135268444,16,config_1
864dca3,33.198403192876015,-97.16825135268444,4,config_1
864dca5,33.19964274841487,-97.14670716152928,24,config_1
864dca64,33.21672257445725,-97.14132219703035,10,config_1
864dca6c,33.21610367477257,-97.15209255947448,27,config_1
864dca74,33.22728236515197,-97.15209255947448,5,config_1
864dca7c,33.227901370134404,-97.14132219703035,13,config_1
864dca84,33.22851933889324,-97.13055356889231,9,config_1
864dca8c,33.217340438099825,-97.13055356889231,43,config_1
864dca9c,33.22913627183886,-97.1197866761018,1,config_1
864dcab,33.22447030815443,-97.10363959296912,13,config_1
864dcad,33.20210943108007,-97.10363959296912,6,config_1
864dcaf,33.20087816005587,-97.12516990551354,11,config_1
864dcb4,33.167943756747746,-97.11440388078715,36,config_1
864dcbc,33.165474198497655,-97.15747839073565,14,config_1
864dcd,33.09957690324923,-97.13593766610796,39,config_1
864dcf,33.094609754904205,-97.22214211701957,9,config_1
864dd1,33.00503361653139,-97.22214211701957,24,config_1
864dd3,33.00999388835464,-97.13593766610796,42,config_1
864dd44,32.9415212112717,-97.15747839073565,3,config_1
864dd4c,32.943982232840746,-97.11440388078715,24,config_1
864dd54,32.899129589762744,-97.11440388078715,13,config_1
864dd5c,32.89667029592314,-97.15747839073565,16,config_1
864dd64,32.8941944995794,-97.20058062454765,23,config_1
864dd6c,32.939043675270796,-97.20058062454765,14,config_1
864dd74,32.936549598806955,-97.24371051537364,12,config_1
864dd7c,32.891702174725424,-97.24371051537364,48,config_1
864dd9,32.910357522668384,-97.3084570618028,41,config_1
864dda4,32.97886461505136,-97.28686799616995,11,config_1
864dda9,33.01310068012681,-97.2760760430849,1,config_1
864ddaac,33.04141211968301,-97.27068071193547,2,config_1
864ddab1,33.03814060373552,-97.27877387003252,12,config_1
864ddab7,33.037825488363424,-97.28416984659148,40,config_1
864ddabc,33.02958469930625,-97.2814718045402,12,config_1
864ddad,33.034237223796254,-97.29766166942674,2,config_1
864ddaf,33.011839672613334,-97.29766166942674,2,config_1
864ddb4,33.021139444287165,-97.33005299969896,8,config_1
864ddbc,32.97633561125949,-97.33005299969896,25,config_1
864ddd,32.99491401000882,-97.39488196255758,19,config_1
864ddf,32.905271595529186,-97.39488196255758,30,config_1
864de4,32.94234353345364,-97.52472429686226,11,config_1
864dec,33.12144605336744,-97.52472429686226,25,config_1
864df4,33.110836467631145,-97.69822718000074,9,config_1
864dfc,32.93176336265091,-97.69822718000074,6,config_1
864e04,32.75237082482545,-97.69822718000074,12,config_1
864e0b,32.810404118288375,-97.48141627828754,23,config_1
864e0d,32.7206099270241,-97.48141627828754,31,config_1
864e0f,32.71540539364535,-97.56805946490843,3,config_1
864e14,32.5831828581948,-97.52472429686226,13,config_1
864e1c,32.572662918839406,-97.69822718000074,10,config_1
864e3,32.30778876008412,-97.61142171393448,15,config_1
864e5,32.328206146256456,-97.26528581122331,40,config_1
864e61,32.560881759129735,-97.13593766610796,9,config_1
864e63,32.65086209384853,-97.13593766610796,40,config_1
864e65,32.645929875743676,-97.22214211701957,32,config_1
864e67,32.555956691463614,-97.22214211701957,9,config_1
864e69,32.550965822648365,-97.3084570618028,19,config_1
864e6b,32.54590894735614,-97.39488196255758,6,config_1
864e6d,32.635867535597015,-97.39488196255758,35,config_1
864e6f,32.640931758237926,-97.3084570618028,29,config_1
864e704,32.70961190875816,-97.28686799616995,7,config_1
864e70c,32.754536939738664,-97.28686799616995,10,config_1
864e7104,32.7361196689933,-97.31385540233143,4,config_1
864e710c,32.735488780668334,-97.32465337141132,6,config_1
864e7111,32.74406896031017,-97.3219537181797,1,config_1
864e7113,32.743753215057176,-97.32735313192323,5,config_1
864e7115,32.74936770855683,-97.32735313192323,48,config_1
864e7117,32.749683482020345,-97.3219537181797,10,config_1
864e711c,32.747349413506946,-97.31385540233143,2,config_1
864e713,32.763876261675335,-97.31925417224487,27,config_1
864e7144,32.757314661466005,-97.33545305697596,43,config_1
864e714c,32.768541712794686,-97.33545305697596,2,config_1
864e7154,32.7679084146064,-97.34625445797023,2,config_1
864e715c,32.756681476241084,-97.34625445797023,11,config_1
864e7164,32.74545330378984,-97.34625445797023,11,config_1
864e716c,32.746086375941715,-97.33545305697596,24,config_1
864e7174,32.7348568572217,-97.33545305697596,13,config_1
864e717c,32.73422389825255,-97.34625445797023,3,config_1
864e71c,32.70709362135849,-97.33005299969896,40,config_1
864e721,32.69396049859857,-97.36245977358223,5,config_1
864e723,32.71642635467156,-97.36245977358223,44,config_1
864e725,32.71515456037254,-97.38407285520739,3,config_1
864e727,32.69268916064321,-97.38407285520739,5,config_1
864e72c,32.702007348420054,-97.41650530503672,8,config_1
864e734,32.746926932172535,-97.41650530503672,10,config_1
864e73b,32.73761503931238,-97.38407285520739,3,config_1
864e73c4,32.74418405074411,-97.36786240202336,41,config_1
864e73cc,32.73295487214458,-97.36786240202336,34,config_1
864e73d4,32.733589903360276,-97.35705757333824,5,config_1
864e73dc,32.744819195524094,-97.35705757333824,20,config_1
864e73f,32.761343293792,-97.36245977358223,17,config_1
864e744,32.79438186692626,-97.37326545852945,6,config_1
864e74c,32.79182679003922,-97.41650530503672,13,config_1
864e754,32.836706858122824,-97.41650530503672,16,config_1
864e75c,32.83926374882677,-97.37326545852945,34,config_1
864e764,32.841804019849704,-97.33005299969896,17,config_1
864e769,32.807509942008295,-97.34085354311036,5,config_1
864e76a1,32.793005958635504,-97.34895507613096,7,config_1
864e76a3,32.79332299381224,-97.34355394695785,1,config_1
864e76a5,32.787711055311135,-97.34355394695785,19,config_1
864e76a7,32.78739404833044,-97.34895507613096,25,config_1
864e76ac,32.77913411788665,-97.34625445797023,5,config_1
864e76b4,32.77976752892862,-97.33545305697596,3,config_1
864e76d,32.78632823154184,-97.31925417224487,5,config_1
864e76f,32.80877525398443,-97.31925417224487,2,config_1
864e774,32.799442223740336,-97.28686799616995,16,config_1
864e77c,32.844327696869534,-97.28686799616995,31,config_1
864e784,32.84683480564063,-97.24371051537364,17,config_1
864e789,32.85992331897305,-97.21136050702465,26,config_1
864e78b,32.86116469037879,-97.18980247063494,13,config_1
864e78d,32.838724930213836,-97.18980247063494,9,config_1
864e78f,32.83748399779141,-97.21136050702465,8,config_1
864e794,32.804436356008246,-97.20058062454765,24,config_1
864e79c,32.80194755504942,-97.24371051537364,6,config_1
864e7b,32.73582467310211,-97.22214211701957,28,config_1
864e7c4,32.76199805160715,-97.15747839073565,19,config_1
864e7cc,32.71706768305223,-97.15747839073565,10,config_1
864e7d4,32.719519997949746,-97.11440388078715,48,config_1
864e7d9,32.75383178049873,-97.10363959296912,31,config_1
864e7db,32.75260907601904,-97.12516990551354,9,config_1
864e7dd,32.77506998077249,-97.12516990551354,4,config_1
864e7df,32.77629312162841,-97.10363959296912,10,config_1
864e7e4,32.80936447047364,-97.11440388078715,12,config_1
864e7ec,32.80690865249766,-97.15747839073565,13,config_1
864e7f4,32.851799421833725,-97.15747839073565,30,config_1
864e7fb,32.842422979937375,-97.12516990551354,13,config_1
864e7fd,32.84364742483573,-97.10363959296912,19,config_1
864e7ff,32.866088925931905,-97.10363959296912,20,config_1
864e801,32.86730968857983,-97.08211623221572,23,config_1
864e803,32.86852633925873,-97.06059983156092,7,config_1
864e805,32.84608397667622,-97.06059983156092,10,config_1
864e807,32.84486775599352,-97.08211623221572,25,config_1
864e80c,32.81180383596685,-97.07135716135726,11,config_1
864e814,32.8142267750822,-97.02833829890636,32,config_1
864e81c,32.85912273246406,-97.02833829890636,33,config_1
864e824,32.86153097681009,-96.98534735970001,45,config_1
864e829,32.87454802778655,-96.95312251967727,12,config_1
864e82b,32.87574007551668,-96.93164805339016,29,config_1
864e82d,32.853295164242056,-96.93164805339016,21,config_1
864e82f,32.85210353757736,-96.95312251967727,10,config_1
864e831,32.829654069551346,-96.95312251967727,24,config_1
864e833,32.830845274325526,-96.93164805339016,22,config_1
864e835,32.8083904137278,-96.93164805339016,17,config_1
864e837,32.8071996316693,-96.95312251967727,35,config_1
864e839,32.80600476180251,-96.97460399565229,18,config_1
864e83b,32.82845877547874,-96.97460399565229,16,config_1
864e83d,32.82725938881631,-96.99609247308086,14,config_1
864e83f,32.80480580083763,-96.99609247308086,7,config_1
864e844,32.771715792687246,-96.98534735970001,50,config_1
864e84c,32.77410425752002,-96.94238440980855,21,config_1
864e854,32.7291652348333,-96.94238440980855,16,config_1
864e859,32.716139176467415,-96.97460399565229,9,config_1
864e85b,32.73861298639975,-96.97460399565229,6,config_1
864e85d,32.7374153075128,-96.99609247308086,20,config_1
864e85f,32.71494192660179,-96.99609247308086,22,config_1
864e861,32.71374058835394,-97.01758794371639,20,config_1
864e863,32.71253515844944,-97.03909039930008,6,config_1
864e865,32.73500767680272,-97.03909039930008,8,config_1
864e867,32.73621353873912,-97.01758794371639,23,config_1
864e86c,32.76931096586975,-97.02833829890636,36,config_1
864e871,32.75626486952607,-97.06059983156092,21,config_1
864e873,32.778727078889524,-97.06059983156092,3,config_1
864e875,32.77751215324717,-97.08211623221572,3,config_1
864e8764,32.76036199333914,-97.08749642021914,11,config_1
864e876c,32.76097031964529,-97.07673647921854,7,config_1
864e8774,32.74973814150453,-97.07673647921854,18,config_1
864e8779,32.7464738573129,-97.08480627184976,3,config_1
864e877a4,32.75076220702589,-97.08346123843981,48,config_1
864e877ac,32.753570311794974,-97.08346123843981,6,config_1
864e877b4,32.753418183059395,-97.08615133244355,4,config_1
864e877d,32.75178583544935,-97.09018667730763,5,config_1
864e877f,32.74616950555143,-97.09018667730763,24,config_1
864e87c,32.7219558844852,-97.07135716135726,33,config_1
864e884,32.67700230098583,-97.07135716135726,5,config_1
864e889,32.690057713559774,-97.03909039930008,14,config_1
864e88b,32.691262710595645,-97.01758794371639,20,config_1
864e88d,32.66877991349941,-97.01758794371639,16,config_1
864e88f,32.667575350168974,-97.03909039930008,16,config_1
864e894,32.63444506710169,-97.02833829890636,35,config_1
864e89c,32.63202906462526,-97.07135716135726,8,config_1
864e8b,32.565741232180564,-97.04984424386326,8,config_1
864e8d,32.570535318341655,-96.96386238196816,15,config_1
864e8e4,32.63922804226726,-96.94238440980855,36,config_1
864e8ec,32.63684471759864,-96.98534735970001,18,config_1
864e8f4,32.68182143030555,-96.98534735970001,36,config_1
864e8fc,32.6842064749892,-96.94238440980855,26,config_1
864e901,32.69722640908387,-96.91018060501311,13,config_1
864e903,32.6747414661042,-96.91018060501311,15,config_1
864e905,32.67592154677831,-96.88872018275606,12,config_1
864e907,32.69840691441697,-96.88872018275606,24,config_1
864e90c,32.688927655650495,-96.85654274127455,47,config_1
864e914,32.64394581908818,-96.85654274127455,23,config_1
864e919,32.63093607080226,-96.88872018275606,7,config_1
864e91b,32.653431262886926,-96.88872018275606,19,config_1
864e91d,32.652251607691866,-96.91018060501311,21,config_1
864e91f,32.629756841906364,-96.91018060501311,6,config_1
864e93,32.57526422651602,-96.87799260898478,4,config_1
864e95,32.57992816676992,-96.7922354503473,16,config_1
864e964,32.648598608223885,-96.77081381795539,23,config_1
864e96c,32.646280323905565,-96.81366415379489,19,config_1
864e971,32.68060121307896,-96.80294891869778,21,config_1
864e973,32.67943738835732,-96.82438115462048,28,config_1
864e975,32.70192402096603,-96.82438115462048,24,config_1
864e977,32.7030882643473,-96.80294891869778,30,config_1
864e979,32.70424845051304,-96.78152374976098,22,config_1
864e97b,32.681760982080945,-96.78152374976098,11,config_1
864e97d,32.68291669867957,-96.76010565594648,8,config_1
864e97f,32.70540458278109,-96.76010565594648,11,config_1
864e984,32.73854929392094,-96.77081381795539,46,config_1
864e9884,32.767509508046764,-96.75475223893302,5,config_1
864e988c,32.766931886364624,-96.76545951566288,4,config_1
864e9894,32.778167133408935,-96.76545951566288,46,config_1
864e9899,32.78140915954269,-96.75742889209396,21,config_1
864e989b,32.77579180700583,-96.75742889209396,31,config_1
864e989d,32.776080403055616,-96.75207569647954,1,config_1
864e989f,32.78169778131408,-96.75207569647954,1,config_1
864e98b,32.79530674729337,-96.76010565594648,30,config_1
864e98c4,32.78882229981073,-96.77616856269707,26,config_1
864e98cc,32.800054965327554,-96.77616856269707,8,config_1
864e98d4,32.79947500558176,-96.78687937902006,10,config_1
864e98d9,32.79090557090498,-96.78955735943312,1,config_1
864e98db,32.79119576583134,-96.78420150912406,4,config_1
864e98dd,32.78557916179057,-96.78420150912406,43,config_1
864e98df,32.785288992699705,-96.78955735943312,8,config_1
864e98f,32.771681253536315,-96.78152374976098,31,config_1
864e9904,32.76519293640757,-96.7975919636156,16,config_1
864e990c,32.76461125673317,-96.80830631546661,10,config_1
864e9911,32.773183032175695,-96.8056275618793,12,config_1
864e9913,32.772891899532986,-96.81098517944378,11,config_1
864e9915,32.778508993579116,-96.81098517944378,25,config_1
864e99164,32.78013161633267,-96.80696692487324,21,config_1
864e9916c,32.77732313697977,-96.80696692487324,17,config_1
864e99174,32.77746864955261,-96.80428822648682,5,config_1
864e9917c,32.7802771353894,-96.80428822648682,19,config_1
864e99184,32.78042259096887,-96.80160963851414,41,config_1
864e9918c,32.78056798307757,-96.79893116097107,28,config_1
864e99194,32.77775948428172,-96.79893116097107,4,config_1
864e9919c,32.7776140986511,-96.80160963851414,8,config_1
864e991b,32.773473910925425,-96.8002703859379,5,config_1
864e991d,32.77376453583407,-96.79491365174678,8,config_1
864e991f,32.77938170767094,-96.79491365174678,50,config_1
864e9921,32.78499856982517,-96.79491365174678,18,config_1
864e9923,32.784707893115055,-96.8002703859379,38,config_1
864e99244,32.788993014845985,-96.79893116097107,25,config_1
864e9924c,32.78884760331249,-96.80160963851414,20,config_1
864e99254,32.79165578583841,-96.80160963851414,11,config_1
864e9925c,32.79180120384369,-96.79893116097107,3,config_1
864e9927,32.79061512217179,-96.79491365174678,22,config_1
864e992c,32.79889403057365,-96.7975919636156,17,config_1
864e9934,32.79831203988764,-96.80830631546661,10,config_1
864e9939,32.78974225261201,-96.81098517944378,19,config_1
864e993b,32.79003346307722,-96.8056275618793,4,config_1
864e993d,32.78441696251745,-96.8056275618793,27,config_1
864e993f,32.78412577798045,-96.81098517944378,10,config_1
864e995,32.79182120368614,-96.82438115462048,36,config_1
864e997,32.769354326207775,-96.82438115462048,37,config_1
864e9984,32.752208988237165,-96.82974031686305,24,config_1
864e998c,32.74097188996301,-96.82974031686305,10,config_1
864e9994,32.741555392534536,-96.8190224335553,21,config_1
864e999c,32.75279259515437,-96.8190224335553,9,config_1
864e99b,32.74804757619381,-96.80294891869778,21,config_1
864e99d,32.725570388063765,-96.80294891869778,19,config_1
864e99f,32.72440572683168,-96.82438115462048,10,config_1
864e9a1,32.72323700357594,-96.84582044938043,13,config_1
864e9a3,32.745713356129976,-96.84582044938043,29,config_1
864e9a5,32.74454014751261,-96.86726679481669,29,config_1
864e9a7,32.72206421498599,-96.86726679481669,25,config_1
864e9a9,32.72088735775577,-96.88872018275606,18,config_1
864e9ab,32.71970642858365,-96.91018060501311,11,config_1
864e9ad,32.742181516568714,-96.91018060501311,8,config_1
864e9af,32.743362868759924,-96.88872018275606,14,config_1
864e9b4,32.77647638666789,-96.89944951510694,29,config_1
864e9b9,32.78947718103344,-96.86726679481669,6,config_1
864e9bb,32.767011138865094,-96.86726679481669,6,config_1
864e9bd,32.76818476669561,-96.84582044938043,30,config_1
864e9bf,32.790651227262906,-96.84582044938043,22,config_1
864e9c1,32.81311272983431,-96.84582044938043,17,config_1
864e9c3,32.83556926642463,-96.84582044938043,9,config_1
864e9c5,32.834394385839566,-96.86726679481669,12,config_1
864e9c7,32.811938266020015,-96.86726679481669,17,config_1
864e9c9,32.81075972760201,-96.88872018275606,9,config_1
864e9cb,32.80957711127241,-96.91018060501311,12,config_1
864e9cd,32.832032393097236,-96.91018060501311,25,config_1
864e9cf,32.83321542916692,-96.88872018275606,7,config_1
864e9d4,32.866298334258005,-96.89944951510694,28,config_1
864e9d9,32.87929169809852,-96.86726679481669,20,config_1
864e9db,32.85684553251923,-96.86726679481669,9,config_1
864e9dd,32.85802082906108,-96.84582044938043,13,config_1
864e9df,32.880467409783265,-96.84582044938043,20,config_1
864e9e1,32.88163904573811,-96.82438115462048,11,config_1
864e9e3,32.88280660928461,-96.80294891869778,18,config_1
864e9e5,32.860359202705276,-96.80294891869778,17,config_1
864e9e7,32.85919205134977,-96.82438115462048,10,config_1
864e9e9,32.836740074236054,-96.82438115462048,18,config_1
864e9eb,32.81428312235727,-96.82438115462048,23,config_1
864e9ed,32.81544944690573,-96.80294891869778,48,config_1
864e9ef,32.83790681259223,-96.80294891869778,24,config_1
864e9f04,32.84439283932935,-96.78687937902006,6,config_1
864e9f0c,32.844973210865724,-96.77616856269707,13,config_1
864e9f14,32.833745513955236,-96.77616856269707,25,config_1
864e9f1c,32.83316524521571,-96.78687937902006,14,config_1
864e9f3,32.81661170680099,-96.78152374976098,22,config_1
864e9f5,32.817769905368785,-96.76010565594648,33,config_1
864e9f7,32.84022809423478,-96.76010565594648,23,config_1
864e9f9,32.862681305918876,-96.76010565594648,20,config_1
864e9fb,32.86152228645203,-96.78152374976098,23,config_1
864e9fd,32.88397010374876,-96.78152374976098,20,config_1
864e9ff,32.885129532460965,-96.76010565594648,16,config_1
864ea01,32.886284898756074,-96.7386946453784,13,config_1
864ea03,32.86383626443911,-96.7386946453784,14,config_1
864ea05,32.86498716535041,-96.71729072616859,24,config_1
864ea07,32.88743620597335,-96.71729072616859,13,config_1
864ea09,32.88858345745646,-96.69589390641657,14,config_1
864ea0b,32.88972665655342,-96.67450419420958,4,config_1
864ea0d,32.86727680771902,-96.67450419420958,9,config_1
864ea0f,32.8661340119949,-96.69589390641657,30,config_1
864ea11,32.84367957899975,-96.69589390641657,27,config_1
864ea13,32.844821970559394,-96.67450419420958,19,config_1
864ea15,32.82236215303434,-96.67450419420958,14,config_1
864ea17,32.821220166430884,-96.69589390641657,15,config_1
864ea184,32.814745466171125,-96.7119408553403,4,config_1
864ea18c,32.81417148726689,-96.72264104071304,12,config_1
864ea194,32.825402182694354,-96.72264104071304,14,config_1
864ea19c,32.82597626348902,-96.7119408553403,25,config_1
864ea1a4,32.83720581755671,-96.7119408553403,31,config_1
864ea1ac,32.84843412737766,-96.7119408553403,6,config_1
864ea1b4,32.847859843100615,-96.72264104071304,9,config_1
864ea1bc,32.83663163497111,-96.72264104071304,18,config_1
864ea1d,32.84138264418016,-96.7386946453784,18,config_1
864ea1f,32.818924045939255,-96.7386946453784,50,config_1
864ea21,32.79646047768881,-96.7386946453784,15,config_1
864ea23,32.79761015489874,-96.71729072616859,17,config_1
864ea25,32.77514121512838,-96.71729072616859,19,config_1
864ea27,32.773991947413634,-96.7386946453784,9,config_1
864ea2c,32.74085469766692,-96.7279917988472,22,config_1
864ea31,32.75381213106668,-96.69589390641657,17,config_1
864ea33,32.73133288004963,-96.69589390641657,22,config_1
864ea35,32.73247323890973,-96.67450419420958,18,config_1
864ea37,32.75495289805056,-96.67450419420958,17,config_1
864ea39,32.777427608789125,-96.67450419420958,4,config_1
864ea3b,32.77628643447348,-96.69589390641657,18,config_1
864ea3d,32.79875578226057,-96.69589390641657,21,config_1
864ea3f,32.799897363116045,-96.67450419420958,11,config_1
864ea41,32.80103490081133,-96.65312159762259,8,config_1
864ea43,32.80216839869691,-96.6317461247182,22,config_1
864ea45,32.7796978357147,-96.6317461247182,17,config_1
864ea47,32.77856474141989,-96.65312159762259,10,config_1
864ea49,32.75608962482765,-96.65312159762259,14,config_1
864ea4b,32.733609559043934,-96.65312159762259,23,config_1
864ea4d,32.734741843798,-96.6317461247182,17,config_1
864ea4f,32.75722231474532,-96.6317461247182,22,config_1
864ea54,32.74767386827516,-96.59969628987318,31,config_1
864ea5c,32.79262611581298,-96.59969628987318,46,config_1
864ea61,32.82688968666299,-96.58901658214614,8,config_1
864ea63,32.84935110933072,-96.58901658214614,8,config_1
864ea65,32.848224882042054,-96.61037778354671,14,config_1
864ea67,32.82576385846081,-96.61037778354671,23,config_1
864ea69,32.82463399569508,-96.6317461247182,17,config_1
864ea6b,32.82350009500505,-96.65312159762259,14,config_1
864ea6d,32.84596031601652,-96.65312159762259,11,config_1
864ea6f,32.847094618724746,-96.6317461247182,14,config_1
864ea74,32.88020926292046,-96.64243297020663,31,config_1
864ea7c,32.88247098911322,-96.59969628987318,12,config_1
864ea9,32.863378379979515,-96.53564486778043,50,config_1
864eab,32.86780356179156,-96.45034335805805,20,config_1
864ead,32.77792773508462,-96.45034335805805,9,config_1
864eaf,32.7735088341125,-96.53564486778043,32,config_1
864eb4,32.64076865251589,-96.49297974540691,14,config_1
864ebc,32.63182149570298,-96.6638120059594,48,config_1
864ed,32.36590279494162,-96.57833866136845,42,config_1
864ee4,32.26197653043985,-96.83509992015557,26,config_1
864ee9,32.399678353705355,-96.7922354503473,1,config_1
864eeb,32.48984206821621,-96.7922354503473,16,config_1
864eed,32.48518494141953,-96.87799260898478,2,config_1
864eee4,32.41640143565203,-96.89944951510694,5,config_1
864eeec,32.41874360982411,-96.85654274127455,6,config_1
864eef4,32.37364501814016,-96.85654274127455,40,config_1
864eefc,32.37130457911045,-96.89944951510694,24,config_1
864ef4,32.43301402278504,-97.00683933476365,4,config_1
864efc,32.25256749863232,-97.00683933476365,1,config_1
864f1,31.9860430618311,-96.92091345144947,13,config_1
864f2b,32.14660363863185,-96.45034335805805,9,config_1
864f2d,32.056107435300625,-96.45034335805805,50,config_1
864f2f,32.05174054948956,-96.53564486778043,4,config_1
864f34,31.918051877940037,-96.49297974540691,13,config_1
864f5,31.641424129983594,-96.57833866136845,4,config_1
864f7,31.6233192007235,-96.92091345144947,19,config_1
864f81,31.475190756974236,-97.13593766610796,14,config_1
864f83,31.566071141156478,-97.13593766610796,50,config_1
864f85,31.56122834933596,-97.22214211701957,29,config_1
864f87,31.470355774016543,-97.22214211701957,15,config_1
864f8c,31.50842145839784,-97.35165580142355,13,config_1
864f94,31.689998865859735,-97.35165580142355,1,config_1
864f9c,31.699837384086543,-97.17902604633225,5,config_1
864fb,31.966793302618584,-97.26528581122331,27,config_1
864fd,31.946499625943947,-97.61142171393448,19,config_1
864ff,31.584023768796495,-97.61142171393448,25,config_1
86501,31.562807551937798,-97.95928633924419,4,config_1
86503,31.925149221639725,-97.95928633924419,45,config_1
86505,31.90272960457612,-98.30884408222222,22,config_1
86507,31.54052905691636,-98.30884408222222,21,config_1
8650c,31.68622551393247,-98.83627550306029,44,config_1
86511,32.240106373541884,-98.66005856336714,21,config_1
86513,32.21536134293824,-99.0128926396605,21,config_1
86515,32.57488383632331,-99.0128926396605,27,config_1
86517,32.59977536158831,-98.66005856336714,6,config_1
86519,32.623560012440535,-98.30884408222222,5,config_1
8651b,32.26375129550319,-98.30884408222222,48,config_1
8651c4,32.37086278530892,-98.04651845312563,1,config_1
8651d4,32.20159344626594,-97.87216004899976,46,config_1
8651dc,32.381887586675006,-97.87216004899976,4,config_1
8651f,32.64624979161649,-97.95928633924419,19,config_1
86521,33.00494125226016,-97.95928633924419,17,config_1
86523,32.98212242885661,-98.30884408222222,15,config_1
86525,33.33940601794694,-98.30884408222222,20,config_1
86527,33.3623498679316,-97.95928633924419,2,config_1
8652c,33.88456517456783,-98.13385582671398,7,config_1
86534,33.836080966085675,-98.83627550306029,38,config_1
8653c,33.12452855913136,-98.83627550306029,7,config_1
86544,33.07206279301974,-99.54509739864785,26,config_1
8654c,33.783056809681895,-99.54509739864785,18,config_1
86554,33.725399900144886,-100.26001249402657,5,config_1
8655c,33.015015781382,-100.26001249402657,19,config_1
86564,32.29955541026602,-100.26001249402657,33,config_1
865684,32.60437270962983,-99.81249348078939,1,config_1
86568d,32.38370805016865,-99.76786866183328,37,config_1
86568e1,32.442395559838964,-99.73441541191406,18,config_1
86568e3,32.464822109366295,-99.73441541191406,13,config_1
86568e5,32.463087466041024,-99.75671611323587,10,config_1
86568e7,32.44066155233444,-99.75671611323587,19,config_1
86568ec,32.44926526450375,-99.79017814882914,16,config_1
86568f4,32.49410562702291,-99.79017814882914,2,config_1
86568fc,32.497585733005025,-99.74556502952491,9,config_1
865691,32.48035151642394,-99.67868935779401,32,config_1
865693,32.390619920742644,-99.67868935779401,39,config_1
865695,32.39746074830873,-99.58960434908816,1,config_1
86569c,32.61824702993047,-99.6341350278484,6,config_1
8656b,32.548873802031544,-99.36730841665778,37,config_1
8656d,32.189504673528944,-99.36730841665778,3,config_1
8656f,32.16252521721015,-99.72326726161637,16,config_1
86574,31.634986786941877,-99.54509739864785,4,config_1
86579,31.412793754393608,-100.08072981765946,2,config_1
8657b,31.774180902781474,-100.08072981765946,1,config_1
8657e44,31.44616263143639,-100.50711432919888,14,config_1
8657e4c,31.400963852729138,-100.50711432919888,4,config_1
8657e54,31.404665635305285,-100.46213657739936,6,config_1
8657e5c,31.44986741035209,-100.46213657739936,28,config_1
8657e7,31.515784782926893,-100.48462268415858,11,config_1
8657ec,31.481649439252063,-100.34978946920158,18,config_1
8657fc,31.286036904742925,-100.52961150246017,2,config_1
86584,30.8544601800588,-100.26001249402657,11,config_1
8658c,30.125383289203373,-100.26001249402657,12,config_1
86591,30.34925096397224,-99.72326726161637,13,config_1
86593,29.983399507346395,-99.72326726161637,28,config_1
86595,30.00931625173859,-99.36730841665778,31,config_1
86597,30.375356781612123,-99.36730841665778,3,config_1
8659c,30.909438073340255,-99.54509739864785,43,config_1
865a4,30.960008052009997,-98.83627550306029,40,config_1
865a9,31.177184550520312,-98.30884408222222,28,config_1
865ab,31.199317897630763,-97.95928633924419,32,config_1
865ac4,30.92056213751888,-98.04651845312563,5,config_1
865acc,30.93130969984367,-97.87216004899976,9,config_1
865ad4,30.748718554233417,-97.87216004899976,25,config_1
865adc,30.73800785633455,-98.04651845312563,18,config_1
865ae4,30.727034911715585,-98.22129789306325,10,config_1
865aec,30.909551399265315,-98.22129789306325,5,config_1
865af4,30.89827600432277,-98.39649382124541,9,config_1
865af9,30.758589736246552,-98.4403573420946,15,config_1
865afb,30.764279173724685,-98.35265604392654,25,config_1
865afd,30.672968662526277,-98.35265604392654,14,config_1
865aff,30.667289090073155,-98.4403573420946,19,config_1
865b04,30.533055074971134,-98.39649382124541,34,config_1
865b0c,30.350051135519102,-98.39649382124541,24,config_1
865b11,30.40422667538299,-98.26505800803056,1,config_1
865b134,30.291122510074278,-98.24317470116918,20,config_1
865b13c,30.336930459821634,-98.24317470116918,38,config_1
865b15,30.318153586086545,-98.17756380884514,24,config_1
865b17,30.4097448750922,-98.17756380884514,2,config_1
865b19,30.50127169050733,-98.17756380884514,27,config_1
865b1b,30.49574367205162,-98.26505800803056,6,config_1
865b1d,30.587195671848395,-98.26505800803056,21,config_1
865b24,30.555187146256856,-98.04651845312563,14,config_1
865b29,30.608953532661843,-97.91570993103981,2,config_1
865b2b,30.6142297664329,-97.82863676314237,12,config_1
865b2c4,30.544299984244184,-97.85039507717951,26,config_1
865b2cc,30.546918400639857,-97.80688511561101,9,config_1
865b2d4,30.50115107798367,-97.80688511561101,34,config_1
865b2dc,30.498534974919494,-97.85039507717951,15,config_1
865b2f,30.51746322356618,-97.91570993103981,2,config_1
865b304,30.447477521035466,-97.93749482375502,31,config_1
865b30c,30.40168471370895,-97.93749482375502,28,config_1
865b314,30.404328541654767,-97.89393166986866,49,config_1
865b31c,30.450123706958088,-97.89393166986866,5,config_1
865b324,30.452753679360693,-97.85039507717951,22,config_1
865b32c,30.45536746158975,-97.80688511561101,46,config_1
865b334,30.40956762480766,-97.80688511561101,27,config_1
865b33c,30.406956170914814,-97.85039507717951,19,config_1
865b344,30.361142523108004,-97.85039507717951,10,config_1
865b349,30.37455623525651,-97.81776010551877,7,config_1
865b34b,30.375857049573312,-97.79601179450758,20,config_1
865b34c4,30.358348479755442,-97.80144824639075,6,config_1
865b34cc,30.35899765999943,-97.79057576009741,7,config_1
865b34d4,30.34754042936845,-97.79057576009741,9,config_1
865b34dc,30.346891394768818,-97.80144824639075,30,config_1
865b34f,30.351644511133813,-97.81776010551877,14,config_1
865b351,30.328728773801434,-97.81776010551877,13,config_1
865b353,30.330028421106544,-97.79601179450758,13,config_1
865b355,30.307108094893394,-97.79601179450758,15,config_1
865b357,30.305809032495016,-97.81776010551877,11,config_1
865b35c,30.315312809645107,-97.85039507717951,25,config_1
865b364,30.312689889299545,-97.89393166986866,20,config_1
865b36c,30.358517244534543,-97.89393166986866,37,config_1
865b374,30.35587578215517,-97.93749482375502,28,config_1
865b37c,30.3100508000735,-97.93749482375502,31,config_1
865b39,30.328974496320576,-98.0028892034051,29,config_1
865b3b,30.42058518838333,-98.0028892034051,21,config_1
865b3d,30.41519765186669,-98.09017401782,19,config_1
865b3f,30.32359660131075,-98.09017401782,32,config_1
865b41,30.231931604122074,-98.09017401782,8,config_1
865b43,30.1402032526574,-98.09017401782,7,config_1
865b45,30.145561679361315,-98.0028892034051,41,config_1
865b47,30.237299795845196,-98.0028892034051,19,config_1
865b484,30.264209841341415,-97.93749482375502,14,config_1
865b48c,30.218352980013965,-97.93749482375502,11,config_1
865b494,30.22098730018399,-97.89393166986866,49,config_1
865b49c,30.266846549830042,-97.89393166986866,34,config_1
865b4a4,30.269467104409188,-97.85039507717951,20,config_1
865b4a9,30.282885296461334,-97.81776010551877,17,config_1
865b4ab,30.28418377301927,-97.79601179450758,25,config_1
865b4ad,30.26125546474223,-97.79601179450758,30,config_1
865b4af,30.259957574958253,-97.81776010551877,14,config_1
865b4b1,30.23702587725476,-97.81776010551877,23,config_1
865b4b3,30.238323179331445,-97.79601179450758,44,config_1
865b4b5,30.215386926067122,-97.79601179450758,8,config_1
865b4b7,30.2140902126309,-97.81776010551877,38,config_1
865b4b9,30.21278947557358,-97.83951508739261,20,config_1
865b4bb,30.235724549683233,-97.83951508739261,15,config_1
865b4bd,30.234419193704987,-97.86127673141237,11,config_1
865b4bf,30.211484711985058,-97.86127673141237,20,config_1
865b4c1,30.18854627451034,-97.86127673141237,20,config_1
865b4c3,30.16560389058263,-97.86127673141237,19,config_1
865b4c5,30.166907466575925,-97.83951508739261,9,config_1
865b4c7,30.18985044477048,-97.83951508739261,16,config_1
865b4c9,30.191150590377777,-97.81776010551877,29,config_1
865b4cb,30.192446714240575,-97.79601179450758,21,config_1
865b4cd,30.16950255315416,-97.79601179450758,7,config_1
865b4cf,30.168207019797574,-97.81776010551877,7,config_1
865b4d4,30.134432106062352,-97.80688511561101,6,config_1
865b4dc,30.131834779557764,-97.85039507717951,23,config_1
865b4e4,30.12922136747989,-97.89393166986866,8,config_1
865b4e9,30.16429628891619,-97.88304502884951,2,config_1
865b4eb,30.1872380766941,-97.88304502884951,40,config_1
865b4ed,30.185925848423576,-97.90481997096356,16,config_1
865b4f4,30.172480290323396,-97.93749482375502,4,config_1
865b4fc,30.12659184667864,-97.93749482375502,3,config_1
865b54,30.015731494442146,-97.87216004899976,49,config_1
865b5c,30.005173146136972,-98.04651845312563,50,config_1
865b64,29.99435638530311,-98.22129789306325,17,config_1
865b6c,30.177908518156258,-98.22129789306325,21,config_1
865b74,30.166791120285037,-98.39649382124541,27,config_1
865b7c,29.983279766705063,-98.39649382124541,18,config_1
865b9,30.05792968118548,-98.66005856336714,41,config_1
865ba4,30.33863021916766,-98.57210164219819,4,config_1
865bac,30.5215934357489,-98.57210164219819,6,config_1
865bb1,30.46711412584495,-98.70407502125441,3,config_1
865bb3,30.558515547859653,-98.70407502125441,3,config_1
865bb5,30.55258002580069,-98.79218356475204,44,config_1
865bb7,30.46118908257105,-98.79218356475204,19,config_1
865bbc,30.326944636763674,-98.74811671290261,4,config_1
865bd,30.400377607935326,-99.0128926396605,49,config_1
865bf,30.03415614512809,-99.0128926396605,38,config_1
865c1,29.666946439306688,-99.0128926396605,18,config_1
865c3,29.29878707488194,-99.0128926396605,7,config_1
865c41,29.451755396177276,-98.79218356475204,7,config_1
865c424,29.479140289278757,-98.72609271745159,20,config_1
865c42c,29.482028024939144,-98.68206363350033,41,config_1
865c434,29.43597202873525,-98.68206363350033,26,config_1
865c43c,29.4330870904939,-98.72609271745159,10,config_1
865c45,29.36542257542949,-98.70407502125441,11,config_1
865c47,29.35962854876116,-98.79218356475204,2,config_1
865c54,29.23565167078199,-98.57210164219819,11,config_1
865c589,29.39044652871884,-98.49522283487921,16,config_1
865c58a4,29.408080957546215,-98.48973448462176,10,config_1
865c58a9,29.416897411367458,-98.48699045942412,20,config_1
865c58aa4,29.42130544787075,-98.48561848431582,14,config_1
865c58aac,29.424185680736997,-98.48561848431582,31,config_1
865c58ab1,29.42333423211588,-98.48767645635132,28,config_1
865c58ab3,29.424774330419194,-98.48767645635132,7,config_1
865c58ab5,29.424686710863533,-98.48904846895041,11,config_1
865c58ab7,29.423246615222613,-98.48904846895041,11,config_1
865c58abc,29.421130253680627,-98.48836245952685,32,config_1
865c58ac4,29.420954996272283,-98.49110653470667,9,config_1
865c58ac9,29.423158982523724,-98.49042050654062,31,config_1
865c58acb,29.42459907550175,-98.49042050654062,16,config_1
865c58acd,29.424511424333183,-98.4917925691197,21,config_1
865c58acf,29.423071334018545,-98.4917925691197,10,config_1
865c58ad1,29.42298366970644,-98.49316465668544,9,config_1
865c58ad3,29.424423757357197,-98.49316465668544,41,config_1
865c58ad5,29.424336074573112,-98.49453676923564,26,config_1
865c58adc,29.420779675640464,-98.49385070983762,1,config_1
865c58af,29.41654692851456,-98.49247860977935,22,config_1
865c58b4,29.41890098910074,-98.50071158483473,11,config_1
865c58bc,29.407379614077243,-98.50071158483473,7,config_1
865c58d,29.41208637425538,-98.51718023147153,5,config_1
865c58f,29.389042331749387,-98.51718023147153,2,config_1
865c594,29.39845040479675,-98.55012829743514,2,config_1
865c59c,29.352357177061265,-98.55012829743514,2,config_1
865c5b,29.371151507395588,-98.61606741261737,32,config_1
865c5d,29.4633008010114,-98.61606741261737,40,config_1
865c5e4,29.490593493764127,-98.55012829743514,21,config_1
865c5ec,29.444529202733182,-98.55012829743514,8,config_1
865c5f1,29.458163608213578,-98.51718023147153,9,config_1
865c5f3,29.43512680295637,-98.51718023147153,7,config_1
865c5f44,29.441941025208795,-98.50071158483473,10,config_1
865c5f4c,29.43042145987955,-98.50071158483473,18,config_1
865c5f51,29.433827826476808,-98.49247860977935,8,config_1
865c5f53,29.428067753416755,-98.49247860977935,37,config_1
865c5f544,29.429770750657337,-98.48836245952685,1,config_1
865c5f54c,29.426890641563443,-98.48836245952685,20,config_1
865c5f551,29.42774209367849,-98.48630446874554,2,config_1
865c5f5524,29.426640140204217,-98.48664746330374,2,config_1
865c5f552c,29.425920100659436,-98.48664746330374,44,config_1
865c5f5534,29.425963899581323,-98.48596147574956,27,config_1
865c5f553c,29.42668393979143,-98.48596147574956,3,config_1
865c5f555,29.426389611601522,-98.48493250613528,3,config_1
865c5f557,29.427829686945977,-98.48493250613528,3,config_1
865c5f55c,29.429945976787344,-98.48561848431582,2,config_1
865c5f57,29.434178437136644,-98.48699045942412,12,config_1
865c5f5c,29.442642880284716,-98.48973448462176,4,config_1
865c5f7,29.459569854645576,-98.49522283487921,34,config_1
865c5fc,29.493416141773213,-98.50620073434655,19,config_1
865c601,29.528660473836183,-98.49522283487921,29,config_1
865c603,29.55168336720962,-98.49522283487921,17,config_1
865c605,29.55027440239649,-98.51718023147153,15,config_1
865c607,29.527252187092216,-98.51718023147153,14,config_1
865c60c,29.536643200950824,-98.55012829743514,19,config_1
865c614,29.58267824752269,-98.55012829743514,30,config_1
865c61c,29.585506336167388,-98.50620073434655,20,config_1
865c624,29.631529353588476,-98.50620073434655,23,config_1
865c629,29.66674255524623,-98.49522283487921,7,config_1
865c62b,29.689743270204016,-98.49522283487921,23,config_1
865c62d,29.688330258361397,-98.51718023147153,23,config_1
865c62f,29.66533021536124,-98.51718023147153,10,config_1
865c65,29.647424377761023,-98.61606741261737,50,config_1
865c664,29.576973232538126,-98.6380598200212,34,config_1
865c669,29.590625860666407,-98.60507358775152,30,config_1
865c66b,29.59205245463997,-98.58309070140116,4,config_1
865c66d,29.569039632005136,-98.58309070140116,14,config_1
865c66f,29.567613722093384,-98.60507358775152,8,config_1
865c674,29.533801572550477,-98.59408135029906,31,config_1
865c67c,29.530943666706463,-98.6380598200212,18,config_1
865c6c,29.592755976780314,-98.74811671290261,24,config_1
865c74,29.776668968125207,-98.74811671290261,34,config_1
865c79,29.831310526675196,-98.61606741261737,4,config_1
865c7b,29.73939743538161,-98.61606741261737,23,config_1
865c7d,29.745105158970148,-98.5281613251188,39,config_1
865c7f,29.837029015057755,-98.5281613251188,10,config_1
865c81,29.84268210816119,-98.4403573420946,25,config_1
865c83,29.848269980480726,-98.35265604392654,1,config_1
865c864,29.729154349918254,-98.41842236824124,7,config_1
865c86c,29.775137992723213,-98.41842236824124,22,config_1
865c874,29.772331727609178,-98.46229873376596,14,config_1
865c87c,29.7263507366268,-98.46229873376596,20,config_1
865c884,29.680354763320157,-98.46229873376596,26,config_1
865c88c,29.68315571669829,-98.41842236824124,6,config_1
865c894,29.63714216916881,-98.41842236824124,17,config_1
865c89c,29.634343883790542,-98.46229873376596,26,config_1
865c8a4,29.588318174309627,-98.46229873376596,20,config_1
865c8ac,29.542277711318967,-98.46229873376596,28,config_1
865c8b4,29.545070636455204,-98.41842236824124,19,config_1
865c8bc,29.591113783605802,-98.41842236824124,27,config_1
865c8c4,29.593893185799338,-98.37457171013507,35,config_1
865c8cc,29.547847370483826,-98.37457171013507,20,config_1
865c8d4,29.55060793520639,-98.33074683162457,45,config_1
865c8dc,29.59665640272028,-98.33074683162457,19,config_1
865c8f,29.66431980673125,-98.35265604392654,21,config_1
865c91,29.66982179837209,-98.26505800803056,3,config_1
865c924,29.59940345628491,-98.28694780470096,12,config_1
865c92c,29.553352352510636,-98.28694780470096,21,config_1
865c934,29.55608064437005,-98.24317470116918,8,config_1
865c93c,29.60213436849525,-98.24317470116918,12,config_1
865c95,29.583173553532948,-98.17756380884514,1,config_1
865c97,29.675259173783974,-98.17756380884514,19,config_1
865c99,29.767285114845322,-98.17756380884514,12,config_1
865c9b,29.76183741578778,-98.26505800803056,8,config_1
865c9d,29.853792807903154,-98.26505800803056,19,config_1
865c9f,29.859250767693318,-98.17756380884514,29,config_1
865ca3,29.772668249782306,-98.09017401782,40,config_1
865ca5,29.777987000124362,-98.0028892034051,11,config_1
865ca7,29.869972800245282,-98.0028892034051,15,config_1
865ca844,29.891497109761346,-97.93204797934837,20,config_1
865ca84c,29.892152383403687,-97.92115553285373,19,config_1
865ca854,29.880657758792914,-97.92115553285373,1,config_1
865ca85c,29.880002638326282,-97.93204797934837,13,config_1
865ca87,29.884765317038745,-97.94838975420146,29,config_1
865ca8c,29.85093454081997,-97.93749482375502,2,config_1
865ca94,29.85354948189246,-97.89393166986866,1,config_1
865ca9c,29.89953332569221,-97.89393166986866,15,config_1
865cab,29.880437523301296,-97.82863676314237,9,config_1
865cad,29.788432071795807,-97.82863676314237,4,config_1
865caf,29.78324154673377,-97.91570993103981,1,config_1
865cb4,29.647730670860483,-97.87216004899976,13,config_1
865cb9,29.59383477347415,-98.0028892034051,22,config_1
865cbb,29.685940788150305,-98.0028892034051,12,config_1
865cbc4,29.6589462692515,-98.06834295052006,10,config_1
865cbcc,29.704980590641473,-98.06834295052006,2,config_1
865cbd1,29.691471649544333,-98.10109201241855,8,config_1
865cbd3,29.714484120948903,-98.10109201241855,2,config_1
865cbd5,29.713143953958067,-98.12293291797432,34,config_1
865cbd7,29.690132118939594,-98.12293291797432,14,config_1
865cbf,29.58853623028217,-98.09017401782,1,config_1
865cd,29.365924716786814,-97.95928633924419,6,config_1
865ce4,29.257725688609163,-98.22129789306325,5,config_1
865cec,29.442236944118477,-98.22129789306325,33,config_1
865cf1,29.38794943622064,-98.35265604392654,7,config_1
865cf24,29.45846697402639,-98.33074683162457,8,config_1
865cf2c,29.50454476671062,-98.33074683162457,18,config_1
865cf34,29.50178686216847,-98.37457171013507,34,config_1
865cf3c,29.455711737642186,-98.37457171013507,14,config_1
865cf44,29.452940364021885,-98.41842236824124,16,config_1
865cf4c,29.499012804332434,-98.41842236824124,35,config_1
865cf54,29.4962225714295,-98.46229873376596,35,config_1
865cf584,29.46638081321602,-98.47875898376815,29,config_1
865cf58c,29.454862722340145,-98.47875898376815,6,config_1
865cf594,29.455562723515534,-98.46778508340742,3,config_1
865cf59c,29.46708098404201,-98.46778508340742,20,config_1
865cf5b,29.462370199555366,-98.45132723626844,16,config_1
865cf5d,29.439331353942535,-98.45132723626844,3,config_1
865cf5f,29.43793388334742,-98.47327183345534,34,config_1
865cf61,29.414892090360627,-98.47327183345534,47,config_1
865cf63,29.39184668153941,-98.47327183345534,3,config_1
865cf65,29.39324279290299,-98.45132723626844,2,config_1
865cf6c,29.40685339247636,-98.41842236824124,12,config_1
865cf74,29.360751966816615,-98.41842236824124,6,config_1
865cf7c,29.357969859007678,-98.46229873376596,31,config_1
865cfc,29.246817280680546,-98.39649382124541,35,config_1
865d1,28.97514406578216,-98.30884408222222,40,config_1
865d3,28.99632241061123,-97.95928633924419,5,config_1
865d5,28.625837306519635,-97.95928633924419,1,config_1
865d7,28.604832019854143,-98.30884408222222,24,config_1
865dc,28.756549512130285,-98.83627550306029,6,config_1
865e4,28.70820531676816,-99.54509739864785,18,config_1
865e9,29.27432271209941,-99.36730841665778,9,config_1
865eb,29.642292039713613,-99.36730841665778,2,config_1
865ed,29.61656912143663,-99.72326726161637,39,config_1
865ef,29.248798353958097,-99.72326726161637,3,config_1
865f4,29.392345363497473,-100.26001249402657,12,config_1
865fc,28.655654494741135,-100.26001249402657,4,config_1
87c004,39.79259097272381,-94.97665398592595,28,config_1
87c00c,39.627994696783375,-94.97665398592595,4,config_1
87c014,39.63497905537616,-94.81059550583717,16,config_1
87c01c,39.79958282540095,-94.81059550583717,33,config_1
87c061,39.26471263829315,-94.76915855510096,3,config_1
87c063,39.26129376103743,-94.85206358017719,33,config_1
87c065,39.34414401485566,-94.85206358017719,23,config_1
87c074,39.46295764958907,-94.97665398592595,12,config_1
87c079,39.337108767307996,-95.01824599477534,2,config_1
87c07a4,39.36047217212869,-94.95586956518562,5,config_1
87c07ac,39.36223121777988,-94.91432392635227,30,config_1
87c07b1,39.3307478328206,-94.92470743352922,27,config_1
87c07b5,39.31091770059672,-94.90394235566093,11,config_1
87c07b7,39.31004253575032,-94.92470743352922,25,config_1
87c07bc,39.3190756196539,-94.95586956518562,15,config_1
87c07c4,39.277651761237216,-94.95586956518562,15,config_1
87c07c9,39.28933041352372,-94.92470743352922,14,config_1
87c07cb,39.290205450800116,-94.90394235566093,25,config_1
87c07cd,39.26948637952731,-94.90394235566093,14,config_1
87c07cf,39.268611470320536,-94.92470743352922,3,config_1
87c07d4,39.237958137825636,-94.91432392635227,15,config_1
87c07dc,39.23620063032093,-94.95586956518562,3,config_1
87c084,39.131569550084656,-94.97665398592595,43,config_1
87c089,39.17833444468062,-94.85206358017719,29,config_1
87c08b,39.18175129798421,-94.76915855510096,16,config_1
87c08d,39.098681134379355,-94.76915855510096,28,config_1
87c08e4,39.075341929426436,-94.83132565603871,3,config_1
87c08e9,39.10694395817185,-94.82095960876008,11,config_1
87c08eb,39.1277179713499,-94.82095960876008,36,config_1
87c08ed,39.126860067180466,-94.84169364680177,12,config_1
87c08ef,39.106086183574575,-94.84169364680177,7,config_1
87c08f4,39.115179680897384,-94.87280927127271,48,config_1
87c08fc,39.073618737720544,-94.87280927127271,5,config_1
87c091,39.012089709970745,-94.85206358017719,42,config_1
87c0924,39.03545996305666,-94.78987313653973,26,config_1
87c092c,39.037150558091156,-94.74845176846277,31,config_1
87c0934,38.995533851925245,-94.74845176846277,29,config_1
87c0939,38.98385948914414,-94.77951487190384,15,config_1
87c093b,39.004674412438675,-94.77951487190384,12,config_1
87c093d,39.00382530869227,-94.80023334814048,6,config_1
87c093f,38.98301051666043,-94.80023334814048,25,config_1
87c0944,38.95220054299661,-94.78987313653973,28,config_1
87c094c,38.95389009302123,-94.74845176846277,40,config_1
87c0951,38.92221875170212,-94.75880418699842,21,config_1
87c0953,38.92305933308327,-94.73810130035979,18,config_1
87c0955,38.90221713049192,-94.73810130035979,5,config_1
87c0957,38.90137668104843,-94.75880418699842,10,config_1
87c095c,38.910530294738514,-94.78987313653973,29,config_1
87c0964,38.908825269560765,-94.83132565603871,22,config_1
87c096c,38.950494984292575,-94.83132565603871,23,config_1
87c0974,38.94877338476238,-94.87280927127271,8,config_1
87c097c,38.907104208724384,-94.87280927127271,9,config_1
87c099,38.925330032354154,-94.93509287631336,13,config_1
87c09b,39.008612740503686,-94.93509287631336,22,config_1
87c09d,39.00507125619558,-95.01824599477534,9,config_1
87c09f,38.921790748785426,-95.01824599477534,21,config_1
87c0a3,38.84193939548673,-94.93509287631336,31,config_1
87c0a5,38.758441113398106,-94.93509287631336,10,config_1
87c0a7,38.75490632985955,-95.01824599477534,15,config_1
87c0ac,38.63123487903563,-94.97665398592595,2,config_1
87c0b4,38.638168938479836,-94.81059550583717,20,config_1
87c0b9,38.76531776918143,-94.76915855510096,1,config_1
87c0bb,38.76191150787163,-94.85206358017719,10,config_1
87c0bc4,38.825404951600824,-94.83132565603871,10,config_1
87c0bcc,38.82368498013789,-94.87280927127271,9,config_1
87c0bd4,38.86540806203998,-94.87280927127271,9,config_1
87c0bdc,38.867128580189096,-94.83132565603871,43,config_1
87c0bf,38.848820456871955,-94.76915855510096,44,config_1
87c0c04,38.872194080432415,-94.70706160729246,42,config_1
87c0c0c,38.83046884317975,-94.70706160729246,3,config_1
87c0c14,38.83212490660357,-94.66570270831089,15,config_1
87c0c1c,38.87385066966074,-94.66570270831089,22,config_1
87c0c3,38.85544584472557,-94.60372309687371,11,config_1
87c0c5,38.77193891967622,-94.60372309687371,1,config_1
87c0c7,38.76866015398384,-94.68637824658086,20,config_1
87c0cc,38.64484723649029,-94.64503499936119,34,config_1
87c0e4,38.985311088833,-94.47997600454927,29,config_1
87c0e83,38.907988768286614,-94.59340002528974,50,config_1
87c0e85,38.92883187645182,-94.59340002528974,8,config_1
87c0e87,38.92964064162066,-94.5727597729473,2,config_1
87c0e8c,38.960488850874654,-94.5830789170299,31,config_1
87c0e94,38.95886301317918,-94.6243751265977,24,config_1
87c0e9c,38.917190682207675,-94.6243751265977,41,config_1
87c0ea1,38.905539063535976,-94.65536787474159,10,config_1
87c0ea3,38.926381787444214,-94.65536787474159,27,config_1
87c0ea5,38.925557146465714,-94.67603949921046,11,config_1
87c0ea7,38.904714551923405,-94.67603949921046,9,config_1
87c0eac,38.913892366694746,-94.70706160729246,46,config_1
87c0eb1,38.94556424192113,-94.69671894956187,11,config_1
87c0eb3,38.94473150863689,-94.71740621891084,1,config_1
87c0eb5,38.96556034098882,-94.71740621891084,18,config_1
87c0eb7,38.96639320395783,-94.69671894956187,23,config_1
87c0ebc,38.95722129585071,-94.66570270831089,45,config_1
87c0ec1,38.98886944153721,-94.65536787474159,4,config_1
87c0ec3,39.00968513906622,-94.65536787474159,6,config_1
87c0ec5,39.00885998540256,-94.67603949921046,10,config_1
87c0ec7,38.988044415328716,-94.67603949921046,31,config_1
87c0ec9,38.987215408157084,-94.69671894956187,12,config_1
87c0ecb,38.98638241598545,-94.71740621891084,17,config_1
87c0ecd,39.0071977292509,-94.71740621891084,13,config_1
87c0ecf,39.00803085014337,-94.69671894956187,10,config_1
87c0ed4,39.03882516647192,-94.70706160729246,24,config_1
87c0edc,39.04048382046611,-94.66570270831089,25,config_1
87c0ee1,39.05211765551097,-94.63470408302753,21,config_1
87c0ee3,39.05293510907766,-94.61404813092793,22,config_1
87c0ee5,39.03213269983893,-94.61404813092793,14,config_1
87c0ee7,39.03131537152101,-94.63470408302753,13,config_1
87c0eec,39.00050831490376,-94.6243751265977,35,config_1
87c0ef4,39.00213465673393,-94.5830789170299,37,config_1
87c0ef9,39.033755450246105,-94.5727597729473,18,config_1
87c0efb,39.03294605806402,-94.59340002528974,34,config_1
87c0efd,39.05374859192632,-94.59340002528974,17,config_1
87c0eff,39.05455810810765,-94.5727597729473,12,config_1
87c0f1,39.105318865081436,-94.60372309687371,45,config_1
87c0f3,39.10203189117476,-94.68637824658086,38,config_1
87c0f5,39.185104070402645,-94.68637824658086,4,config_1
87c0f7,39.188393020459,-94.60372309687371,1,config_1
87c70c,37.971683356691386,-94.64503499936119,30,config_1
87c713,38.09677793575475,-94.68637824658086,28,config_1
87c715,38.18113410197143,-94.68637824658086,33,config_1
87c717,38.184397321633504,-94.60372309687371,2,config_1
87c734,38.47719247628554,-94.64503499936119,29,config_1
87c739,38.34953005094925,-94.68637824658086,29,config_1
87c73f,38.265384910087,-94.68637824658086,27,config_1
87c75,38.383112497686724,-94.8935627223328,30,config_1
87c77,38.04613398349081,-94.8935627223328,14,config_1
87c79,37.70747861662477,-94.8935627223328,48,config_1
87c7a1,37.84308042901963,-94.68637824658086,21,config_1
87c7a3,37.758305987287756,-94.68637824658086,31,config_1
87c7a5,37.761557169132,-94.60372309687371,1,config_1
87c7bc,37.63258143830134,-94.64503499936119,28,config_1
87c7c1,37.50336140099963,-94.68637824658086,24,config_1
87c7c24,37.438660160995106,-94.70706160729246,23,config_1
87c7c29,37.40628680526275,-94.71740621891084,13,config_1
87c7c2b,37.38497096050648,-94.71740621891084,9,config_1
87c7c2d,37.385792736742985,-94.69671894956187,25,config_1
87c7c2f,37.40710874773576,-94.69671894956187,23,config_1
87c7c3c,37.44029667964469,-94.66570270831089,1,config_1
87c7c5,37.42141487643129,-94.60372309687371,3,config_1
87c7c7,37.50660498218831,-94.60372309687371,3,config_1
87c7dc,37.291827030221626,-94.64503499936119,41,config_1
87c7e3,37.24083199990235,-94.85206358017719,26,config_1
87c7e5,37.32621854326774,-94.85206358017719,43,config_1
87c7e7,37.329582783800284,-94.76915855510096,7,config_1
87c7ec,37.45579903596711,-94.81059550583717,41,config_1
87c7f4,37.448935516247104,-94.97665398592595,14,config_1
87c7fc,37.27837495384528,-94.97665398592595,38,config_1
87c804,37.107407205380824,-94.97665398592595,31,config_1
87c809,37.15534378140253,-94.85206358017719,28,config_1
87c80b,37.15870245580773,-94.76915855510096,17,config_1
87c80d,37.07311007798481,-94.76915855510096,17,config_1
87c811,36.98406371736018,-94.85206358017719,5,config_1
87c813,36.98741669251282,-94.76915855510096,6,config_1
87c815,36.90162265471218,-94.76915855510096,12,config_1
87c8164,36.877652351062885,-94.83132565603871,35,config_1
87c816c,36.9205733804877,-94.83132565603871,17,config_1
87c8174,36.918882232606,-94.87280927127271,6,config_1
87c817c,36.875961939295415,-94.87280927127271,21,config_1
87c81c,36.93603506182218,-94.97665398592595,3,config_1
87c825,36.72298277366755,-94.93509287631336,33,config_1
87c827,36.71951247776838,-95.01824599477534,18,config_1
87c82c,36.5920890183287,-94.97665398592595,46,config_1
87c834,36.598894102487684,-94.81059550583717,1,config_1
87c83c,36.77107868366428,-94.81059550583717,43,config_1
87c85,36.694782694296634,-94.56244259389422,13,config_1
87c86c,36.949441807505906,-94.64503499936119,44,config_1
87c871,37.07963328843637,-94.60372309687371,8,config_1
87c873,37.07640301118655,-94.68637824658086,42,config_1
87c875,37.161998167711,-94.68637824658086,35,config_1
87c99,36.00282308459756,-94.56244259389422,2,config_1
87c9b,36.34958656396506,-94.56244259389422,5,config_1
87c9d,36.33651399436072,-94.8935627223328,9,config_1
87c9ec,36.07997654951149,-94.81059550583717,4,config_1
87c9f4,35.9062262809536,-94.81059550583717,29,config_1
87c9f9,35.85768956521025,-94.93509287631336,21,config_1
87c9fac,35.967233064172916,-94.91432392635227,1,config_1
87c9fb9,35.93250743556419,-94.96626080951296,7,config_1
87c9fbd,35.91162818333508,-94.9454802538255,10,config_1
87c9fbf,35.91077217879197,-94.96626080951296,39,config_1
87c9fd,35.94121484286044,-95.01824599477534,27,config_1
87c9ff,35.85425200985621,-95.01824599477534,38,config_1
87ca04,35.725352582445765,-94.97665398592595,39,config_1
87ca09,35.59279136730177,-95.01824599477534,37,config_1
87ca0b,35.505448456717524,-95.01824599477534,13,config_1
87ca0d,35.50887192508664,-94.93509287631336,42,config_1
87ca0f,35.596218410868694,-94.93509287631336,25,config_1
87ca14,35.55757801154273,-94.81059550583717,5,config_1
87ca5,35.30469437740897,-94.56244259389422,5,config_1
87ca7,35.2917790915635,-94.8935627223328,4,config_1
87cac,34.77088223876642,-94.72775278355441,21,config_1
87cb4,34.79460479677922,-94.0695453815523,1,config_1
8744,39.85287102346122,-108.04801051576172,28,config_1
87509,41.59811431242835,-109.75916751331724,24,config_1
8750d,41.83587885829101,-110.14025935225098,33,config_1
8750f3,41.516939199757935,-109.99732439614137,19,config_1
8750f7,41.42275655758209,-110.0926111935824,32,config_1
8750fc,41.43518797912004,-110.23556469908166,37,config_1
87511,41.45933719640506,-110.52154591598968,47,config_1
87512c,41.85969242759465,-110.42620876515821,22,config_1
875131,41.794976822763296,-110.56921792788303,32,config_1
875133,41.87124266910556,-110.56921792788303,4,config_1
875135,41.85341416030688,-110.6645683348629,2,config_1
875137,41.77715359620869,-110.6645683348629,18,config_1
87513c,41.67148324147295,-110.61689210015189,27,config_1
87515,41.69403755436612,-110.90297701885287,49,config_1
87517,41.38778608275918,-110.90297701885287,45,config_1
87519,41.079859660514714,-110.90297701885287,31,config_1
8751b,41.15131011094095,-110.52154591598968,3,config_1
8751f,40.77026989303957,-110.90297701885287,49,config_1
8753,41.04899972624418,-111.85685855297612,19,config_1
8754124,41.92124087731774,-111.40374073521347,30,config_1
875412c,41.91193582814346,-111.4514368825246,16,config_1
875413c,41.95916579106489,-111.40374073521347,25,config_1
875415,42.01135239562775,-111.42758875868431,11,config_1
875417,42.029923940585704,-111.33219738883597,2,config_1
87541c,42.01972091568729,-111.1891150511533,1,config_1
87543,42.22822200510202,-111.2845025498043,5,config_1
87547,41.85081583827211,-111.66607250507464,30,config_1
8754c,41.887694499031255,-112.23840170215038,28,config_1
87551,42.378329268180806,-112.04763702062775,30,config_1
87553,42.30067036145585,-112.42914640441603,1,config_1
87555,42.5998538750365,-112.42914640441603,5,config_1
87557,42.67758409018417,-112.04763702062775,31,config_1
8755c,42.642002766346216,-111.47528509455601,8,config_1
87561,42.90208427872699,-110.90297701885287,38,config_1
87563,42.97400990204967,-110.52154591598968,4,config_1
875664,42.545604565769445,-110.8076084346242,12,config_1
875674,42.65946119122338,-110.99835150431319,18,config_1
87567c,42.50931557837146,-110.99835150431319,25,config_1
87569,42.30147244872842,-110.90297701885287,36,config_1
8756b,41.998603116555,-110.90297701885287,47,config_1
875709,42.56550473934336,-110.0926111935824,17,config_1
87570b,42.58282559657112,-109.99732439614137,25,config_1
87570f,42.490071542683225,-110.0926111935824,10,config_1
875714,42.38538642492742,-110.04496617551588,19,config_1
87571c,42.35058325611652,-110.23556469908166,15,config_1
875724,42.19908411575034,-110.23556469908166,25,config_1
87572c,42.047156608621734,-110.23556469908166,27,config_1
875734,42.08192386117436,-110.04496617551588,1,config_1
87577,42.512519149060196,-109.75916751331724,13,config_1
875784,42.75570468945215,-109.66393086492843,17,config_1
875794,42.871833317697934,-109.85441947118673,50,config_1
87579c,42.7215977724075,-109.85441947118673,7,config_1
8757b,42.74491601088889,-110.14025935225098,20,config_1
8757c5,43.01583257301741,-110.0926111935824,46,config_1
8757c6c,42.964098485684254,-110.06878828584347,23,config_1
8757c74,42.926679129896065,-110.06878828584347,36,config_1
8757cc,42.95227305203354,-110.23556469908166,6,config_1
8757d04,43.05878094238772,-110.16408457866042,20,config_1
8757d0c,43.096090026964454,-110.16408457866042,31,config_1
8757d5,43.130103946572625,-110.28322169111406,21,config_1
8757d7,43.14763432139191,-110.18791055344089,34,config_1
8757f,43.113486248182625,-109.75916751331724,2,config_1
87581,43.181034713042585,-109.37832062678952,29,config_1
875854,42.88849024491742,-108.90268301372318,16,config_1
87585c,43.03879069812862,-108.90268301372318,36,config_1
875864,43.18865153860634,-108.90268301372318,40,config_1
87586c,43.15597781319709,-109.09287643303662,4,config_1
875874,43.305387622633766,-109.09287643303662,39,config_1
8758ac,43.465159093440256,-108.14286689033348,44,config_1
8758b4,43.315700086004696,-108.14286689033348,22,config_1
8758c4,43.134591528280964,-108.33266475883127,42,config_1
8758cc,43.165796902626184,-108.14286689033348,28,config_1
8758dc,42.98425613419502,-108.33266475883127,11,config_1
8758f,43.01199683271839,-108.61756263435514,28,config_1
875901,42.79971838822296,-108.76009633278575,19,config_1
875903,42.81576561062774,-108.66506781698297,21,config_1
875905,42.74027829046244,-108.66506781698297,14,config_1
875914,42.6507296713564,-108.52257090915697,28,config_1
87591c,42.80193358385215,-108.52257090915697,2,config_1
87593,42.77355929606482,-108.23775189843867,32,config_1
87595,42.47023314742765,-108.23775189843867,26,config_1
87599,42.34273727750223,-108.99776892942042,1,config_1
8759d,42.57996097740468,-109.37832062678952,16,config_1
8759e1,42.3655906119512,-109.52110631484521,45,config_1
8759e3,42.28970122714166,-109.52110631484521,27,config_1
8759e5,42.30645681662171,-109.4259113746011,2,config_1
8759fc,42.18405066790589,-109.47350663665932,36,config_1
875a1,41.971934269968266,-109.37832062678952,22,config_1
875a5,41.73111445613175,-108.99776892942042,1,config_1
875a7,41.66533695693226,-109.37832062678952,50,config_1
875b1,41.486972404017536,-108.61756263435514,25,config_1
875b74,41.61150895847661,-108.33266475883127,26,config_1
875b7c,41.64256300690674,-108.14286689033348,33,config_1
875bc,41.98068044964524,-108.42760468979141,28,config_1
875c24,42.348313172193784,-107.57418545238139,7,config_1
875c2c,42.37799325957666,-107.38488314332629,32,config_1
875c34,42.22494717339534,-107.38488314332629,25,config_1
875c5,41.9797796421945,-107.47951725467925,47,config_1
875c84,41.67325681610905,-107.95318355546407,46,config_1
875c8c,41.70359059001858,-107.7636209979384,10,config_1
875cf,41.671078101427895,-107.47951725467925,27,config_1
875d01,41.82378828038222,-107.24299758620982,28,config_1
875d03,41.74649276002279,-107.24299758620982,23,config_1
875d05,41.76102843573288,-107.14845208549758,29,config_1
875d0c,41.82133073316203,-107.0067030764231,40,config_1
875d14,41.666499472243224,-107.0067030764231,8,config_1
875d5,41.47604079843073,-106.72346389403498,43,config_1
875d64,41.72318272366821,-106.62913035392717,32,config_1
875d6d,41.726675435306205,-106.86503947741906,27,config_1
875d6f,41.74084842210498,-106.77064581500318,42,config_1
875d74,41.84986870902074,-106.81783770824106,3,config_1
875d7c,41.878048662405156,-106.62913035392717,22,config_1
875dc,42.22082758211599,-106.91225102614887,8,config_1
875e4,42.83138365901172,-106.91225102614887,34,config_1
875e9,42.591931044888184,-107.47951725467925,17,config_1
875ea4,42.47084916554571,-107.7636209979384,48,config_1
875eac,42.440431953536695,-107.95318355546407,27,config_1
875eb4,42.5925553358736,-107.95318355546407,4,config_1
875f4,43.31723880826789,-107.66888695938226,36,config_1
875fc,43.43481605010357,-106.91225102614887,1,config_1
54a01,46.69627491445258,-116.50323898101068,17,config_1
54a021,46.728883302637556,-116.86990628469317,10,config_1
54a025,46.63580876236556,-116.90927852016036,2,config_1
54a0264,46.678575559586676,-116.98633260419386,2,config_1
54a026c,46.692100973038066,-116.93305775552197,15,config_1
54a0271,46.71350182698775,-116.9716295242189,10,config_1
54a0273,46.720269042483395,-116.94497098760837,2,config_1
54a0275,46.736799143160695,-116.96181278764318,1,config_1
54a0277,46.73002433690326,-116.98848274498563,49,config_1
54a027c,46.711593405197405,-117.02004308843635,40,config_1
54a02c,46.62817442264636,-117.10256003500996,2,config_1
54a031,46.542902335193226,-116.94846309608276,7,config_1
54a033,46.51589945966806,-117.05459952640072,8,config_1
54a035,46.450164333797666,-116.98746137287901,49,config_1
54a037,46.47704651827787,-116.88150568809723,4,config_1
54a03c,46.55017947314869,-116.75576869953292,12,config_1
54a044,46.41818140731834,-116.62287598793877,19,config_1
54a04c,46.3649937677052,-116.8343659404662,38,config_1
54a054,46.23362335416315,-116.70169370414547,4,config_1
54a05c,46.28633523894178,-116.49092989952238,26,config_1
54a064,46.33861559293973,-116.27993807268204,1,config_1
54a06c,46.47093492375566,-116.41115003710405,48,config_1
54a07c,46.39046271893876,-116.0687257124441,2,config_1
54a09,46.16606598052111,-115.97985139499544,4,config_1
54a0b,45.90195409711273,-115.72374319010174,1,config_1
54a0c4,45.891751134644295,-116.10069311100112,47,config_1
54a0d4,45.709708553134966,-116.18032247148817,8,config_1
54a0d9,45.79488045300263,-116.32902692153203,16,config_1
54a0db,45.820581872467294,-116.22487439483173,30,config_1
54a0dd,45.88604901964514,-116.28949309604252,16,config_1
54a0f,46.06291092107564,-116.3996339814568,31,config_1
54a14,45.775177155762165,-116.8955248936224,49,config_1
54a1c,46.29527448275069,-117.4295907902205,5,config_1
54a24,46.07297628255483,-118.27174051612829,7,config_1
54a29,46.02872563633426,-119.04087275863668,50,config_1
54a2a4,46.00409777403071,-119.42617740179166,42,config_1
54a2ac,45.94483649564443,-119.63552320665697,19,config_1
54a2b4,45.81915990028238,-119.49287497528061,9,config_1
54a2bc,45.87791041223789,-119.28415519895266,27,config_1
54a2d,45.659877064867864,-119.17683633115419,9,config_1
54a2f,45.77504239195271,-118.7606452586583,38,config_1
54a31,45.52181636727887,-118.48419213411044,41,config_1
54a33,45.408641093159964,-118.89783632181928,16,config_1
54a37,45.26908292381726,-118.21145719386575,34,config_1
54a3c,45.56062679935791,-117.726706078548,19,config_1
54a41,45.23064095296023,-117.1222472628227,26,config_1
54a43,44.975244581052856,-116.86207302086858,9,config_1
54a45,44.87103428614596,-117.26995848504329,10,config_1
54a47,45.124564487011526,-117.53280784459027,20,config_1
54a484,45.10706840248808,-117.90685144478036,33,config_1
54a48c,44.9808645197418,-117.77354553833084,14,config_1
54a494,44.92685821576722,-117.9777556844187,6,config_1
54a49c,45.05258521101653,-118.11170790297254,3,config_1
54a4b,44.90759225649767,-118.35092443240963,2,config_1
54a4d,44.65784760356354,-118.08290436559409,13,config_1
54a4e4,44.675829294003336,-117.71253976522013,34,config_1
54a4e9,44.7564817688268,-117.86238985559916,39,config_1
54a4ed,44.84610474550603,-117.82697362178494,11,config_1
54a4ef,44.78328817487728,-117.76075061485156,5,config_1
54a4f4,44.8548046399677,-117.64113811249777,6,config_1
54a4fc,44.72889281556797,-117.50962233306568,1,config_1
54a504,44.60313303946659,-117.37899140559311,13,config_1
54a50c,44.477529245370455,-117.24923857575564,33,config_1
54a514,44.42539394204224,-117.45086362764317,12,config_1
54a53,44.408666690340894,-117.81843700714177,1,config_1
54a55,44.160081265558674,-117.55746965752776,1,config_1
54a57,44.26374842085015,-117.15659617859465,20,config_1
54a5c,44.54284482942752,-116.68048912600881,3,config_1
54a6004,44.410949660772765,-116.01655286708319,26,config_1
54a6014,44.45503499759502,-115.9973095445983,24,config_1
54a601c,44.42320291720334,-115.96627755228457,9,config_1
54a605,44.52124189747084,-115.96836412928151,3,config_1
54a607,44.49664681637072,-116.06914994240402,27,config_1
54a60c,44.604615309619476,-116.11235652038474,32,config_1
54a614,44.65393941818562,-115.91018193433767,8,config_1
54a63,44.66284547336563,-115.5450082760695,3,config_1
54a65,44.920466949086425,-115.79263808119926,4,config_1
54a661,44.95504798794252,-116.14137406661999,44,config_1
54a663,44.92998351406612,-116.24328415496181,4,config_1
54a6664,44.868501011921374,-116.08809257230209,25,config_1
54a666c,44.900608762421776,-116.11955699035433,32,config_1
54a6674,44.9130737332939,-116.06865512960557,6,config_1
54a669,44.82656116483566,-116.01560283164068,8,config_1
54a66d,44.73765660591658,-116.05443463369848,27,config_1
54a66f,44.80172079633331,-116.11716671831684,22,config_1
54a69,45.07784725502912,-116.45331778584747,48,config_1
54a6b,45.335091157956654,-116.7107577692082,5,config_1
54a6c1,45.30256470542373,-116.35682324376494,36,config_1
54a6c5,45.39274689481314,-116.31791568601764,12,config_1
54a6c7,45.36720469569692,-116.42097152432818,16,config_1
54a6cc,45.47711350167777,-116.46596197464189,3,config_1
54a6d4,45.528335728674755,-116.25921860277896,11,config_1
54a6dc,45.398398689802946,-116.13135469417861,2,config_1
54a6f,45.178829001911105,-116.04374774022213,41,config_1
54a74,45.45803113423271,-115.55271758733107,8,config_1
54a7c,44.93599317741806,-115.0590521692246,35,config_1
54a84,44.41714955873124,-114.57913245827669,13,config_1
54a89,44.40599410684747,-115.30080151170205,3,config_1
54a8b,44.31032202735096,-115.70203619126582,5,config_1
54a8d,44.05598184327602,-115.45843525758934,4,config_1
54a8f,44.149941423302465,-115.0599618238806,45,config_1
54a94,43.72188823075892,-114.90213262495145,36,config_1
54a9c,43.90172524383432,-114.11250173606629,17,config_1
54aa124,43.47501510155272,-113.53001619376705,1,config_1
54aa12c,43.44304518484161,-113.50215271925741,3,config_1
54aa134,43.43245204510756,-113.55088866069585,36,config_1
54aa13c,43.464397626940766,-113.57879626769648,40,config_1
54aa3,43.474342763284795,-113.9664446002761,1,config_1
54aa5,43.22016994080942,-113.74129274889671,1,config_1
54aa7,43.30460154783407,-113.3530948339456,6,config_1
54aac,42.881959002655655,-113.21735355100876,4,config_1
54ab3,42.63188007247025,-113.68260495233189,36,config_1
54ab5,42.54761386113076,-114.06474237780243,27,config_1
54ab7,42.79677867383193,-114.28919947334384,1,config_1
54ab9,43.04686751092222,-114.51671863855064,1,config_1
54abb,43.13425611867958,-114.12918421264933,39,config_1
54abd,43.386847081725385,-114.35709829480007,39,config_1
54abf,43.297856972928265,-114.74735024023009,6,config_1
54ac1,43.20738100008183,-115.13714953782845,2,config_1
54ac3,43.11542836724791,-115.52644576629147,21,config_1
54ac5,42.867698823478925,-115.2905161111475,20,config_1
54ac7,42.958012181572286,-114.9038458498566,8,config_1
54ac84,42.793607665703135,-114.63467578321165,6,config_1
54ac8c,42.749417163959066,-114.82713896379099,11,config_1
54ac94,42.62559103130938,-114.71249265119984,18,config_1
54ac9c,42.66938414907675,-114.52068783110145,31,config_1
54aca1,42.58718411997781,-114.38785619543626,41,config_1
54aca3,42.56552477720166,-114.48353595902545,34,config_1
54acbc,42.50198901360085,-114.59861235085305,1,config_1
54ad4,42.36317877737694,-115.51576737813812,4,config_1
54adc,42.85203478806316,-115.98905132459512,20,config_1
54ae1,43.172297076078024,-116.5475669604974,10,config_1
54ae24,43.331958217332605,-116.83090476974382,1,config_1
54ae2c,43.45487157851019,-116.95578004051916,26,config_1
54ae34,43.50461601879852,-116.75903818337981,36,config_1
54ae3c,43.38126451190494,-116.63479280713635,4,config_1
54ae41,43.38711080769477,-116.45677552855295,7,config_1
54ae43,43.411432445891364,-116.35866433551683,8,config_1
54ae444,43.45176244676921,-116.4293463003041,21,config_1
54ae44c,43.46394063903879,-116.3802198060938,46,config_1
54ae451,43.48412415320783,-116.41559822436749,19,config_1
54ae453,43.49021759170289,-116.3910172125779,10,config_1
54ae455,43.50571191121133,-116.4064204094757,26,config_1
54ae457,43.499611696702516,-116.43101145047495,36,config_1
54ae45c,43.482711417518225,-116.4601771176228,50,config_1
54ae47,43.44890432799199,-116.51845440423737,16,config_1
54ae49,43.51074373817542,-116.58033866854132,7,config_1
54ae4b,43.57262860895022,-116.64242911105305,24,config_1
54ae4d,43.59727643873171,-116.54383826069929,48,config_1
54ae4e4,43.55690352603547,-116.47274628908184,49,config_1
54ae4ec,43.54464388833978,-116.52199299853348,5,config_1
54ae4f4,43.51367191589719,-116.49105931736412,5,config_1
54ae4fc,43.52590435050041,-116.44185268931503,37,config_1
54ae501,43.5273102965686,-116.3972326305909,8,config_1
54ae503,43.54281718602799,-116.41265149316514,22,config_1
54ae505,43.548919307299194,-116.38803487117602,13,config_1
54ae507,43.533405636752654,-116.3726260652908,22,config_1
54ae509,43.5394951439982,-116.34801677148441,19,config_1
54ae50b,43.545578815413485,-116.32340476146409,47,config_1
54ae50c4,43.55570231727046,-116.34110019444933,21,config_1
54ae50cc,43.558745232072255,-116.32878972959828,24,config_1
54ae50d4,43.566510416538904,-116.33648601199154,7,config_1
54ae50dc,43.56346580830465,-116.34879899898412,22,config_1
54ae50f,43.55501559132915,-116.36341550818852,43,config_1
54ae511,43.57053894140064,-116.37882711465775,35,config_1
54ae513,43.57663616459451,-116.35419493999846,36,config_1
54ae515,43.59216919684842,-116.36960934442654,31,config_1
54ae517,43.58606518751149,-116.39425160335782,33,config_1
54ae519,43.57995532940997,-116.41889110855413,38,config_1
54ae51b,43.56443587375337,-116.40345654811276,29,config_1
54ae51d,43.55832696456234,-116.42808322805378,37,config_1
54ae51f,43.57383962546242,-116.4435278476972,22,config_1
54ae521,43.58935516200526,-116.45898536454591,28,config_1
54ae523,43.59547766755003,-116.43433856496341,23,config_1
54ae525,43.61100288144079,-116.44979892981401,3,config_1
54ae527,43.60487356745408,-116.47445579106065,4,config_1
54ae52c,43.63122704222955,-116.48535003777106,20,config_1
54ae531,43.63266123486197,-116.44060248765363,18,config_1
54ae533,43.64819899784304,-116.45607863013892,22,config_1
54ae535,43.65433022020483,-116.43139602139901,26,config_1
54ae537,43.638785643691584,-116.41592996824852,43,config_1
54ae53c,43.612417804835665,-116.4050841698133,20,config_1
54ae541,43.61381007159595,-116.36038154383634,34,config_1
54ae543,43.619909159022754,-116.33572370379082,29,config_1
54ae5444,43.63004769532843,-116.35345410093636,22,config_1
54ae544c,43.63309831937726,-116.34112070335922,13,config_1
54ae5454,43.64087609526696,-116.34883266248791,15,config_1
54ae545c,43.637823773108565,-116.36116858978947,17,config_1
54ae5464,43.63476998432634,-116.37350383008214,26,config_1
54ae546c,43.62699560519765,-116.36578681307539,11,config_1
54ae5474,43.62394204934804,-116.37811883823086,6,config_1
54ae547c,43.631714729283914,-116.38583838181998,12,config_1
54ae549,43.64490418788891,-116.39125466972862,46,config_1
54ae54b,43.66045557361522,-116.40671062092736,34,config_1
54ae54d,43.66657505513937,-116.38202244109702,34,config_1
54ae54f,43.651016864528124,-116.36657660445832,35,config_1
54ae551,43.65712367069322,-116.34189578481207,32,config_1
54ae553,43.67268866185231,-116.35733149429115,31,config_1
54ae555,43.67879639083894,-116.33263779290293,14,config_1
54ae557,43.66322460347806,-116.31721222317427,10,config_1
54ae559,43.6476557194832,-116.30179957917059,6,config_1
54ae55a4,43.646976338260686,-116.32415875304527,13,config_1
54ae55ac,43.64392695043848,-116.3364960497241,19,config_1
54ae55b4,43.63614747698168,-116.32878662189002,21,config_1
54ae55bc,43.639195167779796,-116.31645185807544,9,config_1
54ae55d,43.626002384650334,-116.31106313449698,47,config_1
54ae55f,43.63208974559044,-116.2863998483217,22,config_1
54ae561,43.61652668852202,-116.27101301806775,29,config_1
54ae563,43.600966554986385,-116.2556390758594,10,config_1
54ae565,43.59489273850642,-116.2802820920407,22,config_1
54ae567,43.61044610323302,-116.29566616855617,12,config_1
54ae569,43.60435965760324,-116.32031661468251,5,config_1
54ae56b,43.59826735451198,-116.3449643440887,10,config_1
54ae56d,43.58272754043516,-116.32956003645454,32,config_1
54ae56f,43.58881306603253,-116.30492241635547,8,config_1
54ae571,43.573269391013426,-116.28954109629586,24,config_1
54ae573,43.56719063607229,-116.31416860843261,24,config_1
54ae575,43.551656648116456,-116.29879004753204,21,config_1
54ae577,43.55772863923489,-116.27417264200028,9,config_1
54ae579,43.5637947859063,-116.24955255719061,9,config_1
54ae57b,43.57934229716921,-116.26491089242415,35,config_1
54ae57c4,43.580004716857275,-116.24259759060227,8,config_1
54ae57cc,43.58778174019059,-116.25027617434075,8,config_1
54ae57d4,43.59081464869669,-116.23795779765393,17,config_1
54ae57dc,43.58303593626916,-116.23028174852585,22,config_1
54ae57f,43.56985508527804,-116.22492980543463,35,config_1
54ae59,43.52191496103096,-116.22351064564052,41,config_1
54ae5a4,43.51925742186977,-116.3126446614144,48,config_1
54ae5ac,43.50709871284577,-116.36183304329336,47,config_1
54ae5b1,43.486882067404544,-116.32647674956715,17,config_1
54ae5b3,43.480807029526396,-116.3510531525033,32,config_1
54ae5b5,43.465311763184346,-116.33568565498626,9,config_1
54ae5bc,43.48822727237412,-116.28193432866276,42,config_1
54ae5d,43.43566136477981,-116.2605100925991,40,config_1
54ae7,43.26887526705082,-116.1568882675859,42,config_1
54ae9,43.36397951896133,-115.76555836928306,26,config_1
54aeb,43.457598816368254,-115.37362724179869,2,config_1
54aed,43.70864015870395,-115.61333025341708,1,config_1
54aee4,43.699861695178015,-115.97025344299091,1,config_1
54aeec,43.57477938366902,-115.84859171759476,1,config_1
54aef1,43.57012222418253,-116.02666880060974,1,config_1
54aef3,43.507789991660324,-115.96579689525605,8,config_1
54aef44,43.50539495342848,-116.05473907363604,3,config_1
54aef4c,43.474281027619185,-116.0242930874659,7,config_1
54aef54,43.462296243186294,-116.07340200593494,22,config_1
54aef5c,43.49338339172273,-116.10388862461001,25,config_1
54aef61,43.51369503625574,-116.13908052503075,29,config_1
54aef63,43.52924421197696,-116.15436726380233,42,config_1
54aef65,43.535272609945594,-116.12976967549193,10,config_1
54aef6c,43.53652089451598,-116.08523616548925,15,config_1
54aef71,43.55686075877254,-116.12044872842353,11,config_1
54aef73,43.56288418578178,-116.09583579027263,17,config_1
54aef75,43.57845948065393,-116.11111766709612,4,config_1
54aef764,43.57783044410639,-116.13340963068414,14,config_1
54aef76c,43.57004457434473,-116.12576166756993,18,config_1
54aef774,43.5670288761566,-116.13807130384632,15,config_1
54aef77c,43.57481306351608,-116.14572181014931,23,config_1
54aef784,43.5717942192695,-116.15803333678409,27,config_1
54aef78c,43.56877391171751,-116.17034420904298,14,config_1
54aef794,43.56099309080452,-116.16268862100517,11,config_1
54aef79c,43.56401171485976,-116.15038028883968,10,config_1
54aef7b,43.55083148191644,-116.14505907380531,34,config_1
54aef7d,43.544796358009286,-116.16966681406572,24,config_1
54aef7e4,43.554951455823065,-116.18730332067597,11,config_1
54aef7ec,43.55797300434178,-116.17499629879849,5,config_1
54aef7f4,43.565752141211554,-116.18265442538122,22,config_1
54aef7fc,43.56272890810372,-116.19496398425446,21,config_1
54aef804,43.57050709880621,-116.20262785783117,4,config_1
54aef80c,43.578286027099274,-116.21029494297072,22,config_1
54aef814,43.5813126319457,-116.19798030955845,20,config_1
54aef81c,43.57353201735653,-116.19031576177939,16,config_1
54aef824,43.57655547275906,-116.1780030067121,14,config_1
54aef82c,43.579577464661185,-116.16568959417408,15,config_1
54aef834,43.58736145020432,-116.1733490625766,20,config_1
54aef83c,43.58433777309843,-116.18566501557862,7,config_1
54aef844,43.59212081190402,-116.19333023720937,8,config_1
54aef84c,43.59514617506754,-116.18101174355918,22,config_1
54aef854,43.602931638418646,-116.18867763869004,35,config_1
54aef85c,43.59990458834333,-116.20099867317175,34,config_1
54aef87,43.59147055168843,-116.21564245884714,43,config_1
54aef884,43.60162722919634,-116.23331548342198,11,config_1
54aef88c,43.60465889805535,-116.22099323684424,22,config_1
54aef894,43.61244245809396,-116.2286706458135,22,config_1
54aef89c,43.6094090995218,-116.2409954304718,9,config_1
54aef8b,43.62260141060076,-116.24635717558509,17,config_1
54aef8d,43.628670266609554,-116.22169865348594,46,config_1
54aef8e4,43.618504777251296,-116.20401907767283,39,config_1
54aef8ec,43.61547435078892,-116.21634519436464,16,config_1
54aef8f4,43.60768910158303,-116.20867032503394,32,config_1
54aef8fc,43.610717839424545,-116.1963467495381,22,config_1
54aef91,43.619152839905986,-116.18169399975594,50,config_1
54aef924,43.629323099867925,-116.19936530134258,28,config_1
54aef92c,43.6371131986151,-116.20704152564491,25,config_1
54aef95,43.64079036902806,-116.17237361999794,5,config_1
54aef97,43.62520320390268,-116.15704033979678,5,config_1
54aef9c,43.59880861162842,-116.1463840666699,47,config_1
54aefc4,43.67326650221562,-116.15837402793119,11,config_1
54aefd4,43.71660503543924,-116.13967230802113,14,config_1
54aefdc,43.70447879517096,-116.1890873481282,27,config_1
54aefe4,43.69232897798686,-116.23849171818676,10,config_1
54aefe9,43.67197354529438,-116.2030788398671,1,config_1
54aefeb,43.65638048505595,-116.18771978248832,19,config_1
54aefed,43.650316611551176,-116.21239381232365,37,config_1
54aefef,43.66590290676751,-116.22776305684029,14,config_1
54aeff1,43.65982638771657,-116.25244459399038,23,config_1
54aeff3,43.644246861904485,-116.23706517484351,38,config_1
54aeff5,43.638171238964674,-116.26173385764166,33,config_1
54aeff7,43.65374399099927,-116.27712343890227,14,config_1
54aeff9,43.66931965998638,-116.2925259319393,50,config_1
54aeffa4,43.66999163202924,-116.27015950071339,9,config_1
54aeffac,43.67303390278981,-116.25781559062398,18,config_1
54aeffb4,43.68082670505775,-116.26551371363506,4,config_1
54aeffbc,43.677782738829755,-116.27786016634705,26,config_1
54aeffd,43.690994204022154,-116.28324217600219,7,config_1
54aefff,43.684898239194005,-116.30794134933555,45,config_1
54af001,43.700479721876306,-116.32336970368445,35,config_1
54af003,43.70658248104598,-116.29866036406851,6,config_1
54af005,43.7221736616476,-116.31409150032694,24,config_1
54af007,43.716064101273545,-116.33881100758977,9,config_1
54af00c,43.742506711950085,-116.34963023679799,31,config_1
54af014,43.7547344579057,-116.3001551943741,13,config_1
54af019,43.73437509402908,-116.26464427062253,21,config_1
54af01b,43.72827732686394,-116.2893692505209,39,config_1
54af01d,43.712679349430516,-116.27394829452153,1,config_1
54af01f,43.718770324145375,-116.24923350748543,18,config_1
54af024,43.73570283893562,-116.21985236530128,21,config_1
54af039,43.77779837195538,-116.24600572788462,15,config_1
54af03d,43.756081435613105,-116.25533008739325,3,config_1
54af03f,43.7716988216058,-116.27075657098969,43,config_1
54af05,43.819927614722054,-116.2722139696388,31,config_1
54af07,43.795437631833835,-116.3713084964399,4,config_1
54af0c,43.901482122522886,-116.41482493722731,2,config_1
54af14,43.95059996970525,-116.21605545863413,34,config_1
54af1c,43.825136369401086,-116.09273918114562,13,config_1
54af3,43.960478655095734,-115.85631062071721,28,config_1
54af41,44.08165328515207,-116.1595257704522,41,config_1
54af45,44.16923354158607,-116.12163124861225,47,config_1
54af47,44.10608882146429,-116.05976010868568,31,config_1
54af4c,44.174209594448776,-115.9408142833056,1,config_1
54af51,44.25698270730563,-116.08356896443281,48,config_1
54af55,44.34490060905727,-116.0453377821438,48,config_1
54af57,44.320329862474104,-116.14569512403706,18,config_1
54af5c,44.25169439857144,-116.26493143385534,3,config_1
54af8c,44.050922179115155,-117.06486997425735,39,config_1
54af94,43.926428411837804,-116.93791791308423,11,config_1
54af9c,43.9767505059054,-116.73887456758807,1,config_1
54afa9,43.77085298834612,-116.47035832982436,26,config_1
54afaa1,43.741112438736245,-116.39446958083836,5,config_1
54afaa3,43.73497745631832,-116.41920385439265,21,config_1
54afaa5,43.719400946790785,-116.40371631086187,34,config_1
54afaa7,43.72552910554915,-116.37899218229822,19,config_1
54afaa9,43.709948648645195,-116.36352775986855,21,config_1
54afaaa4,43.699793336499546,-116.34576092513218,16,config_1
54afaaac,43.69200442104771,-116.33803970307828,18,config_1
54afaab4,43.68894947647576,-116.35039104549304,32,config_1
54afaabc,43.6967366908489,-116.35811480455946,17,config_1
54afaad,43.68825654276914,-116.37278014340514,39,config_1
54afaaf,43.70382730667587,-116.38824174473243,39,config_1
54afab1,43.69770007828878,-116.41295294976071,28,config_1
54afab3,43.682136128650214,-116.39748121867594,6,config_1
54afab5,43.67600983538323,-116.42217951434775,8,config_1
54afab7,43.69156696641704,-116.43766136254264,20,config_1
54afab9,43.70712695992688,-116.45315617807518,20,config_1
54afabb,43.713266897269314,-116.42843764692732,33,config_1
54afabd,43.72883657879223,-116.44393532276217,2,config_1
54afabf,43.72268980910912,-116.46866397351882,22,config_1
54afac1,43.71653715023011,-116.49338979424473,26,config_1
54afac3,43.71037860512617,-116.51811277253215,6,config_1
54afac44,43.70025536511219,-116.50028697192265,18,config_1
54afac4c,43.697177188016035,-116.51264396533294,6,config_1
54afac54,43.689404167232766,-116.50488195291759,12,config_1
54afac5c,43.69248063440238,-116.49252748131819,18,config_1
54afac7,43.70098113771552,-116.47787189189619,29,config_1
54afac9,43.68542797400366,-116.46236697067773,19,config_1
54afacb,43.66987766590217,-116.44687501802875,5,config_1
54afacd,43.66373962315087,-116.47156771733718,23,config_1
54afacf,43.6792831040015,-116.48706976177553,14,config_1
54afad4,43.66228781382301,-116.5163584395593,33,config_1
54afaf,43.74617387331362,-116.56936267169381,8,config_1
54afb4,43.677958139114224,-116.68654351587482,12,config_1
54afbc,43.80210586511096,-116.81181124413952,16,config_1
54afc1,43.795430665539094,-116.99205036547936,30,config_1
54afc7,43.73347951303679,-116.92896787871177,21,config_1
54afc9,43.671571627562585,-116.86609480690419,24,config_1
54afcb,43.60970745349177,-116.80343035387646,13,config_1
54afcd,43.58476297788202,-116.9020863489068,10,config_1
54afcf,43.64651656758341,-116.96490925483525,22,config_1
54afdc,43.70121933050667,-117.20801815880262,2,config_1
54aff,43.9121221485457,-117.29995019941629,34,config_1
54b04,43.634136009905674,-117.76646029538429,3,config_1
54b0c,43.42328365157573,-118.55525388753618,47,config_1
54b14,42.94262066485731,-118.03668724868305,11,config_1
54b1b,43.21715997987592,-117.57918918031349,1,config_1
54b1d,43.31841397017995,-117.18751968416638,45,config_1
54b1f,43.074256589491355,-116.93754507934442,28,config_1
54b3,42.32371150784166,-116.90117648392277,18,config_1
54b5,41.92631344421631,-118.42497867514854,22,config_1
54b64,42.51840282169745,-119.58406923052317,12,config_1
54b69,42.562569934291794,-118.875245231584,2,config_1
54b6b,42.66772597796764,-118.48948728986353,36,config_1
54b6d,42.904737047046126,-118.74891165052433,14,config_1
54b6f,42.797757953969075,-119.13690033483353,2,config_1
54b74,43.206616676345504,-119.34003948939028,16,config_1
54b84,43.4519711572171,-120.67019682978226,19,config_1
54b884,43.65553465310525,-121.31723276870672,49,config_1
54b88c,43.71534280956098,-121.11965844677398,17,config_1
54b894,43.832510027332205,-121.26165405248896,7,config_1
54b899,43.81652173897211,-121.44598168564809,18,config_1
54b89b,43.75810551563616,-121.374574139829,7,config_1
54b89c4,43.75005698027562,-121.46660455667568,18,config_1
54b89cc,43.7209011060719,-121.43090800256451,47,config_1
54b89d4,43.70580449880539,-121.48031445871653,5,config_1
54b89dc,43.73492891564062,-121.51604247630497,1,config_1
54b89f,43.78621526492428,-121.54499713425761,1,config_1
54b8a4,43.88894639422549,-121.60311755151828,41,config_1
54b8a9,43.96120134985473,-121.76091384233007,3,config_1
54b8ab,44.019566705709856,-121.83332677011532,1,config_1
54b8ad,44.050381344207295,-121.73380881252737,20,config_1
54b8af,43.9918882990181,-121.66152114452073,47,config_1
54b8b4,44.06709118532772,-121.54827895114285,32,config_1
54b8b9,43.99426565892039,-121.39064441111805,12,config_1
54b8bb,43.96388433461029,-121.49009518886636,2,config_1
54b8bc4,43.9275257041743,-121.41145461893355,1,config_1
54b8bcc,43.912360164339084,-121.46110950232698,3,config_1
54b8bd1,43.894194415799966,-121.4218332406142,16,config_1
54b8bd3,43.88661792389258,-121.44664309503898,21,config_1
54b8bd5,43.87198788858606,-121.4287425448525,31,config_1
54b8bd7,43.87955648727112,-121.40394063723237,3,config_1
54b8bdc,43.89822366941995,-121.37566581972602,4,config_1
54b8bf,43.935556814403704,-121.31905258871718,12,config_1
54b8c61,44.05797970472128,-121.28058900075598,13,config_1
54b8c63,44.050411801035864,-121.30550341444703,41,config_1
54b8c65,44.03569524281372,-121.28760023822727,26,config_1
54b8c67,44.04325523946848,-121.26269390308487,10,config_1
54b8c6c,44.017397556927214,-121.24832498447707,1,config_1
54b8c74,44.00229000990531,-121.29810218688114,2,config_1
54b8c79,44.02055836649558,-121.33739600386035,8,config_1
54b8c7b,44.02812961678695,-121.31250094211958,8,config_1
54b8c7d,44.04283826524678,-121.33041218152742,46,config_1
54b8c84,44.06110875931032,-121.36976327470067,25,config_1
54b8c89,44.065129615425846,-121.32342042490833,41,config_1
54b8c8b,44.07270543295463,-121.29849793616108,20,config_1
54b8c8d,44.08743241582794,-121.31642072009603,9,config_1
54b8c94,44.10572811386195,-121.35580292798564,2,config_1
54b8c9c,44.090525567983605,-121.40567684609651,1,config_1
54b8cd,44.17274305266661,-121.33480274598949,7,config_1
54b8cf,44.11374092386233,-121.26302602113272,33,config_1
54b8d3,44.20310759614823,-121.23482113716467,30,config_1
54b8d5,44.23338112477794,-121.13474889380626,28,config_1
54b8d7,44.17412549919899,-121.06323358258359,1,config_1
54b8f,43.86333573334066,-120.89314699265624,7,config_1
54b94,44.15919725763274,-120.43610234087129,32,config_1
54b9c,43.681998271763,-119.8811683842587,6,config_1
54ba4,43.90623463315972,-119.08729783562185,4,config_1
54bac,44.12453989160427,-118.28896342297334,3,config_1
54bb4,44.6172147300917,-118.82535696019396,31,config_1
54bbc,44.39122860410229,-119.6332020365276,22,config_1
54bc1,44.69722111853458,-120.25488043128036,33,config_1
54bc3,44.93999717202126,-120.53972571000345,30,config_1
54bc5,45.0595117531436,-120.13125942909973,3,config_1
54bc7,44.81471455387465,-119.84870683724444,6,config_1
54bcc,45.11190409095233,-119.37604906596664,44,config_1
54bd4,45.60833675325731,-119.94145552825202,27,config_1
54bd9,45.55019405123717,-120.70748950443846,47,config_1
54bdb,45.30468357386994,-120.41750339630937,14,config_1
54bdc4,45.27461586664963,-120.79827352817925,24,config_1
54bdcc,45.15271608366765,-120.65336346409977,16,config_1
54bddc,45.213185217428574,-121.00355952775253,21,config_1
54bde4,45.334640473048665,-121.149964682175,26,config_1
54bdec,45.39659257506833,-120.94411993923575,6,config_1
54bdf4,45.51864158947475,-121.09090894281063,25,config_1
54be04,45.39329735054384,-121.50331599608923,47,config_1
54be0c,45.2723000695891,-121.35542178452505,4,config_1
54be14,45.20957414141204,-121.56048522539979,33,config_1
54be184,45.26111552419992,-121.73006744684535,20,config_1
54be18c,45.29118681435107,-121.76728460897709,26,config_1
54be194,45.30705587660516,-121.71597683206768,13,config_1
54be19c,45.276951451312634,-121.67879295567823,14,config_1
54be1b,45.31573699635561,-121.62039318725398,33,config_1
54be1c1,45.34154125323139,-121.70538702077934,23,config_1
54be1c3,45.35660857100172,-121.72401061459036,3,config_1
54be1c5,45.36454583920163,-121.69831671329294,26,config_1
54be1c7,45.34947022510936,-121.67970147925669,3,config_1
54be1cc,45.36889632175397,-121.65046071261702,2,config_1
54be1d4,45.39907421464228,-121.68769556407105,6,config_1
54be1dc,45.38318680383598,-121.73912125350817,7,config_1
54be1f,45.34426272497191,-121.79754508296311,31,config_1
54be24,45.266404997571684,-121.91411382183752,27,config_1
54be2c,45.202385464676986,-122.11889447523504,1,config_1
54be34,45.082977007305665,-121.96940743703729,4,config_1
54be3c,45.14646550327857,-121.76514906338068,27,config_1
54be5,44.93536396856177,-121.64523757408546,24,config_1
54be64,44.96882491880486,-121.26642219521712,1,config_1
54be6c,45.089166483173514,-121.41298826353432,23,config_1
54be74,45.15136784733601,-121.20846644587975,12,config_1
54be7c,45.03050531291433,-121.06244392309767,32,config_1
54be9,44.818946678387455,-120.94677161769565,29,config_1
54bec4,44.54772814945636,-121.0342291039815,10,config_1
54becc,44.42820438947417,-120.89078494923992,2,config_1
54bed1,44.41273418111607,-121.07750653936296,1,config_1
54bed5,44.32296633976267,-121.10619317169574,22,config_1
54bed64,44.35993948497204,-121.18515179624342,42,config_1
54bed684,44.35828527980597,-121.14029416768369,11,config_1
54bed68c,44.36571451780581,-121.14927544833338,22,config_1
54bed691,44.36670123889343,-121.13761391246271,28,config_1
54bed693,44.37041668232719,-121.14210465442406,32,config_1
54bed695,44.37231277032943,-121.13582643613901,3,config_1
54bed697,44.36859682957517,-121.13133621139966,1,config_1
54bed69c,44.362075688378795,-121.12774102574247,4,config_1
54bed6f,44.37875683279155,-121.15647497013904,1,config_1
54bed74,44.40485144714205,-121.17088734657926,2,config_1
54bed7c,44.38964025694079,-121.221139674781,8,config_1
54bedc,44.48684147839869,-121.23584463851584,36,config_1
54bee4,44.60593249064978,-121.38072674115145,12,config_1
54bee9,44.622141152659786,-121.19294479050377,11,config_1
54beeb,44.65268358905417,-121.09184436995798,48,config_1
54beed,44.71256936176554,-121.16417948982705,14,config_1
54bef4,44.78701279591508,-121.32383973980572,25,config_1
54bf04,44.662806537742135,-121.72881102825158,7,config_1
54bf0c,44.60014702624615,-121.9307121491033,15,config_1
54bf14,44.482021337140175,-121.78388414352813,40,config_1
54bf1c,44.54416121909651,-121.58249710642329,8,config_1
54bf29,44.351953293859665,-121.27844956624665,26,config_1
54bf2a4,44.31507322453758,-121.19938361280566,6,config_1
54bf2ac,44.28541423937853,-121.16347493690087,43,config_1
54bf2b4,44.27025267779766,-121.21358291117633,5,config_1
54bf2d,44.26225660997641,-121.30669054592362,45,config_1
54bf2f,44.3214251309471,-121.37878355116997,2,config_1
54bf34,44.24597090770205,-121.49293904025276,47,config_1
54bf3c,44.36396115433944,-121.63796162615216,23,config_1
54bf44,44.30197289644191,-121.83845173136989,37,config_1
54bf4c,44.184496628866754,-121.69291912986272,18,config_1
54bf54,44.12266193253748,-121.89252091441664,29,config_1
54bf5c,44.23962289606602,-122.03855546831119,7,config_1
54bf7,44.446791045051484,-122.15891235758095,48,config_1
54bf9,44.68158898096046,-122.4558963583206,29,config_1
54bfb,44.809217663388914,-122.05138088429021,49,config_1
54bfd,45.04633720700083,-122.35003276692846,13,config_1
54bfe1,45.05388168335952,-122.71772406039449,11,config_1
54bfe3,45.02114911659954,-122.8194285751123,29,config_1
54bfe5,44.962302479507315,-122.74363413903062,30,config_1
54bfe7,44.994900713909395,-122.64205229776717,1,config_1
54bfe9,44.93593002198312,-122.56661303836115,6,config_1
54bfed,44.84463931515631,-122.5927411040263,29,config_1
54bfee3,44.88392023186454,-122.6966564250928,1,config_1
54bfee5,44.8920493821076,-122.67131574988046,7,config_1
54bfee7,44.877346295563015,-122.65246477874362,46,config_1
54bfee9,44.88546135281105,-122.62712503180727,47,config_1
54bfeef,44.90017279211304,-122.64596833354581,11,config_1
54bfef4,44.926307005428605,-122.66157842269153,17,config_1
54bff04,44.8937402376341,-122.76298697411528,1,config_1
54bff0c,44.87742245669104,-122.81365053461651,13,config_1
54bff14,44.84809027376791,-122.77585110627142,22,config_1
54bff1c,44.8643745792527,-122.72521793409466,19,config_1
54bff3,44.81221667680239,-122.6939697800211,7,config_1
54bff7,44.83826165674499,-122.87066514987185,11,config_1
54bff9,44.89683021561005,-122.9464701848918,8,config_1
54bffb,44.929612185645446,-122.84510699501038,4,config_1
54bffd,44.988324342033636,-122.92102301976797,22,config_1
54bffe4,44.97829963188033,-123.01618409972016,28,config_1
54bffec,44.94899186301152,-122.9781228369328,40,config_1
54bfff04,44.94968659860474,-123.02408620688364,9,config_1
54bfff0c,44.94556592726839,-123.0367620420432,20,config_1
54bfff14,44.938246492468046,-123.02724380025958,50,config_1
54bfff1c,44.9423650563428,-123.01456983535644,16,config_1
54bfff3,44.92932546756857,-123.00663787111517,15,config_1
54bfff5,44.921091805877,-123.03197671399049,3,config_1
54bfff7,44.9357240914562,-123.05101155363725,32,config_1
54bfffc,44.9618015742647,-123.06691311129309,8,config_1
80a04,41.066557386071196,-118.29943499572406,4,config_1
80a0c,41.26350078429079,-117.54958462854715,48,config_1
80a14,40.664775856113884,-117.54958462854715,3,config_1
80a19,40.367484298030085,-118.1122678531936,3,config_1
80a1b,40.6681407224553,-118.1122678531936,31,config_1
80a1d,40.56859521479611,-118.4863962961138,3,config_1
80a1f,40.26810526725259,-118.4863962961138,24,config_1
80a3,39.658279661245274,-117.92490017414548,33,config_1
80a5,40.038474881049915,-116.41938900264319,30,config_1
80a601,40.8567483963308,-115.71017885717612,42,config_1
80a603,40.93244098925595,-115.71017885717612,20,config_1
80a605,40.90983195750347,-115.80485214579663,3,config_1
80a607,40.834148006223344,-115.80485214579663,25,config_1
80a60c,40.837935912499624,-115.94679974061097,8,config_1
80a614,40.9890818292615,-115.94679974061097,1,config_1
80a65,41.14623302108114,-116.23046162917431,3,config_1
80a6c,40.8558875026205,-116.79678490847915,8,config_1
80a74,41.455166343996204,-116.79678490847915,4,config_1
80a7c,41.64145675248086,-116.04138886338704,10,config_1
80a84,41.822283418287796,-115.28375849518459,3,config_1
80a8c,41.222018216232634,-115.28375849518459,26,config_1
80a94,41.39686522905675,-114.52426397902158,35,config_1
80a9c,41.99756675311401,-114.52426397902158,21,config_1
80aa4,42.167236416956044,-113.76328281204688,11,config_1
80aa9,42.44007439785509,-113.19180206007258,32,config_1
80aad,42.221573645498374,-112.81055116837047,9,config_1
80aaf,42.14104437014885,-113.19180206007258,15,config_1
80ab04,41.8953419748843,-113.28708499366572,35,config_1
80ab0c,41.74459413879428,-113.28708499366572,34,config_1
80ab14,41.78515903047214,-113.09650644641742,19,config_1
80ab19,41.908366486789255,-113.04885412319857,10,config_1
80ab1b,41.888164107536966,-113.14415579054433,39,config_1
80ab1c4,41.94969339820387,-113.1203314968382,8,config_1
80ab1d4,41.977180919817016,-113.16797931559967,37,config_1
80ab1dc,41.98730793868152,-113.1203314968382,12,config_1
80ab1ec,41.959796734015754,-113.07268065122253,37,config_1
80ab1f4,41.96987778944518,-113.02502687429497,15,config_1
80ab21,42.00377053180743,-112.95354092186565,17,config_1
80ab23,41.92847976789527,-112.95354092186565,15,config_1
80ab25,41.94850385763465,-112.85821695200005,34,config_1
80ab27,42.023800198089106,-112.85821695200005,3,config_1
80ab2c,42.01603787319254,-112.71521248330575,41,config_1
80aba3,41.65564531642269,-113.52523185074935,19,config_1
80aba44,41.717396852799645,-113.50142128467031,3,config_1
80aba4c,41.70709964729645,-113.54904145782966,21,config_1
80aba5c,41.75510270117455,-113.50142128467031,29,config_1
80abac,41.854397891451214,-113.47760977145342,41,config_1
80abf,41.373071554317015,-113.95364658268294,10,config_1
80ad,40.7344342591377,-113.38235448459531,15,config_1
80af,40.39741775389783,-114.90422082333554,47,config_1
80b01,39.494606543765336,-115.47335544292073,44,config_1
80b04c,39.37109136752972,-114.99914638140322,41,config_1
80b054,39.21511297260465,-114.99914638140322,13,config_1
80b07,39.183645157388355,-115.47335544292073,8,config_1
80b0c,38.758295035199986,-115.28375849518459,24,config_1
80b11,39.04498417659597,-114.71429184441094,33,config_1
80b15,38.815298654253354,-114.33414316655818,6,config_1
80b17,39.12986303937377,-114.33414316655818,49,config_1
80b1c,39.55644952841721,-114.52426397902158,35,config_1
80b24,39.724026671852265,-113.76328281204688,1,config_1
80b3d,39.21338173391366,-113.95364658268294,47,config_1
80b3e1,38.985720849557076,-114.09637053303845,2,config_1
80b3e3,38.90695436513261,-114.09637053303845,3,config_1
80b3e5,38.927706734992526,-114.00122604467316,18,config_1
80b3e7,39.00648544215427,-114.00122604467316,45,config_1
80b3ec,38.998085854775226,-113.85847369345004,44,config_1
80b3fc,38.799005093654664,-114.0488007261198,6,config_1
80b5,38.22679706381197,-113.38235448459531,4,config_1
80b7,37.895659434305685,-114.90422082333554,39,config_1
80b84,37.31475810595445,-116.04138886338704,17,config_1
80b894,37.07710338218029,-116.70249504859957,11,config_1
80b898c,36.92022715344589,-116.77321622050265,31,config_1
80b8994,36.931639706205345,-116.72607127962938,9,config_1
80b899c,36.97159669343859,-116.72607127962938,12,config_1
80b89f,36.865964272671214,-116.749645007243,25,config_1
80b8a1,36.843113901052256,-116.84391466490845,20,config_1
80b8a3,36.92304695037378,-116.84391466490845,32,config_1
80b8a7,36.820185369279805,-116.93814339443468,25,config_1
80b8ac,36.82560002883973,-117.07940822560565,1,config_1
80b8b4,36.98520465238245,-117.07940822560565,3,config_1
80b8bc,37.031310700212686,-116.89103418926852,4,config_1
80b8c4,37.19065088744656,-116.89103418926852,36,config_1
80b8cc,37.144472115772736,-117.07940822560565,1,config_1
80b8d4,37.303400007728435,-117.07940822560565,27,config_1
80b8dc,37.34964992450713,-116.89103418926852,1,config_1
80b94,37.768731108453245,-116.79678490847915,45,config_1
80b9c,37.950583312102836,-116.04138886338704,4,config_1
80ba4,38.58071107057964,-116.04138886338704,11,config_1
80bac,39.2050046261719,-116.04138886338704,25,config_1
80bb4,39.02130175947947,-116.79678490847915,3,config_1
80bbc,38.39788551430993,-116.79678490847915,16,config_1
80bc01,38.01846509434012,-117.22057706092727,7,config_1
80bc03,37.9949439098477,-117.31463513588044,4,config_1
80bc05,38.07341370194293,-117.31463513588044,20,config_1
80bc07,38.096950847276915,-117.22057706092727,21,config_1
80bc14,38.15546396807524,-117.4556388069492,10,config_1
80bc3,38.00568777747253,-117.73733730424752,13,config_1
80bcc,38.8324036070608,-117.54958462854715,3,config_1
80bd1,38.53247307521534,-118.1122678531936,26,config_1
80bd5,38.74357104362401,-118.4863962961138,4,config_1
80bd64,38.4870441909171,-118.57979810860881,42,config_1
80bd6c,38.53644811126151,-118.39294170620582,14,config_1
80bd7c,38.33211099152749,-118.57979810860881,1,config_1
80bdac,38.32373571397803,-118.01860874756083,23,config_1
80bdb4,38.167912596042335,-118.01860874756083,30,config_1
80bdd,37.90931294254935,-118.1122678531936,6,config_1
80bdf,37.8117033002993,-118.4863962961138,1,config_1
80be4,37.38986432048104,-118.29943499572406,3,config_1
80be9,37.69175470362915,-117.73733730424752,1,config_1
80beb,37.7866167101454,-117.36164757079143,39,config_1
80becb,37.624723668733,-117.22057706092727,22,config_1
80becd,37.54571479200292,-117.22057706092727,43,config_1
80bed4,37.415352080327956,-117.26761160397515,15,config_1
80bedc,37.36840550983905,-117.4556388069492,3,config_1
80bf4,36.948162275399916,-117.54958462854715,3,config_1
53404,47.975720793455274,-109.71864780828571,11,config_1
5340c,47.39417426831526,-109.30470040632916,10,config_1
53414,47.24276390891503,-110.15188818985055,31,config_1
5341c,47.81833350818541,-110.58088788823473,10,config_1
53423,47.55230081068009,-111.11620158953401,36,config_1
53425,47.46883550076425,-111.545322806008,27,config_1
53427,47.75369589224888,-111.77251107662516,2,config_1
5342c,47.481276761957204,-112.30448605757401,35,config_1
53431,47.101251266839974,-111.74707354761061,29,config_1
53433,47.015751615757814,-112.17226599748652,13,config_1
534344,46.827124056651094,-111.89593583188288,5,config_1
53434c,46.784532511107884,-112.10717418260244,2,config_1
534351,46.69056642409844,-111.96959469583496,13,config_1
534353,46.66931068527796,-112.07487777638816,7,config_1
5343544,46.62241472867387,-112.00623339744253,48,config_1
534354c,46.61179692445088,-112.05879133089998,27,config_1
5343551,46.58837073768538,-112.02450535436184,44,config_1
5343553,46.583064358877905,-112.05076347119743,5,config_1
5343557,46.57098666842186,-112.01042438381785,2,config_1
534355c,46.587620197172335,-111.97808450422696,42,config_1
534357,46.62087180150499,-111.91334945249535,43,config_1
53435c,46.687312680137595,-111.78365834908989,1,config_1
53437,46.81994098321721,-111.52339355230343,2,config_1
53439,46.902055530788765,-111.10155076489703,4,config_1
5343d,47.26683003813586,-110.89619022898287,11,config_1
5343ec,47.03338899925921,-110.8391603371061,2,config_1
5343f4,46.89162123681377,-110.73128608512174,50,config_1
53441,46.699004094903465,-110.46646606387849,20,config_1
53443,46.41670502369318,-110.25661606567633,18,config_1
53445,46.339391698930015,-110.67145446018989,8,config_1
534464,46.530012682391664,-110.93554196639825,4,config_1
53446c,46.56966606077883,-110.72680198478663,15,config_1
534474,46.71052415138091,-110.83388062309187,47,config_1
53449,46.5396314525358,-111.30316212239708,28,config_1
5344a4,46.54774793216228,-111.67224406331967,30,config_1
5344ac,46.505955572064764,-111.8817615309675,34,config_1
5344bc,46.40843339362942,-111.56168458486422,17,config_1
5344c4,46.26937258055519,-111.45197161329632,41,config_1
5344d1,46.134748240541654,-111.525620067915,35,config_1
5344d5,46.04518665466827,-111.57444240879641,15,config_1
5344d7,46.06555567090339,-111.47107312550155,5,config_1
5344dc,46.13056894455146,-111.34309693666248,45,config_1
5344f,46.26035102248427,-111.08631189736317,21,config_1
53451,45.982127006492206,-110.87277697035258,8,config_1
53453,45.90288299949479,-111.28418870458758,36,config_1
534541,45.76004023531116,-110.99678539933176,3,config_1
534543,45.69105493498433,-110.9438884395044,23,config_1
5345444,45.69359588117529,-111.03371959758812,50,config_1
534544c,45.65915510705144,-111.00724281668634,25,config_1
5345454,45.64934637320489,-111.05827416633933,2,config_1
534545c,45.68376381316493,-111.08480323751915,18,config_1
5345464,45.71819809487519,-111.11138272544954,32,config_1
534546c,45.7280535504647,-111.0602467396682,24,config_1
5345474,45.762528065374,-111.08682436514623,2,config_1
534547c,45.75264916869302,-111.13801275229578,15,config_1
534549,45.72057157152383,-111.20143382433724,25,config_1
53454b,45.70067979082776,-111.30375482007766,1,config_1
53454d,45.63197574197937,-111.250230734629,33,config_1
53454f,45.65177337141075,-111.14811809918642,30,config_1
534554,45.53888648020386,-111.11942310460981,40,config_1
53455c,45.57799297673518,-110.91581999164879,24,config_1
534561,45.5725879539736,-110.7370004089714,1,config_1
534563,45.591783317925874,-110.63530702428419,15,config_1
534565,45.66081601845589,-110.6873836013909,32,config_1
534567,45.64152896140988,-110.78928712766144,15,config_1
534579,45.699077186989655,-110.4835853425212,38,config_1
53457b4,45.6579310260512,-110.59795940697397,34,config_1
53457bc,45.6674849150896,-110.54703618125825,45,config_1
53457c4,45.63291153532689,-110.52112970413138,8,config_1
53457cc,45.62338041764545,-110.57200015055062,30,config_1
53457d4,45.58884726963781,-110.54609036773947,21,config_1
53457f,45.62986231598703,-110.43193099829226,1,config_1
534584,45.69281504405364,-110.30505541826548,29,config_1
534589,45.6862010898384,-110.12690772634019,28,config_1
53458b,45.70477266918719,-110.02524788616266,43,config_1
53458d,45.77434697555613,-110.07605009716536,19,config_1
53458f,45.75568615430536,-110.17792391723235,18,config_1
53459c,45.83165722478649,-110.40812223425897,1,config_1
5345e4,45.9437994651992,-109.7949997138899,1,config_1
5345ec,45.90683904096344,-109.9993416663827,44,config_1
5345f1,45.81135526413548,-109.87232804261849,49,config_1
5345f24,45.81495874837858,-109.96138344921035,36,config_1
5345f2c,45.805695565327845,-110.0123409399116,10,config_1
5345f34,45.77085703674559,-109.98697143713731,15,config_1
5345f5,45.72324021540484,-109.923596886123,5,config_1
5345f74,45.76361489552818,-109.80910838545518,47,config_1
5345f7c,45.72874633801776,-109.7839977028426,10,config_1
5345fc,45.80388638452273,-109.69451414463067,13,config_1
53463,45.99924985966303,-109.03138056136392,7,config_1
53464c,46.22903419277505,-109.0758709715062,5,config_1
534654,46.37093239780469,-109.17438498456376,18,config_1
53465c,46.334963810690994,-109.38029539243014,30,config_1
53467,46.209660754790875,-109.6387941527152,2,config_1
534684,46.40288056050609,-109.8942493536213,1,config_1
53468c,46.44006058902308,-109.68734782280629,34,config_1
534694,46.581841224643796,-109.78923284936819,20,config_1
5346b,46.77605664785208,-110.0481426337697,8,config_1
5346d,46.85135137395864,-109.62992079948309,12,config_1
5346f,46.566143693267826,-109.42724644177632,5,config_1
53474,46.817190094865374,-108.90393196454495,4,config_1
53479,46.42187832473535,-108.40647584098421,19,config_1
5347a4,46.44158802848768,-108.76276089765625,1,config_1
5347b4,46.26423245354166,-108.87092204793784,45,config_1
5347bc,46.299007118305155,-108.6660485413216,18,config_1
5347d,46.068629279537944,-108.62416245445094,17,config_1
5347f,46.13633564141397,-108.2172884255752,1,config_1
53481,45.852057891135786,-108.03107899657321,8,config_1
534862c,45.73848210772729,-108.59908845994413,49,config_1
5348634,45.74695179754471,-108.54866114470698,37,config_1
534865,45.74197924704461,-108.46125216656365,11,config_1
534867,45.67151293667676,-108.41425267678248,3,config_1
534874,45.873119057272795,-108.38046177986804,2,config_1
53487a4,45.83439940368111,-108.49499867964492,1,config_1
53487ac,45.79909691544605,-108.47138801896446,44,config_1
53487b1,45.801590173446606,-108.51514944969387,26,config_1
53487b3,45.78395153110108,-108.50333498427433,35,config_1
53487b5,45.77972826784683,-108.5285650512111,27,config_1
53487b7,45.797361777057816,-108.54039331438359,33,config_1
53487bc,45.82594008651223,-108.54552499522111,2,config_1
53487c4,45.817454972052595,-108.5960569581434,20,config_1
53487c9,45.79312694115785,-108.56563859636098,44,config_1
53487cb,45.77549857176577,-108.55379654383847,14,config_1
53487cd,45.771262442410666,-108.57902944781064,20,config_1
53487cf,45.788885665303866,-108.59088528126019,25,config_1
53487d1,45.78463794906413,-108.6161333547143,26,config_1
53487d3,45.76701987934533,-108.60426374878078,17,config_1
53487d5,45.76277088214465,-108.6294994324011,7,config_1
53487d7,45.78038379201794,-108.64138280235544,13,config_1
53487dc,45.80894405681257,-108.64659445324334,25,config_1
53487f,45.866115892352795,-108.65703542026206,4,config_1
534881,45.84898019493638,-108.75828666467035,22,config_1
534883,45.83174094245868,-108.85955847225665,15,config_1
534887,45.778522031525846,-108.71047558143776,34,config_1
534889,45.708141581306,-108.66285114476212,22,config_1
53488d,45.62084891079481,-108.71602601390487,10,config_1
53488f,45.691068707928025,-108.76368357914481,37,config_1
534891,45.673893108369626,-108.86453675658642,2,config_1
534893,45.603756330071256,-108.81666091339771,40,config_1
534895,45.58656142427332,-108.91731618905462,8,config_1
534897,45.65661476178885,-108.96540976150398,5,config_1
53489c,45.770553836562286,-108.98729915657671,2,config_1
5348ac,45.70010955049843,-109.39224034165883,18,config_1
5348b04,45.62603666210539,-109.25510713090083,45,config_1
5348b14,45.582298428665396,-109.2811558573963,1,config_1
5348b1c,45.61720697515628,-109.30560175346207,12,config_1
5348b3,45.58647358778593,-109.3690817402993,12,config_1
5348b5,45.51675820882237,-109.32012283758485,3,config_1
5348b7,45.5343625786132,-109.21939516536466,1,config_1
5348bc,45.595531303429226,-109.09252140847306,21,config_1
5348c4,45.45582984519347,-108.9960574990744,14,config_1
5348cc,45.42107847074954,-109.1968330392222,47,config_1
5348d4,45.282019544403184,-109.1002549751053,47,config_1
5348dc,45.31643690423491,-108.90033709840732,10,config_1
5348f,45.43721070367699,-108.64773389776887,37,config_1
534904c,45.21446278986259,-108.47040806679038,3,config_1
5349054,45.179619414510796,-108.44714639515782,46,config_1
534905c,45.18788578976017,-108.39751068587155,2,config_1
53490a4,45.09975447427329,-108.22922463927091,34,config_1
53490b4,45.05679466408466,-108.25571100032835,26,config_1
53490bc,45.09159754209321,-108.27868678008045,8,config_1
53490f,45.131513133331445,-108.38755965020022,8,config_1
53491b,45.18457721852805,-108.53327675325463,13,config_1
53491d,45.25424331739018,-108.58005128564716,14,config_1
53491f,45.237459702179585,-108.6796263663207,44,config_1
534921,45.22057582700809,-108.77922359166332,35,config_1
534925,45.134170068652885,-108.83142604712555,2,config_1
534927,45.20359166970435,-108.87884207545382,25,config_1
53492c,45.143268671006865,-109.0044173138472,13,config_1
534934,45.00482850973188,-108.90931267227593,1,config_1
53493c,45.03858728532475,-108.71109705096387,38,config_1
53495,44.81444206242927,-108.66952762087914,12,config_1
534964,44.79472533408569,-108.3283083557348,41,config_1
53496c,44.933176167742026,-108.42028426056729,25,config_1
534971,44.92299577364329,-108.24948931635191,28,config_1
534973,44.99242074619516,-108.29533542551461,37,config_1
534975,45.00868518685788,-108.19666535595186,20,config_1
5349c,45.11561412300014,-107.7753932197069,12,config_1
534b,44.22203080004959,-107.63420332078704,50,config_1
534c1,44.47309405588767,-108.87520921835886,35,config_1
534c7,44.200346357299196,-108.68964524102024,18,config_1
534cc,43.76162394477291,-108.60793000999028,33,config_1
534d4c,43.413269748010336,-109.32974794463597,45,config_1
534d54,43.37969020245832,-109.5204885307432,13,config_1
534d5b,43.48768190958331,-109.54344723297989,25,config_1
534d5d,43.55415434123182,-109.59076382012505,3,config_1
534d5f,43.537070553634585,-109.68663631617156,27,config_1
534d601,43.57215486406807,-109.75242077677964,17,config_1
534d603,43.58876912948793,-109.76437120346404,21,config_1
534d607,43.57645595886712,-109.7284193772671,24,config_1
534d61c,43.61585721859914,-109.77030138475145,1,config_1
534e1,44.53569670389852,-110.24746020934775,25,config_1
534e21,44.677299274915164,-110.52168872401872,29,config_1
534e23,44.69582306291305,-110.42244711359538,2,config_1
534e25,44.76364672350571,-110.47302482092067,30,config_1
534e27,44.74503464112333,-110.57246863390276,2,config_1
534e2c,44.85615691768963,-110.59912034965092,6,config_1
534e34,44.893447458010314,-110.39963589853438,26,config_1
534e3c,44.75739161543943,-110.29871139864483,1,config_1
534e4c,44.93033777827128,-110.20017919297646,42,config_1
534e51,44.92354847093788,-110.02566608862104,15,config_1
534e53,44.99195544221479,-110.07559929477627,17,config_1
534e55,45.01014371721043,-109.97579486980862,30,config_1
534e9,44.67821032974727,-109.45798551956415,17,config_1
534eac,44.69538729710466,-108.9178937746891,10,config_1
534eb4,44.8328735283595,-109.01239039308781,32,config_1
534ebc,44.798651285738856,-109.20992573201347,15,config_1
534ec4,44.93611918670317,-109.30598134849836,11,config_1
534ecc,44.97067251465473,-109.10760977126053,12,config_1
534ed4,45.10878168780113,-109.20355912774416,21,config_1
534ed9,45.1171660664428,-109.37722234129234,10,config_1
534edb,45.048160160012365,-109.32874777792131,3,config_1
534edc4,45.0522717188691,-109.41552494844339,36,config_1
534edcc,45.01781939646899,-109.39125519361056,9,config_1
534edd4,45.009054044044504,-109.44099165282499,10,config_1
534eddc,45.04348527617806,-109.46531379184181,2,config_1
534ee4,45.03860594325962,-109.6020461789448,1,config_1
534eec,44.901168455686644,-109.50442040315394,7,config_1
534ef9,44.959651564160005,-109.82648176080596,25,config_1
534efd,45.04621925370574,-109.776218763306,7,config_1
534eff,45.02823165798205,-109.87600106396042,32,config_1
534f1,45.22727383777162,-109.85017224612612,16,config_1
534f24,45.21197346073224,-109.50030231557737,41,config_1
534f29,45.203818257610834,-109.32595984671254,27,config_1
534f2a1,45.188782374783486,-109.24537593489956,44,config_1
534f2a3,45.206091888041556,-109.25746669060212,6,config_1
534f2a5,45.21045031434954,-109.23249777373437,8,config_1
534f2b4,45.24296906835428,-109.21315454533021,9,config_1
534f2bc,45.23424906054291,-109.26313003592198,9,config_1
534f2d,45.29061457104334,-109.2744762222954,13,config_1
534f2f,45.27306083409432,-109.37459479368854,1,config_1
534f34,45.38592003170153,-109.39767706906616,17,config_1
534f3c,45.35035447251563,-109.59858235974778,5,config_1
534f44,45.48903439517193,-109.69761871412055,1,config_1
534f49,45.48124228584786,-109.52162473655856,3,config_1
534f4a4,45.47721837872086,-109.43377732542791,17,config_1
534f4b4,45.520893506878885,-109.4079412990493,15,config_1
534f4bc,45.512003827883056,-109.45834364791945,42,config_1
534f4d,45.568681292906874,-109.47004014545882,2,config_1
534f54,45.66426684628434,-109.59480365615345,17,config_1
534f5c,45.6280104000848,-109.79741893801776,2,config_1
534f64,45.591340243809036,-110.00007880494861,1,config_1
534f6c,45.452714605067996,-109.89942627379236,3,config_1
534f74,45.41598446013707,-110.10127589064744,8,config_1
534f79,45.5103482171233,-110.22795445067564,48,config_1
534f7d,45.5982013783537,-110.17754202225638,13,config_1
534f7f,45.57951142800321,-110.27900452522528,1,config_1
534f84,45.51675916055984,-110.40550278682049,1,config_1
534f89,45.52282023884216,-110.58342845146662,49,config_1
534f8b,45.50371614662812,-110.68491215741086,1,config_1
534f8d,45.43491392147738,-110.63302140968273,16,config_1
534f9c,45.378844062378256,-110.30316026766513,5,config_1
534fcc,45.02979156047082,-110.50132126158425,1,config_1
534fd04,45.05742821200596,-110.66502902993322,2,config_1
534fd0c,45.04795752778905,-110.71518217984338,16,config_1
534fd14,45.013896380513785,-110.68943775807412,41,config_1
534fd1c,45.02334457753962,-110.63933573520738,2,config_1
534fd3,44.96754816703058,-110.62589872785144,8,config_1
534fd5,44.948668745148574,-110.72595181098801,33,config_1
534fdc,45.12841416953487,-110.80489605714057,10,config_1
534fe4,45.26496306103424,-110.90894908523184,36,config_1
534fec,45.30333314595235,-110.70700414470198,15,config_1
534ff4,45.440524780442765,-110.81101665027893,6,config_1
534ffc,45.40178817770254,-111.01378889982415,5,config_1
535000c,45.41881324045145,-111.2310051773795,30,config_1
5350014,45.384637015742626,-111.20446605801145,30,config_1
535003,45.33830244373547,-111.1394301283512,9,config_1
535005,45.31867135953603,-111.24071272081433,13,config_1
53500c,45.32307770212634,-111.41932734918333,29,config_1
5350104,45.25279066354494,-111.27684005258637,23,config_1
535010c,45.21875178308822,-111.25034656851733,40,config_1
535011c,45.242933053125434,-111.32740333584232,2,config_1
535013,45.21110623782844,-111.38993053113968,1,config_1
535017,45.16282861406684,-111.23591736192195,18,config_1
53501c,45.22618359087036,-111.11089966957555,15,config_1
53502c,44.95409428690122,-110.90193909960388,1,config_1
535034,44.91564125719023,-111.10226456738125,4,config_1
53503b,45.02699086479271,-111.1306321569324,26,config_1
53503d,45.09487566449598,-111.18317636654093,41,config_1
53504c,44.87678572021845,-111.30259159189339,40,config_1
5350524,44.83544829496396,-111.41457335647854,15,config_1
535053c,44.82562035078631,-111.46462828132302,36,config_1
535055,44.794016143237165,-111.52643917978905,2,config_1
535057,44.861302291081614,-111.57959345743402,38,config_1
535059,44.92865523273705,-111.6329446821101,33,config_1
53505d,45.01603772526797,-111.58583722975634,19,config_1
53505f,44.99607459048546,-111.68649377661195,35,config_1
5350654,45.17321284035082,-111.68132256757504,25,config_1
535065c,45.139361681191204,-111.65442410840079,39,config_1
535067,45.08361739363771,-111.63938507739238,49,config_1
535074,45.28310459136326,-111.62207891216345,32,config_1
53507c,45.24272015108655,-111.82480896660331,26,config_1
5350c,44.9385075001413,-112.1666649977326,3,config_1
53514,44.40413366339562,-111.73589954886808,23,config_1
5351a4,44.56873867290663,-111.29225412474948,4,config_1
5351ac,44.70299750045611,-111.39719467198071,38,config_1
5351b1,44.69854239909287,-111.22139231692896,5,config_1
5351b3,44.76587779894332,-111.27375863845074,1,config_1
5351b4c,44.797291740027525,-111.2119460073967,26,config_1
5351b54,44.80697339778193,-111.16198951267833,25,config_1
5351b5c,44.77323134207889,-111.13588262084808,8,config_1
5351b7,44.71784141773716,-111.1217288015726,17,config_1
5351b84,44.67210883609079,-111.05785186627848,5,config_1
5351b8c,44.638436037752115,-111.031937876143,10,config_1
5351b99,44.65170403893507,-111.11354950088182,1,config_1
5351b9b,44.65650267890085,-111.0886771949717,39,config_1
5351b9d,44.67333492564745,-111.1016648704294,24,config_1
5351b9f,44.668530610735885,-111.12654961445345,3,config_1
5351bd,44.56407817453108,-111.11723900096327,1,config_1
5351c4,44.64538927785198,-110.89479535482404,50,config_1
5351cc,44.7803760770773,-110.99814428326614,25,config_1
5351d4,44.81846637127512,-110.79862549297042,27,config_1
5351d9,44.72632315120572,-110.67191808843371,49,config_1
5351db,44.70751228383599,-110.7713723103147,14,config_1
5351dd,44.63995466039224,-110.72018979538642,12,config_1
5351e9,44.553736405382175,-110.76825496771623,35,config_1
5351eb,44.53490612605434,-110.86731695949544,15,config_1
5351ed,44.46766868145377,-110.81611493050445,37,config_1
5351f4,44.37626216086218,-110.69038258434233,48,config_1
5351fc,44.41328400245595,-110.49326338312453,38,config_1
53521,44.19346587406413,-110.44107491308228,45,config_1
535224,44.20506782660407,-110.78565649254209,23,config_1
53523c,44.07157188416269,-110.6845361056505,38,config_1
535244,43.93836478663635,-110.58415486203035,38,config_1
535251,43.811322117946645,-110.65502203466583,2,config_1
535253,43.79298476186196,-110.75214535115718,13,config_1
535255,43.726815691595874,-110.7020204951172,18,config_1
535257,43.745066587366644,-110.60508966214559,23,config_1
535259,43.76322314446168,-110.50816607169946,48,config_1
53525a4,43.80842609431761,-110.56971993949323,2,config_1
53525b4,43.85071286310409,-110.54607851679296,29,config_1
53525bc,43.817512982581356,-110.52118761964057,37,config_1
53525c4,43.826576209075235,-110.47265726228107,32,config_1
53525cc,43.85979757190139,-110.49749970808267,14,config_1
53525dc,43.83561577052962,-110.42412897006817,34,config_1
53527,43.926015884860554,-110.24265899733818,42,config_1
535283,43.71928329943508,-109.92668983183144,3,config_1
535285,43.701766144844925,-110.0231746952052,25,config_1
535287,43.76829814439638,-110.07177829438871,24,config_1
53528c,43.70850838858977,-110.19235010596083,2,config_1
53529c,43.61081801767614,-109.90250397959892,41,config_1
5352fd,43.59469583693471,-110.60231582582017,15,config_1
5352ff,43.66071927894125,-110.65207760046076,41,config_1
535301,43.642460500045935,-110.7488233376458,35,config_1
535303,43.57652308743133,-110.69887044262391,30,config_1
5353044,43.57929349780279,-110.78379783094513,5,config_1
535304c,43.5463752935073,-110.75879520602683,12,config_1
5353054,43.53722954702518,-110.80705366426547,7,config_1
535305c,43.57012615891259,-110.8321038114021,33,config_1
535307,43.62410780559162,-110.84557524408652,30,config_1
53530c,43.56353339447524,-110.96547600563683,11,config_1
535311,43.47420476861646,-110.84184704827736,30,config_1
5353174,43.4295440814039,-110.78029211821247,24,config_1
535317c,43.39674160972816,-110.7553750606191,43,config_1
53531c,43.46869661928329,-110.6724168474781,41,config_1
535324,43.33734614106712,-110.57340045942061,6,config_1
53532c,43.20629066994129,-110.47509603295228,16,config_1
535339,43.25945500855935,-110.78829005100917,5,config_1
53533b,43.27756387198203,-110.69247159488292,5,config_1
53533c4,43.3221279663867,-110.75365348207927,4,config_1
53533cc,43.331191369296704,-110.70567547385143,14,config_1
53533d4,43.363957359717716,-110.73050288011237,39,config_1
53533f,43.324843536610125,-110.83809050312928,2,config_1
53534c,43.1343654971885,-110.85724340744713,23,config_1
535354,43.09785399906655,-111.04835711294265,11,config_1
53535ac,43.19290449113303,-111.03927152721592,19,config_1
53535b4,43.225462319213094,-111.06438373689721,35,config_1
53535bc,43.21623607075214,-111.11232587626958,1,config_1
53535d,43.26970617566175,-111.12614220033518,48,config_1
535363,43.381441134473405,-111.32380418132433,12,config_1
535367,43.33490746959667,-111.17668355993125,50,config_1
535374,43.52635250710911,-111.1588179140928,8,config_1
53537c,43.488797355946645,-111.35217103514756,22,config_1
5353c,43.874042351540396,-111.31753030105163,19,config_1
535404,43.97459339705707,-111.96393406818073,1,config_1
53540a4,43.84151342338433,-111.7717238815412,42,config_1
53540ac,43.80869509264646,-111.74550402431035,1,config_1
53540b4,43.79895295819399,-111.79433499830479,36,config_1
53540bc,43.831748470663975,-111.82060190761182,7,config_1
5354591,43.47198308586031,-112.05381938842474,5,config_1
5354593,43.47688362025053,-112.0295772658628,11,config_1
5354595,43.49311831814314,-112.04273799314178,41,config_1
5354597,43.48821207214647,-112.06699161705326,5,config_1
535459c,43.472730989919654,-112.09677525756047,2,config_1
53545b,43.526340352139165,-112.11211451202908,12,config_1
53545d,43.545999064727475,-112.01498362761694,11,config_1
53545f,43.480986438667344,-111.9624091063604,10,config_1
535464,43.542727784237236,-111.84310679710285,13,config_1
53546c,43.673161276763516,-111.94807511497382,1,config_1
535474,43.712186767006216,-111.75323031832433,11,config_1
53547c,43.581390173572416,-111.64900769570525,36,config_1
5354c,43.19881473213263,-111.6800612155514,13,config_1
53551,43.211230305849234,-112.3624145855317,10,config_1
53553,42.95452519803648,-112.15182800415043,6,config_1
535544,42.95960003768497,-112.49193953816,14,config_1
535549,42.873742069178,-112.36483189287382,30,config_1
53554b,42.80999269552252,-112.31229157385319,1,config_1
53554d,42.79041644494584,-112.40775237692368,4,config_1
53554f,42.85407499516033,-112.4604696273203,44,config_1
53555c,42.919809511617885,-112.68373078667034,3,config_1
5355c,43.55734806961038,-112.87897889684928,38,config_1
5357,44.422004008217534,-113.14818896125877,39,config_1
53584,45.122894022579636,-114.24455976179476,28,config_1
5358c,45.65188037561498,-114.72641649255016,3,config_1
53591,45.65900936166898,-113.9856516284245,24,config_1
53593,45.926910564508105,-114.22548074129801,20,config_1
53595,46.01962766833587,-113.80908834086391,1,config_1
53597,45.75002736695317,-113.57238809022638,11,config_1
5359c,45.30324116640355,-113.42815232705385,17,config_1
535a4,45.476970823010845,-112.61029171846985,17,config_1
535a9,45.466729031217525,-111.88650148489289,38,config_1
535aac,45.49936426852028,-111.32302131978912,30,config_1
535ab4,45.63635617451516,-111.43028657626463,2,config_1
535abc,45.59603898894601,-111.63469597325735,21,config_1
535ac1,45.68845225650431,-111.76755095240189,10,config_1
535ac3,45.756904498846296,-111.8223121978773,25,config_1
535ac5,45.77740833136269,-111.71959800185901,40,config_1
535ac7,45.708859485501335,-111.6650431515463,1,config_1
535acc,45.773611564052516,-111.53836509616596,1,config_1
535ad1,45.866516330089226,-111.67142990052515,38,config_1
535ad3,45.88690529730115,-111.56849316917356,27,config_1
535ad5,45.955775893333524,-111.62304519242905,11,config_1
535ad7,45.935290243511226,-111.72619057835827,18,config_1
535ad9,45.91469821069952,-111.82932784563728,26,config_1
535adb,45.84602137846787,-111.77435923729385,22,config_1
535add,45.8254205059709,-111.87728023255141,13,config_1
535ade4,45.87166403218896,-111.94441014710168,24,config_1
535adec,45.88202754513216,-111.89287435253557,13,config_1
535adf4,45.9163452175066,-111.92048848092762,6,config_1
535adfc,45.90595723070735,-111.97207603434565,14,config_1
535af,45.739311714405055,-112.10677306696982,25,config_1
535b04,45.923186978163294,-112.3775567050497,37,config_1
535b084,45.992602791479314,-112.52584798513796,30,config_1
535b08c,46.00332833718237,-112.47402887726574,2,config_1
535b09c,46.026789029856744,-112.55424242628165,20,config_1
535b1c,45.96551834868764,-112.17074996455713,5,config_1
535b3,46.09709833269751,-111.91583501818202,1,config_1
535b5,46.37325352789367,-112.13949991359608,24,config_1
535b7,46.28744744587441,-112.55737655848304,26,config_1
535b8c,46.246018727695706,-113.13764066228131,26,config_1
535b94,46.10953136534209,-113.02122465451308,19,config_1
535b984,46.08586093987968,-112.84779936836424,7,config_1
535b98c,46.096795320616046,-112.79579326305044,28,config_1
535b994,46.130964292543304,-112.82455590688183,2,config_1
535b99c,46.12000429339091,-112.87661308564809,23,config_1
535b9d,46.19869206500095,-112.78959103160395,11,config_1
535b9f,46.130248262164486,-112.73211134857296,2,config_1
535ba3,46.04012452637829,-112.77871573024979,21,config_1
535ba5,45.97189980082627,-112.72146219798246,8,config_1
535ba7,45.99353664142365,-112.6177979610119,49,config_1
535bac,45.88042933251608,-112.58430556434368,1,config_1
535bd,45.839352125600676,-113.15871427592204,14,config_1
535bf,46.11062792023758,-113.3922326624365,34,config_1
535c1,46.382788903892994,-113.62925514478259,2,config_1
535c24,46.56413697461758,-113.91502702038518,23,config_1
535c29,46.65470120377508,-114.05911881193289,6,config_1
535c2b,46.72294667863646,-114.1202508496845,36,config_1
535c2d,46.74660994870959,-114.0140936631506,13,config_1
535c34,46.74763044680719,-113.8244547090492,27,config_1
535c3c,46.61069733158677,-113.70366318848838,18,config_1
535c44,46.65681534152204,-113.49217884923198,31,config_1
535c4c,46.79417967618892,-113.61214919313677,25,config_1
535c54,46.84028244361386,-113.39972408527295,3,config_1
535c59,46.74829373174,-113.25731505908406,10,config_1
535c5b,46.72551425878249,-113.3632441269832,27,config_1
535c5f,46.6793984745338,-113.19807315529061,48,config_1
535c61,46.61055799323839,-113.13905516613639,23,config_1
535c65,46.51931041492486,-113.18556733925995,26,config_1
535c67,46.58799039476326,-113.24456938586803,13,config_1
535c6c,46.51966449680208,-113.37310953144146,9,config_1
535c71,46.42821849306829,-113.2318644852879,15,config_1
535c73,46.405641740982915,-113.33691686069557,15,config_1
535c75,46.33728260341197,-113.27794810216021,23,config_1
535c7c,46.42756059607102,-113.04498456509405,1,config_1
535c84,46.47195215533196,-112.83494516143735,18,config_1
535c8c,46.60972389530258,-112.95146914086423,23,config_1
535c94,46.65409101168515,-112.74051021370703,17,config_1
535c9c,46.51590487458748,-112.62482254841875,7,config_1
535ca1,46.513993806388896,-112.4385535582804,8,config_1
535ca3,46.58318279148004,-112.49586251711607,40,config_1
535ca64,46.5582946722515,-112.32152819606931,28,config_1
535ca6c,46.547511645452,-112.37406413864072,31,config_1
535cac,46.60249075498786,-112.20435930972354,50,config_1
535cb4,46.74149604720011,-112.3183547251631,1,config_1
535cbc,46.698015313613894,-112.52946940996945,6,config_1
535cd,46.928451133423884,-112.59720458667802,5,config_1
535ce4,46.93114471420425,-112.97454727156753,31,config_1
535cec,46.7925055613328,-112.85708230280324,34,config_1
535d01,46.97829153964862,-113.3298123104592,30,config_1
535d034,47.024201194265984,-113.21144269919135,21,config_1
535d03c,47.01277820516219,-113.26478092676632,33,config_1
535d05,47.07049150229713,-113.28292979509135,18,config_1
535d07,47.04750864311152,-113.38975068171283,20,config_1
535d09,47.11677852359389,-113.44991796361525,11,config_1
535d0b,47.186100676334,-113.51031523929154,41,config_1
535d0c4,47.18615467727061,-113.41480428658942,27,config_1
535d0d4,47.23245383539678,-113.39132579422193,2,config_1
535d0dc,47.19771205087465,-113.36120173706333,34,config_1
535d0f,47.139869090703314,-113.34288606498934,37,config_1
535d1cc,47.03559596319662,-113.15809781165984,7,config_1
535d1d4,47.000907194203975,-113.12837014938142,4,config_1
535d1dc,47.012247128178124,-113.07507168507469,46,config_1
535d3,47.20743421479958,-112.83137902528665,13,config_1
535d71,47.34831627798949,-113.52413720102209,19,config_1
535d73,47.27878198817856,-113.46348867427682,2,config_1
535d744,47.278670481344825,-113.5592628622798,33,config_1
535d74c,47.243957040851846,-113.52891716252502,26,config_1
535d77,47.32489975852072,-113.63180413101809,25,config_1
535d79,47.39437565738472,-113.6928979399195,50,config_1
535d7c4,47.46423285352424,-113.65784611818995,16,config_1
535d7dc,47.49904975744675,-113.68848923502104,46,config_1
535d7f,47.46390176731536,-113.75422612832915,2,config_1
535d84,47.39354479378287,-113.88544765851742,1,config_1
535d89,47.392301095458734,-114.07829326144449,9,config_1
535d8b,47.368203972650804,-114.18624262199495,1,config_1
535d8d,47.2991221597392,-114.12407321807893,29,config_1
535d8f,47.32310761347393,-114.01633274104971,19,config_1
535d94,47.207513839198505,-113.9775510717577,3,config_1
535d9c,47.25492342755677,-113.76262624999877,1,config_1
535db,47.024050252351195,-113.68699229623022,7,config_1
535dc4,47.02211004509374,-114.0687818419552,48,config_1
535dc9,46.93090132072483,-113.92340607198655,26,config_1
535dcb,46.86222635235294,-113.86242771252972,36,config_1
535dcc1,46.873242523799,-113.95183773840036,15,config_1
535dcc24,46.87310101436051,-113.97562643168396,6,config_1
535dcc29,46.87302789208808,-113.98752247009537,9,config_1
535dcc2b,46.87154977148091,-113.99417936277197,38,config_1
535dcc2d,46.86726441637528,-113.99035668662445,5,config_1
535dcc2f,46.868742108318195,-113.98370059424168,12,config_1
535dcc34,46.861575331209856,-113.98129692831263,34,config_1
535dcc3c,46.864528554520255,-113.96798687908021,10,config_1
535dcc5,46.85019623283869,-113.96318697675572,5,config_1
535dcc7,46.856094043211606,-113.93657542970955,3,config_1
535dccc,46.82743434935218,-113.92700531066717,1,config_1
535dcd9,46.83837962684935,-114.01640372946115,15,config_1
535dcdb,46.84429142666408,-113.9897964152286,10,config_1
535dcdc4,46.855663635028385,-114.00791543245937,14,config_1
535dcdcc,46.85862035795553,-113.99460644675897,14,config_1
535dcdd1,46.86430771969315,-114.0036684716877,6,config_1
535dcdd3,46.86578628682228,-113.99701264585481,9,config_1
535dcdd5,46.87007121316965,-114.00083612207376,33,config_1
535dcdd7,46.868592217188294,-114.00749274775565,5,config_1
535dcddc,46.864230951151214,-114.01556458508364,12,config_1
535dcdf,46.85550754362005,-114.03170443152922,19,config_1
535dce1,46.87263859127783,-114.04701952115369,4,config_1
535dce3,46.88977276186112,-114.06234901490821,11,config_1
535dce5,46.8957051656361,-114.0357033366744,16,config_1
535dce7,46.87856411969581,-114.02038663533867,43,config_1
535dce9,46.88448264245283,-113.99375159681297,30,config_1
535dceb,46.890394157368554,-113.96711442127446,20,config_1
535dced,46.9075489359748,-113.98240549493914,1,config_1
535dcef,46.90163055773725,-114.00905549144696,10,config_1
535dcf4,46.930323517882734,-114.01870401332057,6,config_1
535dcfc,46.918452098536555,-114.07203813657183,15,config_1
535dd4,46.837336656948814,-114.15915241577468,23,config_1
535ddc,46.97423551540944,-114.28259478518439,36,config_1
535df,47.20427515669001,-114.36200399141323,24,config_1
535e04,47.199384505773615,-114.74757267826352,16,config_1
535e0c,47.06255459651039,-114.62144424873523,45,config_1
535e11,47.059782655238884,-114.81378780492776,45,config_1
535e13,46.99158379717168,-114.75065682573944,35,config_1
535e1c,47.14970309174735,-114.96269039445957,33,config_1
535e3,47.00646581113177,-115.22083855765759,1,config_1
535e5,46.73544841951235,-114.96646322384923,4,config_1
535e64,46.74113027195517,-114.58470458036054,11,config_1
535e74,46.92591054676586,-114.49625749826818,32,config_1
535e7c,46.789456566599924,-114.37200390140195,13,config_1
535e9,46.561365388299095,-114.29312206833913,26,config_1
535ea4,46.38127614584403,-114.00475792008845,32,config_1
535eac,46.24562321621117,-113.88415320389835,12,config_1
535eb4,46.19905084965058,-114.09365918331125,25,config_1
535ebc,46.33427090115952,-114.21505942720655,10,config_1
535ed,46.195638284398015,-114.46884971870385,2,config_1
535ef4,46.55699042372765,-114.67232146607834,16,config_1
535efc,46.50822548093627,-114.88390983358015,35,config_1
535f4,46.184056127014536,-115.22239744616999,18,config_1
535fc,46.7191696786044,-115.7330029511862,2,config_1
87604,43.54661003907631,-106.15809365922375,7,config_1
8760c,42.94302866051239,-106.15809365922375,49,config_1
87614,43.048942530511944,-105.4068079114331,17,config_1
8763,43.50002404328581,-104.2861115827901,2,config_1
8765,42.27767949176169,-104.2861115827901,47,config_1
87664,41.819907748612586,-105.4068079114331,20,config_1
8766c,42.438002969609244,-105.4068079114331,17,config_1
87679,41.84225776903397,-106.34637906744265,44,config_1
8767b,41.896459691315535,-105.96998775016152,16,config_1
8767c4,41.65017467942597,-106.06401788566258,8,config_1
8767d4,41.52108385254013,-105.87600401452671,13,config_1
8767dc,41.49438065980511,-106.06401788566258,37,config_1
8767f,41.53159852464974,-106.34637906744265,31,config_1
876804,41.28371540943097,-106.44058717271729,42,config_1
87680c,41.31110988950717,-106.25221430786118,24,config_1
87681c,41.127087572724186,-106.44058717271729,1,config_1
87686c,41.18148213869194,-106.06401788566258,1,config_1
876874,41.33814933099577,-106.06401788566258,14,config_1
876879,41.39729848794312,-105.92299003479476,15,config_1
87687d,41.3323183594687,-105.82902978439431,6,config_1
87687f,41.41055473820248,-105.82902978439431,30,config_1
876885,41.358556460994706,-105.6412526632361,45,config_1
876887,41.345481578274985,-105.73511707429685,36,config_1
87688c,41.23446035881694,-105.68817878401569,35,config_1
876891,41.29318368703766,-105.54743730866592,36,config_1
876893,41.214715018955395,-105.54743730866592,4,config_1
876895,41.22760430271819,-105.45367176673147,16,config_1
876897,41.306077606692746,-105.45367176673147,12,config_1
87689c,41.417143114499915,-105.50054826391207,1,config_1
8768c4,41.128848060269256,-105.31311850329111,11,config_1
8768cc,41.154085331982635,-105.12589552960189,49,config_1
8768dc,40.971232881708275,-105.31311850329111,6,config_1
8768e4,40.94566402512966,-105.50054826391207,29,config_1
8768e9,41.07033033178135,-105.45367176673147,27,config_1
8768ed,41.13613727015647,-105.54743730866592,19,config_1
8768ef,41.05745063023039,-105.54743730866592,11,config_1
876e4,40.75557168282636,-103.91439904540992,4,config_1
876ec,40.6618539864436,-104.65878213755632,1,config_1
876f1,41.16086655074063,-104.47233005083724,15,config_1
876f2c,41.02131895689726,-104.93888534775776,21,config_1
876f34,41.17897214623352,-104.93888534775776,6,config_1
876f3c,41.20350925573848,-104.75209393923649,34,config_1
876f5,41.42695590176002,-104.84546192392926,31,config_1
876f7,41.47538374095602,-104.47233005083724,32,config_1
876f9,41.522418807757354,-104.10013262592865,23,config_1
876fb,41.207835352734804,-104.10013262592865,24,config_1
876fcc,41.16321972481441,-103.82162609645312,27,config_1
876fd4,41.18566006961442,-103.63627151570851,30,config_1
876ff,41.56806828006613,-103.72891667819331,2,config_1
87704,41.47681570545685,-103.17403478565704,48,config_1
8770c,41.5598456403957,-102.43805808577758,41,config_1
87711,41.065354682631515,-102.62162106466255,42,config_1
87713,41.10543227451957,-102.2547919038435,19,config_1
87717,40.7469758041587,-102.62162106466255,13,config_1
8771c,40.843791229286325,-103.17403478565704,44,config_1
8773,39.92294463415644,-102.80547525792774,18,config_1
877404,40.57609592532989,-101.98046125028425,6,config_1
87741c,40.59507975718874,-101.79796125168906,50,config_1
87743,40.54268733564946,-101.52480554998527,44,config_1
87745,40.22058874133704,-101.52480554998527,16,config_1
87749,39.85959287022081,-101.8891720843707,34,config_1
8774b,39.534093170630456,-101.8891720843707,2,config_1
8774ec,39.806349997144125,-101.61577730716193,30,config_1
8774f4,39.96869792548277,-101.61577730716193,39,config_1
87750c,40.02249295561099,-101.07117579220403,7,config_1
877514,39.86009035152533,-101.07117579220403,46,config_1
87751c,39.84250145672416,-101.25237921655207,2,config_1
87753,39.60693370828015,-101.16173564777472,12,config_1
87755,39.64141173362987,-100.80000510701574,17,config_1
87757,39.967137723652854,-100.80000510701574,9,config_1
877584,40.21873868514241,-100.70978669392025,30,config_1
87758c,40.380300330391556,-100.70978669392025,10,config_1
87759c,40.20176037332815,-100.89030986411571,23,config_1
8775b,40.25650387873525,-101.16173564777472,14,config_1
8775f,40.61334818718161,-100.80000510701574,42,config_1
87764,41.076142779162794,-100.98070031132626,47,config_1
8776d,41.14417280634816,-101.8891720843707,44,config_1
8776f,41.181586324336074,-101.52480554998527,27,config_1
87774,41.63749322793395,-101.70682943311247,1,config_1
8779,42.61113560415245,-101.34310583455695,10,config_1
877a4,42.18594280545131,-102.43805808577758,2,config_1
877ac,42.10271111779528,-103.17403478565704,36,config_1
877b4,42.72139035912415,-103.17403478565704,10,config_1
877bc,42.80478241371585,-102.43805808577758,5,config_1
8783,42.74585700633671,-99.90181306343518,20,config_1
8784c,42.52285134167598,-98.83627550306029,3,config_1
87853,42.406418513086834,-98.30884408222222,22,config_1
878544,42.50327377472817,-98.04651845312563,1,config_1
87854c,42.346991265014715,-98.04651845312563,6,config_1
878554,42.359128436520784,-97.87216004899976,13,config_1
87855c,42.51541690086001,-97.87216004899976,42,config_1
878561,42.63531794300361,-97.82863676314237,32,config_1
878563,42.71311335720011,-97.82863676314237,16,config_1
878565,42.70711292570512,-97.91570993103981,5,config_1
878567,42.62931883886357,-97.91570993103981,7,config_1
87856c,42.65909095660001,-98.04651845312563,1,config_1
87857c,42.826595558948,-97.87216004899976,1,config_1
878d,43.03153171283092,-95.7299821027788,15,config_1
878e4,42.66516425382389,-96.74939926474936,30,config_1
878f9,42.7666452517483,-97.61142171393448,17,config_1
878fb,42.78917280150376,-97.26528581122331,7,config_1
878fd,42.477491070424776,-97.26528581122331,16,config_1
878fe4,42.38251245195437,-97.52472429686226,1,config_1
878fec,42.538812309592416,-97.52472429686226,20,config_1
878ff3,42.56917869429132,-97.65481097525692,25,config_1
878ff5,42.563329304755996,-97.74167025909962,26,config_1
878ffc,42.37096821242939,-97.69822718000074,1,config_1
87901,42.141459945849796,-97.61142171393448,12,config_1
87902c,42.2479453332842,-97.17902604633225,40,config_1
87903c,42.0797568861966,-97.35165580142355,47,config_1
87905,41.84854122667917,-97.26528581122331,1,config_1
87907,41.82608329448264,-97.61142171393448,1,config_1
879084,41.582549292048256,-97.69822718000074,13,config_1
879094,41.434988155110034,-97.52472429686226,23,config_1
87909c,41.423485283249626,-97.69822718000074,40,config_1
8790b,41.18981516269373,-97.61142171393448,20,config_1
8790d,41.21221226696082,-97.26528581122331,20,config_1
8790f,41.53129356806092,-97.26528581122331,16,config_1
87911,41.55256359024594,-96.92091345144947,7,config_1
87914d,41.13095227918709,-96.62106106216318,30,config_1
87914f,41.21107925997343,-96.62106106216318,29,config_1
879154,41.178325572786484,-96.49297974540691,50,config_1
87915c,41.33835668801784,-96.49297974540691,48,config_1
879161,41.46047950919607,-96.45034335805805,8,config_1
879163,41.54015234441032,-96.45034335805805,2,config_1
879165,41.535333593542816,-96.53564486778043,12,config_1
879167,41.45566240451763,-96.53564486778043,44,config_1
87917c,41.657044289233845,-96.49297974540691,29,config_1
879181,41.77848064409726,-96.45034335805805,21,config_1
879183,41.7736571914623,-96.53564486778043,9,config_1
8791864,41.8762779811386,-96.47165795587398,27,config_1
879186c,41.83670100382468,-96.47165795587398,35,config_1
879189,41.93678923011028,-96.45034335805805,26,config_1
87918a4,41.99723148838734,-96.42903595990448,10,config_1
87918b4,42.03429654294124,-96.47165795587398,36,config_1
87918bc,41.99483534666596,-96.47165795587398,17,config_1
87918f,41.931962838838885,-96.53564486778043,1,config_1
8791b,41.86983851659903,-96.92091345144947,32,config_1
8791d,42.18526573305039,-96.92091345144947,18,config_1
8791f,42.20544078758436,-96.57833866136845,7,config_1
87921,42.22448476566363,-96.23759466618242,9,config_1
879221,42.02052745621035,-96.3651570426858,33,config_1
879223,42.0252149719203,-96.28008642818537,41,config_1
87922c,41.82520587516023,-96.32260724129291,4,config_1
879234,41.834434574104726,-96.15269854577356,48,config_1
87925,41.92692152241489,-95.8987138825821,32,config_1
879385,41.25251034456509,-95.85648637454487,1,config_1
8793864,41.191339153735726,-95.8775964238177,24,config_1
879387c,41.15123954553279,-95.8775964238177,45,config_1
8793881,41.13958998151665,-95.9092753881462,42,config_1
8793883,41.138504505446264,-95.93040394687645,38,config_1
8793885,41.158561191081304,-95.93040394687645,42,config_1
8793887,41.159646769931484,-95.9092753881462,36,config_1
8793889,41.17969642190755,-95.9092753881462,48,config_1
879388b,41.199738934375205,-95.9092753881462,1,config_1
879388d,41.19865315167011,-95.93040394687645,19,config_1
879388f,41.17861074084597,-95.93040394687645,34,config_1
8793891,41.1775207807563,-95.95153989605136,15,config_1
8793893,41.19756308950735,-95.95153989605136,31,config_1
8793895,41.19646874395275,-95.97268322803032,25,config_1
8793897,41.17642653770506,-95.97268322803032,20,config_1
8793899,41.156377193659345,-95.97268322803032,26,config_1
879389b,41.15747133363485,-95.95153989605136,40,config_1
879389d,41.137414751213655,-95.95153989605136,42,config_1
879389f,41.136320714886764,-95.97268322803032,39,config_1
87938a4,41.144700675658925,-96.00441205201167,41,config_1
87938a9,41.13301287407291,-96.03615744419764,34,config_1
87938ab,41.131901670119106,-96.05733023073657,34,config_1
87938ad,41.15195772993523,-96.05733023073657,4,config_1
87938af,41.1530690392839,-96.03615744419764,32,config_1
87938b1,41.17311807150012,-96.03615744419764,19,config_1
87938b3,41.17200665733848,-96.05733023073657,14,config_1
87938b5,41.19204844925564,-96.05733023073657,35,config_1
87938b7,41.193159967648896,-96.03615744419764,42,config_1
87938b9,41.194267186948885,-96.01499200977533,11,config_1
87938bb,41.174225187001625,-96.01499200977533,17,config_1
87938bd,41.17532800776232,-95.99383393516017,9,config_1
87938bf,41.19537011107564,-95.99383393516017,22,config_1
87938c1,41.215405074105476,-95.99383393516017,12,config_1
87938c3,41.23543289380331,-95.99383393516017,5,config_1
87938c5,41.23432976467297,-96.01499200977533,45,config_1
87938c7,41.21430204718901,-96.01499200977533,26,config_1
87938c9,41.21319472466913,-96.03615744419764,11,config_1
87938cb,41.2120831026251,-96.05733023073657,15,config_1
87938cd,41.23211061439682,-96.05733023073657,13,config_1
87938cf,41.23322233951129,-96.03615744419764,17,config_1
87938d4,41.262694962050645,-96.04674291893367,32,config_1
87938d9,41.27436375923416,-96.01499200977533,15,config_1
87938db,41.254350336363316,-96.01499200977533,38,config_1
87938dd,41.25545356713221,-95.99383393516017,34,config_1
87938df,41.27546709106678,-95.99383393516017,12,config_1
87938e3,41.27766087979987,-95.95153989605136,2,config_1
87938e5,41.25764715500535,-95.95153989605136,42,config_1
87938e7,41.25655250536979,-95.97268322803032,28,config_1
87938e9,41.23653173082733,-95.97268322803032,17,config_1
87938eb,41.21650380934284,-95.97268322803032,21,config_1
87938ed,41.21759825682894,-95.95153989605136,40,config_1
87938ef,41.237626279673584,-95.95153989605136,5,config_1
87938f1,41.23871654427415,-95.93040394687645,30,config_1
87938f24,41.22342397557144,-95.93568724161423,50,config_1
87938f2c,41.21340813981519,-95.93568724161423,9,config_1
87938f34,41.213952138734925,-95.9251211140415,1,config_1
87938f39,41.22160003925936,-95.92247987087488,2,config_1
87938f3b,41.22132829779997,-95.92776247271367,5,config_1
87938f3d,41.22633577856218,-95.92776247271367,44,config_1
87938f3f,41.226607526318894,-95.92247987087488,5,config_1
87938f7,41.23980252856463,-95.9092753881462,32,config_1
87938f9,41.259823604205,-95.9092753881462,11,config_1
87938fa4,41.254004862325644,-95.9251211140415,30,config_1
87938fac,41.25346076282608,-95.93568724161423,26,config_1
87938fb4,41.26346945064387,-95.93568724161423,30,config_1
87938fbc,41.264013575111086,-95.9251211140415,36,config_1
87938fd,41.2787513445638,-95.93040394687645,4,config_1
87938ff,41.279837528174156,-95.9092753881462,3,config_1
879391,41.32820977985108,-95.94097099813557,12,config_1
8793924,41.30492276103241,-96.00441205201167,21,config_1
879392c,41.30270720032546,-96.04674291893367,33,config_1
8793934,41.34269081673466,-96.04674291893367,5,config_1
879395,41.4037229488527,-96.02557380749096,10,config_1
8793b5,41.72221508797836,-96.02557380749096,40,config_1
8793b7,41.642764797563125,-96.02557380749096,13,config_1
8793d,41.59168827751169,-96.23759466618242,28,config_1
8793e4,41.34784575928842,-96.32260724129291,1,config_1
8793eb,41.399255397912064,-96.1102943120119,4,config_1
8793ec4,41.33820721513309,-96.13149277021542,10,config_1
8793ecc,41.34045764006801,-96.0891031789097,9,config_1
8793ed4,41.30047442603807,-96.0891031789097,30,config_1
8793edc,41.298224406835956,-96.13149277021542,33,config_1
8793ef,41.31481164928742,-96.1951320179046,30,config_1
8793f1,41.234790057608556,-96.1951320179046,39,config_1
8793f2c,41.260462594784514,-96.0891031789097,18,config_1
8793f31,41.2298742486415,-96.09969782933945,25,config_1
8793f33,41.23099458541166,-96.07851036168901,9,config_1
8793f35,41.210967177139736,-96.07851036168901,27,config_1
8793f37,41.209846944299436,-96.09969782933945,8,config_1
8793f3c,41.218172976649946,-96.13149277021542,2,config_1
8793f44,41.178104403036535,-96.13149277021542,21,config_1
8793f4c,41.18035317693946,-96.0891031789097,35,config_1
8793f51,41.14972220090715,-96.09969782933945,17,config_1
8793f53,41.1508421184468,-96.07851036168901,3,config_1
8793f55,41.13078616446389,-96.07851036168901,27,config_1
8793f57,41.129666353196534,-96.09969782933945,15,config_1
8793f5c,41.13800728956779,-96.13149277021542,46,config_1
8793f7,41.15465418889395,-96.1951320179046,48,config_1
8793f9,41.150053284902306,-96.28008642818537,26,config_1
8793fb,41.23018743262655,-96.28008642818537,3,config_1
8793fd,41.22551528760364,-96.3651570426858,34,config_1
879401,41.06513648637467,-96.3651570426858,38,config_1
879403,40.9847762784513,-96.3651570426858,19,config_1
8794044,41.00838393911119,-96.30134320727262,48,config_1
879405c,41.01070017983232,-96.25883691187738,6,config_1
879406c,41.04856473289341,-96.30134320727262,26,config_1
8794074,41.08871708045269,-96.30134320727262,11,config_1
879407c,41.09103422269168,-96.25883691187738,29,config_1
87940c,41.03650970406013,-96.15269854577356,41,config_1
879414,40.875552909583256,-96.15269854577356,1,config_1
87941c,40.866363695147506,-96.32260724129291,2,config_1
87943,40.6287135784285,-96.23759466618242,22,config_1
879444,40.72304827790353,-95.98325766018019,9,config_1
879454,40.56980274603675,-95.81428853484881,2,config_1
879459,40.69336815647205,-95.77212042411867,21,config_1
87945b,40.68912121847201,-95.85648637454487,34,config_1
87945d,40.769946045737406,-95.85648637454487,7,config_1
87945f,40.774194782700164,-95.77212042411867,1,config_1
879464,40.893105136331485,-95.81428853484881,1,config_1
87946c,40.884466057473276,-95.98325766018019,3,config_1
879471,41.007418325870596,-95.94097099813557,15,config_1
879475,41.083395131920504,-96.02557380749096,40,config_1
8794761,41.11625710447006,-95.97268322803032,25,config_1
8794763,41.11735103657496,-95.95153989605136,47,config_1
8794765,41.097280192812605,-95.95153989605136,13,config_1
8794767,41.09618636550359,-95.97268322803032,3,config_1
8794769,41.07610850109332,-95.97268322803032,5,config_1
879476b,41.05602351435685,-95.97268322803032,23,config_1
879476d,41.057117130350434,-95.95153989605136,24,config_1
8794774,41.06879304560312,-95.9198387432287,25,config_1
879477c,41.108949298840706,-95.9198387432287,50,config_1
879479,41.09211116404106,-95.85648637454487,47,config_1
87947b,41.01174042673628,-95.85648637454487,14,config_1
87947d,41.01599434346719,-95.77212042411867,3,config_1
87951,40.33855315824203,-95.56172791278979,17,config_1
87955,40.02766163389052,-95.22666753958994,2,config_1
879564,39.93417710285899,-95.47778111042308,11,config_1
87956c,40.0978632215255,-95.47778111042308,13,config_1
879574,40.08980248965958,-95.64579506896482,14,config_1
87957c,39.926124467924254,-95.64579506896482,28,config_1
879584,39.91780336272262,-95.81428853484881,31,config_1
87958c,39.90921178016852,-95.98325766018019,6,config_1
879594,40.072872754015044,-95.98325766018019,22,config_1
8795b,40.321869641350084,-95.8987138825821,13,config_1
8795d,40.30409742243416,-96.23759466618242,1,config_1
8795f,39.977692064884515,-96.23759466618242,41,config_1
879604,39.88179431613656,-96.49297974540691,8,config_1
87960c,40.045427531973644,-96.49297974540691,18,config_1
879614,40.03572441422744,-96.6638120059594,41,config_1
879619,39.91058070681297,-96.70659142835461,1,config_1
87961b,39.91549852913506,-96.62106106216318,33,config_1
87961d,39.83357498989551,-96.62106106216318,29,config_1
87961f,39.828659711427306,-96.70659142835461,17,config_1
879624,39.86212749201303,-96.83509992015557,4,config_1
87962c,39.85187173436066,-97.00683933476365,2,config_1
879634,40.01547448464883,-97.00683933476365,41,config_1
87963c,40.02574070429329,-96.83509992015557,13,config_1
879644,40.18891059124939,-96.83509992015557,23,config_1
87964c,40.17863427142716,-97.00683933476365,32,config_1
879654,40.34134920669376,-97.00683933476365,26,config_1
87965c,40.35163526715548,-96.83509992015557,26,config_1
879664,40.36163823166306,-96.6638120059594,23,config_1
879669,40.23715691748151,-96.70659142835461,24,config_1
87966b,40.155679507619794,-96.70659142835461,28,config_1
87966d,40.16060470064263,-96.62106106216318,35,config_1
87966f,40.24208448090388,-96.62106106216318,7,config_1
879684,40.53365558818996,-96.49297974540691,1,config_1
87968c,40.523924964918095,-96.6638120059594,9,config_1
879691,40.64780592078957,-96.62106106216318,1,config_1
879693,40.642867147919915,-96.70659142835461,3,config_1
879695,40.72367226731233,-96.70659142835461,37,config_1
879697,40.72861315454021,-96.62106106216318,49,config_1
87969c,40.69550163543548,-96.49297974540691,2,config_1
8796a4,40.85689643168396,-96.49297974540691,37,config_1
8796ac,41.017838290345814,-96.49297974540691,41,config_1
8796b1,40.9703568672904,-96.62106106216318,34,config_1
8796b3,41.05071141526464,-96.62106106216318,35,config_1
8796b8c,40.863562489707405,-96.7279917988472,23,config_1
8796b94,40.86605236903506,-96.68519816136498,42,config_1
8796b9c,40.90631396741178,-96.68519816136498,1,config_1
8796bb,40.889888837320825,-96.62106106216318,45,config_1
8796bc4,40.8282342037957,-96.64243297020663,30,config_1
8796bcc,40.83068832956507,-96.59969628987318,37,config_1
8796bd4,40.79036913857682,-96.59969628987318,11,config_1
8796bdc,40.78791552164059,-96.64243297020663,15,config_1
8796be4,40.78544430277923,-96.68519816136498,24,config_1
8796be9,40.816305132438714,-96.67450419420958,14,config_1
8796beb,40.83645721499665,-96.67450419420958,16,config_1
8796bed,40.83521687855339,-96.69589390641657,13,config_1
8796bee1,40.82215650204865,-96.70391688134224,31,config_1
8796bee3,40.81711808372356,-96.70391688134224,25,config_1
8796bee5,40.817428966729594,-96.69856812035744,16,config_1
8796bee7,40.822467393090086,-96.69856812035744,4,config_1
8796beec,40.82041404872649,-96.69054581171683,5,config_1
8796bef4,40.810336288598954,-96.69054581171683,3,config_1
8796befc,40.809715098098906,-96.70124244533793,39,config_1
8796bf1,40.81382030490965,-96.71729072616859,36,config_1
8796bf3,40.83397213091147,-96.71729072616859,7,config_1
8796bf5,40.83272296828448,-96.7386946453784,7,config_1
8796bf7,40.812571271301465,-96.7386946453784,9,config_1
8796bfc,40.782955451652896,-96.7279917988472,16,config_1
8796c1,40.79935101404905,-96.7922354503473,37,config_1
8796c3,40.79426661783948,-96.87799260898478,20,config_1
8796c5,40.874841739801006,-96.87799260898478,24,config_1
8796c7,40.87992822924891,-96.7922354503473,23,config_1
8796cc,40.998045857182724,-96.83509992015557,2,config_1
8796d4,40.9877243831065,-97.00683933476365,4,config_1
8796dc,40.826806757321236,-97.00683933476365,28,config_1
8796f,40.58976906346002,-96.92091345144947,32,config_1
87971,40.568597739799536,-97.26528581122331,14,config_1
879724,40.81620778946675,-97.17902604633225,42,config_1
87972c,40.97711683698611,-97.17902604633225,26,config_1
879734,40.96622131499573,-97.35165580142355,20,config_1
879739,40.84282109867322,-97.39488196255758,10,config_1
87973b,40.84833783483764,-97.3084570618028,45,config_1
87973d,40.76777366107775,-97.3084570618028,7,config_1
879744,40.7941448108874,-97.52472429686226,34,config_1
87975c,40.782677052919034,-97.69822718000074,35,config_1
87977,40.546273398247386,-97.61142171393448,48,config_1
87978c,40.13466309882152,-97.69822718000074,3,config_1
879794,40.14608951285392,-97.52472429686226,40,config_1
87979c,40.30877346150212,-97.52472429686226,31,config_1
8797b,40.24409090789683,-97.26528581122331,33,config_1
8797d,39.917803241309834,-97.26528581122331,10,config_1
8797e4,39.81939237207405,-97.52472429686226,2,config_1
8797ec,39.982961851315345,-97.52472429686226,1,config_1
8797f4,39.9715467662661,-97.69822718000074,13,config_1
8797fc,39.807989018281496,-97.69822718000074,43,config_1
87981,39.87216159804796,-97.95928633924419,8,config_1
87983,40.19835861127867,-97.95928633924419,10,config_1
87985,40.17372965035999,-98.30884408222222,43,config_1
87987,39.847581801539405,-98.30884408222222,12,config_1
879884,39.74656389193964,-98.57210164219819,6,config_1
87988f563,39.82844398123652,-98.57965644957865,2,config_1
87988f5653fe250f,39.83000201433381,-98.58000200575829,68,config_1
87989c,39.73338485000653,-98.74811671290261,6,config_1
8798b,39.794833641332914,-99.0128926396605,21,config_1
8798c4,40.04639798786352,-98.92453434317243,22,config_1
8798dc,40.20898570960277,-98.92453434317243,39,config_1
8798f,40.147906455111624,-98.66005856336714,46,config_1
87991,40.4722350732974,-98.66005856336714,25,config_1
879924,40.371131337718325,-98.92453434317243,8,config_1
87992c,40.357291645182805,-99.10134979604823,3,config_1
879934,40.51898082836929,-99.10134979604823,29,config_1
87993c,40.5328330523414,-98.92453434317243,45,config_1
879941,40.65723446453356,-98.88039245390264,45,config_1
879943,40.73775221419235,-98.88039245390264,6,config_1
8799464,40.66879386820244,-98.99079377407365,35,config_1
879946c,40.67224040995963,-98.94661461650963,19,config_1
8799474,40.6319546780029,-98.94661461650963,18,config_1
879947c,40.62850887773695,-98.99079377407365,16,config_1
8799484,40.62504394032415,-99.03499768400519,10,config_1
879948c,40.66532818459247,-99.03499768400519,32,config_1
8799494,40.66184333288625,-99.0792262715641,35,config_1
879949c,40.621559839536445,-99.0792262715641,8,config_1
87994b,40.63644236637649,-99.14561525951646,16,config_1
87994d,40.716951249742145,-99.14561525951646,12,config_1
87994e4,40.742326520208145,-99.0792262715641,2,config_1
87994e9,40.71128398398106,-99.09028726555732,21,config_1
87994eb,40.69116327792137,-99.09028726555732,26,config_1
87994ed,40.69291078034262,-99.06816681524093,3,config_1
87994ef,40.71303167194032,-99.06816681524093,2,config_1
87994f4,40.7055844971992,-99.03499768400519,4,config_1
879954,40.841021834126046,-99.10134979604823,7,config_1
879969,40.744532925317706,-98.79218356475204,18,config_1
87996b,40.664012294587465,-98.79218356475204,28,config_1
87996d,40.67071404327488,-98.70407502125441,14,config_1
87996f,40.75123751830207,-98.70407502125441,16,config_1
879974,40.72090232897766,-98.57210164219819,46,config_1
87997c,40.8817332505714,-98.57210164219819,26,config_1
879981,40.93162330275126,-98.4403573420946,28,config_1
879983,40.851316259024394,-98.4403573420946,9,config_1
8799844,40.87621480112571,-98.37457171013507,15,config_1
879984c,40.83603216030721,-98.37457171013507,36,config_1
8799854,40.83921551115803,-98.33074683162457,4,config_1
879985c,40.87939880220662,-98.33074683162457,11,config_1
8799864,40.91955394413451,-98.33074683162457,40,config_1
879986c,40.91636929953668,-98.37457171013507,26,config_1
8799874,40.95649562986808,-98.37457171013507,33,config_1
879987c,40.95968091128116,-98.33074683162457,34,config_1
87998c,40.90735869873179,-98.22129789306325,36,config_1
879994,40.74650661310234,-98.22129789306325,18,config_1
879999,40.69676452565974,-98.35265604392654,17,config_1
87999b,40.7772990149178,-98.35265604392654,16,config_1
87999d,40.77089673808562,-98.4403573420946,30,config_1
8799a1,40.60972110147291,-98.4403573420946,14,config_1
8799a3,40.61611792469201,-98.35265604392654,31,config_1
8799a7,40.528965411695395,-98.4403573420946,8,config_1
8799ac,40.410826869776194,-98.39649382124541,20,config_1
8799bc,40.585205338293115,-98.22129789306325,14,config_1
8799c0d,40.60381773249789,-98.10109201241855,16,config_1
8799c0f,40.62400232865712,-98.10109201241855,49,config_1
8799c14,40.61620969673979,-98.06834295052006,4,config_1
8799c7,40.55409280483796,-98.09017401782,11,config_1
8799cc,40.43578815296684,-98.04651845312563,17,config_1
8799f,40.84541482909882,-97.95928633924419,22,config_1
879a04,41.09220858951256,-97.87216004899976,1,config_1
879a0c,41.25217576717139,-97.87216004899976,5,config_1
879a14,41.240091098332485,-98.04651845312563,25,config_1
879a1c,41.08013300189788,-98.04651845312563,20,config_1
879ac,41.948084950512005,-98.13385582671398,1,config_1
879b4,41.89599133698777,-98.83627550306029,18,config_1
879b9,41.40726284234922,-99.0128926396605,47,config_1
879bb,41.43447497928186,-98.66005856336714,2,config_1
879bd4,41.04211418238893,-98.57210164219819,33,config_1
879bdc,41.02883797788774,-98.74811671290261,25,config_1
879bf,41.08836030487698,-99.0128926396605,19,config_1
879d,41.492537434213524,-99.90181306343518,42,config_1
879e1,40.646739314474765,-100.43965601897102,25,config_1
879e3,40.324452760090495,-100.43965601897102,6,config_1
879e5,40.356509312612566,-100.08072981765946,2,config_1
879e7,40.67885302120282,-100.08072981765946,35,config_1
879e9,40.70970141479207,-99.72326726161637,48,config_1
879ea4,40.81234549142382,-99.45615499039194,1,config_1
879eac,40.82683831763376,-99.27855828820766,7,config_1
879eb4,40.66605316626236,-99.27855828820766,45,config_1
879ebc,40.65157252225176,-99.45615499039194,33,config_1
879ec4,40.490353588006286,-99.45615499039194,15,config_1
879ecc,40.50482155800769,-99.27855828820766,20,config_1
879ed4,40.34314522304475,-99.27855828820766,11,config_1
879edc,40.3286904221237,-99.45615499039194,33,config_1
879ef,40.38730318435012,-99.72326726161637,13,config_1
879f1,40.06313467377643,-99.72326726161637,15,config_1
879f24,40.16658480581163,-99.45615499039194,25,config_1
879f2c,40.18102593935453,-99.27855828820766,8,config_1
879f34,40.01846553300199,-99.27855828820766,7,config_1
879f3c,40.0040385683257,-99.45615499039194,34,config_1
879f5,39.766638047664635,-99.36730841665778,14,config_1
879f7,39.737210557129316,-99.72326726161637,34,config_1
879f94,39.78029899854248,-100.17032573166424,37,config_1
879f9c,39.79595658887336,-99.99122538486702,21,config_1
879fd,40.000404559950375,-100.43965601897102,4,config_1
879fe4,39.748036805042496,-100.52961150246017,8,config_1
879fec,39.764326233674545,-100.34978946920158,2,config_1
879ff4,39.60098595134498,-100.34978946920158,16,config_1
879ffc,39.58471397938813,-100.52961150246017,39,config_1
5321,48.61063196275594,-103.15720819932973,4,config_1
5323,48.40308275369865,-104.83499219425873,19,config_1
5324c,47.44141796171383,-104.76876330085253,1,config_1
532521,47.0986164499437,-104.64274863786692,14,config_1
532523,47.024186392719464,-104.60380813657584,3,config_1
532525,47.01098798945629,-104.7050048129976,19,config_1
532527,47.085351615065456,-104.74419102456291,19,config_1
5325c,46.9451967378181,-103.65466256477931,1,config_1
532c,45.51376838607385,-102.57617830581343,3,config_1
5331,45.80837039793239,-105.18444864390555,44,config_1
5333,44.66354488062658,-104.57608940494013,6,config_1
5335,44.454658784374956,-106.09935394072954,43,config_1
53364,45.238950917508724,-106.9873571849699,21,config_1
5336c,45.35601138418614,-106.20171088761673,17,config_1
53374,45.927740294795356,-106.53766942232217,1,config_1
5337c,45.8059810724829,-107.33764576987134,46,config_1
5339,46.731909080083284,-107.47311179203183,8,config_1
533a71,46.46398149793036,-105.81630297118433,1,config_1
533a75,46.37682274032192,-105.87547666893698,37,config_1
533a77,46.39104783200269,-105.77498738143683,21,config_1
533ac,46.738263325953625,-105.26294056344487,2,config_1
533d,48.16710977983236,-106.52711343588204,13,config_1
533f,47.90221821882716,-108.22931941585718,17,config_1
549361,46.09253374611033,-123.9365210341686,19,config_1
549363,46.12742635287706,-123.83253105908348,14,config_1
5493644,46.16319494921188,-123.91834426853173,26,config_1
5493649,46.16888342949806,-123.86932238864095,3,config_1
549364b,46.177610775249995,-123.84328239148215,23,config_1
549364d,46.19246051043435,-123.86322150884516,34,config_1
549365c,46.192849973599934,-123.95829033244647,20,config_1
549367,46.15173761067099,-124.01637849098238,6,config_1
54936c,46.2581773069839,-124.08450039849525,18,config_1
549374,46.328481344558476,-123.87567149510258,22,config_1
54937ac,46.22784809775462,-123.85405618607425,28,config_1
54937b3,46.20119072033555,-123.8371660745439,7,config_1
54937b44,46.19222671889663,-123.81570216192922,18,config_1
54937b49,46.19081383968975,-123.82796375728292,17,config_1
54937b4b,46.18863304866674,-123.83447695298733,26,config_1
54937b4d,46.18491922815098,-123.82949429883547,6,config_1
54937b4f,46.187099465024296,-123.82298156868032,4,config_1
54937b54,46.180438246027244,-123.81876616895383,16,config_1
54937b5c,46.184796306458836,-123.80574110814187,9,config_1
54937b7,46.19504744649781,-123.79117842355033,12,config_1
54937bc,46.21554953785096,-123.76203407806113,3,config_1
54937d,46.16222313461763,-123.72841366154847,5,config_1
54937f,46.19692365691505,-123.62416952543103,2,config_1
549444,45.98699090072237,-122.82786111279161,9,config_1
54944c,45.86680456116232,-122.67316441232886,15,config_1
549451,45.846735382466086,-122.86740260965279,22,config_1
549453,45.78685548487373,-122.79010620675479,15,config_1
549455,45.75346377931272,-122.89360507596069,18,config_1
54945c,45.91971026450426,-123.0357231305422,3,config_1
54947,46.13330432642842,-123.1661068977671,35,config_1
54949,45.996297469706725,-123.58236268423515,43,config_1
5494a04,46.02197813963641,-123.95463140594354,5,config_1
5494a14,45.97499976725344,-123.9666682864336,7,config_1
5494a19,45.98068885894226,-123.91786233560167,17,config_1
5494a1a4,45.98958781334213,-123.9392525084699,2,config_1
5494a1b4,46.001330926878076,-123.93623748292683,7,config_1
5494a1b9,45.99688043536739,-123.92553860024923,6,config_1
5494a1bb,45.99470206126059,-123.93201901072989,30,config_1
5494a1bd,45.9910092490407,-123.9270475638491,11,config_1
5494a1bf,45.993187070984426,-123.92056761106268,7,config_1
5494a1d,46.00417212101443,-123.91182067929401,13,config_1
5494a3,45.93942020652776,-123.88116826914937,21,config_1
5494a41,45.939796818815786,-123.97567675728996,27,config_1
5494a43,45.93107770026529,-124.0015548847505,3,config_1
5494a45,45.916342872437234,-123.9816732923742,50,config_1
5494a47,45.92505316421193,-123.95580243417936,7,config_1
5494a49,45.910309514910814,-123.93594331691013,7,config_1
5494a4d,45.88687322236633,-123.94195569392993,40,config_1
5494a4e1,45.89281915188563,-123.96405669572145,40,config_1
5494a4e3,45.89650203141795,-123.96902112733645,15,config_1
5494a4e5,45.898678229117685,-123.96255694492156,14,config_1
5494a4e7,45.8949947985609,-123.95759296752455,4,config_1
5494a4ec,45.9000997064688,-123.95037797606587,3,config_1
5494a4f4,45.907468221936846,-123.96030646576678,9,config_1
5494a4fc,45.903114909770224,-123.97323718446158,7,config_1
5494a51,45.89290067758465,-123.98766255367738,9,config_1
5494a5204,45.888425325927756,-123.96518121043866,27,config_1
5494a520c,45.88658409323023,-123.96269953595439,5,config_1
5494a5214,45.885496338138836,-123.96593074487969,24,config_1
5494a521c,45.88733743310842,-123.96841253285085,6,config_1
5494a523,45.884784977180985,-123.97201827560316,22,config_1
5494a525,45.88110320074146,-123.96705483355217,14,config_1
5494a527,45.88327848176755,-123.96059300366728,21,config_1
5494a52c,45.8766678109054,-123.95638093589179,21,config_1
5494a534,45.872318165433086,-123.96930224446545,24,config_1
5494a7,45.96354187607536,-124.06427056238675,12,config_1
5494b1,45.810945572839195,-124.008567883627,47,config_1
5494b61,45.71713862099896,-123.93831493658847,37,config_1
5494b63,45.7257961725996,-123.91256387692812,3,config_1
5494b65,45.740486741293985,-123.93233036680485,3,config_1
5494b67,45.7318204188225,-123.9580886541343,9,config_1
5494b6c,45.758183677913244,-123.97489390278712,48,config_1
5494b74,45.77553096461845,-123.92333995284535,14,config_1
5494bc,45.83354431886302,-123.81407485023365,23,config_1
5494c4,45.71556514440772,-123.65644291781683,5,config_1
5494c9,45.69338569192285,-123.85034412120862,5,config_1
5494cb,45.65881976968316,-123.95324482088893,22,config_1
5494cd,45.60018155302365,-123.87437827273548,30,config_1
5494d4,45.529347762531195,-123.70523741844457,2,config_1
5494dc,45.597595738497574,-123.49977451492549,12,config_1
5494f,45.75866279079122,-123.26853181263735,45,config_1
549501,45.66037802468876,-122.91968181257504,8,config_1
549503,45.62693254583949,-123.02282408180253,18,config_1
5495044,45.59068576471431,-122.93915741391251,18,config_1
549504c,45.573990765406165,-122.99065315002353,17,config_1
5495051,45.555878889352684,-122.94886901091884,21,config_1
54950524,45.55333698829134,-122.97298441519114,6,config_1
5495052c,45.54916415407978,-122.98584811207415,19,config_1
54950534,45.54174038366313,-122.97621124729412,34,config_1
5495053c,45.54591107570666,-122.9633494812743,15,config_1
54950544,45.538485268694984,-122.95371827965847,8,config_1
5495054c,45.53431671795894,-122.96657811410863,33,config_1
54950554,45.52689315816751,-122.95694871114303,24,config_1
5495055c,45.53105956845663,-122.94409080896735,12,config_1
5495057,45.54102085280857,-122.9296124103441,23,config_1
5495059,45.54934693608041,-122.90388391241775,26,config_1
549505b,45.56421353432083,-122.92313276017578,17,config_1
549505d,45.57254225090755,-122.89738933107346,20,config_1
549505f,45.5576670933424,-122.87814825382897,44,config_1
5495064,45.57758014366212,-122.84914418901631,33,config_1
549506c,45.607357023818594,-122.88763287987958,10,config_1
5495074,45.62400449281106,-122.83607963557766,31,config_1
5495079,45.605797709014524,-122.79434405019695,5,config_1
549507b,45.5974927681449,-122.82011608311913,14,config_1
549507d,45.58259194696386,-122.80089842363002,22,config_1
549507e4,45.585088063883205,-122.7767753389626,9,config_1
549507ec,45.59254156288709,-122.78637748891452,8,config_1
549507f4,45.59668933793728,-122.77349263429566,2,config_1
549507fc,45.58923370267531,-122.76389244757488,45,config_1
5495081,45.575979443329636,-122.75593937224944,24,config_1
5495083,45.561071034222735,-122.7367594596323,14,config_1
5495085,45.552791721721825,-122.76250795216093,17,config_1
5495087,45.567691594959236,-122.78169571703077,6,config_1
5495089,45.55939779819962,-122.80744496273876,16,config_1
549508b,45.551098059227016,-122.8331870983617,19,config_1
549508d,45.536215265017404,-122.81398368196524,46,config_1
549508f,45.54450646326559,-122.78824936327686,36,config_1
5495091,45.52961560976151,-122.76906868893886,34,config_1
5495093,45.52133294532821,-122.79479518522301,38,config_1
5495095,45.506451109723656,-122.7756215970261,35,config_1
5495097,45.51472524725177,-122.74990292858993,39,config_1
54950984,45.51720284555774,-122.72582165554388,13,config_1
54950989,45.51843920596567,-122.71378098604536,11,config_1
5495098a04,45.517971130314265,-122.70806937874427,2,config_1
5495098a0c,45.51822923769806,-122.70726539677234,10,config_1
5495098a14,45.51869489157822,-122.70786355732979,39,config_1
5495098a1c,45.51843677587815,-122.70866754698179,11,config_1
5495098a3,45.51926430997713,-122.7091628269023,5,config_1
5495098a5,45.51978055472156,-122.707554810817,10,config_1
5495098a7,45.518849221008544,-122.70635848363295,37,config_1
5495098ac,45.52008918625941,-122.70454458733757,16,config_1
5495098b4,45.52195195749798,-122.70693726597814,2,config_1
5495098d,45.52422976975454,-122.7121349162451,11,config_1
5495098f,45.52216409906417,-122.71856742349537,4,config_1
54950994,45.528784779508136,-122.72253225965096,3,config_1
5495099c,45.52465109791729,-122.73539786690098,5,config_1
549509b,45.53789233682927,-122.74333511785996,14,config_1
549509d,45.54616312038097,-122.71759448300428,19,config_1
549509e4,45.537047684510135,-122.69679576067433,37,config_1
549509ec,45.5329169752946,-122.70966489044866,25,config_1
549509f4,45.52546446334424,-122.70009260976938,44,config_1
549509f9,45.52669753056197,-122.68805028512281,19,config_1
549509fb,45.530424552793335,-122.69283475524867,11,config_1
549509fd,45.53248873714313,-122.68640048907676,24,config_1
549509fe4,45.53020895649547,-122.68120387567996,25,config_1
549509fec,45.52917715683721,-122.68442093386207,7,config_1
549509ff4,45.52731345426484,-122.68202911648007,18,config_1
549509ffc,45.52834512089467,-122.67881218147234,13,config_1
54950a004,45.52648129344365,-122.67642072025001,18,config_1
54950a009,45.52534127215888,-122.67382308022339,18,config_1
54950a00b,45.52440934793894,-122.67262753973378,11,config_1
54950a00d,45.52389368749016,-122.67423589606175,20,config_1
54950a00f,45.52482557846206,-122.67543146735576,7,config_1
54950a014,45.523586073547534,-122.6772461806188,48,config_1
54950a01c,45.525449759828746,-122.67963753207295,24,config_1
54950a024,45.52441813328059,-122.68285423418067,46,config_1
54950a02c,45.523386413811124,-122.68607082655161,10,config_1
54950a034,45.52152299354715,-122.68367922881009,14,config_1
54950a03c,45.52255458000559,-122.68046275956567,36,config_1
54950a044,45.52069103489058,-122.67807151787139,23,config_1
54950a04c,45.51965958142966,-122.68128786397885,38,config_1
54950a0504,45.518881727767486,-122.67858729114687,17,config_1
54950a050c,45.51841586482317,-122.67798953426035,4,config_1
54950a0514,45.51815802474201,-122.67879358699588,10,config_1
54950a051c,45.51862387937495,-122.67939135157873,42,config_1
54950a053,45.518004174752946,-122.68029853949251,13,config_1
54950a055,45.51707249144375,-122.67910301634807,6,config_1
54950a057,45.51758815828464,-122.67749494767226,8,config_1
54950a05c,45.5188274979542,-122.67568050907593,27,config_1
54950a064,45.519858725524294,-122.67246417648205,36,config_1
54950a06c,45.521722395439845,-122.67485506209579,43,config_1
54950a071,45.52202991168994,-122.67184492817105,16,config_1
54950a073,45.52296179856535,-122.67304038300108,12,config_1
54950a075,45.523477425767766,-122.6714320574788,15,config_1
54950a077,45.52254550564769,-122.67023663345577,38,config_1
54950a07c,45.520889860175615,-122.66924773427601,22,config_1
54950a09,45.51757871527425,-122.66727016973095,42,config_1
54950a0b,45.5138512918891,-122.66248991892985,14,config_1
54950a0c4,45.51323693640292,-122.6685088798642,42,config_1
54950a0cc,45.51137343236717,-122.6661188024456,13,config_1
54950a0dc,45.51220601479677,-122.67172473331983,22,config_1
54950a0e4,45.51406939414219,-122.67411516672841,39,config_1
54950a0ec,45.515100448691754,-122.67089919009422,25,config_1
54950a0f4,45.51696396921505,-122.6732897331575,29,config_1
54950a0fc,45.51593278170855,-122.67650583295986,36,config_1
54950a104,45.51490150131196,-122.67972182314121,26,config_1
54950a10c,45.5138701280372,-122.68293770367993,14,config_1
54950a114,45.512007006399145,-122.68054679121511,20,config_1
54950a11c,45.513038246707346,-122.6773310337759,34,config_1
54950a1204,45.51226037675772,-122.67463100020879,4,config_1
54950a120c,45.51179455320821,-122.67403338716474,2,config_1
54950a1214,45.5115367896274,-122.67483732014101,1,config_1
54950a1218896651,45.51179100524553,-122.67562794881715,52,config_1
54950a121f,45.512054614359386,-122.67578533291864,1,config_1
54950a125,45.51045143017154,-122.67514678561942,2,config_1
54950a127,45.510966944015145,-122.67353895645128,3,config_1
54950a12c,45.50931176213899,-122.6725501534609,4,config_1
54950a134,45.50828078772337,-122.67576566466987,1,config_1
54950a13c,45.510143892955,-122.67815611155237,4,config_1
54950a15,45.50766560388803,-122.68178401270428,31,config_1
54950a17,45.51139143189449,-122.6865657412363,44,config_1
54950a19,45.51511729255821,-122.69134840095778,11,config_1
54950a1a4,45.51573325785053,-122.68532884896864,11,config_1
54950a1a9,45.5160410880954,-122.6823190714579,27,config_1
54950a1ab,45.51655680138017,-122.68071105761085,14,config_1
54950a1ad,45.51748845144386,-122.68190661153484,14,config_1
54950a1af,45.51697270491299,-122.68351465615714,8,config_1
54950a1b4,45.51862803506899,-122.68450410039665,6,config_1
54950a1bc,45.51759639582053,-122.68772022710313,5,config_1
54950a1c4,45.5194595419286,-122.69011183810522,4,config_1
54950a1cc,45.52049131418418,-122.68689558833047,3,config_1
54950a1d4,45.52235460143231,-122.68928730916417,14,config_1
54950a1dc,45.521322696156076,-122.69250368199673,42,config_1
54950a1f,45.518843185730255,-122.69613199204339,10,config_1
54950a24,45.51388414278618,-122.70338749211464,34,config_1
54950a29,45.5126493674751,-122.71542656485822,20,config_1
54950a2b,45.510584018915466,-122.72185720979076,4,config_1
54950a2d,45.50686025431814,-122.71707165290962,17,config_1
54950a2f,45.508925070676625,-122.71064149901393,32,config_1
54950a34,45.50230672311948,-122.70668040952,26,config_1
54950a3c,45.50643401745888,-122.69382069700062,28,config_1
54950a44,45.49898402240959,-122.68425762579479,45,config_1
54950a4c,45.494858855424525,-122.69711537206462,15,config_1
54950a54,45.48741111833346,-122.68755405645454,19,config_1
54950a5c,45.49153415882895,-122.67469827710126,20,config_1
54950a64,45.4956557150549,-122.66184074677997,22,config_1
54950a6c,45.50310770481749,-122.67139812636321,47,config_1
54950a74,45.5072299018849,-122.65853687515086,50,config_1
54950a7c,45.49977578624879,-122.64898146687186,33,config_1
54950a84,45.49232180500166,-122.63942978103542,22,config_1
54950a8c,45.488203858815865,-122.65228708897698,29,config_1
54950a94,45.48075213728939,-122.6427371515567,27,config_1
54950a9c,45.4848679593325,-122.62988181624239,36,config_1
54950aa1,45.48030599015197,-122.61950954761846,4,config_1
54950aa3,45.478249246576105,-122.6259369109768,4,config_1
54950aa5,45.474522691861296,-122.62116547126857,39,config_1
54950aa7,45.47657890476478,-122.61473860158763,6,config_1
54950aac,45.469960679480025,-122.61079704419022,16,config_1
54950ab4,45.46584910312602,-122.62364843227435,9,config_1
54950abc,45.473300551663655,-122.63319093312164,17,config_1
54950ac4,45.46918536879303,-122.64604255213537,22,config_1
54950acc,45.46173604297698,-122.636498079532,15,config_1
54950ad4,45.457621499792246,-122.64934598458134,20,config_1
54950adc,45.46506870257775,-122.65889242675317,30,config_1
54950ae4,45.472516040721494,-122.66844258519313,13,config_1
54950aec,45.476634830832076,-122.65559074166744,20,config_1
54950af4,45.48408442790677,-122.66514264952407,4,config_1
54950afc,45.479963513036125,-122.67799646129548,21,config_1
54950b04,45.47584111496619,-122.69084852291117,15,config_1
54950b0c,45.47171723445979,-122.70369883299253,15,config_1
54950b14,45.46427401258699,-122.69414102697013,23,config_1
54950b1c,45.46839576771912,-122.68129268075363,18,config_1
54950b3,45.455168897984805,-122.67338880438462,44,config_1
54950b44,45.452709811473575,-122.69743157043465,12,config_1
54950b4c,45.44526897962544,-122.68787923268128,8,config_1
54950b54,45.44114851190218,-122.70072015510578,22,config_1
54950b5c,45.44858721949194,-122.71027445367893,21,config_1
54950b64,45.456026058984186,-122.71983246586251,13,config_1
54950b6c,45.460150776087644,-122.70698762246514,16,config_1
54950b74,45.46759187228028,-122.71654739016225,22,config_1
54950b7c,45.46346502919155,-122.72939419304437,17,config_1
54950b84,45.47090412892591,-122.73895963661242,18,config_1
54950b8c,45.47834335699827,-122.74852879795456,12,config_1
54950b94,45.48247445464783,-122.73567807811436,26,config_1
54950b9c,45.475033098863335,-122.72611087491549,19,config_1
54950ba4,45.479160587586776,-122.71326035673945,15,config_1
54950bac,45.48328659433154,-122.7004080834601,26,config_1
54950bb4,45.490732204626184,-122.70997136379313,19,config_1
54950bbc,45.48660407077897,-122.722825599602,16,config_1
54950bd,45.49983538528764,-122.73075207109514,32,config_1
54950be4,45.49735754906111,-122.75482364540684,15,config_1
54950bec,45.48991593844396,-122.74524900114832,20,config_1
54950bf4,45.48578271221884,-122.75810167845864,9,config_1
54950bfc,45.493222193397024,-122.76767827951254,7,config_1
54950c04,45.48908535637426,-122.78053114918154,13,config_1
54950c0c,45.48164800493802,-122.7709525935282,10,config_1
54950c14,45.47751181736887,-122.78380174498422,13,config_1
54950c1c,45.484947038760986,-122.79338225304127,20,config_1
54950c24,45.48080724132589,-122.8062315897206,16,config_1
54950c2c,45.47666596483821,-122.81907915784963,15,config_1
54950c34,45.46923500443767,-122.80949475157159,15,config_1
54950c3c,45.47337415027927,-122.79664913145535,10,config_1
54950c5,45.46015695439413,-122.78870398472259,49,config_1
54950c64,45.46264174847056,-122.76465188507258,15,config_1
54950c6c,45.47007672020853,-122.77422495612288,21,config_1
54950c74,45.474210778596316,-122.76137775774838,10,config_1
54950c7c,45.46677367853973,-122.75180664045584,20,config_1
54950c84,45.45933670595805,-122.74223924026428,14,config_1
54950c8c,45.45520690334473,-122.75508253044868,14,config_1
54950c94,45.44777218602001,-122.7455168908665,16,config_1
54950c9c,45.45189986204025,-122.73267555578747,25,config_1
54950ca4,45.444463147974474,-122.72311558563908,10,config_1
54950cac,45.437026564948056,-122.71355932843281,13,config_1
54950cb4,45.432903139525635,-122.72639675128849,21,config_1
54950cbc,45.44033759768454,-122.73595496494134,10,config_1
54950cd,45.43043084989338,-122.7504297087263,32,config_1
54950cf,45.44529364794069,-122.76955942004808,42,config_1
54950d1,45.43702730353145,-122.79523349304056,34,config_1
54950d3,45.4221730120319,-122.77609598486474,47,config_1
54950d5,45.413909273449335,-122.80175523008543,13,config_1
54950d7,45.42875505599909,-122.82090051761756,30,config_1
54950d84,45.43781913766316,-122.84168633228855,9,config_1
54950d8c,45.44524133317445,-122.85127107985012,13,config_1
54950d94,45.44938425534939,-122.83843447874759,20,config_1
54950d9c,45.4419599297192,-122.82885167179182,18,config_1
54950da4,45.446099246698076,-122.81601524385798,19,config_1
54950dac,45.45023708783082,-122.80317704985205,17,config_1
54950db4,45.45766567280388,-122.8127559690215,11,config_1
54950dbc,45.45352570214912,-122.82559610801643,15,config_1
54950dc4,45.46095227957486,-122.83518068726578,20,config_1
54950dcc,45.46509438061303,-122.82233860396416,13,config_1
54950dd4,45.47252321006773,-122.83192495605986,14,config_1
54950ddc,45.46837897778473,-122.8447689829842,11,config_1
54950df,45.458448095456596,-122.85923563118749,34,config_1
54950e1,45.47329533332874,-122.87842547923847,34,config_1
54950e3,45.48814303725107,-122.8976302028084,31,config_1
54950e5,45.496449389469376,-122.87193211545116,48,config_1
54950e7,45.481593149042915,-122.85273514932803,38,config_1
54950e84,45.484097046554645,-122.82866728334456,20,config_1
54950e8c,45.49152824839475,-122.83825912943779,15,config_1
54950e94,45.49567378876076,-122.8254076673322,11,config_1
54950e9c,45.48824045455046,-122.8158177678852,10,config_1
54950ea4,45.49238238319345,-122.8029664816787,17,config_1
54950eac,45.496522831713584,-122.79011342609468,18,config_1
54950eb4,45.50396042976378,-122.79969942565384,16,config_1
54950ebc,45.499817849474056,-122.81255443228109,12,config_1
54950ed,45.5130443496885,-122.82051459571605,41,config_1
54950ee4,45.510540815365616,-122.84459863560546,10,config_1
54950eec,45.50310724276376,-122.83500128944465,8,config_1
54950ef4,45.498959569165514,-122.84785469751071,24,config_1
54950efc,45.50639100767308,-122.85745398894467,9,config_1
54950f1,45.51961507384163,-122.86543099810802,39,config_1
54950f3,45.52791813314923,-122.83971089723283,47,config_1
54950f44,45.5369969668137,-122.86055006322894,13,config_1
54950f4c,45.54115021889194,-122.84768531165777,6,config_1
54950f54,45.54858852812444,-122.85729367620348,19,config_1
54950f5c,45.54443313910047,-122.87016037469765,16,config_1
54950f7,45.53448077939069,-122.88464999541395,36,config_1
54950f9,45.52616325092235,-122.91037073492822,47,config_1
54950fa4,45.51709867457768,-122.88952120611636,14,config_1
54950fac,45.50966914029734,-122.87991252212699,11,config_1
54950fb4,45.50551423886954,-122.89276625684927,11,config_1
54950fbc,45.51294163673688,-122.90237688032379,19,config_1
54950fc4,45.50878312037244,-122.91523076867891,20,config_1
54950fcc,45.50135785921425,-122.90561820792313,11,config_1
54950fd4,45.49720000210684,-122.91846837398515,14,config_1
54950fdc,45.50462312626053,-122.92808286981844,14,config_1
54950fe4,45.51204636112004,-122.93770109037267,17,config_1
54950fec,45.516208493097075,-122.92484705485393,12,config_1
54950ff4,45.5236339761911,-122.93446706782461,14,config_1
54950ffc,45.519469705488326,-122.94732303702261,20,config_1
54951004,45.51530395722672,-122.9601772132316,25,config_1
5495100c,45.51113673218516,-122.9730295950915,40,config_1
54951014,45.50371766614913,-122.96340378770249,22,config_1
5495101c,45.50788275187805,-122.95055333510895,30,config_1
54951024,45.500461655177865,-122.94093318238055,10,config_1
5495102c,45.493040668323204,-122.93131675367324,11,config_1
54951034,45.48887985863978,-122.94416334562663,7,config_1
5495103c,45.49629870790167,-122.9537817050047,23,config_1
5495105,45.48634368612734,-122.96824003901021,16,config_1
5495107,45.50117518586812,-122.98748998638912,17,config_1
549510c,45.48125185086533,-123.01639277495796,9,config_1
549511c,45.46825493246871,-122.92655394005118,20,config_1
5495124,45.438586056847406,-122.88815101819594,15,config_1
549512c,45.408919061327104,-122.84980749933209,47,config_1
549515,45.38223736110229,-122.99716688522332,17,config_1
549517,45.44140428964642,-123.07412642929737,5,config_1
549519,45.50057773123603,-123.15132365859832,38,config_1
54951a4,45.51089000086684,-123.05494551702208,48,config_1
54951a9,45.51600710921015,-123.0067548310417,32,config_1
54951aa4,45.518555904811926,-122.9826591285433,26,config_1
54951aac,45.52272527002606,-122.96980481812163,24,config_1
54951ab4,45.5301466890774,-122.97943615115214,32,config_1
54951abc,45.5259751828308,-122.99229238942932,34,config_1
54951ac4,45.53339456504234,-123.00192937912095,22,config_1
54951acc,45.53756821318127,-122.98907121369615,26,config_1
54951ad4,45.54498984113741,-122.9987100071267,27,config_1
54951adc,45.54081405024628,-123.01157009898964,5,config_1
54951af,45.53083944656461,-123.0260345839202,2,config_1
54951b4,45.55727207593876,-123.04212000090983,21,config_1
54951b9,45.552129866125384,-123.0903616334478,7,config_1
54951bb,45.537305314358875,-123.0710443606641,15,config_1
54951bd,45.52893254097105,-123.09675221491713,34,config_1
54951bf,45.54374850564708,-123.11607714057287,9,config_1
54951d,45.59339209373215,-123.1258501314257,25,config_1
54951f,45.55975707229058,-123.2287592665428,5,config_1
549524,45.47964111286609,-123.34406418751146,4,config_1
54952c,45.41194671598311,-123.54905400824097,1,config_1
549534,45.2945619330906,-123.39382007857569,9,config_1
549539,45.31550913640053,-123.20190719861274,26,config_1
54953d,45.4079500339652,-123.1766757169508,16,config_1
54953f,45.34891991350762,-123.09959449348479,36,config_1
549541,45.289896478625785,-123.02274989878718,37,config_1
549543,45.230880336214035,-122.9461412456282,23,config_1
549545,45.19774215278079,-123.04821173566067,2,config_1
549547,45.25662221656687,-123.12494167754282,32,config_1
5495484,45.24630112798496,-123.22075221314947,11,config_1
549548c,45.21691049285747,-123.18228334974356,25,config_1
5495494,45.20022089651649,-123.23327833469519,28,config_1
549549c,45.22957740439761,-123.2717770583735,12,config_1
54954b,45.18979572895907,-123.32898115053491,1,config_1
54954d,45.131188247804204,-123.25201195682281,16,config_1
54954f,45.1645113246225,-123.15016886523064,14,config_1
549554,45.05986072563618,-123.0861792162156,43,config_1
549559,45.08000500418455,-122.89545586564758,8,config_1
54955b,45.13886954856946,-122.97171669206686,18,config_1
54955d,45.17187208987556,-122.86976784658351,14,config_1
54955f,45.11287233991971,-122.79362901407235,29,config_1
549561,45.14564693329731,-122.69169168623147,10,config_1
549563,45.178328398892006,-122.58964457200892,11,config_1
549565,45.23759811023158,-122.66553612317172,8,config_1
549567,45.20478173997354,-122.76770742723947,27,config_1
549569,45.26392548095067,-122.84395807806548,26,config_1
54956b,45.32307755588039,-122.92044433274707,32,config_1
54956d,45.3561650532377,-122.81802566691583,48,config_1
54956e4,45.319930115210504,-122.73513248320721,5,config_1
54956ec,45.30346074001942,-122.78632346402566,15,config_1
54956f4,45.27383589555715,-122.74818562064019,12,config_1
54956f934,45.285124337281424,-122.692675857693,3,config_1
54956f9381,45.285357964182246,-122.69551572019677,33,config_1
54956f9383,45.28512628408379,-122.69521828640116,30,config_1
54956f95,45.28739140362131,-122.69784416968982,5,config_1
54956f9c,45.28040523662829,-122.71145326221156,2,config_1
5495704,45.30668343249283,-122.64583806582185,1,config_1
549570c,45.323071948018566,-122.5946228091077,17,config_1
5495711,45.34126526913977,-122.63596274193058,7,config_1
5495713,45.349466320256596,-122.61033644370772,22,config_1
5495715,45.36433433159007,-122.6293694209828,6,config_1
5495717,45.356124817739186,-122.65500356536384,21,config_1
549571c,45.33637600140975,-122.68391365268211,5,config_1
5495724,45.36607080860394,-122.72204833390226,19,config_1
549572c,45.395767778611,-122.76024219764706,49,config_1
5495734,45.41225795901906,-122.708933058862,47,config_1
549573c,45.38252704556062,-122.67077044688014,10,config_1
5495744,45.39895967699165,-122.6194647461854,37,config_1
5495749,45.41717079581982,-122.66089252517608,18,config_1
549574b,45.43204952680145,-122.67997689539705,26,config_1
549574d,45.4402811334534,-122.65429744695528,37,config_1
549574f,45.42539391702713,-122.63522093670451,10,config_1
5495751,45.43361111800288,-122.60954239617796,3,config_1
5495753,45.448506817410234,-122.62861102899812,42,config_1
54957544,45.450946622060364,-122.60457457775308,15,config_1
5495754c,45.458397792863025,-122.61410964761731,9,config_1
54957554,45.4625072476706,-122.60126023413292,17,config_1
5495755c,45.45505395618695,-122.59172713952273,15,config_1
5495757,45.441822392685935,-122.58385691463454,26,config_1
549575c,45.415368654422686,-122.56813131981727,22,config_1
549577,45.36249877516487,-122.53673942058207,32,config_1
54957c,45.25690974120018,-122.47419175284617,13,config_1
549584,45.32184354756758,-122.26931980053114,26,config_1
54958c,45.38639768122647,-122.06401918838041,10,config_1
549591,45.46022074407094,-122.22853176892954,10,config_1
549593,45.492603767538526,-122.12557943376629,1,config_1
5495944,45.52956514171209,-122.20802847922594,32,config_1
549594c,45.54578315875337,-122.15647645593711,21,config_1
5495954,45.57585240088682,-122.19431887476829,8,config_1
549595c,45.559600644506745,-122.24590354593907,42,config_1
5495964,45.54332483002652,-122.29746106779834,27,config_1
549596c,45.513323087897405,-122.25955349297597,4,config_1
5495974,45.49705704466098,-122.31105140649339,2,config_1
549597c,45.527025005001356,-122.34899134968357,46,config_1
5495981,45.52227045241828,-122.39712146703894,32,config_1
5495983,45.50729851914054,-122.37812451724697,21,config_1
5495985,45.499134871957764,-122.40386512701103,23,config_1
5495987,45.514098344999034,-122.42287011149416,25,config_1
5495989,45.505920260533024,-122.44861188651659,41,config_1
549598a4,45.503520037580124,-122.47267077906434,12,config_1
549598ac,45.49942545922304,-122.4855375026493,19,config_1
549598b4,45.49195309570976,-122.47602228366361,14,config_1
549598bc,45.49604555653364,-122.46315755718855,9,config_1
549598d,45.48278966017756,-122.45532577948279,19,config_1
549598f,45.49096525030632,-122.42959888482544,35,config_1
5495994,45.464453180043336,-122.41396557173343,23,config_1
549599c,45.48076705949738,-122.36252212942001,8,config_1
54959b,45.42774198470452,-122.33137635794274,7,config_1
54959d,45.395167868097275,-122.43411248023591,20,config_1
54959e3,45.43511565543577,-122.53912652925519,15,config_1
54959e5,45.443306590801704,-122.51343513387087,34,config_1
54959e7,45.42838663736108,-122.49441994060358,9,config_1
54959ec,45.44811545407697,-122.46538164374758,28,config_1
54959f1,45.466420598497436,-122.5067589346025,34,config_1
54959f3,45.47460810757162,-122.48104579979686,22,config_1
54959f5,45.48954618448583,-122.5000747834639,40,config_1
54959f7,45.481350204939176,-122.5257958830422,45,config_1
54959f9,45.47314827241479,-122.5515100684945,38,config_1
54959fb,45.458227138972696,-122.5324651727557,33,config_1
54959fd,45.45002773502382,-122.5581645031336,48,config_1
54959fe4,45.45915980638175,-122.57887796622035,15,config_1
54959fec,45.4632641718881,-122.5660270592307,11,config_1
54959ff4,45.47072170379936,-122.57555619677807,18,config_1
54959ffc,45.466615218235205,-122.58840908339162,15,config_1
5495a004,45.47407077128018,-122.5979439166628,18,config_1
5495a00c,45.481526464330955,-122.60748246743447,10,config_1
5495a014,45.485637192608955,-122.5946256235283,10,config_1
5495a01c,45.47817937776822,-122.58508905107651,14,config_1
5495a024,45.48228649818643,-122.57223244881723,22,config_1
5495a02c,45.48639213177764,-122.55937411127206,15,config_1
5495a034,45.49385418926108,-122.56890672051905,15,config_1
5495a03c,45.489746434504994,-122.58176704076084,11,config_1
5495a044,45.49720651137529,-122.5913053529129,17,config_1
5495a04c,45.50131638816299,-122.5784430506258,18,config_1
5495a054,45.50877872729601,-122.58798310299775,33,config_1
5495a05c,45.50466672760997,-122.60084738667729,24,config_1
5495a064,45.50055324015909,-122.61370992850095,20,config_1
5495a06c,45.49309514713504,-122.60416591553567,17,config_1
5495a074,45.488982296201,-122.61702473710733,18,config_1
5495a07c,45.49643826570295,-122.62657072708208,17,config_1
5495a084,45.50389437164862,-122.6361204387594,38,config_1
5495a08c,45.508011470492946,-122.62325766382638,41,config_1
5495a091,45.51257569888974,-122.63363713699698,12,config_1
5495a093,45.514634673413724,-122.6272045717362,32,config_1
5495a095,45.51836415615343,-122.63198098536998,20,config_1
5495a097,45.51630465024642,-122.63841404474579,13,config_1
5495a099,45.514244772460785,-122.64484666699029,21,config_1
5495a09b,45.51051635252593,-122.64006926540083,11,config_1
5495a09d,45.5084566344175,-122.64650095677467,17,config_1
5495a09f,45.512184522891765,-122.65127885193034,15,config_1
5495a0a1,45.51591244475375,-122.65605767825821,15,config_1
5495a0a3,45.5179732258916,-122.64962499983463,29,config_1
5495a0a5,45.52170171266954,-122.65440426410902,29,config_1
5495a0a7,45.51964039985463,-122.66083743593325,12,config_1
5495a0a84,45.5219209018962,-122.66603118247943,10,config_1
5495a0a8c,45.52295185067414,-122.6628145211139,9,config_1
5495a0a94,45.52481591949823,-122.66520503697652,4,config_1
5495a0a9c,45.523784837755606,-122.66842182162675,42,config_1
5495a0aa4,45.5256487818342,-122.67081269370418,49,config_1
5495a0aac,45.52751273411337,-122.67320379873351,13,config_1
5495a0ab4,45.52854408182595,-122.66998676754504,21,config_1
5495a0abc,45.52667999655504,-122.66759578577962,12,config_1
5495a0ad,45.52915878567122,-122.66396558764853,42,config_1
5495a0af,45.525430232645725,-122.6591844599886,11,config_1
5495a0b4,45.53038697345907,-122.65192321798682,50,config_1
5495a0b9,45.5258232226215,-122.64153660707323,18,config_1
5495a0bb,45.52376265362361,-122.64797065443133,12,config_1
5495a0bd,45.52003363520733,-122.64319188383216,15,config_1
5495a0bf,45.52209367260563,-122.63675833042389,14,config_1
5495a0c4,45.52704820061433,-122.62949583168344,29,config_1
5495a0cc,45.53450896241644,-122.63905276593624,18,config_1
5495a0d4,45.53862946236311,-122.62618056324808,27,config_1
5495a0dc,45.53116657419576,-122.6166256077601,18,config_1
5495a0e4,45.52370382150181,-122.6070743801594,30,config_1
5495a0ec,45.51958757341892,-122.61994262465865,34,config_1
5495a0f4,45.51212708202085,-122.61039314345791,28,config_1
5495a0fc,45.51624120547196,-122.59752687904047,39,config_1
5495a104,45.52035384008645,-122.58465887196186,24,config_1
5495a10c,45.524464985105055,-122.57178912361127,11,config_1
5495a114,45.53193184946043,-122.58133265798196,15,config_1
5495a11c,45.52781858043568,-122.59420439080418,23,config_1
5495a124,45.53528345831604,-122.60375363678442,13,config_1
5495a12c,45.54274847253687,-122.61330661130968,22,config_1
5495a134,45.54686599217604,-122.60043091150962,14,config_1
5495a13c,45.539398852214305,-122.59087992014518,8,config_1
5495a144,45.543512755130216,-122.5780044592325,5,config_1
5495a14c,45.55098202051948,-122.58755346523787,14,config_1
5495a154,45.55509655680661,-122.57467427388578,15,config_1
5495a15c,45.54762516630399,-122.56512725543793,17,config_1
5495a17,45.53436391533193,-122.55725105000776,40,config_1
5495a184,45.52521183321951,-122.53650857750051,12,config_1
5495a18c,45.51774100563192,-122.52697647261698,16,config_1
5495a194,45.51363708623125,-122.53984571966663,14,config_1
5495a19c,45.52110579217761,-122.54937981471043,10,config_1
5495a1b,45.51121115654193,-122.56391441095516,44,config_1
5495a1c4,45.50206523432426,-122.54318087316706,14,config_1
5495a1cc,45.497960456119806,-122.55604466419126,15,config_1
5495a1d4,45.49049627778521,-122.54651403982952,11,config_1
5495a1dc,45.49459893545305,-122.53365223587934,18,config_1
5495a1f,45.50448485107655,-122.5191186455293,50,config_1
5495a21,45.512683346494306,-122.49338266583429,48,config_1
5495a23,45.527631075101965,-122.51243344559578,45,config_1
5495a25,45.53583208222608,-122.48668256705689,27,config_1
5495a27,45.52087587433475,-122.46763977681408,18,config_1
5495a29,45.52906242857227,-122.4418899896502,21,config_1
5495a2b,45.537243003190035,-122.41613331554532,25,config_1
5495a2d,45.5522161619706,-122.43516007415587,12,config_1
5495a2f,45.54402711319216,-122.46092477284353,8,config_1
5495a34,45.570576881470984,-122.47661742208858,12,config_1
5495a39,45.565746242269526,-122.52481289273678,16,config_1
5495a3b,45.55078887470832,-122.5057402685845,44,config_1
5495a3d,45.542579381348546,-122.53149913149956,42,config_1
5495a3f,45.557528255722026,-122.55057973486005,39,config_1
5495a41,45.57247768869716,-122.56967526699196,16,config_1
5495a43,45.587427670735444,-122.58878573921046,38,config_1
5495a47,45.58070417538447,-122.54390045085415,4,config_1
5495a5c,45.613978284497584,-122.60458299807743,5,config_1
5495a64,45.597470783103056,-122.65615840444629,43,config_1
5495a69,45.57918669671908,-122.61456152692676,8,config_1
5495a6b,45.564245224294275,-122.59544310354131,34,config_1
5495a6c4,45.561800678956295,-122.61954408747728,15,config_1
5495a6cc,45.554333268154146,-122.60998563348404,18,config_1
5495a6d4,45.55021362190669,-122.62286331578713,21,config_1
5495a6dc,45.55767890523318,-122.63242375162395,47,config_1
5495a6e4,45.565144321323224,-122.6419879202273,17,config_1
5495a6ec,45.569268223389365,-122.62910627489802,16,config_1
5495a6f4,45.576735900259386,-122.63867219715515,11,config_1
5495a6fc,45.57260986898283,-122.65155582300437,15,config_1
5495a704,45.568482345924686,-122.66443769218401,12,config_1
5495a70c,45.56435333184982,-122.67731780330611,25,config_1
5495a714,45.556892043543996,-122.6677459461019,21,config_1
5495a71c,45.56101892778673,-122.65486781109131,49,config_1
5495a724,45.55355564035133,-122.64530166350814,20,config_1
5495a72c,45.54609248481241,-122.63573924802891,19,config_1
5495a734,45.54196985763377,-122.64861342882095,25,config_1
5495a73c,45.549430885073996,-122.65817782174152,31,config_1
5495a744,45.54530464016502,-122.67105222493718,31,config_1
5495a74c,45.537845741133786,-122.66148585677611,35,config_1
5495a751,45.53661599027414,-122.67353063900987,13,config_1
5495a753,45.532887371597035,-122.66874764726388,15,config_1
5495a755,45.53082446310151,-122.67518229879195,37,config_1
5495a757,45.534552549668604,-122.67996578360619,5,config_1
5495a75c,45.541176906388756,-122.68392487170955,33,config_1
5495a764,45.548633805998804,-122.69349694301738,10,config_1
5495a76c,45.552763669359635,-122.68062232387241,41,config_1
5495a774,45.56022282752369,-122.69019615498414,28,config_1
5495a77c,45.55609083371223,-122.70307274583286,8,config_1
5495a784,45.563547988334285,-122.71265228155674,8,config_1
5495a78c,45.57100526866935,-122.72223555158976,9,config_1
5495a794,45.57514152598018,-122.70935501934655,17,config_1
5495a79c,45.567682113462396,-122.69977371967474,23,config_1
5495a7a4,45.57181474879668,-122.68689339475809,14,config_1
5495a7ac,45.57594589357037,-122.67401130819182,44,config_1
5495a7b4,45.5834095695282,-122.68358866052034,14,config_1
5495a7bc,45.57927629318898,-122.69647272186177,23,config_1
5495a7d,45.592537270241095,-122.70440542962204,37,config_1
5495a7e4,45.59006072596642,-122.72852882924323,8,config_1
5495a7ec,45.582601063880595,-122.71894005540192,11,config_1
5495a7f4,45.57846267352104,-122.73182255733268,24,config_1
5495a7fc,45.58592020169209,-122.74141330018618,19,config_1
5495a804,45.59337785198446,-122.75100778155107,34,config_1
5495a80c,45.59752051103957,-122.73812134227282,12,config_1
5495a814,45.60498041790117,-122.74771759589308,4,config_1
5495a81c,45.60083562319926,-122.76060600282807,12,config_1
5495a83,45.61409669044998,-122.76856489383306,19,config_1
5495a85,45.62238970626657,-122.74277862507626,1,config_1
5495a87,45.607463243277586,-122.7235845427332,5,config_1
5495a8c,45.627348331200444,-122.6944929205715,7,config_1
5495a94,45.65722786151651,-122.73288736852722,1,config_1
5495a9c,45.64062812192116,-122.78449776900946,32,config_1
5495ab,45.69372812853475,-122.81642402428908,17,config_1
5495ad,45.72698245783537,-122.71305142312553,1,config_1
5495bc,45.62652357665749,-122.36667527155068,28,config_1
5495e1,45.68180777174847,-121.78777365240131,7,config_1
5495e3,45.62117100956638,-121.71270722930043,3,config_1
5495e5,45.589174670316346,-121.81608323695424,9,config_1
5495e64,45.626511045142784,-121.89831439412573,24,config_1
5495e6c,45.64258385525078,-121.84660223690909,1,config_1
5495e74,45.672855074158505,-121.88424583168893,17,config_1
5495e7c,45.656748656946114,-121.93599147598354,14,config_1
5495e9,45.61744946141014,-121.99468904094734,48,config_1
5495ea4,45.60828354984459,-122.09106844882592,6,config_1
5495eac,45.592080051755204,-122.14270714528533,28,config_1
5495eb04,45.579336617334896,-122.09971547839758,28,config_1
5495eb1b,45.57441961749937,-122.10703064241561,5,config_1
5495eb1d,45.578183233970904,-122.11175514241003,23,config_1
5495eb1e1,45.57832939747082,-122.1175592799678,16,config_1
5495eb1e3,45.57782327460527,-122.11917211783522,47,config_1
5495eb1e5,45.57688247745067,-122.11799070552861,8,config_1
5495eb1e64,45.57702684209295,-122.11648576571882,23,config_1
5495eb1e6c,45.57749725232896,-122.11707644525613,28,config_1
5495eb1e74,45.57775029552421,-122.11627003179733,9,config_1
5495eb1e7c,45.57727987706018,-122.11567936028605,7,config_1
5495eb1ec,45.57572431008701,-122.11541232087541,22,config_1
5495eb1f4,45.57471218176078,-122.11863778360411,1,config_1
5495eb1fc,45.576593671863,-122.12100058788837,4,config_1
5495eb3,45.56545424106972,-122.12724363215422,12,config_1
5495ebc,45.578146893827764,-122.05329174519309,47,config_1
5495ed,45.52489067872995,-122.02252007835348,10,config_1
5495f4,45.450569151686715,-121.85829568653263,24,config_1
5495f9,45.46820832341885,-121.66639659969965,35,config_1
5495fd,45.56054748442948,-121.63787984137518,32,config_1
5495fe4,45.523014387132335,-121.5561147957429,15,config_1
5495fec,45.50715730996804,-121.60771023644159,29,config_1
5495ff4,45.476872641372864,-121.57045814575052,19,config_1
549604,45.57775232516994,-121.44560351326663,35,config_1
549609,45.65306975429581,-121.60922715803356,6,config_1
54960b,45.71384044270054,-121.68415781468778,18,config_1
54960d,45.74577496620545,-121.580437549104,20,config_1
54960e4,45.708038532170804,-121.49839922409828,39,config_1
54960ec,45.69214600751425,-121.55023380579149,14,config_1
54960f4,45.66171396342792,-121.51287969391869,24,config_1
549614,45.76293777373835,-121.38733978503286,14,config_1
549619,45.68702051935048,-121.223893541159,11,config_1
54961b,45.655549631313285,-121.327541899039,26,config_1
54961d,45.5945414574066,-121.25336500939484,5,config_1
54961f,45.6258799067386,-121.14985626705264,23,config_1
54963,45.796006299705105,-121.00126883087775,5,config_1
5499,46.725238590638696,-119.54524524241785,6,config_1
549e4,47.5730748192771,-117.67448875400636,13,config_1
549f84,46.759975770650236,-117.2380976278868,4,config_1
549f884,46.744619994861814,-117.05381392827749,22,config_1
549f894,46.791271911138296,-117.0342335357465,1,config_1
549f89c,46.75820617466205,-117.00044784437888,46,config_1
549f8b,46.795088379594425,-116.93721939805538,16,config_1
549f8d,46.86132861053758,-117.00477460659363,21,config_1
549f94,46.947040748508314,-117.16020596583411,26,config_1
549fc4,47.13477871485241,-117.0815582202597,22,config_1
549fcc,47.267965314591365,-117.21856620724007,47,config_1
549fd4,47.32318694444472,-117.00214314372323,3,config_1
549ff,46.96230303125335,-116.77064563892745,39,config_1
53601,47.06939810966745,-116.3410321714608,1,config_1
53603,47.337942790207336,-116.60931641794492,10,config_1
53604c,47.4861226062439,-116.35127984949823,24,config_1
536054,47.539518544562405,-116.13382063547691,48,config_1
53605c,47.40389059397425,-116.00063084606681,5,config_1
53608c,47.320394477640626,-115.65230265387815,8,config_1
536093,47.39314048728319,-115.52268554888646,33,config_1
536095,47.418845928240486,-115.41436608682312,15,config_1
536097,47.35061602924288,-115.34939814171975,46,config_1
5360a24,47.28439410591532,-115.1875938450626,3,config_1
5360a29,47.306819708415965,-115.2252591606768,15,config_1
5360a2b,47.32388231314715,-115.24139418473038,21,config_1
5360a2f,47.313155442649006,-115.198257525994,18,config_1
5360a5,47.33302751722126,-115.06868552521401,2,config_1
5360a7,47.26464996884546,-115.00460287498171,7,config_1
5360b4,47.47358472680877,-115.00268905937983,1,config_1
5360bc,47.42298069392051,-115.21942735667665,5,config_1
5360d,47.65409551451384,-115.30556765376139,6,config_1
5360e4,47.644925898324104,-115.69819356350656,3,config_1
5360ec,47.508341076191286,-115.56659090224979,14,config_1
5360f1,47.50342995415923,-115.7624179381251,17,config_1
5360f24,47.45887307064165,-115.68587981564077,31,config_1
5360f2c,47.42483079681051,-115.65303839545705,37,config_1
5360f3c,47.445860299964075,-115.74012413210993,10,config_1
5360f7,47.477257585122416,-115.87102769754931,44,config_1
53611,47.82355493647478,-116.00704769208299,2,config_1
5361409,48.038919326583596,-115.86104482477823,20,config_1
536140b,48.04555225958282,-115.8335056125139,17,config_1
536140f,48.05610084949208,-115.87780269627413,15,config_1
536141c,48.07188567760684,-115.94431859372075,29,config_1
536143,48.13010574440461,-115.9672121056032,6,config_1
536145,48.156774943986626,-115.85676025243849,39,config_1
5361464,48.11175259485252,-115.77887024442833,35,config_1
536146c,48.09849328224364,-115.83403461339019,5,config_1
5361474,48.064087732220266,-115.80055091267015,13,config_1
536147c,48.0773167549995,-115.74543762194477,3,config_1
536151,48.252343041052924,-115.81334017509137,34,config_1
536155,48.34807137994879,-115.76970343698264,20,config_1
536157,48.32139722850911,-115.88068699297001,13,config_1
53615c,48.24672134926885,-116.01318804502141,25,config_1
5361624,48.23745617856474,-116.31338901445179,40,config_1
536163d,48.21512124443717,-116.27395651993801,27,config_1
536163f,48.19796676770264,-116.25691911018276,28,config_1
536165,48.144939963059606,-116.25583699349065,21,config_1
5361664,48.148064653794975,-116.15598273172351,35,config_1
536166c,48.18238383995328,-116.18992371330842,27,config_1
536168c,48.113754169670734,-116.12210554953344,43,config_1
5361694,48.079452463543305,-116.08829202479588,21,config_1
536169c,48.09286082978477,-116.03313740450642,20,config_1
53617c,48.138357843237245,-116.45571037033278,23,config_1
536181,48.13133116256656,-116.6557976341015,28,config_1
536183,48.063140300729145,-116.58703753804933,34,config_1
536185,48.035637373929696,-116.69730409921439,37,config_1
536194,47.89240417108123,-116.75917809777748,13,config_1
53619c,47.94727199482624,-116.53937058907967,13,config_1
5361ac,47.675294568700586,-116.26800136853481,1,config_1
5361b3,47.60105982241437,-116.39792039443721,5,config_1
5361b5,47.5740640692742,-116.5068803957278,40,config_1
5361b7,47.6416826716751,-116.57470826640315,27,config_1
5361bc,47.756840737102905,-116.62220561221308,2,config_1
5361c1,47.74954118582011,-116.82059389389994,14,config_1
5361c24,47.745726735510644,-116.91986322016423,8,config_1
5361c2c,47.73188365900274,-116.9745741524424,6,config_1
5361c34,47.698171871622705,-116.94012874584686,8,config_1
5361c3c,47.711983793619574,-116.88546579911922,35,config_1
5361c5,47.65450554551602,-116.8612857451306,12,config_1
5361c61,47.646379516555655,-116.76737513269396,3,config_1
5361c63,47.65322890585133,-116.7400849997873,7,config_1
5361c65,47.670109527244726,-116.75717476256344,20,config_1
5361c67,47.66325240412423,-116.78447693799207,36,config_1
5361c69,47.68012736120457,-116.80159448195208,25,config_1
5361c6b,47.69700437839854,-116.8187277814679,6,config_1
5361c6d,47.70387699235485,-116.79140151696505,14,config_1
5361c6f,47.68699222587727,-116.77428026265162,13,config_1
5361c7c,47.671935296168975,-116.70767584200726,5,config_1
5361cc,47.56706734547123,-116.7042277600736,41,config_1
5361d4,47.512262593392066,-116.92194926719601,2,config_1
5361dc,47.64670175834785,-117.05945147472666,15,config_1
5361f,47.87668118067037,-117.1578210265445,9,config_1
53624,48.33937164704846,-117.35782102077606,7,config_1
536384,48.85421534836872,-116.33777324977335,1,config_1
536389,48.76386564582282,-116.17796203685943,21,config_1
53638b,48.69448183382085,-116.10926828533582,2,config_1
53638f,48.7364498846037,-116.29018746217021,48,config_1
536394,48.66055768945294,-116.42375963825607,8,config_1
5363b,48.64592688075106,-116.8293512662635,9,config_1
5363c1,48.51573690275921,-116.48768055063717,15,config_1
5363c3,48.44691753702256,-116.41868800353038,11,config_1
5363c5,48.41939176099038,-116.53002670188567,29,config_1
5363cc,48.41212662452567,-116.73162069331559,6,config_1
5363d04,48.347239306310875,-116.56164688699653,11,config_1
5363d0c,48.312963101156924,-116.52716887649046,31,config_1
5363d14,48.29918844291552,-116.58266099531299,21,config_1
5363d1c,48.333433362473954,-116.61718912791616,5,config_1
5363d5,48.227188446331695,-116.61408363715809,31,config_1
5363d64,48.23072264871854,-116.51379873452075,21,config_1
5363d69,48.252954969420436,-116.55344653530207,12,config_1
5363d6d,48.27695059788664,-116.54294533707363,41,config_1
5363d6f,48.25983024221981,-116.52573603890293,12,config_1
5363d8c,48.27177005242182,-116.34757275782698,36,config_1
5363d94,48.306092258986794,-116.38182088738797,49,config_1
5363da4,48.32670787031246,-116.4716596825833,20,config_1
5363dac,48.361015315522145,-116.50608742596839,2,config_1
5363dbc,48.34042272086662,-116.41613354620563,32,config_1
5363ec,48.52247958088836,-116.28586382456969,2,config_1
5363f4,48.57693122717806,-116.06257996298523,5,config_1
5363f9,48.48653134579997,-115.90475330802141,8,config_1
5363fe4,48.39329699441113,-115.84801703556182,22,config_1
5363fec,48.42789672762186,-115.88180529801627,9,config_1
5363ff4,48.441280155799575,-115.82616891961393,29,config_1
5363ffc,48.406649822139734,-115.79243246431352,14,config_1
536401,48.4439595024172,-115.72584839302615,32,config_1
536403,48.47051463967787,-115.61453677894683,20,config_1
53643,48.69358213800496,-115.21243830891672,1,config_1
53645,48.97417905579433,-115.48066834222587,4,config_1
5364c,49.34115165982926,-116.11893065265598,1,config_1
5365c,48.989805593632624,-114.67093743067078,49,config_1
536604,48.710517776289166,-114.01051040502473,5,config_1
53660c,48.66093156446786,-114.23382855713369,10,config_1
536611,48.567162814061945,-114.08209565973404,4,config_1
536615,48.47178393263968,-114.12952383404664,2,config_1
5366164,48.47259144594552,-114.03034814555966,19,config_1
5366174,48.52023933547585,-114.00656124536545,34,config_1
536617c,48.48486008127689,-113.9748344637204,21,config_1
536619,48.52091578293788,-113.90735875416229,42,config_1
53661b,48.59178279603048,-113.97077023483786,35,config_1
53661c4,48.5924252052166,-113.87141451005598,15,config_1
53661cc,48.627912975973516,-113.90309890664213,34,config_1
53661d4,48.64014569391742,-113.84737732146057,38,config_1
536624,48.42682218495688,-113.75730726660761,10,config_1
53662c,48.28525127148754,-113.63219027302878,34,config_1
5366394,48.354394371238676,-113.99071201518305,46,config_1
536639c,48.319117692968426,-113.95912260704718,17,config_1
53663d,48.42570333803289,-113.95507737108615,9,config_1
53663e4,48.42498183137154,-114.05407628384033,19,config_1
53663ec,48.389682441204094,-114.02236319119733,45,config_1
53663f4,48.37741055484478,-114.07774587918529,33,config_1
536640c,48.3651084702226,-114.13311816255604,27,config_1
5366414,48.352776206332294,-114.1884799029285,24,config_1
536641c,48.38798941550562,-114.2203576748853,7,config_1
536643,48.35180486232695,-114.28747450970532,9,config_1
536645,48.28148707919276,-114.22367930461249,12,config_1
536647,48.30612566063615,-114.11314098059643,18,config_1
53664c,48.18834261462575,-114.07334956975846,42,config_1
5366504,48.210284837418826,-114.25874891660908,36,config_1
536650c,48.19791863751175,-114.31390459299257,46,config_1
5366514,48.16286504707842,-114.28205690934153,11,config_1
536653,48.11645659709142,-114.20689188371308,22,config_1
536655,48.09180806787498,-114.31691180715701,1,config_1
536657,48.16180665605284,-114.38064572462841,33,config_1
53665c,48.2793706065498,-114.42143559895219,12,config_1
53667,48.51522327835127,-114.50368763983607,50,config_1
5366a4,48.4056785575086,-115.34755793167717,1,config_1
5366a94,48.377111234050226,-115.55862006791662,43,config_1
5366a9c,48.41181470733117,-115.59207214185932,23,config_1
5366ad,48.30532785651368,-115.59172684015368,10,config_1
5366b24,48.25994591123201,-115.5140151966723,23,config_1
5366b3c,48.22531017477689,-115.48076550843656,37,config_1
5366b5,48.166845331875976,-115.45862375890401,44,config_1
5366c4,48.12759293472177,-115.08394640444803,41,config_1
5366cb,48.097661491029655,-115.39245124975675,49,config_1
5366cd,48.028516722943635,-115.32652989403861,45,config_1
5366cf,48.05434991141578,-115.21646831384504,34,config_1
5366db,48.01072254707397,-115.0410991642945,41,config_1
5366dd,48.03620041391161,-114.93114333574445,34,config_1
5366e1,47.992024749777286,-114.75655163734658,14,config_1
5366e3,48.01714863339299,-114.64670981821577,6,config_1
5366e5,48.086800048406204,-114.7110847544321,44,config_1
5366e7,48.06155963993043,-114.8211381746402,16,config_1
5366f9,48.13692372406188,-114.49083744753669,40,config_1
5366fb,48.111921466258764,-114.60098415198685,16,config_1
5366ff,48.067040457314064,-114.42688882529112,1,config_1
536704,47.94995658393444,-114.38623868345482,18,config_1
536709,47.85765852467254,-114.23651437699739,2,config_1
53670b,47.78795570886,-114.17354286711026,46,config_1
53670d,47.76352718072852,-114.28262398103989,4,config_1
53670f,47.8331162272265,-114.34580804600702,6,config_1
53675,47.47966380379973,-114.6137059184163,5,config_1
536764,47.48406329879816,-114.22581414508355,4,config_1
536771,47.62448770000552,-114.15697983524208,9,config_1
536773,47.693984154943486,-114.21968162095757,21,config_1
536775,47.718299399319484,-114.1108127739111,27,config_1
536777,47.64869014480142,-114.04832296365286,5,config_1
53677c,47.53236308508113,-114.00921067697634,14,config_1
536781,47.53347756241397,-113.81578980606932,1,config_1
536785,47.626960288822204,-113.76907189315493,41,config_1
536786c,47.56872093304005,-113.74995225430044,20,config_1
5367874,47.53387913933098,-113.71919123383506,36,config_1
536794,47.76747458865636,-113.69857192964535,12,config_1
536799,47.76657901768659,-113.89295922413343,8,config_1
53679b,47.69674537138249,-113.83089628916001,42,config_1
53679f,47.74249773566665,-114.00190495438922,1,config_1
5367a4,47.859308985380174,-114.04114182389593,8,config_1
5367ac,47.999147641198796,-114.16692796400577,49,config_1
5367b1,48.00066765051444,-113.9709614885147,9,config_1
5367b24,48.04717969119743,-114.04549947132861,12,config_1
5367b2c,48.082245092434,-114.07699362802866,24,config_1
5367b34,48.09443720115171,-114.02203386163325,19,config_1
5367b3c,48.05934340842058,-113.99059390524782,36,config_1
5367b5,48.09509991823783,-113.92388882002416,35,config_1
5367bb,47.930578539990876,-113.90839194411612,9,config_1
5367bd,47.860536841084496,-113.84606404671952,42,config_1
53684,48.04784377424642,-112.77697758216684,21,config_1
536884,48.33298472285793,-113.41138846834842,23,config_1
53688cc,48.41564938967348,-113.122885030126,1,config_1
53688d4,48.45129551689653,-113.15357010652598,13,config_1
53688dc,48.43953168299197,-113.20891370681524,40,config_1
53688f,48.4040392256951,-113.27649312607903,26,config_1
536891,48.475217318873575,-113.3382678340789,26,config_1
536893,48.498888975154955,-113.2274271827758,12,config_1
536895,48.57022727633786,-113.28922014614221,23,config_1
536897,48.546443939692175,-113.40028731281993,2,config_1
53689c,48.475005570331774,-113.53561287066832,19,config_1
5368a3,48.59370081190887,-113.57381093349562,3,config_1
5368a4c,48.65314021183607,-113.5929883767408,15,config_1
5368a54,48.688770470025226,-113.6243916682006,32,config_1
5368a5c,48.67666022574301,-113.68015269531448,34,config_1
5368a7,48.64065638209922,-113.74799619247796,42,config_1
5368a84,48.68790413907846,-113.82328038513909,39,config_1
5368a8c,48.700104215057365,-113.76748253123527,38,config_1
5368a94,48.735700475010255,-113.79912347668518,31,config_1
5368ab,48.78298402413562,-113.87467303738622,8,config_1
5368ad,48.80746587911675,-113.76277517265882,26,config_1
5368ae4,48.76006564663386,-113.68738514639256,7,config_1
5368aec,48.747898437268574,-113.74325926523564,39,config_1
5368af1,48.724218081271815,-113.70560801649441,14,config_1
5368af3,48.718137492579274,-113.73352141946316,28,config_1
5368af44,48.70630225909808,-113.71470671518232,6,config_1
5368af4c,48.703262719731306,-113.728657510394,6,config_1
5368af51,48.69734633967411,-113.71925288565625,34,config_1
5368af53,48.695826758858,-113.72622680767248,8,config_1
5368af55,48.69137646467489,-113.72228248962399,7,config_1
5368af57,48.69289560007511,-113.71530944910808,7,config_1
5368af5c,48.697399086010314,-113.70682053738318,7,config_1
5368af7,48.706404959876025,-113.68983844813233,8,config_1
5368afc,48.72441230570829,-113.65585720708363,7,config_1
5368b21,48.79593441651311,-113.66912823290127,44,config_1
5368b23,48.802005622722156,-113.64116257361803,6,config_1
5368b27,48.81378035861014,-113.68491786363596,1,config_1
5368b2c,48.84360009706125,-113.69463142691772,7,config_1
5368b3c,48.82002949829298,-113.60708463489912,3,config_1
5368b5,48.85605933401269,-113.53886020462556,5,config_1
5368b7,48.78453063347595,-113.47607751330723,17,config_1
5368b9,48.713048674171986,-113.41354409160134,41,config_1
5368ba4,48.71289895543221,-113.51284123760689,38,config_1
5368bac,48.70085005224769,-113.56862113492942,34,config_1
5368bb4,48.665191458337375,-113.53727445103031,5,config_1
5368bbc,48.67721208010555,-113.48155128942177,1,config_1
5368bd,48.61771852465392,-113.46255276986314,1,config_1
5368bf,48.64161403148998,-113.35125871020159,4,config_1
5368d,48.80840711861771,-113.16553571395352,7,config_1
5368f,48.52174746870863,-112.9196648690491,40,config_1
53694,48.80360690151697,-112.37390554918998,1,config_1
5369c,48.22674871414353,-111.90100617582074,5,config_1
536b,48.7736824893287,-110.80828328460862,10,config_1
536f,49.57777376810437,-113.56950624422853,35,config_1
531,51.3786418539575,-107.54900222906777,3,config_1
86341,33.19770827767789,-93.90626879090993,26,config_1
86343,33.18704707213244,-94.23333545857355,4,config_1
8634404,33.393602630409404,-94.08999112822922,31,config_1
8634414,33.437032889955624,-94.1309066653986,5,config_1
863441c,33.43838494663327,-94.08999112822922,20,config_1
863443,33.50484432519186,-94.11044489168597,4,config_1
863447,33.41259010055355,-94.19233998264178,1,config_1
86344c,33.45314890451371,-94.31542200759878,5,config_1
86347,33.55616395172208,-93.90626879090993,35,config_1
86354,34.06252900916841,-94.72775278355441,30,config_1
86359,33.521179238527,-94.8935627223328,4,config_1
8635b,33.53378885613551,-94.56244259389422,9,config_1
8635d,33.175453230919686,-94.56244259389422,10,config_1
8635f,33.16291136307733,-94.8935627223328,31,config_1
86363,32.442475869508606,-94.8935627223328,43,config_1
86365,32.45487557178754,-94.56244259389422,24,config_1
86367,32.815804645487695,-94.56244259389422,23,config_1
86369,32.82733386603746,-94.23333545857355,26,config_1
8636d,32.47687868564101,-93.90626879090993,7,config_1
8636f,32.46633811435225,-94.23333545857355,22,config_1
86374,31.92784856604255,-94.0695453815523,7,config_1
86378c,31.6353070672327,-94.64503499936119,48,config_1
863794,31.817289611432585,-94.64503499936119,10,config_1
8637b,32.09269930239203,-94.56244259389422,2,config_1
8637d,32.08037402246436,-94.8935627223328,6,config_1
8637f,31.717061312792584,-94.8935627223328,7,config_1
86384,31.17607867822554,-94.72775278355441,35,config_1
8638c,30.442537644415054,-94.72775278355441,25,config_1
86391,30.643314584396958,-94.23333545857355,2,config_1
86393,30.275350761502725,-94.23333545857355,20,config_1
86395,30.28548396449169,-93.90626879090993,10,config_1
86397,30.653520412146047,-93.90626879090993,28,config_1
8639c,31.198508269802126,-94.0695453815523,22,config_1
863b,30.858922248180154,-93.09770198132622,6,config_1
863e9,29.54634575568756,-93.90626879090993,3,config_1
863eb,29.9164128279998,-93.90626879090993,29,config_1
863ed,29.90635413287983,-94.23333545857355,29,config_1
863ef,29.5363634451734,-94.23333545857355,4,config_1
863f1,29.525508409212723,-94.56244259389422,43,config_1
863f3,29.895415982648124,-94.56244259389422,10,config_1
863f44,29.7942576896911,-94.81059550583717,25,config_1
863f4c,29.97893352289514,-94.81059550583717,1,config_1
863f5c,29.78812734547192,-94.97665398592595,26,config_1
863f61,29.64791322575638,-95.01824599477534,9,config_1
863f624,29.577753224826413,-95.03905356873504,10,config_1
863f62c,29.531485930291222,-95.03905356873504,44,config_1
863f634,29.533052833964287,-94.99744613147865,38,config_1
863f63c,29.579321643141867,-94.99744613147865,1,config_1
863f74,29.424175483890433,-94.81059550583717,39,config_1
863f7c,29.418092142257347,-94.97665398592595,31,config_1
863f84,29.23271960704705,-94.97665398592595,34,config_1
863f9c3,29.273186109139864,-94.82095960876008,33,config_1
863f9c5,29.272438617705138,-94.84169364680177,19,config_1
863f9cc,29.259719112397523,-94.87280927127271,20,config_1
863f9d4,29.306080561057872,-94.87280927127271,6,config_1
863f9dc,29.30758364527136,-94.83132565603871,12,config_1
863f9e1,29.320290530975942,-94.80023334814048,36,config_1
863f9e3,29.321031778200023,-94.77951487190384,16,config_1
863f9e5,29.29785301348154,-94.77951487190384,42,config_1
863f9e64,29.291502490214707,-94.79505299902378,11,config_1
863f9e6c,29.303092641865334,-94.79505299902378,49,config_1
863f9e74,29.302721283498204,-94.80541418378117,3,config_1
863f9e7c,29.29113122356444,-94.80541418378117,5,config_1
863f9ec,29.26270834631825,-94.78987313653973,17,config_1
863f9fc,29.310547911515194,-94.74845176846277,28,config_1
8661,27.570588562992125,-99.90181306343518,20,config_1
86644,26.522473966337596,-98.83627550306029,5,config_1
86654,25.813594468343734,-98.13385582671398,48,config_1
8665a4,26.278103261133083,-98.22129789306325,48,config_1
8665ac,26.267947586981595,-98.39649382124541,31,config_1
8667,27.664827355762355,-98.48424653420417,33,config_1
86681,28.274346959657226,-97.61142171393448,13,config_1
86683,28.293203706659533,-97.26528581122331,1,config_1
866844,28.009336592821512,-97.35165580142355,1,config_1
86684c,28.018462417257968,-97.17902604633225,7,config_1
866854,27.83201591145254,-97.17902604633225,26,config_1
86685b,27.871846173874072,-97.3084570618028,3,config_1
86685d,27.867238321594858,-97.39488196255758,6,config_1
86685e4,27.796149117447527,-97.41650530503672,23,config_1
86685e9,27.809543816321444,-97.38407285520739,38,config_1
86685ef,27.786229150140475,-97.38407285520739,31,config_1
86685f4,27.751828380956283,-97.37326545852945,4,config_1
86685fc,27.74951586583317,-97.41650530503672,14,config_1
86687,27.902046902642613,-97.61142171393448,31,config_1
86689,27.52898436210236,-97.61142171393448,12,config_1
8668b,27.155201945312953,-97.61142171393448,1,config_1
8668d,27.173557984663677,-97.26528581122331,4,config_1
8668e4,27.45856102826591,-97.17902604633225,1,config_1
8668ec,27.449557103282782,-97.35165580142355,32,config_1
8668f1,27.59193879007573,-97.3084570618028,2,config_1
8668f5,27.680700346318442,-97.39488196255758,39,config_1
8668f7,27.685287662842132,-97.3084570618028,32,config_1
8668fc,27.64538033825934,-97.17902604633225,41,config_1
8669ab,27.79202459852618,-97.04984424386326,45,config_1
8669ad,27.885310336497714,-97.04984424386326,20,config_1
8669b4,28.027348450183613,-97.00683933476365,30,config_1
8669d,28.311091981760725,-96.92091345144947,30,config_1
8669f,28.328023737649694,-96.57833866136845,23,config_1
866b,27.80631194500799,-95.7299821027788,1,config_1
866f4,26.60243699059419,-97.43813547748366,9,config_1
866f9,26.02997022777748,-97.61142171393448,20,config_1
866fa4,26.13743188325994,-97.35165580142355,3,config_1
866fa9,26.19098084894281,-97.22214211701957,4,config_1
866fab,26.195281442356226,-97.13593766610796,4,config_1
866fac1,26.13492118625544,-97.16825135268444,27,config_1
866fac3,26.111415667770782,-97.16825135268444,47,config_1
866fadc,26.076687861178826,-97.15747839073565,34,config_1
866faf,26.09697434782094,-97.22214211701957,3,config_1
866fb4,25.958043723399193,-97.17902604633225,2,config_1
866fbc,25.949383305439152,-97.35165580142355,4,config_1
866fd,25.67138624225083,-97.26528581122331,3,config_1
54c004,44.876672870898346,-123.13638658468328,49,config_1
54c00c,44.75993901131253,-122.98441784854745,42,config_1
54c014,44.69423326686318,-123.18612488324155,28,config_1
54c01c,44.810428677874434,-123.33856408610643,3,config_1
54c02c,44.67686357388493,-123.74155546278608,2,config_1
54c034,44.561748185885094,-123.58820109357882,22,config_1
54c03c,44.62816861653254,-123.38738770042623,35,config_1
54c0404,44.580588822144165,-123.21697611922338,6,config_1
54c0409,44.57548268623377,-123.26412881710226,26,config_1
54c040a4,44.572920263293675,-123.2877047217222,1,config_1
54c040ac,44.5687993036135,-123.30025612611803,2,config_1
54c040b4,44.56157174849802,-123.29076142180666,11,config_1
54c040b9,44.56285376558482,-123.27897660042657,9,config_1
54c040bb,44.56646829668128,-123.28372238687504,5,config_1
54c040bd,44.56852764374362,-123.27744692656204,10,config_1
54c040bf,44.564912589017204,-123.27270159088478,29,config_1
54c040d,44.5527886918477,-123.27025280651098,24,config_1
54c040f,44.56101736251764,-123.2451555474415,25,config_1
54c0414,44.53521300396549,-123.22926641002796,33,config_1
54c045,44.46723712191259,-123.2476483781749,3,config_1
54c047,44.524974931464904,-123.32347173379529,21,config_1
54c04c,44.44665935280053,-123.43575796387397,25,config_1
54c054,44.3316017155305,-123.28422109042361,20,config_1
54c05c,44.3969513015164,-123.08432313881148,23,config_1
54c064,44.46194719118777,-122.88399265056638,9,config_1
54c069,44.53272110467921,-123.04707618036255,8,config_1
54c06b,44.59072623705312,-123.12266750219565,18,config_1
54c06d,44.62346808403898,-123.0221003794536,43,config_1
54c074,44.64324195883134,-122.8333690337179,11,config_1
54c07c,44.52658635807166,-122.68323485952999,10,config_1
54c09,44.319811141654064,-122.55980800458357,32,config_1
54c0b,44.08732541386454,-122.26447724367158,13,config_1
54c0c4,44.050430442035115,-122.6364939516255,1,config_1
54c0d4,43.87177419155138,-122.68703626311985,8,config_1
54c0dc,43.986661637382056,-122.8349980726914,44,config_1
54c0e04,44.034365810604875,-123.00236508428746,39,config_1
54c0e0c,44.05045509335438,-122.9527442019384,2,config_1
54c0e14,44.079175812977155,-122.99002619591724,6,config_1
54c0e19,44.07426073131558,-123.0366004978038,18,config_1
54c0e1b,44.059911981696494,-123.01793480474825,9,config_1
54c0e1d,44.05184960436576,-123.04274945964467,22,config_1
54c0e1e4,44.060586959165676,-123.06295678447125,36,config_1
54c0e1ec,44.064622584574366,-123.05054841675191,8,config_1
54c0e1f4,44.07179405048843,-123.0598874296447,5,config_1
54c0e1fc,44.067756370348214,-123.0722975882515,2,config_1
54c0e21,44.08053135596203,-123.08010909701552,27,config_1
54c0e23,44.08861016911436,-123.05528009909872,34,config_1
54c0e25,44.10296028637103,-123.0739736183491,7,config_1
54c0e27,44.09487324540335,-123.09880977993858,25,config_1
54c0e2c,44.120437698967734,-123.11446429564242,3,config_1
54c0e34,44.13662561181379,-123.06475719553863,6,config_1
54c0e3c,44.107899342388684,-123.02736383444964,17,config_1
54c0ec,44.165890674987395,-122.78487478452585,4,config_1
54c0f4,44.281399125097025,-122.93414948155494,7,config_1
54c0fc,44.21657986499223,-123.13358548269316,27,config_1
54c104,44.15141099179493,-123.3325920901741,22,config_1
54c10c,44.085895544765485,-123.53116421653026,23,config_1
54c114,43.9719709688925,-123.38052020826761,6,config_1
54c119,43.992168924597216,-123.19452922831502,1,config_1
54c11b,44.04931982233878,-123.26946117113417,3,config_1
54c11c4,44.0593692680978,-123.17631943730957,37,config_1
54c11cc,44.087996700540586,-123.21379850766172,12,config_1
54c11d4,44.10422804620399,-123.16414475955719,28,config_1
54c11d9,44.08678077540943,-123.12363930147055,13,config_1
54c11db,44.07868288224894,-123.14846217298775,17,config_1
54c11dd,44.06435745448427,-123.12974721059294,38,config_1
54c11df,44.072447115802696,-123.1049314708337,34,config_1
54c11e04,44.063717334200355,-123.08470609319905,8,config_1
54c11e0c,44.05967694277474,-123.097112943242,27,config_1
54c11e14,44.05251164181351,-123.08776856365905,50,config_1
54c11e1c,44.05654997800234,-123.07536350052213,27,config_1
54c11e24,44.049382791506055,-123.06602438201757,21,config_1
54c11e2c,44.04221577580017,-123.05668873647572,6,config_1
54c11e34,44.03818154761164,-123.06909022383857,35,config_1
54c11e39,44.04254609955973,-123.07919342279418,21,config_1
54c11e3a4,44.04316414196613,-123.07337547774195,6,config_1
54c11e3ac,44.04417310450826,-123.0702749296464,7,config_1
54c11e3b4,44.04596454824734,-123.07260933749302,15,config_1
54c11e3bc,44.044955457339135,-123.07570999731064,36,config_1
54c11e3d,44.048147102660366,-123.07766178279095,22,config_1
54c11e3f,44.0461283664255,-123.08386323098546,10,config_1
54c11e5,44.0357085866693,-123.0923589827379,41,config_1
54c11e64,44.04443090727834,-123.11257372621495,16,config_1
54c11e6c,44.04847195132882,-123.10017197263771,27,config_1
54c11e74,44.05563519680172,-123.10951813713629,22,config_1
54c11e7c,44.051592097012104,-123.1219216736389,15,config_1
54c11ec,44.03074441732155,-123.13889596314753,47,config_1
54c11f4,44.00212221798227,-123.10152800827267,17,config_1
54c11fc,44.018254836662265,-123.0519597129871,25,config_1
54c124,43.922545334410984,-123.03308913047809,21,config_1
54c12c,43.80817910644299,-122.88466561287404,21,config_1
54c131,43.78874655309706,-123.06972748231526,47,config_1
54c133,43.73177083528691,-122.9955648009073,1,config_1
54c137,43.75662668813892,-123.16829000791552,33,config_1
54c13c,43.85808447641714,-123.23076201303829,10,config_1
54c15,43.70421932766813,-123.45159560053577,27,config_1
54c17,43.93041073831826,-123.7524358267999,30,config_1
54c181,44.021800202461975,-124.09063389524485,38,config_1
54c185,44.11170311481232,-124.06811152898989,38,config_1
54c187,44.07818451236414,-124.16710891310443,5,config_1
54c18c,44.179641205614885,-124.23267551598474,48,config_1
54c194,44.24691214575153,-124.03413271386738,37,config_1
54c19c,44.13346150644872,-123.88126859245368,5,config_1
54c1b,44.29004488927913,-123.65923829337514,26,config_1
54c1c4,44.42785263974292,-123.98845919831362,41,config_1
54c1cc,44.494975131402725,-123.78855993945692,1,config_1
54c1d1,44.56405410506756,-123.95392441536728,2,config_1
54c1d3,44.59773131027361,-123.85369417775613,5,config_1
54c1d5,44.65509119707853,-123.93076661624858,3,config_1
54c1d64,44.64405475424302,-124.02535698928652,36,config_1
54c1d6c,44.615424667173606,-123.98672250768855,2,config_1
54c1d74,44.59851323571121,-124.03684943437378,14,config_1
54c1d79,44.61572252214316,-124.07837260651121,8,config_1
54c1d7a4,44.618503429360466,-124.05473994345847,42,config_1
54c1d7ac,44.62273797122472,-124.0422057961729,14,config_1
54c1d7b4,44.629890238410965,-124.05187224502183,40,config_1
54c1d7bc,44.62565356787568,-124.0644080921753,22,config_1
54c1d7c4,44.63280376781382,-124.07407980960645,10,config_1
54c1d7cc,44.637042567837575,-124.06154226338586,42,config_1
54c1d7d4,44.644194958349814,-124.07121585244536,3,config_1
54c1dc,44.54188417145705,-124.14269449172951,48,config_1
54c1f,44.38312736701289,-124.36475954433166,34,config_1
54c24,44.0657751952635,-124.8044749726811,6,config_1
54c379,43.331467897076955,-124.43986184421446,30,config_1
54c37f,43.276326212267705,-124.3642109612264,28,config_1
54c381,43.30939032184463,-124.26715534965797,11,config_1
54c383,43.36466366331663,-124.34270635729236,26,config_1
54c385,43.39777896884661,-124.24543911968955,23,config_1
54c387,43.34237405975489,-124.1699889713791,8,config_1
54c38c,43.41949821664116,-124.0616545322461,1,config_1
54c394,43.53071693181374,-124.2126802429866,25,config_1
54c3b,43.66400217750503,-124.53873409546958,1,config_1
54c3c1,43.664080870972825,-124.17969784759082,19,config_1
54c3c3,43.6972664470952,-124.08167717511888,15,config_1
54c3c5,43.75322679834406,-124.15758423738522,30,config_1
54c3c7,43.71990841033953,-124.25570819418175,2,config_1
54c3d1,43.84256201267774,-124.1353695214971,13,config_1
54c3d44,43.90968762898236,-124.11864170252332,37,config_1
54c3d4c,43.93779195502895,-124.15677870516828,1,config_1
54c3d54,43.95449717889256,-124.10745785282973,18,config_1
54c3d7,43.875847446154324,-124.03691549801246,1,config_1
54c3f,43.573792872511746,-123.84394233243346,12,config_1
54c404,43.43815857396179,-123.52170909149199,1,config_1
54c40c,43.37339814454945,-123.71681333958973,2,config_1
54c414,43.261724398549525,-123.56792692735755,6,config_1
54c419,43.28192696302424,-123.38495096737934,43,config_1
54c41b,43.33794779271277,-123.45901936105666,1,config_1
54c41d,43.370050784404874,-123.3615229930436,7,config_1
54c41f,43.31390062475842,-123.2875627781814,3,config_1
54c421,43.25776233704211,-123.21381714135354,1,config_1
54c422c,43.23193675058353,-123.35385099607993,37,config_1
54c4234,43.20395112107303,-123.31696387516384,13,config_1
54c423c,43.219877959352736,-123.26836311899936,3,config_1
54c434,43.03850811474893,-123.27271778690421,21,config_1
54c439,43.10624211048535,-123.4314931064407,36,config_1
54c43b,43.13812198344,-123.33452574262127,10,config_1
54c43d,43.193990737494225,-123.40827409703043,12,config_1
54c45,42.99848276189875,-123.6364814143673,26,config_1
54c47,43.22019292862031,-123.93380483756474,2,config_1
54c481,43.22119100253183,-124.2887739623751,32,config_1
54c483,43.188178253077005,-124.38561895460934,45,config_1
54c485,43.13318100389377,-124.31029563610402,1,config_1
54c487,43.16606280913744,-124.21355032060332,3,config_1
54c48c,43.067051717689395,-124.14942481543466,2,config_1
54c494,43.001520954694755,-124.34239785430927,21,config_1
54c499,43.06717951032668,-124.50345587946082,5,config_1
54c49a4,43.07825976137563,-124.41224410935853,7,config_1
54c49b4,43.122191631911654,-124.40161195284618,29,config_1
54c49bc,43.105674862904515,-124.4499143528835,20,config_1
54c49d,43.15508599456717,-124.48235303151252,1,config_1
54c4b,42.95703409642745,-124.70648009751596,5,config_1
54c4d,42.7394784181924,-124.40596141965908,32,config_1
54c51,42.65012487287633,-123.7264753861822,36,config_1
54c53,42.52204680581851,-124.10877736105398,9,config_1
54c544,42.390828880999294,-123.79293581366363,7,config_1
54c54c,42.32724333691802,-123.98307912834177,6,config_1
54c554,42.21890358306798,-123.8367598722205,12,config_1
54c55c,42.28198420564454,-123.64701528655881,29,config_1
54c564,42.34475723085215,-123.45687370097714,23,config_1
54c56c,42.45410607390559,-123.60238822298459,3,config_1
54c574,42.51707206266033,-123.41144084464236,24,config_1
54c579,42.450275859360005,-123.25481721253462,10,config_1
54c57b,42.419059912477884,-123.35023383293566,42,config_1
54c57f,42.39530112684888,-123.18252479885234,5,config_1
54c59,42.55562099202924,-123.05194289368586,30,config_1
54c5b,42.77694772097019,-123.34253909107473,43,config_1
54c5d,42.90249240398519,-122.95700532614191,4,config_1
54c5f,42.679149793255675,-122.66814046304096,15,config_1
54c60c,42.827135856439256,-122.45086898631487,4,config_1
54c614,42.88817613645495,-122.2576209362575,47,config_1
54c61c,42.77532285421319,-122.11515311092946,6,config_1
54c624,42.835536106240745,-121.92200316178884,6,config_1
54c62c,42.895417416542415,-121.7284991118777,3,config_1
54c639,42.99239214658704,-122.05114909477884,27,config_1
54c63b,42.935635641606915,-121.97999579242195,14,config_1
54c63c4,42.927150189468705,-122.07042443096364,37,config_1
54c63cc,42.89882335255788,-122.03485653204577,3,config_1
54c63d4,42.88371325081643,-122.08323925427237,16,config_1
54c63d9,42.90114803771136,-122.12202970308677,17,config_1
54c63db,42.90871992670494,-122.09783307020649,15,config_1
54c63dd,42.922872882667825,-122.1156410807077,10,config_1
54c63dec,42.91365172857351,-122.12933993681311,14,config_1
54c63df1,42.912577304215844,-122.14064232221635,7,config_1
54c63df3,42.90904117885962,-122.13618745649168,6,config_1
54c63df5,42.907146019453364,-122.14223668671507,12,config_1
54c63df7,42.91068165858065,-122.14669200554489,49,config_1
54c63dfc,42.91693348260179,-122.15035138659667,34,config_1
54c63e1,42.929439569739664,-122.1576733894851,27,config_1
54c63e3,42.9435870872467,-122.17551495568148,34,config_1
54c63e5,42.95118232494511,-122.15129655036696,8,config_1
54c63e7,42.93702701803306,-122.13346223762754,6,config_1
54c63ec,42.95548179871644,-122.10604492059447,26,config_1
54c63f1,42.972936632009485,-122.144912665091,34,config_1
54c63f3,42.980529266183204,-122.12067560318935,29,config_1
54c63f5,42.99470249085722,-122.138521721618,5,config_1
54c63f7,42.98710205863656,-122.16276605784198,2,config_1
54c63fc,42.96861464720355,-122.19018806123974,19,config_1
54c644,43.06231209927719,-122.2068519695312,45,config_1
54c64c,43.12318762661608,-122.01240605701764,6,config_1
54c654,43.237188108238875,-122.15563089173722,8,config_1
54c67,43.026736394391946,-122.56991205223854,27,config_1
54c69,43.25234781649885,-122.86037131108083,26,config_1
54c6a4,43.38987658342697,-123.17815914811611,5,config_1
54c6ac,43.502588240451196,-123.32618284637691,36,config_1
54c6b4,43.566684178668595,-123.13023943905824,17,config_1
54c6d,43.60518718979046,-122.76199349160275,10,config_1
54c6f,43.37729528639235,-122.46992511964605,15,config_1
54c704,43.41280404823799,-122.10395145129691,2,config_1
54c70c,43.47400616184507,-121.90781928241123,31,config_1
54c714,43.58915972265669,-122.05180728062534,34,config_1
54c724,43.6421645872623,-122.39375139348137,3,config_1
54c72c,43.756940394835915,-122.53995570681946,41,config_1
54c734,43.81967233731585,-122.34239348336662,2,config_1
54c73c,43.704383193484475,-122.19666364846863,10,config_1
54c75,43.85507960162658,-121.97270543357864,23,config_1
54c764,43.7115370868139,-121.65746181239086,4,config_1
54c76c,43.65052263034608,-121.85482001904214,1,config_1
54c774,43.53486372812543,-121.71131857605988,22,config_1
54c779,43.551282275201956,-121.52805712552629,33,config_1
54c77d,43.63951183069799,-121.50082156190993,31,config_1
54c77f,43.58138754726953,-121.4295976606652,5,config_1
54c783,43.49330370068033,-121.45692480775763,43,config_1
54c785,43.43534591910004,-121.38600817737027,21,config_1
54c787,43.465201612939325,-121.2877989083981,35,config_1
54c789,43.40714099030308,-121.21722273854562,22,config_1
54c78b,43.34910261081071,-121.14686116115314,42,config_1
54c78d,43.319494782838014,-121.24481936285649,1,config_1
54c79c,43.419282328031414,-121.56868238524474,15,config_1
54c7a1,43.40284190672304,-121.75139527382625,14,config_1
54c7a5,43.31505752719688,-121.77796420815713,3,config_1
54c7a7,43.372515396063044,-121.8493722220287,35,config_1
54c7b4,43.183726289078535,-121.81759635493945,30,config_1
54c7d,43.04189366274489,-121.50788951256666,1,config_1
54c7f4,43.247387135154575,-121.09061487268261,31,config_1
54c7fb,43.14588674158163,-121.0346374597272,29,config_1
54c7ff,43.11718159706775,-120.86754762192012,44,config_1
54c801,43.05926195969174,-120.79824914625372,18,config_1
54c803,43.00136755348012,-120.72916132305076,24,config_1
54c805,42.972493076182666,-120.82636149227412,23,config_1
54c811,42.885906016197666,-120.85435067712812,30,config_1
54c817,42.82830432252329,-120.78542875422166,27,config_1
54c81c,42.90023822722354,-120.6744377369098,16,config_1
54c824,42.784726578347964,-120.537390437649,14,config_1
54c82c,42.66932366389013,-120.40117366891602,42,config_1
54c831,42.655656154625056,-120.5799104948092,21,config_1
54c833,42.598160652555876,-120.51181810333607,37,config_1
54c83b,42.71317891529626,-120.64820930583691,38,config_1
54c83d,42.77072846288081,-120.71671517816176,5,config_1
54c83f,42.74204517312853,-120.81337839078437,18,config_1
54c85,42.58428343850044,-120.9513548483899,3,config_1
54c8a4,42.66254651236281,-121.97352076992635,24,config_1
54c8ac,42.60249828641778,-122.16585229053337,7,config_1
54c8b4,42.49029390548043,-122.0245893905314,21,config_1
54c8bc,42.54985106190351,-121.83271915708123,10,config_1
54c8cc,42.37817101803006,-121.88415055362582,13,config_1
54c8d3,42.27940771964416,-121.82707150661312,3,config_1
54c8d44,42.24479670394761,-121.75097309407663,4,config_1
54c8d4c,42.23010506575,-121.79863144849891,40,config_1
54c8d54,42.20215753553433,-121.7638362281142,14,config_1
54c8d5c,42.21681899491506,-121.71620669473708,17,config_1
54c8f,42.46859736349072,-121.33567705910428,1,config_1
54c94,42.072399586916205,-121.11426101152512,12,config_1
54c984,42.04370300715486,-120.43609449055012,24,config_1
54c989,42.05682065999541,-120.2600389137008,13,config_1
54c98d,42.14140338512118,-120.23162452063495,27,config_1
54c98f,42.11373412422865,-120.32688222572463,15,config_1
54c991,42.17067725715517,-120.39392644006368,13,config_1
54c9924,42.17726382709134,-120.3056393854344,4,config_1
54c992c,42.19112146093209,-120.25794557466638,34,config_1
54c9934,42.21967322202489,-120.29143958838172,17,config_1
54c993c,42.20578646264833,-120.33916484814858,18,config_1
54c995,42.25555204892316,-120.36566372194672,50,config_1
54c99c,42.1572393776818,-120.57055628616618,1,config_1
54c9b,42.356076122461026,-120.67805463923514,1,config_1
54c9c1,42.340607084485356,-120.33727952413196,35,config_1
54c9c3,42.368460553467635,-120.241499923662,10,config_1
54c9c5,42.42584236743216,-120.30877303969503,36,config_1
54c9d4,42.554033251812214,-120.26578224284475,48,config_1
54c9dc,42.438859059223944,-120.13121098426181,2,config_1
54c9f,42.23888628902059,-120.02644746497042,24,config_1
54cb,41.507503734430315,-119.93476272635633,47,config_1
54cec,41.84157525455871,-121.8720630899273,47,config_1
54cf04,42.0285955207142,-122.50489511194581,17,config_1
54cf09,42.09604984274652,-122.65829480760884,9,config_1
54cf0b,42.15105127091781,-122.72925589046827,9,config_1
54cf0d,42.181365141858976,-122.63428814371701,40,config_1
54cf14,42.19903227732458,-122.45629680814142,1,config_1
54cf3,42.2332965948329,-122.10036360734084,25,config_1
54cf5,42.456073968218995,-122.38260537678957,17,config_1
54cf64,42.42041017377087,-122.7406863063511,4,config_1
54cf6c,42.30968537881724,-122.59808262572841,3,config_1
54cf71,42.29166705395001,-122.7766043669235,4,config_1
54cf733,42.2120323635636,-122.69055882474787,2,config_1
54cf7344,42.20978238694982,-122.71282785153144,3,config_1
54cf734c,42.20289414401842,-122.70393842414482,1,config_1
54cf7354,42.19909748445098,-122.71581840790714,39,config_1
54cf735c,42.205983803293535,-122.72470952108871,8,config_1
54cf737,42.218214683966465,-122.732110232956,8,config_1
54cf73c,42.242686032552335,-122.74692447968557,10,config_1
54cf75,42.20607034072142,-122.80041992788026,1,config_1
54cf77,42.26110656838702,-122.87178746321352,2,config_1
54cf79,42.31615946725227,-122.94335903958773,16,config_1
54cf7a4,42.325392121044395,-122.85400806240112,11,config_1
54cf7b4,42.36830722164402,-122.84212285368913,12,config_1
54cf7bc,42.35296920202903,-122.88980483126629,35,config_1
54cf7c4,42.38055037329714,-122.92565283462919,38,config_1
54cf7cc,42.39591945724583,-122.87794400423607,16,config_1
54cf7d4,42.42353577203729,-122.91381649391644,4,config_1
54cf7dc,42.40813557330041,-122.9615521407747,21,config_1
54cf7f,42.371228547762456,-123.0151351998463,19,config_1
54cf9,42.21173237284752,-123.14522966585862,30,config_1
54cfb,41.99289037164719,-122.85950953959319,29,config_1
54cfd,41.870824137141945,-123.23690966566758,1,config_1
54cff,42.087687601336455,-123.52428399758318,39,config_1
54d01,41.96242266800689,-123.90178457932723,50,config_1
54d07,41.83595992457574,-124.27769631326638,26,config_1
54da9,42.04901943877291,-124.57140423715856,1,config_1
54daa1,42.049068182792915,-124.22553971154845,28,config_1
54daa3,42.10265886339141,-124.29893238124681,23,config_1
54daa5,42.13464067319261,-124.20451818740625,1,config_1
54daa7,42.08092372551231,-124.13122102679964,1,config_1
54dab4,42.26335231875557,-124.17281374699573,1,config_1
54dabc,42.19915872709705,-124.3621353180827,18,config_1
54dad,42.392736864229775,-124.48940928236216,39,config_1
54ea789,44.66128728393211,-124.06691677407717,23,config_1
54ea78b,44.66976733220142,-124.0418220827708,1,config_1
54ea78d,44.684087391538164,-124.06117879537726,16,config_1
54ea78e4,44.68129992451554,-124.08484830660107,1,config_1
54ea78e9,44.67699331893845,-124.07444719837994,13,config_1
54ea78eb,44.67341462189172,-124.06960606173502,9,config_1
54ea78ed,44.67129293513709,-124.07588033546897,1,config_1
54ea78ef,44.67487109902479,-124.08072189729299,46,config_1
54ea794,44.70131791232505,-124.1027974892019,3,config_1
54ea7c4,44.74697681652781,-124.09133815994049,30,config_1
54ea7cc,44.77564477410485,-124.13017453778426,2,config_1
54ea7d4,44.79268299530309,-124.0798519031946,12,config_1
54ea7dc,44.763980813299696,-124.04104283403346,27,config_1
54ea7f,44.71245562347281,-124.00806782120071,24,config_1
54ea84,44.79200082601639,-123.89582604627594,22,config_1
54ea884,44.8384364386107,-124.06833862094382,25,config_1
54ea88c,44.85546475732365,-124.01792876497726,25,config_1
54ea894,44.88423713605141,-124.05679821468968,24,config_1
54ea8c4,44.93008507686548,-124.0452305854526,31,config_1
54ea8d4,44.97598024993118,-124.03363563376905,35,config_1
54ea8dc,44.94713760927208,-123.99470562696763,16,config_1
54ea8f,44.89537744565771,-123.9616647646235,7,config_1
54ea93,44.9871215651513,-123.93829887165637,36,config_1
54ea95,45.02112683354469,-123.83704148406437,30,config_1
54ea97,44.96320313962693,-123.75949351231586,1,config_1
54eaa4,44.9266527613575,-123.49192558396595,5,config_1
54eaac,44.99343884135767,-123.28928051945917,18,config_1
54eab4,45.110232174922714,-123.44310492571198,6,config_1
54eab9,45.08886710916912,-123.63417008244394,12,config_1
54eabb,45.030669516941465,-123.55685031001252,6,config_1
54eabf,45.05504215199673,-123.73566500646037,33,config_1
54eac4,45.15916791109494,-123.80143613906317,19,config_1
54ead4,45.34388168318147,-123.7535662142877,17,config_1
54ead9,45.3216983565396,-123.94579242351732,28,config_1
54eadb,45.2634856313629,-123.86753405649682,7,config_1
54eadc4,45.2523424968133,-123.96348652060657,22,config_1
54eadd04,45.22347552587971,-123.97084042572739,9,config_1
54eadd0c,45.21918973836677,-123.98355960238469,26,config_1
54eadd14,45.21193389465351,-123.9737789273617,35,config_1
54eadd1c,45.216217519595936,-123.96106150977403,1,config_1
54eadd3,45.20319057032962,-123.95275764775536,21,config_1
54eadd5,45.19462697399448,-123.9781834058196,3,config_1
54eae9,45.136985140528715,-123.9928366911475,45,config_1
54eaeb,45.079054369049,-123.91482233222274,20,config_1
54eaed,45.044911544777975,-124.01619175788112,44,config_1
54eaef,45.10270433595387,-124.09431773899009,2,config_1
54eb24,45.39174013900307,-124.11469781515643,13,config_1
54eb29,45.41433775763144,-123.9221015756163,11,config_1
54eb2b,45.44867037595223,-123.81979334194347,27,config_1
54eb2d,45.50716553134139,-123.89829714004513,11,config_1
54eb2e4,45.49591824901189,-123.99481034687659,33,config_1
54eb2ec,45.466722434614454,-123.95545600629048,34,config_1
54eb32c,45.55966786102774,-123.93168493835647,34,config_1
54eb334,45.58893420544604,-123.97110144578407,32,config_1
54eb33c,45.57163407372901,-124.0224152290886,1,config_1
80964,37.81897829939038,-119.04599270243568,2,config_1
80974,38.2356241347838,-119.78892484955995,15,config_1
8097d,38.334985866071094,-118.8596803520908,1,config_1
8097e4,38.59185285447843,-118.76644078693931,40,config_1
8097fc,38.74602189262745,-118.76644078693931,25,config_1
80981,38.95153586917263,-118.8596803520908,28,config_1
80983,38.85046324750905,-119.23207840138082,29,config_1
809844,39.10546382290707,-119.13906420284766,45,config_1
80985c,39.25809768424033,-119.13906420284766,22,config_1
80987,39.2576852613438,-118.8596803520908,2,config_1
80989,39.56239755135253,-118.8596803520908,21,config_1
8098b,39.86565845835353,-118.8596803520908,38,config_1
8098c4,39.71384502534753,-119.13906420284766,12,config_1
8098d4,39.813842826735886,-119.32503466239531,10,config_1
8098d9,39.6876829768343,-119.37149086844235,30,config_1
8098dc4,39.650191787816055,-119.30180106344304,27,config_1
8098dd4,39.62513737622101,-119.25532292304659,39,config_1
8098ddc,39.6123368466632,-119.30180106344304,31,config_1
8098df,39.612027882583526,-119.37149086844235,29,config_1
8098e4,39.51119739820113,-119.32503466239531,17,config_1
8098e84,39.600034690697626,-119.2088302586068,32,config_1
8098e94,39.57488369254371,-119.16232314940831,21,config_1
8098e9c,39.61279346911068,-119.16232314940831,9,config_1
8098ed,39.5370665250541,-119.09253557554277,1,config_1
8098ef,39.51160375676555,-119.18557850464043,1,config_1
8098f4,39.410373697023694,-119.13906420284766,32,config_1
8098fc,39.359334044327966,-119.32503466239531,47,config_1
809904,39.30798828257803,-119.51077084299,27,config_1
809909,39.23128150810012,-119.64991620525349,22,config_1
80990a4,39.19286379336718,-119.71943774820171,9,config_1
80990ac,39.1798998772129,-119.7657663254125,43,config_1
80990b4,39.217899925919475,-119.7657663254125,10,config_1
80990bc,39.23086736918497,-119.71943774820171,1,config_1
80990d,39.28134719550135,-119.74260395507105,24,config_1
80990e4,39.31976355813066,-119.67309386359922,7,config_1
80990ec,39.28180085864164,-119.67309386359922,18,config_1
80990f4,39.29473402181915,-119.62673474915472,14,config_1
80990fc,39.3327001731122,-119.62673474915472,27,config_1
809911,39.38313914607222,-119.64991620525349,9,config_1
809912c,39.3317671701841,-119.7657663254125,9,config_1
8099134,39.36967852407655,-119.7657663254125,27,config_1
809913c,39.382659827565526,-119.71943774820171,31,config_1
8099144,39.420552341081795,-119.71943774820171,38,config_1
8099149,39.40134518059483,-119.75418562041214,27,config_1
809914b,39.39484852603224,-119.77734606886416,9,config_1
809914d,39.41378709072596,-119.77734606886416,10,config_1
809914f,39.42028459458016,-119.75418562041214,22,config_1
8099151,39.43921843750115,-119.75418562041214,28,config_1
8099153,39.43272008744356,-119.77734606886416,17,config_1
8099155,39.451647512745474,-119.77734606886416,27,config_1
8099157,39.45814670592021,-119.75418562041214,11,config_1
809915c,39.45842255871876,-119.71943774820171,25,config_1
80991c,39.459797818053886,-119.51077084299,9,config_1
809924,39.61124907051809,-119.51077084299,48,config_1
809931,39.68578268539006,-119.64991620525349,1,config_1
809933,39.761219021582114,-119.64991620525349,1,config_1
809936c,39.685174122230535,-119.71943774820171,27,config_1
8099374,39.64743825195468,-119.71943774820171,39,config_1
8099381,39.602865934351584,-119.77734606886416,17,config_1
8099383,39.60937176159799,-119.75418562041214,10,config_1
8099385,39.590488211891326,-119.75418562041214,1,config_1
8099387,39.58398320314395,-119.77734606886416,24,config_1
8099389,39.56509487332068,-119.77734606886416,22,config_1
809938b,39.54620094825104,-119.77734606886416,39,config_1
809938d,39.55270431078758,-119.75418562041214,31,config_1
809938f,39.57159906049878,-119.75418562041214,11,config_1
8099391,39.578098508450886,-119.7310213305978,37,config_1
8099393,39.55920293567173,-119.7310213305978,14,config_1
8099395,39.56569681899792,-119.70785320909282,13,config_1
8099397,39.58459321327306,-119.70785320909282,15,config_1
8099399,39.60348400309151,-119.70785320909282,20,config_1
809939b,39.59698847984131,-119.7310213305978,32,config_1
809939d,39.615872846477735,-119.7310213305978,25,config_1
809939f,39.62236918509004,-119.70785320909282,8,config_1
80993a1,39.62886077354099,-119.68468126557985,28,config_1
80993a3,39.60997477774644,-119.68468126557985,21,config_1
80993a5,39.61646079991745,-119.66150550975264,5,config_1
80993a7,39.635347607943565,-119.66150550975264,5,config_1
80993bc,39.58487825774855,-119.67309386359922,12,config_1
80993d,39.53464012366414,-119.64991620525349,35,config_1
80993e4,39.49627045299958,-119.71943774820171,28,config_1
80993e9,39.527887230574386,-119.70785320909282,43,config_1
80993eb,39.5467948236381,-119.70785320909282,15,config_1
80993ed,39.54030176487783,-119.7310213305978,16,config_1
80993ef,39.521394999452006,-119.7310213305978,32,config_1
80993f1,39.51489802992213,-119.75418562041214,42,config_1
80993f3,39.53380396613377,-119.75418562041214,35,config_1
80993f5,39.52730143131304,-119.77734606886416,42,config_1
80993f7,39.50839632589351,-119.77734606886416,32,config_1
80993f9,39.489485635388014,-119.77734606886416,22,config_1
80993fb,39.49598650554628,-119.75418562041214,24,config_1
80993fd,39.47706939640858,-119.75418562041214,25,config_1
80993ff,39.470569363200944,-119.77734606886416,32,config_1
8099401,39.46406460257555,-119.80050266629326,14,config_1
8099403,39.457555118457954,-119.82365540304987,2,config_1
8099405,39.476469711990816,-119.82365540304987,11,config_1
8099407,39.482980036228184,-119.80050266629326,35,config_1
80994084,39.498789950448554,-119.79471387849728,16,config_1
8099408c,39.49553565555668,-119.80629121279715,10,config_1
80994094,39.50498908348532,-119.80629121279715,16,config_1
8099409c,39.50824358705276,-119.79471387849728,9,config_1
809940a4,39.51769582775035,-119.79471387849728,9,config_1
809940ac,39.527146672116686,-119.79471387849728,12,config_1
809940b4,39.52389175235335,-119.80629121279715,20,config_1
809940bc,39.51444111589246,-119.80629121279715,23,config_1
809940c4,39.51118522231812,-119.81786758132606,12,config_1
809940cc,39.52063565067601,-119.81786758132606,37,config_1
809940d4,39.51737836757558,-119.82944298287916,8,config_1
809940dc,39.50792814751833,-119.82944298287916,1,config_1
809940f,39.49537873000911,-119.82365540304987,16,config_1
8099414,39.49505492380736,-119.85837724834269,40,config_1
809941c,39.457239405673185,-119.85837724834269,4,config_1
8099441,39.513613207955906,-119.89309035295541,34,config_1
8099443,39.53250298615854,-119.89309035295541,25,config_1
8099445,39.52597044599086,-119.91622755074835,24,config_1
8099447,39.50708150190457,-119.91622755074835,1,config_1
809944c,39.50671965386059,-119.95092601552939,23,config_1
8099454,39.5444838886228,-119.95092601552939,9,config_1
809945c,39.55756088691003,-119.90465943984674,7,config_1
8099464,39.57061902098213,-119.85837724834269,16,config_1
8099469,39.53903081066754,-119.86994925600274,17,config_1
809946b,39.52014019993165,-119.86994925600274,14,config_1
809946d,39.52666247388533,-119.84680426949548,19,config_1
809946f,39.54555391557296,-119.84680426949548,6,config_1
8099471,39.5520722969367,-119.82365540304987,30,config_1
80994724,39.53627462046523,-119.82944298287916,4,config_1
8099472c,39.52682719203252,-119.82944298287916,15,config_1
80994731,39.53163244799787,-119.82076152241535,7,config_1
80994733,39.526908306836994,-119.82076152241535,8,config_1
80994735,39.52853673101913,-119.81497357980074,44,config_1
80994737,39.533260924086065,-119.81497357980074,14,config_1
8099473c,39.53953231901164,-119.81786758132606,23,config_1
8099475,39.53969285197451,-119.80050266629326,43,config_1
8099477,39.558585950827435,-119.80050266629326,8,config_1
8099479,39.577473457508404,-119.80050266629326,18,config_1
809947b,39.57095897890076,-119.82365540304987,11,config_1
809947d,39.58984006839615,-119.82365540304987,17,config_1
809947f,39.596355368646144,-119.80050266629326,9,config_1
8099484,39.62141006474718,-119.81207951785828,15,config_1
8099489,39.60219471104344,-119.84680426949548,33,config_1
809948b,39.59566913175995,-119.86994925600274,2,config_1
809948d,39.61453739052387,-119.86994925600274,18,config_1
809948f,39.6210637884477,-119.84680426949548,21,config_1
8099491,39.63992726638669,-119.84680426949548,14,config_1
8099493,39.63340005289533,-119.86994925600274,25,config_1
8099495,39.65225711553204,-119.86994925600274,45,config_1
8099497,39.65878514152012,-119.84680426949548,2,config_1
809949c,39.65913946060998,-119.81207951785828,18,config_1
80994b4,39.72147870364705,-119.85837724834269,6,config_1
80994bc,39.68379741385471,-119.85837724834269,49,config_1
80994c1,39.66457500907035,-119.89309035295541,29,config_1
80994c3,39.65803671635998,-119.91622755074835,11,config_1
80994c5,39.67688095211819,-119.91622755074835,11,config_1
80994c7,39.683420054320045,-119.89309035295541,3,config_1
80994cc,39.70840754444096,-119.90465943984674,11,config_1
80994d4,39.695317470747106,-119.95092601552939,4,config_1
80994dc,39.65764263234468,-119.95092601552939,19,config_1
80994e4,39.61994540472965,-119.95092601552939,5,config_1
80994e9,39.639186880348554,-119.91622755074835,11,config_1
80994eb,39.645724360496395,-119.89309035295541,19,config_1
80994ed,39.62686811192505,-119.89309035295541,21,config_1
80994ef,39.62033144741279,-119.91622755074835,9,config_1
80994f4,39.595306118627,-119.90465943984674,5,config_1
80994fc,39.582225814557376,-119.95092601552939,1,config_1
8099524,39.64453692020532,-119.99717689872801,12,config_1
809952c,39.6822085141122,-119.99717689872801,46,config_1
8099534,39.669080706191124,-120.0434120129589,1,config_1
80995c,39.45506695613932,-120.06652363285929,41,config_1
809964,39.30377730273375,-120.06652363285929,11,config_1
80996b,39.406988810451196,-119.83523032066351,26,config_1
80996c4,39.343659300995995,-119.85837724834269,27,config_1
80996cc,39.35667833806219,-119.81207951785828,7,config_1
80996d4,39.31877042483932,-119.81207951785828,21,config_1
80996f,39.30514860891265,-119.92779468446135,46,config_1
8099701,39.247964071600684,-119.96249021049015,26,config_1
8099703,39.254494027158536,-119.93936083978754,19,config_1
8099705,39.23552824740293,-119.93936083978754,29,config_1
8099707,39.228999172592864,-119.96249021049015,1,config_1
809970c,39.20380593634193,-119.95092601552939,45,config_1
8099714,39.21685206841915,-119.90465943984674,6,config_1
809971c,39.2547973163405,-119.90465943984674,2,config_1
809973,39.25536412770129,-119.83523032066351,30,config_1
809975,39.17941885551629,-119.83523032066351,16,config_1
809977,39.153374739206235,-119.92779468446135,37,config_1
80997c,39.152134117551746,-120.06652363285929,10,config_1
809984,39.000139201259735,-120.06652363285929,5,config_1
809991,38.92505361190881,-119.92779468446135,34,config_1
809995,38.87475686326802,-119.83523032066351,1,config_1
809997,38.95105403561186,-119.83523032066351,18,config_1
809999,39.02726357998396,-119.83523032066351,2,config_1
80999a4,38.98871779023682,-119.90465943984674,9,config_1
80999a9,38.96942914893149,-119.93936083978754,39,config_1
80999ad,38.98195457056402,-119.96249021049015,11,config_1
80999af,38.98847191111258,-119.93936083978754,3,config_1
80999b4,39.01376700901391,-119.95092601552939,39,config_1
80999bc,39.0267951211066,-119.90465943984674,1,config_1
80999cc,39.051818743670914,-119.95092601552939,27,config_1
80999d4,39.089848532424156,-119.95092601552939,11,config_1
80999dc,39.10288392763477,-119.90465943984674,18,config_1
80999f,39.103385263492484,-119.83523032066351,16,config_1
8099a04,39.14187772533954,-119.7657663254125,30,config_1
8099a0c,39.15483808949824,-119.71943774820171,12,config_1
8099a14,39.11679028604518,-119.71943774820171,2,config_1
8099a1c,39.10383349879731,-119.7657663254125,31,config_1
8099a3,39.053203867788646,-119.74260395507105,23,config_1
8099b9,38.92650345412689,-119.64991620525349,2,config_1
8099bb,39.00283024219203,-119.64991620525349,1,config_1
8099bd,38.97697966365513,-119.74260395507105,26,config_1
8099bf,38.900667630854834,-119.74260395507105,27,config_1
8099c4,38.79895143796481,-119.69626771448172,21,config_1
8099cc,38.85042792607963,-119.51077084299,16,config_1
8099d1,38.72271274315678,-119.55716769160676,35,config_1
8099d3,38.748353084847686,-119.46435903733672,1,config_1
8099d7,38.64602075105967,-119.55716769160676,41,config_1
8099dc,38.64578790990438,-119.69626771448172,45,config_1
8099e4,38.59407363660998,-119.881520291274,44,config_1
8099ec,38.74717530257438,-119.881520291274,21,config_1
809e4,40.65726799882358,-119.78892484955995,7,config_1
809e9,40.15778186329634,-119.97405342347365,16,config_1
809ea3,39.95745657911437,-120.02029643173765,12,config_1
809ea5,39.88243105562635,-120.02029643173765,42,config_1
809ead,39.73210994639969,-120.02029643173765,48,config_1
809eaf,39.80731544240063,-120.02029643173765,22,config_1
809eb04,39.8457924040019,-119.95092601552939,28,config_1
809eb14,39.821307008632175,-119.90465943984674,8,config_1
809eb1c,39.808207386216296,-119.95092601552939,21,config_1
809eb3,39.75833749310105,-119.92779468446135,32,config_1
809eb5,39.784489370079626,-119.83523032066351,3,config_1
809ebc,39.95931497096353,-119.881520291274,17,config_1
809ed,39.962395028603474,-119.60354950502408,21,config_1
809ef,40.262350138231035,-119.60354950502408,1,config_1
809f4,40.26695579045059,-119.04599270243568,39,config_1
809fac,40.56407063155632,-119.32503466239531,36,config_1
809fb0c,40.71374473025485,-119.25532292304659,5,config_1
809fb13,40.713383430625434,-119.29018289430245,27,config_1
809fb15,40.7069363575139,-119.3134183198855,38,config_1
809fb17,40.68833622172603,-119.3134183198855,10,config_1
809fb24,40.650747712037884,-119.34826460068254,38,config_1
809fb34,40.67503487115707,-119.39471345582312,13,config_1
809fb3c,40.687957711363,-119.34826460068254,22,config_1
809fb5,40.73726819526338,-119.37149086844235,2,config_1
809fb6c,40.73805026175471,-119.30180106344304,9,config_1
809fb71,40.7570109173014,-119.26694382286807,4,config_1
809fb73,40.73842117864921,-119.26694382286807,1,config_1
809fb744,40.7478981656965,-119.24951213265092,23,config_1
809fb74c,40.73860160339694,-119.24951213265092,15,config_1
809fb754,40.74181925170974,-119.23788987166326,10,config_1
809fb759,40.74959617716947,-119.23498416482164,29,config_1
809fb75b,40.747987600978306,-119.24079552188635,13,config_1
809fb75d,40.75263557599632,-119.24079552188635,13,config_1
809fb75e11,40.75528893025435,-119.23698184435642,27,config_1
809fb75e134,40.75495096212859,-119.23689104132166,10,config_1
809fb75e139,40.75507245998381,-119.23684563978354,14,config_1
809fb75e13b,40.75504732601902,-119.23693644284594,40,config_1
809fb75e1404,40.75518208600521,-119.23677753745045,7,config_1
809fb75e140edea1,40.75515501816265,-119.23677297069132,57,config_1
809fb75e14c,40.75500122987992,-119.23670943508627,27,config_1
809fb75e154,40.75505149733178,-119.23652782862975,2,config_1
809fb75e3,40.75578604042693,-119.23571059683897,1,config_1
809fb75e5,40.75462410654488,-119.23571059683897,12,config_1
809fb75e6a3,40.7547121364981,-119.2365732302646,10,config_1
809fb75e6a5,40.754784757542595,-119.2365732302646,20,config_1
809fb75e6a7,40.75480989116037,-119.23648242698107,22,config_1
809fb75e6ac,40.7549062557677,-119.23652782862975,13,config_1
809fb75e74,40.7544119185856,-119.23752666140398,1,config_1
809fb75ec,40.75268009926623,-119.23643702531857,35,config_1
809fb75f4,40.75348432532731,-119.23353129017491,12,config_1
809fb75fc,40.75580824599966,-119.23353129017491,23,config_1
809fb764,40.76041122967068,-119.23788987166326,25,config_1
809fb76c,40.75719326922537,-119.24951213265092,25,config_1
809fb774,40.766486913628064,-119.24951213265092,4,config_1
809fb77c,40.7697050295948,-119.23788987166326,7,config_1
809fb7c,40.788104926950766,-119.25532292304659,2,config_1
809fb824,40.79150544828329,-119.22626670477904,1,config_1
809fb82c,40.78221441378244,-119.22626670477904,11,config_1
809fb831,40.7869493159126,-119.21754873586647,4,config_1
809fb833,40.7823033755018,-119.21754873586647,6,config_1
809fb835,40.78391095754886,-119.21173647414408,45,config_1
809fb837,40.788556936593764,-119.21173647414408,7,config_1
809fb83c,40.794721419359995,-119.21464263323712,30,config_1
809fb844,40.79793616233032,-119.20301765827689,3,config_1
809fb84c,40.78864481911908,-119.20301765827689,50,config_1
809fb854,40.79185817943603,-119.19139178113862,1,config_1
809fb85c,40.801149676738596,-119.19139178113862,24,config_1
809fb8c,40.813823477127116,-119.16232314940831,10,config_1
809fb94,40.776650100746835,-119.16232314940831,3,config_1
809fb99,40.75772017514515,-119.19720483240249,4,config_1
809fb9a4,40.77327080023885,-119.19139178113862,1,config_1
809fb9ac,40.78256522048488,-119.19139178113862,16,config_1
809fb9b4,40.77935201462158,-119.20301765827689,38,config_1
809fb9bc,40.77005774919168,-119.20301765827689,2,config_1
809fb9c1,40.765323389496835,-119.21173647414408,2,config_1
809fb9c44,40.767603440143645,-119.21609569161095,2,config_1
809fb9c4c,40.766799635334735,-119.21900176600124,2,config_1
809fb9c54c,40.76911223311906,-119.22009152933411,46,config_1
809fb9c554,40.7696931161817,-119.22009152933411,9,config_1
809fb9c57,40.76990508791899,-119.2182752526991,2,config_1
809fb9c7,40.76997082920215,-119.21173647414408,6,config_1
809fb9c9,40.77461790380879,-119.21173647414408,11,config_1
809fb9cb,40.77926461327246,-119.21173647414408,28,config_1
809fb9cd,40.777657069904826,-119.21754873586647,35,config_1
809fb9cf,40.77301039916592,-119.21754873586647,1,config_1
809fb9d4,40.77292191872042,-119.22626670477904,36,config_1
809fb9dc,40.763627963451356,-119.22626670477904,37,config_1
809fb9f,40.751292083434116,-119.22045478201282,47,config_1
809fbb,40.71442703181805,-119.18557850464043,12,config_1
809fbd,40.74007417936393,-119.09253557554277,3,config_1
809fbf,40.81447513252472,-119.09253557554277,18,config_1
809fc1,40.88878235488603,-119.09253557554277,23,config_1
809fc3,40.96299566703893,-119.09253557554277,2,config_1
809fc7,40.8631155494893,-119.18557850464043,47,config_1
809fcc,40.861574093466736,-119.32503466239531,9,config_1
809ff,41.06392310969191,-118.8596803520908,24,config_1
80c1,35.89395658325506,-117.92490017414548,36,config_1
80c58c,35.357788331469074,-115.75751959733307,35,config_1
80c594,35.31451561130038,-115.94679974061097,28,config_1
80c64,36.026614093901316,-116.04138886338704,36,config_1
80c6c,35.84827462377858,-116.79678490847915,10,config_1
80c704,36.320087428466806,-116.51379639269945,26,config_1
80c70c,36.481255034908166,-116.51379639269945,47,config_1
80c714,36.436076757645914,-116.70249504859957,8,config_1
80c71c,36.274987953341544,-116.70249504859957,48,config_1
80c724,36.229578104257925,-116.89103418926852,11,config_1
80c734,36.34478790750541,-117.07940822560565,13,config_1
80c73c,36.39058715968847,-116.89103418926852,30,config_1
80c744,36.55126749254884,-116.89103418926852,16,config_1
80c74c,36.505389145528845,-117.07940822560565,5,config_1
80c754,36.66566069624167,-117.07940822560565,46,config_1
80c75c,36.711616537269144,-116.89103418926852,40,config_1
80c77,36.699775760583485,-116.60816530936988,49,config_1
80c78c,36.89230821551949,-116.13594306437999,1,config_1
80c799,36.658017225025795,-116.27770732529453,20,config_1
80c79f,36.63563457251383,-116.37217110069318,49,config_1
80c7a4,36.52612035792361,-116.32494384537713,44,config_1
80c7ac,36.364874890848164,-116.32494384537713,16,config_1
80c7b4,36.40934873490636,-116.13594306437999,12,config_1
80c7b9,36.541455463055684,-116.0886703738045,42,config_1
80c7bb,36.51926847197864,-116.18320684587422,2,config_1
80c7bd,36.59983663170899,-116.18320684587422,38,config_1
80c7c5,36.58559204476288,-115.89949230735594,15,config_1
80c7c7,36.56356338457123,-115.99409862249263,36,config_1
80c7cc,36.4535073886168,-115.94679974061097,1,config_1
80c7d4,36.49734931384905,-115.75751959733307,20,config_1
80c7dc,36.65882276713576,-115.75751959733307,3,config_1
80c84,36.84791623950343,-115.28375849518459,36,config_1
80c884,36.37898828441461,-115.5681083893613,8,config_1
80c88c,36.42211750970797,-115.3785719022423,40,config_1
80c891,36.289689082837356,-115.42596745141297,22,config_1
80c8924,36.32608478325768,-115.35487132197885,14,config_1
80c8929,36.34426648612563,-115.31931697651964,4,config_1
80c892d,36.32932101851375,-115.29561177946167,27,config_1
80c892f,36.32397133897493,-115.31931697651964,28,config_1
80c89304,36.30740856732881,-115.32524298901589,23,config_1
80c8930c,36.29725722074289,-115.32524298901589,33,config_1
80c89314,36.29993256909561,-115.31339084913785,21,config_1
80c8931c,36.31008421265623,-115.31339084913785,17,config_1
80c89324,36.3127586080487,-115.30153825043062,17,config_1
80c8932c,36.31543175316112,-115.28968519432021,6,config_1
80c89334,36.30527951633267,-115.28968519432021,17,config_1
80c8933c,36.30260666774061,-115.30153825043062,31,config_1
80c89344,36.29245342102054,-115.30153825043062,15,config_1
80c8934c,36.29512597271835,-115.28968519432021,13,config_1
80c89354,36.28497112296783,-115.28968519432021,15,config_1
80c8935c,36.28229886853823,-115.30153825043062,18,config_1
80c89364,36.27962536451041,-115.31339084913785,17,config_1
80c8936c,36.28977961949707,-115.31339084913785,18,config_1
80c89374,36.28710456849325,-115.32524298901589,26,config_1
80c8937c,36.27695061122976,-115.32524298901589,18,config_1
80c893c,36.28548759376934,-115.35487132197885,20,config_1
80c8944,36.244869533852274,-115.35487132197885,3,config_1
80c8949,36.263054538946065,-115.31931697651964,24,config_1
80c894b,36.26840065302512,-115.29561177946167,23,config_1
80c894d,36.24808342301233,-115.29561177946167,23,config_1
80c894f,36.24273850340712,-115.31931697651964,24,config_1
80c8951,36.222417258793605,-115.31931697651964,45,config_1
80c8953,36.22776098092941,-115.29561177946167,25,config_1
80c8955,36.20743333200444,-115.29561177946167,21,config_1
80c8957,36.20209081033476,-115.31931697651964,20,config_1
80c895c,36.204230645192446,-115.35487132197885,43,config_1
80c8979,36.19025020607698,-115.46150915854916,2,config_1
80c897d,36.17530341556035,-115.43781516137456,5,config_1
80c897f,36.16993099887585,-115.46150915854916,46,config_1
80c899,36.186950522092474,-115.52073578584024,35,config_1
80c89b,36.26815298897605,-115.52073578584024,12,config_1
80c89d,36.24653728422911,-115.61547316278964,30,config_1
80c89f,36.165354202833576,-115.61547316278964,1,config_1
80c8a1,36.0840884208547,-115.61547316278964,8,config_1
80c8a24,36.12060627814117,-115.54442306069672,2,config_1
80c8a29,36.13884929698173,-115.50889142213369,6,config_1
80c8a2b,36.144230438053135,-115.48520124925503,27,config_1
80c8a2d,36.123902094306295,-115.48520124925503,21,config_1
80c8a34,36.09071147117261,-115.49704657613238,1,config_1
80c8a3c,36.079945385813765,-115.54442306069672,14,config_1
80c8a5,36.024297242646135,-115.52073578584024,7,config_1
80c8a7,36.00274027517193,-115.61547316278964,1,config_1
80c8ac,35.89133771339766,-115.5681083893613,2,config_1
80c8b4,35.93423340049402,-115.3785719022423,25,config_1
80c8b84,36.05214443823294,-115.30746460704879,46,config_1
80c8b89,36.08535838881982,-115.29561177946167,24,config_1
80c8b8b,36.1057171684404,-115.29561177946167,27,config_1
80c8b8d,36.1003806940923,-115.31931697651964,25,config_1
80c8b8f,36.08002313294219,-115.31931697651964,21,config_1
80c8b9c,36.04146764250788,-115.35487132197885,3,config_1
80c8bb,36.045774953068936,-115.42596745141297,17,config_1
80c8bc4,36.11218407545494,-115.4022706158482,3,config_1
80c8bcc,36.10145770860589,-115.44966239756026,47,config_1
80c8bd1,36.13464703275285,-115.43781516137456,28,config_1
80c8bd3,36.129277048031106,-115.46150915854916,21,config_1
80c8bd5,36.14960661110844,-115.46150915854916,36,config_1
80c8bd7,36.15497781331856,-115.43781516137456,44,config_1
80c8bd9,36.16034404186293,-115.41411926909691,5,config_1
80c8bda4,36.143754667198436,-115.4200434192104,16,config_1
80c8bdac,36.133587526720234,-115.4200434192104,27,config_1
80c8bdb4,36.13626863765234,-115.40819500125025,12,config_1
80c8bdbc,36.14643608218881,-115.40819500125025,8,config_1
80c8bdd,36.1453720839082,-115.39042149308908,6,config_1
80c8be1,36.171061566714734,-115.366721844731,6,config_1
80c8be3,36.17641285742369,-115.34302033540983,49,config_1
80c8be44,36.1598244908843,-115.34894588658241,31,config_1
80c8be4c,36.16249843692565,-115.33709466863911,9,config_1
80c8be54,36.152329172867816,-115.33709466863911,18,config_1
80c8be5c,36.14965552950563,-115.34894588658241,5,config_1
80c8be7,36.15072714472364,-115.366721844731,11,config_1
80c8bec,36.12289054919738,-115.35487132197885,46,config_1
80c8bf1,36.14108029433042,-115.31931697651964,27,config_1
80c8bf24,36.124485094481486,-115.32524298901589,16,config_1
80c8bf2c,36.11431034589853,-115.32524298901589,15,config_1
80c8bf34,36.116980284647944,-115.31339084913785,16,config_1
80c8bf3c,36.1271553369523,-115.31339084913785,9,config_1
80c8bf44,36.1298243336019,-115.30153825043062,34,config_1
80c8bf4c,36.11964897780618,-115.30153825043062,22,config_1
80c8bf54,36.12231642502655,-115.28968519432021,22,config_1
80c8bf5c,36.132492084083694,-115.28968519432021,33,config_1
80c8bf64,36.142666447485546,-115.28968519432021,6,config_1
80c8bf6c,36.139998394117434,-115.30153825043062,28,config_1
80c8bf74,36.15017115869292,-115.30153825043062,21,config_1
80c8bf7c,36.1528395145723,-115.28968519432021,6,config_1
80c8bf9,36.16676243459129,-115.29561177946167,24,config_1
80c8bfb,36.16142232284863,-115.31931697651964,28,config_1
80c8bfd,36.181759163269945,-115.31931697651964,23,config_1
80c8bff,36.187100481475625,-115.29561177946167,27,config_1
80c8c01,36.19243680927147,-115.2719047556442,21,config_1
80c8c03,36.19776814389676,-115.24819591648244,30,config_1
80c8c05,36.177427689584,-115.24819591648244,42,config_1
80c8c07,36.17209755775709,-115.2719047556442,17,config_1
80c8c084,36.15550662347852,-115.27783168223313,10,config_1
80c8c08c,36.15817248506623,-115.26597771559624,11,config_1
80c8c094,36.14799881364551,-115.26597771559624,20,config_1
80c8c09c,36.14533325411005,-115.27783168223313,19,config_1
80c8c0a4,36.135158588051596,-115.27783168223313,7,config_1
80c8c0ac,36.12498262596289,-115.27783168223313,22,config_1
80c8c0b4,36.12764758026958,-115.26597771559624,19,config_1
80c8c0bc,36.13782384516007,-115.26597771559624,7,config_1
80c8c0d,36.13673119495518,-115.24819591648244,35,config_1
80c8c0e4,36.1533261900701,-115.24226842438286,8,config_1
80c8c0f4,36.16083709899058,-115.25412329583688,12,config_1
80c8c0fc,36.16350046490726,-115.24226842438286,48,config_1
80c8c104,36.16616258247251,-115.23041310266237,32,config_1
80c8c10c,36.16882345134311,-115.21855733210408,8,config_1
80c8c114,36.15864857400642,-115.21855733210408,18,config_1
80c8c11c,36.15598800627102,-115.23041310266237,32,config_1
80c8c124,36.14581213188157,-115.23041310266237,16,config_1
80c8c12c,36.13563495996362,-115.23041310266237,11,config_1
80c8c134,36.138294924306244,-115.21855733210408,4,config_1
80c8c13c,36.14847239810767,-115.21855733210408,32,config_1
80c8c15,36.1473716554225,-115.20077283782196,34,config_1
80c8c17,36.16772491072357,-115.20077283782196,36,config_1
80c8c19,36.18807296821603,-115.20077283782196,16,config_1
80c8c1b,36.18275282731858,-115.22448527339863,37,config_1
80c8c1d,36.20309448259938,-115.22448527339863,29,config_1
80c8c1f,36.20841582263584,-115.20077283782196,23,config_1
80c8c21,36.2137321612712,-115.17705862118852,8,config_1
80c8c23,36.19338810954008,-115.17705862118852,31,config_1
80c8c25,36.19869824856315,-115.15334263494128,49,config_1
80c8c27,36.219043495779204,-115.15334263494128,14,config_1
80c8c29,36.22434982344216,-115.12962489053015,13,config_1
80c8c2b,36.229651141551045,-115.10590539941185,22,config_1
80c8c2d,36.209303508839,-115.10590539941185,8,config_1
80c8c2f,36.20400338256624,-115.12962489053015,26,config_1
80c8c304,36.18741454126879,-115.13555449083438,21,config_1
80c8c309,36.17911907295877,-115.13851924999209,2,config_1
80c8c30a4,36.17497107709507,-115.14000161931254,1,config_1
80c8c30a9,36.17289701376188,-115.14074280140693,3,config_1
80c8c30ab,36.17162476547365,-115.14074280140693,10,config_1
80c8c30ac64,36.17193214986713,-115.13972367558608,3,config_1
80c8c30ac78f0693,36.17190900828805,-115.13996800731545,60,config_1
80c8c30ac78fc,36.17191385608319,-115.13996108586741,1,config_1
80c8c30acc,36.17155528224791,-115.1396310276238,23,config_1
80c8c30ad4,36.171720997487654,-115.13888984296355,1,config_1
80c8c30adc,36.172357129641064,-115.13888984296355,1,config_1
80c8c30b4,36.173089464924004,-115.13703687383178,3,config_1
80c8c30bc,36.17563394426891,-115.13703687383178,9,config_1
80c8c30d,36.1753558548569,-115.13258970433961,25,config_1
80c8c30f,36.18044470708662,-115.13258970433961,17,config_1
80c8c314,36.17988813011143,-115.1236951810567,19,config_1
80c8c31c,36.19006540829052,-115.1236951810567,8,config_1
80c8c33,36.188950661118966,-115.10590539941185,34,config_1
80c8c35,36.16859260365042,-115.10590539941185,34,config_1
80c8c364,36.15952966976442,-115.1236951810567,13,config_1
80c8c36c,36.16970955038311,-115.1236951810567,5,config_1
80c8c371,36.165177174651106,-115.13258970433961,5,config_1
80c8c373,36.170266677350945,-115.13258970433961,10,config_1
80c8c375,36.16894119307257,-115.13851924999209,40,config_1
80c8c377,36.1638517653674,-115.13851924999209,15,config_1
80c8c37c,36.1568797017764,-115.13555449083438,17,config_1
80c8c384,36.154228483053195,-115.14741336321894,48,config_1
80c8c3884,36.14875334167768,-115.1548249357093,45,config_1
80c8c388c,36.1512983584336,-115.1548249357093,6,config_1
80c8c3894,36.150635172413224,-115.1577895166306,3,config_1
80c8c389c,36.148090174460165,-115.1577895166306,31,config_1
80c8c38b,36.14836777216799,-115.16223633643396,3,config_1
80c8c38d,36.15345754928257,-115.16223633643396,9,config_1
80c8c38f,36.15478413397818,-115.15630722960665,8,config_1
80c8c394,36.16175499371383,-115.15927179677834,27,config_1
80c8c399,36.16628928635585,-115.1503780128046,12,config_1
80c8c39b,36.16120000872579,-115.1503780128046,15,config_1
80c8c39d,36.162526043378165,-115.14444868620676,18,config_1
80c8c39f,36.16761539606008,-115.14444868620676,38,config_1
80c8c3a04,36.171763689859574,-115.14296633742266,21,config_1
80c8c3a0c,36.17430813173141,-115.14296633742266,8,config_1
80c8c3a14,36.17364510818323,-115.14593102813977,3,config_1
80c8c3a1c,36.171100685053304,-115.14593102813977,27,config_1
80c8c3a3,36.171378238931915,-115.1503780128046,12,config_1
80c8c3a5,36.17646686637162,-115.1503780128046,25,config_1
80c8c3a7,36.17779312603964,-115.14444868620676,12,config_1
80c8c3ac,36.184762422825955,-115.14741336321894,47,config_1
80c8c3b4,36.18210905330095,-115.15927179677834,37,config_1
80c8c3bc,36.171932673722495,-115.15927179677834,29,config_1
80c8c3d,36.1730388517487,-115.17705862118852,49,config_1
80c8c3e4,36.15644570394281,-115.18298734169528,5,config_1
80c8c3ec,36.159100973800875,-115.17112979008085,9,config_1
80c8c3f4,36.148922294758464,-115.17112979008085,30,config_1
80c8c3fc,36.14626732586687,-115.18298734169528,12,config_1
80c8c404,36.136087649426486,-115.18298734169528,10,config_1
80c8c40c,36.13874231697798,-115.17112979008085,41,config_1
80c8c411,36.130442988527655,-115.17409421944862,8,config_1
80c8c413,36.13176989687615,-115.1681653331076,7,config_1
80c8c4144,36.127619993582094,-115.16964756504352,24,config_1
80c8c414c,36.1282833413873,-115.16668309427587,16,config_1
80c8c4154,36.125737750838006,-115.16668309427587,27,config_1
80c8c4159,36.12460385468265,-115.1689064499377,17,config_1
80c8c415b,36.125876663153676,-115.1689064499377,20,config_1
80c8c415d,36.12554497680513,-115.17038867842467,9,config_1
80c8c415f,36.12427217305125,-115.17038867842467,24,config_1
80c8c417,36.12535206391955,-115.17409421944862,31,config_1
80c8c41c,36.12590667528208,-115.18298734169528,22,config_1
80c8c421,36.11760636349675,-115.18595166041743,26,config_1
80c8c423,36.11893374536306,-115.18002299527818,23,config_1
80c8c425,36.11384224782728,-115.18002299527818,13,config_1
80c8c427,36.11251494155828,-115.18595166041743,4,config_1
80c8c429,36.10742319558925,-115.18595166041743,4,config_1
80c8c42b,36.102331125672436,-115.18595166041743,4,config_1
80c8c42d,36.10365828060659,-115.18002299527818,32,config_1
80c8c42f,36.10875042621419,-115.18002299527818,21,config_1
80c8c4301,36.11148927564831,-115.17631752334488,9,config_1
80c8c4303,36.11021628817507,-115.17631752334488,7,config_1
80c8c4305,36.110548000646574,-115.17483532247458,13,config_1
80c8c4307,36.111820992846056,-115.17483532247458,42,config_1
80c8c43084,36.11238801371062,-115.17372366728809,15,config_1
80c8c4308c,36.11175152090226,-115.17372366728809,15,config_1
80c8c43094,36.11191736427607,-115.17298256167214,42,config_1
80c8c4309c,36.112553858265734,-115.17298256167214,45,config_1
80c8c430a4,36.11271969794252,-115.17224145432999,46,config_1
80c8c430ac,36.112885532740876,-115.17150034526195,12,config_1
80c8c430b4,36.11224903638878,-115.17150034526195,14,config_1
80c8c430bc,36.11208320277161,-115.17224145432999,42,config_1
80c8c430d,36.111211367053116,-115.17187090001168,33,config_1
80c8c430e4,36.110644361105855,-115.17298256167214,12,config_1
80c8c430ec,36.111280865222724,-115.17298256167214,21,config_1
80c8c430f4,36.11111502303031,-115.17372366728809,10,config_1
80c8c430fc,36.110478520094915,-115.17372366728809,12,config_1
80c8c4311,36.109606676427276,-115.1733531146959,34,config_1
80c8c4313,36.10993834514819,-115.17187090001168,13,config_1
80c8c4315,36.10866530299022,-115.17187090001168,5,config_1
80c8c4317,36.108333638996115,-115.1733531146959,20,config_1
80c8c431c,36.108472624122115,-115.17557642377344,41,config_1
80c8c4324,36.1059265229424,-115.17557642377344,33,config_1
80c8c432c,36.10338034077081,-115.17557642377344,23,config_1
80c8c4331,36.1045144052018,-115.1733531146959,19,config_1
80c8c4333,36.103241286774384,-115.1733531146959,24,config_1
80c8c4335,36.103572931853975,-115.17187090001168,6,config_1
80c8c4337,36.1048460550111,-115.17187090001168,3,config_1
80c8c4339,36.10611915792039,-115.17187090001168,6,config_1
80c8c433b,36.10578750338208,-115.1733531146959,12,config_1
80c8c433d,36.10706058131396,-115.1733531146959,32,config_1
80c8c433f,36.10739224058052,-115.17187090001168,4,config_1
80c8c435,36.1063116540684,-115.1681653331076,12,config_1
80c8c437,36.11140395097143,-115.1681653331076,35,config_1
80c8c439,36.11649592378649,-115.1681653331076,24,config_1
80c8c43a1,36.113757350098744,-115.17187090001168,17,config_1
80c8c43a3,36.115030311236836,-115.17187090001168,12,config_1
80c8c43a44,36.11446330985098,-115.17298256167214,35,config_1
80c8c43a4c,36.11509978358428,-115.17298256167214,23,config_1
80c8c43a54,36.11493393430488,-115.17372366728809,16,config_1
80c8c43a5c,36.114297461752514,-115.17372366728809,4,config_1
80c8c43a64,36.11366098413591,-115.17372366728809,7,config_1
80c8c43a6c,36.113826831053345,-115.17298256167214,38,config_1
80c8c43a74,36.11319034719154,-115.17298256167214,34,config_1
80c8c43a7c,36.11302450145522,-115.17372366728809,27,config_1
80c8c43a9,36.11309396479138,-115.17483532247458,35,config_1
80c8c43ab,36.11276224286813,-115.17631752334488,38,config_1
80c8c43ad,36.11403518983323,-115.17631752334488,7,config_1
80c8c43af,36.114366916481266,-115.17483532247458,6,config_1
80c8c43b4,36.11611044160657,-115.17557642377344,38,config_1
80c8c43b9,36.11724447567074,-115.1733531146959,42,config_1
80c8c43bb,36.11597155977276,-115.1733531146959,36,config_1
80c8c43bd,36.11630325211673,-115.17187090001168,23,config_1
80c8c43bf,36.11757617273713,-115.17187090001168,6,config_1
80c8c43c4,36.119319666043495,-115.1726120082168,44,config_1
80c8c43cc,36.11865621871533,-115.17557642377344,15,config_1
80c8c43d4,36.12120191478048,-115.17557642377344,21,config_1
80c8c43d9,36.12233593664914,-115.1733531146959,1,config_1
80c8c43db,36.12106310179915,-115.1733531146959,8,config_1
80c8c43dd,36.121394813028424,-115.17187090001168,31,config_1
80c8c43df,36.122667652597926,-115.17187090001168,12,config_1
80c8c43e1,36.12299934902939,-115.17038867842467,49,config_1
80c8c43e3,36.12333102594292,-115.1689064499377,14,config_1
80c8c43e5,36.12205817693576,-115.1689064499377,25,config_1
80c8c43e7,36.12172650474085,-115.17038867842467,49,config_1
80c8c43ec,36.11998303530829,-115.16964756504352,27,config_1
80c8c43f4,36.12064632650436,-115.16668309427587,5,config_1
80c8c43fc,36.123192079206916,-115.16668309427587,9,config_1
80c8c444,36.12103128256712,-115.15927179677834,18,config_1
80c8c44c,36.11084711030547,-115.15927179677834,34,config_1
80c8c454,36.113498373657094,-115.14741336321894,14,config_1
80c8c45c,36.12368284792083,-115.14741336321894,10,config_1
80c8c464,36.13386602468232,-115.14741336321894,42,config_1
80c8c469,36.12933162561906,-115.15630722960665,18,config_1
80c8c46b,36.12800541740226,-115.16223633643396,22,config_1
80c8c46d,36.13309649287464,-115.16223633643396,44,config_1
80c8c46f,36.13442277648058,-115.15630722960665,20,config_1
80c8c471,36.139513602829844,-115.15630722960665,7,config_1
80c8c473,36.13818724388147,-115.16223633643396,40,config_1
80c8c475,36.143277670340105,-115.16223633643396,14,config_1
80c8c4764,36.1455450953252,-115.1577895166306,10,config_1
80c8c476c,36.14299993501861,-115.1577895166306,10,config_1
80c8c4774,36.14366306461291,-115.1548249357093,7,config_1
80c8c477c,36.14620824373401,-115.1548249357093,33,config_1
80c8c47c,36.144047903280054,-115.14741336321894,24,config_1
80c8c49,36.142932808823495,-115.12962489053015,46,config_1
80c8c4b,36.14822934170297,-115.10590539941185,33,config_1
80c8c4d,36.12786088055644,-115.10590539941185,9,config_1
80c8c4e4,36.11879715158407,-115.1236951810567,21,config_1
80c8c4ec,36.128982229163555,-115.1236951810567,16,config_1
80c8c4f4,36.12633316356612,-115.13555449083438,31,config_1
80c8c4fc,36.1161483875298,-115.13555449083438,5,config_1
80c8c51,36.102193103132244,-115.12962489053015,24,config_1
80c8c53,36.10748722550076,-115.10590539941185,17,config_1
80c8c55,36.08710838183607,-115.10590539941185,13,config_1
80c8c57,36.08181546920103,-115.12962489053015,34,config_1
80c8c584,36.07274751483164,-115.14741336321894,17,config_1
80c8c58c,36.07009746322491,-115.15927179677834,8,config_1
80c8c594,36.08028681737322,-115.15927179677834,11,config_1
80c8c59c,36.08293717247679,-115.14741336321894,46,config_1
80c8c5b,36.09689398218989,-115.15334263494128,49,config_1
80c8c5c1,36.08593922723349,-115.1681653331076,5,config_1
80c8c5c3,36.08461299958528,-115.17409421944862,13,config_1
80c8c5c5,36.089706516191335,-115.17409421944862,36,config_1
80c8c5c7,36.09103281965984,-115.1681653331076,6,config_1
80c8c5c9,36.09612608832972,-115.1681653331076,12,config_1
80c8c5cb,36.101219033160206,-115.1681653331076,44,config_1
80c8c5cc4,36.098951029549575,-115.1726120082168,17,config_1
80c8c5cc9,36.10102662480134,-115.17187090001168,33,config_1
80c8c5ccb,36.10229978845029,-115.17187090001168,15,config_1
80c8c5ccc4,36.10173277189022,-115.17298256167214,31,config_1
80c8c5cccc,36.10236934687944,-115.17298256167214,6,config_1
80c8c5ccd4,36.10220352123609,-115.17372366728809,15,config_1
80c8c5ccdc,36.10156694742963,-115.17372366728809,31,config_1
80c8c5cce4,36.10093036856216,-115.17372366728809,11,config_1
80c8c5cce9,36.10121388189082,-115.17316783823797,37,config_1
80c8c5cceb,36.10129679245823,-115.17279728499841,4,config_1
80c8c5cced,36.100978501019966,-115.17279728499841,3,config_1
80c8c5ccef,36.10089559074828,-115.17316783823797,9,config_1
80c8c5ccf4,36.10045960672864,-115.17298256167214,13,config_1
80c8c5ccfc,36.10029378463385,-115.17372366728809,14,config_1
80c8c5cd1,36.10036333405644,-115.17483532247458,20,config_1
80c8c5cd3,36.10163648824257,-115.17483532247458,32,config_1
80c8c5cd5,36.10130480887519,-115.17631752334488,3,config_1
80c8c5cd7,36.10003165942115,-115.17631752334488,2,config_1
80c8c5cdc,36.098287733493464,-115.17557642377344,22,config_1
80c8c5ce4,36.09574130840843,-115.17557642377344,46,config_1
80c8c5cec,36.096404585529235,-115.1726120082168,33,config_1
80c8c5cf4,36.093858060552634,-115.1726120082168,7,config_1
80c8c5cfc,36.09319480237297,-115.17557642377344,14,config_1
80c8c5d4,36.095355973238604,-115.18298734169528,33,config_1
80c8c5dc,36.08516981489515,-115.18298734169528,12,config_1
80c8c5e4,36.07498236215936,-115.18298734169528,6,config_1
80c8c5ec,36.077635213820464,-115.17112979008085,40,config_1
80c8c5f4,36.067446163399225,-115.17112979008085,28,config_1
80c8c5fc,36.06479361569548,-115.18298734169528,16,config_1
80c8c61,36.06590676176776,-115.20077283782196,29,config_1
80c8c63,36.060593878536835,-115.22448527339863,37,config_1
80c8c65,36.08096665513238,-115.22448527339863,32,config_1
80c8c67,36.086280755460095,-115.20077283782196,23,config_1
80c8c69,36.10664957250137,-115.20077283782196,50,config_1
80c8c6b,36.12701320758699,-115.20077283782196,26,config_1
80c8c6d,36.12169668205193,-115.22448527339863,34,config_1
80c8c6e4,36.105095665642715,-115.23041310266237,29,config_1
80c8c6ec,36.1077547220892,-115.21855733210408,23,config_1
80c8c6f4,36.09757206328352,-115.21855733210408,27,config_1
80c8c6fc,36.094913310217905,-115.23041310266237,42,config_1
80c8c71,36.09601395414801,-115.24819591648244,36,config_1
80c8c73,36.11637516518187,-115.24819591648244,35,config_1
80c8c75,36.11104865972556,-115.2719047556442,23,config_1
80c8c77,36.09068866347751,-115.2719047556442,31,config_1
80c8c784,36.07408339820056,-115.27783168223313,18,config_1
80c8c78c,36.063899673820174,-115.27783168223313,21,config_1
80c8c794,36.066562803441464,-115.26597771559624,14,config_1
80c8c79c,36.0767468328739,-115.26597771559624,10,config_1
80c8c7b,36.07564756715033,-115.24819591648244,38,config_1
80c8c7d,36.05527600949565,-115.24819591648244,24,config_1
80c8c7e4,36.04619086993227,-115.26597771559624,8,config_1
80c8c7ec,36.05637748223935,-115.26597771559624,15,config_1
80c8c7f4,36.05371465804539,-115.27783168223313,14,config_1
80c8c7fc,36.04352835154101,-115.27783168223313,14,config_1
80c8c81,36.02957765819035,-115.2719047556442,23,config_1
80c8c83,36.009197001973924,-115.2719047556442,21,config_1
80c8c85,36.01451740349338,-115.24819591648244,14,config_1
80c8c87,36.03489928650096,-115.24819591648244,21,config_1
80c8c8c,36.03268117370598,-115.21262927895731,47,config_1
80c8c94,35.991903417237666,-115.21262927895731,12,config_1
80c8c9c,35.98127625968569,-115.26005056226762,9,config_1
80c8cb,35.92539077607315,-115.23634081971663,29,config_1
80c8cc4,35.96170736992575,-115.16520084855117,45,config_1
80c8cd4,35.931460955964866,-115.11776536259309,18,config_1
80c8cdc,35.97228975375991,-115.11776536259309,50,config_1
80c8ce1,36.0055412274454,-115.10590539941185,29,config_1
80c8ce3,36.02594077234161,-115.10590539941185,23,config_1
80c8ce5,36.020651506832486,-115.12962489053015,30,config_1
80c8ce7,36.000253183623734,-115.12962489053015,6,config_1
80c8ce9,35.99496015044774,-115.15334263494128,1,config_1
80c8ceb,35.989662130640845,-115.17705862118852,8,config_1
80c8cec4,36.00628472199897,-115.17112979008085,18,config_1
80c8cecc,36.00363400589949,-115.18298734169528,16,config_1
80c8ced4,36.0138305007474,-115.18298734169528,18,config_1
80c8cedc,36.01648152305033,-115.17112979008085,31,config_1
80c8cef,36.01535725012008,-115.15334263494128,6,config_1
80c8cf1,36.03574918846839,-115.15334263494128,15,config_1
80c8cf3,36.03044872088342,-115.17705862118852,16,config_1
80c8cf5,36.05083427316732,-115.17705862118852,36,config_1
80c8cf7,36.056135960149646,-115.15334263494128,45,config_1
80c8cf9,36.06143265495794,-115.12962489053015,40,config_1
80c8cfb,36.04104466572452,-115.12962489053015,46,config_1
80c8cfd,36.04633514993096,-115.10590539941185,28,config_1
80c8cff,36.066724354872655,-115.10590539941185,31,config_1
80c8d01,36.07201105718284,-115.08218417304988,35,config_1
80c8d03,36.05162063837548,-115.08218417304988,19,config_1
80c8d05,36.05690112835448,-115.05846122291463,26,config_1
80c8d07,36.07729275918624,-115.05846122291463,13,config_1
80c8d09,36.082569458189184,-115.03473656048314,28,config_1
80c8d0b,36.0878411515067,-115.01101019723924,32,config_1
80c8d0d,36.06744710214479,-115.01101019723924,11,config_1
80c8d0e4,36.05839561186294,-115.02880512867458,14,config_1
80c8d0ec,36.06859347950314,-115.02880512867458,19,config_1
80c8d0f4,36.06595683454825,-115.04066788599087,14,config_1
80c8d0fc,36.055759269596756,-115.04066788599087,6,config_1
80c8d11,36.041778594557165,-115.03473656048314,37,config_1
80c8d13,36.04704786820424,-115.01101019723924,23,config_1
80c8d15,36.026643455021414,-115.01101019723924,12,config_1
80c8d17,36.021375395679115,-115.03473656048314,29,config_1
80c8d19,36.01610233617497,-115.05846122291463,22,config_1
80c8d1b,36.036504318904534,-115.05846122291463,42,config_1
80c8d1d,36.03122504393392,-115.08218417304988,32,config_1
80c8d1e4,36.01460458375439,-115.08811464169231,33,config_1
80c8d1ec,36.017245013652435,-115.0762535966716,29,config_1
80c8d1f4,36.007043187107506,-115.0762535966716,24,config_1
80c8d1fc,36.004403062311965,-115.08811464169231,34,config_1
80c8d3,35.967710408691985,-115.0465991050183,29,config_1
80c8d5,35.98875045124652,-114.95168692349858,37,config_1
80c8d64,36.05524722057443,-114.92795469794326,1,config_1
80c8d6c,36.04473992609327,-114.97541748848762,37,config_1
80c8d74,36.085542019716065,-114.97541748848762,8,config_1
80c8d7c,36.0960541374344,-114.92795469794326,15,config_1
80c8d9,36.151968372886415,-114.95168692349858,22,config_1
80c8da4,36.11578636891206,-115.02287359074474,20,config_1
80c8da9,36.0976792060714,-115.05846122291463,2,config_1
80c8dab,36.09239629502651,-115.08218417304988,41,config_1
80c8dad,36.11277634658714,-115.08218417304988,20,config_1
80c8daf,36.118060463691734,-115.05846122291463,19,config_1
80c8db1,36.138436526739184,-115.05846122291463,14,config_1
80c8db3,36.13315120655557,-115.08218417304988,34,config_1
80c8db5,36.15352086963277,-115.08218417304988,11,config_1
80c8db7,36.158807389915886,-115.05846122291463,8,config_1
80c8dbc,36.156542096049364,-115.02287359074474,18,config_1
80c8dc4,36.1972769952784,-115.02287359074474,16,config_1
80c8dcc,36.186710392401814,-115.07032291273677,26,config_1
80c8dd1,36.21988872739531,-115.05846122291463,2,config_1
80c8dd3,36.214598624679695,-115.08218417304988,7,config_1
80c8dd5,36.234947447405474,-115.08218417304988,27,config_1
80c8dd7,36.24023873831372,-115.05846122291463,20,config_1
80c8ddc,36.2379910243926,-115.02287359074474,19,config_1
80c8df,36.23345244958083,-114.95168692349858,23,config_1
80c8e1,36.31485281940864,-114.95168692349858,20,config_1
80c8e64,36.30877550054706,-115.07032291273677,4,config_1
80c8e6c,36.31935630426478,-115.02287359074474,2,config_1
80c8e71,36.286211713403176,-115.03473656048314,3,config_1
80c8e73,36.29149532658226,-115.01101019723924,8,config_1
80c8e744,36.27491917219269,-115.0169419468731,18,config_1
80c8e74c,36.27755928083803,-115.00507834202276,20,config_1
80c8e754,36.2673868675549,-115.00507834202276,12,config_1
80c8e75c,36.26474705370826,-115.0169419468731,8,config_1
80c8e77,36.265870979705184,-115.03473656048314,13,config_1
80c8e79,36.260583523024636,-115.05846122291463,15,config_1
80c8e7b,36.28092307629121,-115.05846122291463,8,config_1
80c8e7d,36.27562941791807,-115.08218417304988,25,config_1
80c8e7f,36.25529104689759,-115.08218417304988,13,config_1
80c8e81,36.24999355400581,-115.10590539941185,34,config_1
80c8e83,36.24469104703971,-115.12962489053015,26,config_1
80c8e85,36.2650270481186,-115.12962489053015,2,config_1
80c8e87,36.270330740964184,-115.10590539941185,25,config_1
80c8e8c,36.2981746062767,-115.11776536259309,25,config_1
80c8e91,36.28004793069013,-115.15334263494128,13,config_1
80c8e93,36.300372289310424,-115.15334263494128,3,config_1
80c8e95,36.2950562026907,-115.17705862118852,23,config_1
80c8e97,36.27473302762645,-115.17705862118852,13,config_1
80c8e99,36.2544046255519,-115.17705862118852,34,config_1
80c8e9b,36.25971834207905,-115.15334263494128,17,config_1
80c8e9d,36.23938352869831,-115.15334263494128,31,config_1
80c8e9f,36.234071001689344,-115.17705862118852,38,config_1
80c8ea1,36.22875346872914,-115.20077283782196,14,config_1
80c8ea3,36.24908590125218,-115.20077283782196,9,config_1
80c8ea5,36.24376217190349,-115.22448527339863,22,config_1
80c8ea7,36.223430932542655,-115.22448527339863,26,config_1
80c8ea9,36.21810339586348,-115.24819591648244,24,config_1
80c8eab,36.21277086143381,-115.2719047556442,25,config_1
80c8ead,36.233099708996946,-115.2719047556442,26,config_1
80c8eaf,36.238433440238126,-115.24819591648244,25,config_1
80c8eb1,36.25875827178481,-115.24819591648244,23,config_1
80c8eb3,36.25342334672381,-115.2719047556442,27,config_1
80c8eb5,36.27374176938748,-115.2719047556442,50,config_1
80c8eb7,36.27907788527774,-115.24819591648244,22,config_1
80c8eb9,36.284408997949065,-115.22448527339863,6,config_1
80c8ebb,36.264088195447165,-115.22448527339863,30,config_1
80c8ebd,36.269413114971364,-115.20077283782196,33,config_1
80c8ebf,36.28973510466325,-115.20077283782196,6,config_1
80c8ec1,36.31005186511455,-115.20077283782196,12,config_1
80c8ec3,36.330363391122106,-115.20077283782196,14,config_1
80c8ec5,36.32503491897982,-115.22448527339863,1,config_1
80c8ec7,36.304724574194715,-115.22448527339863,31,config_1
80c8ec9,36.299392275501305,-115.24819591648244,31,config_1
80c8ecb,36.29405497177117,-115.2719047556442,23,config_1
80c8ecd,36.31436294866821,-115.2719047556442,14,config_1
80c8ecf,36.31970143725001,-115.24819591648244,19,config_1
80c8ed4,36.34748586101624,-115.26005056226762,22,config_1
80c8ef,36.35381790489505,-115.14148398179033,2,config_1
80c8f4,36.46492651781005,-115.18891595142229,3,config_1
80c8fc,36.50741390380816,-114.99914638140322,1,config_1
80c904,36.54957829818912,-114.80926906488743,37,config_1
80c909,36.62157889487593,-114.6667939171,17,config_1
80c90b,36.642426527514814,-114.57177989160081,41,config_1
80c90d,36.561207179601425,-114.57177989160081,1,config_1
80c90f,36.54037740155701,-114.6667939171,35,config_1
80c911,36.45909064152397,-114.6667939171,14,config_1
80c912c,36.505427934405404,-114.54802266728746,15,config_1
80c9134,36.464751969021115,-114.54802266728746,38,config_1
80c9144,36.41367598483602,-114.59553564034555,7,config_1
80c9149,36.43163796605548,-114.55990146316435,2,config_1
80c914b,36.43682282947115,-114.53614350542233,8,config_1
80c914d,36.41646833151073,-114.53614350542233,26,config_1
80c914f,36.41128460490046,-114.55990146316435,30,config_1
80c9154,36.383336262852495,-114.54802266728746,1,config_1
80c917,36.37771894345563,-114.6667939171,1,config_1
80c91c,36.38705940951085,-114.80926906488743,31,config_1
80c924,36.224202558830996,-114.80926906488743,32,config_1
80c929,36.09138022036734,-114.85674817305113,46,config_1
80c92ac,35.98404873975505,-114.88048531119581,14,config_1
80c92b4,35.99450624965976,-114.83300942043498,33,config_1
80c92bc,36.035364316912265,-114.83300942043498,8,config_1
80c92c4,36.04580658848869,-114.78552711795506,26,config_1
80c92c9,36.012553582643534,-114.79739828962245,21,config_1
80c92cb,35.992117553142826,-114.79739828962245,6,config_1
80c92cd,35.997330651558414,-114.7736555513296,2,config_1
80c92cf,36.017767888828466,-114.7736555513296,28,config_1
80c92d04,36.026784046618644,-114.75584746400553,2,config_1
80c92d0c,36.029387581913795,-114.74397491630648,1,config_1
80c92d11,36.02107343784654,-114.74694308984084,3,config_1
80c92d15,36.017265379095676,-114.74100671840341,46,config_1
80c92d17,36.01596411364182,-114.74694308984084,6,config_1
80c92d1c,36.01656627268352,-114.75584746400553,18,config_1
80c92d3,36.00253872815009,-114.74991123898384,32,config_1
80c92d5,36.00774178032816,-114.72616536414777,13,config_1
80c92d6aa4,36.01592432997519,-114.73692540653859,6,config_1
80c92d6aac,36.01576172008676,-114.7376674666623,7,config_1
80c92d6ab4,36.01640043578503,-114.7376674666623,30,config_1
80c92d6abc,36.01656304684919,-114.73692540653859,9,config_1
80c92d6ad,36.017439806857475,-114.73729643679044,6,config_1
80c92dc,36.056228759588706,-114.73803849615418,3,config_1
80c92f,36.112279149318695,-114.76178359119083,4,config_1
80c934,36.102628128582666,-114.61928990191176,3,config_1
80c939,36.23547855347918,-114.57177989160081,13,config_1
80c93b,36.214722061058694,-114.6667939171,40,config_1
80c93f,36.31703773317801,-114.57177989160081,1,config_1
80c941,36.337731739552225,-114.47674225712757,39,config_1
80c943,36.358344498831705,-114.38168175769879,10,config_1
80c945,36.27674846015434,-114.38168175769879,2,config_1
80c947,36.25615407294312,-114.47674225712757,28,config_1
80c94c,36.14392296553471,-114.42921481897034,3,config_1
80c954,36.18489365354469,-114.23904976812737,1,config_1
80c964,36.51138634433616,-114.23904976812737,8,config_1
80c969,36.439855704707355,-114.38168175769879,11,config_1
80c96a4,36.404023693482515,-114.45297924676231,1,config_1
80c96b1,36.42682054284531,-114.48862322713724,20,config_1
80c96b3,36.421646978318144,-114.51238408953819,36,config_1
80c96b44,36.438208281476115,-114.50644400909464,7,config_1
80c96b4c,36.43561980301177,-114.51832407957438,29,config_1
80c96b54,36.44579614962595,-114.51832407957438,18,config_1
80c96b5c,36.44838491126072,-114.50644400909464,8,config_1
80c96bc,36.44475125126956,-114.45297924676231,16,config_1
80c96d,36.50063279904503,-114.47674225712757,39,config_1
80c974,36.63293281274744,-114.42921481897034,9,config_1
80c97c,36.67412037341553,-114.23904976812737,4,config_1
80c9c,37.01727952299506,-114.52426397902158,27,config_1
80cb,36.9367763776853,-113.38235448459531,30,config_1
80ce3,34.84720364336053,-114.71429184441094,1,config_1
80ce44,35.11610375822414,-114.61928990191176,42,config_1
80ce54,35.24011698621117,-114.80926906488743,5,config_1
80ce5c,35.281333842261816,-114.61928990191176,14,config_1
80ce7,35.25992474605841,-114.33414316655818,44,config_1
80ceb,35.91874996672142,-114.33414316655818,1,config_1
80cec4,35.77509312045265,-114.61928990191176,23,config_1
80cec9,35.90840399813907,-114.57177989160081,6,config_1
80cecd,35.96959807017503,-114.6667939171,22,config_1
80cecf,35.887723793217155,-114.6667939171,23,config_1
80ced3,35.94881805010629,-114.76178359119083,26,config_1
80ced5,35.92795773402578,-114.85674817305113,27,config_1
80cedc,35.73363119451221,-114.80926906488743,12,config_1
80cf1,35.424629289101,-115.09404500241959,9,config_1
80cf3,35.752747515702225,-115.09404500241959,29,config_1
80cf43,35.555730911207725,-115.42596745141297,20,config_1
80cf45,35.63760778095118,-115.42596745141297,29,config_1
80cf47,35.658905475223996,-115.33116888644844,4,config_1
80cf4c,35.77094577976437,-115.3785719022423,32,config_1
80cf64,35.40074954007604,-115.5681083893613,42,config_1
80cf6c,35.44339773152336,-115.3785719022423,27,config_1
80cf7c,35.23658040050293,-115.5681083893613,7,config_1
80cfc,34.88818150017172,-115.28375849518459,5,config_1
881,42.524635683013194,-87.53958546140831,26,config_1
86d84,32.648380018365515,-109.18800474020169,6,config_2
86d8c,32.76613104394006,-108.42760468979141,94,config_2
86d94,32.06630758392501,-108.42760468979141,73,config_2
86d99,31.80408405118572,-108.99776892942042,37,config_2
86d9b,32.15460438361439,-108.99776892942042,82,config_2
86d9d,32.09496324337445,-109.37832062678952,46,config_2
86db,30.951860899740495,-108.80761947009503,9,config_2
86dd,31.170406262378183,-107.29028389464884,52,config_2
86de01,32.019847820666364,-106.58197892714489,3,config_2
86de03,32.10820732637211,-106.58197892714489,1,config_2
86de05,32.095526748904746,-106.67629204160652,60,config_2
86de07,32.00718620532801,-106.67629204160652,71,config_2
86de0c,32.03221071194093,-106.81783770824106,8,config_2
86de11,32.171018276513166,-106.77064581500318,21,config_2
86de15,32.24632188966349,-106.86503947741906,22,config_2
86de164,32.27801942286534,-106.79424052110762,27,config_2
86de174,32.240365624161775,-106.74705360196708,17,config_2
86de17c,32.284440226654915,-106.74705360196708,57,config_2
86de1c,32.234269414640345,-106.62913035392717,91,config_2
86de24,32.410542694906425,-106.62913035392717,51,config_2
86de2c,32.586526531080814,-106.62913035392717,3,config_2
86de34,32.56080230374652,-106.81783770824106,1,config_2
86de3c,32.38489213056626,-106.81783770824106,84,config_2
86de5,32.433755500824994,-107.10119308682007,21,config_2
86de7,32.081587719312495,-107.10119308682007,11,config_2
86dec,32.17764290641432,-107.66888695938226,76,config_2
86df4,32.87874636367703,-107.66888695938226,75,config_2
86dfc,32.9862181299786,-106.91225102614887,15,config_2
86e01,33.23849020435528,-106.34637906744265,3,config_2
86e03,33.28850514479508,-105.96998775016152,20,config_2
86e05,32.93784515433881,-105.96998775016152,45,config_2
86e061,32.775156724602994,-106.20514842188963,83,config_2
86e063,32.7626664424942,-106.29929122158622,55,config_2
86e065,32.850499433579586,-106.29929122158622,73,config_2
86e067,32.86300707999088,-106.20514842188963,3,config_2
86e074,32.963157740474074,-106.44058717271729,1,config_2
86e07c,32.787694115309435,-106.44058717271729,1,config_2
86e0c,32.385088575201415,-106.15809365922375,40,config_2
86e1c,33.18574821781208,-105.4068079114331,54,config_2
86e23,33.079426879719094,-104.84546192392926,1,config_2
86e264,33.398952082914576,-104.37919124556632,42,config_2
86e26c,33.37685367394108,-104.56552726119028,87,config_2
86e27c,33.574494440568245,-104.37919124556632,1,config_2
86e34,32.65834488440744,-103.91439904540992,20,config_2
86e3c,32.5722853627744,-104.65878213755632,9,config_2
86e41,32.017874584916534,-104.84546192392926,80,config_2
86e43,31.661700424984133,-104.84546192392926,10,config_2
86e46c,31.96192235045522,-104.56552726119028,1,config_2
86e474,32.139826715218454,-104.56552726119028,5,config_2
86e479,32.20055042927582,-104.42575330143909,87,config_2
86e47b,32.111645740005606,-104.42575330143909,11,config_2
86e47f,32.21131504337181,-104.33264397534353,4,config_2
86e4c,31.947010046504747,-103.91439904540992,12,config_2
86e54,31.231107306566113,-103.91439904540992,10,config_2
86e5c,31.14713046514542,-104.65878213755632,12,config_2
86e64,31.058272187934506,-105.4068079114331,4,config_2
86e6c,31.771963856377475,-105.4068079114331,10,config_2
86e71,31.52340376801829,-105.96998775016152,6,config_2
86e73,31.878720555726105,-105.96998775016152,41,config_2
86e744,31.753503408281755,-106.25221430786118,53,config_2
86e74c,31.930773674215153,-106.25221430786118,2,config_2
86e754,31.905979196891007,-106.44058717271729,59,config_2
86e75c,31.728784761462734,-106.44058717271729,86,config_2
86e77,31.474820460529326,-106.34637906744265,31,config_2
86e7c,30.964506716398027,-106.15809365922375,2,config_2
86ed,28.654208362025958,-104.2861115827901,89,config_2
86ee4,29.786700406602325,-103.91439904540992,36,config_2
86eec,29.705042955179085,-104.65878213755632,4,config_2
86ef4,30.428062733481102,-104.65878213755632,16,config_2
86ef9,30.671013388404216,-104.10013262592865,71,config_2
86efb,30.31003056569537,-104.10013262592865,70,config_2
86efd,30.350115640511518,-103.72891667819331,8,config_2
86eff,30.711379292007017,-103.72891667819331,37,config_2
86f1,30.263803246138146,-102.80547525792774,54,config_2
86f204,29.380350761792247,-103.451176849024,22,config_2
86f20c,29.197958880194463,-103.451176849024,37,config_2
86f2104,29.278116857456865,-103.33562723188659,20,config_2
86f210c,29.28277941214237,-103.28943675756224,47,config_2
86f2114,29.237151679564768,-103.28943675756224,41,config_2
86f211c,29.232493670428422,-103.33562723188659,4,config_2
86f213,29.166361090652924,-103.31252988549524,8,config_2
86f215,29.175627501036313,-103.22018279623359,2,config_2
86f217,29.266923941289853,-103.22018279623359,6,config_2
86f21c,29.3991184946125,-103.26634785926352,56,config_2
86f23,29.33547073089173,-102.9896150485228,60,config_2
86f25,28.96988888169498,-102.9896150485228,5,config_2
86f27,28.933292099473064,-103.35872878555274,5,config_2
86f5,28.936850205971126,-101.34310583455695,13,config_2
86f7,30.400162337945318,-101.34310583455695,45,config_2
86f9,31.84730436225948,-101.34310583455695,31,config_2
86fb,31.707254188342684,-102.80547525792774,66,config_2
86fd,33.13265357551238,-102.80547525792774,48,config_2
86fe1,33.754694328699955,-101.8891720843707,71,config_2
86fe3,33.78958345620406,-101.52480554998527,1,config_2
86fe5,33.436282275214694,-101.52480554998527,19,config_2
86fe7,33.40157358444473,-101.8891720843707,30,config_2
86fec,32.88684586721839,-101.70682943311247,20,config_2
86ff4,32.953302765371205,-100.98070031132626,81,config_2
86ffc,33.66302387809893,-100.98070031132626,7,config_2
87201,33.53607556284961,-106.72346389403498,1,config_2
87203,33.88370872562598,-106.72346389403498,44,config_2
87205,33.830572146608404,-107.10119308682007,27,config_2
87207,33.4832070469496,-107.10119308682007,30,config_2
8720c,33.575100397447606,-107.66888695938226,1,config_2
87214,34.266467139229505,-107.66888695938226,47,config_2
8721c,34.37614615830161,-106.91225102614887,78,config_2
872204,34.846246578644894,-106.62913035392717,10,config_2
872209,34.981537677748776,-106.58197892714489,14,config_2
87220a4,35.04911129240711,-106.55840709161933,9,config_2
87220ac,35.09193702297951,-106.55840709161933,23,config_2
87220b1,35.07628263112154,-106.59376581662562,24,config_2
87220b3,35.0976887717331,-106.59376581662562,23,config_2
87220b5,35.09438140462687,-106.6173415315181,34,config_2
87220b7,35.072976155034574,-106.6173415315181,34,config_2
87220bc,35.042511398618444,-106.60555335191708,18,config_2
87220c4,35.03589074856492,-106.6527099211625,39,config_2
87220c9,35.06966448711829,-106.64091981764263,55,config_2
87220cb,35.091068844006315,-106.64091981764263,86,config_2
87220cd,35.0877510894197,-106.66450066298461,73,config_2
87220cf,35.066347626922415,-106.66450066298461,8,config_2
87220d4,35.07206433186745,-106.69987670323877,58,config_2
87220dc,35.02924933866187,-106.69987670323877,70,config_2
87220f,34.96830717635516,-106.67629204160652,61,config_2
872214,34.99114394854021,-106.81783770824106,17,config_2
87221c,34.819663616385284,-106.81783770824106,58,config_2
87223,34.86490572500623,-107.10119308682007,33,config_2
87225,35.207004810685156,-107.10119308682007,2,config_2
872264,35.33307355223786,-106.81783770824106,7,config_2
87226c,35.162281673434464,-106.81783770824106,40,config_2
872271,35.22507824357043,-106.67629204160652,26,config_2
8722724,35.15762967390655,-106.69987670323877,28,config_2
872272c,35.11485779380944,-106.69987670323877,41,config_2
8722734,35.12150637234639,-106.6527099211625,45,config_2
872273c,35.16428181181114,-106.6527099211625,31,config_2
8722744,35.17091314944776,-106.60555335191708,44,config_2
872274c,35.12813416403872,-106.60555335191708,56,config_2
8722754,35.134741172517664,-106.55840709161933,4,config_2
872275c,35.177523690470935,-106.55840709161933,6,config_2
872277,35.238351495469196,-106.58197892714489,76,config_2
87227c,35.359828813793214,-106.62913035392717,17,config_2
8722c,35.7449475871579,-106.91225102614887,89,config_2
87234,35.63334655030604,-107.66888695938226,36,config_2
872384,35.16552393244321,-107.95318355546407,14,config_2
87238c,34.99508840818153,-107.95318355546407,32,config_2
872394,35.02378778071477,-107.7636209979384,27,config_2
87239c,35.194284888992044,-107.7636209979384,85,config_2
8723b,35.15154820689286,-107.47951725467925,66,config_2
8723d,34.809689335356424,-107.47951725467925,16,config_2
8723f,34.7531441277272,-107.8583867896444,43,config_2
87244,34.83661551454136,-108.42760468979141,64,config_2
87249,35.37662785120905,-108.23775189843867,24,config_2
8724d,35.65528736324771,-108.61756263435514,58,config_2
8724f,35.31691103423013,-108.61756263435514,32,config_2
87254,35.39399076379331,-109.18800474020169,41,config_2
8725c,34.715284394145534,-109.18800474020169,49,config_2
8727,33.74786648533911,-108.80761947009503,99,config_2
873a4,36.73477252185684,-109.18800474020169,100,config_2
873ac,36.06721734694656,-109.18800474020169,14,config_2
873b4,36.19054884940218,-108.42760468979141,52,config_2
873b84,36.65406049425573,-108.14286689033348,82,config_2
873b8c,36.82088445948896,-108.14286689033348,89,config_2
873b94,36.79088438031434,-108.33266475883127,13,config_2
873bb,36.661941153360814,-108.61756263435514,21,config_2
873bd,36.99459028375367,-108.61756263435514,1,config_2
873bf,37.055429494622416,-108.23775189843867,11,config_2
873c4,36.97772057880847,-107.66888695938226,65,config_2
873cc,36.308443175380226,-107.66888695938226,40,config_2
873d1,36.561320622661704,-107.10119308682007,1,config_2
873d3,36.224902575772305,-107.10119308682007,7,config_2
873d5,36.27967216230119,-106.72346389403498,44,config_2
873d7,36.616289220339816,-106.72346389403498,55,config_2
873d84,36.88134178233343,-106.62913035392717,53,config_2
873d94,37.02129255954886,-106.81783770824106,59,config_2
873d9c,36.85412672205451,-106.81783770824106,4,config_2
873db,36.896259290597975,-107.10119308682007,19,config_2
873dd,37.229696462462684,-107.10119308682007,3,config_2
873df,37.28503790867621,-106.72346389403498,3,config_2
87004,34.36746385834631,-100.98070031132626,7,config_2
8700c,35.06638763194719,-100.98070031132626,40,config_2
87011,34.84140855274732,-101.52480554998527,48,config_2
87013,35.189228744240104,-101.52480554998527,14,config_2
87015,35.15367716123179,-101.8891720843707,92,config_2
87017,34.806013735039926,-101.8891720843707,6,config_2
8701c,34.299617578644025,-101.70682943311247,14,config_2
87024,34.22684746365561,-102.43805808577758,8,config_2
8702c4,34.226411649394365,-103.26634785926352,6,config_2
8702dc4,34.381689370828894,-103.24326320176718,37,config_2
8702dd9,34.3771002599812,-103.18557018475742,21,config_2
8702ddb,34.37457880958151,-103.20864419143828,18,config_2
8702ddd,34.396382639212696,-103.20864419143828,73,config_2
8702ddf,34.39890483511509,-103.18557018475742,76,config_2
8702de04,34.41588468811903,-103.17980235137554,24,config_2
8702de0c,34.414624549078056,-103.19133828562867,23,config_2
8702de14,34.42552275007026,-103.19133828562867,32,config_2
8702de1c,34.42678307466757,-103.17980235137554,32,config_2
8702de3,34.442498008154864,-103.18557018475742,89,config_2
8702de5,34.43997432617424,-103.20864419143828,65,config_2
8702de64,34.42299838633183,-103.21441336052646,34,config_2
8702de6c,34.42426118736059,-103.20287528914318,33,config_2
8702de74,34.413363172128136,-103.20287528914318,36,config_2
8702de7c,34.41210055706262,-103.21441336052646,37,config_2
8702de9,34.41565325398787,-103.23172246680781,100,config_2
8702deb,34.413120406016596,-103.25480499971735,22,config_2
8702ded,34.43491209584081,-103.25480499971735,7,config_2
8702def,34.437445689285205,-103.23172246680781,30,config_2
8702df4,34.46885760475188,-103.24326320176718,6,config_2
8702dfc,34.47391710430892,-103.1971066538153,14,config_2
8702e1,34.45968142861623,-103.12790391666044,83,config_2
8702e7,34.372477028940764,-103.12790391666044,55,config_2
8702ec,34.24650469907109,-103.08179027824441,4,config_2
87034,34.845982406002406,-103.17403478565704,95,config_2
8703c,34.92446954871148,-102.43805808577758,5,config_2
8705,35.921155923343846,-102.80547525792774,43,config_2
8707,36.06991069362731,-101.34310583455695,52,config_2
87084,37.1279063705676,-100.98070031132626,44,config_2
8708c,37.05782634326976,-101.70682943311247,25,config_2
87094,37.73214758319636,-101.70682943311247,62,config_2
87099,37.95317939829766,-101.16173564777472,21,config_2
8709b,37.617457639305286,-101.16173564777472,21,config_2
8709d,37.65139818663326,-100.80000510701574,29,config_2
8709e4,37.91172586532694,-100.70978669392025,13,config_2
8709ec,37.895033058182015,-100.89030986411571,66,config_2
8709f4,38.06252517642836,-100.89030986411571,35,config_2
8709fc,38.079242383173195,-100.70978669392025,2,config_2
870a4,38.470949065435285,-100.98070031132626,35,config_2
870a9,38.984796304981984,-100.80000510701574,19,config_2
870ab,39.313959130767,-100.80000510701574,78,config_2
870ad,39.279558179318556,-101.16173564777472,60,config_2
870af,38.950477358043486,-101.16173564777472,20,config_2
870b1,38.9148740680343,-101.52480554998527,33,config_2
870b3,39.243869314979136,-101.52480554998527,19,config_2
870b5,39.20688202679373,-101.8891720843707,28,config_2
870b7,38.87797600437521,-101.8891720843707,36,config_2
870bc,38.40001605776872,-101.70682943311247,11,config_2
870d,38.61504389066563,-102.80547525792774,10,config_2
870f,37.280690496116634,-102.80547525792774,23,config_2
87104,36.81668198411202,-103.91439904540992,53,config_2
8710c,36.72578603577055,-104.65878213755632,83,config_2
87164,37.198730971474454,-106.15809365922375,38,config_2
8716c,37.301042914278284,-105.4068079114331,1,config_2
87171,36.77304966069307,-105.59433880659961,18,config_2
87173,36.82259813646065,-105.21948079223417,7,config_2
87175,36.485245148115986,-105.21948079223417,37,config_2
871764,36.363801617410125,-105.50054826391207,96,config_2
87176c,36.53278727292038,-105.50054826391207,98,config_2
871774,36.50774220284412,-105.68817878401569,58,config_2
87177c,36.33880202907964,-105.68817878401569,25,config_2
87179,36.38515415061818,-105.96998775016152,7,config_2
8717b,36.722151002665655,-105.96998775016152,3,config_2
8717d,36.669898534535236,-106.34637906744265,7,config_2
8717e4,36.40419061592764,-106.44058717271729,61,config_2
8717ec,36.4305850237201,-106.25221430786118,2,config_2
8717f4,36.261785776337085,-106.25221430786118,18,config_2
8717fc,36.235439857874695,-106.44058717271729,21,config_2
871804,36.066322744700045,-106.44058717271729,1,config_2
87180c,35.89684222049558,-106.44058717271729,43,config_2
871814,35.92308808854413,-106.25221430786118,63,config_2
87181c,36.092619151034164,-106.25221430786118,3,config_2
871824,36.11857916470452,-106.06401788566258,63,config_2
87182c,36.14420314409097,-105.87600401452671,83,config_2
871834,35.97457335763054,-105.87600401452671,20,config_2
871839,35.91296844269162,-106.0169970655137,51,config_2
87183b,35.99785592227153,-106.0169970655137,32,config_2
87183d,35.98497841654831,-106.11105011534488,35,config_2
871844,35.77905507079722,-106.06401788566258,30,config_2
87184c,35.804580102292995,-105.87600401452671,70,config_2
8718501,35.697686670922295,-105.95823723010454,12,config_2
8718503,35.70086851299104,-105.93473837093502,28,config_2
87185041,35.68636562168683,-105.9435501018285,43,config_2
87185043,35.68104088491781,-105.9435501018285,4,config_2
87185045,35.681835845244265,-105.93767556900599,18,config_2
871850464,35.68602816647633,-105.93620696427305,37,config_2
87185046c,35.685630749098316,-105.9391441851309,29,config_2
871850474,35.68829304873787,-105.9391441851309,48,config_2
87185047c,35.68869047856378,-105.93620696427305,11,config_2
8718504c,35.685690149116915,-105.92886411158973,15,config_2
87185054,35.675039727194395,-105.92886411158973,3,config_2
8718505c,35.67345060774419,-105.94061281264489,4,config_2
8718507,35.676389621273174,-105.95823723010454,61,config_2
8718509,35.6550869796053,-105.95823723010454,53,config_2
871850b,35.63377875196064,-105.95823723010454,27,config_2
871850d,35.636958197103226,-105.93473837093502,23,config_2
871850f,35.65826722569183,-105.93473837093502,26,config_2
8718514,35.65237340790974,-105.8994955568318,9,config_2
871851c,35.69498267871954,-105.8994955568318,34,config_2
871855,35.59789525527132,-105.82902978439431,1,config_2
871857,35.585247982808376,-105.92299003479476,49,config_2
871859,35.57251741627937,-106.0169970655137,12,config_2
87185a4,35.63965402259763,-105.99349096378698,61,config_2
87185ac,35.68225690159818,-105.99349096378698,28,config_2
87185b4,35.67586271998673,-106.04050604344077,6,config_2
87185bc,35.63326305577933,-106.04050604344077,36,config_2
87185d,35.64493769382002,-106.11105011534488,7,config_2
87185f,35.55970350869149,-106.11105011534488,7,config_2
871864,35.582944657038276,-106.25221430786118,14,config_2
87186c,35.75319557802099,-106.25221430786118,99,config_2
871874,35.72700127765383,-106.44058717271729,25,config_2
87187c,35.55680295686417,-106.44058717271729,4,config_2
871884,35.38625034709729,-106.44058717271729,40,config_2
87188c,35.41233841157553,-106.25221430786118,34,config_2
871894,35.24137997599311,-106.25221430786118,17,config_2
871899,35.17910219288023,-106.39347774973939,33,config_2
87189b,35.26464825492727,-106.39347774973939,3,config_2
87189d,35.251541488631815,-106.48770724055002,7,config_2
87189f,35.166009331051164,-106.48770724055002,63,config_2
8718b,34.971355628787144,-106.34637906744265,73,config_2
8718d,35.02259244971104,-105.96998775016152,15,config_2
8718e4,35.2924500800989,-105.87600401452671,59,config_2
8718f4,35.43809330417531,-106.06401788566258,47,config_2
8718fc,35.46351535917702,-105.87600401452671,85,config_2
87191,35.4154978402409,-105.59433880659961,45,config_2
87193,35.072507055688185,-105.59433880659961,58,config_2
87195,35.1211025928096,-105.21948079223417,61,config_2
87197,35.4642994905847,-105.21948079223417,78,config_2
8719c,35.95203495587482,-105.4068079114331,100,config_2
871a4,36.04756590113465,-104.65878213755632,38,config_2
871ac,36.13780041436311,-103.91439904540992,2,config_2
871b5,35.302377299176655,-103.72891667819331,83,config_2
871b7,35.259014986161645,-104.10013262592865,51,config_2
871bc,35.363455761931455,-104.65878213755632,13,config_2
871c4,34.67365469013606,-104.65878213755632,93,config_2
871c9,34.91381763214866,-104.10013262592865,43,config_2
871cb,34.95699235229625,-103.72891667819331,59,config_2
871cd,34.61020581512252,-103.72891667819331,17,config_2
871cf,34.56722575755272,-104.10013262592865,44,config_2
871d4,34.06627961898421,-103.91439904540992,3,config_2
871dc,33.97837437463926,-104.65878213755632,50,config_2
871e4,33.88533093553131,-105.4068079114331,6,config_2
871ec,34.57972068769978,-105.4068079114331,54,config_2
871f4,34.480559177765166,-106.15809365922375,16,config_2
871fc,33.78711753474757,-106.15809365922375,41,config_2
87a04,39.19874377148038,-100.26001249402657,72,config_2
87a0c,38.53678925738163,-100.26001249402657,33,config_2
87a11,38.74906297178233,-99.72326726161637,3,config_2
87a13,38.416278772466775,-99.72326726161637,35,config_2
87a15,38.44542365342382,-99.36730841665778,17,config_2
87a17,38.77828491665368,-99.36730841665778,49,config_2
87a1c,39.25988557805692,-99.54509739864785,68,config_2
87a24,39.31609316655254,-98.83627550306029,63,config_2
87a2c,39.36747025008236,-98.13385582671398,40,config_2
87a31,38.858668617817585,-98.30884408222222,44,config_2
87a33,38.8830798923523,-97.95928633924419,36,config_2
87a35,38.5499451019848,-97.95928633924419,16,config_2
87a37,38.525597147158166,-98.30884408222222,27,config_2
87a39,38.50006986988954,-98.66005856336714,62,config_2
87a3b,38.83307469451011,-98.66005856336714,16,config_2
87a3d,38.806284537431104,-99.0128926396605,30,config_2
87a3f,38.47334975742056,-99.0128926396605,12,config_2
87a41,38.138735986647525,-99.0128926396605,61,config_2
87a43,37.802462568688064,-99.0128926396605,16,config_2
87a45,37.829030580050166,-98.66005856336714,23,config_2
87a47,38.1653820639354,-98.66005856336714,10,config_2
87a484,38.268427696008075,-98.39649382124541,20,config_2
87a494,38.113063531510804,-98.22129789306325,41,config_2
87a49c,38.28086984908789,-98.22129789306325,67,config_2
87a4a4,38.293018673321384,-98.04651845312563,30,config_2
87a4ac,38.30487589390091,-97.87216004899976,38,config_2
87a4b1,38.17610090184898,-97.91570993103981,11,config_2
87a4b3,38.181950730428426,-97.82863676314237,52,config_2
87a4b5,38.09792411347811,-97.82863676314237,14,config_2
87a4b7,38.09207847421413,-97.91570993103981,68,config_2
87a4bc,38.12519515900761,-98.04651845312563,66,config_2
87a4c1,37.99605187981117,-98.09017401782,22,config_2
87a4c3,37.9118305004598,-98.09017401782,12,config_2
87a4c5,37.91781245903109,-98.0028892034051,11,config_2
87a4c7,38.00203825296458,-98.0028892034051,91,config_2
87a4c9,38.0079520281108,-97.91570993103981,45,config_2
87a4cb,38.01379342249101,-97.82863676314237,20,config_2
87a4cd,37.929558970532746,-97.82863676314237,38,config_2
87a4cf,37.92372187673891,-97.91570993103981,42,config_2
87a4d4,37.80010718053806,-97.87216004899976,1,config_2
87a4f,37.854413086928595,-98.30884408222222,60,config_2
87a51,37.516339847404666,-98.30884408222222,6,config_2
87a53,37.540475869776444,-97.95928633924419,16,config_2
87a55,37.20069800913137,-97.95928633924419,52,config_2
87a57,37.17664007369433,-98.30884408222222,51,config_2
87a59,37.15141789112534,-98.66005856336714,51,config_2
87a5b,37.49103554050732,-98.66005856336714,33,config_2
87a5d,37.46454966440201,-99.0128926396605,16,config_2
87a5f,37.12501825652961,-99.0128926396605,37,config_2
87a64,37.25308031593278,-99.54509739864785,76,config_2
87a69,37.77469604920507,-99.36730841665778,23,config_2
87a6b,38.11088756915965,-99.36730841665778,54,config_2
87a6d,38.08182410276906,-99.72326726161637,8,config_2
87a6f,37.74571839138519,-99.72326726161637,61,config_2
87a704,37.63891819027388,-99.99122538486702,13,config_2
87a70c,37.623521619842116,-100.17032573166424,18,config_2
87a714,37.791925900592524,-100.17032573166424,2,config_2
87a71c,37.807346014115,-99.99122538486702,69,config_2
87a73,38.051533265291624,-100.08072981765946,9,config_2
87a75,38.020003135223114,-100.43965601897102,8,config_2
87a77,37.684081092744144,-100.43965601897102,43,config_2
87a7c,37.1929620617629,-100.26001249402657,12,config_2
87a9,36.198654568532326,-99.90181306343518,16,config_2
87aa4,35.12996144190496,-100.26001249402657,45,config_2
87aac,34.43046004733547,-100.26001249402657,30,config_2
87ab4,34.48868718731357,-99.54509739864785,7,config_2
87ab9,35.02816535788302,-99.36730841665778,8,config_2
87abb,35.000036942855736,-99.72326726161637,3,config_2
87abd,35.34855313835671,-99.72326726161637,36,config_2
87abf,35.37680384857251,-99.36730841665778,59,config_2
87ac4,35.24275101245371,-98.83627550306029,82,config_2
87acc,34.5422331954533,-98.83627550306029,74,config_2
87ad4,34.59119242586573,-98.13385582671398,54,config_2
87adc,35.29215205594181,-98.13385582671398,19,config_2
87af,36.30806451520898,-98.48424653420417,59,config_2
87b01,36.88214109141718,-97.61142171393448,20,config_2
87b03,36.539087276995375,-97.61142171393448,39,config_2
87b044,36.641333070930806,-97.35165580142355,15,config_2
87b04b,36.42366182190532,-97.39488196255758,23,config_2
87b04d,36.42898925687368,-97.3084570618028,62,config_2
87b04f,36.515064683160105,-97.3084570618028,34,config_2
87b054,36.47990341459135,-97.17902604633225,29,config_2
87b05c,36.65187270231197,-97.17902604633225,1,config_2
87b06c,36.8128894571667,-97.35165580142355,29,config_2
87b071,36.94396589839565,-97.3084570618028,32,config_2
87b073,36.93860977828511,-97.39488196255758,19,config_2
87b075,37.02408769242697,-97.39488196255758,13,config_2
87b077,37.02944840683668,-97.3084570618028,42,config_2
87b07c,36.994625926053835,-97.17902604633225,16,config_2
87b09,36.92441598166638,-96.92091345144947,43,config_2
87b0b,36.94388990536518,-96.57833866136845,74,config_2
87b0d,36.60061713688672,-96.57833866136845,1,config_2
87b0f,36.581212094227816,-96.92091345144947,90,config_2
87b104,36.31776687053005,-97.00683933476365,80,config_2
87b109,36.18570054387606,-97.04984424386326,35,config_2
87b10b,36.09922231023833,-97.04984424386326,95,config_2
87b10d,36.10425331086528,-96.96386238196816,1,config_2
87b10f,36.19073639666646,-96.96386238196816,1,config_2
87b114,36.15492861559916,-96.83509992015557,50,config_2
87b11c,36.32771564940428,-96.83509992015557,2,config_2
87b13,36.25576816987602,-96.57833866136845,39,config_2
87b15,35.909367123506016,-96.57833866136845,69,config_2
87b17,35.89010922788603,-96.92091345144947,37,config_2
87b18c,35.77770545633417,-97.35165580142355,81,config_2
87b191,35.9105019306097,-97.3084570618028,10,config_2
87b1924,35.88485820052332,-97.37326545852945,12,config_2
87b1929,35.87202021721404,-97.40569277952069,40,config_2
87b192b,35.870683495260664,-97.4273195380449,58,config_2
87b192d,35.89236325846192,-97.4273195380449,27,config_2
87b192f,35.89370031374905,-97.40569277952069,21,config_2
87b193c,35.92820749737395,-97.37326545852945,1,config_2
87b195,35.99185474440747,-97.39488196255758,3,config_2
87b19c,35.96166061329158,-97.17902604633225,17,config_2
87b1a4,36.134794323784,-97.17902604633225,62,config_2
87b1ac,36.3075429484362,-97.17902604633225,42,config_2
87b1b4,36.29704209734331,-97.35165580142355,15,config_2
87b1bc,36.124313500287066,-97.35165580142355,60,config_2
87b1d,36.194467155961966,-97.61142171393448,2,config_2
87b1f,35.84830491897991,-97.61142171393448,43,config_2
87b204,35.58216502503628,-97.69822718000074,52,config_2
87b20c,35.407962059488796,-97.69822718000074,29,config_2
87b2104,35.480213472530544,-97.5897372085872,37,config_2
87b210c,35.48293566120406,-97.54638849147764,23,config_2
87b2114,35.43935657279329,-97.54638849147764,42,config_2
87b211c,35.43663581608077,-97.5897372085872,3,config_2
87b213,35.37258726407458,-97.56805946490843,31,config_2
87b2144,35.398456213459355,-97.50306688961776,50,config_2
87b214c,35.35482927118258,-97.50306688961776,59,config_2
87b2154,35.357512480642,-97.45977247140304,1,config_2
87b215c,35.40114084979943,-97.45977247140304,11,config_2
87b2164,35.444746022138276,-97.45977247140304,4,config_2
87b216c,35.44205996589735,-97.50306688961776,56,config_2
87b2171,35.47542093485206,-97.49224073392988,2,config_2
87b21724,35.4689634256917,-97.50848060464544,47,config_2
87b2172c,35.46828843977005,-97.51930930840119,75,config_2
87b21734,35.47918198045837,-97.51930930840119,5,config_2
87b2173c,35.47985705502388,-97.50848060464544,6,config_2
87b2175,35.49585730188629,-97.5138947442844,25,config_2
87b2177,35.49720554763117,-97.49224073392988,3,config_2
87b217c,35.48832794590778,-97.45977247140304,5,config_2
87b219,35.55231450844149,-97.48141627828754,58,config_2
87b21b,35.54690062967078,-97.56805946490843,76,config_2
87b21d,35.633917360840194,-97.56805946490843,62,config_2
87b21e4,35.65972907625001,-97.50306688961776,23,config_2
87b21ec,35.61624204523046,-97.50306688961776,21,config_2
87b21f4,35.61893371137683,-97.45977247140304,53,config_2
87b21fc,35.66242212747378,-97.45977247140304,22,config_2
87b224,35.60383231579316,-97.35165580142355,85,config_2
87b22c,35.614250489150876,-97.17902604633225,9,config_2
87b234,35.43998048457857,-97.17902604633225,3,config_2
87b239,35.38858726742445,-97.3084570618028,1,config_2
87b23b,35.475807388663775,-97.3084570618028,41,config_2
87b23d,35.470537581861855,-97.39488196255758,64,config_2
87b23f,35.38332302614059,-97.39488196255758,5,config_2
87b241,35.29601574560123,-97.39488196255758,13,config_2
87b2421,35.23941338769162,-97.4273195380449,30,config_2
87b2423,35.240740068765824,-97.40569277952069,6,config_2
87b2425,35.21888459393179,-97.40569277952069,26,config_2
87b2427,35.21755827204752,-97.4273195380449,49,config_2
87b2429,35.19569741144872,-97.4273195380449,55,config_2
87b242b,35.17383081249206,-97.4273195380449,45,config_2
87b242d,35.175156413396195,-97.40569277952069,3,config_2
87b242f,35.1970233732764,-97.40569277952069,16,config_2
87b243c,35.23179472758345,-97.37326545852945,4,config_2
87b24c,35.265338212303675,-97.17902604633225,9,config_2
87b254,35.09032700870221,-97.17902604633225,17,config_2
87b25c,35.07997536472856,-97.35165580142355,62,config_2
87b264,35.069349151325305,-97.52472429686226,7,config_2
87b2681,35.172500904166334,-97.44895312229072,29,config_2
87b2683,35.1943671409796,-97.44895312229072,74,config_2
87b2685,35.19303255852217,-97.47059352375683,21,config_2
87b268c,35.180090645993815,-97.50306688961776,5,config_2
87b2694,35.22380982595907,-97.50306688961776,64,config_2
87b2699,35.23674708897524,-97.47059352375683,36,config_2
87b269b,35.21489269535522,-97.47059352375683,56,config_2
87b269c4,35.22135851354341,-97.4543625838752,19,config_2
87b269cc,35.21042974458717,-97.4543625838752,20,config_2
87b269d4,35.21109609330435,-97.44354408678257,38,config_2
87b269dc,35.22202495262239,-97.44354408678257,35,config_2
87b269f,35.23808239554462,-97.44895312229072,57,config_2
87b26b,35.29068817979624,-97.48141627828754,56,config_2
87b26d,35.28529145457151,-97.56805946490843,19,config_2
87b26f,35.197903449358954,-97.56805946490843,4,config_2
87b274,35.23338815738723,-97.69822718000074,1,config_2
87b27c,35.05844665881247,-97.69822718000074,24,config_2
87b29,34.80082004331816,-97.61142171393448,97,config_2
87b2b,34.44874807994539,-97.61142171393448,34,config_2
87b2c4,34.552832760721586,-97.35165580142355,32,config_2
87b2cc,34.3764046028416,-97.35165580142355,21,config_2
87b2d3,34.33995598018533,-97.22214211701957,19,config_2
87b2d5,34.345013669966406,-97.13593766610796,87,config_2
87b2d7,34.43333109395179,-97.13593766610796,93,config_2
87b2d9,34.52156039883899,-97.13593766610796,86,config_2
87b2db,34.51649064398076,-97.22214211701957,39,config_2
87b2dd,34.604625428460785,-97.22214211701957,53,config_2
87b2df,34.609701134771846,-97.13593766610796,38,config_2
87b2e1,34.697752855166826,-97.13593766610796,27,config_2
87b2e3,34.7857151167163,-97.13593766610796,9,config_2
87b2e5,34.780627669378184,-97.22214211701957,52,config_2
87b2e64,34.713387373874355,-97.24371051537364,33,config_2
87b2e6c,34.715945887024795,-97.20058062454765,22,config_2
87b2e74,34.67194455466674,-97.20058062454765,35,config_2
87b2e7c,34.66938751929512,-97.24371051537364,30,config_2
87b2ec,34.72890629670785,-97.35165580142355,97,config_2
87b2f4,34.904621663130136,-97.35165580142355,78,config_2
87b2fc,34.91495026282538,-97.17902604633225,17,config_2
87b304,34.925006651551605,-97.00683933476365,47,config_2
87b30c,34.934792571831565,-96.83509992015557,63,config_2
87b314,34.75900868161026,-96.83509992015557,92,config_2
87b31c,34.749244965705444,-97.00683933476365,54,config_2
87b321,34.614709178057524,-97.04984424386326,3,config_2
87b323,34.61964977488598,-96.96386238196816,6,config_2
87b325,34.531497381818184,-96.96386238196816,79,config_2
87b327,34.52656257271623,-97.04984424386326,46,config_2
87b32c,34.39664804437829,-97.00683933476365,77,config_2
87b334,34.40636610838678,-96.83509992015557,54,config_2
87b33c,34.58286534552771,-96.83509992015557,57,config_2
87b344,34.59233900552037,-96.6638120059594,77,config_2
87b34c,34.415817386806644,-96.6638120059594,72,config_2
87b353,34.37854203316969,-96.53564486778043,35,config_2
87b355,34.38306650281718,-96.45034335805805,78,config_2
87b357,34.47142942922107,-96.45034335805805,18,config_2
87b35c,34.601546995848096,-96.49297974540691,99,config_2
87b364,34.77773365280684,-96.49297974540691,62,config_2
87b3684,34.70597340727614,-96.59969628987318,26,config_2
87b368c,34.74999437240649,-96.59969628987318,5,config_2
87b3694,34.74767112080825,-96.64243297020663,91,config_2
87b369c,34.70365149331843,-96.64243297020663,43,config_2
87b36b,34.72214906475616,-96.70659142835461,80,config_2
87b36c1,34.77891699913493,-96.67450419420958,59,config_2
87b36c3,34.800909452270155,-96.67450419420958,12,config_2
87b36c5,34.79973451183393,-96.69589390641657,21,config_2
87b36c7,34.777742394474124,-96.69589390641657,32,config_2
87b36cc,34.78696918262903,-96.7279917988472,36,config_2
87b36d4,34.83094114239358,-96.7279917988472,6,config_2
87b36dc,34.83330036840129,-96.68519816136498,47,config_2
87b36f,34.81482312188348,-96.62106106216318,99,config_2
87b371,34.9027285571258,-96.62106106216318,23,config_2
87b373,34.89803946160303,-96.70659142835461,60,config_2
87b375,34.98584898729669,-96.70659142835461,58,config_2
87b37c,34.95356006951812,-96.49297974540691,1,config_2
87b384,35.12902275567145,-96.49297974540691,1,config_2
87b38c,35.304118273725166,-96.49297974540691,27,config_2
87b393,35.34088746826004,-96.62106106216318,2,config_2
87b395,35.33617253696089,-96.70659142835461,52,config_2
87b397,35.24872968561469,-96.70659142835461,83,config_2
87b39c,35.119751910132294,-96.6638120059594,69,config_2
87b3a4,35.11021352397116,-96.83509992015557,1,config_2
87b3ac,35.10040581239662,-97.00683933476365,38,config_2
87b3b4,35.275439007638404,-97.00683933476365,23,config_2
87b3bc,35.28526809847198,-96.83509992015557,64,config_2
87b3d,35.5422593775057,-96.92091345144947,54,config_2
87b3f,35.56143896328144,-96.57833866136845,30,config_2
87b41,35.57954609777117,-96.23759466618242,67,config_2
87b43,35.59659544484302,-95.8987138825821,86,config_2
87b47,35.23003984163502,-96.23759466618242,6,config_2
87b49,34.87905591837255,-96.23759466618242,1,config_2
87b4a4,34.610491101993766,-96.32260724129291,56,config_2
87b4ac,34.43392665259486,-96.32260724129291,86,config_2
87b4b1,34.48462550745206,-96.1951320179046,33,config_2
87b4b3,34.39624685679587,-96.1951320179046,50,config_2
87b4b5,34.400510041444925,-96.1102943120119,87,config_2
87b4b7,34.48889377409845,-96.1102943120119,1,config_2
87b4bc,34.61917312666029,-96.15269854577356,28,config_2
87b4d,34.54344605812911,-95.8987138825821,84,config_2
87b4f,34.89595805380332,-95.8987138825821,75,config_2
87b504,34.99587105193243,-95.64579506896482,71,config_2
87b514,34.82761874317825,-95.47778111042308,51,config_2
87b51c,34.8199490359406,-95.64579506896482,20,config_2
87b55,34.57402317582468,-95.22666753958994,6,config_2
87b57,34.92667642576983,-95.22666753958994,67,config_2
87b59,35.27787142623932,-95.22666753958994,1,config_2
87b5a4,35.17913158642652,-95.47778111042308,68,config_2
87b5ac,35.17142754945675,-95.64579506896482,74,config_2
87b5b4,35.346615095569945,-95.64579506896482,97,config_2
87b5bc,35.35433581072388,-95.47778111042308,8,config_2
87b5c4,35.52916738044704,-95.47778111042308,73,config_2
87b5cc,35.52143031039644,-95.64579506896482,43,config_2
87b5d4,35.69586986717627,-95.64579506896482,33,config_2
87b5dc,35.7036229697638,-95.47778111042308,73,config_2
87b5f,35.62758073035127,-95.22666753958994,63,config_2
87b604,35.89246856123163,-95.1432068497593,50,config_2
87b60c,35.88521135107178,-95.31025045570311,54,config_2
87b614,36.05892008475813,-95.31025045570311,58,config_2
87b62c,36.4124759758878,-95.1432068497593,1,config_2
87b634,36.40517659762142,-95.31025045570311,59,config_2
87b63c,36.23224287092597,-95.31025045570311,79,config_2
87b644,36.22470139491305,-95.47778111042308,1,config_2
87b64c,36.397620868300436,-95.47778111042308,69,config_2
87b654,36.389806839182775,-95.64579506896482,45,config_2
87b65c,36.21690211898293,-95.64579506896482,45,config_2
87b664,36.04360896532281,-95.64579506896482,34,config_2
87b671,35.9192397401533,-95.51973943774544,26,config_2
87b673,35.92306171026189,-95.43585298984118,49,config_2
87b675,35.836117008162674,-95.43585298984118,41,config_2
87b67c,35.869930492298806,-95.64579506896482,61,config_2
87b689,35.9942201388377,-95.77212042411867,30,config_2
87b68b,36.08095740857633,-95.77212042411867,74,config_2
87b68c4,36.05622236203595,-95.83538374236045,26,config_2
87b68cc,36.09956542084879,-95.83538374236045,18,config_2
87b68d4,36.09750416086135,-95.8775964238177,29,config_2
87b68dc,36.05416210584455,-95.8775964238177,34,config_2
87b68f,35.99013530407835,-95.85648637454487,21,config_2
87b691,35.98598510232307,-95.94097099813557,61,config_2
87b6924,36.05208548069254,-95.9198387432287,38,config_2
87b692c,36.095426523711026,-95.9198387432287,71,config_2
87b6934,36.09333247976323,-95.96211063966837,46,config_2
87b693c,36.04999245696516,-95.96211063966837,50,config_2
87b6944,36.0478830051081,-96.00441205201167,18,config_2
87b694c,36.09122199944382,-96.00441205201167,84,config_2
87b6954,36.08909505323952,-96.04674291893367,15,config_2
87b695c,36.04575709562798,-96.04674291893367,4,config_2
87b697,35.98176929689398,-96.02557380749096,66,config_2
87b69c,35.85361489546882,-95.98325766018019,7,config_2
87b6a4,35.845064318097315,-96.15269854577356,6,config_2
87b6ac,35.83624938440091,-96.32260724129291,18,config_2
87b6b4,36.0098609837762,-96.32260724129291,29,config_2
87b6bc,36.01869344273059,-96.15269854577356,94,config_2
87b6d,36.27401988976557,-96.23759466618242,46,config_2
87b6e4,36.37339615816689,-95.98325766018019,81,config_2
87b6e9,36.241655079894315,-96.02557380749096,21,config_2
87b6ea4,36.175698601469264,-96.04674291893367,4,config_2
87b6eac,36.132408904753355,-96.04674291893367,3,config_2
87b6eb1,36.14483131697901,-96.01499200977533,9,config_2
87b6eb3,36.12318004002826,-96.01499200977533,18,config_2
87b6eb5,36.12423977979882,-95.99383393516017,13,config_2
87b6eb7,36.14589131286525,-95.99383393516017,98,config_2
87b6ebc,36.17782760480562,-96.00441205201167,67,config_2
87b6ec4,36.17994012585915,-95.96211063966837,92,config_2
87b6ec9,36.14694719155692,-95.97268322803032,44,config_2
87b6ecb,36.12529540339906,-95.97268322803032,40,config_2
87b6ecd,36.126346914520006,-95.95153989605136,18,config_2
87b6ecf,36.14799895674627,-95.95153989605136,31,config_2
87b6ed4,36.13874344443655,-95.9198387432287,95,config_2
87b6edc,36.18203619418263,-95.9198387432287,18,config_2
87b6ef,36.24588316220079,-95.94097099813557,70,config_2
87b6f1,36.250045444266824,-95.85648637454487,57,config_2
87b6f24,36.18411583938968,-95.8775964238177,35,config_2
87b6f2c,36.14082208827038,-95.8775964238177,51,config_2
87b6f34,36.142884346780754,-95.83538374236045,52,config_2
87b6f3c,36.18617909115435,-95.83538374236045,13,config_2
87b6f5,36.1675982133254,-95.77212042411867,59,config_2
87b6f7,36.25414216371831,-95.77212042411867,7,config_2
87b6fc,36.38173257575033,-95.81428853484881,8,config_2
87b70c,36.726334990807054,-95.81428853484881,14,config_2
87b711,36.67709844199488,-95.94097099813557,50,config_2
87b713,36.76304587382828,-95.94097099813557,70,config_2
87b715,36.758794398213865,-96.02557380749096,2,config_2
87b717,36.67285075833478,-96.02557380749096,2,config_2
87b71c,36.54587902406246,-95.98325766018019,48,config_2
87b73,36.61893668649894,-96.23759466618242,15,config_2
87b75,36.96227433759821,-96.23759466618242,36,config_2
87b77,36.97958426648054,-95.8987138825821,33,config_2
87b783,37.0326809246808,-95.6878736310531,14,config_2
87b785,37.03667955064887,-95.60374647633648,55,config_2
87b787,37.12224111146536,-95.60374647633648,36,config_2
87b78c,37.08535084539225,-95.47778111042308,1,config_2
87b7b,36.652379208234066,-95.56172791278979,48,config_2
87b7cc,36.57771820611493,-95.31025045570311,21,config_2
87b7d4,36.585031046401475,-95.1432068497593,85,config_2
87b7dc,36.75719069795605,-95.1432068497593,35,config_2
87b7e4,36.92895197928052,-95.1432068497593,55,config_2
87b7f4,37.09296053263965,-95.31025045570311,1,config_2
87b7fc,37.10031199222035,-95.1432068497593,48,config_2
87b804,37.271267891664316,-95.1432068497593,53,config_2
87b80c,37.44181688545928,-95.1432068497593,6,config_2
87b814,37.4344411403081,-95.31025045570311,75,config_2
87b819,37.304694570551604,-95.35208760396613,3,config_2
87b81b,37.308442498066945,-95.26844374824067,68,config_2
87b81d,37.223070591694686,-95.26844374824067,31,config_2
87b81f,37.2193257544553,-95.35208760396613,25,config_2
87b824,37.25628172523593,-95.47778111042308,65,config_2
87b82c,37.24839866312311,-95.64579506896482,97,config_2
87b834,37.41891035985244,-95.64579506896482,15,config_2
87b83c,37.426806290630985,-95.47778111042308,41,config_2
87b841,37.55636684292121,-95.43585298984118,37,config_2
87b843,37.641323386641005,-95.43585298984118,37,config_2
87b845,37.63743315374538,-95.51973943774544,35,config_2
87b84c,37.58901330987984,-95.64579506896482,4,config_2
87b854,37.75870482267066,-95.64579506896482,2,config_2
87b85b,37.722283565062426,-95.51973943774544,15,config_2
87b85d,37.72617680831287,-95.43585298984118,24,config_2
87b85f,37.810926778407534,-95.43585298984118,70,config_2
87b87,37.69320719300512,-95.22666753958994,70,config_2
87b884,37.950995303662964,-95.1432068497593,76,config_2
87b88c,37.94358529627722,-95.31025045570311,55,config_2
87b894,38.11246895309677,-95.31025045570311,73,config_2
87b89c,38.11988980883777,-95.1432068497593,41,config_2
87b8a4,38.288364238151914,-95.1432068497593,18,config_2
87b8ac,38.456416114749366,-95.1432068497593,6,config_2
87b8b4,38.44897441266415,-95.31025045570311,77,config_2
87b8bc,38.28093281797955,-95.31025045570311,65,config_2
87b8d,38.35336107952697,-95.56172791278979,39,config_2
87b8f,38.016467102418936,-95.56172791278979,83,config_2
87b91,38.00006050543444,-95.8987138825821,62,config_2
87b93,38.33690757539888,-95.8987138825821,53,config_2
87b944,38.23981917159275,-96.15269854577356,8,config_2
87b94c,38.40780367780611,-96.15269854577356,68,config_2
87b954,38.39876327329945,-96.32260724129291,54,config_2
87b95c,38.23079134912269,-96.32260724129291,10,config_2
87b97,37.98258412232734,-96.23759466618242,7,config_2
87b9c,37.48310144664223,-96.06791937864303,98,config_2
87ba4,37.44614510974571,-96.74939926474936,74,config_2
87ba84,37.16540408538897,-97.17902604633225,1,config_2
87ba8c,37.335779512778466,-97.17902604633225,5,config_2
87ba91,37.28529404999976,-97.3084570618028,37,config_2
87ba93,37.370374143394116,-97.3084570618028,36,config_2
87ba95,37.3649955809055,-97.39488196255758,11,config_2
87ba97,37.27991987038358,-97.39488196255758,31,config_2
87ba9c,37.15480944720643,-97.35165580142355,91,config_2
87bab,37.22360524896747,-97.61142171393448,2,config_2
87bad,37.56345723784455,-97.61142171393448,48,config_2
87bae1,37.7042809232782,-97.39488196255758,76,config_2
87bae24,37.72948597431988,-97.33005299969896,46,config_2
87bae2c,37.73216660498749,-97.28686799616995,20,config_2
87bae34,37.68985565854685,-97.28686799616995,36,config_2
87bae39,37.67726605490312,-97.31925417224487,18,config_2
87bae3b,37.698427564999015,-97.31925417224487,21,config_2
87bae3d,37.69708322199295,-97.34085354311036,89,config_2
87bae3f,37.67592197101127,-97.34085354311036,24,config_2
87bae5,37.625004279002965,-97.3084570618028,34,config_2
87bae7,37.61961288290332,-97.39488196255758,13,config_2
87baec,37.49512023125898,-97.35165580142355,31,config_2
87baf4,37.50574945105736,-97.17902604633225,13,config_2
87bafb,37.63032513100294,-97.22214211701957,3,config_2
87bafc4,37.69516199056523,-97.20058062454765,14,config_2
87bafcc,37.69251762682062,-97.24371051537364,56,config_2
87bafd4,37.734829595751705,-97.24371051537364,39,config_2
87bafdc,37.737474974862764,-97.20058062454765,14,config_2
87baff,37.72025605232311,-97.13593766610796,7,config_2
87bb04,37.84446209303381,-97.17902604633225,10,config_2
87bb0c,38.01319954346732,-97.17902604633225,3,config_2
87bb14,38.002521549886445,-97.35165580142355,61,config_2
87bb1c,37.833799946714116,-97.35165580142355,45,config_2
87bb24,37.82285460383044,-97.52472429686226,67,config_2
87bb2c,37.8116242725562,-97.69822718000074,46,config_2
87bb34,37.9803128407714,-97.69822718000074,16,config_2
87bb3c,37.991559914458996,-97.52472429686226,4,config_2
87bb44,38.15985005617689,-97.52472429686226,30,config_2
87bb4c,38.14858666982254,-97.69822718000074,16,config_2
87bb54,38.316443256759236,-97.69822718000074,49,config_2
87bb5c,38.327722528109916,-97.52472429686226,18,config_2
87bb7,38.26020986732079,-97.26528581122331,99,config_2
87bb9,38.28104739236964,-96.92091345144947,66,config_2
87bbb,37.94436039902519,-96.92091345144947,51,config_2
87bbd,37.96402248946025,-96.57833866136845,58,config_2
87bbe4,38.22149063741994,-96.49297974540691,28,config_2
87bbec,38.21191512886275,-96.6638120059594,23,config_2
87bbf4,38.37986069132068,-96.6638120059594,28,config_2
87bbfc,38.38944958175424,-96.49297974540691,52,config_2
87bc1,38.635825608716864,-96.57833866136845,62,config_2
87bc24,38.89078222964544,-96.49297974540691,83,config_2
87bc2c,39.057037268418675,-96.49297974540691,72,config_2
87bc31,39.00831303234005,-96.62106106216318,37,config_2
87bc33,39.09132840676162,-96.62106106216318,38,config_2
87bc35,39.08643800534409,-96.70659142835461,27,config_2
87bc37,39.00342561768028,-96.70659142835461,29,config_2
87bc3c,38.881155357981044,-96.6638120059594,21,config_2
87bc5,38.949358692902884,-96.92091345144947,82,config_2
87bc7,38.616053199210654,-96.92091345144947,46,config_2
87bcb,38.57312758898384,-97.61142171393448,32,config_2
87bcc4,38.82880968880766,-97.52472429686226,57,config_2
87bccc,38.81748530710189,-97.69822718000074,38,config_2
87bcd4,38.983648923852805,-97.69822718000074,9,config_2
87bcdc,38.9949875014636,-97.52472429686226,5,config_2
87bcf,38.92841052296785,-97.26528581122331,27,config_2
87bd1,39.25994672642947,-97.26528581122331,26,config_2
87bd3,39.23780502662695,-97.61142171393448,27,config_2
87bd5,39.567557774579235,-97.61142171393448,51,config_2
87bd7,39.58974987306115,-97.26528581122331,17,config_2
87bd84,39.68782795787213,-97.00683933476365,7,config_2
87bd89,39.73659240308109,-96.87799260898478,1,config_2
87bd8b,39.74164559959143,-96.7922354503473,44,config_2
87bd8d,39.659506939128796,-96.7922354503473,53,config_2
87bd8f,39.65445645430331,-96.87799260898478,18,config_2
87bd94,39.533578881320885,-96.83509992015557,33,config_2
87bd9c,39.52334514206077,-97.00683933476365,8,config_2
87bda4,39.358425323624324,-97.00683933476365,23,config_2
87bdb4,39.20328083633086,-96.83509992015557,17,config_2
87bdbc,39.36864750207411,-96.83509992015557,62,config_2
87bdc4,39.37858846317301,-96.6638120059594,19,config_2
87bdc9,39.252138661896886,-96.70659142835461,55,config_2
87bdcb,39.169342444413395,-96.70659142835461,28,config_2
87bdcc4,39.193728744496674,-96.64243297020663,51,config_2
87bdccc,39.15230246228071,-96.64243297020663,15,config_2
87bdcd4,39.15473135198815,-96.59969628987318,17,config_2
87bdcdc,39.196158358582586,-96.59969628987318,96,config_2
87bdcf,39.25703490235032,-96.62106106216318,45,config_2
87bdd1,39.26186149760622,-96.53564486778043,36,config_2
87bdd24,39.19857058444569,-96.55698818466848,65,config_2
87bdd2c,39.15714285895166,-96.55698818466848,39,config_2
87bdd3c,39.200965452009875,-96.51430871869908,7,config_2
87bdd5,39.18381390879418,-96.45034335805805,27,config_2
87bdd7,39.266618687236296,-96.45034335805805,24,config_2
87bddc,39.388250109529636,-96.49297974540691,41,config_2
87bdf,39.63071212618312,-96.57833866136845,24,config_2
87be1,39.64951253240552,-96.23759466618242,30,config_2
87be3,39.66721307625181,-95.8987138825821,54,config_2
87be5,39.33723555525053,-95.8987138825821,9,config_2
87be64,39.24133220573672,-96.15269854577356,35,config_2
87be6c,39.40674315202266,-96.15269854577356,31,config_2
87be7c,39.23223397533335,-96.32260724129291,51,config_2
87be84,39.06639938139798,-96.32260724129291,58,config_2
87be8c,39.07548671851177,-96.15269854577356,40,config_2
87be94,38.909208867991225,-96.15269854577356,61,config_2
87be9c,38.90013275827642,-96.32260724129291,58,config_2
87bea4,38.73343633635995,-96.32260724129291,23,config_2
87beac,38.56631239711808,-96.32260724129291,23,config_2
87beb4,38.57536504233418,-96.15269854577356,27,config_2
87bebc,38.74250088271567,-96.15269854577356,31,config_2
87bed,38.672064996428546,-95.8987138825821,42,config_2
87bee4,38.926545606734564,-95.81428853484881,28,config_2
87beec,38.91801249891759,-95.98325766018019,19,config_2
87bef4,39.08430122379805,-95.98325766018019,17,config_2
87befc,39.09284485680622,-95.81428853484881,50,config_2
87bf01,39.14058513165589,-95.6878736310531,5,config_2
87bf024,39.07728339041063,-95.70892413195803,24,config_2
87bf02c,39.03573397856997,-95.70892413195803,12,config_2
87bf034,39.03778497695611,-95.66683060756066,59,config_2
87bf03c,39.07933501493963,-95.66683060756066,24,config_2
87bf05,39.06160905661152,-95.60374647633648,53,config_2
87bf07,39.144656843878124,-95.60374647633648,6,config_2
87bf0c,39.109127418995335,-95.47778111042308,72,config_2
87bf14,38.94280815076366,-95.47778111042308,71,config_2
87bf1b,38.978453061192084,-95.60374647633648,43,config_2
87bf1d,38.97438631571575,-95.6878736310531,54,config_2
87bf1f,38.891124929689376,-95.6878736310531,21,config_2
87bf3,38.688562914297606,-95.56172791278979,14,config_2
87bf44,38.78378113825695,-95.31025045570311,50,config_2
87bf4b,38.57282390260238,-95.35208760396613,14,config_2
87bf4d,38.576613801641386,-95.26844374824067,76,config_2
87bf4f,38.66031691584518,-95.26844374824067,25,config_2
87bf54,38.62404301380947,-95.1432068497593,24,config_2
87bf5c,38.791242562371075,-95.1432068497593,45,config_2
87bf61,38.91818673610689,-95.10152248359266,52,config_2
87bf63,39.001465001221426,-95.10152248359266,9,config_2
87bf65,38.99779372053584,-95.18492188756028,92,config_2
87bf67,38.91451773950286,-95.18492188756028,97,config_2
87bf684,38.890887778226336,-95.24755182794603,26,config_2
87bf68c,38.932551871117205,-95.24755182794603,80,config_2
87bf694,38.93066810576898,-95.2893432932414,49,config_2
87bf6b,38.90698377924388,-95.35208760396613,48,config_2
87bf6d,38.990255065831136,-95.35208760396613,92,config_2
87bf6e4,39.01391418233533,-95.2893432932414,22,config_2
87bf6ec,38.97230464356347,-95.2893432932414,78,config_2
87bf6f1,38.98412446997308,-95.25799683455276,15,config_2
87bf6f3,38.96331272862053,-95.25799683455276,68,config_2
87bf6f44,38.96922021478145,-95.24233004008052,11,config_2
87bf6f4c,38.958812601972106,-95.24233004008052,23,config_2
87bf6f54,38.95928056602023,-95.23188789578967,21,config_2
87bf6f5c,38.96968821518931,-95.23188789578967,52,config_2
87bf6f7,38.98506262502301,-95.23710872932412,28,config_2
87bf6fc,39.01579911691819,-95.24755182794603,18,config_2
87bf74,39.11687034071522,-95.31025045570311,50,config_2
87bf7c,39.12435037432493,-95.1432068497593,13,config_2
87bf9,39.369328708003344,-95.22666753958994,30,config_2
87bfb,39.35381492420033,-95.56172791278979,18,config_2
87bfc4,39.605474990058624,-95.47778111042308,95,config_2
87bfcc,39.59743940845311,-95.64579506896482,36,config_2
87bfd4,39.762002783946365,-95.64579506896482,20,config_2
87bfdc,39.770047036048446,-95.47778111042308,50,config_2
87bfe4,39.77782512859454,-95.31025045570311,32,config_2
87bfec,39.61324471130742,-95.31025045570311,40,config_2
87bff4,39.620750599932535,-95.1432068497593,41,config_2
87bffc,39.78533909274184,-95.1432068497593,45,config_2
86401,28.75887806796988,-95.22666753958994,11,config_2
86403,28.745535640847187,-95.56172791278979,2,config_2
86405,29.117003063177254,-95.56172791278979,45,config_2
86407,29.13045458011176,-95.22666753958994,50,config_2
864084,29.411783097863623,-95.1432068497593,14,config_2
86408c,29.405246620194973,-95.31025045570311,42,config_2
864094,29.590334237824866,-95.31025045570311,69,config_2
864099,29.641516590412998,-95.18492188756028,52,config_2
86409b,29.549022710756017,-95.18492188756028,16,config_2
86409d,29.55224333659539,-95.10152248359266,79,config_2
86409f,29.644743422580678,-95.10152248359266,15,config_2
8640a4,29.781769536782075,-95.1432068497593,87,config_2
8640ac,29.966398359236102,-95.1432068497593,66,config_2
8640b1,29.91533175390215,-95.26844374824067,10,config_2
8640b3,30.00757497431918,-95.26844374824067,28,config_2
8640b5,30.004208107485084,-95.35208760396613,61,config_2
8640b7,29.911971160355836,-95.35208760396613,5,config_2
8640b9,29.819672248017405,-95.35208760396613,72,config_2
8640bb,29.82302652918589,-95.26844374824067,12,config_2
8640bd,29.730659910901096,-95.26844374824067,21,config_2
8640be4,29.705054390204594,-95.3311652283681,41,config_2
8640bec,29.751250558499148,-95.3311652283681,27,config_2
8640bf1,29.738437698391227,-95.36255164058957,19,config_2
8640bf21,29.753188862812177,-95.35470343513451,6,config_2
8640bf23,29.752977474814486,-95.35993545346048,44,config_2
8640bf25,29.758750670206737,-95.35993545346048,14,config_2
8640bf27,29.75896208328701,-95.35470343513451,57,config_2
8640bf2c,29.76751577043639,-95.35731938497071,47,config_2
8640bf34,29.767092417044502,-95.36778437070875,40,config_2
8640bf39,29.758327166105854,-95.37040091367032,86,config_2
8640bf3b,29.758539031163856,-95.36516794634375,47,config_2
8640bf3d,29.7527658608813,-95.36516794634375,27,config_2
8640bf3f,29.752554020960133,-95.37040091367032,25,config_2
8640bf44,29.755122420677502,-95.3782512539919,30,config_2
8640bf4c,29.766668159324496,-95.3782512539919,51,config_2
8640bf54,29.76624299685656,-95.38872003390745,25,config_2
8640bf5c,29.754697359043963,-95.38872003390745,11,config_2
8640bf7,29.737589686222247,-95.3834854069277,49,config_2
8640bf81,29.722835613612332,-95.39133752512811,36,config_2
8640bf83,29.723048231637655,-95.38610266116922,17,config_2
8640bf85,29.71727373701765,-95.38610266116922,5,config_2
8640bf87,29.71706114429583,-95.39133752512811,76,config_2
8640bf8c,29.708505301670417,-95.38872003390745,16,config_2
8640bf9c,29.720479498197996,-95.3782512539919,14,config_2
8640bfb,29.715340214875358,-95.36255164058957,2,config_2
8640bfd,29.692238940145113,-95.36255164058957,1,config_2
8640bff,29.691391735384382,-95.3834854069277,3,config_2
8640c01,29.690540916450914,-95.40442675796797,71,config_2
8640c03,29.689686479995785,-95.42537568639597,2,config_2
8640c05,29.712786537454228,-95.42537568639597,6,config_2
8640c07,29.713641381411726,-95.40442675796797,70,config_2
8640c0c,29.74785769556582,-95.41490027546612,93,config_2
8640c11,29.73502393036115,-95.44633218488474,12,config_2
8640c13,29.75811599150374,-95.44633218488474,25,config_2
8640c15,29.757253078857957,-95.46729624609469,40,config_2
8640c17,29.734161427459075,-95.46729624609469,38,config_2
8640c1c,29.69994822955784,-95.45681327060878,31,config_2
8640c24,29.698217197659083,-95.49875650192564,41,config_2
8640c2c,29.69647163206253,-95.54072991049888,26,config_2
8640c34,29.74265962770855,-95.54072991049888,17,config_2
8640c3c,29.74440685579875,-95.49875650192564,66,config_2
8640c5,29.812789773957824,-95.51973943774544,55,config_2
8640c7,29.816260067935005,-95.43585298984118,69,config_2
8640c9,29.908552557634437,-95.43585298984118,22,config_2
8640cb,30.000783121883035,-95.43585298984118,36,config_2
8640cd,29.997299801591282,-95.51973943774544,87,config_2
8640cf,29.905075730285553,-95.51973943774544,19,config_2
8640d4,29.945865677209675,-95.64579506896482,66,config_2
8640dc,29.761313934618144,-95.64579506896482,99,config_2
8640e1,29.62094591645373,-95.6878736310531,22,config_2
8640e3,29.52849162890917,-95.6878736310531,23,config_2
8640e5,29.532058272977306,-95.60374647633648,4,config_2
8640e7,29.62451944185234,-95.60374647633648,70,config_2
8640ec,29.58354228478337,-95.47778111042308,67,config_2
8640f4,29.39848099246645,-95.47778111042308,8,config_2
8640fc,29.39148451206124,-95.64579506896482,69,config_2
86411,29.47307845952827,-95.8987138825821,40,config_2
864124,29.754028949264114,-95.81428853484881,88,config_2
86412c,29.938553218054942,-95.81428853484881,33,config_2
864134,29.931003804263764,-95.98325766018019,12,config_2
86413c,29.746507912083302,-95.98325766018019,7,config_2
86415,29.82703651809303,-96.23759466618242,38,config_2
86417,29.457649738535203,-96.23759466618242,5,config_2
8641c,28.909559669047898,-96.06791937864303,45,config_2
86424,28.87717828684354,-96.74939926474936,48,config_2
8642c,28.84094667826595,-97.43813547748366,23,config_2
86431,29.405581159562757,-97.26528581122331,14,config_2
86433,29.386255454990476,-97.61142171393448,8,config_2
86435,29.755092042757056,-97.61142171393448,84,config_2
86437,29.774566907521518,-97.26528581122331,17,config_2
8643c,29.617428456801527,-96.74939926474936,63,config_2
86441,30.178811054996473,-96.57833866136845,53,config_2
86443,30.54608064465715,-96.57833866136845,12,config_2
86445,30.528337493253847,-96.92091345144947,9,config_2
86447,30.16119503839945,-96.92091345144947,38,config_2
86449,30.14258310143638,-97.26528581122331,87,config_2
8644a4,30.03607884049197,-97.52472429686226,19,config_2
8644ac,30.026032896758466,-97.69822718000074,63,config_2
8644b04,30.144661022187584,-97.63311297235884,53,config_2
8644b0c,30.190565973865667,-97.63311297235884,19,config_2
8644b14,30.18803044328275,-97.67651571401332,42,config_2
8644b1c,30.142127804854848,-97.67651571401332,17,config_2
8644b24,30.139578595358312,-97.71994536457991,10,config_2
8644b2c,30.137013370225088,-97.76340185489671,2,config_2
8644b34,30.18291133722534,-97.76340185489671,45,config_2
8644b3c,30.1854789055697,-97.71994536457991,45,config_2
8644b41,30.220533601980172,-97.70908543300678,10,config_2
8644b43,30.243472191103947,-97.70908543300678,25,config_2
8644b45,30.24219096178692,-97.73080697363837,54,config_2
8644b47,30.219252953826178,-97.73080697363837,18,config_2
8644b49,30.217968293742025,-97.75253521988041,32,config_2
8644b4b,30.21667961879742,-97.7742701630638,26,config_2
8644b4d,30.2396164588302,-97.7742701630638,45,config_2
8644b4e4,30.246317480247,-97.7579683281769,32,config_2
8644b4ec,30.234849832450614,-97.7579683281769,17,config_2
8644b4f4,30.235493385008866,-97.7471025301428,6,config_2
8644b4fc,30.246961178680422,-97.7471025301428,89,config_2
8644b501,30.255722167304103,-97.74438634227594,2,config_2
8644b503,30.255400514523487,-97.74981882268327,8,config_2
8644b5044,30.259780831612613,-97.7484606633299,11,config_2
8644b504c,30.25961992879726,-97.75117700820081,20,config_2
8644b5054,30.262486428919715,-97.75117700820081,39,config_2
8644b505c,30.262647340835965,-97.7484606633299,32,config_2
8644b507,30.261455337335327,-97.74438634227594,94,config_2
8644b5084,30.265835441578968,-97.7430282876004,55,config_2
8644b508c,30.26567464612546,-97.74574442312411,35,config_2
8644b5094,30.2685410400935,-97.74574442312411,33,config_2
8644b5099,30.269378239864274,-97.74370731166645,7,config_2
8644b509b,30.267945055021126,-97.74370731166645,16,config_2
8644b509d,30.2680254404625,-97.74234927007802,64,config_2
8644b509f,30.26945862757747,-97.74234927007802,23,config_2
8644b50b,30.27292093134401,-97.74438634227594,71,config_2
8644b50d,30.27259916941805,-97.74981882268327,17,config_2
8644b50f,30.26686653317163,-97.74981882268327,83,config_2
8644b511,30.266544556459145,-97.75525172171726,56,config_2
8644b513,30.272277156309126,-97.75525172171726,23,config_2
8644b515,30.271954891971436,-97.76068503924238,5,config_2
8644b517,30.26622232854701,-97.76068503924238,26,config_2
8644b51c,30.25778413509299,-97.7579683281769,55,config_2
8644b524,30.25713928618482,-97.76883579990425,13,config_2
8644b52c,30.2564934321953,-97.7797049442397,8,config_2
8644b534,30.267958800944186,-97.7797049442397,10,config_2
8644b539,30.27130960942661,-97.7715529292235,29,config_2
8644b53b,30.265577118940683,-97.7715529292235,77,config_2
8644b53c4,30.2672523431236,-97.7674772744453,68,config_2
8644b53cc,30.264386022006605,-97.7674772744453,13,config_2
8644b53d4,30.264547319844826,-97.76476030193942,9,config_2
8644b53dc,30.267413650080943,-97.76476030193942,20,config_2
8644b53f,30.271632376359193,-97.766118775123,7,config_2
8644b55,30.2854782232638,-97.7742701630638,50,config_2
8644b564,30.29217813033133,-97.7579683281769,8,config_2
8644b56c,30.280714461294178,-97.7579683281769,33,config_2
8644b574,30.281358596658503,-97.7471025301428,50,config_2
8644b57c,30.29282241110771,-97.7471025301428,21,config_2
8644b584,30.293465686836736,-97.73623840688633,47,config_2
8644b58c,30.294107957885412,-97.7253759594911,12,config_2
8644b594,30.28264385330985,-97.7253759594911,49,config_2
8644b599,30.279296198136517,-97.73352263788321,16,config_2
8644b59a4,30.283675698467608,-97.73216479266495,73,config_2
8644b59ac,30.286541764302758,-97.73216479266495,5,config_2
8644b59b4,30.28638115641391,-97.73488050929105,27,config_2
8644b59bc,30.28351509964338,-97.73488050929105,10,config_2
8644b59d,30.28470711307032,-97.73895428063078,97,config_2
8644b59f,30.278974902144274,-97.73895428063078,53,config_2
8644b5a01,30.275271601591662,-97.74099125466542,57,config_2
8644b5a03,30.27535196699923,-97.73963326543073,26,config_2
8644b5a05,30.273918837567617,-97.73963326543073,4,config_2
8644b5a07,30.27383847443005,-97.74099125466542,64,config_2
8644b5a0c,30.271728936341884,-97.7403122567757,28,config_2
8644b5a14,30.271889624420123,-97.73759633066695,8,config_2
8644b5a1c,30.274755921211383,-97.73759633066695,8,config_2
8644b5a3,30.27356370183042,-97.73352263788321,32,config_2
8644b5a5,30.26783095656935,-97.73352263788321,40,config_2
8644b5a64,30.266156844174763,-97.73759633066695,65,config_2
8644b5a6c,30.269023265401874,-97.73759633066695,12,config_2
8644b5a74,30.268862586404552,-97.7403122567757,38,config_2
8644b5a7c,30.265996174260163,-97.7403122567757,97,config_2
8644b5a9,30.261776775433283,-97.73895428063078,59,config_2
8644b5ab,30.256043569034944,-97.73895428063078,8,config_2
8644b5ad,30.25636471976185,-97.73352263788321,2,config_2
8644b5af,30.26209796249819,-97.73352263788321,34,config_2
8644b5b4,30.259712654991283,-97.7253759594911,46,config_2
8644b5bc,30.271178751958903,-97.7253759594911,33,config_2
8644b5d,30.26640680866992,-97.70908543300678,55,config_2
8644b5f,30.289337445397152,-97.70908543300678,69,config_2
8644b64,30.279788249540324,-97.67651571401332,58,config_2
8644b6c,30.233917282986884,-97.67651571401332,42,config_2
8644b74,30.236455119517007,-97.63311297235884,16,config_2
8644b7c,30.28232838471177,-97.63311297235884,50,config_2
8644bc,30.219784329452057,-97.52472429686226,96,config_2
8644c4,30.403236040720408,-97.52472429686226,87,config_2
8644c84,30.32818569519738,-97.63311297235884,20,config_2
8644c8c,30.374026976898957,-97.63311297235884,33,config_2
8644c94,30.37148226637379,-97.67651571401332,33,config_2
8644c9c,30.325643268693323,-97.67651571401332,84,config_2
8644ca1,30.312264092015766,-97.70908543300678,45,config_2
8644ca3,30.335186739267012,-97.70908543300678,28,config_2
8644ca5,30.333903194517802,-97.73080697363837,39,config_2
8644ca7,30.31098112474126,-97.73080697363837,81,config_2
8644ca9,30.30969413808674,-97.75253521988041,39,config_2
8644cab,30.30840312911488,-97.7742701630638,40,config_2
8644cad,30.33132403837413,-97.7742701630638,32,config_2
8644caf,30.33261562853321,-97.75253521988041,28,config_2
8644cb1,30.355533112212537,-97.75253521988041,21,config_2
8644cb3,30.354240941794448,-97.7742701630638,10,config_2
8644cb5,30.377153830139825,-97.7742701630638,48,config_2
8644cb7,30.37844657988857,-97.75253521988041,27,config_2
8644cbc,30.368921489305745,-97.71994536457991,91,config_2
8644cc4,30.41474210017279,-97.71994536457991,86,config_2
8644ccc,30.41216292673331,-97.76340185489671,45,config_2
8644cd4,30.45796507707318,-97.76340185489671,28,config_2
8644cdc,30.46054654931995,-97.71994536457991,19,config_2
8644ce4,30.463111901919603,-97.67651571401332,65,config_2
8644cec,30.41730516868771,-97.67651571401332,47,config_2
8644cf4,30.419852155919813,-97.63311297235884,62,config_2
8644cfc,30.465661158541877,-97.63311297235884,33,config_2
8644d04,30.51145391122613,-97.63311297235884,56,config_2
8644d0c,30.557230340613078,-97.63311297235884,27,config_2
8644d14,30.554676567170848,-97.67651571401332,25,config_2
8644d1c,30.508902392533,-97.67651571401332,80,config_2
8644d3,30.52793232491251,-97.74167025909962,69,config_2
8644d5,30.619441080748068,-97.74167025909962,10,config_2
8644d7,30.624587664456687,-97.65481097525692,45,config_2
8644dc,30.586429233124328,-97.52472429686226,37,config_2
8644f,30.50959108146923,-97.26528581122331,100,config_2
86451,30.875552911543373,-97.26528581122331,20,config_2
86453,30.85565226515239,-97.61142171393448,99,config_2
86455,31.220396089851533,-97.61142171393448,73,config_2
86457,31.24043139419716,-97.26528581122331,45,config_2
8645c,31.086161312239916,-96.74939926474936,71,config_2
86464,31.120018546616496,-96.06791937864303,72,config_2
864681,30.694150983541395,-96.3651570426858,19,config_2
8646824,30.624384721939812,-96.38644279430395,2,config_2
8646834,30.580628730991076,-96.34387852238766,31,config_2
8646838c,30.621513870571384,-96.32792438246062,1,config_2
86468394,30.620996449559634,-96.33856002313097,42,config_2
8646839c,30.609538072501287,-96.33856002313097,99,config_2
864683b,30.61448954577506,-96.35451687812872,24,config_2
864683f,30.638440986550872,-96.33324197644764,9,config_2
864685,30.606641518267146,-96.28008642818537,18,config_2
864687,30.698288568554723,-96.28008642818537,2,config_2
86468c,30.658559485538582,-96.15269854577356,2,config_2
864694,30.475111540338677,-96.15269854577356,3,config_2
86469c,30.46699481668603,-96.32260724129291,4,config_2
8646b,30.195444005857052,-96.23759466618242,77,config_2
8646d,30.211107026336748,-95.8987138825821,60,config_2
8646f,30.578609331417873,-95.8987138825821,2,config_2
86471,30.593421637599622,-95.56172791278979,62,config_2
864724,30.314218803497837,-95.64579506896482,5,config_2
86472c,30.130168913258153,-95.64579506896482,26,config_2
864731,30.181559860768246,-95.51973943774544,29,config_2
864733,30.08946138007494,-95.51973943774544,19,config_2
864735,30.092951152843618,-95.43585298984118,60,config_2
864737,30.185056045512557,-95.43585298984118,63,config_2
86473c,30.321348173329742,-95.47778111042308,16,config_2
86475,30.239577135436164,-95.22666753958994,44,config_2
86477,30.607284196351138,-95.22666753958994,1,config_2
8647c,31.149953835575754,-95.39395513481692,28,config_2
86484,31.87866254966999,-95.39395513481692,28,config_2
86489,31.67461494243392,-95.8987138825821,4,config_2
8648b,31.658518180588914,-96.23759466618242,41,config_2
8648c4,31.9349750509088,-96.15269854577356,5,config_2
8648cc,31.926639159490318,-96.32260724129291,11,config_2
8648d4,32.107801562327275,-96.32260724129291,7,config_2
8648d9,32.15934467529481,-96.1951320179046,1,config_2
8648df96cd600b19,32.19231995995745,-96.09638199462525,106,config_2
8648df9c,32.19199403454932,-96.10499584170577,2,config_2
8648f,32.037661507948876,-95.8987138825821,12,config_2
86491,32.399504925591955,-95.8987138825821,44,config_2
86493,32.38320880787125,-96.23759466618242,5,config_2
86495,32.74371967257475,-96.23759466618242,41,config_2
86497,32.76011108576356,-95.8987138825821,12,config_2
86499,32.775500744794876,-95.56172791278979,19,config_2
8649b,32.41480521961503,-95.56172791278979,39,config_2
8649d,32.429124013735745,-95.22666753958994,46,config_2
8649f,32.789903077224324,-95.22666753958994,21,config_2
864a4,33.321531368043786,-95.39395513481692,57,config_2
864ac,34.035158804423595,-95.39395513481692,20,config_2
864b1,33.83417706448965,-95.8987138825821,2,config_2
864b3,34.18950934049419,-95.8987138825821,80,config_2
864b44,34.08836047863795,-96.15269854577356,17,config_2
864b4c,34.26564945174071,-96.15269854577356,86,config_2
864b54,34.25700871940796,-96.32260724129291,32,config_2
864b59,34.12189366842541,-96.3651570426858,44,config_2
864b5b,34.12627103793401,-96.28008642818537,32,config_2
864b5d,34.03754762320829,-96.28008642818537,18,config_2
864b5e4,34.01208142500722,-96.34387852238766,2,config_2
864b5ec,34.056462709003625,-96.34387852238766,14,config_2
864b5f4,34.05425979383615,-96.38644279430395,28,config_2
864b5fc,34.00987988363794,-96.38644279430395,61,config_2
864b7,33.817517252567114,-96.23759466618242,54,config_2
864bc,33.29049058697478,-96.06791937864303,43,config_2
864c04,33.00025816692411,-96.49297974540691,76,config_2
864c0c,33.179521266031784,-96.49297974540691,6,config_2
864c11,33.12799760051932,-96.62106106216318,30,config_2
864c13,33.21753861467271,-96.62106106216318,32,config_2
864c15,33.21295904965995,-96.70659142835461,8,config_2
864c17,33.12342430210061,-96.70659142835461,38,config_2
864c19,33.033808310287974,-96.70659142835461,86,config_2
864c1b,33.03837529168963,-96.62106106216318,28,config_2
864c1c4,32.969971036332154,-96.64243297020663,25,config_2
864c1cc,32.97223594187435,-96.59969628987318,25,config_2
864c1d4,32.927363487324705,-96.59969628987318,9,config_2
864c1dc,32.92510016832471,-96.64243297020663,59,config_2
864c1e4,32.9228206645906,-96.68519816136498,64,config_2
864c1ec,32.96768993442726,-96.68519816136498,62,config_2
864c1f4,32.96539260926208,-96.7279917988472,57,config_2
864c1fc,32.920524949249646,-96.7279917988472,48,config_2
864c204,32.918212995498926,-96.77081381795539,64,config_2
864c20c,32.91588477660569,-96.81366415379489,65,config_2
864c214,32.960749181909684,-96.81366415379489,61,config_2
864c21c,32.96307903400877,-96.77081381795539,91,config_2
864c23,33.02917631256216,-96.7922354503473,90,config_2
864c244,33.003245717955956,-96.85654274127455,18,config_2
864c24c,33.04806827785492,-96.85654274127455,32,config_2
864c254,33.04570249829046,-96.89944951510694,34,config_2
864c25c,33.00088158201888,-96.89944951510694,35,config_2
864c264,32.9560405404973,-96.89944951510694,44,config_2
864c26c,32.95840302627783,-96.85654274127455,43,config_2
864c274,32.91354026590786,-96.85654274127455,73,config_2
864c27c,32.91117943681446,-96.89944951510694,45,config_2
864c284,32.90880226280605,-96.94238440980855,56,config_2
864c28c,32.95366169802373,-96.94238440980855,33,config_2
864c294,32.95126647238475,-96.98534735970001,34,config_2
864c29c,32.90640871743519,-96.98534735970001,49,config_2
864c2a4,32.90399877432687,-97.02833829890636,68,config_2
864c2ac,32.90157240717898,-97.07135716135726,31,config_2
864c2b4,32.946426766083654,-97.07135716135726,57,config_2
864c2bc,32.94885483718041,-97.02833829890636,46,config_2
864c2c4,32.99369085773294,-97.02833829890636,38,config_2
864c2cc,32.991261089397085,-97.07135716135726,19,config_2
864c2d4,33.03607531402479,-97.07135716135726,18,config_2
864c2dc,33.038506772891395,-97.02833829890636,66,config_2
864c2f,33.019716411840896,-96.96386238196816,99,config_2
864c31,33.10931289745232,-96.96386238196816,16,config_2
864c324,33.083302519761666,-97.02833829890636,40,config_2
864c32c,33.08086937707113,-97.07135716135726,26,config_2
864c334,33.125643215839595,-97.07135716135726,37,config_2
864c33c,33.128078035648805,-97.02833829890636,16,config_2
864c35,33.19398664245865,-97.04984424386326,41,config_2
864c37,33.198828294349696,-96.96386238196816,10,config_2
864c39,33.20360410407843,-96.87799260898478,34,config_2
864c3b,33.11408216475355,-96.87799260898478,68,config_2
864c3d,33.11878589509641,-96.7922354503473,81,config_2
864c3f,33.20831428451073,-96.7922354503473,29,config_2
864c5,33.42466297447948,-96.92091345144947,66,config_2
864c7,33.443305262701145,-96.57833866136845,51,config_2
864c84,33.71533595081478,-96.49297974540691,11,config_2
864c8c,33.706240578673395,-96.6638120059594,31,config_2
864c94,33.8841509284299,-96.6638120059594,18,config_2
864c99,33.9354432043109,-96.53564486778043,32,config_2
864c9b,33.84656443516483,-96.53564486778043,27,config_2
864c9d,33.851055472635714,-96.45034335805805,2,config_2
864c9f,33.93993993545446,-96.45034335805805,70,config_2
864ca1,34.02873863731382,-96.45034335805805,48,config_2
864ca3,34.02423626121194,-96.53564486778043,8,config_2
864ca5,34.11294313676092,-96.53564486778043,32,config_2
864ca7,34.11745110914826,-96.45034335805805,34,config_2
864ca9,34.206076885155156,-96.45034335805805,24,config_2
864cab,34.294615502799296,-96.45034335805805,41,config_2
864cad,34.290096483684934,-96.53564486778043,36,config_2
864caf,34.201563365111966,-96.53564486778043,57,config_2
864cb1,34.196984126669165,-96.62106106216318,65,config_2
864cb3,34.285511663852645,-96.62106106216318,42,config_2
864cb5,34.28086082138166,-96.70659142835461,45,config_2
864cb7,34.1923389482736,-96.70659142835461,52,config_2
864cbc,34.061719673240624,-96.6638120059594,62,config_2
864cc1,34.010334940811326,-96.7922354503473,23,config_2
864cc3,34.00556903762603,-96.87799260898478,14,config_2
864cc5,34.09425268709627,-96.87799260898478,11,config_2
864cc7,34.09902452368643,-96.7922354503473,59,config_2
864cc9,34.18762760947238,-96.7922354503473,32,config_2
864ccb,34.27614373545093,-96.7922354503473,45,config_2
864ccd,34.27136018635361,-96.87799260898478,27,config_2
864ccf,34.18284989092724,-96.87799260898478,53,config_2
864cd1,34.17800557442899,-96.96386238196816,26,config_2
864cd3,34.26650995551138,-96.96386238196816,45,config_2
864cd7,34.17309444291186,-97.04984424386326,48,config_2
864cdc,34.04264362382727,-97.00683933476365,33,config_2
864cf,33.78108454237463,-96.92091345144947,15,config_2
864d04,33.677373568329436,-97.17902604633225,21,config_2
864d0c,33.66721853427109,-97.35165580142355,2,config_2
864d14,33.845028658542326,-97.35165580142355,19,config_2
864d19,33.89709415859029,-97.22214211701957,16,config_2
864d1d,33.81328422836918,-97.13593766610796,39,config_2
864d1f,33.90212073716172,-97.13593766610796,63,config_2
864d21,33.99087189450843,-97.13593766610796,38,config_2
864d23,33.98583898509067,-97.22214211701957,13,config_2
864d25,34.07449804508447,-97.22214211701957,13,config_2
864d27,34.07953723099811,-97.13593766610796,51,config_2
864d284,34.147230085126125,-97.11440388078715,21,config_2
864d28c,34.14472497910701,-97.15747839073565,29,config_2
864d291,34.1785554812185,-97.14670716152928,36,config_2
864d293,34.17729814632859,-97.16825135268444,42,config_2
864d295,34.199426081368316,-97.16825135268444,26,config_2
864d297,34.20068380126923,-97.14670716152928,18,config_2
864d29c,34.19149872613035,-97.11440388078715,55,config_2
864d2b,34.256608580008184,-97.13593766610796,37,config_2
864d2d,34.251557003963036,-97.22214211701957,40,config_2
864d2f,34.16307087236159,-97.22214211701957,61,config_2
864d34,34.19962542305069,-97.35165580142355,81,config_2
864d3c,34.02249887353197,-97.35165580142355,20,config_2
864d5,34.095267570885966,-97.61142171393448,89,config_2
864d7,33.740407743774476,-97.61142171393448,4,config_2
864d9,33.38419865667327,-97.61142171393448,13,config_2
864db,33.40496528400982,-97.26528581122331,88,config_2
864dc4,33.131787043268204,-97.35165580142355,2,config_2
864dc9,33.18410496654987,-97.22214211701957,10,config_2
864dca4,33.21020403914299,-97.15747839073565,99,config_2
864dcac,33.21267528434714,-97.11440388078715,83,config_2
864dcb4,33.167943756747746,-97.11440388078715,36,config_2
864dcbc,33.165474198497655,-97.15747839073565,14,config_2
864dcd,33.09957690324923,-97.13593766610796,39,config_2
864dcf,33.094609754904205,-97.22214211701957,9,config_2
864dd1,33.00503361653139,-97.22214211701957,24,config_2
864dd3,33.00999388835464,-97.13593766610796,42,config_2
864dd5,32.920330393607976,-97.13593766610796,56,config_2
864dd7,32.9153770530473,-97.22214211701957,97,config_2
864dd9,32.910357522668384,-97.3084570618028,41,config_2
864dda4,32.97886461505136,-97.28686799616995,11,config_2
864ddac,33.02367020970989,-97.28686799616995,71,config_2
864ddb4,33.021139444287165,-97.33005299969896,8,config_2
864ddbc,32.97633561125949,-97.33005299969896,25,config_2
864ddd,32.99491401000882,-97.39488196255758,19,config_2
864ddf,32.905271595529186,-97.39488196255758,30,config_2
864df,33.026671193038524,-97.61142171393448,51,config_2
864e1,32.66785705573455,-97.61142171393448,92,config_2
864e3,32.30778876008412,-97.61142171393448,15,config_2
864e5,32.328206146256456,-97.26528581122331,40,config_2
864e64,32.60342559297486,-97.17902604633225,90,config_2
864e6c,32.59343654138261,-97.35165580142355,89,config_2
864e704,32.70961190875816,-97.28686799616995,7,config_2
864e70c,32.754536939738664,-97.28686799616995,10,config_2
864e711,32.74141935237176,-97.31925417224487,76,config_2
864e713,32.763876261675335,-97.31925417224487,27,config_2
864e715,32.76261185013202,-97.34085354311036,58,config_2
864e717,32.740155392358815,-97.34085354311036,51,config_2
864e71c,32.70709362135849,-97.33005299969896,40,config_2
864e724,32.70455877644658,-97.37326545852945,57,config_2
864e72c,32.702007348420054,-97.41650530503672,8,config_2
864e734,32.746926932172535,-97.41650530503672,10,config_2
864e73b,32.73761503931238,-97.38407285520739,3,config_2
864e73d,32.73888728907324,-97.36245977358223,100,config_2
864e73f,32.761343293792,-97.36245977358223,17,config_2
864e75,32.81554937243264,-97.39488196255758,69,config_2
864e764,32.841804019849704,-97.33005299969896,17,config_2
864e76c,32.796920336275704,-97.33005299969896,72,config_2
864e774,32.799442223740336,-97.28686799616995,16,config_2
864e77c,32.844327696869534,-97.28686799616995,31,config_2
864e784,32.84683480564063,-97.24371051537364,17,config_2
864e78c,32.84932537199337,-97.20058062454765,56,config_2
864e794,32.804436356008246,-97.20058062454765,24,config_2
864e79c,32.80194755504942,-97.24371051537364,6,config_2
864e7b,32.73582467310211,-97.22214211701957,28,config_2
864e7c4,32.76199805160715,-97.15747839073565,19,config_2
864e7cc,32.71706768305223,-97.15747839073565,10,config_2
864e7d4,32.719519997949746,-97.11440388078715,48,config_2
864e7dc,32.76445212144636,-97.11440388078715,54,config_2
864e7e4,32.80936447047364,-97.11440388078715,12,config_2
864e7ec,32.80690865249766,-97.15747839073565,13,config_2
864e7f4,32.851799421833725,-97.15747839073565,30,config_2
864e7fc,32.854256981142754,-97.11440388078715,52,config_2
864e804,32.8566980759762,-97.07135716135726,65,config_2
864e80c,32.81180383596685,-97.07135716135726,11,config_2
864e814,32.8142267750822,-97.02833829890636,32,config_2
864e81c,32.85912273246406,-97.02833829890636,33,config_2
864e824,32.86153097681009,-96.98534735970001,45,config_2
864e82c,32.86392283529141,-96.94238440980855,72,config_2
864e834,32.81902347896741,-96.94238440980855,98,config_2
864e83c,32.81663331399837,-96.98534735970001,55,config_2
864e844,32.771715792687246,-96.98534735970001,50,config_2
864e84c,32.77410425752002,-96.94238440980855,21,config_2
864e854,32.7291652348333,-96.94238440980855,16,config_2
864e85c,32.72677847676195,-96.98534735970001,57,config_2
864e864,32.724375368713154,-97.02833829890636,57,config_2
864e86c,32.76931096586975,-97.02833829890636,36,config_2
864e871,32.75626486952607,-97.06059983156092,21,config_2
864e873,32.778727078889524,-97.06059983156092,3,config_2
864e875,32.77751215324717,-97.08211623221572,3,config_2
864e8764,32.76036199333914,-97.08749642021914,11,config_2
864e876c,32.76097031964529,-97.07673647921854,7,config_2
864e8774,32.74973814150453,-97.07673647921854,18,config_2
864e877c,32.749129923832996,-97.08749642021914,90,config_2
864e87c,32.7219558844852,-97.07135716135726,33,config_2
864e884,32.67700230098583,-97.07135716135726,5,config_2
864e88c,32.679420047696574,-97.02833829890636,66,config_2
864e894,32.63444506710169,-97.02833829890636,35,config_2
864e89c,32.63202906462526,-97.07135716135726,8,config_2
864e8b,32.565741232180564,-97.04984424386326,8,config_2
864e8d,32.570535318341655,-96.96386238196816,15,config_2
864e8e4,32.63922804226726,-96.94238440980855,36,config_2
864e8ec,32.63684471759864,-96.98534735970001,18,config_2
864e8f4,32.68182143030555,-96.98534735970001,36,config_2
864e8fc,32.6842064749892,-96.94238440980855,26,config_2
864e904,32.6865752079969,-96.89944951510694,64,config_2
864e90c,32.688927655650495,-96.85654274127455,47,config_2
864e914,32.64394581908818,-96.85654274127455,23,config_2
864e91c,32.6415950673316,-96.89944951510694,53,config_2
864e93,32.57526422651602,-96.87799260898478,4,config_2
864e95,32.57992816676992,-96.7922354503473,16,config_2
864e964,32.648598608223885,-96.77081381795539,23,config_2
864e96c,32.646280323905565,-96.81366415379489,19,config_2
864e971,32.68060121307896,-96.80294891869778,21,config_2
864e973,32.67943738835732,-96.82438115462048,28,config_2
864e975,32.70192402096603,-96.82438115462048,24,config_2
864e977,32.7030882643473,-96.80294891869778,30,config_2
864e97c,32.69358380054235,-96.77081381795539,52,config_2
864e984,32.73854929392094,-96.77081381795539,46,config_2
864e9884,32.767509508046764,-96.75475223893302,5,config_2
864e988c,32.766931886364624,-96.76545951566288,4,config_2
864e9894,32.778167133408935,-96.76545951566288,46,config_2
864e989c,32.77874485812021,-96.75475223893302,54,config_2
864e98b,32.79530674729337,-96.76010565594648,30,config_2
864e98d,32.79414896037943,-96.78152374976098,100,config_2
864e98f,32.771681253536315,-96.78152374976098,31,config_2
864e9904,32.76519293640757,-96.7975919636156,16,config_2
864e990c,32.76461125673317,-96.80830631546661,10,config_2
864e9911,32.773183032175695,-96.8056275618793,12,config_2
864e9913,32.772891899532986,-96.81098517944378,11,config_2
864e9915,32.778508993579116,-96.81098517944378,25,config_2
864e9917,32.77880015217529,-96.8056275618793,62,config_2
864e9919,32.77909105685526,-96.8002703859379,81,config_2
864e991b,32.773473910925425,-96.8002703859379,5,config_2
864e991d,32.77376453583407,-96.79491365174678,8,config_2
864e991f,32.77938170767094,-96.79491365174678,50,config_2
864e9921,32.78499856982517,-96.79491365174678,18,config_2
864e9923,32.784707893115055,-96.8002703859379,38,config_2
864e9925,32.79032441957985,-96.8002703859379,59,config_2
864e9927,32.79061512217179,-96.79491365174678,22,config_2
864e992c,32.79889403057365,-96.7975919636156,17,config_2
864e9934,32.79831203988764,-96.80830631546661,10,config_2
864e993c,32.78707968452372,-96.80830631546661,60,config_2
864e995,32.79182120368614,-96.82438115462048,36,config_2
864e997,32.769354326207775,-96.82438115462048,37,config_2
864e999,32.74688249791967,-96.82438115462048,64,config_2
864e99b,32.74804757619381,-96.80294891869778,21,config_2
864e99d,32.725570388063765,-96.80294891869778,19,config_2
864e99f,32.72440572683168,-96.82438115462048,10,config_2
864e9a4,32.73388980621463,-96.85654274127455,96,config_2
864e9ac,32.73153566920183,-96.89944951510694,51,config_2
864e9b4,32.77647638666789,-96.89944951510694,29,config_2
864e9bc,32.77883220650312,-96.85654274127455,64,config_2
864e9c4,32.82375479243626,-96.85654274127455,55,config_2
864e9cc,32.821397296314245,-96.89944951510694,53,config_2
864e9d4,32.866298334258005,-96.89944951510694,28,config_2
864e9dc,32.868657500132336,-96.85654274127455,62,config_2
864e9e4,32.87100035940884,-96.81366415379489,56,config_2
864e9e9,32.836740074236054,-96.82438115462048,18,config_2
864e9eb,32.81428312235727,-96.82438115462048,23,config_2
864e9ed,32.81544944690573,-96.80294891869778,48,config_2
864e9ef,32.83790681259223,-96.80294891869778,24,config_2
864e9f1,32.83906948481605,-96.78152374976098,58,config_2
864e9f3,32.81661170680099,-96.78152374976098,22,config_2
864e9f5,32.817769905368785,-96.76010565594648,33,config_2
864e9f7,32.84022809423478,-96.76010565594648,23,config_2
864e9fc,32.87332693865351,-96.77081381795539,79,config_2
864ea04,32.87563726450346,-96.7279917988472,64,config_2
864ea0c,32.87793136366645,-96.68519816136498,57,config_2
864ea14,32.8330220951347,-96.68519816136498,75,config_2
864ea19,32.820074131846965,-96.71729072616859,55,config_2
864ea1b,32.842533137988305,-96.71729072616859,64,config_2
864ea1d,32.84138264418016,-96.7386946453784,18,config_2
864ea1f,32.818924045939255,-96.7386946453784,50,config_2
864ea24,32.78580207493309,-96.7279917988472,60,config_2
864ea2c,32.74085469766692,-96.7279917988472,22,config_2
864ea34,32.74314391016119,-96.68519816136498,74,config_2
864ea3c,32.788092922673926,-96.68519816136498,54,config_2
864ea44,32.79036759403467,-96.64243297020663,57,config_2
864ea4c,32.74541695810643,-96.64243297020663,76,config_2
864ea54,32.74767386827516,-96.59969628987318,31,config_2
864ea5c,32.79262611581298,-96.59969628987318,46,config_2
864ea64,32.837558510717265,-96.59969628987318,53,config_2
864ea6c,32.83529838359799,-96.64243297020663,56,config_2
864ea74,32.88020926292046,-96.64243297020663,31,config_2
864ea7c,32.88247098911322,-96.59969628987318,12,config_2
864ea9,32.863378379979515,-96.53564486778043,50,config_2
864eab,32.86780356179156,-96.45034335805805,20,config_2
864ead,32.77792773508462,-96.45034335805805,9,config_2
864eaf,32.7735088341125,-96.53564486778043,32,config_2
864eb4,32.64076865251589,-96.49297974540691,14,config_2
864ebc,32.63182149570298,-96.6638120059594,48,config_2
864ed,32.36590279494162,-96.57833866136845,42,config_2
864ee4,32.26197653043985,-96.83509992015557,26,config_2
864eec,32.44245111958039,-96.83509992015557,94,config_2
864ef4,32.43301402278504,-97.00683933476365,4,config_2
864efc,32.25256749863232,-97.00683933476365,1,config_2
864f1,31.9860430618311,-96.92091345144947,13,config_2
864f3,32.00426202432811,-96.57833866136845,76,config_2
864f5,31.641424129983594,-96.57833866136845,4,config_2
864f7,31.6233192007235,-96.92091345144947,19,config_2
864f81,31.475190756974236,-97.13593766610796,14,config_2
864f83,31.566071141156478,-97.13593766610796,50,config_2
864f85,31.56122834933596,-97.22214211701957,29,config_2
864f87,31.470355774016543,-97.22214211701957,15,config_2
864f8c,31.50842145839784,-97.35165580142355,13,config_2
864f94,31.689998865859735,-97.35165580142355,1,config_2
864f9c,31.699837384086543,-97.17902604633225,5,config_2
864fb,31.966793302618584,-97.26528581122331,27,config_2
864fd,31.946499625943947,-97.61142171393448,19,config_2
864ff,31.584023768796495,-97.61142171393448,25,config_2
86504,31.733083289609205,-98.13385582671398,92,config_2
8650c,31.68622551393247,-98.83627550306029,44,config_2
86514,32.40782332145301,-98.83627550306029,75,config_2
86519,32.623560012440535,-98.30884408222222,5,config_2
8651b,32.26375129550319,-98.30884408222222,48,config_2
8651d,32.28630800701027,-97.95928633924419,51,config_2
8651f,32.64624979161649,-97.95928633924419,19,config_2
86524,33.17250428695572,-98.13385582671398,54,config_2
8652c,33.88456517456783,-98.13385582671398,7,config_2
86534,33.836080966085675,-98.83627550306029,38,config_2
8653c,33.12452855913136,-98.83627550306029,7,config_2
8655,33.400118050344666,-99.90181306343518,68,config_2
86564,32.29955541026602,-100.26001249402657,33,config_2
865684,32.60437270962983,-99.81249348078939,1,config_2
86568d,32.38370805016865,-99.76786866183328,37,config_2
86568f,32.473429481002526,-99.76786866183328,87,config_2
865694,32.43892706439313,-99.6341350278484,72,config_2
86569c,32.61824702993047,-99.6341350278484,6,config_2
8656b,32.548873802031544,-99.36730841665778,37,config_2
8656d,32.189504673528944,-99.36730841665778,3,config_2
8656f,32.16252521721015,-99.72326726161637,16,config_2
86574,31.634986786941877,-99.54509739864785,4,config_2
8657c,31.57927923784857,-100.26001249402657,86,config_2
86584,30.8544601800588,-100.26001249402657,11,config_2
8658c,30.125383289203373,-100.26001249402657,12,config_2
86594,30.17959168416649,-99.54509739864785,75,config_2
8659c,30.909438073340255,-99.54509739864785,43,config_2
865a4,30.960008052009997,-98.83627550306029,40,config_2
865a9,31.177184550520312,-98.30884408222222,28,config_2
865ab,31.199317897630763,-97.95928633924419,32,config_2
865ad,30.83471593080454,-97.95928633924419,57,config_2
865af,30.812731753148537,-98.30884408222222,97,config_2
865b04,30.533055074971134,-98.39649382124541,34,config_2
865b0c,30.350051135519102,-98.39649382124541,24,config_2
865b14,30.361208801412218,-98.22129789306325,85,config_2
865b1c,30.544252496840773,-98.22129789306325,54,config_2
865b24,30.555187146256856,-98.04651845312563,14,config_2
865b2c,30.56586048991763,-97.87216004899976,100,config_2
865b304,30.447477521035466,-97.93749482375502,31,config_2
865b30c,30.40168471370895,-97.93749482375502,28,config_2
865b314,30.404328541654767,-97.89393166986866,49,config_2
865b31c,30.450123706958088,-97.89393166986866,5,config_2
865b324,30.452753679360693,-97.85039507717951,22,config_2
865b32c,30.45536746158975,-97.80688511561101,46,config_2
865b334,30.40956762480766,-97.80688511561101,27,config_2
865b33c,30.406956170914814,-97.85039507717951,19,config_2
865b344,30.361142523108004,-97.85039507717951,10,config_2
865b34c,30.36375164116617,-97.80688511561101,93,config_2
865b354,30.31791958437281,-97.80688511561101,52,config_2
865b35c,30.315312809645107,-97.85039507717951,25,config_2
865b364,30.312689889299545,-97.89393166986866,20,config_2
865b36c,30.358517244534543,-97.89393166986866,37,config_2
865b374,30.35587578215517,-97.93749482375502,28,config_2
865b37c,30.3100508000735,-97.93749482375502,31,config_2
865b39,30.328974496320576,-98.0028892034051,29,config_2
865b3b,30.42058518838333,-98.0028892034051,21,config_2
865b3d,30.41519765186669,-98.09017401782,19,config_2
865b3f,30.32359660131075,-98.09017401782,32,config_2
865b44,30.188765074951853,-98.04651845312563,75,config_2
865b484,30.264209841341415,-97.93749482375502,14,config_2
865b48c,30.218352980013965,-97.93749482375502,11,config_2
865b494,30.22098730018399,-97.89393166986866,49,config_2
865b49c,30.266846549830042,-97.89393166986866,34,config_2
865b4a4,30.269467104409188,-97.85039507717951,20,config_2
865b4ac,30.272071528313404,-97.80688511561101,86,config_2
865b4b1,30.23702587725476,-97.81776010551877,23,config_2
865b4b3,30.238323179331445,-97.79601179450758,44,config_2
865b4b5,30.215386926067122,-97.79601179450758,8,config_2
865b4b7,30.2140902126309,-97.81776010551877,38,config_2
865b4bc,30.223605481461068,-97.85039507717951,66,config_2
865b4c4,30.17772801503892,-97.85039507717951,64,config_2
865b4cc,30.180327714828618,-97.80688511561101,64,config_2
865b4d4,30.134432106062352,-97.80688511561101,6,config_2
865b4dc,30.131834779557764,-97.85039507717951,23,config_2
865b4f,30.15085541080973,-97.91570993103981,73,config_2
865b54,30.015731494442146,-97.87216004899976,49,config_2
865b5c,30.005173146136972,-98.04651845312563,50,config_2
865b7,30.080647732549952,-98.30884408222222,83,config_2
865b9,30.05792968118548,-98.66005856336714,41,config_2
865bb,30.42432404893557,-98.66005856336714,83,config_2
865bd,30.400377607935326,-99.0128926396605,49,config_2
865bf,30.03415614512809,-99.0128926396605,38,config_2
865c1,29.666946439306688,-99.0128926396605,18,config_2
865c3,29.29878707488194,-99.0128926396605,7,config_2
865c41,29.451755396177276,-98.79218356475204,7,config_2
865c43,29.457560711214946,-98.70407502125441,97,config_2
865c45,29.36542257542949,-98.70407502125441,11,config_2
865c47,29.35962854876116,-98.79218356475204,2,config_2
865c54,29.23565167078199,-98.57210164219819,11,config_2
865c589,29.39044652871884,-98.49522283487921,16,config_2
865c58a4,29.408080957546215,-98.48973448462176,10,config_2
865c58a9,29.416897411367458,-98.48699045942412,20,config_2
865c58aa4,29.42130544787075,-98.48561848431582,14,config_2
865c58aac,29.424185680736997,-98.48561848431582,31,config_2
865c58ab4,29.424010475898267,-98.48836245952685,57,config_2
865c58abc,29.421130253680627,-98.48836245952685,32,config_2
865c58ac4,29.420954996272283,-98.49110653470667,9,config_2
865c58acc,29.42383520783736,-98.49110653470667,78,config_2
865c58ad4,29.42365987654903,-98.49385070983762,76,config_2
865c58adc,29.420779675640464,-98.49385070983762,1,config_2
865c58af,29.41654692851456,-98.49247860977935,22,config_2
865c58b4,29.41890098910074,-98.50071158483473,11,config_2
865c58bc,29.407379614077243,-98.50071158483473,7,config_2
865c58d,29.41208637425538,-98.51718023147153,5,config_2
865c58f,29.389042331749387,-98.51718023147153,2,config_2
865c594,29.39845040479675,-98.55012829743514,2,config_2
865c59c,29.352357177061265,-98.55012829743514,2,config_2
865c5b,29.371151507395588,-98.61606741261737,32,config_2
865c5d,29.4633008010114,-98.61606741261737,40,config_2
865c5e4,29.490593493764127,-98.55012829743514,21,config_2
865c5ec,29.444529202733182,-98.55012829743514,8,config_2
865c5f1,29.458163608213578,-98.51718023147153,9,config_2
865c5f3,29.43512680295637,-98.51718023147153,7,config_2
865c5f44,29.441941025208795,-98.50071158483473,10,config_2
865c5f4c,29.43042145987955,-98.50071158483473,18,config_2
865c5f51,29.433827826476808,-98.49247860977935,8,config_2
865c5f53,29.428067753416755,-98.49247860977935,37,config_2
865c5f544,29.429770750657337,-98.48836245952685,1,config_2
865c5f54c,29.426890641563443,-98.48836245952685,20,config_2
865c5f554,29.427065857048802,-98.48561848431582,84,config_2
865c5f55c,29.429945976787344,-98.48561848431582,2,config_2
865c5f57,29.434178437136644,-98.48699045942412,12,config_2
865c5f5c,29.442642880284716,-98.48973448462176,4,config_2
865c5f7,29.459569854645576,-98.49522283487921,34,config_2
865c5fc,29.493416141773213,-98.50620073434655,19,config_2
865c604,29.539468573360153,-98.50620073434655,75,config_2
865c60c,29.536643200950824,-98.55012829743514,19,config_2
865c614,29.58267824752269,-98.55012829743514,30,config_2
865c61c,29.585506336167388,-98.50620073434655,20,config_2
865c63,29.653121270711214,-98.5281613251188,86,config_2
865c65,29.647424377761023,-98.61606741261737,50,config_2
865c664,29.576973232538126,-98.6380598200212,34,config_2
865c66c,29.579833886806615,-98.59408135029906,56,config_2
865c674,29.533801572550477,-98.59408135029906,31,config_2
865c67c,29.530943666706463,-98.6380598200212,18,config_2
865c6c,29.592755976780314,-98.74811671290261,24,config_2
865c74,29.776668968125207,-98.74811671290261,34,config_2
865c7c,29.78822624920605,-98.57210164219819,76,config_2
865c84,29.79952185716575,-98.39649382124541,89,config_2
865c89,29.658753022504452,-98.4403573420946,75,config_2
865c8b,29.566698942580587,-98.4403573420946,94,config_2
865c8c4,29.593893185799338,-98.37457171013507,35,config_2
865c8cc,29.547847370483826,-98.37457171013507,20,config_2
865c8d4,29.55060793520639,-98.33074683162457,45,config_2
865c8dc,29.59665640272028,-98.33074683162457,19,config_2
865c8f,29.66431980673125,-98.35265604392654,21,config_2
865c94,29.626515748431625,-98.22129789306325,76,config_2
865c9c,29.81055718612046,-98.22129789306325,68,config_2
865ca4,29.821333652336968,-98.04651845312563,66,config_2
865ca9,29.875237234305057,-97.91570993103981,100,config_2
865cab,29.880437523301296,-97.82863676314237,9,config_2
865cad,29.788432071795807,-97.82863676314237,4,config_2
865caf,29.78324154673377,-97.91570993103981,1,config_2
865cb4,29.647730670860483,-97.87216004899976,13,config_2
865cb9,29.59383477347415,-98.0028892034051,22,config_2
865cbb,29.685940788150305,-98.0028892034051,12,config_2
865cbd,29.680632110686894,-98.09017401782,70,config_2
865cbf,29.58853623028217,-98.09017401782,1,config_2
865cd,29.365924716786814,-97.95928633924419,6,config_2
865ce4,29.257725688609163,-98.22129789306325,5,config_2
865cec,29.442236944118477,-98.22129789306325,33,config_2
865cf1,29.38794943622064,-98.35265604392654,7,config_2
865cf3,29.480131424651383,-98.35265604392654,74,config_2
865cf44,29.452940364021885,-98.41842236824124,16,config_2
865cf4c,29.499012804332434,-98.41842236824124,35,config_2
865cf54,29.4962225714295,-98.46229873376596,35,config_2
865cf59,29.460972050860416,-98.47327183345534,58,config_2
865cf5b,29.462370199555366,-98.45132723626844,16,config_2
865cf5d,29.439331353942535,-98.45132723626844,3,config_2
865cf5f,29.43793388334742,-98.47327183345534,34,config_2
865cf64,29.404068568241776,-98.46229873376596,52,config_2
865cf6c,29.40685339247636,-98.41842236824124,12,config_2
865cf74,29.360751966816615,-98.41842236824124,6,config_2
865cf7c,29.357969859007678,-98.46229873376596,31,config_2
865cfc,29.246817280680546,-98.39649382124541,35,config_2
865d4,28.800767770339537,-98.13385582671398,70,config_2
865dc,28.756549512130285,-98.83627550306029,6,config_2
865f,29.05146194995472,-99.90181306343518,87,config_2
87c01,39.71387448327644,-94.8935627223328,81,config_2
87c064,39.30445050986651,-94.81059550583717,59,config_2
87c074,39.46295764958907,-94.97665398592595,12,config_2
87c079,39.337108767307996,-95.01824599477534,2,config_2
87c07a4,39.36047217212869,-94.95586956518562,5,config_2
87c07ac,39.36223121777988,-94.91432392635227,30,config_2
87c07b4,39.32083415660271,-94.91432392635227,63,config_2
87c07bc,39.3190756196539,-94.95586956518562,15,config_2
87c07d,39.257810505783475,-94.93509287631336,89,config_2
87c084,39.131569550084656,-94.97665398592595,43,config_2
87c089,39.17833444468062,-94.85206358017719,29,config_2
87c08b,39.18175129798421,-94.76915855510096,16,config_2
87c08d,39.098681134379355,-94.76915855510096,28,config_2
87c08e4,39.075341929426436,-94.83132565603871,3,config_2
87c08ec,39.116903395378344,-94.83132565603871,66,config_2
87c08f4,39.115179680897384,-94.87280927127271,48,config_2
87c08fc,39.073618737720544,-94.87280927127271,5,config_2
87c091,39.012089709970745,-94.85206358017719,42,config_2
87c0924,39.03545996305666,-94.78987313653973,26,config_2
87c092c,39.037150558091156,-94.74845176846277,31,config_2
87c0934,38.995533851925245,-94.74845176846277,29,config_2
87c093c,38.993843777441484,-94.78987313653973,58,config_2
87c0944,38.95220054299661,-94.78987313653973,28,config_2
87c094c,38.95389009302123,-94.74845176846277,40,config_2
87c0954,38.9122193163902,-94.74845176846277,54,config_2
87c095c,38.910530294738514,-94.78987313653973,29,config_2
87c097,38.928804842409484,-94.85206358017719,62,config_2
87c09c,38.9652227788756,-94.97665398592595,65,config_2
87c0a4,38.79844379907593,-94.97665398592595,56,config_2
87c0ac,38.63123487903563,-94.97665398592595,2,config_2
87c0b4,38.638168938479836,-94.81059550583717,20,config_2
87c0b9,38.76531776918143,-94.76915855510096,1,config_2
87c0bb,38.76191150787163,-94.85206358017719,10,config_2
87c0bd,38.84541201390693,-94.85206358017719,71,config_2
87c0bf,38.848820456871955,-94.76915855510096,44,config_2
87c0c1,38.852164981269105,-94.68637824658086,82,config_2
87c0c3,38.85544584472557,-94.60372309687371,11,config_2
87c0c5,38.77193891967622,-94.60372309687371,1,config_2
87c0c7,38.76866015398384,-94.68637824658086,20,config_2
87c0cc,38.64484723649029,-94.64503499936119,34,config_2
87c0e4,38.985311088833,-94.47997600454927,29,config_2
87c0e84,38.918816012002075,-94.5830789170299,60,config_2
87c0e8c,38.960488850874654,-94.5830789170299,31,config_2
87c0e94,38.95886301317918,-94.6243751265977,24,config_2
87c0e9c,38.917190682207675,-94.6243751265977,41,config_2
87c0ea4,38.91554947787709,-94.66570270831089,57,config_2
87c0eac,38.913892366694746,-94.70706160729246,46,config_2
87c0eb4,38.95556366655958,-94.70706160729246,53,config_2
87c0ebc,38.95722129585071,-94.66570270831089,45,config_2
87c0ec4,38.998866088380524,-94.66570270831089,51,config_2
87c0ecc,38.997207944820545,-94.70706160729246,52,config_2
87c0ed4,39.03882516647192,-94.70706160729246,24,config_2
87c0edc,39.04048382046611,-94.66570270831089,25,config_2
87c0ee4,39.04212655238624,-94.6243751265977,70,config_2
87c0eec,39.00050831490376,-94.6243751265977,35,config_2
87c0ef4,39.00213465673393,-94.5830789170299,37,config_2
87c0efc,39.043753394589935,-94.5830789170299,81,config_2
87c0f4,39.145233512559905,-94.64503499936119,88,config_2
87c71,38.059426341928194,-94.56244259389422,93,config_2
87c73,38.3964426155579,-94.56244259389422,85,config_2
87c75,38.383112497686724,-94.8935627223328,30,config_2
87c77,38.04613398349081,-94.8935627223328,14,config_2
87c79,37.70747861662477,-94.8935627223328,48,config_2
87c7b,37.72073117452561,-94.56244259389422,81,config_2
87c7c1,37.50336140099963,-94.68637824658086,24,config_2
87c7c3,37.41817389222551,-94.68637824658086,94,config_2
87c7c5,37.42141487643129,-94.60372309687371,3,config_2
87c7c7,37.50660498218831,-94.60372309687371,3,config_2
87c7dc,37.291827030221626,-94.64503499936119,41,config_2
87c7e4,37.28522732949151,-94.81059550583717,76,config_2
87c7ec,37.45579903596711,-94.81059550583717,41,config_2
87c7f4,37.448935516247104,-94.97665398592595,14,config_2
87c7fc,37.27837495384528,-94.97665398592595,38,config_2
87c804,37.107407205380824,-94.97665398592595,31,config_2
87c80c,37.114248166563016,-94.81059550583717,62,config_2
87c811,36.98406371736018,-94.85206358017719,5,config_2
87c813,36.98741669251282,-94.76915855510096,6,config_2
87c815,36.90162265471218,-94.76915855510096,12,config_2
87c817,36.8982725792805,-94.85206358017719,79,config_2
87c81c,36.93603506182218,-94.97665398592595,3,config_2
87c824,36.76426136712712,-94.97665398592595,51,config_2
87c82c,36.5920890183287,-94.97665398592595,46,config_2
87c834,36.598894102487684,-94.81059550583717,1,config_2
87c83c,36.77107868366428,-94.81059550583717,43,config_2
87c85,36.694782694296634,-94.56244259389422,13,config_2
87c86c,36.949441807505906,-94.64503499936119,44,config_2
87c874,37.120836882951544,-94.64503499936119,85,config_2
87c99,36.00282308459756,-94.56244259389422,2,config_2
87c9b,36.34958656396506,-94.56244259389422,5,config_2
87c9d,36.33651399436072,-94.8935627223328,9,config_2
87c9ec,36.07997654951149,-94.81059550583717,4,config_2
87c9f4,35.9062262809536,-94.81059550583717,29,config_2
87c9f9,35.85768956521025,-94.93509287631336,21,config_2
87c9fb,35.94465583105874,-94.93509287631336,57,config_2
87c9fd,35.94121484286044,-95.01824599477534,27,config_2
87c9ff,35.85425200985621,-95.01824599477534,38,config_2
87ca04,35.725352582445765,-94.97665398592595,39,config_2
87ca09,35.59279136730177,-95.01824599477534,37,config_2
87ca0b,35.505448456717524,-95.01824599477534,13,config_2
87ca0d,35.50887192508664,-94.93509287631336,42,config_2
87ca0f,35.596218410868694,-94.93509287631336,25,config_2
87ca14,35.55757801154273,-94.81059550583717,5,config_2
87ca5,35.30469437740897,-94.56244259389422,5,config_2
87ca7,35.2917790915635,-94.8935627223328,4,config_2
87cac,34.77088223876642,-94.72775278355441,21,config_2
87cb4,34.79460479677922,-94.0695453815523,1,config_2
8744,39.85287102346122,-108.04801051576172,28,config_2
87509,41.59811431242835,-109.75916751331724,24,config_2
8750d,41.83587885829101,-110.14025935225098,33,config_2
8750f,41.52944726965829,-110.14025935225098,88,config_2
87511,41.45933719640506,-110.52154591598968,47,config_2
87512c,41.85969242759465,-110.42620876515821,22,config_2
875134,41.82422134494347,-110.61689210015189,56,config_2
87513c,41.67148324147295,-110.61689210015189,27,config_2
87515,41.69403755436612,-110.90297701885287,49,config_2
87517,41.38778608275918,-110.90297701885287,45,config_2
8751c,40.96114957773461,-110.71224653410287,83,config_2
8753,41.04899972624418,-111.85685855297612,19,config_2
87541,41.92543091700357,-111.2845025498043,85,config_2
87543,42.22822200510202,-111.2845025498043,5,config_2
87547,41.85081583827211,-111.66607250507464,30,config_2
8754c,41.887694499031255,-112.23840170215038,28,config_2
87554,42.48950081319842,-112.23840170215038,67,config_2
8755c,42.642002766346216,-111.47528509455601,8,config_2
87564,42.78870569972412,-110.71224653410287,97,config_2
8756c,42.18631392467769,-110.71224653410287,83,config_2
87571,42.44362298845131,-110.14025935225098,86,config_2
87573,42.140607456520236,-110.14025935225098,53,config_2
87577,42.512519149060196,-109.75916751331724,13,config_2
87579,42.813872317928414,-109.75916751331724,74,config_2
8757b,42.74491601088889,-110.14025935225098,20,config_2
8757c5,43.01583257301741,-110.0926111935824,46,config_2
8757c7,42.9410489961539,-110.0926111935824,59,config_2
8757cc,42.95227305203354,-110.23556469908166,6,config_2
8757d1,43.07307129880128,-110.18791055344089,51,config_2
8757d5,43.130103946572625,-110.28322169111406,21,config_2
8757d7,43.14763432139191,-110.18791055344089,34,config_2
8757f,43.113486248182625,-109.75916751331724,2,config_2
87581,43.181034713042585,-109.37832062678952,29,config_2
87585,42.94741273909886,-108.99776892942042,52,config_2
87587,43.24712288975873,-108.99776892942042,83,config_2
8758b,43.37492059078686,-108.23775189843867,66,config_2
8758d,43.075124518084,-108.23775189843867,81,config_2
8758f,43.01199683271839,-108.61756263435514,28,config_2
87591,42.710480555704244,-108.61756263435514,84,config_2
87593,42.77355929606482,-108.23775189843867,32,config_2
87595,42.47023314742765,-108.23775189843867,26,config_2
87599,42.34273727750223,-108.99776892942042,1,config_2
8759d,42.57996097740468,-109.37832062678952,16,config_2
8759e4,42.336049609628205,-109.47350663665932,74,config_2
8759fc,42.18405066790589,-109.47350663665932,36,config_2
875a4,41.85193945234001,-109.18800474020169,73,config_2
875b4,41.363654817349705,-108.42760468979141,84,config_2
875bc,41.98068044964524,-108.42760468979141,28,config_2
875c3,42.286733931289575,-107.47951725467925,64,config_2
875c5,41.9797796421945,-107.47951725467925,47,config_2
875cc,41.486309857265994,-107.66888695938226,83,config_2
875d04,41.79243430629057,-107.19572028421828,80,config_2
875d0c,41.82133073316203,-107.0067030764231,40,config_2
875d14,41.666499472243224,-107.0067030764231,8,config_2
875d5,41.47604079843073,-106.72346389403498,43,config_2
875d64,41.72318272366821,-106.62913035392717,32,config_2
875d6c,41.69501992394578,-106.81783770824106,69,config_2
875d74,41.84986870902074,-106.81783770824106,3,config_2
875d7c,41.878048662405156,-106.62913035392717,22,config_2
875dc,42.22082758211599,-106.91225102614887,8,config_2
875e4,42.83138365901172,-106.91225102614887,34,config_2
875ec,42.71397300644586,-107.66888695938226,96,config_2
875f4,43.31723880826789,-107.66888695938226,36,config_2
875fc,43.43481605010357,-106.91225102614887,1,config_2
54a01,46.69627491445258,-116.50323898101068,17,config_2
54a021,46.728883302637556,-116.86990628469317,10,config_2
54a025,46.63580876236556,-116.90927852016036,2,config_2
54a0264,46.678575559586676,-116.98633260419386,2,config_2
54a026c,46.692100973038066,-116.93305775552197,15,config_2
54a0274,46.72514917170096,-116.96672262604505,62,config_2
54a027c,46.711593405197405,-117.02004308843635,40,config_2
54a02c,46.62817442264636,-117.10256003500996,2,config_2
54a034,46.4965122620102,-116.96798543735393,68,config_2
54a03c,46.55017947314869,-116.75576869953292,12,config_2
54a05,46.32581841451287,-116.66237797182485,87,config_2
54a07,46.43085090249642,-116.23966227141241,51,config_2
54a09,46.16606598052111,-115.97985139499544,4,config_2
54a0b,45.90195409711273,-115.72374319010174,1,config_2
54a0c4,45.891751134644295,-116.10069311100112,47,config_2
54a0d4,45.709708553134966,-116.18032247148817,8,config_2
54a0dc,45.84044378023197,-116.30928297500316,62,config_2
54a0f,46.06291092107564,-116.3996339814568,31,config_2
54a14,45.775177155762165,-116.8955248936224,49,config_2
54a1c,46.29527448275069,-117.4295907902205,5,config_2
54a24,46.07297628255483,-118.27174051612829,7,config_2
54a29,46.02872563633426,-119.04087275863668,50,config_2
54a2b,45.911540339628736,-119.45960538832693,97,config_2
54a2d,45.659877064867864,-119.17683633115419,9,config_2
54a2f,45.77504239195271,-118.7606452586583,38,config_2
54a34,45.339491874084075,-118.55369269471477,91,config_2
54a3c,45.56062679935791,-117.726706078548,19,config_2
54a44,45.050494706892984,-117.19644018068523,65,config_2
54a49,45.016876454043214,-117.94238482985907,56,config_2
54a4b,44.90759225649767,-118.35092443240963,2,config_2
54a4d,44.65784760356354,-118.08290436559409,13,config_2
54a4f,44.76523038808489,-117.6769200328145,96,config_2
54a54,44.336783427883056,-117.48655817896223,80,config_2
54a5c,44.54284482942752,-116.68048912600881,3,config_2
54a604,44.4770934479143,-115.98767181524495,89,config_2
54a60c,44.604615309619476,-116.11235652038474,32,config_2
54a614,44.65393941818562,-115.91018193433767,8,config_2
54a63,44.66284547336563,-115.5450082760695,3,config_2
54a65,44.920466949086425,-115.79263808119926,4,config_2
54a661,44.95504798794252,-116.14137406661999,44,config_2
54a663,44.92998351406612,-116.24328415496181,4,config_2
54a667,44.89078211707331,-116.07837933135772,63,config_2
54a66c,44.78208786644459,-116.03504055300924,57,config_2
54a69,45.07784725502912,-116.45331778584747,48,config_2
54a6b,45.335091157956654,-116.7107577692082,5,config_2
54a6d,45.437901130117524,-116.29839491450626,80,config_2
54a6f,45.178829001911105,-116.04374774022213,41,config_2
54a74,45.45803113423271,-115.55271758733107,8,config_2
54a7c,44.93599317741806,-115.0590521692246,35,config_2
54a84,44.41714955873124,-114.57913245827669,13,config_2
54a8c,44.2306548658293,-115.37996531936747,57,config_2
54a94,43.72188823075892,-114.90213262495145,36,config_2
54a9c,43.90172524383432,-114.11250173606629,17,config_2
54aa4,43.38993003734719,-113.65871795249885,88,config_2
54aac,42.881959002655655,-113.21735355100876,4,config_2
54ab4,42.71477799417127,-113.98489007121277,64,config_2
54abc,43.216529213874374,-114.43724694649585,85,config_2
54ac4,43.03720694749265,-115.21415825043253,51,config_2
54ac9,42.709516944451444,-114.67366564222921,66,config_2
54acb,42.46191899667582,-114.44655913402899,76,config_2
54ad4,42.36317877737694,-115.51576737813812,4,config_2
54adc,42.85203478806316,-115.98905132459512,20,config_2
54ae1,43.172297076078024,-116.5475669604974,10,config_2
54ae3,43.418201518967464,-116.79504946553985,67,config_2
54ae41,43.38711080769477,-116.45677552855295,7,config_2
54ae43,43.411432445891364,-116.35866433551683,8,config_2
54ae444,43.45176244676921,-116.4293463003041,21,config_2
54ae44c,43.46394063903879,-116.3802198060938,46,config_2
54ae454,43.49491670366743,-116.41101056138857,91,config_2
54ae45c,43.482711417518225,-116.4601771176228,50,config_2
54ae47,43.44890432799199,-116.51845440423737,16,config_2
54ae49,43.51074373817542,-116.58033866854132,7,config_2
54ae4b,43.57262860895022,-116.64242911105305,24,config_2
54ae4d,43.59727643873171,-116.54383826069929,48,config_2
54ae4f,43.53528240044864,-116.48190777791568,96,config_2
54ae504,43.538113473886874,-116.3926349994847,65,config_2
54ae509,43.5394951439982,-116.34801677148441,19,config_2
54ae50b,43.545578815413485,-116.32340476146409,47,config_2
54ae50d,43.56110603521716,-116.33879341650373,74,config_2
54ae50f,43.55501559132915,-116.36341550818852,43,config_2
54ae511,43.57053894140064,-116.37882711465775,35,config_2
54ae513,43.57663616459451,-116.35419493999846,36,config_2
54ae515,43.59216919684842,-116.36960934442654,31,config_2
54ae517,43.58606518751149,-116.39425160335782,33,config_2
54ae519,43.57995532940997,-116.41889110855413,38,config_2
54ae51b,43.56443587375337,-116.40345654811276,29,config_2
54ae51d,43.55832696456234,-116.42808322805378,37,config_2
54ae51f,43.57383962546242,-116.4435278476972,22,config_2
54ae524,43.60017769234668,-116.45439339706833,58,config_2
54ae52c,43.63122704222955,-116.48535003777106,20,config_2
54ae531,43.63266123486197,-116.44060248765363,18,config_2
54ae533,43.64819899784304,-116.45607863013892,22,config_2
54ae535,43.65433022020483,-116.43139602139901,26,config_2
54ae537,43.638785643691584,-116.41592996824852,43,config_2
54ae53c,43.612417804835665,-116.4050841698133,20,config_2
54ae541,43.61381007159595,-116.36038154383634,34,config_2
54ae543,43.619909159022754,-116.33572370379082,29,config_2
54ae545,43.63546156357451,-116.35114369620457,67,config_2
54ae547,43.629355684966406,-116.37581164820902,55,config_2
54ae549,43.64490418788891,-116.39125466972862,46,config_2
54ae54b,43.66045557361522,-116.40671062092736,34,config_2
54ae54d,43.66657505513937,-116.38202244109702,34,config_2
54ae54f,43.651016864528124,-116.36657660445832,35,config_2
54ae554,43.66795870427063,-116.33726804997076,87,config_2
54ae559,43.6476557194832,-116.30179957917059,6,config_2
54ae55b,43.64156157604583,-116.32647300239988,62,config_2
54ae55d,43.626002384650334,-116.31106313449698,47,config_2
54ae55f,43.63208974559044,-116.2863998483217,22,config_2
54ae564,43.605708388329354,-116.27564881481402,73,config_2
54ae56c,43.59354227265436,-116.32493958182617,55,config_2
54ae574,43.562461693861714,-116.29416682749908,78,config_2
54ae579,43.5637947859063,-116.24955255719061,9,config_2
54ae57b,43.57934229716921,-116.26491089242415,35,config_2
54ae57d,43.58540935167812,-116.24027800915783,55,config_2
54ae57f,43.56985508527804,-116.22492980543463,35,config_2
54ae59,43.52191496103096,-116.22351064564052,41,config_2
54ae5a4,43.51925742186977,-116.3126446614144,48,config_2
54ae5ac,43.50709871284577,-116.36183304329336,47,config_2
54ae5b4,43.4760955885876,-116.33108244956705,58,config_2
54ae5bc,43.48822727237412,-116.28193432866276,42,config_2
54ae5d,43.43566136477981,-116.2605100925991,40,config_2
54ae7,43.26887526705082,-116.1568882675859,42,config_2
54ae9,43.36397951896133,-115.76555836928306,26,config_2
54aeb,43.457598816368254,-115.37362724179869,2,config_2
54aed,43.70864015870395,-115.61333025341708,1,config_2
54aee4,43.699861695178015,-115.97025344299091,1,config_2
54aeec,43.57477938366902,-115.84859171759476,1,config_2
54aef1,43.57012222418253,-116.02666880060974,1,config_2
54aef3,43.507789991660324,-115.96579689525605,8,config_2
54aef5,43.48384031657126,-116.0640755869524,57,config_2
54aef64,43.52448250107923,-116.13442636140839,81,config_2
54aef6c,43.53652089451598,-116.08523616548925,15,config_2
54aef71,43.55686075877254,-116.12044872842353,11,config_2
54aef73,43.56288418578178,-116.09583579027263,17,config_2
54aef75,43.57845948065393,-116.11111766709612,4,config_2
54aef77,43.57242932964105,-116.13574078342535,70,config_2
54aef79,43.5663933243986,-116.16036129462033,62,config_2
54aef7b,43.55083148191644,-116.14505907380531,34,config_2
54aef7d,43.544796358009286,-116.16966681406572,24,config_2
54aef7f,43.56035146773117,-116.18497918831972,59,config_2
54aef81,43.57590953450725,-116.20030439907359,62,config_2
54aef83,43.58195813076086,-116.1756763504585,56,config_2
54aef85,43.597525894358256,-116.19100425385196,99,config_2
54aef87,43.59147055168843,-116.21564245884714,43,config_2
54aef89,43.60703451261184,-116.23099338017069,64,config_2
54aef8b,43.62260141060076,-116.24635717558509,17,config_2
54aef8d,43.628670266609554,-116.22169865348594,46,config_2
54aef8e4,43.618504777251296,-116.20401907767283,39,config_2
54aef8ec,43.61547435078892,-116.21634519436464,16,config_2
54aef8f4,43.60768910158303,-116.20867032503394,32,config_2
54aef8fc,43.610717839424545,-116.1963467495381,22,config_2
54aef91,43.619152839905986,-116.18169399975594,50,config_2
54aef93,43.634733253698634,-116.1970374641578,53,config_2
54aef95,43.64079036902806,-116.17237361999794,5,config_2
54aef97,43.62520320390268,-116.15704033979678,5,config_2
54aef9c,43.59880861162842,-116.1463840666699,47,config_2
54aefd,43.69493048084211,-116.14902826033067,52,config_2
54aefe4,43.69232897798686,-116.23849171818676,10,config_2
54aefec,43.661143754957344,-116.20773759355966,71,config_2
54aeff1,43.65982638771657,-116.25244459399038,23,config_2
54aeff3,43.644246861904485,-116.23706517484351,38,config_2
54aeff5,43.638171238964674,-116.26173385764166,33,config_2
54aeff7,43.65374399099927,-116.27712343890227,14,config_2
54aeff9,43.66931965998638,-116.2925259319393,50,config_2
54aeffb,43.67540883733176,-116.26783692351147,57,config_2
54aeffd,43.690994204022154,-116.28324217600219,7,config_2
54aefff,43.684898239194005,-116.30794134933555,45,config_2
54af004,43.71132536580594,-116.31873186732636,74,config_2
54af00c,43.742506711950085,-116.34963023679799,31,config_2
54af014,43.7547344579057,-116.3001551943741,13,config_2
54af01c,43.72352589696829,-116.26929755143044,79,config_2
54af03,43.75740565327403,-116.21051742859326,82,config_2
54af05,43.819927614722054,-116.2722139696388,31,config_2
54af07,43.795437631833835,-116.3713084964399,4,config_2
54af0c,43.901482122522886,-116.41482493722731,2,config_2
54af14,43.95059996970525,-116.21605545863413,34,config_2
54af1c,43.825136369401086,-116.09273918114562,13,config_2
54af3,43.960478655095734,-115.85631062071721,28,config_2
54af41,44.08165328515207,-116.1595257704522,41,config_2
54af45,44.16923354158607,-116.12163124861225,47,config_2
54af47,44.10608882146429,-116.05976010868568,31,config_2
54af4c,44.174209594448776,-115.9408142833056,1,config_2
54af51,44.25698270730563,-116.08356896443281,48,config_2
54af55,44.34490060905727,-116.0453377821438,48,config_2
54af57,44.320329862474104,-116.14569512403706,18,config_2
54af5c,44.25169439857144,-116.26493143385534,3,config_2
54af9,44.01397463682888,-116.9016302143173,51,config_2
54afa9,43.77085298834612,-116.47035832982436,26,config_2
54afaa4,43.730255364968514,-116.39909420829296,79,config_2
54afaa9,43.709948648645195,-116.36352775986855,21,config_2
54afaab,43.69437107481591,-116.34807630093731,83,config_2
54afaad,43.68825654276914,-116.37278014340514,39,config_2
54afaaf,43.70382730667587,-116.38824174473243,39,config_2
54afab4,43.68685362850276,-116.41756749029383,62,config_2
54afabc,43.71798044037568,-116.44854700930688,77,config_2
54afac1,43.71653715023011,-116.49338979424473,26,config_2
54afac3,43.71037860512617,-116.51811277253215,6,config_2
54afac5,43.694829433597135,-116.50258477599134,54,config_2
54afac7,43.70098113771552,-116.47787189189619,29,config_2
54afacc,43.67458246906131,-116.46696859870383,61,config_2
54afad4,43.66228781382301,-116.5163584395593,33,config_2
54afaf,43.74617387331362,-116.56936267169381,8,config_2
54afb4,43.677958139114224,-116.68654351587482,12,config_2
54afbc,43.80210586511096,-116.81181124413952,16,config_2
54afc4,43.75185057663317,-117.01001529292286,51,config_2
54afcc,43.62814587454761,-116.88411023989046,69,config_2
54afdc,43.70121933050667,-117.20801815880262,2,config_2
54aff,43.9121221485457,-117.29995019941629,34,config_2
54b04,43.634136009905674,-117.76646029538429,3,config_2
54b0c,43.42328365157573,-118.55525388753618,47,config_2
54b14,42.94262066485731,-118.03668724868305,11,config_2
54b1c,43.14624495197405,-117.25744755205403,74,config_2
54b3,42.32371150784166,-116.90117648392277,18,config_2
54b5,41.92631344421631,-118.42497867514854,22,config_2
54b7,42.861082475112525,-119.46311424385001,82,config_2
54b84,43.4519711572171,-120.67019682978226,19,config_2
54b884,43.65553465310525,-121.31723276870672,49,config_2
54b88c,43.71534280956098,-121.11965844677398,17,config_2
54b894,43.832510027332205,-121.26165405248896,7,config_2
54b89c,43.77220042922091,-121.45973801551357,97,config_2
54b8a4,43.88894639422549,-121.60311755151828,41,config_2
54b8ac,44.00576832158383,-121.7473767309188,71,config_2
54b8b4,44.06709118532772,-121.54827895114285,32,config_2
54b8b9,43.99426565892039,-121.39064441111805,12,config_2
54b8bb,43.96388433461029,-121.49009518886636,2,config_2
54b8bd,43.90530197904822,-121.41837565713642,79,config_2
54b8bf,43.935556814403704,-121.31905258871718,12,config_2
54b8c64,44.046836043203776,-121.28409561448822,90,config_2
54b8c6c,44.017397556927214,-121.24832498447707,1,config_2
54b8c74,44.00229000990531,-121.29810218688114,2,config_2
54b8c7c,44.031696884368245,-121.33390508361173,62,config_2
54b8c9,44.08341270862445,-121.36278706950745,98,config_2
54b8cd,44.17274305266661,-121.33480274598949,7,config_2
54b8cf,44.11374092386233,-121.26302602113272,33,config_2
54b8d4,44.18865703154627,-121.14897795084488,59,config_2
54b8f,43.86333573334066,-120.89314699265624,7,config_2
54b94,44.15919725763274,-120.43610234087129,32,config_2
54b9c,43.681998271763,-119.8811683842587,6,config_2
54bb,44.26030792215236,-118.95750915810693,60,config_2
54bc4,44.87800633320671,-120.19335589390107,72,config_2
54bcc,45.11190409095233,-119.37604906596664,44,config_2
54bd4,45.60833675325731,-119.94145552825202,27,config_2
54bd9,45.55019405123717,-120.70748950443846,47,config_2
54bdb,45.30468357386994,-120.41750339630937,14,config_2
54bdd,45.183118839302004,-120.8282513084726,61,config_2
54bdf,45.426550049197175,-121.12050656305522,57,config_2
54be04,45.39329735054384,-121.50331599608923,47,config_2
54be0c,45.2723000695891,-121.35542178452505,4,config_2
54be14,45.20957414141204,-121.56048522539979,33,config_2
54be19,45.28407996377201,-121.72302629509494,73,config_2
54be1b,45.31573699635561,-121.62039318725398,33,config_2
54be1d,45.37605243177827,-121.6947784238573,70,config_2
54be1f,45.34426272497191,-121.79754508296311,31,config_2
54be3,45.17459891222707,-121.9418257184675,59,config_2
54be5,44.93536396856177,-121.64523757408546,24,config_2
54be7,45.0600050993649,-121.23751208073057,68,config_2
54be9,44.818946678387455,-120.94677161769565,29,config_2
54bec4,44.54772814945636,-121.0342291039815,10,config_2
54becc,44.42820438947417,-120.89078494923992,2,config_2
54bed1,44.41273418111607,-121.07750653936296,1,config_2
54bed5,44.32296633976267,-121.10619317169574,22,config_2
54bed64,44.35993948497204,-121.18515179624342,42,config_2
54bed684,44.35828527980597,-121.14029416768369,11,config_2
54bed68c,44.36571451780581,-121.14927544833338,22,config_2
54bed694,44.369506915408984,-121.13672023827063,64,config_2
54bed69c,44.362075688378795,-121.12774102574247,4,config_2
54bed6f,44.37875683279155,-121.15647497013904,1,config_2
54bed74,44.40485144714205,-121.17088734657926,2,config_2
54bed7c,44.38964025694079,-121.221139674781,8,config_2
54bedc,44.48684147839869,-121.23584463851584,36,config_2
54bee4,44.60593249064978,-121.38072674115145,12,config_2
54beec,44.667332423968226,-121.17857875888215,73,config_2
54bef4,44.78701279591508,-121.32383973980572,25,config_2
54bf1,44.57232189083365,-121.75641122727569,70,config_2
54bf29,44.351953293859665,-121.27844956624665,26,config_2
54bf2b,44.2926572362223,-121.20648731960414,54,config_2
54bf2d,44.26225660997641,-121.30669054592362,45,config_2
54bf2f,44.3214251309471,-121.37878355116997,2,config_2
54bf34,44.24597090770205,-121.49293904025276,47,config_2
54bf3c,44.36396115433944,-121.63796162615216,23,config_2
54bf5,44.21222518863602,-121.86554818356971,91,config_2
54bf7,44.446791045051484,-122.15891235758095,48,config_2
54bf9,44.68158898096046,-122.4558963583206,29,config_2
54bfb,44.809217663388914,-122.05138088429021,49,config_2
54bfd,45.04633720700083,-122.35003276692846,13,config_2
54bfe4,45.00806881846334,-122.73069433115619,71,config_2
54bfe9,44.93593002198312,-122.56661303836115,6,config_2
54bfed,44.84463931515631,-122.5927411040263,29,config_2
54bfee4,44.88063598774065,-122.67455772446607,54,config_2
54bfeec,44.89687445181344,-122.62387056259648,58,config_2
54bfef4,44.926307005428605,-122.66157842269153,17,config_2
54bff4,44.825282755970896,-122.78227188590266,73,config_2
54bff9,44.89683021561005,-122.9464701848918,8,config_2
54bffb,44.929612185645446,-122.84510699501038,4,config_2
54bffd,44.988324342033636,-122.92102301976797,22,config_2
54bffe4,44.97829963188033,-123.01618409972016,28,config_2
54bffec,44.94899186301152,-122.9781228369328,40,config_2
54bfff1,44.9439661807125,-123.02566523546737,95,config_2
54bfff3,44.92932546756857,-123.00663787111517,15,config_2
54bfff5,44.921091805877,-123.03197671399049,3,config_2
54bfff7,44.9357240914562,-123.05101155363725,32,config_2
54bfffc,44.9618015742647,-123.06691311129309,8,config_2
80a04,41.066557386071196,-118.29943499572406,4,config_2
80a0c,41.26350078429079,-117.54958462854715,48,config_2
80a14,40.664775856113884,-117.54958462854715,3,config_2
80a1c,40.46842941768106,-118.29943499572406,61,config_2
80a3,39.658279661245274,-117.92490017414548,33,config_2
80a5,40.038474881049915,-116.41938900264319,30,config_2
80a61,40.936298612916765,-115.85217641246463,99,config_2
80a65,41.14623302108114,-116.23046162917431,3,config_2
80a6c,40.8558875026205,-116.79678490847915,8,config_2
80a74,41.455166343996204,-116.79678490847915,4,config_2
80a7c,41.64145675248086,-116.04138886338704,10,config_2
80a9,41.61118506144487,-114.90422082333554,85,config_2
80aa4,42.167236416956044,-113.76328281204688,11,config_2
80aac,42.33123152476634,-113.00119891646547,56,config_2
80ab04,41.8953419748843,-113.28708499366572,35,config_2
80ab0c,41.74459413879428,-113.28708499366572,34,config_2
80ab14,41.78515903047214,-113.09650644641742,19,config_2
80ab19,41.908366486789255,-113.04885412319857,10,config_2
80ab1b,41.888164107536966,-113.14415579054433,39,config_2
80ab1d,41.96344353224476,-113.14415579054433,57,config_2
80ab1f,41.983651612274144,-113.04885412319857,52,config_2
80ab24,41.97616272870443,-112.90588023511566,69,config_2
80ab2c,42.01603787319254,-112.71521248330575,41,config_2
80aba4,41.70367421690733,-113.47760977145342,72,config_2
80abac,41.854397891451214,-113.47760977145342,41,config_2
80abf,41.373071554317015,-113.95364658268294,10,config_2
80ad,40.7344342591377,-113.38235448459531,15,config_2
80af,40.39741775389783,-114.90422082333554,47,config_2
80b01,39.494606543765336,-115.47335544292073,44,config_2
80b05,39.27141667090552,-115.09404500241959,54,config_2
80b07,39.183645157388355,-115.47335544292073,8,config_2
80b0c,38.758295035199986,-115.28375849518459,24,config_2
80b14,38.930548641292546,-114.52426397902158,88,config_2
80b1c,39.55644952841721,-114.52426397902158,35,config_2
80b24,39.724026671852265,-113.76328281204688,1,config_2
80b3d,39.21338173391366,-113.95364658268294,47,config_2
80b3e4,38.95673932548553,-114.0488007261198,68,config_2
80b3ec,38.998085854775226,-113.85847369345004,44,config_2
80b3fc,38.799005093654664,-114.0488007261198,6,config_2
80b5,38.22679706381197,-113.38235448459531,4,config_2
80b7,37.895659434305685,-114.90422082333554,39,config_2
80b84,37.31475810595445,-116.04138886338704,17,config_2
80b89,37.0200298404823,-116.60816530936988,88,config_2
80b8b,36.92851788893871,-116.98524219342079,85,config_2
80b8d,37.24712516410434,-116.98524219342079,65,config_2
80b94,37.768731108453245,-116.79678490847915,45,config_2
80b9c,37.950583312102836,-116.04138886338704,4,config_2
80bb,38.80260971572387,-116.41938900264319,55,config_2
80bc4,38.20991602223594,-117.54958462854715,75,config_2
80bcc,38.8324036070608,-117.54958462854715,3,config_2
80bd4,38.6384147506811,-118.29943499572406,87,config_2
80bdc,38.016908811729344,-118.29943499572406,60,config_2
80be4,37.38986432048104,-118.29943499572406,3,config_2
80be9,37.69175470362915,-117.73733730424752,1,config_2
80beb,37.7866167101454,-117.36164757079143,39,config_2
80bed,37.47102966452967,-117.36164757079143,83,config_2
80bf4,36.948162275399916,-117.54958462854715,3,config_2
5341,47.6081209328702,-109.93728561808545,62,config_2
53424,47.65351126337343,-111.44301717141765,65,config_2
5342c,47.481276761957204,-112.30448605757401,35,config_2
53431,47.101251266839974,-111.74707354761061,29,config_2
53433,47.015751615757814,-112.17226599748652,13,config_2
534344,46.827124056651094,-111.89593583188288,5,config_2
53434c,46.784532511107884,-112.10717418260244,2,config_2
534351,46.69056642409844,-111.96959469583496,13,config_2
534353,46.66931068527796,-112.07487777638816,7,config_2
5343544,46.62241472867387,-112.00623339744253,48,config_2
534354c,46.61179692445088,-112.05879133089998,27,config_2
5343554,46.57702746553457,-112.03058900559375,51,config_2
534355c,46.587620197172335,-111.97808450422696,42,config_2
534357,46.62087180150499,-111.91334945249535,43,config_2
53435c,46.687312680137595,-111.78365834908989,1,config_2
53437,46.81994098321721,-111.52339355230343,2,config_2
5343c,47.08415078591966,-110.99934564920936,67,config_2
53441,46.699004094903465,-110.46646606387849,20,config_2
53443,46.41670502369318,-110.25661606567633,18,config_2
53445,46.339391698930015,-110.67145446018989,8,config_2
53447,46.620194996441505,-110.88482714692957,66,config_2
53449,46.5396314525358,-111.30316212239708,28,config_2
5344b,46.457316383078364,-111.72140746107145,81,config_2
5344c4,46.26937258055519,-111.45197161329632,41,config_2
5344d4,46.08994861816423,-111.55005877612793,55,config_2
5344dc,46.13056894455146,-111.34309693666248,45,config_2
5344f,46.26035102248427,-111.08631189736317,21,config_2
53451,45.982127006492206,-110.87277697035258,8,config_2
53453,45.90288299949479,-111.28418870458758,36,config_2
534541,45.76004023531116,-110.99678539933176,3,config_2
534543,45.69105493498433,-110.9438884395044,23,config_2
534545,45.67146645059643,-111.04600368981845,95,config_2
534547,45.74035840175635,-111.09911037158174,73,config_2
53454c,45.6762548682559,-111.2258593850039,89,config_2
534554,45.53888648020386,-111.11942310460981,40,config_2
53455c,45.57799297673518,-110.91581999164879,24,config_2
534564,45.61668342136197,-110.71221939030369,63,config_2
534579,45.699077186989655,-110.4835853425212,38,config_2
53457b,45.67999877067059,-110.58548269590182,79,config_2
53457d,45.6108747817686,-110.53361691183252,59,config_2
53457f,45.62986231598703,-110.43193099829226,1,config_2
534584,45.69281504405364,-110.30505541826548,29,config_2
534589,45.6862010898384,-110.12690772634019,28,config_2
53458b,45.70477266918719,-110.02524788616266,43,config_2
53458d,45.77434697555613,-110.07605009716536,19,config_2
53458f,45.75568615430536,-110.17792391723235,18,config_2
53459c,45.83165722478649,-110.40812223425897,1,config_2
5345e4,45.9437994651992,-109.7949997138899,1,config_2
5345ec,45.90683904096344,-109.9993416663827,44,config_2
5345f1,45.81135526413548,-109.87232804261849,49,config_2
5345f3,45.792903349944304,-109.97418449417418,61,config_2
5345f5,45.72324021540484,-109.923596886123,5,config_2
5345f7,45.741603716590724,-109.82195565573828,57,config_2
5345fc,45.80388638452273,-109.69451414463067,13,config_2
53464,46.10486449383929,-109.33378567288833,62,config_2
5346c,46.67153584037573,-109.73636874690597,80,config_2
53474,46.817190094865374,-108.90393196454495,4,config_2
53479,46.42187832473535,-108.40647584098421,19,config_2
5347b,46.35284048548001,-108.81696140109675,64,config_2
5347d,46.068629279537944,-108.62416245445094,17,config_2
5347f,46.13633564141397,-108.2172884255752,1,config_2
53481,45.852057891135786,-108.03107899657321,8,config_2
534864,45.69833573485889,-108.48806559450713,100,config_2
534874,45.873119057272795,-108.38046177986804,2,config_2
53487a4,45.83439940368111,-108.49499867964492,1,config_2
53487ac,45.79909691544605,-108.47138801896446,44,config_2
53487b1,45.801590173446606,-108.51514944969387,26,config_2
53487b3,45.78395153110108,-108.50333498427433,35,config_2
53487b5,45.77972826784683,-108.5285650512111,27,config_2
53487b7,45.797361777057816,-108.54039331438359,33,config_2
53487bc,45.82594008651223,-108.54552499522111,2,config_2
53487c4,45.817454972052595,-108.5960569581434,20,config_2
53487c9,45.79312694115785,-108.56563859636098,44,config_2
53487cb,45.77549857176577,-108.55379654383847,14,config_2
53487cd,45.771262442410666,-108.57902944781064,20,config_2
53487cf,45.788885665303866,-108.59088528126019,25,config_2
53487d4,45.773703320224456,-108.62281821026319,63,config_2
53487dc,45.80894405681257,-108.64659445324334,25,config_2
53487f,45.866115892352795,-108.65703542026206,4,config_2
534884,45.805155585485615,-108.78493605913283,71,config_2
53488c,45.664477656100864,-108.68946741244652,69,config_2
534894,45.630209569427755,-108.89095511855498,55,config_2
53489c,45.770553836562286,-108.98729915657671,2,config_2
5348ac,45.70010955049843,-109.39224034165883,18,config_2
5348b4,45.56044273196019,-109.29415897575376,74,config_2
5348bc,45.595531303429226,-109.09252140847306,21,config_2
5348c4,45.45582984519347,-108.9960574990744,14,config_2
5348cc,45.42107847074954,-109.1968330392222,47,config_2
5348d4,45.282019544403184,-109.1002549751053,47,config_2
5348dc,45.31643690423491,-108.90033709840732,10,config_2
5348f,45.43721070367699,-108.64773389776887,37,config_2
534904,45.24432733034749,-108.40748361241911,51,config_2
53490c,45.104913846824005,-108.31493822457365,76,config_2
53491c,45.21104133222441,-108.60637248440334,71,config_2
534924,45.17735517305223,-108.80535274161646,62,config_2
53492c,45.143268671006865,-109.0044173138472,13,config_2
534934,45.00482850973188,-108.90931267227593,1,config_2
53493c,45.03858728532475,-108.71109705096387,38,config_2
53495,44.81444206242927,-108.66952762087914,12,config_2
534964,44.79472533408569,-108.3283083557348,41,config_2
53496c,44.933176167742026,-108.42028426056729,25,config_2
534974,44.9658229317099,-108.2231052462263,85,config_2
5349c,45.11561412300014,-107.7753932197069,12,config_2
534b,44.22203080004959,-107.63420332078704,50,config_2
534c4,44.30328091094406,-108.97676224990714,53,config_2
534cc,43.76162394477291,-108.60793000999028,33,config_2
534d4c,43.413269748010336,-109.32974794463597,45,config_2
534d54,43.37969020245832,-109.5204885307432,13,config_2
534d5c,43.51239838783152,-109.61496949363496,55,config_2
534d7,43.72928368428379,-109.66164378018698,63,config_2
534e1,44.53569670389852,-110.24746020934775,25,config_2
534e3,44.80687639921563,-110.44861442490169,96,config_2
534e4c,44.93033777827128,-110.20017919297646,42,config_2
534e54,44.96682770881029,-110.00075729321496,62,config_2
534e9,44.67821032974727,-109.45798551956415,17,config_2
534eb,44.74711129453357,-109.06360191080752,57,config_2
534ec4,44.93611918670317,-109.30598134849836,11,config_2
534ecc,44.97067251465473,-109.10760977126053,12,config_2
534ed4,45.10878168780113,-109.20355912774416,21,config_2
534edc,45.07389412882259,-109.40277110806798,70,config_2
534ef,44.95214021362089,-109.65259112266644,72,config_2
534f1,45.22727383777162,-109.85017224612612,16,config_2
534f24,45.21197346073224,-109.50030231557737,41,config_2
534f29,45.203818257610834,-109.32595984671254,27,config_2
534f2b,45.2212876537744,-109.22605349860457,76,config_2
534f2d,45.29061457104334,-109.2744762222954,13,config_2
534f2f,45.27306083409432,-109.37459479368854,1,config_2
534f34,45.38592003170153,-109.39767706906616,17,config_2
534f3c,45.35035447251563,-109.59858235974778,5,config_2
534f5,45.57657832873066,-109.64632342455187,99,config_2
534f7,45.503589218791454,-110.05078799863512,74,config_2
534f9,45.428952394313,-110.45539648460935,72,config_2
534fcc,45.02979156047082,-110.50132126158425,1,config_2
534fd1,45.03565762550566,-110.67724001095868,61,config_2
534fd3,44.96754816703058,-110.62589872785144,8,config_2
534fd5,44.948668745148574,-110.72595181098801,33,config_2
534fdc,45.12841416953487,-110.80489605714057,10,config_2
534ff,45.35266913143647,-110.86009025888941,62,config_2
535004,45.36263903236143,-111.21656157451423,82,config_2
53500c,45.32307770212634,-111.41932734918333,29,config_2
535014,45.186995067463094,-111.3128486431527,84,config_2
53501c,45.22618359087036,-111.11089966957555,15,config_2
53503,45.0027456842012,-111.05425089997534,72,config_2
53504c,44.87678572021845,-111.30259159189339,40,config_2
535054,44.83752804818593,-111.50291308051217,91,config_2
53505c,44.972327359755774,-111.60941666193872,87,config_2
535065,45.15126313766594,-111.69313226623676,64,config_2
535067,45.08361739363771,-111.63938507739238,49,config_2
535074,45.28310459136326,-111.62207891216345,32,config_2
53507c,45.24272015108655,-111.82480896660331,26,config_2
5350c,44.9385075001413,-112.1666649977326,3,config_2
53514,44.40413366339562,-111.73589954886808,23,config_2
5351a4,44.56873867290663,-111.29225412474948,4,config_2
5351ac,44.70299750045611,-111.39719467198071,38,config_2
5351b4,44.7418863377799,-111.1976696846837,82,config_2
5351bc,44.60726201297629,-111.09352243515163,83,config_2
5351c4,44.64538927785198,-110.89479535482404,50,config_2
5351cc,44.7803760770773,-110.99814428326614,25,config_2
5351d4,44.81846637127512,-110.79862549297042,27,config_2
5351dc,44.68312014503085,-110.69607984198744,75,config_2
5351ec,44.51068370882955,-110.79221051791568,87,config_2
5351f4,44.37626216086218,-110.69038258434233,48,config_2
5351fc,44.41328400245595,-110.49326338312453,38,config_2
53521,44.19346587406413,-110.44107491308228,45,config_2
53523,44.11969707967996,-110.83299150068463,61,config_2
535244,43.93836478663635,-110.58415486203035,38,config_2
535254,43.76905001554944,-110.67854579391425,56,config_2
535259,43.76322314446168,-110.50816607169946,48,config_2
53525b,43.82956477155268,-110.55790540180261,68,config_2
53525d,43.84771269363767,-110.46079627441907,80,config_2
53527,43.926015884860554,-110.24265899733818,42,config_2
53529,43.65975563128542,-110.04713819582156,95,config_2
5352f,43.58873125555067,-110.4328286793987,56,config_2
535301,43.642460500045935,-110.7488233376458,35,config_2
535303,43.57652308743133,-110.69887044262391,30,config_2
535305,43.5582567816041,-110.79543178455607,57,config_2
535307,43.62410780559162,-110.84557524408652,30,config_2
53530c,43.56353339447524,-110.96547600563683,11,config_2
535314,43.4322357226571,-110.8649826126495,97,config_2
53531c,43.46869661928329,-110.6724168474781,41,config_2
53533,43.25385298662833,-110.61987264900625,91,config_2
53534c,43.1343654971885,-110.85724340744713,23,config_2
535354,43.09785399906655,-111.04835711294265,11,config_2
53535b,43.20457632106405,-111.07578134546307,55,config_2
53535d,43.26970617566175,-111.12614220033518,48,config_2
53537,43.44219913625805,-111.20459096007158,92,config_2
5353c,43.874042351540396,-111.31753030105163,19,config_2
53541,43.88915064746232,-112.00896067627552,87,config_2
53545,43.54893840317887,-112.18717371896359,97,config_2
53547,43.62737970849574,-111.79826292826023,61,config_2
5354c,43.19881473213263,-111.6800612155514,13,config_2
53551,43.211230305849234,-112.3624145855317,10,config_2
53553,42.95452519803648,-112.15182800415043,6,config_2
53555,42.8760386622089,-112.5347575858163,96,config_2
5355c,43.55734806961038,-112.87897889684928,38,config_2
5357,44.422004008217534,-113.14818896125877,39,config_2
53584,45.122894022579636,-114.24455976179476,28,config_2
5358c,45.65188037561498,-114.72641649255016,3,config_2
53594,45.83899933249983,-113.89777307197674,56,config_2
5359c,45.30324116640355,-113.42815232705385,17,config_2
535a4,45.476970823010845,-112.61029171846985,17,config_2
535a9,45.466729031217525,-111.88650148489289,38,config_2
535ab,45.54781570554807,-111.4785537412974,53,config_2
535ac4,45.732911281265736,-111.74360128047756,76,config_2
535acc,45.773611564052516,-111.53836509616596,1,config_2
535ad4,45.911127188881935,-111.64726471381914,94,config_2
535ad9,45.91469821069952,-111.82932784563728,26,config_2
535adb,45.84602137846787,-111.77435923729385,22,config_2
535add,45.8254205059709,-111.87728023255141,13,config_2
535adf,45.89399986024589,-111.93245604290287,57,config_2
535af,45.739311714405055,-112.10677306696982,25,config_2
535b1,46.01289367718183,-112.33037690685198,94,config_2
535b3,46.09709833269751,-111.91583501818202,1,config_2
535b5,46.37325352789367,-112.13949991359608,24,config_2
535b7,46.28744744587441,-112.55737655848304,26,config_2
535b8c,46.246018727695706,-113.13764066228131,26,config_2
535b94,46.10953136534209,-113.02122465451308,19,config_2
535b9c,46.15353052319325,-112.81291426244572,73,config_2
535bb,45.92697638402106,-112.74469034086334,79,config_2
535bd,45.839352125600676,-113.15871427592204,14,config_2
535bf,46.11062792023758,-113.3922326624365,34,config_2
535c1,46.382788903892994,-113.62925514478259,2,config_2
535c24,46.56413697461758,-113.91502702038518,23,config_2
535c2c,46.70063579153175,-114.03663263438003,55,config_2
535c34,46.74763044680719,-113.8244547090492,27,config_2
535c3c,46.61069733158677,-113.70366318848838,18,config_2
535c44,46.65681534152204,-113.49217884923198,31,config_2
535c4c,46.79417967618892,-113.61214919313677,25,config_2
535c54,46.84028244361386,-113.39972408527295,3,config_2
535c5c,46.70249000534164,-113.2805819366446,85,config_2
535c64,46.56491477079488,-113.16233822524066,62,config_2
535c6c,46.51966449680208,-113.37310953144146,9,config_2
535c74,46.38273102101681,-113.25493289177922,53,config_2
535c7c,46.42756059607102,-113.04498456509405,1,config_2
535c9,46.562944529265025,-112.78783687631628,65,config_2
535ca1,46.513993806388896,-112.4385535582804,8,config_2
535ca3,46.58318279148004,-112.49586251711607,40,config_2
535ca7,46.53558941704294,-112.33354265444876,59,config_2
535cac,46.60249075498786,-112.20435930972354,50,config_2
535cb4,46.74149604720011,-112.3183547251631,1,config_2
535cbc,46.698015313613894,-112.52946940996945,6,config_2
535cd,46.928451133423884,-112.59720458667802,5,config_2
535cf,46.8393554037799,-113.0218240353096,65,config_2
535d01,46.97829153964862,-113.3298123104592,30,config_2
535d03,47.001167159934475,-113.22320209906896,54,config_2
535d05,47.07049150229713,-113.28292979509135,18,config_2
535d07,47.04750864311152,-113.38975068171283,20,config_2
535d09,47.11677852359389,-113.44991796361525,11,config_2
535d0b,47.186100676334,-113.51031523929154,41,config_2
535d0d,47.20929942183721,-113.40307199438847,63,config_2
535d0f,47.139869090703314,-113.34288606498934,37,config_2
535d1c,47.07000459483866,-113.0929136613235,57,config_2
535d3,47.20743421479958,-112.83137902528665,13,config_2
535d71,47.34831627798949,-113.52413720102209,19,config_2
535d73,47.27878198817856,-113.46348867427682,2,config_2
535d75,47.255474592368806,-113.5709435971739,59,config_2
535d77,47.32489975852072,-113.63180413101809,25,config_2
535d79,47.39437565738472,-113.6928979399195,50,config_2
535d7d,47.487537959901815,-113.6461342075536,62,config_2
535d7f,47.46390176731536,-113.75422612832915,2,config_2
535d9,47.30045112903804,-113.93160923259923,63,config_2
535db,47.024050252351195,-113.68699229623022,7,config_2
535dc4,47.02211004509374,-114.0687818419552,48,config_2
535dc9,46.93090132072483,-113.92340607198655,26,config_2
535dcb,46.86222635235294,-113.86242771252972,36,config_2
535dcc1,46.873242523799,-113.95183773840036,15,config_2
535dcc24,46.87310101436051,-113.97562643168396,6,config_2
535dcc2c,46.87014607722961,-113.98893968270151,64,config_2
535dcc34,46.861575331209856,-113.98129692831263,34,config_2
535dcc3c,46.864528554520255,-113.96798687908021,10,config_2
535dcc5,46.85019623283869,-113.96318697675572,5,config_2
535dcc7,46.856094043211606,-113.93657542970955,3,config_2
535dccc,46.82743434935218,-113.92700531066717,1,config_2
535dcd9,46.83837962684935,-114.01640372946115,15,config_2
535dcdb,46.84429142666408,-113.9897964152286,10,config_2
535dcdd,46.86142620405306,-114.00508433371837,93,config_2
535dcdf,46.85550754362005,-114.03170443152922,19,config_2
535dce4,46.88417064523566,-114.04136309670366,74,config_2
535dcec,46.896014557704305,-113.98808021798713,61,config_2
535dcf4,46.930323517882734,-114.01870401332057,6,config_2
535dcfc,46.918452098536555,-114.07203813657183,15,config_2
535dd4,46.837336656948814,-114.15915241577468,23,config_2
535ddc,46.97423551540944,-114.28259478518439,36,config_2
535df,47.20427515669001,-114.36200399141323,24,config_2
535e04,47.199384505773615,-114.74757267826352,16,config_2
535e0c,47.06255459651039,-114.62144424873523,45,config_2
535e14,47.01332870945564,-114.8357543861826,80,config_2
535e1c,47.14970309174735,-114.96269039445957,33,config_2
535e3,47.00646581113177,-115.22083855765759,1,config_2
535e5,46.73544841951235,-114.96646322384923,4,config_2
535e7,46.83344054094849,-114.54058555727025,56,config_2
535e9,46.561365388299095,-114.29312206833913,26,config_2
535eb,46.29008388014209,-114.0493115287457,79,config_2
535ed,46.195638284398015,-114.46884971870385,2,config_2
535ef,46.46516156572527,-114.71582226780518,51,config_2
535f4,46.184056127014536,-115.22239744616999,18,config_2
535fc,46.7191696786044,-115.7330029511862,2,config_2
8761,43.29942845402367,-105.78206743935718,73,config_2
8763,43.50002404328581,-104.2861115827901,2,config_2
8765,42.27767949176169,-104.2861115827901,47,config_2
87664,41.819907748612586,-105.4068079114331,20,config_2
8766c,42.438002969609244,-105.4068079114331,17,config_2
87679,41.84225776903397,-106.34637906744265,44,config_2
8767b,41.896459691315535,-105.96998775016152,16,config_2
8767d,41.585732765334335,-105.96998775016152,58,config_2
8767f,41.53159852464974,-106.34637906744265,31,config_2
87681,41.219192378387376,-106.34637906744265,67,config_2
87687,41.27325213513759,-105.96998775016152,66,config_2
876884,41.39116533843378,-105.68817878401569,81,config_2
87688c,41.23446035881694,-105.68817878401569,35,config_2
876894,41.26041981484453,-105.50054826391207,68,config_2
87689c,41.417143114499915,-105.50054826391207,1,config_2
8768d,41.06275261742485,-105.21948079223417,66,config_2
8768f,41.01159493684781,-105.59433880659961,86,config_2
876e4,40.75557168282636,-103.91439904540992,4,config_2
876ec,40.6618539864436,-104.65878213755632,1,config_2
876f1,41.16086655074063,-104.47233005083724,15,config_2
876f3,41.11250782251378,-104.84546192392926,61,config_2
876f5,41.42695590176002,-104.84546192392926,31,config_2
876f7,41.47538374095602,-104.47233005083724,32,config_2
876f9,41.522418807757354,-104.10013262592865,23,config_2
876fb,41.207835352734804,-104.10013262592865,24,config_2
876fd,41.25342132151252,-103.72891667819331,57,config_2
876ff,41.56806828006613,-103.72891667819331,2,config_2
87704,41.47681570545685,-103.17403478565704,48,config_2
8770c,41.5598456403957,-102.43805808577758,41,config_2
87714,40.92657678174682,-102.43805808577758,74,config_2
8771c,40.843791229286325,-103.17403478565704,44,config_2
8773,39.92294463415644,-102.80547525792774,18,config_2
87741,40.505395531404986,-101.8891720843707,56,config_2
87743,40.54268733564946,-101.52480554998527,44,config_2
87745,40.22058874133704,-101.52480554998527,16,config_2
87749,39.85959287022081,-101.8891720843707,34,config_2
8774b,39.534093170630456,-101.8891720843707,2,config_2
8774f,39.89674276959039,-101.52480554998527,69,config_2
87754,39.787395117166284,-100.98070031132626,93,config_2
87759,40.29112148880807,-100.80000510701574,63,config_2
8775b,40.25650387873525,-101.16173564777472,14,config_2
8775f,40.61334818718161,-100.80000510701574,42,config_2
87764,41.076142779162794,-100.98070031132626,47,config_2
8776c,41.004000621286785,-101.70682943311247,71,config_2
87774,41.63749322793395,-101.70682943311247,1,config_2
877c,43.15114710263331,-102.0718280662253,63,config_2
8783,42.74585700633671,-99.90181306343518,20,config_2
8784c,42.52285134167598,-98.83627550306029,3,config_2
87853,42.406418513086834,-98.30884408222222,22,config_2
87855,42.43129801084637,-97.95928633924419,62,config_2
87857,42.74293770397735,-97.95928633924419,62,config_2
878d,43.03153171283092,-95.7299821027788,15,config_2
878e4,42.66516425382389,-96.74939926474936,30,config_2
878f9,42.7666452517483,-97.61142171393448,17,config_2
878fb,42.78917280150376,-97.26528581122331,7,config_2
878fd,42.477491070424776,-97.26528581122331,16,config_2
878ff,42.454983901933794,-97.61142171393448,73,config_2
87901,42.141459945849796,-97.61142171393448,12,config_2
87903,42.163943923294326,-97.26528581122331,87,config_2
87905,41.84854122667917,-97.26528581122331,1,config_2
87907,41.82608329448264,-97.61142171393448,1,config_2
87909,41.50886457917505,-97.61142171393448,76,config_2
8790b,41.18981516269373,-97.61142171393448,20,config_2
8790d,41.21221226696082,-97.26528581122331,20,config_2
8790f,41.53129356806092,-97.26528581122331,16,config_2
87911,41.55256359024594,-96.92091345144947,7,config_2
87914c,41.16856296085561,-96.6638120059594,59,config_2
879154,41.178325572786484,-96.49297974540691,50,config_2
87915c,41.33835668801784,-96.49297974540691,48,config_2
87917,41.57268996406312,-96.57833866136845,95,config_2
879184,41.815697828603824,-96.49297974540691,92,config_2
87918c,41.97388930687256,-96.49297974540691,90,config_2
8791b,41.86983851659903,-96.92091345144947,32,config_2
8791d,42.18526573305039,-96.92091345144947,18,config_2
8791f,42.20544078758436,-96.57833866136845,7,config_2
87921,42.22448476566363,-96.23759466618242,9,config_2
879224,41.98340305971434,-96.32260724129291,74,config_2
87922c,41.82520587516023,-96.32260724129291,4,config_2
879234,41.834434574104726,-96.15269854577356,48,config_2
87925,41.92692152241489,-95.8987138825821,32,config_2
879384,41.214590906984775,-95.81428853484881,70,config_2
8793881,41.13958998151665,-95.9092753881462,42,config_2
8793883,41.138504505446264,-95.93040394687645,38,config_2
8793885,41.158561191081304,-95.93040394687645,42,config_2
8793887,41.159646769931484,-95.9092753881462,36,config_2
8793889,41.17969642190755,-95.9092753881462,48,config_2
879388b,41.199738934375205,-95.9092753881462,1,config_2
879388d,41.19865315167011,-95.93040394687645,19,config_2
879388f,41.17861074084597,-95.93040394687645,34,config_2
8793894,41.18699621607522,-95.96211063966837,91,config_2
8793899,41.156377193659345,-95.97268322803032,26,config_2
879389b,41.15747133363485,-95.95153989605136,40,config_2
879389d,41.137414751213655,-95.95153989605136,42,config_2
879389f,41.136320714886764,-95.97268322803032,39,config_2
87938a4,41.144700675658925,-96.00441205201167,41,config_2
87938a9,41.13301287407291,-96.03615744419764,34,config_2
87938ab,41.131901670119106,-96.05733023073657,34,config_2
87938ad,41.15195772993523,-96.05733023073657,4,config_2
87938af,41.1530690392839,-96.03615744419764,32,config_2
87938b1,41.17311807150012,-96.03615744419764,19,config_2
87938b3,41.17200665733848,-96.05733023073657,14,config_2
87938b5,41.19204844925564,-96.05733023073657,35,config_2
87938b7,41.193159967648896,-96.03615744419764,42,config_2
87938bc,41.184799052130074,-96.00441205201167,59,config_2
87938c4,41.2248688747453,-96.00441205201167,88,config_2
87938cc,41.22265412593901,-96.04674291893367,56,config_2
87938d4,41.262694962050645,-96.04674291893367,32,config_2
87938dc,41.26491011911447,-96.00441205201167,99,config_2
87938e4,41.267108097356115,-95.96211063966837,72,config_2
87938ec,41.227066448132064,-95.96211063966837,83,config_2
87938f1,41.23871654427415,-95.93040394687645,30,config_2
87938f24,41.22342397557144,-95.93568724161423,50,config_2
87938f2c,41.21340813981519,-95.93568724161423,9,config_2
87938f34,41.213952138734925,-95.9251211140415,1,config_2
87938f3c,41.22396799974258,-95.9251211140415,56,config_2
87938f7,41.23980252856463,-95.9092753881462,32,config_2
87938f9,41.259823604205,-95.9092753881462,11,config_2
87938fa4,41.254004862325644,-95.9251211140415,30,config_2
87938fac,41.25346076282608,-95.93568724161423,26,config_2
87938fb4,41.26346945064387,-95.93568724161423,30,config_2
87938fbc,41.264013575111086,-95.9251211140415,36,config_2
87938fd,41.2787513445638,-95.93040394687645,4,config_2
87938ff,41.279837528174156,-95.9092753881462,3,config_2
879394,41.365989673432814,-95.98325766018019,81,config_2
8793b,41.60957437374421,-95.8987138825821,53,config_2
8793d,41.59168827751169,-96.23759466618242,28,config_2
8793e4,41.34784575928842,-96.32260724129291,1,config_2
8793eb,41.399255397912064,-96.1102943120119,4,config_2
8793ed,41.319346658155744,-96.1102943120119,82,config_2
8793ef,41.31481164928742,-96.1951320179046,30,config_2
8793f1,41.234790057608556,-96.1951320179046,39,config_2
8793f3,41.239323411220845,-96.1102943120119,89,config_2
8793f44,41.178104403036535,-96.13149277021542,21,config_2
8793f4c,41.18035317693946,-96.0891031789097,35,config_2
8793f54,41.140255638976264,-96.0891031789097,62,config_2
8793f5c,41.13800728956779,-96.13149277021542,46,config_2
8793f7,41.15465418889395,-96.1951320179046,48,config_2
8793fc,41.18780769252191,-96.32260724129291,63,config_2
879401,41.06513648637467,-96.3651570426858,38,config_2
879403,40.9847762784513,-96.3651570426858,19,config_2
879405,40.98944305871173,-96.28008642818537,54,config_2
879407,41.06980509408998,-96.28008642818537,66,config_2
87940c,41.03650970406013,-96.15269854577356,41,config_2
879414,40.875552909583256,-96.15269854577356,1,config_2
87941c,40.866363695147506,-96.32260724129291,2,config_2
87943,40.6287135784285,-96.23759466618242,22,config_2
87945,40.64651790192333,-95.8987138825821,74,config_2
879464,40.893105136331485,-95.81428853484881,1,config_2
87946c,40.884466057473276,-95.98325766018019,3,config_2
879471,41.007418325870596,-95.94097099813557,15,config_2
879475,41.083395131920504,-96.02557380749096,40,config_2
8794764,41.106770101176345,-95.96211063966837,88,config_2
879476c,41.066614267654415,-95.96211063966837,52,config_2
8794774,41.06879304560312,-95.9198387432287,25,config_2
879477c,41.108949298840706,-95.9198387432287,50,config_2
87947c,41.05407592019669,-95.81428853484881,64,config_2
87954,40.18347133353734,-95.39395513481692,85,config_2
87959,39.99542970114765,-95.8987138825821,59,config_2
8795b,40.321869641350084,-95.8987138825821,13,config_2
8795d,40.30409742243416,-96.23759466618242,1,config_2
8795f,39.977692064884515,-96.23759466618242,41,config_2
879604,39.88179431613656,-96.49297974540691,8,config_2
87960c,40.045427531973644,-96.49297974540691,18,config_2
879614,40.03572441422744,-96.6638120059594,41,config_2
87961c,39.87210104797342,-96.6638120059594,80,config_2
87963,39.93889429071641,-96.92091345144947,60,config_2
879644,40.18891059124939,-96.83509992015557,23,config_2
87964c,40.17863427142716,-97.00683933476365,32,config_2
879654,40.34134920669376,-97.00683933476365,26,config_2
87965c,40.35163526715548,-96.83509992015557,26,config_2
879664,40.36163823166306,-96.6638120059594,23,config_2
87966c,40.19890410329369,-96.6638120059594,94,config_2
879684,40.53365558818996,-96.49297974540691,1,config_2
87968c,40.523924964918095,-96.6638120059594,9,config_2
879694,40.68576251745475,-96.6638120059594,90,config_2
87969c,40.69550163543548,-96.49297974540691,2,config_2
8796a4,40.85689643168396,-96.49297974540691,37,config_2
8796ac,41.017838290345814,-96.49297974540691,41,config_2
8796b4,41.00808318029977,-96.6638120059594,69,config_2
8796b9,40.884943847775695,-96.70659142835461,66,config_2
8796bb,40.889888837320825,-96.62106106216318,45,config_2
8796bd,40.80930753039419,-96.62106106216318,93,config_2
8796be4,40.78544430277923,-96.68519816136498,24,config_2
8796be9,40.816305132438714,-96.67450419420958,14,config_2
8796beb,40.83645721499665,-96.67450419420958,16,config_2
8796bed,40.83521687855339,-96.69589390641657,13,config_2
8796bee4,40.81979282607447,-96.70124244533793,76,config_2
8796beec,40.82041404872649,-96.69054581171683,5,config_2
8796bef4,40.810336288598954,-96.69054581171683,3,config_2
8796befc,40.809715098098906,-96.70124244533793,39,config_2
8796bf4,40.823273104281,-96.7279917988472,59,config_2
8796bfc,40.782955451652896,-96.7279917988472,16,config_2
8796c1,40.79935101404905,-96.7922354503473,37,config_2
8796c3,40.79426661783948,-96.87799260898478,20,config_2
8796c5,40.874841739801006,-96.87799260898478,24,config_2
8796c7,40.87992822924891,-96.7922354503473,23,config_2
8796cc,40.998045857182724,-96.83509992015557,2,config_2
8796d4,40.9877243831065,-97.00683933476365,4,config_2
8796dc,40.826806757321236,-97.00683933476365,28,config_2
8796f,40.58976906346002,-96.92091345144947,32,config_2
87971,40.568597739799536,-97.26528581122331,14,config_2
879724,40.81620778946675,-97.17902604633225,42,config_2
87972c,40.97711683698611,-97.17902604633225,26,config_2
879734,40.96622131499573,-97.35165580142355,20,config_2
87973c,40.805321101566484,-97.35165580142355,62,config_2
87975,40.86894714993594,-97.61142171393448,69,config_2
87977,40.546273398247386,-97.61142171393448,48,config_2
87979,40.22180752732397,-97.61142171393448,74,config_2
8797b,40.24409090789683,-97.26528581122331,33,config_2
8797d,39.917803241309834,-97.26528581122331,10,config_2
8797f,39.89556392866921,-97.61142171393448,59,config_2
87984,40.02332681373885,-98.13385582671398,73,config_2
87989,39.82181041273541,-98.66005856336714,82,config_2
8798b,39.794833641332914,-99.0128926396605,21,config_2
8798d,40.12087517060858,-99.0128926396605,61,config_2
8798f,40.147906455111624,-98.66005856336714,46,config_2
87991,40.4722350732974,-98.66005856336714,25,config_2
87993,40.445153044290564,-99.0128926396605,85,config_2
879941,40.65723446453356,-98.88039245390264,45,config_2
879943,40.73775221419235,-98.88039245390264,6,config_2
879947,40.65038034043804,-98.96870109658148,88,config_2
879949,40.64344971101394,-99.05710889775952,85,config_2
87994b,40.63644236637649,-99.14561525951646,16,config_2
87994d,40.716951249742145,-99.14561525951646,12,config_2
87994f,40.723961587235294,-99.05710889775952,58,config_2
879954,40.841021834126046,-99.10134979604823,7,config_2
87996c,40.70764769052496,-98.74811671290261,76,config_2
879974,40.72090232897766,-98.57210164219819,46,config_2
87997c,40.8817332505714,-98.57210164219819,26,config_2
879981,40.93162330275126,-98.4403573420946,28,config_2
879983,40.851316259024394,-98.4403573420946,9,config_2
879985,40.85772118119297,-98.35265604392654,66,config_2
8799864,40.91955394413451,-98.33074683162457,40,config_2
879986c,40.91636929953668,-98.37457171013507,26,config_2
8799874,40.95649562986808,-98.37457171013507,33,config_2
879987c,40.95968091128116,-98.33074683162457,34,config_2
87998c,40.90735869873179,-98.22129789306325,36,config_2
879994,40.74650661310234,-98.22129789306325,18,config_2
87999c,40.7338547213042,-98.39649382124541,63,config_2
8799b,40.49810647471476,-98.30884408222222,87,config_2
8799d,40.52278116618243,-97.95928633924419,97,config_2
8799f,40.84541482909882,-97.95928633924419,22,config_2
879a4,41.31374370976711,-98.13385582671398,51,config_2
879ac,41.948084950512005,-98.13385582671398,1,config_2
879b4,41.89599133698777,-98.83627550306029,18,config_2
879b9,41.40726284234922,-99.0128926396605,47,config_2
879bb,41.43447497928186,-98.66005856336714,2,config_2
879bd,41.11553271047585,-98.66005856336714,58,config_2
879bf,41.08836030487698,-99.0128926396605,19,config_2
879d,41.492537434213524,-99.90181306343518,42,config_2
879e4,40.50201874185927,-100.26001249402657,68,config_2
879e9,40.70970141479207,-99.72326726161637,48,config_2
879eb,40.73929700508867,-99.36730841665778,86,config_2
879ed,40.416846817455,-99.36730841665778,79,config_2
879ef,40.38730318435012,-99.72326726161637,13,config_2
879f1,40.06313467377643,-99.72326726161637,15,config_2
879f3,40.09262229097036,-99.36730841665778,74,config_2
879f5,39.766638047664635,-99.36730841665778,14,config_2
879f7,39.737210557129316,-99.72326726161637,34,config_2
879f9,39.70653847449692,-100.08072981765946,58,config_2
879fd,40.000404559950375,-100.43965601897102,4,config_2
879ff,39.674609498063404,-100.43965601897102,65,config_2
5324,47.89891501243172,-103.69082093498783,80,config_2
532c,45.51376838607385,-102.57617830581343,3,config_2
5331,45.80837039793239,-105.18444864390555,44,config_2
5333,44.66354488062658,-104.57608940494013,6,config_2
5335,44.454658784374956,-106.09935394072954,43,config_2
5337,45.582278638747276,-106.7644208954601,85,config_2
533c,47.44538990252218,-107.00863259867317,99,config_2
549361,46.09253374611033,-123.9365210341686,19,config_2
549363,46.12742635287706,-123.83253105908348,14,config_2
5493644,46.16319494921188,-123.91834426853173,26,config_2
549364c,46.180670505348225,-123.86627288110616,60,config_2
549365c,46.192849973599934,-123.95829033244647,20,config_2
549367,46.15173761067099,-124.01637849098238,6,config_2
54936c,46.2581773069839,-124.08450039849525,18,config_2
549374,46.328481344558476,-123.87567149510258,22,config_2
54937ac,46.22784809775462,-123.85405618607425,28,config_2
54937b3,46.20119072033555,-123.8371660745439,7,config_2
54937b5,46.18633211652379,-123.8172343995617,96,config_2
54937b7,46.19504744649781,-123.79117842355033,12,config_2
54937bc,46.21554953785096,-123.76203407806113,3,config_2
54937d,46.16222313461763,-123.72841366154847,5,config_2
54937f,46.19692365691505,-123.62416952543103,2,config_2
54945,45.893440827384225,-122.85425393513302,82,config_2
54947,46.13330432642842,-123.1661068977671,35,config_2
54949,45.996297469706725,-123.58236268423515,43,config_2
5494a04,46.02197813963641,-123.95463140594354,5,config_2
5494a14,45.97499976725344,-123.9666682864336,7,config_2
5494a1c,45.99242902278998,-123.91484242586537,93,config_2
5494a3,45.93942020652776,-123.88116826914937,21,config_2
5494a44,45.928068376834744,-123.97867593490766,87,config_2
5494a49,45.910309514910814,-123.93594331691013,7,config_2
5494a4d,45.88687322236633,-123.94195569392993,40,config_2
5494a4f,45.90160804313255,-123.96180689895728,92,config_2
5494a51,45.89290067758465,-123.98766255367738,9,config_2
5494a521,45.88696080908128,-123.96555599186067,62,config_2
5494a523,45.884784977180985,-123.97201827560316,22,config_2
5494a525,45.88110320074146,-123.96705483355217,14,config_2
5494a527,45.88327848176755,-123.96059300366728,21,config_2
5494a52c,45.8766678109054,-123.95638093589179,21,config_2
5494a534,45.872318165433086,-123.96930224446545,24,config_2
5494a7,45.96354187607536,-124.06427056238675,12,config_2
5494b1,45.810945572839195,-124.008567883627,47,config_2
5494b64,45.72881121143628,-123.93532355452489,52,config_2
5494b6c,45.758183677913244,-123.97489390278712,48,config_2
5494b74,45.77553096461845,-123.92333995284535,14,config_2
5494bc,45.83354431886302,-123.81407485023365,23,config_2
5494d,45.62236260726557,-123.68089881363895,76,config_2
5494f,45.75866279079122,-123.26853181263735,45,config_2
549501,45.66037802468876,-122.91968181257504,8,config_2
549503,45.62693254583949,-123.02282408180253,18,config_2
5495044,45.59068576471431,-122.93915741391251,18,config_2
549504c,45.573990765406165,-122.99065315002353,17,config_2
5495051,45.555878889352684,-122.94886901091884,21,config_2
5495053,45.54753832223935,-122.97459807238448,74,config_2
5495055,45.53268884975025,-122.95533373668647,77,config_2
5495057,45.54102085280857,-122.9296124103441,23,config_2
5495059,45.54934693608041,-122.90388391241775,26,config_2
549505b,45.56421353432083,-122.92313276017578,17,config_2
549505d,45.57254225090755,-122.89738933107346,20,config_2
549505f,45.5576670933424,-122.87814825382897,44,config_2
5495064,45.57758014366212,-122.84914418901631,33,config_2
549506c,45.607357023818594,-122.88763287987958,10,config_2
5495074,45.62400449281106,-122.83607963557766,31,config_2
5495079,45.605797709014524,-122.79434405019695,5,config_2
549507b,45.5974927681449,-122.82011608311913,14,config_2
549507d,45.58259194696386,-122.80089842363002,22,config_2
549507f,45.59088833812388,-122.77513423204219,64,config_2
5495084,45.56438413146292,-122.75922464350096,61,config_2
5495089,45.55939779819962,-122.80744496273876,16,config_2
549508b,45.551098059227016,-122.8331870983617,19,config_2
549508d,45.536215265017404,-122.81398368196524,46,config_2
549508f,45.54450646326559,-122.78824936327686,36,config_2
5495091,45.52961560976151,-122.76906868893886,34,config_2
5495093,45.52133294532821,-122.79479518522301,38,config_2
5495095,45.506451109723656,-122.7756215970261,35,config_2
5495097,45.51472524725177,-122.74990292858993,39,config_2
54950984,45.51720284555774,-122.72582165554388,13,config_2
54950989,45.51843920596567,-122.71378098604536,11,config_2
5495098a1,45.51833300952974,-122.7079664689964,62,config_2
5495098a3,45.51926430997713,-122.7091628269023,5,config_2
5495098a5,45.51978055472156,-122.707554810817,10,config_2
5495098a7,45.518849221008544,-122.70635848363295,37,config_2
5495098ac,45.52008918625941,-122.70454458733757,16,config_2
5495098b4,45.52195195749798,-122.70693726597814,2,config_2
5495098d,45.52422976975454,-122.7121349162451,11,config_2
5495098f,45.52216409906417,-122.71856742349537,4,config_2
54950994,45.528784779508136,-122.72253225965096,3,config_2
5495099c,45.52465109791729,-122.73539786690098,5,config_2
549509b,45.53789233682927,-122.74333511785996,14,config_2
549509d,45.54616312038097,-122.71759448300428,19,config_2
549509e4,45.537047684510135,-122.69679576067433,37,config_2
549509ec,45.5329169752946,-122.70966489044866,25,config_2
549509f4,45.52546446334424,-122.70009260976938,44,config_2
549509f9,45.52669753056197,-122.68805028512281,19,config_2
549509fb,45.530424552793335,-122.69283475524867,11,config_2
549509fd,45.53248873714313,-122.68640048907676,24,config_2
549509ff,45.52876118272464,-122.68161651146923,63,config_2
54950a004,45.52648129344365,-122.67642072025001,18,config_2
54950a00c,45.524617474161055,-122.6740294919911,56,config_2
54950a014,45.523586073547534,-122.6772461806188,48,config_2
54950a01c,45.525449759828746,-122.67963753207295,24,config_2
54950a024,45.52441813328059,-122.68285423418067,46,config_2
54950a02c,45.523386413811124,-122.68607082655161,10,config_2
54950a034,45.52152299354715,-122.68367922881009,14,config_2
54950a03c,45.52255458000559,-122.68046275956567,36,config_2
54950a044,45.52069103489058,-122.67807151787139,23,config_2
54950a04c,45.51965958142966,-122.68128786397885,38,config_2
54950a054,45.517796177477244,-122.67889673203607,100,config_2
54950a05c,45.5188274979542,-122.67568050907593,27,config_2
54950a064,45.519858725524294,-122.67246417648205,36,config_2
54950a06c,45.521722395439845,-122.67485506209579,43,config_2
54950a074,45.5227536630655,-122.67163849667374,81,config_2
54950a07c,45.520889860175615,-122.66924773427601,22,config_2
54950a09,45.51757871527425,-122.66727016973095,42,config_2
54950a0b,45.5138512918891,-122.66248991892985,14,config_2
54950a0d,45.51178976739299,-122.66892172167663,77,config_2
54950a0e4,45.51406939414219,-122.67411516672841,39,config_2
54950a0ec,45.515100448691754,-122.67089919009422,25,config_2
54950a0f4,45.51696396921505,-122.6732897331575,29,config_2
54950a0fc,45.51593278170855,-122.67650583295986,36,config_2
54950a11,45.513454231198715,-122.68013432255529,94,config_2
54950a13,45.50972787136083,-122.6753530863257,74,config_2
54950a15,45.50766560388803,-122.68178401270428,31,config_2
54950a17,45.51139143189449,-122.6865657412363,44,config_2
54950a19,45.51511729255821,-122.69134840095778,11,config_2
54950a1b,45.51718062380203,-122.6849164900577,85,config_2
54950a1d,45.52090704902181,-122.68969958900765,63,config_2
54950a1f,45.518843185730255,-122.69613199204339,10,config_2
54950a24,45.51388414278618,-122.70338749211464,34,config_2
54950a2c,45.50975472022771,-122.716249170215,73,config_2
54950a34,45.50230672311948,-122.70668040952,26,config_2
54950a3c,45.50643401745888,-122.69382069700062,28,config_2
54950a5,45.49319720780043,-122.68590608676298,99,config_2
54950a64,45.4956557150549,-122.66184074677997,22,config_2
54950a6c,45.50310770481749,-122.67139812636321,47,config_2
54950a74,45.5072299018849,-122.65853687515086,50,config_2
54950a7c,45.49977578624879,-122.64898146687186,33,config_2
54950a84,45.49232180500166,-122.63942978103542,22,config_2
54950a8c,45.488203858815865,-122.65228708897698,29,config_2
54950a94,45.48075213728939,-122.6427371515567,27,config_2
54950a9c,45.4848679593325,-122.62988181624239,36,config_2
54950ab,45.471631314451734,-122.62199324817144,95,config_2
54950ad,45.46340307183827,-122.6476945142619,87,config_2
54950af,45.478299871801276,-122.66679286312996,58,config_2
54950b1,45.47005720113569,-122.6924950201276,71,config_2
54950b3,45.455168897984805,-122.67338880438462,44,config_2
54950b5,45.44692879897792,-122.69907610750691,63,config_2
54950b7,45.46180860286365,-122.71819017261524,68,config_2
54950b9,45.47668892895991,-122.73731910183155,75,config_2
54950bb,45.48494603340727,-122.7116161053194,76,config_2
54950bd,45.49983538528764,-122.73075207109514,32,config_2
54950bf,45.49156976775489,-122.75646290626537,51,config_2
54950c1,45.48329822385901,-122.78216669083002,56,config_2
54950c3,45.47502075974214,-122.80786341380802,56,config_2
54950c5,45.46015695439413,-122.78870398472259,49,config_2
54950c7,45.468425900579085,-122.76301506529397,66,config_2
54950c9,45.45355408309313,-122.74387830958439,69,config_2
54950cb,45.43868278091285,-122.72475641261745,54,config_2
54950cd,45.43043084989338,-122.7504297087263,32,config_2
54950cf,45.44529364794069,-122.76955942004808,42,config_2
54950d1,45.43702730353145,-122.79523349304056,34,config_2
54950d3,45.4221730120319,-122.77609598486474,47,config_2
54950d5,45.413909273449335,-122.80175523008543,13,config_2
54950d7,45.42875505599909,-122.82090051761756,30,config_2
54950d9,45.44360133317194,-122.8400606476493,60,config_2
54950db,45.45188209654293,-122.81438584915477,62,config_2
54950dd,45.46673738155492,-122.83355306423988,58,config_2
54950df,45.458448095456596,-122.85923563118749,34,config_2
54950e1,45.47329533332874,-122.87842547923847,34,config_2
54950e3,45.48814303725107,-122.8976302028084,31,config_2
54950e5,45.496449389469376,-122.87193211545116,48,config_2
54950e7,45.481593149042915,-122.85273514932803,38,config_2
54950e9,45.48988505446004,-122.82703771836232,56,config_2
54950eb,45.498171043408114,-122.80133319727622,63,config_2
54950ed,45.5130443496885,-122.82051459571605,41,config_2
54950ef,45.50474982901014,-122.84622690944317,51,config_2
54950f1,45.51961507384163,-122.86543099810802,39,config_2
54950f3,45.52791813314923,-122.83971089723283,47,config_2
54950f5,45.54279238422623,-122.85892211290957,54,config_2
54950f7,45.53448077939069,-122.88464999541395,36,config_2
54950f9,45.52616325092235,-122.91037073492822,47,config_2
54950fb,45.511306093283736,-122.89114397364085,55,config_2
54950fd,45.50299119767319,-122.91684981290295,59,config_2
54950ff,45.51783980503172,-122.9360843205274,63,config_2
54951004,45.51530395722672,-122.9601772132316,25,config_2
5495100c,45.51113673218516,-122.9730295950915,40,config_2
54951014,45.50371766614913,-122.96340378770249,22,config_2
5495101c,45.50788275187805,-122.95055333510895,30,config_2
5495103,45.49467039321617,-122.94254850498774,51,config_2
5495105,45.48634368612734,-122.96824003901021,16,config_2
5495107,45.50117518586812,-122.98748998638912,17,config_2
549510c,45.48125185086533,-123.01639277495796,9,config_2
549511c,45.46825493246871,-122.92655394005118,20,config_2
549513,45.41546108083697,-122.8946250604236,62,config_2
549515,45.38223736110229,-122.99716688522332,17,config_2
549517,45.44140428964642,-123.07412642929737,5,config_2
549519,45.50057773123603,-123.15132365859832,38,config_2
54951a4,45.51089000086684,-123.05494551702208,48,config_2
54951a9,45.51600710921015,-123.0067548310417,32,config_2
54951aa4,45.518555904811926,-122.9826591285433,26,config_2
54951aac,45.52272527002606,-122.96980481812163,24,config_2
54951ab4,45.5301466890774,-122.97943615115214,32,config_2
54951abc,45.5259751828308,-122.99229238942932,34,config_2
54951ad,45.53919183922558,-123.00031993367642,80,config_2
54951af,45.53083944656461,-123.0260345839202,2,config_2
54951b4,45.55727207593876,-123.04212000090983,21,config_2
54951bc,45.5405297464926,-123.09355787961901,65,config_2
54951d,45.59339209373215,-123.1258501314257,25,config_2
54951f,45.55975707229058,-123.2287592665428,5,config_2
54953,45.387007906721884,-123.36900144724818,92,config_2
549544,45.243795988280354,-123.03549590885348,94,config_2
549549,45.22325516691161,-123.22701898698045,76,config_2
54954b,45.18979572895907,-123.32898115053491,1,config_2
54954d,45.131188247804204,-123.25201195682281,16,config_2
54954f,45.1645113246225,-123.15016886523064,14,config_2
549554,45.05986072563618,-123.0861792162156,43,config_2
54955c,45.12591525133184,-122.88262701931349,69,config_2
549564,45.19159928856739,-122.67862935948932,56,config_2
549569,45.26392548095067,-122.84395807806548,26,config_2
54956b,45.32307755588039,-122.92044433274707,32,config_2
54956d,45.3561650532377,-122.81802566691583,48,config_2
54956e4,45.319930115210504,-122.73513248320721,5,config_2
54956ec,45.30346074001942,-122.78632346402566,15,config_2
54956f4,45.27383589555715,-122.74818562064019,12,config_2
54956fc,45.290271398891385,-122.69702569880376,73,config_2
549571,45.329735089057436,-122.63925646910941,79,config_2
5495724,45.36607080860394,-122.72204833390226,19,config_2
549572c,45.395767778611,-122.76024219764706,49,config_2
5495734,45.41225795901906,-122.708933058862,47,config_2
549573c,45.38252704556062,-122.67077044688014,10,config_2
5495744,45.39895967699165,-122.6194647461854,37,config_2
549574c,45.4287245144053,-122.65759596697339,91,config_2
5495751,45.43361111800288,-122.60954239617796,3,config_2
5495753,45.448506817410234,-122.62861102899812,42,config_2
5495755,45.456726572598114,-122.60291765256096,56,config_2
5495757,45.441822392685935,-122.58385691463454,26,config_2
549575c,45.415368654422686,-122.56813131981727,22,config_2
549577,45.36249877516487,-122.53673942058207,32,config_2
54957c,45.25690974120018,-122.47419175284617,13,config_2
549584,45.32184354756758,-122.26931980053114,26,config_2
54958c,45.38639768122647,-122.06401918838041,10,config_2
549591,45.46022074407094,-122.22853176892954,10,config_2
549593,45.492603767538526,-122.12557943376629,1,config_2
5495944,45.52956514171209,-122.20802847922594,32,config_2
549594c,45.54578315875337,-122.15647645593711,21,config_2
5495954,45.57585240088682,-122.19431887476829,8,config_2
549595c,45.559600644506745,-122.24590354593907,42,config_2
549597,45.520185164361344,-122.30426028413997,79,config_2
5495981,45.52227045241828,-122.39712146703894,32,config_2
5495983,45.50729851914054,-122.37812451724697,21,config_2
5495985,45.499134871957764,-122.40386512701103,23,config_2
5495987,45.514098344999034,-122.42287011149416,25,config_2
5495989,45.505920260533024,-122.44861188651659,41,config_2
549598b,45.49773620502434,-122.47434678090113,54,config_2
549598d,45.48278966017756,-122.45532577948279,19,config_2
549598f,45.49096525030632,-122.42959888482544,35,config_2
5495994,45.464453180043336,-122.41396557173343,23,config_2
549599c,45.48076705949738,-122.36252212942001,8,config_2
54959b,45.42774198470452,-122.33137635794274,7,config_2
54959d,45.395167868097275,-122.43411248023591,20,config_2
54959e4,45.43175392951714,-122.51677025611298,58,config_2
54959ec,45.44811545407697,-122.46538164374758,28,config_2
54959f1,45.466420598497436,-122.5067589346025,34,config_2
54959f3,45.47460810757162,-122.48104579979686,22,config_2
54959f5,45.48954618448583,-122.5000747834639,40,config_2
54959f7,45.481350204939176,-122.5257958830422,45,config_2
54959f9,45.47314827241479,-122.5515100684945,38,config_2
54959fb,45.458227138972696,-122.5324651727557,33,config_2
54959fd,45.45002773502382,-122.5581645031336,48,config_2
54959ff,45.46494039295182,-122.57721732870046,59,config_2
5495a01,45.47985361974724,-122.59628501716708,52,config_2
5495a03,45.488069981655485,-122.57056983232405,63,config_2
5495a05,45.50299225720911,-122.58964447548155,92,config_2
5495a07,45.49476740592437,-122.61536757974513,72,config_2
5495a084,45.50389437164862,-122.6361204387594,38,config_2
5495a08c,45.508011470492946,-122.62325766382638,41,config_2
5495a094,45.51546983694759,-122.63280912291428,77,config_2
5495a09c,45.511350612849014,-122.64567387354,64,config_2
5495a0a4,45.518806988114285,-122.6552310328246,85,config_2
5495a0a9,45.52336838804552,-122.66561812513051,65,config_2
5495a0ab,45.527096409177474,-122.67039974602508,95,config_2
5495a0ad,45.52915878567122,-122.66396558764853,42,config_2
5495a0af,45.525430232645725,-122.6591844599886,11,config_2
5495a0b4,45.53038697345907,-122.65192321798682,50,config_2
5495a0bc,45.52292833833318,-122.642364307167,59,config_2
5495a0d,45.532838469246386,-122.6278384447301,92,config_2
5495a0e4,45.52370382150181,-122.6070743801594,30,config_2
5495a0ec,45.51958757341892,-122.61994262465865,34,config_2
5495a0f4,45.51212708202085,-122.61039314345791,28,config_2
5495a0fc,45.51624120547196,-122.59752687904047,39,config_2
5495a11,45.52614248271844,-122.58299601295397,73,config_2
5495a13,45.54107436313335,-122.60209252199853,57,config_2
5495a15,45.54930429398572,-122.57633961499812,51,config_2
5495a17,45.53436391533193,-122.55725105000776,40,config_2
5495a19,45.51942409785819,-122.5381773972811,52,config_2
5495a1b,45.51121115654193,-122.56391441095516,44,config_2
5495a1d,45.49628039411589,-122.5448477047389,58,config_2
5495a1f,45.50448485107655,-122.5191186455293,50,config_2
5495a21,45.512683346494306,-122.49338266583429,48,config_2
5495a23,45.527631075101965,-122.51243344559578,45,config_2
5495a25,45.53583208222608,-122.48668256705689,27,config_2
5495a27,45.52087587433475,-122.46763977681408,18,config_2
5495a2c,45.54063784974779,-122.43852603515344,66,config_2
5495a34,45.570576881470984,-122.47661742208858,12,config_2
5495a39,45.565746242269526,-122.52481289273678,16,config_2
5495a3b,45.55078887470832,-122.5057402685845,44,config_2
5495a3d,45.542579381348546,-122.53149913149956,42,config_2
5495a3f,45.557528255722026,-122.55057973486005,39,config_2
5495a5,45.6072594946009,-122.55966380656399,63,config_2
5495a64,45.597470783103056,-122.65615840444629,43,config_2
5495a69,45.57918669671908,-122.61456152692676,8,config_2
5495a6b,45.564245224294275,-122.59544310354131,34,config_2
5495a6c4,45.561800678956295,-122.61954408747728,15,config_2
5495a6cc,45.554333268154146,-122.60998563348404,18,config_2
5495a6d4,45.55021362190669,-122.62286331578713,21,config_2
5495a6dc,45.55767890523318,-122.63242375162395,47,config_2
5495a6f,45.57093974856396,-122.64033030627918,59,config_2
5495a704,45.568482345924686,-122.66443769218401,12,config_2
5495a70c,45.56435333184982,-122.67731780330611,25,config_2
5495a714,45.556892043543996,-122.6677459461019,21,config_2
5495a71c,45.56101892778673,-122.65486781109131,49,config_2
5495a73,45.54776238669269,-122.64695779329665,95,config_2
5495a744,45.54530464016502,-122.67105222493718,31,config_2
5495a74c,45.537845741133786,-122.66148585677611,35,config_2
5495a754,45.53372013607605,-122.67435653050863,70,config_2
5495a75c,45.541176906388756,-122.68392487170955,33,config_2
5495a77,45.554427954274686,-122.69184679541128,87,config_2
5495a79,45.56934439461358,-122.71100389672745,57,config_2
5495a7b,45.577611796748286,-122.68524127450442,95,config_2
5495a7d,45.592537270241095,-122.70440542962204,37,config_2
5495a7f,45.58426133714323,-122.73017593942818,62,config_2
5495a84,45.610782788794225,-122.7460717648254,87,config_2
5495a8c,45.627348331200444,-122.6944929205715,7,config_2
5495a94,45.65722786151651,-122.73288736852722,1,config_2
5495a9c,45.64062812192116,-122.78449776900946,32,config_2
5495ab,45.69372812853475,-122.81642402428908,17,config_2
5495ad,45.72698245783537,-122.71305142312553,1,config_2
5495bc,45.62652357665749,-122.36667527155068,28,config_2
5495e4,45.63546829235949,-121.80194532210868,75,config_2
5495e9,45.61744946141014,-121.99468904094734,48,config_2
5495ea4,45.60828354984459,-122.09106844882592,6,config_2
5495eac,45.592080051755204,-122.14270714528533,28,config_2
5495eb04,45.579336617334896,-122.09971547839758,28,config_2
5495eb1b,45.57441961749937,-122.10703064241561,5,config_2
5495eb1d,45.578183233970904,-122.11175514241003,23,config_2
5495eb1e1,45.57832939747082,-122.1175592799678,16,config_2
5495eb1e3,45.57782327460527,-122.11917211783522,47,config_2
5495eb1e5,45.57688247745067,-122.11799070552861,8,config_2
5495eb1e7,45.57738856740294,-122.11637789976267,67,config_2
5495eb1ec,45.57572431008701,-122.11541232087541,22,config_2
5495eb1f4,45.57471218176078,-122.11863778360411,1,config_2
5495eb1fc,45.576593671863,-122.12100058788837,4,config_2
5495eb3,45.56545424106972,-122.12724363215422,12,config_2
5495ebc,45.578146893827764,-122.05329174519309,47,config_2
5495ed,45.52489067872995,-122.02252007835348,10,config_2
5495f4,45.450569151686715,-121.85829568653263,24,config_2
5495f9,45.46820832341885,-121.66639659969965,35,config_2
5495fd,45.56054748442948,-121.63787984137518,32,config_2
5495ff,45.499937795871986,-121.5632907244453,63,config_2
549604,45.57775232516994,-121.44560351326663,35,config_2
549609,45.65306975429581,-121.60922715803356,6,config_2
54960b,45.71384044270054,-121.68415781468778,18,config_2
54960d,45.74577496620545,-121.580437549104,20,config_2
54960f,45.68487053987315,-121.50564377549935,77,config_2
549614,45.76293777373835,-121.38733978503286,14,config_2
54961c,45.64075823348489,-121.23864679970491,65,config_2
54963,45.796006299705105,-121.00126883087775,5,config_2
5499,46.725238590638696,-119.54524524241785,6,config_2
549e4,47.5730748192771,-117.67448875400636,13,config_2
549f84,46.759975770650236,-117.2380976278868,4,config_2
549f89,46.7679406946184,-117.04402960699838,69,config_2
549f8b,46.795088379594425,-116.93721939805538,16,config_2
549f8d,46.86132861053758,-117.00477460659363,21,config_2
549f94,46.947040748508314,-117.16020596583411,26,config_2
549fd,47.228899221686476,-117.04194730992043,72,config_2
549ff,46.96230303125335,-116.77064563892745,39,config_2
53604,47.25695293663096,-116.25875004888053,88,config_2
53608c,47.320394477640626,-115.65230265387815,8,config_2
536094,47.37191677862409,-115.43596794713713,94,config_2
5360b,47.379839906949805,-115.04673975049882,72,config_2
5360d,47.65409551451384,-115.30556765376139,6,config_2
5360e4,47.644925898324104,-115.69819356350656,3,config_2
5360ec,47.508341076191286,-115.56659090224979,14,config_2
5360f1,47.50342995415923,-115.7624179381251,17,config_2
5360f3,47.43535531588047,-115.6965629062945,78,config_2
5360f7,47.477257585122416,-115.87102769754931,44,config_2
53611,47.82355493647478,-116.00704769208299,2,config_2
536141,48.06136753895746,-115.89996529787989,81,config_2
536143,48.13010574440461,-115.9672121056032,6,config_2
536145,48.156774943986626,-115.85676025243849,39,config_2
536147,48.08791514251502,-115.78971728886681,56,config_2
536154,48.300187208724,-115.79154899106739,67,config_2
53615c,48.24672134926885,-116.01318804502141,25,config_2
536163,48.21350302950329,-116.32399819680506,95,config_2
536165,48.144939963059606,-116.25583699349065,21,config_2
536167,48.17196937390946,-116.14530668544303,62,config_2
53616c,48.05559728539383,-116.0989679684128,84,config_2
53617c,48.138357843237245,-116.45571037033278,23,config_2
536184,48.08346380463187,-116.676576709847,99,config_2
536194,47.89240417108123,-116.75917809777748,13,config_2
53619c,47.94727199482624,-116.53937058907967,13,config_2
5361b,47.716230969846094,-116.44481423927182,75,config_2
5361c1,47.74954118582011,-116.82059389389994,14,config_2
5361c3,47.72194412908471,-116.93000223437058,57,config_2
5361c5,47.65450554551602,-116.8612857451306,12,config_2
5361c64,47.65824323124244,-116.76227651618831,66,config_2
5361c6c,47.692000885955544,-116.79649956881377,58,config_2
5361c7c,47.671935296168975,-116.70767584200726,5,config_2
5361cc,47.56706734547123,-116.7042277600736,41,config_2
5361d4,47.512262593392066,-116.92194926719601,2,config_2
5361dc,47.64670175834785,-117.05945147472666,15,config_2
5361f,47.87668118067037,-117.1578210265445,9,config_2
53624,48.33937164704846,-117.35782102077606,7,config_2
53639,48.75730624916351,-116.38087549790063,80,config_2
5363b,48.64592688075106,-116.8293512662635,9,config_2
5363c4,48.46754408854646,-116.50888026870878,55,config_2
5363cc,48.41212662452567,-116.73162069331559,6,config_2
5363d1,48.32320879265578,-116.57216052588832,68,config_2
5363d5,48.227188446331695,-116.61408363715809,31,config_2
5363d7,48.25470371694077,-116.50328372848998,86,config_2
5363d9,48.28209976352823,-116.39241612117912,85,config_2
5363db,48.3507295478912,-116.46109190767382,54,config_2
5363f,48.480651589726136,-116.10590335219587,89,config_2
53644,48.78081942003731,-115.57061244193318,57,config_2
5364c,49.34115165982926,-116.11893065265598,1,config_2
5365c,48.989805593632624,-114.67093743067078,49,config_2
536604,48.710517776289166,-114.01051040502473,5,config_2
53660c,48.66093156446786,-114.23382855713369,10,config_2
536614,48.519454221260276,-114.10583913237608,80,config_2
536619,48.52091578293788,-113.90735875416229,42,config_2
53661b,48.59178279603048,-113.97077023483786,35,config_2
53661d,48.616280700924335,-113.85940337024144,87,config_2
536624,48.42682218495688,-113.75730726660761,10,config_2
53662c,48.28525127148754,-113.63219027302878,34,config_2
536639,48.330643875074216,-114.00256098160035,63,config_2
53663d,48.42570333803289,-113.95507737108615,9,config_2
53663f,48.401191396929235,-114.06591838573529,97,config_2
536644,48.329003522765255,-114.20022750268735,97,config_2
53664c,48.18834261462575,-114.07334956975846,42,config_2
536651,48.1865701001418,-114.2704100700717,93,config_2
536653,48.11645659709142,-114.20689188371308,22,config_2
536655,48.09180806787498,-114.31691180715701,1,config_2
536657,48.16180665605284,-114.38064572462841,33,config_2
53665c,48.2793706065498,-114.42143559895219,12,config_2
53667,48.51522327835127,-114.50368763983607,50,config_2
5366a4,48.4056785575086,-115.34755793167717,1,config_2
5366ac,48.35317349744235,-115.56966940943184,76,config_2
5366b3,48.236067652741355,-115.52504857090041,60,config_2
5366b5,48.166845331875976,-115.45862375890401,44,config_2
5366c4,48.12759293472177,-115.08394640444803,41,config_2
5366cb,48.097661491029655,-115.39245124975675,49,config_2
5366cd,48.028516722943635,-115.32652989403861,45,config_2
5366cf,48.05434991141578,-115.21646831384504,34,config_2
5366dc,47.98879139742596,-114.95364552458007,75,config_2
5366e4,48.03939276195624,-114.73384609003423,80,config_2
5366fc,48.08951930619623,-114.51385786029404,57,config_2
53671,47.85558398388224,-114.43217522064971,76,config_2
53675,47.47966380379973,-114.6137059184163,5,config_2
53677,47.57764042510491,-114.17997990713876,80,config_2
536784,47.58019954091761,-113.792458919337,98,config_2
536794,47.76747458865636,-113.69857192964535,12,config_2
53679c,47.71965816087423,-113.91632184491522,51,config_2
5367a4,47.859308985380174,-114.04114182389593,8,config_2
5367ac,47.999147641198796,-114.16692796400577,49,config_2
5367b1,48.00066765051444,-113.9709614885147,9,config_2
5367b3,48.07080361945008,-114.03377383412095,91,config_2
5367b5,48.09509991823783,-113.92388882002416,35,config_2
5367bc,47.90757369264056,-113.82253107456742,51,config_2
53684,48.04784377424642,-112.77697758216684,21,config_2
536884,48.33298472285793,-113.41138846834842,23,config_2
53688c,48.38023617093654,-113.19045037002353,80,config_2
536894,48.52270351834967,-113.31377419878491,63,config_2
53689c,48.475005570331774,-113.53561287066832,19,config_2
5368a3,48.59370081190887,-113.57381093349562,3,config_2
5368a5,48.66490969672817,-113.63654983117544,81,config_2
5368a7,48.64065638209922,-113.74799619247796,42,config_2
5368a84,48.68790413907846,-113.82328038513909,39,config_2
5368a8c,48.700104215057365,-113.76748253123527,38,config_2
5368a94,48.735700475010255,-113.79912347668518,31,config_2
5368ab,48.78298402413562,-113.87467303738622,8,config_2
5368ad,48.80746587911675,-113.76277517265882,26,config_2
5368ae4,48.76006564663386,-113.68738514639256,7,config_2
5368aec,48.747898437268574,-113.74325926523564,39,config_2
5368af1,48.724218081271815,-113.70560801649441,14,config_2
5368af3,48.718137492579274,-113.73352141946316,28,config_2
5368af5,48.70033149857495,-113.71773773082303,75,config_2
5368af7,48.706404959876025,-113.68983844813233,8,config_2
5368afc,48.72441230570829,-113.65585720708363,7,config_2
5368b4,48.808215554915286,-113.56337382204376,83,config_2
5368b9,48.713048674171986,-113.41354409160134,41,config_2
5368bb,48.689040505809054,-113.52506541900044,78,config_2
5368bd,48.61771852465392,-113.46255276986314,1,config_2
5368bf,48.64161403148998,-113.35125871020159,4,config_2
5368d,48.80840711861771,-113.16553571395352,7,config_2
5368f,48.52174746870863,-112.9196648690491,40,config_2
53694,48.80360690151697,-112.37390554918998,1,config_2
5369c,48.22674871414353,-111.90100617582074,5,config_2
536b,48.7736824893287,-110.80828328460862,10,config_2
536f,49.57777376810437,-113.56950624422853,35,config_2
531,51.3786418539575,-107.54900222906777,3,config_2
86341,33.19770827767789,-93.90626879090993,26,config_2
86343,33.18704707213244,-94.23333545857355,4,config_2
86345,33.54544526439566,-94.23333545857355,66,config_2
86347,33.55616395172208,-93.90626879090993,35,config_2
86354,34.06252900916841,-94.72775278355441,30,config_2
8635c,33.348618938234175,-94.72775278355441,54,config_2
86364,32.629398506440324,-94.72775278355441,90,config_2
8636c,32.65239459447722,-94.0695453815523,55,config_2
86374,31.92784856604255,-94.0695453815523,7,config_2
8637c,31.905127482149442,-94.72775278355441,73,config_2
86384,31.17607867822554,-94.72775278355441,35,config_2
8638c,30.442537644415054,-94.72775278355441,25,config_2
86394,30.46465927910684,-94.0695453815523,60,config_2
8639c,31.198508269802126,-94.0695453815523,22,config_2
863b,30.858922248180154,-93.09770198132622,6,config_2
863ec,29.726599575060234,-94.0695453815523,65,config_2
863f1,29.525508409212723,-94.56244259389422,43,config_2
863f3,29.895415982648124,-94.56244259389422,10,config_2
863f5,29.883583976677322,-94.8935627223328,52,config_2
863f61,29.64791322575638,-95.01824599477534,9,config_2
863f63,29.555407044268854,-95.01824599477534,93,config_2
863f74,29.424175483890433,-94.81059550583717,39,config_2
863f7c,29.418092142257347,-94.97665398592595,31,config_2
863f84,29.23271960704705,-94.97665398592595,34,config_2
863f9d,29.283654563203253,-94.85206358017719,90,config_2
863f9e1,29.320290530975942,-94.80023334814048,36,config_2
863f9e3,29.321031778200023,-94.77951487190384,16,config_2
863f9e5,29.29785301348154,-94.77951487190384,42,config_2
863f9e7,29.297112131984644,-94.80023334814048,68,config_2
863f9ec,29.26270834631825,-94.78987313653973,17,config_2
863f9fc,29.310547911515194,-94.74845176846277,28,config_2
8661,27.570588562992125,-99.90181306343518,20,config_2
86644,26.522473966337596,-98.83627550306029,5,config_2
86654,25.813594468343734,-98.13385582671398,48,config_2
8665c,26.56436680761103,-98.13385582671398,79,config_2
8667,27.664827355762355,-98.48424653420417,33,config_2
86681,28.274346959657226,-97.61142171393448,13,config_2
86683,28.293203706659533,-97.26528581122331,1,config_2
866844,28.009336592821512,-97.35165580142355,1,config_2
86684c,28.018462417257968,-97.17902604633225,7,config_2
866854,27.83201591145254,-97.17902604633225,26,config_2
86685b,27.871846173874072,-97.3084570618028,3,config_2
86685d,27.867238321594858,-97.39488196255758,6,config_2
86685e4,27.796149117447527,-97.41650530503672,23,config_2
86685ec,27.79846421659923,-97.37326545852945,69,config_2
86685f4,27.751828380956283,-97.37326545852945,4,config_2
86685fc,27.74951586583317,-97.41650530503672,14,config_2
86687,27.902046902642613,-97.61142171393448,31,config_2
86689,27.52898436210236,-97.61142171393448,12,config_2
8668b,27.155201945312953,-97.61142171393448,1,config_2
8668d,27.173557984663677,-97.26528581122331,4,config_2
8668e4,27.45856102826591,-97.17902604633225,1,config_2
8668ec,27.449557103282782,-97.35165580142355,32,config_2
8668f4,27.636335355211692,-97.35165580142355,73,config_2
8668fc,27.64538033825934,-97.17902604633225,41,config_2
8669b,27.93847364744315,-96.92091345144947,95,config_2
8669d,28.311091981760725,-96.92091345144947,30,config_2
8669f,28.328023737649694,-96.57833866136845,23,config_2
866b,27.80631194500799,-95.7299821027788,1,config_2
866f4,26.60243699059419,-97.43813547748366,9,config_2
866f9,26.02997022777748,-97.61142171393448,20,config_2
866fa4,26.13743188325994,-97.35165580142355,3,config_2
866fa9,26.19098084894281,-97.22214211701957,4,config_2
866fab,26.195281442356226,-97.13593766610796,4,config_2
866fac4,26.123703913056023,-97.15747839073565,74,config_2
866fadc,26.076687861178826,-97.15747839073565,34,config_2
866faf,26.09697434782094,-97.22214211701957,3,config_2
866fb4,25.958043723399193,-97.17902604633225,2,config_2
866fbc,25.949383305439152,-97.35165580142355,4,config_2
866fd,25.67138624225083,-97.26528581122331,3,config_2
54c004,44.876672870898346,-123.13638658468328,49,config_2
54c00c,44.75993901131253,-122.98441784854745,42,config_2
54c014,44.69423326686318,-123.18612488324155,28,config_2
54c01c,44.810428677874434,-123.33856408610643,3,config_2
54c03,44.652692322458776,-123.56430088676868,59,config_2
54c0404,44.580588822144165,-123.21697611922338,6,config_2
54c0409,44.57548268623377,-123.26412881710226,26,config_2
54c040b,44.56724563965724,-123.28923329405201,67,config_2
54c040d,44.5527886918477,-123.27025280651098,24,config_2
54c040f,44.56101736251764,-123.2451555474415,25,config_2
54c0414,44.53521300396549,-123.22926641002796,33,config_2
54c045,44.46723712191259,-123.2476483781749,3,config_2
54c047,44.524974931464904,-123.32347173379529,21,config_2
54c04c,44.44665935280053,-123.43575796387397,25,config_2
54c054,44.3316017155305,-123.28422109042361,20,config_2
54c05c,44.3969513015164,-123.08432313881148,23,config_2
54c07,44.55250127717842,-122.85873960891334,99,config_2
54c09,44.319811141654064,-122.55980800458357,32,config_2
54c0b,44.08732541386454,-122.26447724367158,13,config_2
54c0d,43.9610091899147,-122.66182272622748,53,config_2
54c0e04,44.034365810604875,-123.00236508428746,39,config_2
54c0e0c,44.05045509335438,-122.9527442019384,2,config_2
54c0e14,44.079175812977155,-122.99002619591724,6,config_2
54c0e1c,44.063053706394136,-123.03967585905671,100,config_2
54c0e24,44.091744359106464,-123.07704223696287,93,config_2
54c0e2c,44.120437698967734,-123.11446429564242,3,config_2
54c0e34,44.13662561181379,-123.06475719553863,6,config_2
54c0e3c,44.107899342388684,-123.02736383444964,17,config_2
54c0ec,44.165890674987395,-122.78487478452585,4,config_2
54c0f4,44.281399125097025,-122.93414948155494,7,config_2
54c0fc,44.21657986499223,-123.13358548269316,27,config_2
54c104,44.15141099179493,-123.3325920901741,22,config_2
54c10c,44.085895544765485,-123.53116421653026,23,config_2
54c114,43.9719709688925,-123.38052020826761,6,config_2
54c119,43.992168924597216,-123.19452922831502,1,config_2
54c11b,44.04931982233878,-123.26946117113417,3,config_2
54c11c4,44.0593692680978,-123.17631943730957,37,config_2
54c11cc,44.087996700540586,-123.21379850766172,12,config_2
54c11d4,44.10422804620399,-123.16414475955719,28,config_2
54c11d9,44.08678077540943,-123.12363930147055,13,config_2
54c11db,44.07868288224894,-123.14846217298775,17,config_2
54c11dd,44.06435745448427,-123.12974721059294,38,config_2
54c11df,44.072447115802696,-123.1049314708337,34,config_2
54c11e04,44.063717334200355,-123.08470609319905,8,config_2
54c11e0c,44.05967694277474,-123.097112943242,27,config_2
54c11e14,44.05251164181351,-123.08776856365905,50,config_2
54c11e1c,44.05654997800234,-123.07536350052213,27,config_2
54c11e24,44.049382791506055,-123.06602438201757,21,config_2
54c11e2c,44.04221577580017,-123.05668873647572,6,config_2
54c11e34,44.03818154761164,-123.06909022383857,35,config_2
54c11e39,44.04254609955973,-123.07919342279418,21,config_2
54c11e3b,44.04456432226303,-123.07299242132292,64,config_2
54c11e3d,44.048147102660366,-123.07766178279095,22,config_2
54c11e3f,44.0461283664255,-123.08386323098546,10,config_2
54c11e5,44.0357085866693,-123.0923589827379,41,config_2
54c11e7,44.050032686383894,-123.11104615039208,80,config_2
54c11ec,44.03074441732155,-123.13889596314753,47,config_2
54c11f4,44.00212221798227,-123.10152800827267,17,config_2
54c11fc,44.018254836662265,-123.0519597129871,25,config_2
54c124,43.922545334410984,-123.03308913047809,21,config_2
54c12c,43.80817910644299,-122.88466561287404,21,config_2
54c134,43.7442405070422,-123.08188481162051,81,config_2
54c13c,43.85808447641714,-123.23076201303829,10,config_2
54c15,43.70421932766813,-123.45159560053577,27,config_2
54c17,43.93041073831826,-123.7524358267999,30,config_2
54c184,44.06672801095436,-124.07938566800536,81,config_2
54c18c,44.179641205614885,-124.23267551598474,48,config_2
54c194,44.24691214575153,-124.03413271386738,37,config_2
54c19c,44.13346150644872,-123.88126859245368,5,config_2
54c1b,44.29004488927913,-123.65923829337514,26,config_2
54c1c4,44.42785263974292,-123.98845919831362,41,config_2
54c1cc,44.494975131402725,-123.78855993945692,1,config_2
54c1d1,44.56405410506756,-123.95392441536728,2,config_2
54c1d3,44.59773131027361,-123.85369417775613,5,config_2
54c1d5,44.65509119707853,-123.93076661624858,3,config_2
54c1d64,44.64405475424302,-124.02535698928652,36,config_2
54c1d6c,44.615424667173606,-123.98672250768855,2,config_2
54c1d74,44.59851323571121,-124.03684943437378,14,config_2
54c1d79,44.61572252214316,-124.07837260651121,8,config_2
54c1d7a4,44.618503429360466,-124.05473994345847,42,config_2
54c1d7ac,44.62273797122472,-124.0422057961729,14,config_2
54c1d7b4,44.629890238410965,-124.05187224502183,40,config_2
54c1d7bc,44.62565356787568,-124.0644080921753,22,config_2
54c1d7d,44.63849899375138,-124.07264804040794,55,config_2
54c1dc,44.54188417145705,-124.14269449172951,48,config_2
54c1f,44.38312736701289,-124.36475954433166,34,config_2
54c24,44.0657751952635,-124.8044749726811,6,config_2
54c34,43.35137398655756,-124.96993263279091,58,config_2
54c39,43.44204429105919,-124.23454418453811,94,config_2
54c3b,43.66400217750503,-124.53873409546958,1,config_2
54c3c4,43.70863017251603,-124.1686536361103,66,config_2
54c3d4,43.88730059527768,-124.12422402492338,70,config_2
54c3f,43.573792872511746,-123.84394233243346,12,config_2
54c41,43.34984751231448,-123.54486997172863,63,config_2
54c424,43.21381787233215,-123.22564996050073,54,config_2
54c434,43.03850811474893,-123.27271778690421,21,config_2
54c43c,43.15009297420318,-123.41989657174992,58,config_2
54c45,42.99848276189875,-123.6364814143673,26,config_2
54c47,43.22019292862031,-123.93380483756474,2,config_2
54c484,43.17716233876064,-124.29954687446859,81,config_2
54c48c,43.067051717689395,-124.14942481543466,2,config_2
54c494,43.001520954694755,-124.34239785430927,21,config_2
54c49c,43.111109048396834,-124.49291628206542,62,config_2
54c4b,42.95703409642745,-124.70648009751596,5,config_2
54c4d,42.7394784181924,-124.40596141965908,32,config_2
54c51,42.65012487287633,-123.7264753861822,36,config_2
54c53,42.52204680581851,-124.10877736105398,9,config_2
54c55,42.30477239312683,-123.81489569636997,54,config_2
54c564,42.34475723085215,-123.45687370097714,23,config_2
54c56c,42.45410607390559,-123.60238822298459,3,config_2
54c574,42.51707206266033,-123.41144084464236,24,config_2
54c57c,42.40721984877689,-123.26633961669377,57,config_2
54c5c,42.72868374472665,-123.00468327354528,92,config_2
54c61,42.80138568638664,-122.28283780051216,57,config_2
54c624,42.835536106240745,-121.92200316178884,6,config_2
54c62c,42.895417416542415,-121.7284991118777,3,config_2
54c639,42.99239214658704,-122.05114909477884,27,config_2
54c63b,42.935635641606915,-121.97999579242195,14,config_2
54c63c4,42.927150189468705,-122.07042443096364,37,config_2
54c63cc,42.89882335255788,-122.03485653204577,3,config_2
54c63d4,42.88371325081643,-122.08323925427237,16,config_2
54c63d9,42.90114803771136,-122.12202970308677,17,config_2
54c63db,42.90871992670494,-122.09783307020649,15,config_2
54c63dd,42.922872882667825,-122.1156410807077,10,config_2
54c63dec,42.91365172857351,-122.12933993681311,14,config_2
54c63df4,42.909861571608346,-122.14143955942004,74,config_2
54c63dfc,42.91693348260179,-122.15035138659667,34,config_2
54c63e4,42.940309503356055,-122.1544858499444,75,config_2
54c63ec,42.95548179871644,-122.10604492059447,26,config_2
54c63f4,42.98381811746591,-122.14171807638263,70,config_2
54c63fc,42.96861464720355,-122.19018806123974,19,config_2
54c65,43.14965760329115,-122.18129833255341,59,config_2
54c67,43.026736394391946,-122.56991205223854,27,config_2
54c69,43.25234781649885,-122.86037131108083,26,config_2
54c6b,43.47818677803697,-123.15425327939593,58,config_2
54c6d,43.60518718979046,-122.76199349160275,10,config_2
54c6f,43.37729528639235,-122.46992511964605,15,config_2
54c71,43.50088943415792,-122.07793785981843,67,config_2
54c73,43.73082566621374,-122.36813051715662,56,config_2
54c75,43.85507960162658,-121.97270543357864,23,config_2
54c77,43.62310838818734,-121.68445070867918,96,config_2
54c784,43.47929203317245,-121.3723145685716,99,config_2
54c78c,43.36329502046602,-121.231036402636,65,config_2
54c79c,43.419282328031414,-121.56868238524474,15,config_2
54c7b,43.2712344002001,-121.7912043230043,82,config_2
54c7d,43.04189366274489,-121.50788951256666,1,config_2
54c7f4,43.247387135154575,-121.09061487268261,31,config_2
54c7fc,43.13157240130904,-120.95104473790114,73,config_2
54c804,43.01585479156597,-120.81232076658755,65,config_2
54c814,42.84268067708525,-120.86829934383351,57,config_2
54c81c,42.90023822722354,-120.6744377369098,16,config_2
54c824,42.784726578347964,-120.537390437649,14,config_2
54c82c,42.66932366389013,-120.40117366891602,42,config_2
54c834,42.61272320671617,-120.59402233419776,58,config_2
54c83c,42.727649265918764,-120.7307462457853,61,config_2
54c85,42.58428343850044,-120.9513548483899,3,config_2
54c8b,42.576328090335,-121.99911082492847,62,config_2
54c8d,42.35159522787022,-121.71869339468007,91,config_2
54c8f,42.46859736349072,-121.33567705910428,1,config_2
54c94,42.072399586916205,-121.11426101152512,12,config_2
54c984,42.04370300715486,-120.43609449055012,24,config_2
54c98c,42.09908954543275,-120.24584687134009,55,config_2
54c991,42.17067725715517,-120.39392644006368,13,config_2
54c993,42.19846289849502,-120.29854328559853,73,config_2
54c995,42.25555204892316,-120.36566372194672,50,config_2
54c99c,42.1572393776818,-120.57055628616618,1,config_2
54c9b,42.356076122461026,-120.67805463923514,1,config_2
54c9c4,42.38320219499694,-120.32304161845266,81,config_2
54c9d4,42.554033251812214,-120.26578224284475,48,config_2
54c9dc,42.438859059223944,-120.13121098426181,2,config_2
54c9f,42.23888628902059,-120.02644746497042,24,config_2
54cb,41.507503734430315,-119.93476272635633,47,config_2
54cec,41.84157525455871,-121.8720630899273,47,config_2
54cf1,42.11372148756606,-122.48064842022644,76,config_2
54cf3,42.2332965948329,-122.10036360734084,25,config_2
54cf5,42.456073968218995,-122.38260537678957,17,config_2
54cf64,42.42041017377087,-122.7406863063511,4,config_2
54cf6c,42.30968537881724,-122.59808262572841,3,config_2
54cf74,42.24884549717808,-122.78852507052856,78,config_2
54cf79,42.31615946725227,-122.94335903958773,16,config_2
54cf7b,42.34684386440482,-122.84806869277996,58,config_2
54cf7d,42.40203725949187,-122.91973789192978,79,config_2
54cf7f,42.371228547762456,-123.0151351998463,19,config_2
54cfc,42.040905903328465,-123.19126782252341,99,config_2
54d4,40.78778037496809,-124.19441089783537,76,config_2
54da9,42.04901943877291,-124.57140423715856,1,config_2
54dab,42.17749749255434,-124.19397307206933,72,config_2
54dad,42.392736864229775,-124.48940928236216,39,config_2
54ea789,44.66128728393211,-124.06691677407717,23,config_2
54ea78b,44.66976733220142,-124.0418220827708,1,config_2
54ea78d,44.684087391538164,-124.06117879537726,16,config_2
54ea78f,44.675598814787925,-124.0862802953753,70,config_2
54ea794,44.70131791232505,-124.1027974892019,3,config_2
54ea7d,44.769823997213,-124.0855984036182,71,config_2
54ea7f,44.71245562347281,-124.00806782120071,24,config_2
54ea84,44.79200082601639,-123.89582604627594,22,config_2
54ea89,44.86133088122843,-124.0625718144921,74,config_2
54ea8d,44.95302676007616,-124.0394365311521,82,config_2
54ea8f,44.89537744565771,-123.9616647646235,7,config_2
54ea94,44.975207354377915,-123.84885389304235,67,config_2
54eab,45.01834862111124,-123.46757285523105,80,config_2
54eac4,45.15916791109494,-123.80143613906317,19,config_2
54ead4,45.34388168318147,-123.7535662142877,17,config_2
54ead9,45.3216983565396,-123.94579242351732,28,config_2
54eadb,45.2634856313629,-123.86753405649682,7,config_2
54eadc4,45.2523424968133,-123.96348652060657,22,config_2
54eadd4,45.206164184250035,-123.97524752317952,95,config_2
54eae9,45.136985140528715,-123.9928366911475,45,config_2
54eaeb,45.079054369049,-123.91482233222274,20,config_2
54eaed,45.044911544777975,-124.01619175788112,44,config_2
54eaef,45.10270433595387,-124.09431773899009,2,config_2
54eb24,45.39174013900307,-124.11469781515643,13,config_2
54eb29,45.41433775763144,-123.9221015756163,11,config_2
54eb2b,45.44867037595223,-123.81979334194347,27,config_2
54eb2d,45.50716553134139,-123.89829714004513,11,config_2
54eb2f,45.47269370123135,-124.00071981528333,67,config_2
54eb34,45.577582386659536,-124.06781249679507,67,config_2
8094,37.20172848568333,-120.15893030899788,83,config_2
80981,38.95153586917263,-118.8596803520908,28,config_2
80983,38.85046324750905,-119.23207840138082,29,config_2
80985,39.15638500580205,-119.23207840138082,67,config_2
80987,39.2576852613438,-118.8596803520908,2,config_2
80989,39.56239755135253,-118.8596803520908,21,config_2
8098b,39.86565845835353,-118.8596803520908,38,config_2
8098c4,39.71384502534753,-119.13906420284766,12,config_2
8098d4,39.813842826735886,-119.32503466239531,10,config_2
8098d9,39.6876829768343,-119.37149086844235,30,config_2
8098dd,39.63767061383146,-119.27856381369884,97,config_2
8098df,39.612027882583526,-119.37149086844235,29,config_2
8098e4,39.51119739820113,-119.32503466239531,17,config_2
8098ec,39.56229006420074,-119.13906420284766,64,config_2
8098f4,39.410373697023694,-119.13906420284766,32,config_2
8098fc,39.359334044327966,-119.32503466239531,47,config_2
809904,39.30798828257803,-119.51077084299,27,config_2
809909,39.23128150810012,-119.64991620525349,22,config_2
80990b,39.205387862707326,-119.74260395507105,63,config_2
80990d,39.28134719550135,-119.74260395507105,24,config_2
80990f,39.30725479850295,-119.64991620525349,66,config_2
809911,39.38313914607222,-119.64991620525349,9,config_2
809913,39.35721778363886,-119.74260395507105,67,config_2
8099144,39.420552341081795,-119.71943774820171,38,config_2
809914c,39.40756763443569,-119.7657663254125,68,config_2
8099154,39.445434473612,-119.7657663254125,83,config_2
809915c,39.45842255871876,-119.71943774820171,25,config_2
80991c,39.459797818053886,-119.51077084299,9,config_2
809924,39.61124907051809,-119.51077084299,48,config_2
809934,39.71053121880375,-119.69626771448172,68,config_2
8099384,39.5966785704289,-119.7657663254125,52,config_2
8099389,39.56509487332068,-119.77734606886416,22,config_2
809938b,39.54620094825104,-119.77734606886416,39,config_2
809938d,39.55270431078758,-119.75418562041214,31,config_2
809938f,39.57159906049878,-119.75418562041214,11,config_2
8099394,39.571899162289945,-119.71943774820171,79,config_2
809939c,39.60967992305,-119.71943774820171,85,config_2
80993b,39.61025631481741,-119.64991620525349,71,config_2
80993d,39.53464012366414,-119.64991620525349,35,config_2
80993e4,39.49627045299958,-119.71943774820171,28,config_2
80993e9,39.527887230574386,-119.70785320909282,43,config_2
80993eb,39.5467948236381,-119.70785320909282,15,config_2
80993ed,39.54030176487783,-119.7310213305978,16,config_2
80993ef,39.521394999452006,-119.7310213305978,32,config_2
80993f1,39.51489802992213,-119.75418562041214,42,config_2
80993f3,39.53380396613377,-119.75418562041214,35,config_2
80993f5,39.52730143131304,-119.77734606886416,42,config_2
80993f7,39.50839632589351,-119.77734606886416,32,config_2
80993f9,39.489485635388014,-119.77734606886416,22,config_2
80993fb,39.49598650554628,-119.75418562041214,24,config_2
80993fd,39.47706939640858,-119.75418562041214,25,config_2
80993ff,39.470569363200944,-119.77734606886416,32,config_2
8099404,39.47026865452201,-119.81207951785828,62,config_2
8099409,39.50188989128168,-119.80050266629326,51,config_2
809940b,39.52079416432966,-119.80050266629326,64,config_2
809940d,39.51428216910445,-119.82365540304987,58,config_2
809940f,39.49537873000911,-119.82365540304987,16,config_2
8099414,39.49505492380736,-119.85837724834269,40,config_2
809941c,39.457239405673185,-119.85837724834269,4,config_2
8099444,39.51979332169118,-119.90465943984674,84,config_2
809944c,39.50671965386059,-119.95092601552939,23,config_2
8099454,39.5444838886228,-119.95092601552939,9,config_2
809945c,39.55756088691003,-119.90465943984674,7,config_2
8099464,39.57061902098213,-119.85837724834269,16,config_2
809946c,39.53284813796052,-119.85837724834269,56,config_2
8099471,39.5520722969367,-119.82365540304987,30,config_2
80994724,39.53627462046523,-119.82944298287916,4,config_2
8099472c,39.52682719203252,-119.82944298287916,15,config_2
80994734,39.53008468304845,-119.81786758132606,73,config_2
8099473c,39.53953231901164,-119.81786758132606,23,config_2
8099475,39.53969285197451,-119.80050266629326,43,config_2
8099477,39.558585950827435,-119.80050266629326,8,config_2
809947c,39.58365825929888,-119.81207951785828,55,config_2
8099484,39.62141006474718,-119.81207951785828,15,config_2
809948c,39.60836754586187,-119.85837724834269,74,config_2
8099494,39.64609368572949,-119.85837724834269,86,config_2
809949c,39.65913946060998,-119.81207951785828,18,config_2
80994b,39.70916854105543,-119.83523032066351,55,config_2
80994d,39.68302944381094,-119.92779468446135,88,config_2
80994f,39.60763173556912,-119.92779468446135,71,config_2
809954,39.60600131300832,-120.06652363285929,59,config_2
80995c,39.45506695613932,-120.06652363285929,41,config_2
809964,39.30377730273375,-120.06652363285929,11,config_2
80996b,39.406988810451196,-119.83523032066351,26,config_2
80996d,39.33122085395669,-119.83523032066351,55,config_2
80996f,39.30514860891265,-119.92779468446135,46,config_2
8099704,39.24174765526692,-119.95092601552939,75,config_2
809970c,39.20380593634193,-119.95092601552939,45,config_2
8099714,39.21685206841915,-119.90465943984674,6,config_2
809971c,39.2547973163405,-119.90465943984674,2,config_2
809973,39.25536412770129,-119.83523032066351,30,config_2
809975,39.17941885551629,-119.83523032066351,16,config_2
809977,39.153374739206235,-119.92779468446135,37,config_2
80997c,39.152134117551746,-120.06652363285929,10,config_2
809984,39.000139201259735,-120.06652363285929,5,config_2
809994,38.89992923227823,-119.881520291274,53,config_2
809999,39.02726357998396,-119.83523032066351,2,config_2
80999a4,38.98871779023682,-119.90465943984674,9,config_2
80999ac,38.97569335735716,-119.95092601552939,53,config_2
80999b4,39.01376700901391,-119.95092601552939,39,config_2
80999bc,39.0267951211066,-119.90465943984674,1,config_2
80999d,39.07735551095746,-119.92779468446135,56,config_2
80999f,39.103385263492484,-119.83523032066351,16,config_2
8099a4,39.10422854608839,-119.69626771448172,98,config_2
8099bc,38.95176561463266,-119.69626771448172,56,config_2
8099c4,38.79895143796481,-119.69626771448172,21,config_2
8099cc,38.85042792607963,-119.51077084299,16,config_2
8099d4,38.69720338902121,-119.51077084299,77,config_2
8099dc,38.64578790990438,-119.69626771448172,45,config_2
8099f,38.64468354167561,-119.97405342347365,65,config_2
809e4,40.65726799882358,-119.78892484955995,7,config_2
809e9,40.15778186329634,-119.97405342347365,16,config_2
809ea4,39.90679725685847,-120.06652363285929,54,config_2
809eac,39.75657864435968,-120.06652363285929,70,config_2
809eb4,39.80904640703062,-119.881520291274,92,config_2
809ebc,39.95931497096353,-119.881520291274,17,config_2
809ed,39.962395028603474,-119.60354950502408,21,config_2
809ef,40.262350138231035,-119.60354950502408,1,config_2
809f4,40.26695579045059,-119.04599270243568,39,config_2
809fac,40.56407063155632,-119.32503466239531,36,config_2
809fb1,40.688701319958966,-119.27856381369884,80,config_2
809fb3,40.66289727808841,-119.37149086844235,73,config_2
809fb5,40.73726819526338,-119.37149086844235,2,config_2
809fb6c,40.73805026175471,-119.30180106344304,9,config_2
809fb71,40.7570109173014,-119.26694382286807,4,config_2
809fb73,40.73842117864921,-119.26694382286807,1,config_2
809fb744,40.7478981656965,-119.24951213265092,23,config_2
809fb74c,40.73860160339694,-119.24951213265092,15,config_2
809fb754,40.74181925170974,-119.23788987166326,10,config_2
809fb759,40.74959617716947,-119.23498416482164,29,config_2
809fb75b,40.747987600978306,-119.24079552188635,13,config_2
809fb75d,40.75263557599632,-119.24079552188635,13,config_2
809fb75e11,40.75528893025435,-119.23698184435642,27,config_2
809fb75e13,40.75499844874151,-119.23698184435642,64,config_2
809fb75e15,40.755098984282206,-119.23661863188566,93,config_2
809fb75e3,40.75578604042693,-119.23571059683897,1,config_2
809fb75e5,40.75462410654488,-119.23571059683897,12,config_2
809fb75e7,40.75422197069532,-119.2371634502601,66,config_2
809fb75ec,40.75268009926623,-119.23643702531857,35,config_2
809fb75f4,40.75348432532731,-119.23353129017491,12,config_2
809fb75fc,40.75580824599966,-119.23353129017491,23,config_2
809fb77,40.76344944628092,-119.24370111547155,61,config_2
809fb7c,40.788104926950766,-119.25532292304659,2,config_2
809fb824,40.79150544828329,-119.22626670477904,1,config_2
809fb82c,40.78221441378244,-119.22626670477904,11,config_2
809fb834,40.785430230415955,-119.21464263323712,62,config_2
809fb83c,40.794721419359995,-119.21464263323712,30,config_2
809fb85,40.794897545699264,-119.19720483240249,78,config_2
809fb8c,40.813823477127116,-119.16232314940831,10,config_2
809fb94,40.776650100746835,-119.16232314940831,3,config_2
809fb99,40.75772017514515,-119.19720483240249,4,config_2
809fb9b,40.77631178229506,-119.19720483240249,57,config_2
809fb9c4,40.76684347011051,-119.21464263323712,69,config_2
809fb9cc,40.77613758054813,-119.21464263323712,75,config_2
809fb9d4,40.77292191872042,-119.22626670477904,36,config_2
809fb9dc,40.763627963451356,-119.22626670477904,37,config_2
809fb9f,40.751292083434116,-119.22045478201282,47,config_2
809fbb,40.71442703181805,-119.18557850464043,12,config_2
809fbd,40.74007417936393,-119.09253557554277,3,config_2
809fbf,40.81447513252472,-119.09253557554277,18,config_2
809fd,40.96151586175313,-119.23207840138082,81,config_2
809ff,41.06392310969191,-118.8596803520908,24,config_2
80c1,35.89395658325506,-117.92490017414548,36,config_2
80c5,34.95920828882321,-116.41938900264319,63,config_2
80c64,36.026614093901316,-116.04138886338704,36,config_2
80c6c,35.84827462377858,-116.79678490847915,10,config_2
80c704,36.320087428466806,-116.51379639269945,26,config_2
80c70c,36.481255034908166,-116.51379639269945,47,config_2
80c714,36.436076757645914,-116.70249504859957,8,config_2
80c71c,36.274987953341544,-116.70249504859957,48,config_2
80c73,36.28728255079922,-116.98524219342079,54,config_2
80c744,36.55126749254884,-116.89103418926852,16,config_2
80c74c,36.505389145528845,-117.07940822560565,5,config_2
80c754,36.66566069624167,-117.07940822560565,46,config_2
80c75c,36.711616537269144,-116.89103418926852,40,config_2
80c77,36.699775760583485,-116.60816530936988,49,config_2
80c79,36.7897336801538,-116.23046162917431,70,config_2
80c7a4,36.52612035792361,-116.32494384537713,44,config_2
80c7ac,36.364874890848164,-116.32494384537713,16,config_2
80c7b4,36.40934873490636,-116.13594306437999,12,config_2
80c7bc,36.570671126413515,-116.13594306437999,82,config_2
80c7d,36.55622806690574,-115.85217641246463,75,config_2
80c84,36.84791623950343,-115.28375849518459,36,config_2
80c884,36.37898828441461,-115.5681083893613,8,config_2
80c88c,36.42211750970797,-115.3785719022423,40,config_2
80c891,36.289689082837356,-115.42596745141297,22,config_2
80c8924,36.32608478325768,-115.35487132197885,14,config_2
80c892c,36.336795327529984,-115.30746460704879,59,config_2
80c8931,36.3036709619339,-115.31931697651964,94,config_2
80c8933,36.30901945597859,-115.29561177946167,71,config_2
80c8935,36.28871266574981,-115.29561177946167,61,config_2
80c8937,36.283365360191326,-115.31931697651964,79,config_2
80c893c,36.28548759376934,-115.35487132197885,20,config_2
80c8944,36.244869533852274,-115.35487132197885,3,config_2
80c894c,36.25557055567369,-115.30746460704879,94,config_2
80c8951,36.222417258793605,-115.31931697651964,45,config_2
80c8953,36.22776098092941,-115.29561177946167,25,config_2
80c8955,36.20743333200444,-115.29561177946167,21,config_2
80c8957,36.20209081033476,-115.31931697651964,20,config_2
80c895c,36.204230645192446,-115.35487132197885,43,config_2
80c897,36.20846734777577,-115.42596745141297,53,config_2
80c89c,36.21676905280592,-115.5681083893613,78,config_2
80c8a4,36.05421796451002,-115.5681083893613,87,config_2
80c8ac,35.89133771339766,-115.5681083893613,2,config_2
80c8b4,35.93423340049402,-115.3785719022423,25,config_2
80c8b84,36.05214443823294,-115.30746460704879,46,config_2
80c8b8c,36.09287111505706,-115.30746460704879,97,config_2
80c8b9c,36.04146764250788,-115.35487132197885,3,config_2
80c8bb,36.045774953068936,-115.42596745141297,17,config_2
80c8bc4,36.11218407545494,-115.4022706158482,3,config_2
80c8bcc,36.10145770860589,-115.44966239756026,47,config_2
80c8bd1,36.13464703275285,-115.43781516137456,28,config_2
80c8bd3,36.129277048031106,-115.46150915854916,21,config_2
80c8bd5,36.14960661110844,-115.46150915854916,36,config_2
80c8bd7,36.15497781331856,-115.43781516137456,44,config_2
80c8bdc,36.15285963598408,-115.4022706158482,74,config_2
80c8be1,36.171061566714734,-115.366721844731,6,config_2
80c8be3,36.17641285742369,-115.34302033540983,49,config_2
80c8be5,36.15607722529968,-115.34302033540983,63,config_2
80c8be7,36.15072714472364,-115.366721844731,11,config_2
80c8bec,36.12289054919738,-115.35487132197885,46,config_2
80c8bf1,36.14108029433042,-115.31931697651964,27,config_2
80c8bf3,36.12073308298503,-115.31931697651964,56,config_2
80c8bf44,36.1298243336019,-115.30153825043062,34,config_2
80c8bf4c,36.11964897780618,-115.30153825043062,22,config_2
80c8bf54,36.12231642502655,-115.28968519432021,22,config_2
80c8bf5c,36.132492084083694,-115.28968519432021,33,config_2
80c8bf7,36.146419196609905,-115.29561177946167,61,config_2
80c8bf9,36.16676243459129,-115.29561177946167,24,config_2
80c8bfb,36.16142232284863,-115.31931697651964,28,config_2
80c8bfd,36.181759163269945,-115.31931697651964,23,config_2
80c8bff,36.187100481475625,-115.29561177946167,27,config_2
80c8c01,36.19243680927147,-115.2719047556442,21,config_2
80c8c03,36.19776814389676,-115.24819591648244,30,config_2
80c8c05,36.177427689584,-115.24819591648244,42,config_2
80c8c07,36.17209755775709,-115.2719047556442,17,config_2
80c8c09,36.151753112148,-115.2719047556442,60,config_2
80c8c0b,36.131403477711636,-115.2719047556442,55,config_2
80c8c0d,36.13673119495518,-115.24819591648244,35,config_2
80c8c0f,36.157082038181365,-115.24819591648244,68,config_2
80c8c11,36.16240597195527,-115.22448527339863,90,config_2
80c8c13,36.14205392177462,-115.22448527339863,63,config_2
80c8c15,36.1473716554225,-115.20077283782196,34,config_2
80c8c17,36.16772491072357,-115.20077283782196,36,config_2
80c8c19,36.18807296821603,-115.20077283782196,16,config_2
80c8c1b,36.18275282731858,-115.22448527339863,37,config_2
80c8c1d,36.20309448259938,-115.22448527339863,29,config_2
80c8c1f,36.20841582263584,-115.20077283782196,23,config_2
80c8c21,36.2137321612712,-115.17705862118852,8,config_2
80c8c23,36.19338810954008,-115.17705862118852,31,config_2
80c8c25,36.19869824856315,-115.15334263494128,49,config_2
80c8c27,36.219043495779204,-115.15334263494128,14,config_2
80c8c2c,36.216828242367036,-115.11776536259309,69,config_2
80c8c304,36.18741454126879,-115.13555449083438,21,config_2
80c8c309,36.17911907295877,-115.13851924999209,2,config_2
80c8c30a4,36.17497107709507,-115.14000161931254,1,config_2
80c8c30a9,36.17289701376188,-115.14074280140693,3,config_2
80c8c30ab,36.17162476547365,-115.14074280140693,10,config_2
80c8c30ad,36.171956206897654,-115.13926043550747,89,config_2
80c8c30b4,36.173089464924004,-115.13703687383178,3,config_2
80c8c30bc,36.17563394426891,-115.13703687383178,9,config_2
80c8c30d,36.1753558548569,-115.13258970433961,25,config_2
80c8c30f,36.18044470708662,-115.13258970433961,17,config_2
80c8c314,36.17988813011143,-115.1236951810567,19,config_2
80c8c31c,36.19006540829052,-115.1236951810567,8,config_2
80c8c33,36.188950661118966,-115.10590539941185,34,config_2
80c8c35,36.16859260365042,-115.10590539941185,34,config_2
80c8c364,36.15952966976442,-115.1236951810567,13,config_2
80c8c36c,36.16970955038311,-115.1236951810567,5,config_2
80c8c374,36.167059282344304,-115.13555449083438,70,config_2
80c8c37c,36.1568797017764,-115.13555449083438,17,config_2
80c8c384,36.154228483053195,-115.14741336321894,48,config_2
80c8c389,36.1496942816612,-115.15630722960665,85,config_2
80c8c38b,36.14836777216799,-115.16223633643396,3,config_2
80c8c38d,36.15345754928257,-115.16223633643396,9,config_2
80c8c38f,36.15478413397818,-115.15630722960665,8,config_2
80c8c394,36.16175499371383,-115.15927179677834,27,config_2
80c8c39c,36.164407763341515,-115.14741336321894,83,config_2
80c8c3a1,36.17270442364136,-115.14444868620676,59,config_2
80c8c3a3,36.171378238931915,-115.1503780128046,12,config_2
80c8c3a5,36.17646686637162,-115.1503780128046,25,config_2
80c8c3a7,36.17779312603964,-115.14444868620676,12,config_2
80c8c3ac,36.184762422825955,-115.14741336321894,47,config_2
80c8c3b4,36.18210905330095,-115.15927179677834,37,config_2
80c8c3bc,36.171932673722495,-115.15927179677834,29,config_2
80c8c3d,36.1730388517487,-115.17705862118852,49,config_2
80c8c3f,36.15268439315995,-115.17705862118852,56,config_2
80c8c404,36.136087649426486,-115.18298734169528,10,config_2
80c8c40c,36.13874231697798,-115.17112979008085,41,config_2
80c8c411,36.130442988527655,-115.17409421944862,8,config_2
80c8c413,36.13176989687615,-115.1681653331076,7,config_2
80c8c4144,36.127619993582094,-115.16964756504352,24,config_2
80c8c414c,36.1282833413873,-115.16668309427587,16,config_2
80c8c4154,36.125737750838006,-115.16668309427587,27,config_2
80c8c415c,36.12507442189668,-115.16964756504352,70,config_2
80c8c417,36.12535206391955,-115.17409421944862,31,config_2
80c8c41c,36.12590667528208,-115.18298734169528,22,config_2
80c8c424,36.11572440409473,-115.18298734169528,66,config_2
80c8c42c,36.10554083652612,-115.18298734169528,61,config_2
80c8c4304,36.11101864429962,-115.17557642377344,71,config_2
80c8c43084,36.11238801371062,-115.17372366728809,15,config_2
80c8c4308c,36.11175152090226,-115.17372366728809,15,config_2
80c8c43094,36.11191736427607,-115.17298256167214,42,config_2
80c8c4309c,36.112553858265734,-115.17298256167214,45,config_2
80c8c430a4,36.11271969794252,-115.17224145432999,46,config_2
80c8c430ac,36.112885532740876,-115.17150034526195,12,config_2
80c8c430b4,36.11224903638878,-115.17150034526195,14,config_2
80c8c430bc,36.11208320277161,-115.17224145432999,42,config_2
80c8c430d,36.111211367053116,-115.17187090001168,33,config_2
80c8c430f,36.110879693606144,-115.1733531146959,55,config_2
80c8c4314,36.10913599586098,-115.1726120082168,72,config_2
80c8c431c,36.108472624122115,-115.17557642377344,41,config_2
80c8c4324,36.1059265229424,-115.17557642377344,33,config_2
80c8c432c,36.10338034077081,-115.17557642377344,23,config_2
80c8c4334,36.10404367467998,-115.1726120082168,52,config_2
80c8c433c,36.10658987576933,-115.1726120082168,54,config_2
80c8c435,36.1063116540684,-115.1681653331076,12,config_2
80c8c437,36.11140395097143,-115.1681653331076,35,config_2
80c8c439,36.11649592378649,-115.1681653331076,24,config_2
80c8c43a1,36.113757350098744,-115.17187090001168,17,config_2
80c8c43a3,36.115030311236836,-115.17187090001168,12,config_2
80c8c43a5,36.11469862361602,-115.1733531146959,78,config_2
80c8c43a64,36.11366098413591,-115.17372366728809,7,config_2
80c8c43a6c,36.113826831053345,-115.17298256167214,38,config_2
80c8c43a74,36.11319034719154,-115.17298256167214,34,config_2
80c8c43a7c,36.11302450145522,-115.17372366728809,27,config_2
80c8c43ac,36.11356458346455,-115.17557642377344,86,config_2
80c8c43b4,36.11611044160657,-115.17557642377344,38,config_2
80c8c43b9,36.11724447567074,-115.1733531146959,42,config_2
80c8c43bb,36.11597155977276,-115.1733531146959,36,config_2
80c8c43bd,36.11630325211673,-115.17187090001168,23,config_2
80c8c43bf,36.11757617273713,-115.17187090001168,6,config_2
80c8c43c4,36.119319666043495,-115.1726120082168,44,config_2
80c8c43cc,36.11865621871533,-115.17557642377344,15,config_2
80c8c43d4,36.12120191478048,-115.17557642377344,21,config_2
80c8c43dc,36.121865380991366,-115.1726120082168,52,config_2
80c8c43e1,36.12299934902939,-115.17038867842467,49,config_2
80c8c43e3,36.12333102594292,-115.1689064499377,14,config_2
80c8c43e5,36.12205817693576,-115.1689064499377,25,config_2
80c8c43e7,36.12172650474085,-115.17038867842467,49,config_2
80c8c43ec,36.11998303530829,-115.16964756504352,27,config_2
80c8c43f4,36.12064632650436,-115.16668309427587,5,config_2
80c8c43fc,36.123192079206916,-115.16668309427587,9,config_2
80c8c45,36.11726522191367,-115.15334263494128,76,config_2
80c8c464,36.13386602468232,-115.14741336321894,42,config_2
80c8c469,36.12933162561906,-115.15630722960665,18,config_2
80c8c46b,36.12800541740226,-115.16223633643396,22,config_2
80c8c46d,36.13309649287464,-115.16223633643396,44,config_2
80c8c46f,36.13442277648058,-115.15630722960665,20,config_2
80c8c471,36.139513602829844,-115.15630722960665,7,config_2
80c8c473,36.13818724388147,-115.16223633643396,40,config_2
80c8c475,36.143277670340105,-115.16223633643396,14,config_2
80c8c477,36.14460410458424,-115.15630722960665,60,config_2
80c8c47c,36.144047903280054,-115.14741336321894,24,config_2
80c8c49,36.142932808823495,-115.12962489053015,46,config_2
80c8c4b,36.14822934170297,-115.10590539941185,33,config_2
80c8c4d,36.12786088055644,-115.10590539941185,9,config_2
80c8c4f,36.12256555144014,-115.12962489053015,73,config_2
80c8c54,36.094652317851704,-115.11776536259309,88,config_2
80c8c59,36.07651755983104,-115.15334263494128,82,config_2
80c8c5b,36.09689398218989,-115.15334263494128,49,config_2
80c8c5c4,36.08782297013951,-115.17112979008085,60,config_2
80c8c5c9,36.09612608832972,-115.1681653331076,12,config_2
80c8c5cb,36.101219033160206,-115.1681653331076,44,config_2
80c8c5cc4,36.098951029549575,-115.1726120082168,17,config_2
80c8c5cc9,36.10102662480134,-115.17187090001168,33,config_2
80c8c5ccb,36.10229978845029,-115.17187090001168,15,config_2
80c8c5ccd,36.10196814810116,-115.1733531146959,83,config_2
80c8c5ccf,36.10069498918339,-115.1733531146959,91,config_2
80c8c5cd4,36.10083407761771,-115.17557642377344,57,config_2
80c8c5cdc,36.098287733493464,-115.17557642377344,22,config_2
80c8c5cf,36.09479970908767,-115.17409421944862,100,config_2
80c8c5d4,36.095355973238604,-115.18298734169528,33,config_2
80c8c5dc,36.08516981489515,-115.18298734169528,12,config_2
80c8c5f,36.07121465644432,-115.17705862118852,90,config_2
80c8c61,36.06590676176776,-115.20077283782196,29,config_2
80c8c63,36.060593878536835,-115.22448527339863,37,config_2
80c8c65,36.08096665513238,-115.22448527339863,32,config_2
80c8c67,36.086280755460095,-115.20077283782196,23,config_2
80c8c69,36.10664957250137,-115.20077283782196,50,config_2
80c8c6b,36.12701320758699,-115.20077283782196,26,config_2
80c8c6d,36.12169668205193,-115.22448527339863,34,config_2
80c8c6e4,36.105095665642715,-115.23041310266237,29,config_2
80c8c6ec,36.1077547220892,-115.21855733210408,23,config_2
80c8c6f4,36.09757206328352,-115.21855733210408,27,config_2
80c8c6fc,36.094913310217905,-115.23041310266237,42,config_2
80c8c71,36.09601395414801,-115.24819591648244,36,config_2
80c8c73,36.11637516518187,-115.24819591648244,35,config_2
80c8c75,36.11104865972556,-115.2719047556442,23,config_2
80c8c77,36.09068866347751,-115.2719047556442,31,config_2
80c8c79,36.07032349426529,-115.2719047556442,63,config_2
80c8c7b,36.07564756715033,-115.24819591648244,38,config_2
80c8c7d,36.05527600949565,-115.24819591648244,24,config_2
80c8c7f,36.04995315739688,-115.2719047556442,51,config_2
80c8c84,36.0220491043833,-115.26005056226762,79,config_2
80c8c8c,36.03268117370598,-115.21262927895731,47,config_2
80c8c94,35.991903417237666,-115.21262927895731,12,config_2
80c8c9c,35.98127625968569,-115.26005056226762,9,config_2
80c8cb,35.92539077607315,-115.23634081971663,29,config_2
80c8cc4,35.96170736992575,-115.16520084855117,45,config_2
80c8cd4,35.931460955964866,-115.11776536259309,18,config_2
80c8cdc,35.97228975375991,-115.11776536259309,50,config_2
80c8ce4,36.01309794190777,-115.11776536259309,88,config_2
80c8cec,36.00251065195177,-115.16520084855117,98,config_2
80c8cf1,36.03574918846839,-115.15334263494128,15,config_2
80c8cf3,36.03044872088342,-115.17705862118852,16,config_2
80c8cf5,36.05083427316732,-115.17705862118852,36,config_2
80c8cf7,36.056135960149646,-115.15334263494128,45,config_2
80c8cf9,36.06143265495794,-115.12962489053015,40,config_2
80c8cfb,36.04104466572452,-115.12962489053015,46,config_2
80c8cfd,36.04633514993096,-115.10590539941185,28,config_2
80c8cff,36.066724354872655,-115.10590539941185,31,config_2
80c8d04,36.06445766834074,-115.07032291273677,93,config_2
80c8d09,36.082569458189184,-115.03473656048314,28,config_2
80c8d0b,36.0878411515067,-115.01101019723924,32,config_2
80c8d0d,36.06744710214479,-115.01101019723924,11,config_2
80c8d0f,36.062176617173016,-115.03473656048314,53,config_2
80c8d11,36.041778594557165,-115.03473656048314,37,config_2
80c8d13,36.04704786820424,-115.01101019723924,23,config_2
80c8d15,36.026643455021414,-115.01101019723924,12,config_2
80c8d17,36.021375395679115,-115.03473656048314,29,config_2
80c8d19,36.01610233617497,-115.05846122291463,22,config_2
80c8d1b,36.036504318904534,-115.05846122291463,42,config_2
80c8d1d,36.03122504393392,-115.08218417304988,32,config_2
80c8d1e4,36.01460458375439,-115.08811464169231,33,config_2
80c8d1ec,36.017245013652435,-115.0762535966716,29,config_2
80c8d1f4,36.007043187107506,-115.0762535966716,24,config_2
80c8d1fc,36.004403062311965,-115.08811464169231,34,config_2
80c8d3,35.967710408691985,-115.0465991050183,29,config_2
80c8d5,35.98875045124652,-114.95168692349858,37,config_2
80c8d7,36.070400926759895,-114.95168692349858,61,config_2
80c8d9,36.151968372886415,-114.95168692349858,22,config_2
80c8da4,36.11578636891206,-115.02287359074474,20,config_2
80c8dac,36.105229352199395,-115.07032291273677,82,config_2
80c8db4,36.14598027434892,-115.07032291273677,67,config_2
80c8dbc,36.156542096049364,-115.02287359074474,18,config_2
80c8dc4,36.1972769952784,-115.02287359074474,16,config_2
80c8dcc,36.186710392401814,-115.07032291273677,26,config_2
80c8dd4,36.227419664133315,-115.07032291273677,56,config_2
80c8ddc,36.2379910243926,-115.02287359074474,19,config_2
80c8df,36.23345244958083,-114.95168692349858,23,config_2
80c8e1,36.31485281940864,-114.95168692349858,20,config_2
80c8e64,36.30877550054706,-115.07032291273677,4,config_2
80c8e6c,36.31935630426478,-115.02287359074474,2,config_2
80c8e74,36.2786841413483,-115.02287359074474,82,config_2
80c8e7c,36.26810804748147,-115.07032291273677,61,config_2
80c8e84,36.25751187756457,-115.11776536259309,87,config_2
80c8e8c,36.2981746062767,-115.11776536259309,25,config_2
80c8e94,36.2875536429502,-115.16520084855117,52,config_2
80c8e99,36.2544046255519,-115.17705862118852,34,config_2
80c8e9b,36.25971834207905,-115.15334263494128,17,config_2
80c8e9d,36.23938352869831,-115.15334263494128,31,config_2
80c8e9f,36.234071001689344,-115.17705862118852,38,config_2
80c8ea4,36.23625939579041,-115.21262927895731,71,config_2
80c8eac,36.22560312738381,-115.26005056226762,100,config_2
80c8eb1,36.25875827178481,-115.24819591648244,23,config_2
80c8eb3,36.25342334672381,-115.2719047556442,27,config_2
80c8eb5,36.27374176938748,-115.2719047556442,50,config_2
80c8eb7,36.27907788527774,-115.24819591648244,22,config_2
80c8ebc,36.276912632202475,-115.21262927895731,75,config_2
80c8ec4,36.31754496805244,-115.21262927895731,58,config_2
80c8ecc,36.306879187566985,-115.26005056226762,87,config_2
80c8ed4,36.34748586101624,-115.26005056226762,22,config_2
80c8ef,36.35381790489505,-115.14148398179033,2,config_2
80c8f4,36.46492651781005,-115.18891595142229,3,config_2
80c8fc,36.50741390380816,-114.99914638140322,1,config_2
80c904,36.54957829818912,-114.80926906488743,37,config_2
80c90c,36.591418367124774,-114.61928990191176,94,config_2
80c911,36.45909064152397,-114.6667939171,14,config_2
80c913,36.479902378555735,-114.57177989160081,53,config_2
80c915,36.398512452747624,-114.57177989160081,74,config_2
80c917,36.37771894345563,-114.6667939171,1,config_2
80c91c,36.38705940951085,-114.80926906488743,31,config_2
80c924,36.224202558830996,-114.80926906488743,32,config_2
80c929,36.09138022036734,-114.85674817305113,46,config_2
80c92b,36.00971041564109,-114.85674817305113,55,config_2
80c92c4,36.04580658848869,-114.78552711795506,26,config_2
80c92cc,36.004943694640865,-114.78552711795506,57,config_2
80c92d1,36.02297717135003,-114.74991123898384,76,config_2
80c92d3,36.00253872815009,-114.74991123898384,32,config_2
80c92d5,36.00774178032816,-114.72616536414777,13,config_2
80c92d7,36.02818142761983,-114.72616536414777,58,config_2
80c92dc,36.056228759588706,-114.73803849615418,3,config_2
80c92f,36.112279149318695,-114.76178359119083,4,config_2
80c934,36.102628128582666,-114.61928990191176,3,config_2
80c93c,36.26589589023287,-114.61928990191176,54,config_2
80c95,36.246180846793905,-114.33414316655818,83,config_2
80c964,36.51138634433616,-114.23904976812737,8,config_2
80c969,36.439855704707355,-114.38168175769879,11,config_2
80c96a4,36.404023693482515,-114.45297924676231,1,config_2
80c96b1,36.42682054284531,-114.48862322713724,20,config_2
80c96b3,36.421646978318144,-114.51238408953819,36,config_2
80c96b5,36.442002611304275,-114.51238408953819,62,config_2
80c96bc,36.44475125126956,-114.45297924676231,16,config_2
80c96d,36.50063279904503,-114.47674225712757,39,config_2
80c974,36.63293281274744,-114.42921481897034,9,config_2
80c97c,36.67412037341553,-114.23904976812737,4,config_2
80c9c,37.01727952299506,-114.52426397902158,27,config_2
80cb,36.9367763776853,-113.38235448459531,30,config_2
80ce3,34.84720364336053,-114.71429184441094,1,config_2
80ce5,35.17821087856442,-114.71429184441094,61,config_2
80ce7,35.25992474605841,-114.33414316655818,44,config_2
80ceb,35.91874996672142,-114.33414316655818,1,config_2
80cec4,35.77509312045265,-114.61928990191176,23,config_2
80cecc,35.93902628719803,-114.61928990191176,51,config_2
80ced4,35.897485713464796,-114.80926906488743,53,config_2
80cedc,35.73363119451221,-114.80926906488743,12,config_2
80cf1,35.424629289101,-115.09404500241959,9,config_2
80cf3,35.752747515702225,-115.09404500241959,29,config_2
80cf5,35.66783240006553,-115.47335544292073,85,config_2
80cf7,35.34004648351478,-115.47335544292073,76,config_2
80cfc,34.88818150017172,-115.28375849518459,5,config_2
881,42.524635683013194,-87.53958546140831,26,config_2
86d84,32.648380018365515,-109.18800474020169,6,config_3
86d8c,32.76613104394006,-108.42760468979141,94,config_3
86d94,32.06630758392501,-108.42760468979141,73,config_3
86d9c,31.949906296822004,-109.18800474020169,165,config_3
86db,30.951860899740495,-108.80761947009503,9,config_3
86dd,31.170406262378183,-107.29028389464884,52,config_3
86de04,32.057710677420566,-106.62913035392717,135,config_3
86de0c,32.03221071194093,-106.81783770824106,8,config_3
86de14,32.20869360418048,-106.81783770824106,144,config_3
86de1c,32.234269414640345,-106.62913035392717,91,config_3
86de3,32.48576704653213,-106.72346389403498,139,config_3
86de5,32.433755500824994,-107.10119308682007,21,config_3
86de7,32.081587719312495,-107.10119308682007,11,config_3
86dec,32.17764290641432,-107.66888695938226,76,config_3
86df4,32.87874636367703,-107.66888695938226,75,config_3
86dfc,32.9862181299786,-106.91225102614887,15,config_3
86e01,33.23849020435528,-106.34637906744265,3,config_3
86e03,33.28850514479508,-105.96998775016152,20,config_3
86e05,32.93784515433881,-105.96998775016152,45,config_3
86e061,32.775156724602994,-106.20514842188963,83,config_3
86e063,32.7626664424942,-106.29929122158622,55,config_3
86e065,32.850499433579586,-106.29929122158622,73,config_3
86e067,32.86300707999088,-106.20514842188963,3,config_3
86e074,32.963157740474074,-106.44058717271729,1,config_3
86e07c,32.787694115309435,-106.44058717271729,1,config_3
86e0c,32.385088575201415,-106.15809365922375,40,config_3
86e1c,33.18574821781208,-105.4068079114331,54,config_3
86e3,32.969574598184394,-104.2861115827901,160,config_3
86e44,31.86196220574053,-104.65878213755632,198,config_3
86e4c,31.947010046504747,-103.91439904540992,12,config_3
86e54,31.231107306566113,-103.91439904540992,10,config_3
86e5c,31.14713046514542,-104.65878213755632,12,config_3
86e64,31.058272187934506,-105.4068079114331,4,config_3
86e6c,31.771963856377475,-105.4068079114331,10,config_3
86e71,31.52340376801829,-105.96998775016152,6,config_3
86e73,31.878720555726105,-105.96998775016152,41,config_3
86e75,31.82983407045989,-106.34637906744265,200,config_3
86e77,31.474820460529326,-106.34637906744265,31,config_3
86e7c,30.964506716398027,-106.15809365922375,2,config_3
86ed,28.654208362025958,-104.2861115827901,89,config_3
86ee4,29.786700406602325,-103.91439904540992,36,config_3
86eec,29.705042955179085,-104.65878213755632,4,config_3
86ef4,30.428062733481102,-104.65878213755632,16,config_3
86efc,30.51090936028981,-103.91439904540992,186,config_3
86f1,30.263803246138146,-102.80547525792774,54,config_3
86f204,29.380350761792247,-103.451176849024,22,config_3
86f20c,29.197958880194463,-103.451176849024,37,config_3
86f214,29.216653795420726,-103.26634785926352,128,config_3
86f21c,29.3991184946125,-103.26634785926352,56,config_3
86f23,29.33547073089173,-102.9896150485228,60,config_3
86f25,28.96988888169498,-102.9896150485228,5,config_3
86f27,28.933292099473064,-103.35872878555274,5,config_3
86f5,28.936850205971126,-101.34310583455695,13,config_3
86f7,30.400162337945318,-101.34310583455695,45,config_3
86f9,31.84730436225948,-101.34310583455695,31,config_3
86fb,31.707254188342684,-102.80547525792774,66,config_3
86fd,33.13265357551238,-102.80547525792774,48,config_3
86fe4,33.595849265812916,-101.70682943311247,121,config_3
86fec,32.88684586721839,-101.70682943311247,20,config_3
86ff4,32.953302765371205,-100.98070031132626,81,config_3
86ffc,33.66302387809893,-100.98070031132626,7,config_3
87204,33.68371168667545,-106.91225102614887,102,config_3
8720c,33.575100397447606,-107.66888695938226,1,config_3
87214,34.266467139229505,-107.66888695938226,47,config_3
8721c,34.37614615830161,-106.91225102614887,78,config_3
872204,34.846246578644894,-106.62913035392717,10,config_3
872209,34.981537677748776,-106.58197892714489,14,config_3
87220b,35.06722860797057,-106.58197892714489,165,config_3
87220c4,35.03589074856492,-106.6527099211625,39,config_3
87220c9,35.06966448711829,-106.64091981764263,55,config_3
87220cb,35.091068844006315,-106.64091981764263,86,config_3
87220cd,35.0877510894197,-106.66450066298461,73,config_3
87220cf,35.066347626922415,-106.66450066298461,8,config_3
87220d4,35.07206433186745,-106.69987670323877,58,config_3
87220dc,35.02924933866187,-106.69987670323877,70,config_3
87220f,34.96830717635516,-106.67629204160652,61,config_3
872214,34.99114394854021,-106.81783770824106,17,config_3
87221c,34.819663616385284,-106.81783770824106,58,config_3
87223,34.86490572500623,-107.10119308682007,33,config_3
87225,35.207004810685156,-107.10119308682007,2,config_3
872264,35.33307355223786,-106.81783770824106,7,config_3
87226c,35.162281673434464,-106.81783770824106,40,config_3
872271,35.22507824357043,-106.67629204160652,26,config_3
872273,35.139574214309256,-106.67629204160652,145,config_3
872275,35.152833348692646,-106.58197892714489,110,config_3
872277,35.238351495469196,-106.58197892714489,76,config_3
87227c,35.359828813793214,-106.62913035392717,17,config_3
8722c,35.7449475871579,-106.91225102614887,89,config_3
87234,35.63334655030604,-107.66888695938226,36,config_3
87239,35.09475567938631,-107.8583867896444,158,config_3
8723b,35.15154820689286,-107.47951725467925,66,config_3
8723d,34.809689335356424,-107.47951725467925,16,config_3
8723f,34.7531441277272,-107.8583867896444,43,config_3
87244,34.83661551454136,-108.42760468979141,64,config_3
8724c,35.51636026706173,-108.42760468979141,114,config_3
87254,35.39399076379331,-109.18800474020169,41,config_3
8725c,34.715284394145534,-109.18800474020169,49,config_3
8727,33.74786648533911,-108.80761947009503,99,config_3
873a4,36.73477252185684,-109.18800474020169,100,config_3
873ac,36.06721734694656,-109.18800474020169,14,config_3
873b4,36.19054884940218,-108.42760468979141,52,config_3
873b9,36.72257430008854,-108.23775189843867,184,config_3
873bb,36.661941153360814,-108.61756263435514,21,config_3
873bd,36.99459028375367,-108.61756263435514,1,config_3
873bf,37.055429494622416,-108.23775189843867,11,config_3
873c4,36.97772057880847,-107.66888695938226,65,config_3
873cc,36.308443175380226,-107.66888695938226,40,config_3
873d4,36.42089984060606,-106.91225102614887,107,config_3
873dc,37.09096374335165,-106.91225102614887,141,config_3
87004,34.36746385834631,-100.98070031132626,7,config_3
8700c,35.06638763194719,-100.98070031132626,40,config_3
87014,34.997915427712485,-101.70682943311247,160,config_3
8701c,34.299617578644025,-101.70682943311247,14,config_3
87024,34.22684746365561,-102.43805808577758,8,config_3
8702c4,34.226411649394365,-103.26634785926352,6,config_3
8702dc4,34.381689370828894,-103.24326320176718,37,config_3
8702ddc,34.38674291962364,-103.1971066538153,188,config_3
8702de1,34.420704086794636,-103.18557018475742,111,config_3
8702de3,34.442498008154864,-103.18557018475742,89,config_3
8702de5,34.43997432617424,-103.20864419143828,65,config_3
8702de7,34.41818114703205,-103.20864419143828,140,config_3
8702dec,34.42528414705752,-103.24326320176718,159,config_3
8702df4,34.46885760475188,-103.24326320176718,6,config_3
8702dfc,34.47391710430892,-103.1971066538153,14,config_3
8702f,34.343782545790944,-102.9896150485228,142,config_3
87034,34.845982406002406,-103.17403478565704,95,config_3
8703c,34.92446954871148,-102.43805808577758,5,config_3
8705,35.921155923343846,-102.80547525792774,43,config_3
8707,36.06991069362731,-101.34310583455695,52,config_3
87084,37.1279063705676,-100.98070031132626,44,config_3
8708c,37.05782634326976,-101.70682943311247,25,config_3
87094,37.73214758319636,-101.70682943311247,62,config_3
8709c,37.80267551929725,-100.98070031132626,187,config_3
870a4,38.470949065435285,-100.98070031132626,35,config_3
870ac,39.132570252977715,-100.98070031132626,177,config_3
870b4,39.06127419492094,-101.70682943311247,116,config_3
870bc,38.40001605776872,-101.70682943311247,11,config_3
870d,38.61504389066563,-102.80547525792774,10,config_3
870f,37.280690496116634,-102.80547525792774,23,config_3
8711,37.10889915590756,-104.2861115827901,136,config_3
87164,37.198730971474454,-106.15809365922375,38,config_3
8716c,37.301042914278284,-105.4068079114331,1,config_3
87171,36.77304966069307,-105.59433880659961,18,config_3
87173,36.82259813646065,-105.21948079223417,7,config_3
87175,36.485245148115986,-105.21948079223417,37,config_3
871764,36.363801617410125,-105.50054826391207,96,config_3
87176c,36.53278727292038,-105.50054826391207,98,config_3
871774,36.50774220284412,-105.68817878401569,58,config_3
87177c,36.33880202907964,-105.68817878401569,25,config_3
8717c,36.52792822385739,-106.15809365922375,119,config_3
87181,35.99480537681307,-106.34637906744265,110,config_3
871824,36.11857916470452,-106.06401788566258,63,config_3
87182c,36.14420314409097,-105.87600401452671,83,config_3
871834,35.97457335763054,-105.87600401452671,20,config_3
87183c,35.9489983501422,-106.06401788566258,118,config_3
871844,35.77905507079722,-106.06401788566258,30,config_3
87184c,35.804580102292995,-105.87600401452671,70,config_3
8718501,35.697686670922295,-105.95823723010454,12,config_3
8718503,35.70086851299104,-105.93473837093502,28,config_3
87185044,35.68410083036524,-105.94061281264489,190,config_3
8718504c,35.685690149116915,-105.92886411158973,15,config_3
87185054,35.675039727194395,-105.92886411158973,3,config_3
8718505c,35.67345060774419,-105.94061281264489,4,config_3
8718507,35.676389621273174,-105.95823723010454,61,config_3
871850c,35.64602413800463,-105.94648743653362,129,config_3
8718514,35.65237340790974,-105.8994955568318,9,config_3
871851c,35.69498267871954,-105.8994955568318,34,config_3
871855,35.59789525527132,-105.82902978439431,1,config_3
871857,35.585247982808376,-105.92299003479476,49,config_3
87185c,35.6087523611413,-106.06401788566258,157,config_3
87187,35.655072482762144,-106.34637906744265,142,config_3
87189,35.313914204681836,-106.34637906744265,197,config_3
8718b,34.971355628787144,-106.34637906744265,73,config_3
8718d,35.02259244971104,-105.96998775016152,15,config_3
8718f,35.36537049228529,-105.96998775016152,191,config_3
87191,35.4154978402409,-105.59433880659961,45,config_3
87193,35.072507055688185,-105.59433880659961,58,config_3
87195,35.1211025928096,-105.21948079223417,61,config_3
87197,35.4642994905847,-105.21948079223417,78,config_3
8719c,35.95203495587482,-105.4068079114331,100,config_3
871b,35.751832590170785,-104.2861115827901,187,config_3
871c4,34.67365469013606,-104.65878213755632,93,config_3
871cc,34.76239448311456,-103.91439904540992,163,config_3
871d4,34.06627961898421,-103.91439904540992,3,config_3
871dc,33.97837437463926,-104.65878213755632,50,config_3
871f,34.184493033741475,-105.78206743935718,117,config_3
87a04,39.19874377148038,-100.26001249402657,72,config_3
87a0c,38.53678925738163,-100.26001249402657,33,config_3
87a14,38.597626198765326,-99.54509739864785,104,config_3
87a1c,39.25988557805692,-99.54509739864785,68,config_3
87a24,39.31609316655254,-98.83627550306029,63,config_3
87a2c,39.36747025008236,-98.13385582671398,40,config_3
87a34,38.70468170309181,-98.13385582671398,123,config_3
87a3c,38.653556166632896,-98.83627550306029,120,config_3
87a44,37.98425851730306,-98.83627550306029,110,config_3
87a49,38.19083888191821,-98.30884408222222,128,config_3
87a4a4,38.293018673321384,-98.04651845312563,30,config_3
87a4ac,38.30487589390091,-97.87216004899976,38,config_3
87a4b4,38.137035624658814,-97.87216004899976,145,config_3
87a4bc,38.12519515900761,-98.04651845312563,66,config_3
87a4c4,37.95695529060391,-98.04651845312563,136,config_3
87a4cc,37.96877855184628,-97.87216004899976,145,config_3
87a4d4,37.80010718053806,-97.87216004899976,1,config_3
87a4f,37.854413086928595,-98.30884408222222,60,config_3
87a54,37.35888560713079,-98.13385582671398,125,config_3
87a5c,37.30835482078843,-98.83627550306029,137,config_3
87a64,37.25308031593278,-99.54509739864785,76,config_3
87a6c,37.92863935472173,-99.54509739864785,146,config_3
87a74,37.868143358061836,-100.26001249402657,162,config_3
87a7c,37.1929620617629,-100.26001249402657,12,config_3
87a9,36.198654568532326,-99.90181306343518,16,config_3
87ab,34.810762202165584,-99.90181306343518,188,config_3
87ac4,35.24275101245371,-98.83627550306029,82,config_3
87acc,34.5422331954533,-98.83627550306029,74,config_3
87ad4,34.59119242586573,-98.13385582671398,54,config_3
87adc,35.29215205594181,-98.13385582671398,19,config_3
87af,36.30806451520898,-98.48424653420417,59,config_3
87b01,36.88214109141718,-97.61142171393448,20,config_3
87b03,36.539087276995375,-97.61142171393448,39,config_3
87b05,36.56070692292222,-97.26528581122331,164,config_3
87b07,36.90383785222499,-97.26528581122331,151,config_3
87b09,36.92441598166638,-96.92091345144947,43,config_3
87b0b,36.94388990536518,-96.57833866136845,74,config_3
87b0d,36.60061713688672,-96.57833866136845,1,config_3
87b0f,36.581212094227816,-96.92091345144947,90,config_3
87b104,36.31776687053005,-97.00683933476365,80,config_3
87b10c,36.144998768687124,-97.00683933476365,132,config_3
87b114,36.15492861559916,-96.83509992015557,50,config_3
87b11c,36.32771564940428,-96.83509992015557,2,config_3
87b13,36.25576816987602,-96.57833866136845,39,config_3
87b15,35.909367123506016,-96.57833866136845,69,config_3
87b17,35.89010922788603,-96.92091345144947,37,config_3
87b18c,35.77770545633417,-97.35165580142355,81,config_3
87b194,35.951200244342246,-97.35165580142355,172,config_3
87b19c,35.96166061329158,-97.17902604633225,17,config_3
87b1b,36.21600621244862,-97.26528581122331,179,config_3
87b1d,36.194467155961966,-97.61142171393448,2,config_3
87b1f,35.84830491897991,-97.61142171393448,43,config_3
87b204,35.58216502503628,-97.69822718000074,52,config_3
87b20c,35.407962059488796,-97.69822718000074,29,config_3
87b211,35.459790460476206,-97.56805946490843,105,config_3
87b213,35.37258726407458,-97.56805946490843,31,config_3
87b215,35.37798976333666,-97.48141627828754,121,config_3
87b2164,35.444746022138276,-97.45977247140304,4,config_3
87b216c,35.44205996589735,-97.50306688961776,56,config_3
87b2174,35.48564047674085,-97.50306688961776,163,config_3
87b217c,35.48832794590778,-97.45977247140304,5,config_3
87b219,35.55231450844149,-97.48141627828754,58,config_3
87b21b,35.54690062967078,-97.56805946490843,76,config_3
87b21d,35.633917360840194,-97.56805946490843,62,config_3
87b21f,35.639336845243704,-97.48141627828754,119,config_3
87b224,35.60383231579316,-97.35165580142355,85,config_3
87b22c,35.614250489150876,-97.17902604633225,9,config_3
87b234,35.43998048457857,-97.17902604633225,3,config_3
87b23c,35.42958405495318,-97.35165580142355,111,config_3
87b241,35.29601574560123,-97.39488196255758,13,config_3
87b2424,35.229150337793236,-97.41650530503672,111,config_3
87b242c,35.185428257884126,-97.41650530503672,119,config_3
87b243c,35.23179472758345,-97.37326545852945,4,config_3
87b24c,35.265338212303675,-97.17902604633225,9,config_3
87b254,35.09032700870221,-97.17902604633225,17,config_3
87b25c,35.07997536472856,-97.35165580142355,62,config_3
87b264,35.069349151325305,-97.52472429686226,7,config_3
87b2684,35.18276807803526,-97.45977247140304,124,config_3
87b268c,35.180090645993815,-97.50306688961776,5,config_3
87b2694,35.22380982595907,-97.50306688961776,64,config_3
87b2699,35.23674708897524,-97.47059352375683,36,config_3
87b269b,35.21489269535522,-97.47059352375683,56,config_3
87b269d,35.216227640304744,-97.44895312229072,112,config_3
87b269f,35.23808239554462,-97.44895312229072,57,config_3
87b26b,35.29068817979624,-97.48141627828754,56,config_3
87b26d,35.28529145457151,-97.56805946490843,19,config_3
87b26f,35.197903449358954,-97.56805946490843,4,config_3
87b274,35.23338815738723,-97.69822718000074,1,config_3
87b27c,35.05844665881247,-97.69822718000074,24,config_3
87b29,34.80082004331816,-97.61142171393448,97,config_3
87b2b,34.44874807994539,-97.61142171393448,34,config_3
87b2c4,34.552832760721586,-97.35165580142355,32,config_3
87b2cc,34.3764046028416,-97.35165580142355,21,config_3
87b2d4,34.38666145093744,-97.17902604633225,199,config_3
87b2d9,34.52156039883899,-97.13593766610796,86,config_3
87b2db,34.51649064398076,-97.22214211701957,39,config_3
87b2dd,34.604625428460785,-97.22214211701957,53,config_3
87b2df,34.609701134771846,-97.13593766610796,38,config_3
87b2e1,34.697752855166826,-97.13593766610796,27,config_3
87b2e3,34.7857151167163,-97.13593766610796,9,config_3
87b2e5,34.780627669378184,-97.22214211701957,52,config_3
87b2e7,34.692671251382606,-97.22214211701957,120,config_3
87b2ec,34.72890629670785,-97.35165580142355,97,config_3
87b2f4,34.904621663130136,-97.35165580142355,78,config_3
87b2fc,34.91495026282538,-97.17902604633225,17,config_3
87b304,34.925006651551605,-97.00683933476365,47,config_3
87b30c,34.934792571831565,-96.83509992015557,63,config_3
87b314,34.75900868161026,-96.83509992015557,92,config_3
87b31c,34.749244965705444,-97.00683933476365,54,config_3
87b324,34.573124248068645,-97.00683933476365,134,config_3
87b32c,34.39664804437829,-97.00683933476365,77,config_3
87b334,34.40636610838678,-96.83509992015557,54,config_3
87b33c,34.58286534552771,-96.83509992015557,57,config_3
87b344,34.59233900552037,-96.6638120059594,77,config_3
87b34c,34.415817386806644,-96.6638120059594,72,config_3
87b354,34.425003641641766,-96.49297974540691,131,config_3
87b35c,34.601546995848096,-96.49297974540691,99,config_3
87b364,34.77773365280684,-96.49297974540691,62,config_3
87b369,34.72682747949404,-96.62106106216318,165,config_3
87b36b,34.72214906475616,-96.70659142835461,80,config_3
87b36c4,34.789327063744466,-96.68519816136498,124,config_3
87b36cc,34.78696918262903,-96.7279917988472,36,config_3
87b36d4,34.83094114239358,-96.7279917988472,6,config_3
87b36dc,34.83330036840129,-96.68519816136498,47,config_3
87b36f,34.81482312188348,-96.62106106216318,99,config_3
87b374,34.94430978475526,-96.6638120059594,141,config_3
87b37c,34.95356006951812,-96.49297974540691,1,config_3
87b384,35.12902275567145,-96.49297974540691,1,config_3
87b38c,35.304118273725166,-96.49297974540691,27,config_3
87b394,35.294827257060895,-96.6638120059594,137,config_3
87b39c,35.119751910132294,-96.6638120059594,69,config_3
87b3b,35.19291140982009,-96.92091345144947,126,config_3
87b3d,35.5422593775057,-96.92091345144947,54,config_3
87b3f,35.56143896328144,-96.57833866136845,30,config_3
87b44,35.413617182429356,-96.06791937864303,159,config_3
87b49,34.87905591837255,-96.23759466618242,1,config_3
87b4a4,34.610491101993766,-96.32260724129291,56,config_3
87b4ac,34.43392665259486,-96.32260724129291,86,config_3
87b4b4,34.44258821660642,-96.15269854577356,171,config_3
87b4bc,34.61917312666029,-96.15269854577356,28,config_3
87b4d,34.54344605812911,-95.8987138825821,84,config_3
87b4f,34.89595805380332,-95.8987138825821,75,config_3
87b51,34.91182655573563,-95.56172791278979,142,config_3
87b55,34.57402317582468,-95.22666753958994,6,config_3
87b57,34.92667642576983,-95.22666753958994,67,config_3
87b59,35.27787142623932,-95.22666753958994,1,config_3
87b5a4,35.17913158642652,-95.47778111042308,68,config_3
87b5ac,35.17142754945675,-95.64579506896482,74,config_3
87b5b4,35.346615095569945,-95.64579506896482,97,config_3
87b5bc,35.35433581072388,-95.47778111042308,8,config_3
87b5c4,35.52916738044704,-95.47778111042308,73,config_3
87b5cc,35.52143031039644,-95.64579506896482,43,config_3
87b5d4,35.69586986717627,-95.64579506896482,33,config_3
87b5dc,35.7036229697638,-95.47778111042308,73,config_3
87b5f,35.62758073035127,-95.22666753958994,63,config_3
87b61,35.975777742252816,-95.22666753958994,162,config_3
87b63,36.32243671814948,-95.22666753958994,139,config_3
87b65,36.30733894942599,-95.56172791278979,160,config_3
87b664,36.04360896532281,-95.64579506896482,34,config_3
87b674,35.87769930603242,-95.47778111042308,116,config_3
87b67c,35.869930492298806,-95.64579506896482,61,config_3
87b689,35.9942201388377,-95.77212042411867,30,config_3
87b68b,36.08095740857633,-95.77212042411867,74,config_3
87b68d,36.07686857040709,-95.85648637454487,107,config_3
87b68f,35.99013530407835,-95.85648637454487,21,config_3
87b691,35.98598510232307,-95.94097099813557,61,config_3
87b6924,36.05208548069254,-95.9198387432287,38,config_3
87b692c,36.095426523711026,-95.9198387432287,71,config_3
87b6934,36.09333247976323,-95.96211063966837,46,config_3
87b693c,36.04999245696516,-95.96211063966837,50,config_3
87b695,36.068494358466836,-96.02557380749096,121,config_3
87b697,35.98176929689398,-96.02557380749096,66,config_3
87b69c,35.85361489546882,-95.98325766018019,7,config_3
87b6b,35.92754804505331,-96.23759466618242,147,config_3
87b6d,36.27401988976557,-96.23759466618242,46,config_3
87b6e4,36.37339615816689,-95.98325766018019,81,config_3
87b6e9,36.241655079894315,-96.02557380749096,21,config_3
87b6ea4,36.175698601469264,-96.04674291893367,4,config_3
87b6eac,36.132408904753355,-96.04674291893367,3,config_3
87b6eb4,36.13453688224153,-96.00441205201167,138,config_3
87b6ebc,36.17782760480562,-96.00441205201167,67,config_3
87b6ec4,36.17994012585915,-95.96211063966837,92,config_3
87b6ecc,36.1366483856249,-95.96211063966837,133,config_3
87b6ed4,36.13874344443655,-95.9198387432287,95,config_3
87b6edc,36.18203619418263,-95.9198387432287,18,config_3
87b6ef,36.24588316220079,-95.94097099813557,70,config_3
87b6f1,36.250045444266824,-95.85648637454487,57,config_3
87b6f3,36.16350541361583,-95.85648637454487,151,config_3
87b6f5,36.1675982133254,-95.77212042411867,59,config_3
87b6f7,36.25414216371831,-95.77212042411867,7,config_3
87b6fc,36.38173257575033,-95.81428853484881,8,config_3
87b71,36.63618565347384,-95.8987138825821,186,config_3
87b73,36.61893668649894,-96.23759466618242,15,config_3
87b75,36.96227433759821,-96.23759466618242,36,config_3
87b77,36.97958426648054,-95.8987138825821,33,config_3
87b79,36.99583493917285,-95.56172791278979,106,config_3
87b7b,36.652379208234066,-95.56172791278979,48,config_3
87b7d,36.667532766461996,-95.22666753958994,141,config_3
87b7f,37.01104184713288,-95.22666753958994,104,config_3
87b804,37.271267891664316,-95.1432068497593,53,config_3
87b80c,37.44181688545928,-95.1432068497593,6,config_3
87b814,37.4344411403081,-95.31025045570311,75,config_3
87b81c,37.263904144041916,-95.31025045570311,127,config_3
87b824,37.25628172523593,-95.47778111042308,65,config_3
87b82c,37.24839866312311,-95.64579506896482,97,config_3
87b834,37.41891035985244,-95.64579506896482,15,config_3
87b83c,37.426806290630985,-95.47778111042308,41,config_3
87b844,37.59692179972877,-95.47778111042308,109,config_3
87b84c,37.58901330987984,-95.64579506896482,4,config_3
87b854,37.75870482267066,-95.64579506896482,2,config_3
87b85c,37.766625563369026,-95.47778111042308,109,config_3
87b87,37.69320719300512,-95.22666753958994,70,config_3
87b884,37.950995303662964,-95.1432068497593,76,config_3
87b88c,37.94358529627722,-95.31025045570311,55,config_3
87b894,38.11246895309677,-95.31025045570311,73,config_3
87b89c,38.11988980883777,-95.1432068497593,41,config_3
87b8b,38.36875738811565,-95.22666753958994,166,config_3
87b8d,38.35336107952697,-95.56172791278979,39,config_3
87b8f,38.016467102418936,-95.56172791278979,83,config_3
87b91,38.00006050543444,-95.8987138825821,62,config_3
87b93,38.33690757539888,-95.8987138825821,53,config_3
87b95,38.319381104541016,-96.23759466618242,140,config_3
87b97,37.98258412232734,-96.23759466618242,7,config_3
87b9c,37.48310144664223,-96.06791937864303,98,config_3
87ba4,37.44614510974571,-96.74939926474936,74,config_3
87ba84,37.16540408538897,-97.17902604633225,1,config_3
87ba8c,37.335779512778466,-97.17902604633225,5,config_3
87ba94,37.325167375990766,-97.35165580142355,115,config_3
87ba9c,37.15480944720643,-97.35165580142355,91,config_3
87bab,37.22360524896747,-97.61142171393448,2,config_3
87bad,37.56345723784455,-97.61142171393448,48,config_3
87bae1,37.7042809232782,-97.39488196255758,76,config_3
87bae24,37.72948597431988,-97.33005299969896,46,config_3
87bae2c,37.73216660498749,-97.28686799616995,20,config_3
87bae34,37.68985565854685,-97.28686799616995,36,config_3
87bae3c,37.68717605751179,-97.33005299969896,152,config_3
87bae5,37.625004279002965,-97.3084570618028,34,config_3
87bae7,37.61961288290332,-97.39488196255758,13,config_3
87baec,37.49512023125898,-97.35165580142355,31,config_3
87baf4,37.50574945105736,-97.17902604633225,13,config_3
87bafc,37.67531119536496,-97.17902604633225,133,config_3
87bb1,37.92358291380899,-97.26528581122331,119,config_3
87bb3,37.90167538198623,-97.61142171393448,133,config_3
87bb5,38.23823883760223,-97.61142171393448,113,config_3
87bb7,38.26020986732079,-97.26528581122331,99,config_3
87bb9,38.28104739236964,-96.92091345144947,66,config_3
87bbb,37.94436039902519,-96.92091345144947,51,config_3
87bbd,37.96402248946025,-96.57833866136845,58,config_3
87bbf,38.300766135722085,-96.57833866136845,131,config_3
87bc1,38.635825608716864,-96.57833866136845,62,config_3
87bc24,38.89078222964544,-96.49297974540691,83,config_3
87bc2c,39.057037268418675,-96.49297974540691,72,config_3
87bc34,39.047398451506076,-96.6638120059594,131,config_3
87bc3c,38.881155357981044,-96.6638120059594,21,config_3
87bc5,38.949358692902884,-96.92091345144947,82,config_3
87bc7,38.616053199210654,-96.92091345144947,46,config_3
87bcc,38.75111115735907,-97.43813547748366,168,config_3
87bd4,39.41412630334877,-97.43813547748366,121,config_3
87bd9,39.61079632814842,-96.92091345144947,164,config_3
87bdb,39.280945566843414,-96.92091345144947,102,config_3
87bdc4,39.37858846317301,-96.6638120059594,19,config_3
87bdc9,39.252138661896886,-96.70659142835461,55,config_3
87bdcb,39.169342444413395,-96.70659142835461,28,config_3
87bdcd,39.174235787720164,-96.62106106216318,179,config_3
87bdcf,39.25703490235032,-96.62106106216318,45,config_3
87bdd4,39.22286062219928,-96.49297974540691,198,config_3
87bddc,39.388250109529636,-96.49297974540691,41,config_3
87bdf,39.63071212618312,-96.57833866136845,24,config_3
87be1,39.64951253240552,-96.23759466618242,30,config_3
87be3,39.66721307625181,-95.8987138825821,54,config_3
87be5,39.33723555525053,-95.8987138825821,9,config_3
87be7,39.31957464450232,-96.23759466618242,117,config_3
87be84,39.06639938139798,-96.32260724129291,58,config_3
87be8c,39.07548671851177,-96.15269854577356,40,config_3
87be94,38.909208867991225,-96.15269854577356,61,config_3
87be9c,38.90013275827642,-96.32260724129291,58,config_3
87beb,38.65449109341921,-96.23759466618242,104,config_3
87bed,38.672064996428546,-95.8987138825821,42,config_3
87bef,39.00551372862383,-95.8987138825821,114,config_3
87bf04,39.10111959213894,-95.64579506896482,183,config_3
87bf0c,39.109127418995335,-95.47778111042308,72,config_3
87bf14,38.94280815076366,-95.47778111042308,71,config_3
87bf1c,38.93481016221407,-95.64579506896482,118,config_3
87bf3,38.688562914297606,-95.56172791278979,14,config_3
87bf44,38.78378113825695,-95.31025045570311,50,config_3
87bf4c,38.61659131089693,-95.31025045570311,115,config_3
87bf54,38.62404301380947,-95.1432068497593,24,config_3
87bf5c,38.791242562371075,-95.1432068497593,45,config_3
87bf61,38.91818673610689,-95.10152248359266,52,config_3
87bf63,39.001465001221426,-95.10152248359266,9,config_3
87bf65,38.99779372053584,-95.18492188756028,92,config_3
87bf67,38.91451773950286,-95.18492188756028,97,config_3
87bf69,38.91078350495252,-95.26844374824067,155,config_3
87bf6b,38.90698377924388,-95.35208760396613,48,config_3
87bf6d,38.990255065831136,-95.35208760396613,92,config_3
87bf6e4,39.01391418233533,-95.2893432932414,22,config_3
87bf6ec,38.97230464356347,-95.2893432932414,78,config_3
87bf6f1,38.98412446997308,-95.25799683455276,15,config_3
87bf6f3,38.96331272862053,-95.25799683455276,68,config_3
87bf6f5,38.96425073817379,-95.23710872932412,107,config_3
87bf6f7,38.98506262502301,-95.23710872932412,28,config_3
87bf6fc,39.01579911691819,-95.24755182794603,18,config_3
87bf74,39.11687034071522,-95.31025045570311,50,config_3
87bf7c,39.12435037432493,-95.1432068497593,13,config_3
87bf9,39.369328708003344,-95.22666753958994,30,config_3
87bfb,39.35381492420033,-95.56172791278979,18,config_3
87bfc4,39.605474990058624,-95.47778111042308,95,config_3
87bfcc,39.59743940845311,-95.64579506896482,36,config_3
87bfd4,39.762002783946365,-95.64579506896482,20,config_3
87bfdc,39.770047036048446,-95.47778111042308,50,config_3
87bff,39.69937792760342,-95.22666753958994,158,config_3
86404,28.938192472482168,-95.39395513481692,108,config_3
864084,29.411783097863623,-95.1432068497593,14,config_3
86408c,29.405246620194973,-95.31025045570311,42,config_3
864094,29.590334237824866,-95.31025045570311,69,config_3
86409c,29.596896139313124,-95.1432068497593,162,config_3
8640a4,29.781769536782075,-95.1432068497593,87,config_3
8640ac,29.966398359236102,-95.1432068497593,66,config_3
8640b4,29.959786529660697,-95.31025045570311,104,config_3
8640b9,29.819672248017405,-95.35208760396613,72,config_3
8640bb,29.82302652918589,-95.26844374824067,12,config_3
8640bd,29.730659910901096,-95.26844374824067,21,config_3
8640be4,29.705054390204594,-95.3311652283681,41,config_3
8640bec,29.751250558499148,-95.3311652283681,27,config_3
8640bf1,29.738437698391227,-95.36255164058957,19,config_3
8640bf24,29.75596983077182,-95.35731938497071,121,config_3
8640bf2c,29.76751577043639,-95.35731938497071,47,config_3
8640bf34,29.767092417044502,-95.36778437070875,40,config_3
8640bf3c,29.755546577780223,-95.36778437070875,185,config_3
8640bf5,29.760682966138088,-95.3834854069277,117,config_3
8640bf7,29.737589686222247,-95.3834854069277,49,config_3
8640bfc,29.703366799060117,-95.37301757521422,170,config_3
8640c04,29.701664754444103,-95.41490027546612,149,config_3
8640c0c,29.74785769556582,-95.41490027546612,93,config_3
8640c14,29.746139536179513,-95.45681327060878,115,config_3
8640c1c,29.69994822955784,-95.45681327060878,31,config_3
8640c3,29.720442543224415,-95.51973943774544,150,config_3
8640c5,29.812789773957824,-95.51973943774544,55,config_3
8640c7,29.816260067935005,-95.43585298984118,69,config_3
8640cc,29.95294287747097,-95.47778111042308,164,config_3
8640d4,29.945865677209675,-95.64579506896482,66,config_3
8640dc,29.761313934618144,-95.64579506896482,99,config_3
8640e4,29.576518569889355,-95.64579506896482,119,config_3
8640ec,29.58354228478337,-95.47778111042308,67,config_3
8640f4,29.39848099246645,-95.47778111042308,8,config_3
8640fc,29.39148451206124,-95.64579506896482,69,config_3
86411,29.47307845952827,-95.8987138825821,40,config_3
86413,29.8425838339039,-95.8987138825821,140,config_3
86415,29.82703651809303,-96.23759466618242,38,config_3
86417,29.457649738535203,-96.23759466618242,5,config_3
8641c,28.909559669047898,-96.06791937864303,45,config_3
86424,28.87717828684354,-96.74939926474936,48,config_3
8642c,28.84094667826595,-97.43813547748366,23,config_3
86434,29.580617797468626,-97.43813547748366,123,config_3
8643c,29.617428456801527,-96.74939926474936,63,config_3
86444,30.353859258393445,-96.74939926474936,112,config_3
86449,30.14258310143638,-97.26528581122331,87,config_3
8644a4,30.03607884049197,-97.52472429686226,19,config_3
8644ac,30.026032896758466,-97.69822718000074,63,config_3
8644b1,30.166350280171464,-97.65481097525692,131,config_3
8644b3,30.161249525253425,-97.74167025909962,102,config_3
8644b44,30.23136342440552,-97.71994536457991,107,config_3
8644b49,30.217968293742025,-97.75253521988041,32,config_3
8644b4b,30.21667961879742,-97.7742701630638,26,config_3
8644b4d,30.2396164588302,-97.7742701630638,45,config_3
8644b4f,30.24090571867302,-97.75253521988041,144,config_3
8644b501,30.255722167304103,-97.74438634227594,2,config_3
8644b503,30.255400514523487,-97.74981882268327,8,config_3
8644b505,30.261133648158467,-97.74981882268327,102,config_3
8644b507,30.261455337335327,-97.74438634227594,94,config_3
8644b5084,30.265835441578968,-97.7430282876004,55,config_3
8644b508c,30.26567464612546,-97.74574442312411,35,config_3
8644b5094,30.2685410400935,-97.74574442312411,33,config_3
8644b509c,30.268701844637004,-97.7430282876004,110,config_3
8644b50b,30.27292093134401,-97.74438634227594,71,config_3
8644b50d,30.27259916941805,-97.74981882268327,17,config_3
8644b50f,30.26686653317163,-97.74981882268327,83,config_3
8644b514,30.269249795828507,-97.7579683281769,110,config_3
8644b51c,30.25778413509299,-97.7579683281769,55,config_3
8644b524,30.25713928618482,-97.76883579990425,13,config_3
8644b52c,30.2564934321953,-97.7797049442397,8,config_3
8644b534,30.267958800944186,-97.7797049442397,10,config_3
8644b539,30.27130960942661,-97.7715529292235,29,config_3
8644b53b,30.265577118940683,-97.7715529292235,77,config_3
8644b53d,30.26589984938945,-97.766118775123,110,config_3
8644b53f,30.271632376359193,-97.766118775123,7,config_3
8644b55,30.2854782232638,-97.7742701630638,50,config_3
8644b57,30.286768650120433,-97.75253521988041,112,config_3
8644b584,30.293465686836736,-97.73623840688633,47,config_3
8644b58c,30.294107957885412,-97.7253759594911,12,config_3
8644b594,30.28264385330985,-97.7253759594911,49,config_3
8644b599,30.279296198136517,-97.73352263788321,16,config_3
8644b59b,30.2850284453428,-97.73352263788321,115,config_3
8644b59d,30.28470711307032,-97.73895428063078,97,config_3
8644b59f,30.278974902144274,-97.73895428063078,53,config_3
8644b5a1,30.27324244213285,-97.73895428063078,195,config_3
8644b5a3,30.27356370183042,-97.73352263788321,32,config_3
8644b5a5,30.26783095656935,-97.73352263788321,40,config_3
8644b5a64,30.266156844174763,-97.73759633066695,65,config_3
8644b5a6c,30.269023265401874,-97.73759633066695,12,config_3
8644b5a74,30.268862586404552,-97.7403122567757,38,config_3
8644b5a7c,30.265996174260163,-97.7403122567757,97,config_3
8644b5ac,30.259070819129697,-97.73623840688633,103,config_3
8644b5b4,30.259712654991283,-97.7253759594911,46,config_3
8644b5bc,30.271178751958903,-97.7253759594911,33,config_3
8644b5d,30.26640680866992,-97.70908543300678,55,config_3
8644b5f,30.289337445397152,-97.70908543300678,69,config_3
8644b7,30.258126250646576,-97.65481097525692,166,config_3
8644bc,30.219784329452057,-97.52472429686226,96,config_3
8644c4,30.403236040720408,-97.52472429686226,87,config_3
8644c9,30.34983856547093,-97.65481097525692,170,config_3
8644ca4,30.323084790431643,-97.71994536457991,193,config_3
8644cac,30.32051023682665,-97.76340185489671,139,config_3
8644cb4,30.36634462208107,-97.76340185489671,106,config_3
8644cbc,30.368921489305745,-97.71994536457991,91,config_3
8644cd,30.436358203188615,-97.74167025909962,178,config_3
8644ce4,30.463111901919603,-97.67651571401332,65,config_3
8644cec,30.41730516868771,-97.67651571401332,47,config_3
8644cf4,30.419852155919813,-97.63311297235884,62,config_3
8644cfc,30.465661158541877,-97.63311297235884,33,config_3
8644d1,30.533069860674864,-97.65481097525692,188,config_3
8644d3,30.52793232491251,-97.74167025909962,69,config_3
8644d5,30.619441080748068,-97.74167025909962,10,config_3
8644d7,30.624587664456687,-97.65481097525692,45,config_3
8644dc,30.586429233124328,-97.52472429686226,37,config_3
8644f,30.50959108146923,-97.26528581122331,100,config_3
86451,30.875552911543373,-97.26528581122331,20,config_3
86453,30.85565226515239,-97.61142171393448,99,config_3
86455,31.220396089851533,-97.61142171393448,73,config_3
86457,31.24043139419716,-97.26528581122331,45,config_3
8645c,31.086161312239916,-96.74939926474936,71,config_3
86464,31.120018546616496,-96.06791937864303,72,config_3
864681,30.694150983541395,-96.3651570426858,19,config_3
8646824,30.624384721939812,-96.38644279430395,2,config_3
8646834,30.580628730991076,-96.34387852238766,31,config_3
864683c,30.62646615079174,-96.34387852238766,175,config_3
864685,30.606641518267146,-96.28008642818537,18,config_3
864687,30.698288568554723,-96.28008642818537,2,config_3
86468c,30.658559485538582,-96.15269854577356,2,config_3
864694,30.475111540338677,-96.15269854577356,3,config_3
86469c,30.46699481668603,-96.32260724129291,4,config_3
8646b,30.195444005857052,-96.23759466618242,77,config_3
8646d,30.211107026336748,-95.8987138825821,60,config_3
8646f,30.578609331417873,-95.8987138825821,2,config_3
86471,30.593421637599622,-95.56172791278979,62,config_3
864724,30.314218803497837,-95.64579506896482,5,config_3
86472c,30.130168913258153,-95.64579506896482,26,config_3
864734,30.1372723630746,-95.47778111042308,171,config_3
86473c,30.321348173329742,-95.47778111042308,16,config_3
86475,30.239577135436164,-95.22666753958994,44,config_3
86477,30.607284196351138,-95.22666753958994,1,config_3
8647c,31.149953835575754,-95.39395513481692,28,config_3
86484,31.87866254966999,-95.39395513481692,28,config_3
8648c,31.848336807299006,-96.06791937864303,189,config_3
86494,32.571918438309666,-96.06791937864303,102,config_3
8649c,32.602612671349874,-95.39395513481692,125,config_3
864a4,33.321531368043786,-95.39395513481692,57,config_3
864ac,34.035158804423595,-95.39395513481692,20,config_3
864b1,33.83417706448965,-95.8987138825821,2,config_3
864b3,34.18950934049419,-95.8987138825821,80,config_3
864b44,34.08836047863795,-96.15269854577356,17,config_3
864b4c,34.26564945174071,-96.15269854577356,86,config_3
864b54,34.25700871940796,-96.32260724129291,32,config_3
864b5c,34.07974094975244,-96.32260724129291,199,config_3
864b7,33.817517252567114,-96.23759466618242,54,config_3
864bc,33.29049058697478,-96.06791937864303,43,config_3
864c04,33.00025816692411,-96.49297974540691,76,config_3
864c0c,33.179521266031784,-96.49297974540691,6,config_3
864c14,33.170498212465176,-96.6638120059594,108,config_3
864c19,33.033808310287974,-96.70659142835461,86,config_3
864c1b,33.03837529168963,-96.62106106216318,28,config_3
864c1d,32.94867218962595,-96.62106106216318,118,config_3
864c1e4,32.9228206645906,-96.68519816136498,64,config_3
864c1ec,32.96768993442726,-96.68519816136498,62,config_3
864c1f4,32.96539260926208,-96.7279917988472,57,config_3
864c1fc,32.920524949249646,-96.7279917988472,48,config_3
864c204,32.918212995498926,-96.77081381795539,64,config_3
864c20c,32.91588477660569,-96.81366415379489,65,config_3
864c214,32.960749181909684,-96.81366415379489,61,config_3
864c21c,32.96307903400877,-96.77081381795539,91,config_3
864c23,33.02917631256216,-96.7922354503473,90,config_3
864c25,33.024479084154464,-96.87799260898478,119,config_3
864c264,32.9560405404973,-96.89944951510694,44,config_3
864c26c,32.95840302627783,-96.85654274127455,43,config_3
864c274,32.91354026590786,-96.85654274127455,73,config_3
864c27c,32.91117943681446,-96.89944951510694,45,config_3
864c29,32.93003933905558,-96.96386238196816,172,config_3
864c2a4,32.90399877432687,-97.02833829890636,68,config_3
864c2ac,32.90157240717898,-97.07135716135726,31,config_3
864c2b4,32.946426766083654,-97.07135716135726,57,config_3
864c2bc,32.94885483718041,-97.02833829890636,46,config_3
864c2d,33.014888083545486,-97.04984424386326,141,config_3
864c2f,33.019716411840896,-96.96386238196816,99,config_3
864c34,33.15166983045958,-97.00683933476365,186,config_3
864c39,33.20360410407843,-96.87799260898478,34,config_3
864c3b,33.11408216475355,-96.87799260898478,68,config_3
864c3d,33.11878589509641,-96.7922354503473,81,config_3
864c3f,33.20831428451073,-96.7922354503473,29,config_3
864c5,33.42466297447948,-96.92091345144947,66,config_3
864c7,33.443305262701145,-96.57833866136845,51,config_3
864c9,33.79982448134698,-96.57833866136845,191,config_3
864ca4,34.07086127635621,-96.49297974540691,122,config_3
864cac,34.248107185783425,-96.49297974540691,158,config_3
864cb1,34.196984126669165,-96.62106106216318,65,config_3
864cb3,34.285511663852645,-96.62106106216318,42,config_3
864cb5,34.28086082138166,-96.70659142835461,45,config_3
864cb7,34.1923389482736,-96.70659142835461,52,config_3
864cbc,34.061719673240624,-96.6638120059594,62,config_3
864cc4,34.05231437246704,-96.83509992015557,107,config_3
864ccc,34.229514567477416,-96.83509992015557,157,config_3
864cd4,34.21981995280197,-97.00683933476365,119,config_3
864cdc,34.04264362382727,-97.00683933476365,33,config_3
864cf,33.78108454237463,-96.92091345144947,15,config_3
864d1,33.761283507536376,-97.26528581122331,160,config_3
864d24,34.03270569530416,-97.17902604633225,115,config_3
864d284,34.147230085126125,-97.11440388078715,21,config_3
864d28c,34.14472497910701,-97.15747839073565,29,config_3
864d294,34.18899208201875,-97.15747839073565,122,config_3
864d29c,34.19149872613035,-97.11440388078715,55,config_3
864d2b,34.256608580008184,-97.13593766610796,37,config_3
864d2d,34.251557003963036,-97.22214211701957,40,config_3
864d2f,34.16307087236159,-97.22214211701957,61,config_3
864d34,34.19962542305069,-97.35165580142355,81,config_3
864d3c,34.02249887353197,-97.35165580142355,20,config_3
864d5,34.095267570885966,-97.61142171393448,89,config_3
864d7,33.740407743774476,-97.61142171393448,4,config_3
864d9,33.38419865667327,-97.61142171393448,13,config_3
864db,33.40496528400982,-97.26528581122331,88,config_3
864dc4,33.131787043268204,-97.35165580142355,2,config_3
864dc9,33.18410496654987,-97.22214211701957,10,config_3
864dca4,33.21020403914299,-97.15747839073565,99,config_3
864dcac,33.21267528434714,-97.11440388078715,83,config_3
864dcb4,33.167943756747746,-97.11440388078715,36,config_3
864dcbc,33.165474198497655,-97.15747839073565,14,config_3
864dcd,33.09957690324923,-97.13593766610796,39,config_3
864dcf,33.094609754904205,-97.22214211701957,9,config_3
864dd1,33.00503361653139,-97.22214211701957,24,config_3
864dd3,33.00999388835464,-97.13593766610796,42,config_3
864dd5,32.920330393607976,-97.13593766610796,56,config_3
864dd7,32.9153770530473,-97.22214211701957,97,config_3
864dd9,32.910357522668384,-97.3084570618028,41,config_3
864ddb,33.00000705952973,-97.3084570618028,115,config_3
864ddd,32.99491401000882,-97.39488196255758,19,config_3
864ddf,32.905271595529186,-97.39488196255758,30,config_3
864df,33.026671193038524,-97.61142171393448,51,config_3
864e1,32.66785705573455,-97.61142171393448,92,config_3
864e3,32.30778876008412,-97.61142171393448,15,config_3
864e5,32.328206146256456,-97.26528581122331,40,config_3
864e64,32.60342559297486,-97.17902604633225,90,config_3
864e6c,32.59343654138261,-97.35165580142355,89,config_3
864e704,32.70961190875816,-97.28686799616995,7,config_3
864e70c,32.754536939738664,-97.28686799616995,10,config_3
864e711,32.74141935237176,-97.31925417224487,76,config_3
864e713,32.763876261675335,-97.31925417224487,27,config_3
864e715,32.76261185013202,-97.34085354311036,58,config_3
864e717,32.740155392358815,-97.34085354311036,51,config_3
864e71c,32.70709362135849,-97.33005299969896,40,config_3
864e73,32.72574784873103,-97.39488196255758,195,config_3
864e75,32.81554937243264,-97.39488196255758,69,config_3
864e77,32.82062812097865,-97.3084570618028,136,config_3
864e79,32.82564056924794,-97.22214211701957,103,config_3
864e7b,32.73582467310211,-97.22214211701957,28,config_3
864e7d,32.740763986823865,-97.13593766610796,131,config_3
864e7f,32.83058692378189,-97.13593766610796,107,config_3
864e81,32.83546739232744,-97.04984424386326,141,config_3
864e824,32.86153097681009,-96.98534735970001,45,config_3
864e82c,32.86392283529141,-96.94238440980855,72,config_3
864e834,32.81902347896741,-96.94238440980855,98,config_3
864e83c,32.81663331399837,-96.98534735970001,55,config_3
864e85,32.750445454048034,-96.96386238196816,144,config_3
864e864,32.724375368713154,-97.02833829890636,57,config_3
864e86c,32.76931096586975,-97.02833829890636,36,config_3
864e874,32.76688975084064,-97.07135716135726,153,config_3
864e87c,32.7219558844852,-97.07135716135726,33,config_3
864e89,32.65572861949261,-97.04984424386326,114,config_3
864e8b,32.565741232180564,-97.04984424386326,8,config_3
864e8d,32.570535318341655,-96.96386238196816,15,config_3
864e8f,32.660529660807676,-96.96386238196816,116,config_3
864e91,32.66526542710278,-96.87799260898478,187,config_3
864e93,32.57526422651602,-96.87799260898478,4,config_3
864e95,32.57992816676992,-96.7922354503473,16,config_3
864e97,32.66993612885012,-96.7922354503473,197,config_3
864e984,32.73854929392094,-96.77081381795539,46,config_3
864e989,32.77283862799343,-96.76010565594648,109,config_3
864e98b,32.79530674729337,-96.76010565594648,30,config_3
864e98d,32.79414896037943,-96.78152374976098,100,config_3
864e98f,32.771681253536315,-96.78152374976098,31,config_3
864e9904,32.76519293640757,-96.7975919636156,16,config_3
864e990c,32.76461125673317,-96.80830631546661,10,config_3
864e9914,32.77584608980566,-96.80830631546661,110,config_3
864e991c,32.7764278732515,-96.7975919636156,144,config_3
864e9924,32.78766157164008,-96.7975919636156,137,config_3
864e992c,32.79889403057365,-96.7975919636156,17,config_3
864e9934,32.79831203988764,-96.80830631546661,10,config_3
864e993c,32.78707968452372,-96.80830631546661,60,config_3
864e995,32.79182120368614,-96.82438115462048,36,config_3
864e997,32.769354326207775,-96.82438115462048,37,config_3
864e99c,32.736227672290774,-96.81366415379489,114,config_3
864e9a4,32.73388980621463,-96.85654274127455,96,config_3
864e9ac,32.73153566920183,-96.89944951510694,51,config_3
864e9b4,32.77647638666789,-96.89944951510694,29,config_3
864e9bc,32.77883220650312,-96.85654274127455,64,config_3
864e9d,32.84503150838342,-96.87799260898478,198,config_3
864e9e4,32.87100035940884,-96.81366415379489,56,config_3
864e9ec,32.82609599380285,-96.81366415379489,113,config_3
864e9f4,32.82842092695497,-96.77081381795539,136,config_3
864e9fc,32.87332693865351,-96.77081381795539,79,config_3
864ea04,32.87563726450346,-96.7279917988472,64,config_3
864ea0c,32.87793136366645,-96.68519816136498,57,config_3
864ea14,32.8330220951347,-96.68519816136498,75,config_3
864ea1c,32.83072961850467,-96.7279917988472,187,config_3
864ea24,32.78580207493309,-96.7279917988472,60,config_3
864ea2c,32.74085469766692,-96.7279917988472,22,config_3
864ea34,32.74314391016119,-96.68519816136498,74,config_3
864ea3c,32.788092922673926,-96.68519816136498,54,config_3
864ea44,32.79036759403467,-96.64243297020663,57,config_3
864ea4c,32.74541695810643,-96.64243297020663,76,config_3
864ea54,32.74767386827516,-96.59969628987318,31,config_3
864ea5c,32.79262611581298,-96.59969628987318,46,config_3
864ea7,32.858888798964614,-96.62106106216318,152,config_3
864eac,32.82067260831222,-96.49297974540691,111,config_3
864eb4,32.64076865251589,-96.49297974540691,14,config_3
864ebc,32.63182149570298,-96.6638120059594,48,config_3
864ed,32.36590279494162,-96.57833866136845,42,config_3
864ef,32.347573082143434,-96.92091345144947,125,config_3
864f4,31.81403698736281,-96.74939926474936,112,config_3
864fc,31.77565397841012,-97.43813547748366,198,config_3
86504,31.733083289609205,-98.13385582671398,92,config_3
8650c,31.68622551393247,-98.83627550306029,44,config_3
86514,32.40782332145301,-98.83627550306029,75,config_3
8651c,32.455256936248034,-98.13385582671398,123,config_3
8653,33.50564014439569,-98.48424653420417,106,config_3
8655,33.400118050344666,-99.90181306343518,68,config_3
86564,32.29955541026602,-100.26001249402657,33,config_3
865684,32.60437270962983,-99.81249348078939,1,config_3
86568c,32.42509309775571,-99.81249348078939,124,config_3
865694,32.43892706439313,-99.6341350278484,72,config_3
86569c,32.61824702993047,-99.6341350278484,6,config_3
8656b,32.548873802031544,-99.36730841665778,37,config_3
8656d,32.189504673528944,-99.36730841665778,3,config_3
8656f,32.16252521721015,-99.72326726161637,16,config_3
86574,31.634986786941877,-99.54509739864785,4,config_3
8657c,31.57927923784857,-100.26001249402657,86,config_3
8659,30.518286860745835,-99.90181306343518,141,config_3
865a4,30.960008052009997,-98.83627550306029,40,config_3
865a9,31.177184550520312,-98.30884408222222,28,config_3
865ab,31.199317897630763,-97.95928633924419,32,config_3
865ad,30.83471593080454,-97.95928633924419,57,config_3
865af,30.812731753148537,-98.30884408222222,97,config_3
865b1,30.44720709035921,-98.30884408222222,197,config_3
865b24,30.555187146256856,-98.04651845312563,14,config_3
865b2c,30.56586048991763,-97.87216004899976,100,config_3
865b31,30.42590766866006,-97.91570993103981,113,config_3
865b33,30.431165278042197,-97.82863676314237,114,config_3
865b35,30.339535661310975,-97.82863676314237,180,config_3
865b37,30.334287454687797,-97.91570993103981,116,config_3
865b3c,30.37210465465863,-98.04651845312563,101,config_3
865b44,30.188765074951853,-98.04651845312563,75,config_3
865b49,30.242603171254085,-97.91570993103981,108,config_3
865b4a4,30.269467104409188,-97.85039507717951,20,config_3
865b4ac,30.272071528313404,-97.80688511561101,86,config_3
865b4b4,30.226207547051636,-97.80688511561101,113,config_3
865b4bc,30.223605481461068,-97.85039507717951,66,config_3
865b4d,30.156084631003004,-97.82863676314237,157,config_3
865b4f,30.15085541080973,-97.91570993103981,73,config_3
865b54,30.015731494442146,-97.87216004899976,49,config_3
865b5c,30.005173146136972,-98.04651845312563,50,config_3
865b7,30.080647732549952,-98.30884408222222,83,config_3
865b9,30.05792968118548,-98.66005856336714,41,config_3
865bb,30.42432404893557,-98.66005856336714,83,config_3
865bd,30.400377607935326,-99.0128926396605,49,config_3
865bf,30.03415614512809,-99.0128926396605,38,config_3
865c1,29.666946439306688,-99.0128926396605,18,config_3
865c3,29.29878707488194,-99.0128926396605,7,config_3
865c44,29.408607178997574,-98.74811671290261,117,config_3
865c54,29.23565167078199,-98.57210164219819,11,config_3
865c589,29.39044652871884,-98.49522283487921,16,config_3
865c58a4,29.408080957546215,-98.48973448462176,10,config_3
865c58a9,29.416897411367458,-98.48699045942412,20,config_3
865c58ab,29.422657979516863,-98.48699045942412,134,config_3
865c58ad,29.422307454045804,-98.49247860977935,164,config_3
865c58af,29.41654692851456,-98.49247860977935,22,config_3
865c58b4,29.41890098910074,-98.50071158483473,11,config_3
865c58bc,29.407379614077243,-98.50071158483473,7,config_3
865c58d,29.41208637425538,-98.51718023147153,5,config_3
865c58f,29.389042331749387,-98.51718023147153,2,config_3
865c594,29.39845040479675,-98.55012829743514,2,config_3
865c59c,29.352357177061265,-98.55012829743514,2,config_3
865c5b,29.371151507395588,-98.61606741261737,32,config_3
865c5d,29.4633008010114,-98.61606741261737,40,config_3
865c5e4,29.490593493764127,-98.55012829743514,21,config_3
865c5ec,29.444529202733182,-98.55012829743514,8,config_3
865c5f1,29.458163608213578,-98.51718023147153,9,config_3
865c5f3,29.43512680295637,-98.51718023147153,7,config_3
865c5f5,29.436532367250518,-98.49522283487921,196,config_3
865c5f7,29.459569854645576,-98.49522283487921,34,config_3
865c5fc,29.493416141773213,-98.50620073434655,19,config_3
865c61,29.56107795903864,-98.5281613251188,144,config_3
865c63,29.653121270711214,-98.5281613251188,86,config_3
865c65,29.647424377761023,-98.61606741261737,50,config_3
865c67,29.555391962502256,-98.61606741261737,139,config_3
865c6c,29.592755976780314,-98.74811671290261,24,config_3
865c74,29.776668968125207,-98.74811671290261,34,config_3
865c7c,29.78822624920605,-98.57210164219819,76,config_3
865c84,29.79952185716575,-98.39649382124541,89,config_3
865c89,29.658753022504452,-98.4403573420946,75,config_3
865c8b,29.566698942580587,-98.4403573420946,94,config_3
865c8d,29.572255086264185,-98.35265604392654,119,config_3
865c8f,29.66431980673125,-98.35265604392654,21,config_3
865c94,29.626515748431625,-98.22129789306325,76,config_3
865c9c,29.81055718612046,-98.22129789306325,68,config_3
865ca4,29.821333652336968,-98.04651845312563,66,config_3
865cac,29.83185269379977,-97.87216004899976,114,config_3
865cb4,29.647730670860483,-97.87216004899976,13,config_3
865cbc,29.63725142231586,-98.04651845312563,105,config_3
865cd,29.365924716786814,-97.95928633924419,6,config_3
865ce4,29.257725688609163,-98.22129789306325,5,config_3
865cec,29.442236944118477,-98.22129789306325,33,config_3
865cf1,29.38794943622064,-98.35265604392654,7,config_3
865cf3,29.480131424651383,-98.35265604392654,74,config_3
865cf5,29.47458598575015,-98.4403573420946,197,config_3
865cf7,29.382414766268383,-98.4403573420946,101,config_3
865cfc,29.246817280680546,-98.39649382124541,35,config_3
865d4,28.800767770339537,-98.13385582671398,70,config_3
865dc,28.756549512130285,-98.83627550306029,6,config_3
865f,29.05146194995472,-99.90181306343518,87,config_3
87c01,39.71387448327644,-94.8935627223328,81,config_3
87c064,39.30445050986651,-94.81059550583717,59,config_3
87c074,39.46295764958907,-94.97665398592595,12,config_3
87c079,39.337108767307996,-95.01824599477534,2,config_3
87c07b,39.340658728187925,-94.93509287631336,113,config_3
87c07d,39.257810505783475,-94.93509287631336,89,config_3
87c084,39.131569550084656,-94.97665398592595,43,config_3
87c08c,39.13852991103739,-94.81059550583717,195,config_3
87c091,39.012089709970745,-94.85206358017719,42,config_3
87c093,39.01550242118734,-94.76915855510096,144,config_3
87c095,38.93221543531459,-94.76915855510096,151,config_3
87c097,38.928804842409484,-94.85206358017719,62,config_3
87c09c,38.9652227788756,-94.97665398592595,65,config_3
87c0a4,38.79844379907593,-94.97665398592595,56,config_3
87c0ac,38.63123487903563,-94.97665398592595,2,config_3
87c0b4,38.638168938479836,-94.81059550583717,20,config_3
87c0bc,38.805386884063125,-94.81059550583717,126,config_3
87c0d,38.73176021645834,-94.56244259389422,148,config_3
87c0e4,38.985311088833,-94.47997600454927,29,config_3
87c0e9,38.93884499887653,-94.60372309687371,156,config_3
87c0ea4,38.91554947787709,-94.66570270831089,57,config_3
87c0eac,38.913892366694746,-94.70706160729246,46,config_3
87c0eb4,38.95556366655958,-94.70706160729246,53,config_3
87c0ebc,38.95722129585071,-94.66570270831089,45,config_3
87c0ed,39.01885113149565,-94.68637824658086,152,config_3
87c0ee4,39.04212655238624,-94.6243751265977,70,config_3
87c0eec,39.00050831490376,-94.6243751265977,35,config_3
87c0ef4,39.00213465673393,-94.5830789170299,37,config_3
87c0efc,39.043753394589935,-94.5830789170299,81,config_3
87c0f4,39.145233512559905,-94.64503499936119,88,config_3
87c71,38.059426341928194,-94.56244259389422,93,config_3
87c73,38.3964426155579,-94.56244259389422,85,config_3
87c75,38.383112497686724,-94.8935627223328,30,config_3
87c77,38.04613398349081,-94.8935627223328,14,config_3
87c79,37.70747861662477,-94.8935627223328,48,config_3
87c7b,37.72073117452561,-94.56244259389422,81,config_3
87c7d,37.38037773016189,-94.56244259389422,165,config_3
87c7f,37.36716703331267,-94.8935627223328,169,config_3
87c81,37.025220711432596,-94.8935627223328,198,config_3
87c83,36.68166197441016,-94.8935627223328,141,config_3
87c85,36.694782694296634,-94.56244259389422,13,config_3
87c87,37.03838746816187,-94.56244259389422,129,config_3
87c9c,36.1699997127124,-94.72775278355441,192,config_3
87cb,35.135299661123526,-94.39763566548027,192,config_3
8744,39.85287102346122,-108.04801051576172,28,config_3
8750c,41.71741118002093,-109.94968595355701,145,config_3
87511,41.45933719640506,-110.52154591598968,47,config_3
87513,41.765680580679,-110.52154591598968,105,config_3
87515,41.69403755436612,-110.90297701885287,49,config_3
87517,41.38778608275918,-110.90297701885287,45,config_3
8751c,40.96114957773461,-110.71224653410287,83,config_3
8753,41.04899972624418,-111.85685855297612,19,config_3
87544,42.039889865178736,-111.47528509455601,120,config_3
8754c,41.887694499031255,-112.23840170215038,28,config_3
87554,42.48950081319842,-112.23840170215038,67,config_3
8755c,42.642002766346216,-111.47528509455601,8,config_3
87564,42.78870569972412,-110.71224653410287,97,config_3
8756c,42.18631392467769,-110.71224653410287,83,config_3
87574,42.32694304658701,-109.94968595355701,152,config_3
87579,42.813872317928414,-109.75916751331724,74,config_3
8757b,42.74491601088889,-110.14025935225098,20,config_3
8757c4,42.98713588961745,-110.04496617551588,105,config_3
8757cc,42.95227305203354,-110.23556469908166,6,config_3
8757d4,43.10161337402913,-110.23556469908166,106,config_3
8757f,43.113486248182625,-109.75916751331724,2,config_3
87584,43.06463713502707,-109.18800474020169,164,config_3
8758c,43.19385159070138,-108.42760468979141,175,config_3
87594,42.59077151379867,-108.42760468979141,142,config_3
8759c,42.461763519206436,-109.18800474020169,127,config_3
875b,41.609458877349844,-108.80761947009503,185,config_3
875c4,42.10363847689278,-107.66888695938226,111,config_3
875cc,41.486309857265994,-107.66888695938226,83,config_3
875d1,41.729570671219,-107.10119308682007,128,config_3
875d5,41.47604079843073,-106.72346389403498,43,config_3
875d7,41.786629425885295,-106.72346389403498,126,config_3
875dc,42.22082758211599,-106.91225102614887,8,config_3
875f,43.075967807441266,-107.29028389464884,167,config_3
54a01,46.69627491445258,-116.50323898101068,17,config_3
54a024,46.68232503818636,-116.88961594540686,131,config_3
54a02c,46.62817442264636,-117.10256003500996,2,config_3
54a034,46.4965122620102,-116.96798543735393,68,config_3
54a03c,46.55017947314869,-116.75576869953292,12,config_3
54a05,46.32581841451287,-116.66237797182485,87,config_3
54a07,46.43085090249642,-116.23966227141241,51,config_3
54a0c,45.98302290415068,-116.06060021784302,153,config_3
54a14,45.775177155762165,-116.8955248936224,49,config_3
54a1c,46.29527448275069,-117.4295907902205,5,config_3
54a24,46.07297628255483,-118.27174051612829,7,config_3
54a2c,45.84394914604468,-119.10917615591471,194,config_3
54a34,45.339491874084075,-118.55369269471477,91,config_3
54a3c,45.56062679935791,-117.726706078548,19,config_3
54a44,45.050494706892984,-117.19644018068523,65,config_3
54a4c,44.837013874938236,-118.01296514374329,167,config_3
54a54,44.336783427883056,-117.48655817896223,80,config_3
54a5c,44.54284482942752,-116.68048912600881,3,config_3
54a61,44.56543239210673,-115.94901335178645,129,config_3
54a63,44.66284547336563,-115.5450082760695,3,config_3
54a65,44.920466949086425,-115.79263808119926,4,config_3
54a67,44.82128407340336,-116.19942189762433,168,config_3
54a6c,45.25753681141179,-116.37621034121527,174,config_3
54a74,45.45803113423271,-115.55271758733107,8,config_3
54a7c,44.93599317741806,-115.0590521692246,35,config_3
54a9,44.06820186927229,-114.7420407576597,123,config_3
54aa4,43.38993003734719,-113.65871795249885,88,config_3
54aac,42.881959002655655,-113.21735355100876,4,config_3
54ab4,42.71477799417127,-113.98489007121277,64,config_3
54abc,43.216529213874374,-114.43724694649585,85,config_3
54ac4,43.03720694749265,-115.21415825043253,51,config_3
54acc,42.54183003500016,-114.75115784376231,142,config_3
54ad4,42.36317877737694,-115.51576737813812,4,config_3
54adc,42.85203478806316,-115.98905132459512,20,config_3
54ae1,43.172297076078024,-116.5475669604974,10,config_3
54ae3,43.418201518967464,-116.79504946553985,67,config_3
54ae41,43.38711080769477,-116.45677552855295,7,config_3
54ae43,43.411432445891364,-116.35866433551683,8,config_3
54ae444,43.45176244676921,-116.4293463003041,21,config_3
54ae44c,43.46394063903879,-116.3802198060938,46,config_3
54ae454,43.49491670366743,-116.41101056138857,91,config_3
54ae45c,43.482711417518225,-116.4601771176228,50,config_3
54ae47,43.44890432799199,-116.51845440423737,16,config_3
54ae4c,43.553988777092684,-116.56210831712814,175,config_3
54ae504,43.538113473886874,-116.3926349994847,65,config_3
54ae50c,43.55029926273061,-116.34340634608819,183,config_3
54ae514,43.58135274158363,-116.3742194822958,135,config_3
54ae51c,43.56913981827311,-116.42348841755178,126,config_3
54ae524,43.60017769234668,-116.45439339706833,58,config_3
54ae52c,43.63122704222955,-116.48535003777106,20,config_3
54ae534,43.64349439867305,-116.43600050858115,109,config_3
54ae53c,43.612417804835665,-116.4050841698133,20,config_3
54ae544,43.62463449056151,-116.35576387694474,185,config_3
54ae54c,43.655738293834276,-116.38663981299777,149,config_3
54ae554,43.66795870427063,-116.33726804997076,87,config_3
54ae55c,43.63682772622524,-116.30643261727327,137,config_3
54ae564,43.605708388329354,-116.27564881481402,73,config_3
54ae56c,43.59354227265436,-116.32493958182617,55,config_3
54ae574,43.562461693861714,-116.29416682749908,78,config_3
54ae57c,43.574600744266725,-116.24491654224852,134,config_3
54ae59,43.52191496103096,-116.22351064564052,41,config_3
54ae5b,43.497671199389096,-116.3218685529208,195,config_3
54ae5d,43.43566136477981,-116.2605100925991,40,config_3
54ae7,43.26887526705082,-116.1568882675859,42,config_3
54ae9,43.36397951896133,-115.76555836928306,26,config_3
54aeb,43.457598816368254,-115.37362724179869,2,config_3
54aed,43.70864015870395,-115.61333025341708,1,config_3
54aee4,43.699861695178015,-115.97025344299091,1,config_3
54aeec,43.57477938366902,-115.84859171759476,1,config_3
54aef1,43.57012222418253,-116.02666880060974,1,config_3
54aef3,43.507789991660324,-115.96579689525605,8,config_3
54aef5,43.48384031657126,-116.0640755869524,57,config_3
54aef64,43.52448250107923,-116.13442636140839,81,config_3
54aef6c,43.53652089451598,-116.08523616548925,15,config_3
54aef74,43.567658798212456,-116.11578446308921,102,config_3
54aef7c,43.555593518519935,-116.16501531620014,179,config_3
54aef81,43.57590953450725,-116.20030439907359,62,config_3
54aef83,43.58195813076086,-116.1756763504585,56,config_3
54aef85,43.597525894358256,-116.19100425385196,99,config_3
54aef87,43.59147055168843,-116.21564245884714,43,config_3
54aef89,43.60703451261184,-116.23099338017069,64,config_3
54aef8b,43.62260141060076,-116.24635717558509,17,config_3
54aef8d,43.628670266609554,-116.22169865348594,46,config_3
54aef8f,43.61309660853202,-116.20634501734334,109,config_3
54aef94,43.62997028165375,-116.17703507663535,113,config_3
54aef9c,43.59880861162842,-116.1463840666699,47,config_3
54aefd,43.69493048084211,-116.14902826033067,52,config_3
54aefe4,43.69232897798686,-116.23849171818676,10,config_3
54aefec,43.661143754957344,-116.20773759355966,71,config_3
54aeff4,43.6489974886852,-116.25709048976887,108,config_3
54aeffc,43.68015560669717,-116.28788531861046,159,config_3
54af01,43.73302460912809,-116.30944860057669,197,config_3
54af03,43.75740565327403,-116.21051742859326,82,config_3
54af05,43.819927614722054,-116.2722139696388,31,config_3
54af07,43.795437631833835,-116.3713084964399,4,config_3
54af0c,43.901482122522886,-116.41482493722731,2,config_3
54af14,43.95059996970525,-116.21605545863413,34,config_3
54af1c,43.825136369401086,-116.09273918114562,13,config_3
54af3,43.960478655095734,-115.85631062071721,28,config_3
54af44,44.12542228911408,-116.1405994092326,119,config_3
54af4c,44.174209594448776,-115.9408142833056,1,config_3
54af54,44.300920577240575,-116.06447455693295,114,config_3
54af5c,44.25169439857144,-116.26493143385534,3,config_3
54af9,44.01397463682888,-116.9016302143173,51,config_3
54afa9,43.77085298834612,-116.47035832982436,26,config_3
54afaa4,43.730255364968514,-116.39909420829296,79,config_3
54afaac,43.699101268560575,-116.3681552134179,182,config_3
54afab4,43.68685362850276,-116.41756749029383,62,config_3
54afabc,43.71798044037568,-116.44854700930688,77,config_3
54afac4,43.70568196174483,-116.49798854044984,115,config_3
54afacc,43.67458246906131,-116.46696859870383,61,config_3
54afad4,43.66228781382301,-116.5163584395593,33,config_3
54afaf,43.74617387331362,-116.56936267169381,8,config_3
54afb4,43.677958139114224,-116.68654351587482,12,config_3
54afbc,43.80210586511096,-116.81181124413952,16,config_3
54afd,43.66481923761525,-117.04582710893777,122,config_3
54aff,43.9121221485457,-117.29995019941629,34,config_3
54b1,43.286983478669754,-117.90275086542516,135,config_3
54b3,42.32371150784166,-116.90117648392277,18,config_3
54b5,41.92631344421631,-118.42497867514854,22,config_3
54b7,42.861082475112525,-119.46311424385001,82,config_3
54b84,43.4519711572171,-120.67019682978226,19,config_3
54b89,43.74393077390025,-121.28950595634689,170,config_3
54b8a4,43.88894639422549,-121.60311755151828,41,config_3
54b8ac,44.00576832158383,-121.7473767309188,71,config_3
54b8b4,44.06709118532772,-121.54827895114285,32,config_3
54b8bc,43.94976089325351,-121.40452574100416,105,config_3
54b8c4,44.0102176759002,-121.20557147240805,155,config_3
54b8cc,44.12805497378892,-121.34881083620567,138,config_3
54b8d4,44.18865703154627,-121.14897795084488,59,config_3
54b8f,43.86333573334066,-120.89314699265624,7,config_3
54b94,44.15919725763274,-120.43610234087129,32,config_3
54b9c,43.681998271763,-119.8811683842587,6,config_3
54bb,44.26030792215236,-118.95750915810693,60,config_3
54bc4,44.87800633320671,-120.19335589390107,72,config_3
54bcc,45.11190409095233,-119.37604906596664,44,config_3
54bd4,45.60833675325731,-119.94145552825202,27,config_3
54bdc,45.3662941867252,-120.76815465198709,179,config_3
54be04,45.39329735054384,-121.50331599608923,47,config_3
54be0c,45.2723000695891,-121.35542178452505,4,config_3
54be14,45.20957414141204,-121.56048522539979,33,config_3
54be19,45.28407996377201,-121.72302629509494,73,config_3
54be1b,45.31573699635561,-121.62039318725398,33,config_3
54be1d,45.37605243177827,-121.6947784238573,70,config_3
54be1f,45.34426272497191,-121.79754508296311,31,config_3
54be3,45.17459891222707,-121.9418257184675,59,config_3
54be5,44.93536396856177,-121.64523757408546,24,config_3
54be7,45.0600050993649,-121.23751208073057,68,config_3
54be9,44.818946678387455,-120.94677161769565,29,config_3
54bec4,44.54772814945636,-121.0342291039815,10,config_3
54becc,44.42820438947417,-120.89078494923992,2,config_3
54bed4,44.36782743819609,-121.09186627704061,177,config_3
54bedc,44.48684147839869,-121.23584463851584,36,config_3
54bef,44.696381106557254,-121.35234908523014,110,config_3
54bf1,44.57232189083365,-121.75641122727569,70,config_3
54bf3,44.33568617122157,-121.46507887898873,197,config_3
54bf5,44.21222518863602,-121.86554818356971,91,config_3
54bf7,44.446791045051484,-122.15891235758095,48,config_3
54bf9,44.68158898096046,-122.4558963583206,29,config_3
54bfb,44.809217663388914,-122.05138088429021,49,config_3
54bfd,45.04633720700083,-122.35003276692846,13,config_3
54bfe4,45.00806881846334,-122.73069433115619,71,config_3
54bfec,44.890261439316056,-122.57969236762722,164,config_3
54bff4,44.825282755970896,-122.78227188590266,73,config_3
54bff9,44.89683021561005,-122.9464701848918,8,config_3
54bffb,44.929612185645446,-122.84510699501038,4,config_3
54bffd,44.988324342033636,-122.92102301976797,22,config_3
54bffe4,44.97829963188033,-123.01618409972016,28,config_3
54bffec,44.94899186301152,-122.9781228369328,40,config_3
54bfff4,44.93252753389698,-123.02882190147069,145,config_3
54bfffc,44.9618015742647,-123.06691311129309,8,config_3
80a1,40.86722940883832,-117.92490017414548,116,config_3
80a3,39.658279661245274,-117.92490017414548,33,config_3
80a5,40.038474881049915,-116.41938900264319,30,config_3
80a7,41.25000439206775,-116.41938900264319,124,config_3
80a9,41.61118506144487,-114.90422082333554,85,config_3
80aa4,42.167236416956044,-113.76328281204688,11,config_3
80aac,42.33123152476634,-113.00119891646547,56,config_3
80ab04,41.8953419748843,-113.28708499366572,35,config_3
80ab0c,41.74459413879428,-113.28708499366572,34,config_3
80ab14,41.78515903047214,-113.09650644641742,19,config_3
80ab1c,41.935930514636944,-113.09650644641742,158,config_3
80ab3,41.92079389513552,-112.81055116837047,110,config_3
80abc,41.566133886728444,-113.76328281204688,123,config_3
80ad,40.7344342591377,-113.38235448459531,15,config_3
80af,40.39741775389783,-114.90422082333554,47,config_3
80b04,39.383416232289086,-115.28375849518459,106,config_3
80b0c,38.758295035199986,-115.28375849518459,24,config_3
80b14,38.930548641292546,-114.52426397902158,88,config_3
80b1c,39.55644952841721,-114.52426397902158,35,config_3
80b3,39.493031684625855,-113.38235448459531,166,config_3
80b5,38.22679706381197,-113.38235448459531,4,config_3
80b7,37.895659434305685,-114.90422082333554,39,config_3
80b84,37.31475810595445,-116.04138886338704,17,config_3
80b89,37.0200298404823,-116.60816530936988,88,config_3
80b8b,36.92851788893871,-116.98524219342079,85,config_3
80b8d,37.24712516410434,-116.98524219342079,65,config_3
80b94,37.768731108453245,-116.79678490847915,45,config_3
80b9c,37.950583312102836,-116.04138886338704,4,config_3
80bb,38.80260971572387,-116.41938900264319,55,config_3
80bc4,38.20991602223594,-117.54958462854715,75,config_3
80bcc,38.8324036070608,-117.54958462854715,3,config_3
80bd4,38.6384147506811,-118.29943499572406,87,config_3
80bdc,38.016908811729344,-118.29943499572406,60,config_3
80bf,37.17059355256716,-117.92490017414548,129,config_3
5341,47.6081209328702,-109.93728561808545,62,config_3
53424,47.65351126337343,-111.44301717141765,65,config_3
5342c,47.481276761957204,-112.30448605757401,35,config_3
53431,47.101251266839974,-111.74707354761061,29,config_3
53433,47.015751615757814,-112.17226599748652,13,config_3
534344,46.827124056651094,-111.89593583188288,5,config_3
53434c,46.784532511107884,-112.10717418260244,2,config_3
534351,46.69056642409844,-111.96959469583496,13,config_3
534353,46.66931068527796,-112.07487777638816,7,config_3
534355,46.599716372789516,-112.01841820461227,168,config_3
534357,46.62087180150499,-111.91334945249535,43,config_3
53435c,46.687312680137595,-111.78365834908989,1,config_3
53437,46.81994098321721,-111.52339355230343,2,config_3
5343c,47.08415078591966,-110.99934564920936,67,config_3
53444,46.51890610923327,-110.56942472236398,112,config_3
53449,46.5396314525358,-111.30316212239708,28,config_3
5344b,46.457316383078364,-111.72140746107145,81,config_3
5344d,46.17958547398556,-111.50112609689961,141,config_3
5344f,46.26035102248427,-111.08631189736317,21,config_3
53451,45.982127006492206,-110.87277697035258,8,config_3
53453,45.90288299949479,-111.28418870458758,36,config_3
534544,45.71573465928271,-111.02142186694202,194,config_3
53454c,45.6762548682559,-111.2258593850039,89,config_3
534554,45.53888648020386,-111.11942310460981,40,config_3
53455c,45.57799297673518,-110.91581999164879,24,config_3
534564,45.61668342136197,-110.71221939030369,63,config_3
53457c,45.65495752456863,-110.50862872188618,177,config_3
53459,45.78106342197356,-110.2544988332784,138,config_3
5345e4,45.9437994651992,-109.7949997138899,1,config_3
5345ec,45.90683904096344,-109.9993416663827,44,config_3
5345f4,45.76727959849308,-109.89799067750873,172,config_3
5345fc,45.80388638452273,-109.69451414463067,13,config_3
53464,46.10486449383929,-109.33378567288833,62,config_3
5346c,46.67153584037573,-109.73636874690597,80,config_3
53474,46.817190094865374,-108.90393196454495,4,config_3
5347c,46.2449765836059,-108.51579888145999,101,config_3
53481,45.852057891135786,-108.03107899657321,8,config_3
534864,45.69833573485889,-108.48806559450713,100,config_3
534874,45.873119057272795,-108.38046177986804,2,config_3
53487b,45.8125244014292,-108.50843617833486,168,config_3
53487c4,45.817454972052595,-108.5960569581434,20,config_3
53487cc,45.78219359809406,-108.57233584171733,103,config_3
53487d4,45.773703320224456,-108.62281821026319,63,config_3
53487dc,45.80894405681257,-108.64659445324334,25,config_3
53487f,45.866115892352795,-108.65703542026206,4,config_3
53489,45.71761199107575,-108.83806091726274,197,config_3
5348b,45.64791918666102,-109.24206147666,113,config_3
5348d,45.36885332548963,-109.04826862184558,118,config_3
5348f,45.43721070367699,-108.64773389776887,37,config_3
53491,45.15806770461639,-108.46033915032993,198,config_3
53493,45.09102055971516,-108.85744368608202,114,config_3
53495,44.81444206242927,-108.66952762087914,12,config_3
53497,44.880203758081514,-108.27581774167025,151,config_3
5349c,45.11561412300014,-107.7753932197069,12,config_3
534b,44.22203080004959,-107.63420332078704,50,config_3
534c4,44.30328091094406,-108.97676224990714,53,config_3
534cc,43.76162394477291,-108.60793000999028,33,config_3
534d4,43.62982494100404,-109.37463511879474,176,config_3
534e1,44.53569670389852,-110.24746020934775,25,config_3
534e3,44.80687639921563,-110.44861442490169,96,config_3
534e5,44.880306045025534,-110.05052142848916,104,config_3
534e9,44.67821032974727,-109.45798551956415,17,config_3
534eb,44.74711129453357,-109.06360191080752,57,config_3
534ed,45.02237834009188,-109.25487977494312,114,config_3
534ef,44.95214021362089,-109.65259112266644,72,config_3
534f1,45.22727383777162,-109.85017224612612,16,config_3
534f3,45.29887454472666,-109.44910057722915,180,config_3
534f5,45.57657832873066,-109.64632342455187,99,config_3
534f7,45.503589218791454,-110.05078799863512,74,config_3
534f9,45.428952394313,-110.45539648460935,72,config_3
534fd,45.07920813491962,-110.65280479342698,113,config_3
534ff,45.35266913143647,-110.86009025888941,62,config_3
535004,45.36263903236143,-111.21656157451423,82,config_3
53500c,45.32307770212634,-111.41932734918333,29,config_3
535014,45.186995067463094,-111.3128486431527,84,config_3
53501c,45.22618359087036,-111.11089966957555,15,config_3
53503,45.0027456842012,-111.05425089997534,72,config_3
53504c,44.87678572021845,-111.30259159189339,40,config_3
535054,44.83752804818593,-111.50291308051217,91,config_3
53505c,44.972327359755774,-111.60941666193872,87,config_3
53507,45.19517209882935,-111.66949988682403,171,config_3
5350c,44.9385075001413,-112.1666649977326,3,config_3
53514,44.40413366339562,-111.73589954886808,23,config_3
5351a4,44.56873867290663,-111.29225412474948,4,config_3
5351ac,44.70299750045611,-111.39719467198071,38,config_3
5351b4,44.7418863377799,-111.1976696846837,82,config_3
5351bc,44.60726201297629,-111.09352243515163,83,config_3
5351d,44.731852543856725,-110.84681391738626,177,config_3
5351f,44.462085196622716,-110.64244110500381,173,config_3
53521,44.19346587406413,-110.44107491308228,45,config_3
53523,44.11969707967996,-110.83299150068463,61,config_3
535244,43.93836478663635,-110.58415486203035,38,config_3
535254,43.76905001554944,-110.67854579391425,56,config_3
53525c,43.80544912008341,-110.48450587819806,196,config_3
53527,43.926015884860554,-110.24265899733818,42,config_3
5352c,43.49208631852569,-110.14249857303861,151,config_3
535304,43.600339692025685,-110.77215178454607,152,config_3
53530c,43.56353339447524,-110.96547600563683,11,config_3
535314,43.4322357226571,-110.8649826126495,97,config_3
53531c,43.46869661928329,-110.6724168474781,41,config_3
53533,43.25385298662833,-110.61987264900625,91,config_3
53535,43.18122061982219,-111.00279642978992,137,config_3
53537,43.44219913625805,-111.20459096007158,92,config_3
5353c,43.874042351540396,-111.31753030105163,19,config_3
53541,43.88915064746232,-112.00896067627552,87,config_3
53545,43.54893840317887,-112.18717371896359,97,config_3
53547,43.62737970849574,-111.79826292826023,61,config_3
5354c,43.19881473213263,-111.6800612155514,13,config_3
53554,43.043319215508525,-112.4489437696075,112,config_3
5355c,43.55734806961038,-112.87897889684928,38,config_3
5357,44.422004008217534,-113.14818896125877,39,config_3
5359,45.479660248961444,-114.07273505959277,104,config_3
535a4,45.476970823010845,-112.61029171846985,17,config_3
535a9,45.466729031217525,-111.88650148489289,38,config_3
535ab,45.54781570554807,-111.4785537412974,53,config_3
535ac4,45.732911281265736,-111.74360128047756,76,config_3
535acc,45.773611564052516,-111.53836509616596,1,config_3
535ad4,45.911127188881935,-111.64726471381914,94,config_3
535adc,45.87004033003394,-111.85333097829947,118,config_3
535af,45.739311714405055,-112.10677306696982,25,config_3
535b4,46.192767730397904,-112.23537293113796,145,config_3
535b9,46.199903513142566,-112.97497484951411,118,config_3
535bb,45.92697638402106,-112.74469034086334,79,config_3
535bd,45.839352125600676,-113.15871427592204,14,config_3
535bf,46.11062792023758,-113.3922326624365,34,config_3
535c1,46.382788903892994,-113.62925514478259,2,config_3
535c3,46.655804815422584,-113.86984678562656,123,config_3
535c5,46.74847086701016,-113.44605953251634,144,config_3
535c7,46.47374497328387,-113.20874269671974,125,config_3
535c9,46.562944529265025,-112.78783687631628,65,config_3
535cb,46.65038084153986,-112.36660089112056,164,config_3
535cd,46.928451133423884,-112.59720458667802,5,config_3
535cf,46.8393554037799,-113.0218240353096,65,config_3
535d04,47.02437216522746,-113.30639864952964,122,config_3
535d0c,47.163019608318486,-113.42652269567535,152,config_3
535d1c,47.07000459483866,-113.0929136613235,57,config_3
535d3,47.20743421479958,-112.83137902528665,13,config_3
535d74,47.30187606306706,-113.54756823461487,105,config_3
535d7c,47.44093742976075,-113.66954402695869,114,config_3
535d9,47.30045112903804,-113.93160923259923,63,config_3
535db,47.024050252351195,-113.68699229623022,7,config_3
535dc4,47.02211004509374,-114.0687818419552,48,config_3
535dc9,46.93090132072483,-113.92340607198655,26,config_3
535dcb,46.86222635235294,-113.86242771252972,36,config_3
535dcc4,46.86171814699898,-113.95751402804059,137,config_3
535dccc,46.82743434935218,-113.92700531066717,1,config_3
535dcdc,46.84990168242322,-114.0107456977494,137,config_3
535dcf,46.90724215171903,-114.03004023808859,156,config_3
535dd4,46.837336656948814,-114.15915241577468,23,config_3
535ddc,46.97423551540944,-114.28259478518439,36,config_3
535df,47.20427515669001,-114.36200399141323,24,config_3
535e1,47.106276635641805,-114.79176878666895,174,config_3
535e3,47.00646581113177,-115.22083855765759,1,config_3
535e5,46.73544841951235,-114.96646322384923,4,config_3
535e7,46.83344054094849,-114.54058555727025,56,config_3
535ec,46.37818142460507,-114.38139510255823,158,config_3
535f4,46.184056127014536,-115.22239744616999,18,config_3
535fc,46.7191696786044,-115.7330029511862,2,config_3
8761,43.29942845402367,-105.78206743935718,73,config_3
8763,43.50002404328581,-104.2861115827901,2,config_3
8765,42.27767949176169,-104.2861115827901,47,config_3
8767,42.07774470498232,-105.78206743935718,186,config_3
87684,41.089524879437086,-106.15809365922375,133,config_3
87689,41.325895906541106,-105.59433880659961,185,config_3
8768d,41.06275261742485,-105.21948079223417,66,config_3
8768f,41.01159493684781,-105.59433880659961,86,config_3
876e4,40.75557168282636,-103.91439904540992,4,config_3
876ec,40.6618539864436,-104.65878213755632,1,config_3
876f4,41.294322728623484,-104.65878213755632,139,config_3
876fc,41.388329891062995,-103.91439904540992,106,config_3
87704,41.47681570545685,-103.17403478565704,48,config_3
8770c,41.5598456403957,-102.43805808577758,41,config_3
87714,40.92657678174682,-102.43805808577758,74,config_3
8771c,40.843791229286325,-103.17403478565704,44,config_3
8773,39.92294463415644,-102.80547525792774,18,config_3
87744,40.36339262075965,-101.70682943311247,116,config_3
8774c,39.715777150276075,-101.70682943311247,105,config_3
87754,39.787395117166284,-100.98070031132626,93,config_3
8775c,40.43529229171374,-100.98070031132626,119,config_3
8777,41.358423277185786,-101.34310583455695,119,config_3
877c,43.15114710263331,-102.0718280662253,63,config_3
8784,43.42119333788496,-99.18990521297464,169,config_3
878c,43.61150136204474,-96.40773576934623,158,config_3
87904,41.99538434578463,-97.43813547748366,101,config_3
8790c,41.36092038187326,-97.43813547748366,132,config_3
87911,41.55256359024594,-96.92091345144947,7,config_3
87915,41.25355032719378,-96.57833866136845,157,config_3
87917,41.57268996406312,-96.57833866136845,95,config_3
87919,41.88999053066143,-96.57833866136845,182,config_3
8791b,41.86983851659903,-96.92091345144947,32,config_3
8791d,42.18526573305039,-96.92091345144947,18,config_3
8791f,42.20544078758436,-96.57833866136845,7,config_3
87924,42.07607891199186,-96.06791937864303,167,config_3
879384,41.214590906984775,-95.81428853484881,70,config_3
8793884,41.149077038372454,-95.9198387432287,158,config_3
879388c,41.18917623945357,-95.9198387432287,102,config_3
8793894,41.18699621607522,-95.96211063966837,91,config_3
879389c,41.146897425567566,-95.96211063966837,147,config_3
87938a4,41.144700675658925,-96.00441205201167,41,config_3
87938ac,41.14248675724379,-96.04674291893367,104,config_3
87938b4,41.18258471620395,-96.04674291893367,110,config_3
87938bc,41.184799052130074,-96.00441205201167,59,config_3
87938c4,41.2248688747453,-96.00441205201167,88,config_3
87938cc,41.22265412593901,-96.04674291893367,56,config_3
87938d4,41.262694962050645,-96.04674291893367,32,config_3
87938dc,41.26491011911447,-96.00441205201167,99,config_3
87938e4,41.267108097356115,-95.96211063966837,72,config_3
87938ec,41.227066448132064,-95.96211063966837,83,config_3
87938f4,41.22924687752488,-95.9198387432287,178,config_3
87938fc,41.26928892821248,-95.9198387432287,140,config_3
879394,41.365989673432814,-95.98325766018019,81,config_3
8793b,41.60957437374421,-95.8987138825821,53,config_3
8793d,41.59168827751169,-96.23759466618242,28,config_3
8793e4,41.34784575928842,-96.32260724129291,1,config_3
8793ec,41.35705609058244,-96.15269854577356,116,config_3
8793f1,41.234790057608556,-96.1951320179046,39,config_3
8793f3,41.239323411220845,-96.1102943120119,89,config_3
8793f5,41.15918584943838,-96.1102943120119,164,config_3
8793f7,41.15465418889395,-96.1951320179046,48,config_3
8793fc,41.18780769252191,-96.32260724129291,63,config_3
879404,41.02731314155653,-96.32260724129291,177,config_3
87940c,41.03650970406013,-96.15269854577356,41,config_3
879414,40.875552909583256,-96.15269854577356,1,config_3
87941c,40.866363695147506,-96.32260724129291,2,config_3
87943,40.6287135784285,-96.23759466618242,22,config_3
87945,40.64651790192333,-95.8987138825821,74,config_3
879464,40.893105136331485,-95.81428853484881,1,config_3
87946c,40.884466057473276,-95.98325766018019,3,config_3
879471,41.007418325870596,-95.94097099813557,15,config_3
879475,41.083395131920504,-96.02557380749096,40,config_3
8794764,41.106770101176345,-95.96211063966837,88,config_3
879476c,41.066614267654415,-95.96211063966837,52,config_3
8794774,41.06879304560312,-95.9198387432287,25,config_3
879477c,41.108949298840706,-95.9198387432287,50,config_3
87947c,41.05407592019669,-95.81428853484881,64,config_3
87954,40.18347133353734,-95.39395513481692,85,config_3
8795c,40.150132040497795,-96.06791937864303,114,config_3
87961,39.95885212378827,-96.57833866136845,147,config_3
87963,39.93889429071641,-96.92091345144947,60,config_3
87965,40.265223567706514,-96.92091345144947,107,config_3
87967,40.28522061210774,-96.57833866136845,117,config_3
87969,40.60980253094514,-96.57833866136845,102,config_3
8796a4,40.85689643168396,-96.49297974540691,37,config_3
8796ac,41.017838290345814,-96.49297974540691,41,config_3
8796b4,41.00808318029977,-96.6638120059594,69,config_3
8796b9,40.884943847775695,-96.70659142835461,66,config_3
8796bb,40.889888837320825,-96.62106106216318,45,config_3
8796bd,40.80930753039419,-96.62106106216318,93,config_3
8796be4,40.78544430277923,-96.68519816136498,24,config_3
8796bec,40.82576247215187,-96.68519816136498,166,config_3
8796bf4,40.823273104281,-96.7279917988472,59,config_3
8796bfc,40.782955451652896,-96.7279917988472,16,config_3
8796d,40.91251646489407,-96.92091345144947,138,config_3
8796f,40.58976906346002,-96.92091345144947,32,config_3
87971,40.568597739799536,-97.26528581122331,14,config_3
87973,40.89130938570456,-97.26528581122331,150,config_3
87975,40.86894714993594,-97.61142171393448,69,config_3
87977,40.546273398247386,-97.61142171393448,48,config_3
8797c,40.070182502907144,-97.43813547748366,176,config_3
87984,40.02332681373885,-98.13385582671398,73,config_3
87989,39.82181041273541,-98.66005856336714,82,config_3
8798b,39.794833641332914,-99.0128926396605,21,config_3
8798d,40.12087517060858,-99.0128926396605,61,config_3
8798f,40.147906455111624,-98.66005856336714,46,config_3
87991,40.4722350732974,-98.66005856336714,25,config_3
87993,40.445153044290564,-99.0128926396605,85,config_3
879944,40.694089081756616,-98.92453434317243,139,config_3
87994c,40.68022480034269,-99.10134979604823,171,config_3
879954,40.841021834126046,-99.10134979604823,7,config_3
87997,40.79478174339934,-98.66005856336714,148,config_3
879981,40.93162330275126,-98.4403573420946,28,config_3
879983,40.851316259024394,-98.4403573420946,9,config_3
879985,40.85772118119297,-98.35265604392654,66,config_3
879987,40.93803081618768,-98.35265604392654,133,config_3
87998c,40.90735869873179,-98.22129789306325,36,config_3
879994,40.74650661310234,-98.22129789306325,18,config_3
87999c,40.7338547213042,-98.39649382124541,63,config_3
8799b,40.49810647471476,-98.30884408222222,87,config_3
8799d,40.52278116618243,-97.95928633924419,97,config_3
8799f,40.84541482909882,-97.95928633924419,22,config_3
879b,41.606421620925396,-98.48424653420417,196,config_3
879d,41.492537434213524,-99.90181306343518,42,config_3
879e4,40.50201874185927,-100.26001249402657,68,config_3
879e9,40.70970141479207,-99.72326726161637,48,config_3
879eb,40.73929700508867,-99.36730841665778,86,config_3
879ed,40.416846817455,-99.36730841665778,79,config_3
879ef,40.38730318435012,-99.72326726161637,13,config_3
879f4,39.91527512642326,-99.54509739864785,137,config_3
879fc,39.85386376202764,-100.26001249402657,127,config_3
5324,47.89891501243172,-103.69082093498783,80,config_3
532c,45.51376838607385,-102.57617830581343,3,config_3
5334,45.127353618527074,-105.64946255030826,178,config_3
533c,47.44538990252218,-107.00863259867317,99,config_3
549364,46.139629486184624,-123.92441059070664,145,config_3
54936c,46.2581773069839,-124.08450039849525,18,config_3
549374,46.328481344558476,-123.87567149510258,22,config_3
54937c,46.209364619303464,-123.71605666957866,153,config_3
54944,46.0807264098345,-122.80134019839946,117,config_3
54949,45.996297469706725,-123.58236268423515,43,config_3
5494a1,45.998483081923666,-123.96065350705925,105,config_3
5494a3,45.93942020652776,-123.88116826914937,21,config_3
5494a44,45.928068376834744,-123.97867593490766,87,config_3
5494a4c,45.89858990023956,-123.93895041696929,139,config_3
5494a54,45.88118398772167,-123.99065446092045,173,config_3
5494a7,45.96354187607536,-124.06427056238675,12,config_3
5494b4,45.76417876902437,-124.02047407919807,161,config_3
5494bc,45.83354431886302,-123.81407485023365,23,config_3
5494d,45.62236260726557,-123.68089881363895,76,config_3
5494f,45.75866279079122,-123.26853181263735,45,config_3
549501,45.66037802468876,-122.91968181257504,8,config_3
549503,45.62693254583949,-123.02282408180253,18,config_3
5495044,45.59068576471431,-122.93915741391251,18,config_3
549504c,45.573990765406165,-122.99065315002353,17,config_3
5495054,45.54428241496691,-122.95210233983639,195,config_3
549505c,45.56094313992627,-122.90063759249483,107,config_3
549507,45.60078650920949,-122.84261582138784,179,config_3
5495084,45.56438413146292,-122.75922464350096,61,config_3
549508c,45.547805079518234,-122.81071529893603,117,config_3
5495094,45.518031908111034,-122.77234612066754,146,config_3
5495099,45.52299344984612,-122.72417720296717,179,config_3
549509b,45.53789233682927,-122.74333511785996,14,config_3
549509d,45.54616312038097,-122.71759448300428,19,config_3
549509e4,45.537047684510135,-122.69679576067433,37,config_3
549509ec,45.5329169752946,-122.70966489044866,25,config_3
549509f4,45.52546446334424,-122.70009260976938,44,config_3
549509fc,45.52959304322465,-122.68722544863411,117,config_3
54950a01,45.525033660840975,-122.67683346582572,146,config_3
54950a03,45.52297054075724,-122.6832667468775,106,config_3
54950a05,45.51924358352819,-122.67848414033794,188,config_3
54950a07,45.52130617164118,-122.67205135197128,182,config_3
54950a09,45.51757871527425,-122.66727016973095,42,config_3
54950a0b,45.5138512918891,-122.66248991892985,14,config_3
54950a0d,45.51178976739299,-122.66892172167663,77,config_3
54950a0f,45.51551665902379,-122.67370246532926,129,config_3
54950a11,45.513454231198715,-122.68013432255529,94,config_3
54950a13,45.50972787136083,-122.6753530863257,74,config_3
54950a15,45.50766560388803,-122.68178401270428,31,config_3
54950a17,45.51139143189449,-122.6865657412363,44,config_3
54950a1c,45.51801208015322,-122.6905240564604,169,config_3
54950a3,45.508095070323755,-122.70503419632178,161,config_3
54950a5,45.49319720780043,-122.68590608676298,99,config_3
54950a7,45.50144244602728,-122.66018905718924,152,config_3
54950a9,45.48653660876108,-122.64108371265209,114,config_3
54950ab,45.471631314451734,-122.62199324817144,95,config_3
54950ad,45.46340307183827,-122.6476945142619,87,config_3
54950af,45.478299871801276,-122.66679286312996,58,config_3
54950b1,45.47005720113569,-122.6924950201276,71,config_3
54950b3,45.455168897984805,-122.67338880438462,44,config_3
54950b5,45.44692879897792,-122.69907610750691,63,config_3
54950b7,45.46180860286365,-122.71819017261524,68,config_3
54950b9,45.47668892895991,-122.73731910183155,75,config_3
54950bb,45.48494603340727,-122.7116161053194,76,config_3
54950bd,45.49983538528764,-122.73075207109514,32,config_3
54950bf,45.49156976775489,-122.75646290626537,51,config_3
54950c1,45.48329822385901,-122.78216669083002,56,config_3
54950c3,45.47502075974214,-122.80786341380802,56,config_3
54950c5,45.46015695439413,-122.78870398472259,49,config_3
54950c7,45.468425900579085,-122.76301506529397,66,config_3
54950cc,45.44199101477293,-122.7471549843348,197,config_3
54950d4,45.42546683575761,-122.79849533207965,124,config_3
54950d9,45.44360133317194,-122.8400606476493,60,config_3
54950db,45.45188209654293,-122.81438584915477,62,config_3
54950dd,45.46673738155492,-122.83355306423988,58,config_3
54950df,45.458448095456596,-122.85923563118749,34,config_3
54950e4,45.48487090773235,-122.87517976564695,151,config_3
54950e9,45.48988505446004,-122.82703771836232,56,config_3
54950eb,45.498171043408114,-122.80133319727622,63,config_3
54950ed,45.5130443496885,-122.82051459571605,41,config_3
54950ef,45.50474982901014,-122.84622690944317,51,config_3
54950f4,45.53120227592204,-122.86217752738578,176,config_3
54950f9,45.52616325092235,-122.91037073492822,47,config_3
54950fb,45.511306093283736,-122.89114397364085,55,config_3
54950fd,45.50299119767319,-122.91684981290295,59,config_3
54950ff,45.51783980503172,-122.9360843205274,63,config_3
5495101,45.509510447937814,-122.9617907413082,117,config_3
5495103,45.49467039321617,-122.94254850498774,51,config_3
5495105,45.48634368612734,-122.96824003901021,16,config_3
5495107,45.50117518586812,-122.98748998638912,17,config_3
549510c,45.48125185086533,-123.01639277495796,9,config_3
549511c,45.46825493246871,-122.92655394005118,20,config_3
549513,45.41546108083697,-122.8946250604236,62,config_3
549515,45.38223736110229,-122.99716688522332,17,config_3
549517,45.44140428964642,-123.07412642929737,5,config_3
549519,45.50057773123603,-123.15132365859832,38,config_3
54951a4,45.51089000086684,-123.05494551702208,48,config_3
54951a9,45.51600710921015,-123.0067548310417,32,config_3
54951ab,45.52435093313733,-122.981047880545,116,config_3
54951ad,45.53919183922558,-123.00031993367642,80,config_3
54951af,45.53083944656461,-123.0260345839202,2,config_3
54951b4,45.55727207593876,-123.04212000090983,21,config_3
54951bc,45.5405297464926,-123.09355787961901,65,config_3
54951d,45.59339209373215,-123.1258501314257,25,config_3
54951f,45.55975707229058,-123.2287592665428,5,config_3
54953,45.387007906721884,-123.36900144724818,92,config_3
549544,45.243795988280354,-123.03549590885348,94,config_3
54954c,45.17719831865168,-123.23953026987837,107,config_3
549554,45.05986072563618,-123.0861792162156,43,config_3
54955c,45.12591525133184,-122.88262701931349,69,config_3
549564,45.19159928856739,-122.67862935948932,56,config_3
549569,45.26392548095067,-122.84395807806548,26,config_3
54956b,45.32307755588039,-122.92044433274707,32,config_3
54956d,45.3561650532377,-122.81802566691583,48,config_3
54956f,45.296877195136325,-122.74166292131297,105,config_3
549571,45.329735089057436,-122.63925646910941,79,config_3
549573,45.38915857774362,-122.7154945942373,125,config_3
5495744,45.39895967699165,-122.6194647461854,37,config_3
549574c,45.4287245144053,-122.65759596697339,91,config_3
5495754,45.44516739609214,-122.60623100993578,127,config_3
549575c,45.415368654422686,-122.56813131981727,22,config_3
549577,45.36249877516487,-122.53673942058207,32,config_3
54957c,45.25690974120018,-122.47419175284617,13,config_3
549584,45.32184354756758,-122.26931980053114,26,config_3
54958c,45.38639768122647,-122.06401918838041,10,config_3
549594,45.506438807969616,-122.21487104310319,193,config_3
5495984,45.51070121712929,-122.4004943012694,101,config_3
549598c,45.49435351425048,-122.45196983256811,149,config_3
5495994,45.464453180043336,-122.41396557173343,23,config_3
549599c,45.48076705949738,-122.36252212942001,8,config_3
54959b,45.42774198470452,-122.33137635794274,7,config_3
54959d,45.395167868097275,-122.43411248023591,20,config_3
54959e4,45.43175392951714,-122.51677025611298,58,config_3
54959ec,45.44811545407697,-122.46538164374758,28,config_3
54959f4,45.47798194434652,-122.50341785392995,141,config_3
54959fc,45.461586555539675,-122.5548382760434,178,config_3
5495a01,45.47985361974724,-122.59628501716708,52,config_3
5495a03,45.488069981655485,-122.57056983232405,63,config_3
5495a05,45.50299225720911,-122.58964447548155,92,config_3
5495a07,45.49476740592437,-122.61536757974513,72,config_3
5495a084,45.50389437164862,-122.6361204387594,38,config_3
5495a08c,45.508011470492946,-122.62325766382638,41,config_3
5495a094,45.51546983694759,-122.63280912291428,77,config_3
5495a09c,45.511350612849014,-122.64567387354,64,config_3
5495a0a4,45.518806988114285,-122.6552310328246,85,config_3
5495a0a9,45.52336838804552,-122.66561812513051,65,config_3
5495a0ab,45.527096409177474,-122.67039974602508,95,config_3
5495a0ad,45.52915878567122,-122.66396558764853,42,config_3
5495a0af,45.525430232645725,-122.6591844599886,11,config_3
5495a0b4,45.53038697345907,-122.65192321798682,50,config_3
5495a0bc,45.52292833833318,-122.642364307167,59,config_3
5495a0d,45.532838469246386,-122.6278384447301,92,config_3
5495a0f,45.51791508957677,-122.60873400920435,131,config_3
5495a11,45.52614248271844,-122.58299601295397,73,config_3
5495a13,45.54107436313335,-122.60209252199853,57,config_3
5495a15,45.54930429398572,-122.57633961499812,51,config_3
5495a17,45.53436391533193,-122.55725105000776,40,config_3
5495a19,45.51942409785819,-122.5381773972811,52,config_3
5495a1b,45.51121115654193,-122.56391441095516,44,config_3
5495a1d,45.49628039411589,-122.5448477047389,58,config_3
5495a1f,45.50448485107655,-122.5191186455293,50,config_3
5495a24,45.52425626778927,-122.49003361500652,138,config_3
5495a2c,45.54063784974779,-122.43852603515344,66,config_3
5495a34,45.570576881470984,-122.47661742208858,12,config_3
5495a3c,45.55416136477599,-122.52815700965833,141,config_3
5495a5,45.6072594946009,-122.55966380656399,63,config_3
5495a64,45.597470783103056,-122.65615840444629,43,config_3
5495a69,45.57918669671908,-122.61456152692676,8,config_3
5495a6b,45.564245224294275,-122.59544310354131,34,config_3
5495a6d,45.55600678826134,-122.62120394935235,101,config_3
5495a6f,45.57093974856396,-122.64033030627918,59,config_3
5495a71,45.5626868323772,-122.66609206614204,107,config_3
5495a73,45.54776238669269,-122.64695779329665,95,config_3
5495a75,45.53951202569133,-122.6727046242673,169,config_3
5495a77,45.554427954274686,-122.69184679541128,87,config_3
5495a79,45.56934439461358,-122.71100389672745,57,config_3
5495a7b,45.577611796748286,-122.68524127450442,95,config_3
5495a7d,45.592537270241095,-122.70440542962204,37,config_3
5495a7f,45.58426133714323,-122.73017593942818,62,config_3
5495ac,45.68046779773375,-122.72628331482727,145,config_3
5495bc,45.62652357665749,-122.36667527155068,28,config_3
5495e4,45.63546829235949,-121.80194532210868,75,config_3
5495e9,45.61744946141014,-121.99468904094734,48,config_3
5495ea4,45.60828354984459,-122.09106844882592,6,config_3
5495eac,45.592080051755204,-122.14270714528533,28,config_3
5495eb04,45.579336617334896,-122.09971547839758,28,config_3
5495eb1c,45.575289499206285,-122.11261833176464,193,config_3
5495eb3,45.56545424106972,-122.12724363215422,12,config_3
5495ebc,45.578146893827764,-122.05329174519309,47,config_3
5495ed,45.52489067872995,-122.02252007835348,10,config_3
5495f4,45.450569151686715,-121.85829568653263,24,config_3
5495fc,45.514355005138,-121.65215514900997,130,config_3
549604,45.57775232516994,-121.44560351326663,35,config_3
54960c,45.699399503168316,-121.59484953218589,121,config_3
549614,45.76293777373835,-121.38733978503286,14,config_3
54961c,45.64075823348489,-121.23864679970491,65,config_3
54963,45.796006299705105,-121.00126883087775,5,config_3
5499,46.725238590638696,-119.54524524241785,6,config_3
549e4,47.5730748192771,-117.67448875400636,13,config_3
549f9,46.85342397028319,-117.19924561284783,136,config_3
549fd,47.228899221686476,-117.04194730992043,72,config_3
549ff,46.96230303125335,-116.77064563892745,39,config_3
53604,47.25695293663096,-116.25875004888053,88,config_3
53609,47.27817964845879,-115.47901538198053,102,config_3
5360b,47.379839906949805,-115.04673975049882,72,config_3
5360d,47.65409551451384,-115.30556765376139,6,config_3
5360f,47.55055477049246,-115.74106195660326,156,config_3
53611,47.82355493647478,-116.00704769208299,2,config_3
536144,48.10905112714252,-115.87838955297256,182,config_3
536154,48.300187208724,-115.79154899106739,67,config_3
53615c,48.24672134926885,-116.01318804502141,25,config_3
536164,48.19277763576244,-116.23457800476315,178,config_3
53616c,48.05559728539383,-116.0989679684128,84,config_3
53617c,48.138357843237245,-116.45571037033278,23,config_3
53619,47.98785192329248,-116.71797999756127,125,config_3
5361b,47.716230969846094,-116.44481423927182,75,config_3
5361c1,47.74954118582011,-116.82059389389994,14,config_3
5361c3,47.72194412908471,-116.93000223437058,57,config_3
5361c5,47.65450554551602,-116.8612857451306,12,config_3
5361c7,47.681978403796485,-116.75206986887983,129,config_3
5361cc,47.56706734547123,-116.7042277600736,41,config_3
5361d4,47.512262593392066,-116.92194926719601,2,config_3
5361dc,47.64670175834785,-117.05945147472666,15,config_3
5361f,47.87668118067037,-117.1578210265445,9,config_3
53624,48.33937164704846,-117.35782102077606,7,config_3
53639,48.75730624916351,-116.38087549790063,80,config_3
5363b,48.64592688075106,-116.8293512662635,9,config_3
5363c4,48.46754408854646,-116.50888026870878,55,config_3
5363cc,48.41212662452567,-116.73162069331559,6,config_3
5363d4,48.27517826402056,-116.59314832033921,185,config_3
5363dc,48.330094881321294,-116.3712123888307,139,config_3
5363f,48.480651589726136,-116.10590335219587,89,config_3
5365,49.16816510443443,-115.3898065910772,107,config_3
536604,48.710517776289166,-114.01051040502473,5,config_3
53660c,48.66093156446786,-114.23382855713369,10,config_3
536614,48.519454221260276,-114.10583913237608,80,config_3
53661c,48.56857921492375,-113.88341076878423,164,config_3
536624,48.42682218495688,-113.75730726660761,10,config_3
53662c,48.28525127148754,-113.63219027302878,34,config_3
53663c,48.37815445232922,-113.97884844277564,169,config_3
536644,48.329003522765255,-114.20022750268735,97,config_3
53664c,48.18834261462575,-114.07334956975846,42,config_3
536654,48.139169685715004,-114.29368946096697,149,config_3
53665c,48.2793706065498,-114.42143559895219,12,config_3
53667,48.51522327835127,-114.50368763983607,50,config_3
5366b,48.31002627410098,-115.39214991112362,181,config_3
5366c4,48.12759293472177,-115.08394640444803,41,config_3
5366cc,48.07604536453083,-115.30438321397757,128,config_3
5366dc,47.98879139742596,-114.95364552458007,75,config_3
5366f,48.13424655140782,-114.68826742275883,137,config_3
53674,47.66730896553307,-114.52338040978613,161,config_3
53679,47.67375975034542,-113.74562852318286,161,config_3
5367a4,47.859308985380174,-114.04114182389593,8,config_3
5367ac,47.999147641198796,-114.16692796400577,49,config_3
5367b4,48.04786450795656,-113.9474538725847,135,config_3
5367bc,47.90757369264056,-113.82253107456742,51,config_3
53684,48.04784377424642,-112.77697758216684,21,config_3
53689,48.427768743303226,-113.36270127581034,185,config_3
5368a4,48.61721646034892,-113.66082097706588,126,config_3
5368a9,48.71179757482406,-113.81120944149697,108,config_3
5368ab,48.78298402413562,-113.87467303738622,8,config_3
5368ad,48.80746587911675,-113.76277517265882,26,config_3
5368af,48.736164911925314,-113.69953750314701,178,config_3
5368b4,48.808215554915286,-113.56337382204376,83,config_3
5368bc,48.665364825545,-113.43807877549085,124,config_3
5368d,48.80840711861771,-113.16553571395352,7,config_3
5368f,48.52174746870863,-112.9196648690491,40,config_3
53694,48.80360690151697,-112.37390554918998,1,config_3
5369c,48.22674871414353,-111.90100617582074,5,config_3
536b,48.7736824893287,-110.80828328460862,10,config_3
536f,49.57777376810437,-113.56950624422853,35,config_3
531,51.3786418539575,-107.54900222906777,3,config_3
86344,33.37187356077451,-94.0695453815523,131,config_3
86354,34.06252900916841,-94.72775278355441,30,config_3
8635c,33.348618938234175,-94.72775278355441,54,config_3
86364,32.629398506440324,-94.72775278355441,90,config_3
8636c,32.65239459447722,-94.0695453815523,55,config_3
86374,31.92784856604255,-94.0695453815523,7,config_3
8637c,31.905127482149442,-94.72775278355441,73,config_3
8639,30.82144165749157,-94.39763566548027,142,config_3
863b,30.858922248180154,-93.09770198132622,6,config_3
863ec,29.726599575060234,-94.0695453815523,65,config_3
863f1,29.525508409212723,-94.56244259389422,43,config_3
863f3,29.895415982648124,-94.56244259389422,10,config_3
863f5,29.883583976677322,-94.8935627223328,52,config_3
863f7,29.51376636956181,-94.8935627223328,172,config_3
863f84,29.23271960704705,-94.97665398592595,34,config_3
863f9d,29.283654563203253,-94.85206358017719,90,config_3
863f9e4,29.30907275299941,-94.78987313653973,162,config_3
863f9ec,29.26270834631825,-94.78987313653973,17,config_3
863f9fc,29.310547911515194,-94.74845176846277,28,config_3
8664,26.873943041714885,-99.18990521297464,185,config_3
86684,28.097803881433773,-97.43813547748366,198,config_3
8668c,27.351520349093526,-97.43813547748366,164,config_3
8669c,28.133429370477497,-96.74939926474936,148,config_3
866b,27.80631194500799,-95.7299821027788,1,config_3
866f,26.244408488148757,-97.09287704309902,160,config_3
54c01,44.78535948854263,-123.16131394357724,122,config_3
54c03,44.652692322458776,-123.56430088676868,59,config_3
54c041,44.557895057518024,-123.22312483770541,181,config_3
54c045,44.46723712191259,-123.2476483781749,3,config_3
54c047,44.524974931464904,-123.32347173379529,21,config_3
54c04c,44.44665935280053,-123.43575796387397,25,config_3
54c054,44.3316017155305,-123.28422109042361,20,config_3
54c05c,44.3969513015164,-123.08432313881148,23,config_3
54c07,44.55250127717842,-122.85873960891334,99,config_3
54c09,44.319811141654064,-122.55980800458357,32,config_3
54c0b,44.08732541386454,-122.26447724367158,13,config_3
54c0d,43.9610091899147,-122.66182272622748,53,config_3
54c0e1,44.05676496888519,-122.99619917183729,147,config_3
54c0e3,44.11417913764924,-123.07090323961494,119,config_3
54c0ec,44.165890674987395,-122.78487478452585,4,config_3
54c0f4,44.281399125097025,-122.93414948155494,7,config_3
54c0fc,44.21657986499223,-123.13358548269316,27,config_3
54c104,44.15141099179493,-123.3325920901741,22,config_3
54c10c,44.085895544765485,-123.53116421653026,23,config_3
54c114,43.9719709688925,-123.38052020826761,6,config_3
54c119,43.992168924597216,-123.19452922831502,1,config_3
54c11b,44.04931982233878,-123.26946117113417,3,config_3
54c11d,44.081792802771545,-123.17023558837161,179,config_3
54c11e1,44.05811412245296,-123.0862375476658,112,config_3
54c11e3,44.04378180408187,-123.06755752229664,179,config_3
54c11e5,44.0357085866693,-123.0923589827379,41,config_3
54c11e7,44.050032686383894,-123.11104615039208,80,config_3
54c11ec,44.03074441732155,-123.13889596314753,47,config_3
54c11f4,44.00212221798227,-123.10152800827267,17,config_3
54c11fc,44.018254836662265,-123.0519597129871,25,config_3
54c13,43.83329937627308,-123.05754249073107,133,config_3
54c15,43.70421932766813,-123.45159560053577,27,config_3
54c17,43.93041073831826,-123.7524358267999,30,config_3
54c19,44.15672550892216,-124.05681138567812,171,config_3
54c1b,44.29004488927913,-123.65923829337514,26,config_3
54c1c4,44.42785263974292,-123.98845919831362,41,config_3
54c1cc,44.494975131402725,-123.78855993945692,1,config_3
54c1d1,44.56405410506756,-123.95392441536728,2,config_3
54c1d3,44.59773131027361,-123.85369417775613,5,config_3
54c1d5,44.65509119707853,-123.93076661624858,3,config_3
54c1d64,44.64405475424302,-124.02535698928652,36,config_3
54c1d6c,44.615424667173606,-123.98672250768855,2,config_3
54c1d74,44.59851323571121,-124.03684943437378,14,config_3
54c1d7c,44.62710928055486,-124.07551116023032,181,config_3
54c1dc,44.54188417145705,-124.14269449172951,48,config_3
54c1f,44.38312736701289,-124.36475954433166,34,config_3
54c24,44.0657751952635,-124.8044749726811,6,config_3
54c34,43.35137398655756,-124.96993263279091,58,config_3
54c39,43.44204429105919,-124.23454418453811,94,config_3
54c3b,43.66400217750503,-124.53873409546958,1,config_3
54c3d,43.79787074599428,-124.14648956234514,136,config_3
54c3f,43.573792872511746,-123.84394233243346,12,config_3
54c41,43.34984751231448,-123.54486997172863,63,config_3
54c43,43.12606937316566,-123.24923638179864,133,config_3
54c45,42.99848276189875,-123.6364814143673,26,config_3
54c47,43.22019292862031,-123.93380483756474,2,config_3
54c49,43.08924699628182,-124.32102033108052,166,config_3
54c4b,42.95703409642745,-124.70648009751596,5,config_3
54c4d,42.7394784181924,-124.40596141965908,32,config_3
54c51,42.65012487287633,-123.7264753861822,36,config_3
54c53,42.52204680581851,-124.10877736105398,9,config_3
54c55,42.30477239312683,-123.81489569636997,54,config_3
54c57,42.43082110939229,-123.43420698396265,107,config_3
54c5c,42.72868374472665,-123.00468327354528,92,config_3
54c61,42.80138568638664,-122.28283780051216,57,config_3
54c624,42.835536106240745,-121.92200316178884,6,config_3
54c62c,42.895417416542415,-121.7284991118777,3,config_3
54c639,42.99239214658704,-122.05114909477884,27,config_3
54c63b,42.935635641606915,-121.97999579242195,14,config_3
54c63c4,42.927150189468705,-122.07042443096364,37,config_3
54c63cc,42.89882335255788,-122.03485653204577,3,config_3
54c63d4,42.88371325081643,-122.08323925427237,16,config_3
54c63dc,42.91200901694447,-122.11883627266492,164,config_3
54c63f,42.9620580344992,-122.14810548925053,190,config_3
54c65,43.14965760329115,-122.18129833255341,59,config_3
54c67,43.026736394391946,-122.56991205223854,27,config_3
54c6c,43.42839456053729,-122.81140340544489,109,config_3
54c71,43.50088943415792,-122.07793785981843,67,config_3
54c73,43.73082566621374,-122.36813051715662,56,config_3
54c75,43.85507960162658,-121.97270543357864,23,config_3
54c77,43.62310838818734,-121.68445070867918,96,config_3
54c79,43.391445632545825,-121.39967126111955,179,config_3
54c7b,43.2712344002001,-121.7912043230043,82,config_3
54c7d,43.04189366274489,-121.50788951256666,1,config_3
54c7f,43.160124370553255,-121.11832536982583,104,config_3
54c81,42.929176816759295,-120.84037142778668,138,config_3
54c83,42.698634366971426,-120.56576796767523,175,config_3
54c85,42.58428343850044,-120.9513548483899,3,config_3
54c8c,42.523069032081985,-121.6666807212986,154,config_3
54c94,42.072399586916205,-121.11426101152512,12,config_3
54c984,42.04370300715486,-120.43609449055012,24,config_3
54c98c,42.09908954543275,-120.24584687134009,55,config_3
54c994,42.21309212297425,-120.37981021581209,136,config_3
54c99c,42.1572393776818,-120.57055628616618,1,config_3
54c9b,42.356076122461026,-120.67805463923514,1,config_3
54c9d,42.46852760149477,-120.29447368587468,131,config_3
54c9f,42.23888628902059,-120.02644746497042,24,config_3
54cb,41.507503734430315,-119.93476272635633,47,config_3
54cec,41.84157525455871,-121.8720630899273,47,config_3
54cf1,42.11372148756606,-122.48064842022644,76,config_3
54cf3,42.2332965948329,-122.10036360734084,25,config_3
54cf5,42.456073968218995,-122.38260537678957,17,config_3
54cf64,42.42041017377087,-122.7406863063511,4,config_3
54cf6c,42.30968537881724,-122.59808262572841,3,config_3
54cf74,42.24884549717808,-122.78852507052856,78,config_3
54cf7c,42.35907511290563,-122.93156133290134,172,config_3
54cfc,42.040905903328465,-123.19126782252341,99,config_3
54d4,40.78778037496809,-124.19441089783537,76,config_3
54dc,42.45113689813503,-126.57303097851934,112,config_3
54ea79,44.6785061912281,-124.10851708652727,113,config_3
54ea7d,44.769823997213,-124.0855984036182,71,config_3
54ea7f,44.71245562347281,-124.00806782120071,24,config_3
54ea84,44.79200082601639,-123.89582604627594,22,config_3
54ea8c,44.907155201723384,-124.05101780914912,163,config_3
54ea94,44.975207354377915,-123.84885389304235,67,config_3
54eab,45.01834862111124,-123.46757285523105,80,config_3
54ead,45.2514306997266,-123.77755811370257,188,config_3
54eaf,45.11439290904406,-124.18419078759804,111,config_3
54eb4,45.53113163105477,-124.45451925130276,196,config_3
8094,37.20172848568333,-120.15893030899788,83,config_3
80984,39.05434876601501,-119.04599270243568,126,config_3
80989,39.56239755135253,-118.8596803520908,21,config_3
8098b,39.86565845835353,-118.8596803520908,38,config_3
8098d,39.76394043760573,-119.23207840138082,178,config_3
8098f,39.46088220542153,-119.23207840138082,160,config_3
809904,39.30798828257803,-119.51077084299,27,config_3
80990c,39.25633837502313,-119.69626771448172,175,config_3
809911,39.38313914607222,-119.64991620525349,9,config_3
809913,39.35721778363886,-119.74260395507105,67,config_3
8099144,39.420552341081795,-119.71943774820171,38,config_3
809914c,39.40756763443569,-119.7657663254125,68,config_3
8099154,39.445434473612,-119.7657663254125,83,config_3
809915c,39.45842255871876,-119.71943774820171,25,config_3
80991c,39.459797818053886,-119.51077084299,9,config_3
809924,39.61124907051809,-119.51077084299,48,config_3
809934,39.71053121880375,-119.69626771448172,68,config_3
8099384,39.5966785704289,-119.7657663254125,52,config_3
809938c,39.558901089662086,-119.7657663254125,103,config_3
8099394,39.571899162289945,-119.71943774820171,79,config_3
809939c,39.60967992305,-119.71943774820171,85,config_3
80993b,39.61025631481741,-119.64991620525349,71,config_3
80993d,39.53464012366414,-119.64991620525349,35,config_3
80993e4,39.49627045299958,-119.71943774820171,28,config_3
80993ec,39.534095996588334,-119.71943774820171,106,config_3
80993f4,39.521101228522596,-119.7657663254125,151,config_3
80993fc,39.48327901409688,-119.7657663254125,103,config_3
8099404,39.47026865452201,-119.81207951785828,62,config_3
809940c,39.508087527137945,-119.81207951785828,189,config_3
8099414,39.49505492380736,-119.85837724834269,40,config_3
809941c,39.457239405673185,-119.85837724834269,4,config_3
809945,39.53214458148915,-119.92779468446135,123,config_3
8099464,39.57061902098213,-119.85837724834269,16,config_3
809946c,39.53284813796052,-119.85837724834269,56,config_3
8099474,39.545884071103075,-119.81207951785828,196,config_3
809947c,39.58365825929888,-119.81207951785828,55,config_3
809949,39.63375785686624,-119.83523032066351,193,config_3
80994b,39.70916854105543,-119.83523032066351,55,config_3
80994d,39.68302944381094,-119.92779468446135,88,config_3
80994f,39.60763173556912,-119.92779468446135,71,config_3
809954,39.60600131300832,-120.06652363285929,59,config_3
80995c,39.45506695613932,-120.06652363285929,41,config_3
809964,39.30377730273375,-120.06652363285929,11,config_3
80996c,39.35608577093057,-119.881520291274,127,config_3
809971,39.22930584738724,-119.92779468446135,128,config_3
809973,39.25536412770129,-119.83523032066351,30,config_3
809975,39.17941885551629,-119.83523032066351,16,config_3
809977,39.153374739206235,-119.92779468446135,37,config_3
80997c,39.152134117551746,-120.06652363285929,10,config_3
809984,39.000139201259735,-120.06652363285929,5,config_3
809994,38.89992923227823,-119.881520291274,53,config_3
80999c,39.05233352425206,-119.881520291274,176,config_3
8099b,39.05386133850651,-119.60354950502408,154,config_3
8099d,38.74817384474112,-119.60354950502408,159,config_3
8099f,38.64468354167561,-119.97405342347365,65,config_3
809e4,40.65726799882358,-119.78892484955995,7,config_3
809e9,40.15778186329634,-119.97405342347365,16,config_3
809ea4,39.90679725685847,-120.06652363285929,54,config_3
809eac,39.75657864435968,-120.06652363285929,70,config_3
809eb4,39.80904640703062,-119.881520291274,92,config_3
809ebc,39.95931497096353,-119.881520291274,17,config_3
809ed,39.962395028603474,-119.60354950502408,21,config_3
809ef,40.262350138231035,-119.60354950502408,1,config_3
809f4,40.26695579045059,-119.04599270243568,39,config_3
809fac,40.56407063155632,-119.32503466239531,36,config_3
809fb1,40.688701319958966,-119.27856381369884,80,config_3
809fb3,40.66289727808841,-119.37149086844235,73,config_3
809fb5,40.73726819526338,-119.37149086844235,2,config_3
809fb6c,40.73805026175471,-119.30180106344304,9,config_3
809fb71,40.7570109173014,-119.26694382286807,4,config_3
809fb73,40.73842117864921,-119.26694382286807,1,config_3
809fb744,40.7478981656965,-119.24951213265092,23,config_3
809fb74c,40.73860160339694,-119.24951213265092,15,config_3
809fb754,40.74181925170974,-119.23788987166326,10,config_3
809fb759,40.74959617716947,-119.23498416482164,29,config_3
809fb75b,40.747987600978306,-119.24079552188635,13,config_3
809fb75d,40.75263557599632,-119.24079552188635,13,config_3
809fb75e1,40.75538390214269,-119.2371634502601,184,config_3
809fb75e3,40.75578604042693,-119.23571059683897,1,config_3
809fb75e5,40.75462410654488,-119.23571059683897,12,config_3
809fb75e7,40.75422197069532,-119.2371634502601,66,config_3
809fb75ec,40.75268009926623,-119.23643702531857,35,config_3
809fb75f4,40.75348432532731,-119.23353129017491,12,config_3
809fb75fc,40.75580824599966,-119.23353129017491,23,config_3
809fb77,40.76344944628092,-119.24370111547155,61,config_3
809fb7c,40.788104926950766,-119.25532292304659,2,config_3
809fb84,40.80097402941192,-119.2088302586068,182,config_3
809fb8c,40.813823477127116,-119.16232314940831,10,config_3
809fb94,40.776650100746835,-119.16232314940831,3,config_3
809fb99,40.75772017514515,-119.19720483240249,4,config_3
809fb9b,40.77631178229506,-119.19720483240249,57,config_3
809fb9c4,40.76684347011051,-119.21464263323712,69,config_3
809fb9cc,40.77613758054813,-119.21464263323712,75,config_3
809fb9d4,40.77292191872042,-119.22626670477904,36,config_3
809fb9dc,40.763627963451356,-119.22626670477904,37,config_3
809fb9f,40.751292083434116,-119.22045478201282,47,config_3
809fbb,40.71442703181805,-119.18557850464043,12,config_3
809fbd,40.74007417936393,-119.09253557554277,3,config_3
809fbf,40.81447513252472,-119.09253557554277,18,config_3
809fd,40.96151586175313,-119.23207840138082,81,config_3
809ff,41.06392310969191,-118.8596803520908,24,config_3
80c1,35.89395658325506,-117.92490017414548,36,config_3
80c5,34.95920828882321,-116.41938900264319,63,config_3
80c64,36.026614093901316,-116.04138886338704,36,config_3
80c6c,35.84827462377858,-116.79678490847915,10,config_3
80c71,36.37818198029142,-116.60816530936988,129,config_3
80c73,36.28728255079922,-116.98524219342079,54,config_3
80c75,36.60856371588773,-116.98524219342079,107,config_3
80c77,36.699775760583485,-116.60816530936988,49,config_3
80c79,36.7897336801538,-116.23046162917431,70,config_3
80c7b,36.467834759822175,-116.23046162917431,154,config_3
80c7d,36.55622806690574,-115.85217641246463,75,config_3
80c84,36.84791623950343,-115.28375849518459,36,config_3
80c884,36.37898828441461,-115.5681083893613,8,config_3
80c88c,36.42211750970797,-115.3785719022423,40,config_3
80c891,36.289689082837356,-115.42596745141297,22,config_3
80c8924,36.32608478325768,-115.35487132197885,14,config_3
80c892c,36.336795327529984,-115.30746460704879,59,config_3
80c8931,36.3036709619339,-115.31931697651964,94,config_3
80c8933,36.30901945597859,-115.29561177946167,71,config_3
80c8935,36.28871266574981,-115.29561177946167,61,config_3
80c8937,36.283365360191326,-115.31931697651964,79,config_3
80c893c,36.28548759376934,-115.35487132197885,20,config_3
80c8944,36.244869533852274,-115.35487132197885,3,config_3
80c894c,36.25557055567369,-115.30746460704879,94,config_3
80c8954,36.214926869827906,-115.30746460704879,111,config_3
80c895c,36.204230645192446,-115.35487132197885,43,config_3
80c897,36.20846734777577,-115.42596745141297,53,config_3
80c89c,36.21676905280592,-115.5681083893613,78,config_3
80c8a4,36.05421796451002,-115.5681083893613,87,config_3
80c8ac,35.89133771339766,-115.5681083893613,2,config_3
80c8b4,35.93423340049402,-115.3785719022423,25,config_3
80c8b9,36.067173224924375,-115.33116888644844,146,config_3
80c8bb,36.045774953068936,-115.42596745141297,17,config_3
80c8bc4,36.11218407545494,-115.4022706158482,3,config_3
80c8bcc,36.10145770860589,-115.44966239756026,47,config_3
80c8bd4,36.14212839449306,-115.44966239756026,129,config_3
80c8bdc,36.15285963598408,-115.4022706158482,74,config_3
80c8be4,36.163570969637625,-115.35487132197885,129,config_3
80c8bec,36.12289054919738,-115.35487132197885,46,config_3
80c8bf1,36.14108029433042,-115.31931697651964,27,config_3
80c8bf3,36.12073308298503,-115.31931697651964,56,config_3
80c8bf5,36.126070772800034,-115.29561177946167,111,config_3
80c8bf7,36.146419196609905,-115.29561177946167,61,config_3
80c8bfc,36.17426237308871,-115.30746460704879,102,config_3
80c8c04,36.18493382410928,-115.26005056226762,110,config_3
80c8c09,36.151753112148,-115.2719047556442,60,config_3
80c8c0b,36.131403477711636,-115.2719047556442,55,config_3
80c8c0d,36.13673119495518,-115.24819591648244,35,config_3
80c8c0f,36.157082038181365,-115.24819591648244,68,config_3
80c8c11,36.16240597195527,-115.22448527339863,90,config_3
80c8c13,36.14205392177462,-115.22448527339863,63,config_3
80c8c15,36.1473716554225,-115.20077283782196,34,config_3
80c8c17,36.16772491072357,-115.20077283782196,36,config_3
80c8c1c,36.19558530060847,-115.21262927895731,105,config_3
80c8c24,36.206216780632914,-115.16520084855117,102,config_3
80c8c2c,36.216828242367036,-115.11776536259309,69,config_3
80c8c304,36.18741454126879,-115.13555449083438,21,config_3
80c8c30c,36.17723756239473,-115.13555449083438,159,config_3
80c8c314,36.17988813011143,-115.1236951810567,19,config_3
80c8c31c,36.19006540829052,-115.1236951810567,8,config_3
80c8c33,36.188950661118966,-115.10590539941185,34,config_3
80c8c35,36.16859260365042,-115.10590539941185,34,config_3
80c8c37,36.163294869991226,-115.12962489053015,105,config_3
80c8c384,36.154228483053195,-115.14741336321894,48,config_3
80c8c38c,36.15157601393398,-115.15927179677834,105,config_3
80c8c394,36.16175499371383,-115.15927179677834,27,config_3
80c8c39c,36.164407763341515,-115.14741336321894,83,config_3
80c8c3a4,36.174585743485416,-115.14741336321894,108,config_3
80c8c3ac,36.184762422825955,-115.14741336321894,47,config_3
80c8c3b4,36.18210905330095,-115.15927179677834,37,config_3
80c8c3bc,36.171932673722495,-115.15927179677834,29,config_3
80c8c3d,36.1730388517487,-115.17705862118852,49,config_3
80c8c3f,36.15268439315995,-115.17705862118852,56,config_3
80c8c404,36.136087649426486,-115.18298734169528,10,config_3
80c8c40c,36.13874231697798,-115.17112979008085,41,config_3
80c8c414,36.1285610411198,-115.17112979008085,183,config_3
80c8c41c,36.12590667528208,-115.18298734169528,22,config_3
80c8c424,36.11572440409473,-115.18298734169528,66,config_3
80c8c42c,36.10554083652612,-115.18298734169528,61,config_3
80c8c4304,36.11101864429962,-115.17557642377344,71,config_3
80c8c4309,36.11215269053142,-115.1733531146959,117,config_3
80c8c430b,36.11248436870374,-115.17187090001168,114,config_3
80c8c430d,36.111211367053116,-115.17187090001168,33,config_3
80c8c430f,36.110879693606144,-115.1733531146959,55,config_3
80c8c4314,36.10913599586098,-115.1726120082168,72,config_3
80c8c431c,36.108472624122115,-115.17557642377344,41,config_3
80c8c433,36.10498512341945,-115.17409421944862,162,config_3
80c8c435,36.1063116540684,-115.1681653331076,12,config_3
80c8c437,36.11140395097143,-115.1681653331076,35,config_3
80c8c439,36.11649592378649,-115.1681653331076,24,config_3
80c8c43a1,36.113757350098744,-115.17187090001168,17,config_3
80c8c43a3,36.115030311236836,-115.17187090001168,12,config_3
80c8c43a5,36.11469862361602,-115.1733531146959,78,config_3
80c8c43a7,36.1134256672018,-115.1733531146959,106,config_3
80c8c43ac,36.11356458346455,-115.17557642377344,86,config_3
80c8c43b4,36.11611044160657,-115.17557642377344,38,config_3
80c8c43bc,36.11677387004618,-115.1726120082168,107,config_3
80c8c43d,36.12026081502195,-115.17409421944862,132,config_3
80c8c43f,36.121587572430776,-115.1681653331076,178,config_3
80c8c45,36.11726522191367,-115.15334263494128,76,config_3
80c8c464,36.13386602468232,-115.14741336321894,42,config_3
80c8c46c,36.13121415770002,-115.15927179677834,104,config_3
80c8c474,36.141395735042614,-115.15927179677834,121,config_3
80c8c47c,36.144047903280054,-115.14741336321894,24,config_3
80c8c4c,36.135398420349034,-115.11776536259309,161,config_3
80c8c54,36.094652317851704,-115.11776536259309,88,config_3
80c8c59,36.07651755983104,-115.15334263494128,82,config_3
80c8c5b,36.09689398218989,-115.15334263494128,49,config_3
80c8c5c4,36.08782297013951,-115.17112979008085,60,config_3
80c8c5c9,36.09612608832972,-115.1681653331076,12,config_3
80c8c5cb,36.101219033160206,-115.1681653331076,44,config_3
80c8c5cc4,36.098951029549575,-115.1726120082168,17,config_3
80c8c5cc9,36.10102662480134,-115.17187090001168,33,config_3
80c8c5ccb,36.10229978845029,-115.17187090001168,15,config_3
80c8c5ccd,36.10196814810116,-115.1733531146959,83,config_3
80c8c5ccf,36.10069498918339,-115.1733531146959,91,config_3
80c8c5cd4,36.10083407761771,-115.17557642377344,57,config_3
80c8c5cdc,36.098287733493464,-115.17557642377344,22,config_3
80c8c5cf,36.09479970908767,-115.17409421944862,100,config_3
80c8c5d4,36.095355973238604,-115.18298734169528,33,config_3
80c8c5dc,36.08516981489515,-115.18298734169528,12,config_3
80c8c5f,36.07121465644432,-115.17705862118852,90,config_3
80c8c64,36.07343828279969,-115.21262927895731,121,config_3
80c8c69,36.10664957250137,-115.20077283782196,50,config_3
80c8c6b,36.12701320758699,-115.20077283782196,26,config_3
80c8c6d,36.12169668205193,-115.22448527339863,34,config_3
80c8c6f,36.101334258072654,-115.22448527339863,121,config_3
80c8c74,36.103532881058676,-115.26005056226762,125,config_3
80c8c7c,36.06280132571474,-115.26005056226762,176,config_3
80c8c9,36.00698255541094,-115.23634081971663,147,config_3
80c8cb,35.92539077607315,-115.23634081971663,29,config_3
80c8cd,35.946590459166416,-115.14148398179033,113,config_3
80c8ce4,36.01309794190777,-115.11776536259309,88,config_3
80c8cec,36.00251065195177,-115.16520084855117,98,config_3
80c8cf4,36.04329330538313,-115.16520084855117,112,config_3
80c8cfc,36.053885477515266,-115.11776536259309,145,config_3
80c8d04,36.06445766834074,-115.07032291273677,93,config_3
80c8d0c,36.07500985623604,-115.02287359074474,124,config_3
80c8d14,36.03421260055374,-115.02287359074474,101,config_3
80c8d19,36.01610233617497,-115.05846122291463,22,config_3
80c8d1b,36.036504318904534,-115.05846122291463,42,config_3
80c8d1d,36.03122504393392,-115.08218417304988,32,config_3
80c8d1f,36.01082427919787,-115.08218417304988,120,config_3
80c8d3,35.967710408691985,-115.0465991050183,29,config_3
80c8d5,35.98875045124652,-114.95168692349858,37,config_3
80c8d7,36.070400926759895,-114.95168692349858,61,config_3
80c8d9,36.151968372886415,-114.95168692349858,22,config_3
80c8db,36.13088962669853,-115.0465991050183,187,config_3
80c8dd,36.2123546370799,-115.0465991050183,117,config_3
80c8df,36.23345244958083,-114.95168692349858,23,config_3
80c8e4,36.344968546438146,-114.99914638140322,169,config_3
80c8e84,36.25751187756457,-115.11776536259309,87,config_3
80c8e8c,36.2981746062767,-115.11776536259309,25,config_3
80c8e94,36.2875536429502,-115.16520084855117,52,config_3
80c8e9c,36.246895653115466,-115.16520084855117,120,config_3
80c8ea4,36.23625939579041,-115.21262927895731,71,config_3
80c8eac,36.22560312738381,-115.26005056226762,100,config_3
80c8eb4,36.26625159580664,-115.26005056226762,122,config_3
80c8ebc,36.276912632202475,-115.21262927895731,75,config_3
80c8ed,36.33252171802768,-115.23634081971663,167,config_3
80c8ef,36.35381790489505,-115.14148398179033,2,config_3
80c8f4,36.46492651781005,-115.18891595142229,3,config_3
80c8fc,36.50741390380816,-114.99914638140322,1,config_3
80c904,36.54957829818912,-114.80926906488743,37,config_3
80c90c,36.591418367124774,-114.61928990191176,94,config_3
80c914,36.4288268598318,-114.61928990191176,142,config_3
80c91c,36.38705940951085,-114.80926906488743,31,config_3
80c924,36.224202558830996,-114.80926906488743,32,config_3
80c929,36.09138022036734,-114.85674817305113,46,config_3
80c92b,36.00971041564109,-114.85674817305113,55,config_3
80c92c4,36.04580658848869,-114.78552711795506,26,config_3
80c92cc,36.004943694640865,-114.78552711795506,57,config_3
80c92d4,36.0153610538461,-114.73803849615418,179,config_3
80c92dc,36.056228759588706,-114.73803849615418,3,config_3
80c92f,36.112279149318695,-114.76178359119083,4,config_3
80c934,36.102628128582666,-114.61928990191176,3,config_3
80c93c,36.26589589023287,-114.61928990191176,54,config_3
80c95,36.246180846793905,-114.33414316655818,83,config_3
80c964,36.51138634433616,-114.23904976812737,8,config_3
80c96c,36.47026959388643,-114.42921481897034,185,config_3
80c974,36.63293281274744,-114.42921481897034,9,config_3
80c97c,36.67412037341553,-114.23904976812737,4,config_3
80c9c,37.01727952299506,-114.52426397902158,27,config_3
80cb,36.9367763776853,-113.38235448459531,30,config_3
80ce4,35.05379562943539,-114.52426397902158,106,config_3
80cec,35.713594071372796,-114.52426397902158,140,config_3
80cf4,35.546632644165236,-115.28375849518459,199,config_3
80cfc,34.88818150017172,-115.28375849518459,5,config_3
881,42.524635683013194,-87.53958546140831,26,config_3
