index,config_1,config_2,config_3,config_1_x,config_1_y,config_1_z,config_1_points,config_2_x,config_2_y,config_2_z,config_2_points,config_3_x,config_3_y,config_3_z,config_3_points
86d84,86d84,86d84,86d84,-10506.361443657184,-30422.722829079215,20622.93416423956,6.0,-10506.361443657184,-30422.722829079215,20622.93416423956,6.0,-10506.361443657184,-30422.722829079215,20622.93416423956,6.0
86d89,86d89,86d8c,86d8c,-22165.70623840063,-65832.70429056355,45104.26547830514,13.0,-157993.61733906044,-477834.103569715,324594.28494968935,94.0,-157993.61733906044,-477834.103569715,324594.28494968935,94.0
86d8b,86d8b,86d8c,86d8c,-25103.350259719668,-76236.20618880099,51870.427256494164,15.0,-157993.61733906044,-477834.103569715,324594.28494968935,94.0,-157993.61733906044,-477834.103569715,324594.28494968935,94.0
86d8d,86d8d,86d8c,86d8c,0.0,0.0,0.0,0.0,-157993.61733906044,-477834.103569715,324594.28494968935,94.0,-157993.61733906044,-477834.103569715,324594.28494968935,94.0
86d904,86d904,86d94,86d94,-81142.43874112485,-239618.78971266738,160191.96476431636,47.0,-125634.74124926084,-372675.48201619025,248252.15154861772,73.0,-125634.74124926084,-372675.48201619025,248252.15154861772,73.0
86d914,86d914,86d94,86d94,-1706.7314734092272,-5112.236269182978,3397.3314727005823,1.0,-125634.74124926084,-372675.48201619025,248252.15154861772,73.0,-125634.74124926084,-372675.48201619025,248252.15154861772,73.0
86d91c,86d91c,86d94,86d94,-18867.55041860727,-56158.32676356173,37438.13331949951,11.0,-125634.74124926084,-372675.48201619025,248252.15154861772,73.0,-125634.74124926084,-372675.48201619025,248252.15154861772,73.0
86d93,86d93,86d94,86d94,-5086.818555444123,-15352.870149435139,10184.350107740629,3.0,-125634.74124926084,-372675.48201619025,248252.15154861772,73.0,-125634.74124926084,-372675.48201619025,248252.15154861772,73.0
86d95,86d95,86d94,86d94,-6778.635419367587,-20549.85681796415,13460.55571597489,4.0,-125634.74124926084,-372675.48201619025,248252.15154861772,73.0,-125634.74124926084,-372675.48201619025,248252.15154861772,73.0
86d97,86d97,86d94,86d94,-12052.56664130781,-35883.402303378825,23579.816168385732,7.0,-125634.74124926084,-372675.48201619025,248252.15154861772,73.0,-125634.74124926084,-372675.48201619025,248252.15154861772,73.0
86d99,86d99,86d99,86d9c,-65175.24411205687,-189306.46109368955,124428.7865263217,37.0,-65175.24411205687,-189306.46109368955,124428.7865263217,37.0,-291112.86971799406,-840942.2407731189,559565.2436260299,165.0
86d9a4,86d9a4,86d9b,86d9c,-5252.849214080544,-15315.436806783571,10156.406589729746,3.0,-144330.35557056408,-417646.417930508,278684.74295187846,82.0,-291112.86971799406,-840942.2407731189,559565.2436260299,165.0
86d9ac,86d9ac,86d9b,86d9c,-24452.758801615717,-71350.32934550397,47610.66274036908,14.0,-144330.35557056408,-417646.417930508,278684.74295187846,82.0,-291112.86971799406,-840942.2407731189,559565.2436260299,165.0
86d9b1,86d9b1,86d9b,86d9c,-24632.549499427034,-71317.15541620688,47567.766155895006,14.0,-144330.35557056408,-417646.417930508,278684.74295187846,82.0,-291112.86971799406,-840942.2407731189,559565.2436260299,165.0
86d9b3,86d9b3,86d9b,86d9c,-33466.71010825026,-96767.63869568998,64567.05126149408,19.0,-144330.35557056408,-417646.417930508,278684.74295187846,82.0,-291112.86971799406,-840942.2407731189,559565.2436260299,165.0
86d9b5,86d9b5,86d9b,86d9c,-56525.48794719054,-162895.85766632354,108782.85620439055,32.0,-144330.35557056408,-417646.417930508,278684.74295187846,82.0,-291112.86971799406,-840942.2407731189,559565.2436260299,165.0
86d9d,86d9d,86d9d,86d9c,-81607.27003537305,-233989.36174892148,156451.71414782986,46.0,-81607.27003537305,-233989.36174892148,156451.71414782986,46.0,-291112.86971799406,-840942.2407731189,559565.2436260299,165.0
86db,86db,86db,86db,-15818.756218402697,-46221.06173066273,30018.798917450426,9.0,-15818.756218402697,-46221.06173066273,30018.798917450426,9.0,-15818.756218402697,-46221.06173066273,30018.798917450426,9.0
86dd,86dd,86dd,86dd,0.0,0.0,0.0,0.0,-80620.49594481301,-269570.99922451755,174886.58506004693,52.0,-80620.49594481301,-269570.99922451755,174886.58506004693,52.0
86de01,86de01,86de01,86de04,-4621.77715145356,-15531.375753557058,10135.246667032387,3.0,-4621.77715145356,-15531.375753557058,10135.246667032387,3.0,-209088.03865782567,-698461.978561102,456268.2159175934,135.0
86de03,86de03,86de03,86de04,-1541.3159591826275,-5171.577432992755,3386.5742422404423,1.0,-1541.3159591826275,-5171.577432992755,3386.5742422404423,1.0,-209088.03865782567,-698461.978561102,456268.2159175934,135.0
86de044,86de044,86de05,86de04,-9295.697760897747,-31034.508256232977,20289.908951897345,6.0,-92957.40172737963,-310239.016081772,203060.9818653748,60.0,-209088.03865782567,-698461.978561102,456268.2159175934,135.0
86de04c,86de04c,86de05,86de04,-13930.621311208852,-46524.97186786411,30481.7121470885,9.0,-92957.40172737963,-310239.016081772,203060.9818653748,60.0,-209088.03865782567,-698461.978561102,456268.2159175934,135.0
86de054,86de054,86de05,86de04,-18588.336910227586,-62029.284053410025,40641.92081047098,12.0,-92957.40172737963,-310239.016081772,203060.9818653748,60.0,-209088.03865782567,-698461.978561102,456268.2159175934,135.0
86de05c,86de05c,86de05,86de04,-51142.74574504547,-170650.2519042649,111647.43995591799,33.0,-92957.40172737963,-310239.016081772,203060.9818653748,60.0,-209088.03865782567,-698461.978561102,456268.2159175934,135.0
86de06c,86de06c,86de07,86de04,-29440.97799920239,-98312.9313194469,64192.65360716072,19.0,-109967.54381980984,-367520.0092927802,239685.41314294582,71.0,-209088.03865782567,-698461.978561102,456268.2159175934,135.0
86de074,86de074,86de07,86de04,0.0,0.0,0.0,0.0,-109967.54381980984,-367520.0092927802,239685.41314294582,71.0,-209088.03865782567,-698461.978561102,456268.2159175934,135.0
86de0c,86de0c,86de0c,86de0c,-12474.51569921132,-41343.11624807669,27071.70827341859,8.0,-12474.51569921132,-41343.11624807669,27071.70827341859,8.0,-12474.51569921132,-41343.11624807669,27071.70827341859,8.0
86de11,86de11,86de14,86de14,-32581.038425497718,-108410.56673877005,71314.12999488295,21.0,0.0,0.0,0.0,0.0,-223843.07946874775,-742743.1874814255,489791.105600604,144.0
86de15,86de15,86de14,86de14,-34385.936809699735,-113411.48530521,74839.01071070299,22.0,0.0,0.0,0.0,0.0,-223843.07946874775,-742743.1874814255,489791.105600604,144.0
86de17,86de17,86de14,86de14,0.0,0.0,0.0,0.0,0.0,0.0,0.0,0.0,-223843.07946874775,-742743.1874814255,489791.105600604,144.0
86de19,86de19,86de1c,86de1c,-24782.075992977057,-82565.96901323293,54402.96752895746,16.0,-140784.13604939528,-469871.25217663724,309069.7991655234,91.0,-140784.13604939528,-469871.25217663724,309069.7991655234,91.0
86de1a4,86de1a4,86de1c,86de1c,-55801.91470714105,-185895.33236681367,122202.24340742381,36.0,-140784.13604939528,-469871.25217663724,309069.7991655234,91.0,-140784.13604939528,-469871.25217663724,309069.7991655234,91.0
86de1ac,86de1ac,86de1c,86de1c,-24786.234683210816,-82663.34217051425,54253.02528984273,16.0,-140784.13604939528,-469871.25217663724,309069.7991655234,91.0,-140784.13604939528,-469871.25217663724,309069.7991655234,91.0
86de1b4,86de1b4,86de1c,86de1c,-7732.6829158311875,-25832.97756606555,16958.97118399747,5.0,-140784.13604939528,-469871.25217663724,309069.7991655234,91.0,-140784.13604939528,-469871.25217663724,309069.7991655234,91.0
86de1d,86de1d,86de1c,86de1c,-4618.190274922144,-15499.892733259616,10184.957730700698,3.0,-140784.13604939528,-469871.25217663724,309069.7991655234,91.0,-140784.13604939528,-469871.25217663724,309069.7991655234,91.0
86de1f,86de1f,86de1c,86de1c,-23063.037475313013,-77413.73832675119,51067.63402460115,15.0,-140784.13604939528,-469871.25217663724,309069.7991655234,91.0,-140784.13604939528,-469871.25217663724,309069.7991655234,91.0
86de24,86de24,86de3,86de3,0.0,0.0,0.0,0.0,0.0,0.0,0.0,0.0,-215104.27260789857,-716488.9403049059,473925.8632259636,139.0
86de2c,86de2c,86de3,86de3,-4596.525252146743,-15431.592433623238,10297.841523864,3.0,0.0,0.0,0.0,0.0,-215104.27260789857,-716488.9403049059,473925.8632259636,139.0
86de3c,86de3c,86de3,86de3,0.0,0.0,0.0,0.0,0.0,0.0,0.0,0.0,-215104.27260789857,-716488.9403049059,473925.8632259636,139.0
86de5,86de5,86de5,86de5,-32993.092646057514,-107903.01771720125,71891.81878692142,21.0,-32993.092646057514,-107903.01771720125,71891.81878692142,21.0,-32993.092646057514,-107903.01771720125,71891.81878692142,21.0
86de7,86de7,86de7,86de7,-17296.363632014156,-56714.87017695835,37357.670680265684,11.0,-17296.363632014156,-56714.87017695835,37357.670680265684,11.0,-17296.363632014156,-56714.87017695835,37357.670680265684,11.0
86de9,86de9,86dec,86dec,-3272.363543362654,-10299.59577239669,6750.388451596527,2.0,-123325.2267393174,-389667.4442241249,259605.0584464901,76.0,-123325.2267393174,-389667.4442241249,259605.0584464901,76.0
86ded,86ded,86dec,86dec,-29528.3980287187,-92333.31098461355,61267.499532652466,18.0,-123325.2267393174,-389667.4442241249,259605.0584464901,76.0,-123325.2267393174,-389667.4442241249,259605.0584464901,76.0
86dee4,86dee4,86dec,86dec,-71144.86188383617,-225463.36241152327,150620.0615356459,44.0,-123325.2267393174,-389667.4442241249,259605.0584464901,76.0,-123325.2267393174,-389667.4442241249,259605.0584464901,76.0
86deec,86deec,86dec,86dec,-3245.017901942869,-10273.749300167237,6802.862807011767,2.0,-123325.2267393174,-389667.4442241249,259605.0584464901,76.0,-123325.2267393174,-389667.4442241249,259605.0584464901,76.0
86def4,86def4,86dec,86dec,-6458.418811130198,-20563.770900799493,13596.17938364292,4.0,-123325.2267393174,-389667.4442241249,259605.0584464901,76.0,-123325.2267393174,-389667.4442241249,259605.0584464901,76.0
86defc,86defc,86dec,86dec,-9676.16657032683,-30733.654854624692,20568.066735940516,6.0,-123325.2267393174,-389667.4442241249,259605.0584464901,76.0,-123325.2267393174,-389667.4442241249,259605.0584464901,76.0
86df1,86df1,86df4,86df4,-72279.22973340638,-230482.0156691807,154427.5013563309,45.0,-121439.02374153813,-383445.4823107724,257944.77757966495,75.0,-121439.02374153813,-383445.4823107724,257944.77757966495,75.0
86df3,86df3,86df4,86df4,-19843.954070486976,-61269.590314108835,41196.68399745252,12.0,-121439.02374153813,-383445.4823107724,257944.77757966495,75.0,-121439.02374153813,-383445.4823107724,257944.77757966495,75.0
86df5,86df5,86df4,86df4,-21236.425249882293,-66204.3005711355,45007.35977304676,13.0,-121439.02374153813,-383445.4823107724,257944.77757966495,75.0,-121439.02374153813,-383445.4823107724,257944.77757966495,75.0
86df7,86df7,86df4,86df4,-8079.414687762475,-25489.575756347367,17313.23245283479,5.0,-121439.02374153813,-383445.4823107724,257944.77757966495,75.0,-121439.02374153813,-383445.4823107724,257944.77757966495,75.0
86dfc,86dfc,86dfc,86dfc,-23559.149439376662,-76621.55987756333,52024.78322002584,15.0,-23559.149439376662,-76621.55987756333,52024.78322002584,15.0,-23559.149439376662,-76621.55987756333,52024.78322002584,15.0
86e01,86e01,86e01,86e01,-4521.173257197623,-15329.696082593462,10481.641581329723,3.0,-4521.173257197623,-15329.696082593462,10481.641581329723,3.0,-4521.173257197623,-15329.696082593462,10481.641581329723,3.0
86e03,86e03,86e03,86e03,-29140.58122344032,-102352.56259420345,70075.7758930509,20.0,-29140.58122344032,-102352.56259420345,70075.7758930509,20.0,-29140.58122344032,-102352.56259420345,70075.7758930509,20.0
86e05,86e05,86e05,86e05,-65955.71484707104,-231563.7576834162,155634.63464297133,45.0,-65955.71484707104,-231563.7576834162,155634.63464297133,45.0,-65955.71484707104,-231563.7576834162,155634.63464297133,45.0
86e0604,86e0604,86e061,86e061,-14931.305150008076,-51448.80387512762,34482.62909341615,10.0,-124143.00616550203,-426870.5113382644,286343.9010646125,83.0,-124143.00616550203,-426870.5113382644,286343.9010646125,83.0
86e060c,86e060c,86e061,86e061,-23882.754344630353,-82304.0553004755,55196.31391483596,16.0,-124143.00616550203,-426870.5113382644,286343.9010646125,83.0,-124143.00616550203,-426870.5113382644,286343.9010646125,83.0
86e0614,86e0614,86e061,86e061,-74847.676249344,-257103.36250223848,172540.0403421108,50.0,-124143.00616550203,-426870.5113382644,286343.9010646125,83.0,-124143.00616550203,-426870.5113382644,286343.9010646125,83.0
86e061c,86e061c,86e061,86e061,-10481.270421519577,-36014.289660422815,24124.917714249572,7.0,-124143.00616550203,-426870.5113382644,286343.9010646125,83.0,-124143.00616550203,-426870.5113382644,286343.9010646125,83.0
86e0624,86e0624,86e063,86e063,-3004.4168882509766,-10287.847898636892,6891.492051103162,2.0,-82606.56190891674,-282771.93934169546,189737.05961532478,55.0,-82606.56190891674,-282771.93934169546,189737.05961532478,55.0
86e062c,86e062c,86e063,86e063,-9031.570222617172,-30854.008181696918,20680.714577425766,6.0,-82606.56190891674,-282771.93934169546,189737.05961532478,55.0,-82606.56190891674,-282771.93934169546,189737.05961532478,55.0
86e0634,86e0634,86e063,86e063,-24078.253048588536,-82262.3503757866,55173.54135264313,16.0,-82606.56190891674,-282771.93934169546,189737.05961532478,55.0,-82606.56190891674,-282771.93934169546,189737.05961532478,55.0
86e063c,86e063c,86e063,86e063,-46492.32174946008,-159367.7328855751,106991.3116341527,31.0,-82606.56190891674,-282771.93934169546,189737.05961532478,55.0,-82606.56190891674,-282771.93934169546,189737.05961532478,55.0
86e0641,86e0641,86e065,86e065,-70499.33559735435,-241566.0550574266,162291.24592842537,47.0,-109585.44139679898,-375149.3369952045,252104.65529187044,73.0,-109585.44139679898,-375149.3369952045,252104.65529187044,73.0
86e0645,86e0645,86e065,86e065,-7507.8734377464425,-25690.81383429019,17273.034593341483,5.0,-109585.44139679898,-375149.3369952045,252104.65529187044,73.0,-109585.44139679898,-375149.3369952045,252104.65529187044,73.0
86e0647,86e0647,86e065,86e065,-10509.389163479893,-35974.57782314141,24171.89202412521,7.0,-109585.44139679898,-375149.3369952045,252104.65529187044,73.0,-109585.44139679898,-375149.3369952045,252104.65529187044,73.0
86e064c,86e064c,86e065,86e065,-10536.842663453255,-35969.558698740584,24167.407650907473,7.0,-109585.44139679898,-375149.3369952045,252104.65529187044,73.0,-109585.44139679898,-375149.3369952045,252104.65529187044,73.0
86e0654,86e0654,86e065,86e065,-9032.774405630487,-30812.103337557797,20742.573458748902,6.0,-109585.44139679898,-375149.3369952045,252104.65529187044,73.0,-109585.44139679898,-375149.3369952045,252104.65529187044,73.0
86e065c,86e065c,86e065,86e065,-1499.226129134569,-5136.22824404793,3458.5016363219956,1.0,-109585.44139679898,-375149.3369952045,252104.65529187044,73.0,-109585.44139679898,-375149.3369952045,252104.65529187044,73.0
86e067,86e067,86e067,86e067,-4488.399787836046,-15419.88351110998,10362.876080590782,3.0,-4488.399787836046,-15419.88351110998,10362.876080590782,3.0,-4488.399787836046,-15419.88351110998,10362.876080590782,3.0
86e074,86e074,86e074,86e074,-1509.7642965040613,-5130.9266078945375,3461.785239306288,1.0,-1509.7642965040613,-5130.9266078945375,3461.785239306288,1.0,-1509.7642965040613,-5130.9266078945375,3461.785239306288,1.0
86e07c,86e07c,86e07c,86e07c,-1509.150409354971,-5140.896282356408,3447.2312927442545,1.0,-1509.150409354971,-5140.896282356408,3447.2312927442545,1.0,-1509.150409354971,-5140.896282356408,3447.2312927442545,1.0
86e0c,86e0c,86e0c,86e0c,-60432.33241942267,-206292.74475533405,136870.63775978255,40.0,-60432.33241942267,-206292.74475533405,136870.63775978255,40.0,-60432.33241942267,-206292.74475533405,136870.63775978255,40.0
86e1c,86e1c,86e1c,86e1c,0.0,0.0,0.0,0.0,-77492.62131004008,-276947.5644716496,188819.69886440106,54.0,-77492.62131004008,-276947.5644716496,188819.69886440106,54.0
86e23,86e23,86e3,86e3,-1369.7729804229632,-5167.4121058320325,3465.736175804672,1.0,0.0,0.0,0.0,0.0,-212595.34069937537,-825581.1559708384,558813.4737311273,160.0
86e264,86e264,86e3,86e3,-55373.09588410336,-216410.03478851527,147311.87841004803,42.0,0.0,0.0,0.0,0.0,-212595.34069937537,-825581.1559708384,558813.4737311273,160.0
86e26c,86e26c,86e3,86e3,0.0,0.0,0.0,0.0,0.0,0.0,0.0,0.0,-212595.34069937537,-825581.1559708384,558813.4737311273,160.0
86e34,86e34,86e3,86e3,-26364.104459514587,-104216.00792054961,68408.7348416613,20.0,0.0,0.0,0.0,0.0,-212595.34069937537,-825581.1559708384,558813.4737311273,160.0
86e3c,86e3c,86e3,86e3,-12174.273470355472,-46736.66794909522,30905.47974160577,9.0,0.0,0.0,0.0,0.0,-212595.34069937537,-825581.1559708384,558813.4737311273,160.0
86e404,86e404,86e41,86e5,-1385.9316397132902,-5211.740881683102,3392.153239744943,1.0,-110880.33997175908,-418217.17928462906,269395.822258304,80.0,0.0,0.0,0.0,0.0
86e414,86e414,86e41,86e5,-37323.47188752517,-141152.72689111187,90954.76666345369,27.0,-110880.33997175908,-418217.17928462906,269395.822258304,80.0,0.0,0.0,0.0,0.0
86e41c,86e41c,86e41,86e5,0.0,0.0,0.0,0.0,-110880.33997175908,-418217.17928462906,269395.822258304,80.0,0.0,0.0,0.0,0.0
86e43,86e43,86e43,86e5,-13926.481870198986,-52364.0204675018,33511.52388657066,10.0,-13926.481870198986,-52364.0204675018,33511.52388657066,10.0,0.0,0.0,0.0,0.0
86e46c,86e46c,86e47,86e5,-1349.7726372861323,-5229.2735555998415,3379.7285450188565,1.0,0.0,0.0,0.0,0.0,0.0,0.0,0.0,0.0
86e474,86e474,86e47,86e5,-6784.25900849964,-26107.63061704042,16944.288586834537,5.0,0.0,0.0,0.0,0.0,0.0,0.0,0.0,0.0
86e4794,86e4794,86e47,86e5,-12074.757751705565,-47002.89942086562,30540.095077230944,9.0,0.0,0.0,0.0,0.0,0.0,0.0,0.0,0.0
86e4799,86e4799,86e47,86e5,-17486.556326126618,-67887.31124154775,44104.43966079998,13.0,0.0,0.0,0.0,0.0,0.0,0.0,0.0,0.0
86e479a4,86e479a4,86e47,86e5,-9409.344617910925,-36554.710803250055,23751.110459535685,7.0,0.0,0.0,0.0,0.0,0.0,0.0,0.0,0.0
86e479b4,86e479b4,86e47,86e5,-1344.519365588701,-5221.492591329809,3393.8232016300294,1.0,0.0,0.0,0.0,0.0,0.0,0.0,0.0,0.0
86e479bc,86e479bc,86e47,86e5,0.0,0.0,0.0,0.0,0.0,0.0,0.0,0.0,0.0,0.0,0.0,0.0
86e479f,86e479f,86e47,86e5,-1346.2056733460647,-5222.015495407166,3392.3498611516698,1.0,0.0,0.0,0.0,0.0,0.0,0.0,0.0,0.0
86e47b,86e47b,86e47,86e5,-14828.547117128297,-57478.11547631458,37252.38974292146,11.0,0.0,0.0,0.0,0.0,0.0,0.0,0.0,0.0
86e47f,86e47f,86e47,86e5,-5341.288807537659,-20894.366178751698,13576.88422730819,4.0,0.0,0.0,0.0,0.0,0.0,0.0,0.0,0.0
86e4c,86e4c,86e4c,86e5,-15758.65130564428,-62868.35073513846,40547.02370721501,12.0,-15758.65130564428,-62868.35073513846,40547.02370721501,12.0,0.0,0.0,0.0,0.0
86e54,86e54,86e54,86e5,-13035.349966214002,-53053.7962377458,32776.93710864025,10.0,-13035.349966214002,-53053.7962377458,32776.93710864025,10.0,0.0,0.0,0.0,0.0
86e5c,86e5c,86e5c,86e5,-16669.818651027428,-63354.10698102485,39411.19120183858,12.0,-16669.818651027428,-63354.10698102485,39411.19120183858,12.0,0.0,0.0,0.0,0.0
86e64,86e64,86e64,86e7,-5823.261028046172,-21008.73667053054,13196.84059504133,4.0,-5823.261028046172,-21008.73667053054,13196.84059504133,4.0,0.0,0.0,0.0,0.0
86e6c,86e6c,86e6c,86e7,-14251.068999586463,-52199.16325802875,33631.458112560635,10.0,-14251.068999586463,-52199.16325802875,33631.458112560635,10.0,0.0,0.0,0.0,0.0
86e71,86e71,86e71,86e7,-8987.170266129258,-31342.060892770256,19953.233761798387,6.0,-8987.170266129258,-31342.060892770256,19953.233761798387,6.0,0.0,0.0,0.0,0.0
86e73,86e73,86e73,86e7,-61141.40120656896,-213183.84872431133,138005.96757545232,41.0,-61141.40120656896,-213183.84872431133,138005.96757545232,41.0,0.0,0.0,0.0,0.0
86e744,86e744,86e75,86e7,0.0,0.0,0.0,0.0,0.0,0.0,0.0,0.0,0.0,0.0,0.0,0.0
86e754,86e754,86e75,86e7,0.0,0.0,0.0,0.0,0.0,0.0,0.0,0.0,0.0,0.0,0.0,0.0
86e75c,86e75c,86e75,86e7,0.0,0.0,0.0,0.0,0.0,0.0,0.0,0.0,0.0,0.0,0.0,0.0
86e77,86e77,86e77,86e7,-47280.93498087513,-161432.1861671899,103493.47032104166,31.0,-47280.93498087513,-161432.1861671899,103493.47032104166,31.0,0.0,0.0,0.0,0.0
86e7c,86e7c,86e7c,86e7,-2968.12004100981,-10478.648235990193,6614.16167251548,2.0,-2968.12004100981,-10478.648235990193,6614.16167251548,2.0,0.0,0.0,0.0,0.0
86edd,86edd,86ed,86ec,-14787.059656513535,-59277.969107631965,34333.952657289956,11.0,-117011.34742108735,-480689.3401010999,277047.88015428005,89.0,0.0,0.0,0.0,0.0
86ede4,86ede4,86ed,86ec,-9275.029388775363,-37770.97160353389,21822.541573600847,7.0,-117011.34742108735,-480689.3401010999,277047.88015428005,89.0,0.0,0.0,0.0,0.0
86edec,86edec,86ed,86ec,-2645.048123088521,-10799.316998694914,6223.943420727601,2.0,-117011.34742108735,-480689.3401010999,277047.88015428005,89.0,0.0,0.0,0.0,0.0
86edf4,86edf4,86ed,86ec,-55023.465374283456,-227069.6774995485,130430.3104441839,42.0,-117011.34742108735,-480689.3401010999,277047.88015428005,89.0,0.0,0.0,0.0,0.0
86edfc,86edfc,86ed,86ec,-35280.74487842647,-145771.40489169065,84237.13205847774,27.0,-117011.34742108735,-480689.3401010999,277047.88015428005,89.0,0.0,0.0,0.0,0.0
86ee4,86ee4,86ee4,86ec,-48340.09440436156,-193565.97295031065,113132.01359193485,36.0,-48340.09440436156,-193565.97295031065,113132.01359193485,36.0,0.0,0.0,0.0,0.0
86eec,86eec,86eec,86ec,-5571.023349521806,-21357.29657854703,12738.31439127467,4.0,-5571.023349521806,-21357.29657854703,12738.31439127467,4.0,0.0,0.0,0.0,0.0
86ef4,86ef4,86ef4,86ec,-21972.202745016435,-84953.41688165735,51875.678711163586,16.0,-21972.202745016435,-84953.41688165735,51875.678711163586,16.0,0.0,0.0,0.0,0.0
86ef9,86ef9,86efc,86ec,0.0,0.0,0.0,0.0,0.0,0.0,0.0,0.0,0.0,0.0,0.0,0.0
86efb,86efb,86efc,86ec,0.0,0.0,0.0,0.0,0.0,0.0,0.0,0.0,0.0,0.0,0.0,0.0
86efd,86efd,86efc,86ec,-10420.311743949866,-42749.64588302105,25721.94116475779,8.0,0.0,0.0,0.0,0.0,0.0,0.0,0.0,0.0
86eff,86eff,86efc,86ec,-48586.499771216004,-196942.11192811758,120084.8900625001,37.0,0.0,0.0,0.0,0.0,0.0,0.0,0.0,0.0
86f1,86f1,86f1,86f1,0.0,0.0,0.0,0.0,-67216.0110670749,-289678.28294767765,172972.34705760924,54.0,-67216.0110670749,-289678.28294767765,172972.34705760924,54.0
86f204,86f204,86f204,86f204,-28552.850223443238,-118816.26258817938,68650.26365804543,22.0,-28552.850223443238,-118816.26258817938,68650.26365804543,22.0,-28552.850223443238,-118816.26258817938,68650.26365804543,22.0
86f20c,86f20c,86f20c,86f20c,-47860.63004172826,-200144.03456751138,114973.8689544856,37.0,-47860.63004172826,-200144.03456751138,114973.8689544856,37.0,-47860.63004172826,-200144.03456751138,114973.8689544856,37.0
86f2104,86f2104,86f2104,86f214,-25618.42755345385,-108153.04721764155,62309.83271015125,20.0,-25618.42755345385,-108153.04721764155,62309.83271015125,20.0,-163689.74916608282,-692386.3688160996,398533.61045680294,128.0
86f210c,86f210c,86f210c,86f214,-60071.3769519169,-254198.78381676783,146414.37554692067,47.0,-60071.3769519169,-254198.78381676783,146414.37554692067,47.0,-163689.74916608282,-692386.3688160996,398533.61045680294,128.0
86f2114,86f2114,86f2114,86f214,-52438.33678131253,-221802.12846525386,127614.29898855169,41.0,-52438.33678131253,-221802.12846525386,127614.29898855169,41.0,-163689.74916608282,-692386.3688160996,398533.61045680294,128.0
86f211c,86f211c,86f211c,86f214,-5133.551044826663,-21637.966149317617,12445.122606434808,4.0,-5133.551044826663,-21637.966149317617,12445.122606434808,4.0,-163689.74916608282,-692386.3688160996,398533.61045680294,128.0
86f213,86f213,86f213,86f214,-10252.921296428029,-43298.642904365384,24856.561741696583,8.0,-10252.921296428029,-43298.642904365384,24856.561741696583,8.0,-163689.74916608282,-692386.3688160996,398533.61045680294,128.0
86f215,86f215,86f215,86f214,-2543.0297356126375,-10831.099125239083,6211.217577442454,2.0,-2543.0297356126375,-10831.099125239083,6211.217577442454,2.0,-163689.74916608282,-692386.3688160996,398533.61045680294,128.0
86f217,86f217,86f217,86f214,-7632.10580253219,-32464.70113751417,18682.20128560545,6.0,-7632.10580253219,-32464.70113751417,18682.20128560545,6.0,-163689.74916608282,-692386.3688160996,398533.61045680294,128.0
86f21c,86f21c,86f21c,86f21c,0.0,0.0,0.0,0.0,-71098.69063299478,-302737.2294344911,174884.429348274,56.0,-71098.69063299478,-302737.2294344911,174884.429348274,56.0
86f224,86f224,86f23,86f23,-2520.016247033158,-10814.747933551766,6248.971130985097,2.0,-75190.97279116375,-324965.7128002012,186724.46971584138,60.0,-75190.97279116375,-324965.7128002012,186724.46971584138,60.0
86f22c,86f22c,86f23,86f23,-4930.635685982532,-21630.18137747192,12540.328319474977,4.0,-75190.97279116375,-324965.7128002012,186724.46971584138,60.0,-75190.97279116375,-324965.7128002012,186724.46971584138,60.0
86f234,86f234,86f23,86f23,-27376.417317996616,-119239.8790023703,68394.58117506214,22.0,-75190.97279116375,-324965.7128002012,186724.46971584138,60.0,-75190.97279116375,-324965.7128002012,186724.46971584138,60.0
86f23c,86f23c,86f23,86f23,-40363.90354015143,-173280.90448680715,99540.58909031916,32.0,-75190.97279116375,-324965.7128002012,186724.46971584138,60.0,-75190.97279116375,-324965.7128002012,186724.46971584138,60.0
86f25,86f25,86f25,86f25,-6322.751835269483,-27120.34020363178,15467.815775587089,5.0,-6322.751835269483,-27120.34020363178,15467.815775587089,5.0,-6322.751835269483,-27120.34020363178,15467.815775587089,5.0
86f27,86f27,86f27,86f27,-6420.187490327768,-27093.48547971915,15474.692169814945,5.0,-6420.187490327768,-27093.48547971915,15474.692169814945,5.0,-6420.187490327768,-27093.48547971915,15474.692169814945,5.0
86f5,86f5,86f5,86f5,-13755.674362295487,-70785.76034534746,40740.11829348681,13.0,-13755.674362295487,-70785.76034534746,40740.11829348681,13.0,-13755.674362295487,-70785.76034534746,40740.11829348681,13.0
86f7,86f7,86f7,86f7,-48758.59076638056,-243251.42351251346,143666.03874020054,45.0,-48758.59076638056,-243251.42351251346,143666.03874020054,45.0,-48758.59076638056,-243251.42351251346,143666.03874020054,45.0
86f9,86f9,86f9,86f9,-32697.822279024072,-164087.86253478483,104930.66473254474,31.0,-32697.822279024072,-164087.86253478483,104930.66473254474,31.0,-32697.822279024072,-164087.86253478483,104930.66473254474,31.0
86fb,86fb,86fb,86fb,0.0,0.0,0.0,0.0,-77906.88637301177,-348511.5812306578,221956.76932336504,66.0,-77906.88637301177,-348511.5812306578,221956.76932336504,66.0
86fd,86fd,86fd,86fd,-57704.56746767499,-250038.9404327387,166323.84342458405,48.0,-57704.56746767499,-250038.9404327387,166323.84342458405,48.0,-57704.56746767499,-250038.9404327387,166323.84342458405,48.0
86fe4,86fe4,86fe4,86ff,0.0,0.0,0.0,0.0,0.0,0.0,0.0,0.0,0.0,0.0,0.0,0.0
86fec,86fec,86fec,86ff,-21375.774957372905,-104652.30486472078,69472.58601204545,20.0,-21375.774957372905,-104652.30486472078,69472.58601204545,20.0,0.0,0.0,0.0,0.0
86ff1,86ff1,86ff4,86ff,-45553.367932774374,-230513.0392737362,152873.28467090742,44.0,-83298.82327748479,-425149.0827300775,280384.5385155113,81.0,0.0,0.0,0.0,0.0
86ff3,86ff3,86ff4,86ff,-10389.829080675303,-52531.31870400082,34517.65891827228,10.0,-83298.82327748479,-425149.0827300775,280384.5385155113,81.0,0.0,0.0,0.0,0.0
86ff5,86ff5,86ff4,86ff,-27355.626264035112,-142104.72475234052,92993.59492633153,27.0,-83298.82327748479,-425149.0827300775,280384.5385155113,81.0,0.0,0.0,0.0,0.0
86ffc,86ffc,86ffc,86ff,-7092.694923540478,-36403.32409850009,24766.11311719596,7.0,-7092.694923540478,-36403.32409850009,24766.11311719596,7.0,0.0,0.0,0.0,0.0
87201,87201,87204,8721,-1512.4757610526947,-5080.504057714417,3534.2111880096877,1.0,0.0,0.0,0.0,0.0,0.0,0.0,0.0,0.0
87203,87203,87204,8721,-67559.40443389867,-222770.58562128476,156175.05054767552,44.0,0.0,0.0,0.0,0.0,0.0,0.0,0.0,0.0
87205,87205,87204,8721,-41979.62004481423,-136826.36216662792,95426.30945855546,27.0,0.0,0.0,0.0,0.0,0.0,0.0,0.0,0.0
87207,87207,87204,8721,-46899.1468536193,-152096.1026790079,105820.65886503617,30.0,0.0,0.0,0.0,0.0,0.0,0.0,0.0,0.0
8720c,8720c,8720c,8721,-1591.2209781948127,-5058.166918788017,3531.673307358528,1.0,-1591.2209781948127,-5058.166918788017,3531.673307358528,1.0,0.0,0.0,0.0,0.0
87214,87214,87214,8721,-75282.05442718936,-236199.3998798203,167942.6986437743,47.0,-75282.05442718936,-236199.3998798203,167942.6986437743,47.0,0.0,0.0,0.0,0.0
8721b,8721b,8721c,8721,-15448.96392067452,-50435.616785128834,35728.59667652363,10.0,-119139.33158665083,-392859.16906014684,280019.69082644396,78.0,0.0,0.0,0.0,0.0
8721d,8721d,8721c,8721,-58230.26211664465,-191727.87484228803,135871.3810713635,38.0,-119139.33158665083,-392859.16906014684,280019.69082644396,78.0,0.0,0.0,0.0,0.0
8721f,8721f,8721c,8721,-45460.105549331696,-150695.67743272992,108419.71307855679,30.0,-119139.33158665083,-392859.16906014684,280019.69082644396,78.0,0.0,0.0,0.0,0.0
872204,872204,872204,872204,-15029.450739816491,-50077.53921123214,36405.04872662387,10.0,-15029.450739816491,-50077.53921123214,36405.04872662387,10.0,-15029.450739816491,-50077.53921123214,36405.04872662387,10.0
872209,872209,872209,872209,-20892.5259231156,-70015.04253830868,51156.49738465144,14.0,-20892.5259231156,-70015.04253830868,51156.49738465144,14.0,-20892.5259231156,-70015.04253830868,51156.49738465144,14.0
87220b,87220b,87220b,87220b,0.0,0.0,0.0,0.0,0.0,0.0,0.0,0.0,-245761.93693380768,-824395.7338950754,604175.9361974169,165.0
87220c4,87220c4,87220c4,87220d,-58302.26697467315,-194933.05326265778,142614.73187008765,39.0,-58302.26697467315,-194933.05326265778,142614.73187008765,39.0,0.0,0.0,0.0,0.0
87220cc,87220cc,87220cc,87220d,0.0,0.0,0.0,0.0,0.0,0.0,0.0,0.0,0.0,0.0,0.0,0.0
87220d4,87220d4,87220d4,87220d,0.0,0.0,0.0,0.0,-86875.03386586346,-289643.28928042884,212375.63590995217,58.0,0.0,0.0,0.0,0.0
87220dc,87220dc,87220dc,87220d,0.0,0.0,0.0,0.0,-104911.53722149903,-349781.84471416986,256000.02027616903,70.0,0.0,0.0,0.0,0.0
87220f,87220f,87220f,87220f,0.0,0.0,0.0,0.0,-91412.40446948519,-305058.6725696793,222749.6221196917,61.0,-91412.40446948519,-305058.6725696793,222749.6221196917,61.0
872214,872214,872214,872214,-25608.846052714296,-84872.1763091224,62220.05237025598,17.0,-25608.846052714296,-84872.1763091224,62220.05237025598,17.0,-25608.846052714296,-84872.1763091224,62220.05237025598,17.0
87221c,87221c,87221c,87221c,0.0,0.0,0.0,0.0,-87490.1051923475,-290447.40410205856,211020.52707741343,58.0,-87490.1051923475,-290447.40410205856,211020.52707741343,58.0
87223,87223,87223,87223,-50668.979821802226,-164750.11026322606,120383.51784627257,33.0,-50668.979821802226,-164750.11026322606,120383.51784627257,33.0,-50668.979821802226,-164750.11026322606,120383.51784627257,33.0
87225,87225,87225,87225,-3064.6525983485417,-9949.322528895216,7346.802700724273,2.0,-3064.6525983485417,-9949.322528895216,7346.802700724273,2.0,-3064.6525983485417,-9949.322528895216,7346.802700724273,2.0
872264,872264,872264,872264,-10489.433051100616,-34867.54504619193,25751.19139056079,7.0,-10489.433051100616,-34867.54504619193,25751.19139056079,7.0,-10489.433051100616,-34867.54504619193,25751.19139056079,7.0
87226c,87226c,87226c,87226c,-60113.134896734584,-199538.5106792882,146677.78743052608,40.0,-60113.134896734584,-199538.5106792882,146677.78743052608,40.0,-60113.134896734584,-199538.5106792882,146677.78743052608,40.0
872271,872271,872271,872274,-38829.46110038116,-129647.33768039936,95511.80560858344,26.0,-38829.46110038116,-129647.33768039936,95511.80560858344,26.0,0.0,0.0,0.0,0.0
8722724,8722724,872273,872274,-41921.38243358531,-139697.9553192638,102710.47904266474,28.0,0.0,0.0,0.0,0.0,0.0,0.0,0.0,0.0
872272c,872272c,872273,872274,-61380.998797620145,-204672.70722369733,150242.55330712558,41.0,0.0,0.0,0.0,0.0,0.0,0.0,0.0,0.0
8722734,8722734,872273,872274,-67207.9856404348,-224692.88312871876,164895.23594539377,45.0,0.0,0.0,0.0,0.0,0.0,0.0,0.0,0.0
872273c,872273c,872273,872274,-46293.51644974358,-154690.44886714112,113730.05486863834,31.0,0.0,0.0,0.0,0.0,0.0,0.0,0.0,0.0
872275,872275,872275,872274,0.0,0.0,0.0,0.0,0.0,0.0,0.0,0.0,0.0,0.0,0.0,0.0
872277,872277,872277,872274,0.0,0.0,0.0,0.0,-112990.20431624244,-379160.78511381295,279135.62645544455,76.0,0.0,0.0,0.0,0.0
87227c,87227c,87227c,87227c,-25196.526718449826,-84694.04870047276,62629.701623330315,17.0,-25196.526718449826,-84694.04870047276,62629.701623330315,17.0,-25196.526718449826,-84694.04870047276,62629.701623330315,17.0
87229,87229,8722c,8722c,0.0,0.0,0.0,0.0,-132664.73179743552,-440862.7473546964,330981.5969727916,89.0,-132664.73179743552,-440862.7473546964,330981.5969727916,89.0
8722b,8722b,8722c,8722c,-29578.447301986114,-98975.14044673064,74598.25702813867,20.0,-132664.73179743552,-440862.7473546964,330981.5969727916,89.0,-132664.73179743552,-440862.7473546964,330981.5969727916,89.0
8722d,8722d,8722c,8722c,-12044.273796891379,-39451.79886004279,29937.050048727913,8.0,-132664.73179743552,-440862.7473546964,330981.5969727916,89.0,-132664.73179743552,-440862.7473546964,330981.5969727916,89.0
8722f,8722f,8722c,8722c,-6072.893063527586,-19819.62546635335,14823.539530971015,4.0,-132664.73179743552,-440862.7473546964,330981.5969727916,89.0,-132664.73179743552,-440862.7473546964,330981.5969727916,89.0
87234,87234,87234,87234,-57804.35831044257,-177964.6766873069,132632.7767205093,36.0,-57804.35831044257,-177964.6766873069,132632.7767205093,36.0,-57804.35831044257,-177964.6766873069,132632.7767205093,36.0
872384,872384,872384,87239,-22419.37994355192,-69350.15380958018,51415.137384478825,14.0,-22419.37994355192,-69350.15380958018,51415.137384478825,14.0,-252254.82566329069,-783975.1585130861,578818.5307420376,158.0
87238c,87238c,87238c,87239,-51348.356288791605,-158939.9319980992,116898.8697451096,32.0,-51348.356288791605,-158939.9319980992,116898.8697451096,32.0,-252254.82566329069,-783975.1585130861,578818.5307420376,158.0
872394,872394,872394,87239,-42935.49540788393,-134072.70665650157,98848.1479520495,27.0,-42935.49540788393,-134072.70665650157,98848.1479520495,27.0,-252254.82566329069,-783975.1585130861,578818.5307420376,158.0
87239a4,87239a4,87239c,87239,-35034.55863894719,-109163.04620718403,80631.56193982487,22.0,-135551.59402306323,-421612.3660489051,311656.3756603996,85.0,-252254.82566329069,-783975.1585130861,578818.5307420376,158.0
87239ac,87239ac,87239c,87239,-63804.78782424593,-198410.82462601783,146648.20869767608,40.0,-135551.59402306323,-421612.3660489051,311656.3756603996,85.0,-252254.82566329069,-783975.1585130861,578818.5307420376,158.0
87239b4,87239b4,87239c,87239,-36712.24755987013,-114038.49521570333,84376.60502289874,23.0,-135551.59402306323,-421612.3660489051,311656.3756603996,85.0,-252254.82566329069,-783975.1585130861,578818.5307420376,158.0
8723a4,8723a4,8723b,8723b,-3145.548891329162,-9918.236498432272,7354.802402129314,2.0,-103507.58320157684,-328252.771717185,241546.4758548228,66.0,-103507.58320157684,-328252.771717185,241546.4758548228,66.0
8723b4,8723b4,8723b,8723b,-45205.964587809794,-144373.3226643518,106060.00690799812,29.0,-103507.58320157684,-328252.771717185,241546.4758548228,66.0,-103507.58320157684,-328252.771717185,241546.4758548228,66.0
8723bc,8723bc,8723b,8723b,-55156.06972243788,-173961.21255440087,128131.66654469537,35.0,-103507.58320157684,-328252.771717185,241546.4758548228,66.0,-103507.58320157684,-328252.771717185,241546.4758548228,66.0
8723d,8723d,8723d,8723d,-25209.18876601327,-79711.48867463469,58322.68601318853,16.0,-25209.18876601327,-79711.48867463469,58322.68601318853,16.0,-25209.18876601327,-79711.48867463469,58322.68601318853,16.0
8723f,8723f,8723f,8723f,-69549.4574893278,-214128.59132287832,156083.94878344957,43.0,-69549.4574893278,-214128.59132287832,156083.94878344957,43.0,-69549.4574893278,-214128.59132287832,156083.94878344957,43.0
87241,87241,87244,87244,-12999.055940310758,-39844.07658480231,29003.762725306042,8.0,-105238.0421018572,-316871.64842897456,234031.86377224728,64.0,-105238.0421018572,-316871.64842897456,234031.86377224728,64.0
87245,87245,87244,87244,-43104.96932429169,-128447.68885084798,95298.48703964682,26.0,-105238.0421018572,-316871.64842897456,234031.86377224728,64.0,-105238.0421018572,-316871.64842897456,234031.86377224728,64.0
87247,87247,87244,87244,-49134.016837254756,-148579.88299332425,109729.61400729443,30.0,-105238.0421018572,-316871.64842897456,234031.86377224728,64.0,-105238.0421018572,-316871.64842897456,234031.86377224728,64.0
87249,87249,8724c,8724c,-38856.98832923956,-118382.36720451419,88630.50007163035,24.0,0.0,0.0,0.0,0.0,-188843.7932486263,-560682.776341985,421270.3665519394,114.0
8724d,8724d,8724c,8724c,0.0,0.0,0.0,0.0,0.0,0.0,0.0,0.0,-188843.7932486263,-560682.776341985,421270.3665519394,114.0
8724f,8724f,8724c,8724c,-53402.452645691315,-157568.07912564304,117831.33758099552,32.0,0.0,0.0,0.0,0.0,-188843.7932486263,-560682.776341985,421270.3665519394,114.0
87254,87254,87254,87254,-68944.35553038912,-201157.9234188784,151701.3957730338,41.0,-68944.35553038912,-201157.9234188784,151701.3957730338,41.0,-68944.35553038912,-201157.9234188784,151701.3957730338,41.0
8725c,8725c,8725c,8725c,-83699.43738962633,-241663.39653581905,179022.82764510997,49.0,-83699.43738962633,-241663.39653581905,179022.82764510997,49.0,-83699.43738962633,-241663.39653581905,179022.82764510997,49.0
87264,87264,8727,8727,-22465.61271734476,-65044.83921895868,46088.28871367866,13.0,-166374.71713189397,-495700.2127168263,352683.31764613354,99.0,-166374.71713189397,-495700.2127168263,352683.31764613354,99.0
87269,87269,8727,8727,-63265.24528548739,-189519.42464162334,136716.772136469,38.0,-166374.71713189397,-495700.2127168263,352683.31764613354,99.0,-166374.71713189397,-495700.2127168263,352683.31764613354,99.0
8726b,8726b,8727,8727,-32894.62268027607,-99937.32265452138,71876.93301650326,20.0,-166374.71713189397,-495700.2127168263,352683.31764613354,99.0,-166374.71713189397,-495700.2127168263,352683.31764613354,99.0
8726d,8726d,8727,8727,-1662.9848141220168,-5005.981844482262,3572.7273070290394,1.0,-166374.71713189397,-495700.2127168263,352683.31764613354,99.0,-166374.71713189397,-495700.2127168263,352683.31764613354,99.0
87274,87274,8727,8727,-15037.475759288307,-45540.67413360061,31427.379611650762,9.0,-166374.71713189397,-495700.2127168263,352683.31764613354,99.0,-166374.71713189397,-495700.2127168263,352683.31764613354,99.0
8727c,8727c,8727,8727,-31048.77587537538,-90651.97022363998,63001.216860802786,18.0,-166374.71713189397,-495700.2127168263,352683.31764613354,99.0,-166374.71713189397,-495700.2127168263,352683.31764613354,99.0
873a23,873a23,873a4,873a4,-46745.35515405392,-134717.82799405666,107183.67737297634,28.0,-166384.4062968953,-481463.4243990181,382629.62741974666,100.0,-166384.4062968953,-481463.4243990181,382629.62741974666,100.0
873a25,873a25,873a4,873a4,-58196.0310704399,-168399.61825560773,134079.14892663358,35.0,-166384.4062968953,-481463.4243990181,382629.62741974666,100.0,-166384.4062968953,-481463.4243990181,382629.62741974666,100.0
873a3c,873a3c,873a4,873a4,-46600.58089927596,-134825.11279695045,107111.80720925146,28.0,-166384.4062968953,-481463.4243990181,382629.62741974666,100.0,-166384.4062968953,-481463.4243990181,382629.62741974666,100.0
873a5,873a5,873a4,873a4,-14842.439173125538,-43520.86535240332,34254.99391088533,9.0,-166384.4062968953,-481463.4243990181,382629.62741974666,100.0,-166384.4062968953,-481463.4243990181,382629.62741974666,100.0
873ac,873ac,873ac,873ac,-23436.90654175847,-68244.39759887257,52430.67985030756,14.0,-23436.90654175847,-68244.39759887257,52430.67985030756,14.0,-23436.90654175847,-68244.39759887257,52430.67985030756,14.0
873b1,873b1,873b4,873b4,-50839.77686165401,-150741.12978412092,117042.84320420375,31.0,-84878.6120809852,-253164.39423498974,196102.94006281183,52.0,-84878.6120809852,-253164.39423498974,196102.94006281183,52.0
873b3,873b3,873b4,873b4,-8284.938855930275,-24439.44449432492,18676.58801378745,5.0,-84878.6120809852,-253164.39423498974,196102.94006281183,52.0,-84878.6120809852,-253164.39423498974,196102.94006281183,52.0
873b5,873b5,873b4,873b4,-1611.652956770456,-4900.22207703042,3739.0040749368213,1.0,-84878.6120809852,-253164.39423498974,196102.94006281183,52.0,-84878.6120809852,-253164.39423498974,196102.94006281183,52.0
873b7,873b7,873b4,873b4,-24142.243406630445,-73083.59787951347,56644.5047698838,15.0,-84878.6120809852,-253164.39423498974,196102.94006281183,52.0,-84878.6120809852,-253164.39423498974,196102.94006281183,52.0
873b85,873b85,873b84,873bc,-76460.29323182703,-232888.21027445432,182854.28718090005,48.0,-130423.74705285538,-397956.6442958785,312322.8399054952,82.0,0.0,0.0,0.0,0.0
873b87,873b87,873b84,873bc,-53963.453821028335,-165068.43402142415,129468.55272459515,34.0,-130423.74705285538,-397956.6442958785,312322.8399054952,82.0,0.0,0.0,0.0,0.0
873b8c,873b8c,873b8c,873bc,0.0,0.0,0.0,0.0,-141785.12449790558,-431625.48177439935,339275.4043770074,89.0,0.0,0.0,0.0,0.0
873b94,873b94,873b94,873bc,-20777.790127752967,-63032.29052021196,49546.76353012509,13.0,-20777.790127752967,-63032.29052021196,49546.76353012509,13.0,0.0,0.0,0.0,0.0
873bb,873bb,873bb,873bc,-34374.86129035125,-101562.91798442912,80021.1204150851,21.0,-34374.86129035125,-101562.91798442912,80021.1204150851,21.0,0.0,0.0,0.0,0.0
873bd,873bd,873bd,873bc,-1635.1517803853085,-4818.076755370144,3834.3406426844876,1.0,-1635.1517803853085,-4818.076755370144,3834.3406426844876,1.0,0.0,0.0,0.0,0.0
873bf,873bf,873bf,873bc,-17456.95357282856,-53154.06489462179,42204.96973692354,11.0,-17456.95357282856,-53154.06489462179,42204.96973692354,11.0,0.0,0.0,0.0,0.0
873c5,873c5,873c4,873c4,-52445.245627868666,-165392.95636037126,129677.81002830653,34.0,-100968.38817641528,-316029.4989772264,247833.34022498238,65.0,-100968.38817641528,-316029.4989772264,247833.34022498238,65.0
873c7,873c7,873c4,873c4,-48523.1425485466,-150636.54261685512,118155.53019667589,31.0,-100968.38817641528,-316029.4989772264,247833.34022498238,65.0,-100968.38817641528,-316029.4989772264,247833.34022498238,65.0
873cc,873cc,873cc,873cc,-63143.7049238747,-195845.42226389382,150333.49893540918,40.0,-63143.7049238747,-195845.42226389382,150333.49893540918,40.0,-63143.7049238747,-195845.42226389382,150333.49893540918,40.0
873d1,873d1,873d4,873d4,-1515.932082633412,-4880.244305082375,3804.591774846707,1.0,0.0,0.0,0.0,0.0,-157597.65283752323,-525035.90660959,405215.6397063034,107.0
873d3,873d3,873d4,873d4,-10674.27587953145,-34395.327969967664,26304.344426028754,7.0,0.0,0.0,0.0,0.0,-157597.65283752323,-525035.90660959,405215.6397063034,107.0
873d5,873d5,873d4,873d4,-65320.41587940089,-216525.18629408223,165625.55414995406,44.0,0.0,0.0,0.0,0.0,-157597.65283752323,-525035.90660959,405215.6397063034,107.0
873d7,873d7,873d4,873d4,0.0,0.0,0.0,0.0,0.0,0.0,0.0,0.0,-157597.65283752323,-525035.90660959,405215.6397063034,107.0
873d84,873d84,873d9,873dc,0.0,0.0,0.0,0.0,0.0,0.0,0.0,0.0,-207188.33456938987,-687335.0759335768,540001.153471331,141.0
873d91,873d91,873d9,873dc,-32346.63206401303,-107165.76006495263,84348.28180821831,22.0,0.0,0.0,0.0,0.0,-207188.33456938987,-687335.0759335768,540001.153471331,141.0
873d95,873d95,873d9,873dc,-54507.63465614713,-180050.1451955815,142050.07240683638,37.0,0.0,0.0,0.0,0.0,-207188.33456938987,-687335.0759335768,540001.153471331,141.0
873d9c,873d9c,873d9,873dc,-5884.167564161515,-19508.28036962298,15304.885952716944,4.0,0.0,0.0,0.0,0.0,-207188.33456938987,-687335.0759335768,540001.153471331,141.0
873db,873db,873db,873dc,-28472.16656712672,-92597.32902483095,72580.30516461456,19.0,-28472.16656712672,-92597.32902483095,72580.30516461456,19.0,-207188.33456938987,-687335.0759335768,540001.153471331,141.0
873dd,873dd,873dd,873dc,-4435.074534078933,-14584.58720705373,11529.427912947353,3.0,-4435.074534078933,-14584.58720705373,11529.427912947353,3.0,-207188.33456938987,-687335.0759335768,540001.153471331,141.0
873df,873df,873df,873dc,-4434.218017132698,-14586.548652517475,11527.275788226734,3.0,-4434.218017132698,-14586.548652517475,11527.275788226734,3.0,-207188.33456938987,-687335.0759335768,540001.153471331,141.0
87004,87004,87004,8701,-7005.534739131159,-36118.921105401394,25203.87883586938,7.0,-7005.534739131159,-36118.921105401394,25203.87883586938,7.0,0.0,0.0,0.0,0.0
8700c,8700c,8700c,8701,-39816.48176205711,-204598.93719462425,146618.17286999445,40.0,-39816.48176205711,-204598.93719462425,146618.17286999445,40.0,0.0,0.0,0.0,0.0
87011,87011,87014,8701,-50401.0397426602,-245681.53851094673,174981.44570444647,48.0,0.0,0.0,0.0,0.0,0.0,0.0,0.0,0.0
87013,87013,87014,8701,-14474.052739100156,-71470.16845693838,51362.22340577666,14.0,0.0,0.0,0.0,0.0,0.0,0.0,0.0,0.0
87015,87015,87014,8701,0.0,0.0,0.0,0.0,0.0,0.0,0.0,0.0,0.0,0.0,0.0,0.0
87017,87017,87014,8701,-6436.43422628245,-30685.500381359012,21867.79998635665,6.0,0.0,0.0,0.0,0.0,0.0,0.0,0.0,0.0
8701c,8701c,8701c,8701,-15009.655829181953,-72123.80297712795,50283.011318805984,14.0,-15009.655829181953,-72123.80297712795,50283.011318805984,14.0,0.0,0.0,0.0,0.0
87024,87024,87024,87024,-9071.006026478693,-41147.87038586859,28674.948376152235,8.0,-9071.006026478693,-41147.87038586859,28674.948376152235,8.0,-9071.006026478693,-41147.87038586859,28674.948376152235,8.0
8702c4,8702c4,8702c4,8702c4,-7256.065461480408,-30759.653543112378,21504.017274331687,6.0,-7256.065461480408,-30759.653543112378,21504.017274331687,6.0,-7256.065461480408,-30759.653543112378,21504.017274331687,6.0
8702dc4,8702dc4,8702dc4,8702dd,-44510.54500530216,-189341.28901430112,133176.7951901701,37.0,-44510.54500530216,-189341.28901430112,133176.7951901701,37.0,0.0,0.0,0.0,0.0
8702dd9,8702dd9,8702ddc,8702dd,-25189.660684804127,-107500.98233091488,75558.5917088699,21.0,0.0,0.0,0.0,0.0,0.0,0.0,0.0,0.0
8702ddb,8702ddb,8702ddc,8702dd,-21615.197230533515,-92144.23652883984,64755.717215979246,18.0,0.0,0.0,0.0,0.0,0.0,0.0,0.0,0.0
8702ddd,8702ddd,8702ddc,8702dd,0.0,0.0,0.0,0.0,0.0,0.0,0.0,0.0,0.0,0.0,0.0,0.0
8702ddf,8702ddf,8702ddc,8702dd,0.0,0.0,0.0,0.0,0.0,0.0,0.0,0.0,0.0,0.0,0.0,0.0
8702de1,8702de1,8702de1,8702de4,0.0,0.0,0.0,0.0,0.0,0.0,0.0,0.0,0.0,0.0,0.0,0.0
8702de3,8702de3,8702de3,8702de4,0.0,0.0,0.0,0.0,-106670.89559917674,-455300.87434386706,320677.1931689193,89.0,0.0,0.0,0.0,0.0
8702de5,8702de5,8702de5,8702de4,0.0,0.0,0.0,0.0,-78043.93129037376,-332502.09740667924,234186.25613605487,65.0,0.0,0.0,0.0,0.0
8702de7,8702de7,8702de7,8702de4,0.0,0.0,0.0,0.0,0.0,0.0,0.0,0.0,0.0,0.0,0.0,0.0
8702de9,8702de9,8702dec,8702dec,0.0,0.0,0.0,0.0,0.0,0.0,0.0,0.0,-191283.4035516468,-813464.0731165233,572569.9655810972,159.0
8702deb,8702deb,8702dec,8702dec,-26496.64103363917,-112556.24833544128,79211.48453222627,22.0,0.0,0.0,0.0,0.0,-191283.4035516468,-813464.0731165233,572569.9655810972,159.0
8702ded,8702ded,8702dec,8702dec,-8429.95699656631,-35805.19559387722,25215.5049685344,7.0,0.0,0.0,0.0,0.0,-191283.4035516468,-813464.0731165233,572569.9655810972,159.0
8702def,8702def,8702dec,8702dec,-36072.98737517804,-153462.41935977363,108068.510418734,30.0,0.0,0.0,0.0,0.0,-191283.4035516468,-813464.0731165233,572569.9655810972,159.0
8702df4,8702df4,8702df4,8702df4,-7211.197451244982,-30682.190671502805,21629.44528173263,6.0,-7211.197451244982,-30682.190671502805,21629.44528173263,6.0,-7211.197451244982,-30682.190671502805,21629.44528173263,6.0
8702dfc,8702dfc,8702dfc,8702dfc,-16782.09666763604,-71596.41053357368,50476.78635650715,14.0,-16782.09666763604,-71596.41053357368,50476.78635650715,14.0,-16782.09666763604,-71596.41053357368,50476.78635650715,14.0
8702e1,8702e1,8702e4,8702f,0.0,0.0,0.0,0.0,0.0,0.0,0.0,0.0,-169797.47616293386,-726803.1348519861,511250.91651436384,142.0
8702e7,8702e7,8702e4,8702f,0.0,0.0,0.0,0.0,0.0,0.0,0.0,0.0,-169797.47616293386,-726803.1348519861,511250.91651436384,142.0
8702ec,8702ec,8702ec,8702f,-4777.986464051142,-20502.221991638624,14361.954428991252,4.0,-4777.986464051142,-20502.221991638624,14361.954428991252,4.0,-169797.47616293386,-726803.1348519861,511250.91651436384,142.0
87031,87031,87034,87034,-4764.763526147227,-20431.95573380925,14466.104347966608,4.0,-114358.93619569273,-484123.4382489358,344763.86126152554,95.0,-114358.93619569273,-484123.4382489358,344763.86126152554,95.0
870324,870324,87034,87034,-38454.59075512721,-163420.05635864253,115667.52292861488,32.0,-114358.93619569273,-484123.4382489358,344763.86126152554,95.0,-114358.93619569273,-484123.4382489358,344763.86126152554,95.0
87032c,87032c,87034,87034,-41391.37022472031,-173358.93013919902,123106.3777540145,34.0,-114358.93619569273,-484123.4382489358,344763.86126152554,95.0,-114358.93619569273,-484123.4382489358,344763.86126152554,95.0
87033c,87033c,87034,87034,-1196.2905918353247,-5094.6399227594375,3633.6326186048914,1.0,-114358.93619569273,-484123.4382489358,344763.86126152554,95.0,-114358.93619569273,-484123.4382489358,344763.86126152554,95.0
87035,87035,87034,87034,-16823.091739806296,-71086.63908654389,51178.488231307936,14.0,-114358.93619569273,-484123.4382489358,344763.86126152554,95.0,-114358.93619569273,-484123.4382489358,344763.86126152554,95.0
87037,87037,87034,87034,-11728.829358056342,-50731.21700798176,36711.73538101676,10.0,-114358.93619569273,-484123.4382489358,344763.86126152554,95.0,-114358.93619569273,-484123.4382489358,344763.86126152554,95.0
8703c,8703c,8703c,8703c,-5546.325659761812,-25423.59298521012,18374.35327911604,5.0,-5546.325659761812,-25423.59298521012,18374.35327911604,5.0,-5546.325659761812,-25423.59298521012,18374.35327911604,5.0
8705,8705,8705,8705,-48937.685188972006,-216839.0285225604,160092.89997233485,43.0,-48937.685188972006,-216839.0285225604,160092.89997233485,43.0,-48937.685188972006,-216839.0285225604,160092.89997233485,43.0
8707,8707,8707,8707,0.0,0.0,0.0,0.0,-53180.48007646609,-261504.19606498053,196299.89584667725,52.0,-53180.48007646609,-261504.19606498053,196299.89584667725,52.0
87084,87084,87084,8709,-42193.52576483333,-219220.024025993,169538.11501850738,44.0,-42193.52576483333,-219220.024025993,169538.11501850738,44.0,0.0,0.0,0.0,0.0
8708c,8708c,8708c,8709,-25606.09486481486,-124691.2296919395,95731.85903796318,25.0,-25606.09486481486,-124691.2296919395,95731.85903796318,25.0,0.0,0.0,0.0,0.0
87091,87091,87094,8709,-30136.416299263223,-148455.61675116076,116548.10216238801,30.0,-62776.19856184602,-306084.95691950043,241651.039284192,62.0,0.0,0.0,0.0,0.0
87093,87093,87094,8709,-8329.586721344956,-39557.74170506747,31040.923267319733,8.0,-62776.19856184602,-306084.95691950043,241651.039284192,62.0,0.0,0.0,0.0,0.0
87095,87095,87094,8709,-9264.00733257906,-44224.23707935802,35301.00063093743,9.0,-62776.19856184602,-306084.95691950043,241651.039284192,62.0,0.0,0.0,0.0,0.0
87097,87097,87094,8709,-15046.18820865878,-73847.36138391426,58761.0132235468,15.0,-62776.19856184602,-306084.95691950043,241651.039284192,62.0,0.0,0.0,0.0,0.0
87099,87099,87099,8709,-20367.678767742436,-103473.10458023928,82331.79366542133,21.0,-20367.678767742436,-103473.10458023928,82331.79366542133,21.0,0.0,0.0,0.0,0.0
8709b,8709b,8709b,8709,-20751.649484638176,-104003.812108139,81563.76426974124,21.0,-20751.649484638176,-104003.812108139,81563.76426974124,21.0,0.0,0.0,0.0,0.0
8709d,8709d,8709d,8709,-27363.699553974107,-143972.46221651603,112512.57680139384,29.0,-27363.699553974107,-143972.46221651603,112512.57680139384,29.0,0.0,0.0,0.0,0.0
8709f,8709f,8709f,8709,0.0,0.0,0.0,0.0,0.0,0.0,0.0,0.0,0.0,0.0,0.0,0.0
870a4,870a4,870a4,870a4,-32933.25090076357,-171353.3432038485,138835.85632660642,35.0,-32933.25090076357,-171353.3432038485,138835.85632660642,35.0,-32933.25090076357,-171353.3432038485,138835.85632660642,35.0
870a9,870a9,870a9,870ac,-17658.797735842072,-92234.21340806648,76380.03239196402,19.0,-17658.797735842072,-92234.21340806648,76380.03239196402,19.0,-166129.08460891922,-856526.4372670769,714412.2857321941,177.0
870aa4,870aa4,870ab,870ac,-915.6018051154653,-4852.7794737948225,4025.1655671366343,1.0,-72199.49578811074,-377301.3516477132,315242.4558601983,78.0,-166129.08460891922,-856526.4372670769,714412.2857321941,177.0
870aac,870aac,870ab,870ac,-22947.160508335655,-120801.39496600484,101237.55852802095,25.0,-72199.49578811074,-377301.3516477132,315242.4558601983,78.0,-166129.08460891922,-856526.4372670769,714412.2857321941,177.0
870ab4,870ab4,870ab,870ac,-30625.517794376756,-159519.63960484578,133483.18337445447,33.0,-72199.49578811074,-377301.3516477132,315242.4558601983,78.0,-166129.08460891922,-856526.4372670769,714412.2857321941,177.0
870abc,870abc,870ab,870ac,-17711.21568028286,-92127.53760306777,76496.54839058612,19.0,-72199.49578811074,-377301.3516477132,315242.4558601983,78.0,-166129.08460891922,-856526.4372670769,714412.2857321941,177.0
870acc,870acc,870ad,870ac,-35917.571114525126,-183661.0596728867,153590.7183252056,38.0,-57016.12898666219,-289942.0425952648,242498.71820145196,60.0,-166129.08460891922,-856526.4372670769,714412.2857321941,177.0
870ad4,870ad4,870ad,870ac,-21098.55787213707,-106280.98292237807,88907.99987624635,22.0,-57016.12898666219,-289942.0425952648,242498.71820145196,60.0,-166129.08460891922,-856526.4372670769,714412.2857321941,177.0
870af,870af,870af,870ac,-19254.662098304212,-97048.82961603251,80291.07927857985,20.0,-19254.662098304212,-97048.82961603251,80291.07927857985,20.0,-166129.08460891922,-856526.4372670769,714412.2857321941,177.0
870b1,870b1,870b1,870b4,-32556.840266776835,-160204.73176978462,132199.13012251153,33.0,-32556.840266776835,-160204.73176978462,132199.13012251153,33.0,-116103.2647988295,-561739.1144501208,465977.0533144304,116.0
870b3,870b3,870b3,870b4,-18668.56907703416,-91744.56511777935,76728.68499602588,19.0,-18668.56907703416,-91744.56511777935,76728.68499602588,19.0,-116103.2647988295,-561739.1144501208,465977.0533144304,116.0
870b5,870b5,870b5,870b4,-28195.238273497922,-135134.3997422964,112986.726930193,28.0,-28195.238273497922,-135134.3997422964,112986.726930193,28.0,-116103.2647988295,-561739.1144501208,465977.0533144304,116.0
870b7,870b7,870b7,870b4,-36682.6171815206,-174655.4178202606,144062.51126569998,36.0,-36682.6171815206,-174655.4178202606,144062.51126569998,36.0,-116103.2647988295,-561739.1144501208,465977.0533144304,116.0
870bc,870bc,870bc,870bc,-11114.929233134517,-53837.29780249187,43465.122378073895,11.0,-11114.929233134517,-53837.29780249187,43465.122378073895,11.0,-11114.929233134517,-53837.29780249187,43465.122378073895,11.0
870d,870d,870d,870d,-10532.678826547522,-49047.42205499475,39273.25038299468,10.0,-10532.678826547522,-49047.42205499475,39273.25038299468,10.0,-10532.678826547522,-49047.42205499475,39273.25038299468,10.0
870f,870f,870f,870f,-25704.885558447793,-114490.35707874535,87764.1283872789,23.0,-25704.885558447793,-114490.35707874535,87764.1283872789,23.0,-25704.885558447793,-114490.35707874535,87764.1283872789,23.0
87104,87104,87104,8711,0.0,0.0,0.0,0.0,-64633.6862343018,-262955.0386332588,201724.26835199387,53.0,-171455.66834556582,-672639.0591038354,518528.33981783607,136.0
87109,87109,8710c,8711,-17905.766237739528,-69262.75761669583,53269.4066564746,14.0,-106821.982111264,-409684.0204705764,316804.0714658422,83.0,-171455.66834556582,-672639.0591038354,518528.33981783607,136.0
8710b,8710b,8710c,8711,-18493.17403800551,-69308.25912440232,53008.978311728446,14.0,-106821.982111264,-409684.0204705764,316804.0714658422,83.0,-171455.66834556582,-672639.0591038354,518528.33981783607,136.0
8710d,8710d,8710c,8711,-14505.025580178924,-54093.51683475046,42129.037468922725,11.0,-106821.982111264,-409684.0204705764,316804.0714658422,83.0,-171455.66834556582,-672639.0591038354,518528.33981783607,136.0
8710f,8710f,8710c,8711,-55918.01625534006,-217019.4868947278,168396.64902871643,44.0,-106821.982111264,-409684.0204705764,316804.0714658422,83.0,-171455.66834556582,-672639.0591038354,518528.33981783607,136.0
87164,87164,87164,87164,-54451.46817740552,-185393.41690360496,145861.9803224214,38.0,-54451.46817740552,-185393.41690360496,145861.9803224214,38.0,-54451.46817740552,-185393.41690360496,145861.9803224214,38.0
87171,87171,87171,87171,-24657.723866814176,-88557.88344280257,68560.40810391912,18.0,-24657.723866814176,-88557.88344280257,68560.40810391912,18.0,-24657.723866814176,-88557.88344280257,68560.40810391912,18.0
87173,87173,87173,87173,-9497.99453216021,-34468.62298516637,26657.082220685454,7.0,-9497.99453216021,-34468.62298516637,26657.082220685454,7.0,-9497.99453216021,-34468.62298516637,26657.082220685454,7.0
87175,87175,87175,87175,-49828.246109127285,-182793.32240835938,140252.95034642948,37.0,-49828.246109127285,-182793.32240835938,140252.95034642948,37.0,-49828.246109127285,-182793.32240835938,140252.95034642948,37.0
871764,871764,871764,87177,0.0,0.0,0.0,0.0,-132068.9394466652,-474116.4732126163,363106.7118958958,96.0,0.0,0.0,0.0,0.0
87176b,87176b,87176c,87177,-28613.356136067512,-103541.88340352783,79752.31639065841,21.0,-134356.61720056707,-483341.0895867306,371689.70764647244,98.0,0.0,0.0,0.0,0.0
87176d,87176d,87176c,87177,-57612.45806226247,-207098.0525383087,159347.16482068782,42.0,-134356.61720056707,-483341.0895867306,371689.70764647244,98.0,0.0,0.0,0.0,0.0
87176f,87176f,87176c,87177,-48130.8030022371,-172701.15364489405,132590.22643512627,35.0,-134356.61720056707,-483341.0895867306,371689.70764647244,98.0,0.0,0.0,0.0,0.0
871774,871774,871774,87177,0.0,0.0,0.0,0.0,-80406.15825441392,-286005.75503055746,219725.69320629057,58.0,0.0,0.0,0.0,0.0
87177c,87177c,87177c,87177,-34589.17786939291,-123517.53948844064,94422.3854045406,25.0,-34589.17786939291,-123517.53948844064,94422.3854045406,25.0,0.0,0.0,0.0,0.0
87179,87179,87179,8717c,-9886.735789106813,-34524.8152950658,26441.960993787015,7.0,-9886.735789106813,-34524.8152950658,26441.960993787015,7.0,-172302.3092868689,-585689.1293097202,449518.22120545537,119.0
8717b,8717b,8717b,8717c,-4217.845164175427,-14736.04456249624,11417.80388788088,3.0,-4217.845164175427,-14736.04456249624,11417.80388788088,3.0,-172302.3092868689,-585689.1293097202,449518.22120545537,119.0
8717d,8717d,8717d,8717c,-10094.216850538463,-34359.785808519,26578.078959151164,7.0,-10094.216850538463,-34359.785808519,26578.078959151164,7.0,-172302.3092868689,-585689.1293097202,449518.22120545537,119.0
8717e1,8717e1,8717f,8717c,-43625.04091692057,-147455.31557254685,113510.1681385579,30.0,0.0,0.0,0.0,0.0,-172302.3092868689,-585689.1293097202,449518.22120545537,119.0
8717e3,8717e3,8717f,8717c,-45156.19232054719,-152503.25432778688,117091.5022386058,31.0,0.0,0.0,0.0,0.0,-172302.3092868689,-585689.1293097202,449518.22120545537,119.0
8717ec,8717ec,8717f,8717c,-2860.2800673888473,-9847.774319853092,7563.012058700539,2.0,0.0,0.0,0.0,0.0,-172302.3092868689,-585689.1293097202,449518.22120545537,119.0
8717f4,8717f4,8717f,8717c,-25949.019802402072,-88784.04341261236,67787.21298212446,18.0,0.0,0.0,0.0,0.0,-172302.3092868689,-585689.1293097202,449518.22120545537,119.0
8717fc,8717fc,8717f,8717c,-30512.978375789495,-103478.0960108402,79128.48194664759,21.0,0.0,0.0,0.0,0.0,-172302.3092868689,-585689.1293097202,449518.22120545537,119.0
871804,871804,87181,87181,-1455.087260249118,-4936.272082980971,3755.754533715011,1.0,0.0,0.0,0.0,0.0,-159701.37169384406,-544946.7367768206,410686.0428131996,110.0
87180c,87180c,87181,87181,-62859.070302088316,-212968.41769705457,160448.08070902643,43.0,0.0,0.0,0.0,0.0,-159701.37169384406,-544946.7367768206,410686.0428131996,110.0
871814,871814,87181,87181,0.0,0.0,0.0,0.0,0.0,0.0,0.0,0.0,-159701.37169384406,-544946.7367768206,410686.0428131996,110.0
87181c,87181c,87181,87181,-4305.936116365128,-14822.73787959085,11271.78090750102,3.0,0.0,0.0,0.0,0.0,-159701.37169384406,-544946.7367768206,410686.0428131996,110.0
871821,871821,871824,871824,-5705.824337836477,-19774.11791599197,15028.765980969123,4.0,-89800.04265343062,-311621.2150650809,236492.45461093858,63.0,-89800.04265343062,-311621.2150650809,236492.45461093858,63.0
871823,871823,871824,871824,-54323.714175869776,-187999.51814905152,142536.68629642218,38.0,-89800.04265343062,-311621.2150650809,236492.45461093858,63.0,-89800.04265343062,-311621.2150650809,236492.45461093858,63.0
871825,871825,871824,871824,-5683.61771733193,-19787.47697772283,15019.59456350157,4.0,-89800.04265343062,-311621.2150650809,236492.45461093858,63.0,-89800.04265343062,-311621.2150650809,236492.45461093858,63.0
871827,871827,871824,871824,-24086.886422392425,-84060.10202231455,63907.40777004571,17.0,-89800.04265343062,-311621.2150650809,236492.45461093858,63.0,-89800.04265343062,-311621.2150650809,236492.45461093858,63.0
8718281,8718281,87182c,87182c,-4240.792686886439,-14827.552016262023,11290.13523105552,3.0,-117106.63218594967,-410246.47515242005,312420.5993769421,83.0,-117106.63218594967,-410246.47515242005,312420.5993769421,83.0
87182823,87182823,87182c,87182c,-1412.2154580043334,-4942.539187370982,3763.868622993269,1.0,-117106.63218594967,-410246.47515242005,312420.5993769421,83.0,-117106.63218594967,-410246.47515242005,312420.5993769421,83.0
87182827dcc,87182827dcc,87182c,87182c,-64913.826061596585,-227348.86628578493,173166.4107354459,46.0,-117106.63218594967,-410246.47515242005,312420.5993769421,83.0,-117106.63218594967,-410246.47515242005,312420.5993769421,83.0
87182827dd4,87182827dd4,87182c,87182c,-22578.724255051966,-79077.73915106292,60231.96147369105,16.0,-117106.63218594967,-410246.47515242005,312420.5993769421,83.0,-117106.63218594967,-410246.47515242005,312420.5993769421,83.0
87182827ddc,87182827ddc,87182c,87182c,-4233.459933032204,-14827.087129176085,11293.497351411064,3.0,-117106.63218594967,-410246.47515242005,312420.5993769421,83.0,-117106.63218594967,-410246.47515242005,312420.5993769421,83.0
871828c,871828c,87182c,87182c,-5660.157605378999,-19780.86169159911,15037.15973760901,4.0,-117106.63218594967,-410246.47515242005,312420.5993769421,83.0,-117106.63218594967,-410246.47515242005,312420.5993769421,83.0
871829c,871829c,87182c,87182c,-9857.025142084858,-34605.51495750385,26347.584470756254,7.0,-117106.63218594967,-410246.47515242005,312420.5993769421,83.0,-117106.63218594967,-410246.47515242005,312420.5993769421,83.0
87182b,87182b,87182c,87182c,-4210.431043914307,-14836.314733660136,11289.981753980031,3.0,-117106.63218594967,-410246.47515242005,312420.5993769421,83.0,-117106.63218594967,-410246.47515242005,312420.5993769421,83.0
871834,871834,871834,871834,-28247.131616364593,-99125.79697747334,74913.720172241,20.0,-28247.131616364593,-99125.79697747334,74913.720172241,20.0,-28247.131616364593,-99125.79697747334,74913.720172241,20.0
8718384,8718384,871839,87183c,-8543.063968869359,-29771.01910350015,22403.874334992623,6.0,-72618.86781377665,-252942.58062002377,190579.32595784514,51.0,-168192.3666245152,-584811.2089112655,441450.35069583566,118.0
871838c,871838c,871839,87183c,-28490.321003740908,-99211.65934413605,74707.75817998973,20.0,-72618.86781377665,-252942.58062002377,190579.32595784514,51.0,-168192.3666245152,-584811.2089112655,441450.35069583566,118.0
8718394,8718394,871839,87183c,-21353.513892065483,-74366.72787299563,56091.9893472849,15.0,-72618.86781377665,-252942.58062002377,190579.32595784514,51.0,-168192.3666245152,-584811.2089112655,441450.35069583566,118.0
871839c,871839c,871839,87183c,-14231.968949100914,-49593.17429939199,37375.70409557788,10.0,-72618.86781377665,-252942.58062002377,190579.32595784514,51.0,-168192.3666245152,-584811.2089112655,441450.35069583566,118.0
87183b,87183b,87183b,87183c,-45598.422586227214,-158552.10767052523,119774.43308662534,32.0,-45598.422586227214,-158552.10767052523,119774.43308662534,32.0,-168192.3666245152,-584811.2089112655,441450.35069583566,118.0
87183d,87183d,87183d,87183c,-49975.07622451131,-173316.52062071644,131096.59165136516,35.0,-49975.07622451131,-173316.52062071644,131096.59165136516,35.0,-168192.3666245152,-584811.2089112655,441450.35069583566,118.0
871844,871844,871844,871844,-42734.699514983484,-148982.77291409892,111841.93723287316,30.0,-42734.699514983484,-148982.77291409892,111841.93723287316,30.0,-42734.699514983484,-148982.77291409892,111841.93723287316,30.0
871849,871849,87184c,87184c,-11365.359430430104,-39742.288516481436,29818.16931365036,8.0,-98895.58114171488,-348051.98831130564,260708.72817774315,70.0,-98895.58114171488,-348051.98831130564,260708.72817774315,70.0
87184d,87184d,87184c,87184c,-54896.81732495779,-193958.68410857246,145270.01446458852,39.0,-98895.58114171488,-348051.98831130564,260708.72817774315,70.0,-98895.58114171488,-348051.98831130564,260708.72817774315,70.0
87184f,87184f,87184c,87184c,-32633.404386326947,-114351.01568625172,85620.54439950426,23.0,-98895.58114171488,-348051.98831130564,260708.72817774315,70.0,-98895.58114171488,-348051.98831130564,260708.72817774315,70.0
8718501,8718501,8718504,871851,-17065.640788313365,-59698.89880896736,44606.3872938452,12.0,0.0,0.0,0.0,0.0,0.0,0.0,0.0,0.0
8718503,8718503,8718504,871851,-39780.80650550492,-139307.84501245746,104082.55285613476,28.0,0.0,0.0,0.0,0.0,0.0,0.0,0.0,0.0
8718505,8718505,8718504,871851,0.0,0.0,0.0,0.0,0.0,0.0,0.0,0.0,0.0,0.0,0.0,0.0
8718507,8718507,8718504,871851,0.0,0.0,0.0,0.0,0.0,0.0,0.0,0.0,0.0,0.0,0.0,0.0
8718509,8718509,871850c,871851,0.0,0.0,0.0,0.0,0.0,0.0,0.0,0.0,0.0,0.0,0.0,0.0
871850b,871850b,871850c,871851,-38437.06098068239,-134415.44448589403,100224.79910231737,27.0,0.0,0.0,0.0,0.0,0.0,0.0,0.0,0.0
871850d,871850d,871850c,871851,-32685.98035963499,-114516.9305102223,85378.44211123575,23.0,0.0,0.0,0.0,0.0,0.0,0.0,0.0,0.0
871850f,871850f,871850c,871851,-36954.58981347561,-129424.23647693424,96552.56621777601,26.0,0.0,0.0,0.0,0.0,0.0,0.0,0.0,0.0
8718514,8718514,8718514,871851,-12771.756179653943,-44805.97515288346,33422.69334516734,9.0,-12771.756179653943,-44805.97515288346,33422.69334516734,9.0,0.0,0.0,0.0,0.0
871851c,871851c,871851c,871851,-48218.051371227586,-169176.6767959934,126396.29749693723,34.0,-48218.051371227586,-169176.6767959934,126396.29749693723,34.0,0.0,0.0,0.0,0.0
871855,871855,871855,871855,-1411.6132660547341,-4986.722554962745,3705.3608834500274,1.0,-1411.6132660547341,-4986.722554962745,3705.3608834500274,1.0,-1411.6132660547341,-4986.722554962745,3705.3608834500274,1.0
871857,871857,871857,871857,-69598.72457377572,-244119.99372534337,181706.93679728734,49.0,-69598.72457377572,-244119.99372534337,181706.93679728734,49.0,-69598.72457377572,-244119.99372534337,181706.93679728734,49.0
871859,871859,871859,87185c,-17158.37733365402,-59757.14016073342,44492.66093258738,12.0,-17158.37733365402,-59757.14016073342,44492.66093258738,12.0,-224255.8487896614,-781348.3494878707,582838.2198298229,157.0
87185a4,87185a4,87185b,87185c,0.0,0.0,0.0,0.0,0.0,0.0,0.0,0.0,-224255.8487896614,-781348.3494878707,582838.2198298229,157.0
87185ac,87185ac,87185b,87185c,-39912.7203241872,-139316.89689580526,104019.91269306887,28.0,0.0,0.0,0.0,0.0,-224255.8487896614,-781348.3494878707,582838.2198298229,157.0
87185b4,87185b4,87185b,87185c,-8575.757299239316,-29849.399720563742,22286.78540960961,6.0,0.0,0.0,0.0,0.0,-224255.8487896614,-781348.3494878707,582838.2198298229,157.0
87185bc,87185bc,87185b,87185c,-51482.911893478864,-179164.81487501133,133618.09410655804,36.0,0.0,0.0,0.0,0.0,-224255.8487896614,-781348.3494878707,582838.2198298229,157.0
87185d,87185d,87185d,87185c,-10033.448739589508,-34830.66128442119,25981.778805771857,7.0,-10033.448739589508,-34830.66128442119,25981.778805771857,7.0,-224255.8487896614,-781348.3494878707,582838.2198298229,157.0
87185f,87185f,87185f,87185c,-10075.49879232286,-34852.76175510367,25935.821177882128,7.0,-10075.49879232286,-34852.76175510367,25935.821177882128,7.0,-224255.8487896614,-781348.3494878707,582838.2198298229,157.0
871864,871864,871864,87187,-20274.938856056033,-69700.77729588322,51829.65818026442,14.0,-20274.938856056033,-69700.77729588322,51829.65818026442,14.0,-205844.76159659668,-704884.5731619098,528407.6411353496,142.0
87186b,87186b,87186c,87187,-54827.8889726061,-188513.3229651642,141662.35102233483,38.0,-143193.88254879724,-491175.148887279,368866.4959896712,99.0,-205844.76159659668,-704884.5731619098,528407.6411353496,142.0
87186d,87186d,87186c,87187,0.0,0.0,0.0,0.0,-143193.88254879724,-491175.148887279,368866.4959896712,99.0,-205844.76159659668,-704884.5731619098,528407.6411353496,142.0
87186f,87186f,87186c,87187,-2903.097229563201,-9929.086641795631,7439.37240104864,2.0,-143193.88254879724,-491175.148887279,368866.4959896712,99.0,-205844.76159659668,-704884.5731619098,528407.6411353496,142.0
871874,871874,871874,87187,-36542.25162931819,-124130.82578036297,92869.7773958272,25.0,-36542.25162931819,-124130.82578036297,92869.7773958272,25.0,-205844.76159659668,-704884.5731619098,528407.6411353496,142.0
87187c,87187c,87187c,87187,-5833.688562425167,-19877.82119838465,14841.709569586863,4.0,-5833.688562425167,-19877.82119838465,14841.709569586863,4.0,-205844.76159659668,-704884.5731619098,528407.6411353496,142.0
871884,871884,871884,87189,-58737.50082191439,-199255.63791558682,147616.4512301096,40.0,-58737.50082191439,-199255.63791558682,147616.4512301096,40.0,-289245.36720668804,-982779.2117753599,725065.8892347687,197.0
87188c,87188c,87188c,87189,-49495.9707184087,-169337.72314872453,125684.57608227244,34.0,-49495.9707184087,-169337.72314872453,125684.57608227244,34.0,-289245.36720668804,-982779.2117753599,725065.8892347687,197.0
871894,871894,871894,87189,-24708.63075689446,-84865.53208242955,62592.002976233256,17.0,-24708.63075689446,-84865.53208242955,62592.002976233256,17.0,-289245.36720668804,-982779.2117753599,725065.8892347687,197.0
871899,871899,87189c,87189,-48541.72957734409,-164835.92417725283,121140.60459103873,33.0,0.0,0.0,0.0,0.0,-289245.36720668804,-982779.2117753599,725065.8892347687,197.0
87189b,87189b,87189c,87189,-4403.287947589412,-14974.492789854636,11031.019857850963,3.0,0.0,0.0,0.0,0.0,-289245.36720668804,-982779.2117753599,725065.8892347687,197.0
87189d,87189d,87189c,87189,-10337.428310666986,-34939.403998351205,25715.238698173915,7.0,0.0,0.0,0.0,0.0,-289245.36720668804,-982779.2117753599,725065.8892347687,197.0
87189f,87189f,87189c,87189,0.0,0.0,0.0,0.0,0.0,0.0,0.0,0.0,-289245.36720668804,-982779.2117753599,725065.8892347687,197.0
8718b,8718b,8718b,8718b,0.0,0.0,0.0,0.0,-107577.14722238171,-365168.36467827775,267172.63475029776,73.0,-107577.14722238171,-365168.36467827775,267172.63475029776,73.0
8718d,8718d,8718d,8718d,-21557.37119597405,-75244.37726153056,54829.3294274284,15.0,-21557.37119597405,-75244.37726153056,54829.3294274284,15.0,-21557.37119597405,-75244.37726153056,54829.3294274284,15.0
8718e1,8718e1,8718e4,8718f,-49613.005676599096,-175183.38787555182,128731.37799709137,35.0,-83650.90617773743,-295209.1422651976,217133.50534440792,59.0,-272014.18621538364,-953668.6678953993,705174.1363549584,191.0
8718e3,8718e3,8718e4,8718f,-34037.90050113833,-120025.75438964578,88402.12734731653,24.0,-83650.90617773743,-295209.1422651976,217133.50534440792,59.0,-272014.18621538364,-953668.6678953993,705174.1363549584,191.0
8718f4,8718f4,8718f4,8718f,-67716.10779948357,-234382.68731701092,173614.49109387994,47.0,-67716.10779948357,-234382.68731701092,173614.49109387994,47.0,-272014.18621538364,-953668.6678953993,705174.1363549584,191.0
8718f9,8718f9,8718fc,8718f,-59659.87224923496,-209483.95983914175,155426.7492523684,42.0,-120647.1722381627,-424076.83831319085,314426.1399166706,85.0,-272014.18621538364,-953668.6678953993,705174.1363549584,191.0
8718fb,8718fb,8718fc,8718f,-19903.112778181807,-69899.41981231664,51706.1633820758,14.0,-120647.1722381627,-424076.83831319085,314426.1399166706,85.0,-272014.18621538364,-953668.6678953993,705174.1363549584,191.0
8718fd,8718fd,8718fc,8718f,-12778.609504316777,-44947.622924686,33229.329046190374,9.0,-120647.1722381627,-424076.83831319085,314426.1399166706,85.0,-272014.18621538364,-953668.6678953993,705174.1363549584,191.0
8718ff,8718ff,8718fc,8718f,-28305.577706429136,-99745.83573704654,74063.89823603607,20.0,-120647.1722381627,-424076.83831319085,314426.1399166706,85.0,-272014.18621538364,-953668.6678953993,705174.1363549584,191.0
87191,87191,87191,87191,-62747.30232277088,-224958.64170934792,166284.1695379995,45.0,-62747.30232277088,-224958.64170934792,166284.1695379995,45.0,-62747.30232277088,-224958.64170934792,166284.1695379995,45.0
871924,871924,87193,87193,-1415.5496337333848,-5011.022134921558,3670.916714860322,1.0,-81468.7852578536,-291436.2851938358,212064.69037591264,58.0,-81468.7852578536,-291436.2851938358,212064.69037591264,58.0
87192c,87192c,87193,87193,-49328.54532458936,-175808.40799127505,127986.48797794737,35.0,-81468.7852578536,-291436.2851938358,212064.69037591264,58.0,-81468.7852578536,-291436.2851938358,212064.69037591264,58.0
871934,871934,87193,87193,-30724.690299530845,-110616.8550676392,80407.28568310493,22.0,-81468.7852578536,-291436.2851938358,212064.69037591264,58.0,-81468.7852578536,-291436.2851938358,212064.69037591264,58.0
87194c,87194c,87195,87195,-50959.12723094272,-186268.6579148188,135183.2699205044,37.0,-83567.2596530328,-307231.2444503622,222844.26895020826,61.0,-83567.2596530328,-307231.2444503622,222844.26895020826,61.0
871954,871954,87195,87195,-32608.13242209008,-120962.58653554352,87660.99902970385,24.0,-83567.2596530328,-307231.2444503622,222844.26895020826,61.0,-83567.2596530328,-307231.2444503622,222844.26895020826,61.0
87196c,87196c,87197,87197,-20558.26441046821,-75111.22782044,55392.708561098,15.0,-106317.36728025107,-390146.27302479034,288842.66497595847,78.0,-106317.36728025107,-390146.27302479034,288842.66497595847,78.0
871974,871974,87197,87197,-43631.79390932387,-160069.26649802917,118481.94907668796,32.0,-106317.36728025107,-390146.27302479034,288842.66497595847,78.0,-106317.36728025107,-390146.27302479034,288842.66497595847,78.0
87197c,87197c,87197,87197,-42127.308960458984,-154965.77870632109,114968.00733817252,31.0,-106317.36728025107,-390146.27302479034,288842.66497595847,78.0,-106317.36728025107,-390146.27302479034,288842.66497595847,78.0
87199,87199,8719c,8719c,-36614.481758893184,-134851.2945312002,100321.54056520738,27.0,-138596.15010500382,-498019.31196842616,372368.34563194396,100.0,-138596.15010500382,-498019.31196842616,372368.34563194396,100.0
8719b,8719b,8719c,8719c,0.0,0.0,0.0,0.0,-138596.15010500382,-498019.31196842616,372368.34563194396,100.0,-138596.15010500382,-498019.31196842616,372368.34563194396,100.0
8719d,8719d,8719c,8719c,-15234.62285783653,-54531.90993515358,41297.87566578546,11.0,-138596.15010500382,-498019.31196842616,372368.34563194396,100.0,-138596.15010500382,-498019.31196842616,372368.34563194396,100.0
871a4,871a4,871a4,871b,-49699.75170024326,-189203.0438698258,142628.19949273436,38.0,-49699.75170024326,-189203.0438698258,142628.19949273436,38.0,-236726.48793093796,-942482.7248779675,689161.493637817,187.0
871ac,871ac,871ac,871b,-2510.3275355562405,-9995.392296858929,7493.202880633854,2.0,-2510.3275355562405,-9995.392296858929,7493.202880633854,2.0,-236726.48793093796,-942482.7248779675,689161.493637817,187.0
871b5,871b5,871b4,871b,0.0,0.0,0.0,0.0,0.0,0.0,0.0,0.0,-236726.48793093796,-942482.7248779675,689161.493637817,187.0
871b7,871b7,871b4,871b,0.0,0.0,0.0,0.0,0.0,0.0,0.0,0.0,-236726.48793093796,-942482.7248779675,689161.493637817,187.0
871bc,871bc,871bc,871b,-17409.53969406738,-65480.129585340284,47631.70798574503,13.0,-17409.53969406738,-65480.129585340284,47631.70798574503,13.0,-236726.48793093796,-942482.7248779675,689161.493637817,187.0
871c04,871c04,871c4,871c4,-16166.22630963946,-60523.58300657896,43823.18961509677,12.0,-123631.0037812685,-469897.47024780716,339067.99432347756,93.0,-123631.0037812685,-469897.47024780716,339067.99432347756,93.0
871c0c,871c0c,871c4,871c4,-21197.40864850648,-80825.03632148574,58386.28728201839,16.0,-123631.0037812685,-469897.47024780716,339067.99432347756,93.0,-123631.0037812685,-469897.47024780716,339067.99432347756,93.0
871c1c,871c1c,871c4,871c4,-40593.76214536545,-151679.4476529426,108978.26700691658,30.0,-123631.0037812685,-469897.47024780716,339067.99432347756,93.0,-123631.0037812685,-469897.47024780716,339067.99432347756,93.0
871c7,871c7,871c4,871c4,-44370.14608137676,-171790.61811405167,124261.31618743975,34.0,-123631.0037812685,-469897.47024780716,339067.99432347756,93.0,-123631.0037812685,-469897.47024780716,339067.99432347756,93.0
871c9,871c9,871c9,871cc,-54797.192949082935,-217403.2340466746,157427.8709941265,43.0,-54797.192949082935,-217403.2340466746,157427.8709941265,43.0,-205865.32910994213,-827406.2764258208,592800.3092930467,163.0
871ca4,871ca4,871cb,871cc,-40914.45551963368,-167267.12799632899,120623.09468567754,33.0,-73202.25863368572,-299237.0567320649,215386.1269233972,59.0,-205865.32910994213,-827406.2764258208,592800.3092930467,163.0
871cac,871cac,871cb,871cc,-3709.869435537219,-15185.962245218047,10996.872115509268,3.0,-73202.25863368572,-299237.0567320649,215386.1269233972,59.0,-205865.32910994213,-827406.2764258208,592800.3092930467,163.0
871cb4,871cb4,871cb,871cc,-2482.101317735568,-10161.373991141927,7276.308411771124,2.0,-73202.25863368572,-299237.0567320649,215386.1269233972,59.0,-205865.32910994213,-827406.2764258208,592800.3092930467,163.0
871cbc,871cbc,871cb,871cc,-26095.832360779244,-106622.59249937601,76489.85171043928,21.0,-73202.25863368572,-299237.0567320649,215386.1269233972,59.0,-205865.32910994213,-827406.2764258208,592800.3092930467,163.0
871cd,871cd,871cd,871cc,-21151.299031671762,-86676.42203148396,61401.92339917303,17.0,-21151.299031671762,-86676.42203148396,61401.92339917303,17.0,-205865.32910994213,-827406.2764258208,592800.3092930467,163.0
871cf,871cf,871cf,871cc,-56714.57849550173,-224089.56361559723,158584.38797634994,44.0,-56714.57849550173,-224089.56361559723,158584.38797634994,44.0,-205865.32910994213,-827406.2764258208,592800.3092930467,163.0
871d4,871d4,871d4,871d4,-3734.936811990472,-15393.607845557479,10695.120300977896,3.0,-3734.936811990472,-15393.607845557479,10695.120300977896,3.0,-3734.936811990472,-15393.607845557479,10695.120300977896,3.0
871dc,871dc,871dc,871dc,-66508.08165295144,-255667.6037334943,178003.00527730247,50.0,-66508.08165295144,-255667.6037334943,178003.00527730247,50.0,-66508.08165295144,-255667.6037334943,178003.00527730247,50.0
871e4,871e4,871f,871f,-8535.907159306806,-30611.2383277146,21243.42449407318,6.0,0.0,0.0,0.0,0.0,-168211.6842276138,-593935.5972342617,417778.1881050966,117.0
871ec,871ec,871f,871f,0.0,0.0,0.0,0.0,0.0,0.0,0.0,0.0,-168211.6842276138,-593935.5972342617,417778.1881050966,117.0
871f4,871f4,871f,871f,-23396.185440869558,-80758.52378903529,57632.040494366534,16.0,0.0,0.0,0.0,0.0,-168211.6842276138,-593935.5972342617,417778.1881050966,117.0
871fc,871fc,871f,871f,-60388.72876882031,-208859.1489787304,144780.0758797632,41.0,0.0,0.0,0.0,0.0,-168211.6842276138,-593935.5972342617,417778.1881050966,117.0
87a01,87a01,87a04,87a04,-9819.682447550578,-53290.613010423156,44441.47292276183,11.0,-63502.523449584776,-350252.37192807894,289320.4585595634,72.0,-63502.523449584776,-350252.37192807894,289320.4585595634,72.0
87a05,87a05,87a04,87a04,-27002.415389356633,-151020.23078326767,124380.23885684906,31.0,-63502.523449584776,-350252.37192807894,289320.4585595634,72.0,-63502.523449584776,-350252.37192807894,289320.4585595634,72.0
87a07,87a07,87a04,87a04,-26680.425612677565,-145941.52813438812,120498.74677995246,30.0,-63502.523449584776,-350252.37192807894,289320.4585595634,72.0,-63502.523449584776,-350252.37192807894,289320.4585595634,72.0
87a0c,87a0c,87a0c,87a0c,-28933.77644393602,-161799.04459848307,131092.91578105572,33.0,-28933.77644393602,-161799.04459848307,131092.91578105572,33.0,-28933.77644393602,-161799.04459848307,131092.91578105572,33.0
87a11,87a11,87a14,87a14,-2526.000191268401,-14673.561277574398,11983.886245609954,3.0,0.0,0.0,0.0,0.0,-85623.72950534035,-510198.46072251233,413972.32215393544,104.0
87a13,87a13,87a14,87a14,-29841.19624056091,-172143.4540483337,138558.34679875625,35.0,0.0,0.0,0.0,0.0,-85623.72950534035,-510198.46072251233,413972.32215393544,104.0
87a15,87a15,87a14,87a14,-13784.244725176335,-83629.10512060157,67428.3534482914,17.0,0.0,0.0,0.0,0.0,-85623.72950534035,-510198.46072251233,413972.32215393544,104.0
87a17,87a17,87a14,87a14,-39472.288348334696,-239752.34027600262,196001.73566127772,49.0,0.0,0.0,0.0,0.0,-85623.72950534035,-510198.46072251233,413972.32215393544,104.0
87a19,87a19,87a1c,87a1c,-4890.0255976028275,-29322.651133575793,24031.218491196552,6.0,-55790.238222663655,-331024.4906961037,273848.9082208559,68.0,-55790.238222663655,-331024.4906961037,273848.9082208559,68.0
87a1b,87a1b,87a1c,87a1c,-20836.174648279022,-122067.13195994902,100169.87287195484,25.0,-55790.238222663655,-331024.4906961037,273848.9082208559,68.0,-55790.238222663655,-331024.4906961037,273848.9082208559,68.0
87a1d,87a1d,87a1c,87a1c,-18997.656523286434,-111647.20185868902,92983.67722735544,23.0,-55790.238222663655,-331024.4906961037,273848.9082208559,68.0,-55790.238222663655,-331024.4906961037,273848.9082208559,68.0
87a1f,87a1f,87a1c,87a1c,-11066.381453495373,-67987.50574388984,56664.13963034915,14.0,-55790.238222663655,-331024.4906961037,273848.9082208559,68.0,-55790.238222663655,-331024.4906961037,273848.9082208559,68.0
87a24,87a24,87a24,87a24,0.0,0.0,0.0,0.0,-46967.40090104772,-306453.69343956147,254909.6832073852,63.0,-46967.40090104772,-306453.69343956147,254909.6832073852,63.0
87a2c,87a2c,87a2c,87a2c,-27679.4849314291,-194842.90039782634,161903.8678451386,40.0,-27679.4849314291,-194842.90039782634,161903.8678451386,40.0,-27679.4849314291,-194842.90039782634,161903.8678451386,40.0
87a31,87a31,87a34,87a34,-31300.080180929213,-216060.67303332762,175839.3811765796,44.0,0.0,0.0,0.0,0.0,-86633.89091100558,-605041.1717080813,490400.89468825527,123.0
87a33,87a33,87a34,87a34,-24851.713283078832,-176850.2565209599,143911.38496039738,36.0,0.0,0.0,0.0,0.0,-86633.89091100558,-605041.1717080813,490400.89468825527,123.0
87a35,87a35,87a34,87a34,-11156.539787502461,-79000.66800657572,63445.47363422446,16.0,0.0,0.0,0.0,0.0,-86633.89091100558,-605041.1717080813,490400.89468825527,123.0
87a37,87a37,87a34,87a34,-19325.557659495076,-133129.57414721802,107204.65491705391,27.0,0.0,0.0,0.0,0.0,-86633.89091100558,-605041.1717080813,490400.89468825527,123.0
87a39,87a39,87a3c,87a3c,0.0,0.0,0.0,0.0,0.0,0.0,0.0,0.0,-91023.04892894923,-590748.5824029804,476666.7194863049,120.0
87a3b,87a3b,87a3c,87a3c,-11874.874915185319,-78486.54736227886,63951.6094954891,16.0,0.0,0.0,0.0,0.0,-91023.04892894923,-590748.5824029804,476666.7194863049,120.0
87a3d,87a3d,87a3c,87a3c,-23159.758151856182,-147036.8632165635,119893.36863972318,30.0,0.0,0.0,0.0,0.0,-91023.04892894923,-590748.5824029804,476666.7194863049,120.0
87a3f,87a3f,87a3c,87a3c,-9289.92550939669,-59150.59160727295,47537.53449825265,12.0,0.0,0.0,0.0,0.0,-91023.04892894923,-590748.5824029804,476666.7194863049,120.0
87a404,87a404,87a44,87a44,0.0,0.0,0.0,0.0,0.0,0.0,0.0,0.0,-85730.65951535502,-544874.2801663631,432308.59453447897,110.0
87a40c,87a40c,87a44,87a44,-1545.5505618024026,-9878.484281424917,7898.469843483535,2.0,0.0,0.0,0.0,0.0,-85730.65951535502,-544874.2801663631,432308.59453447897,110.0
87a41c,87a41c,87a44,87a44,-4799.186745383551,-29688.712611704235,23596.170319995683,6.0,0.0,0.0,0.0,0.0,-85730.65951535502,-544874.2801663631,432308.59453447897,110.0
87a43,87a43,87a44,87a44,-12553.728548602145,-79389.88334446594,62694.5645549266,16.0,0.0,0.0,0.0,0.0,-85730.65951535502,-544874.2801663631,432308.59453447897,110.0
87a45,87a45,87a44,87a44,-17376.68343071499,-114326.62706952138,89996.3142681751,23.0,0.0,0.0,0.0,0.0,-85730.65951535502,-544874.2801663631,432308.59453447897,110.0
87a47,87a47,87a44,87a44,-7497.182821321317,-49503.97556777364,39396.77260221219,10.0,0.0,0.0,0.0,0.0,-85730.65951535502,-544874.2801663631,432308.59453447897,110.0
87a484,87a484,87a49,87a49,-14569.329066754628,-98911.96964085827,78993.93657779413,20.0,0.0,0.0,0.0,0.0,-91674.84403112342,-633851.619516105,504824.7853310516,128.0
87a494,87a494,87a49,87a49,-29316.831423292697,-203351.27318911458,161307.4512521029,41.0,0.0,0.0,0.0,0.0,-91674.84403112342,-633851.619516105,504824.7853310516,128.0
87a49c,87a49c,87a49,87a49,0.0,0.0,0.0,0.0,0.0,0.0,0.0,0.0,-91674.84403112342,-633851.619516105,504824.7853310516,128.0
87a4a4,87a4a4,87a4a4,87a4a4,-21153.206224632922,-148615.73947451208,118307.51451182728,30.0,-21153.206224632922,-148615.73947451208,118307.51451182728,30.0,-21153.206224632922,-148615.73947451208,118307.51451182728,30.0
87a4ac,87a4ac,87a4ac,87a4ac,-26060.129541857987,-188160.6756472859,150093.162526689,38.0,-26060.129541857987,-188160.6756472859,150093.162526689,38.0,-26060.129541857987,-188160.6756472859,150093.162526689,38.0
87a4b1,87a4b1,87a4b4,87a4b4,-7558.52033059013,-54575.57445276308,43309.75809031842,11.0,0.0,0.0,0.0,0.0,-99656.48033414257,-719872.8310444885,570307.1556381958,145.0
87a4b24,87a4b24,87a4b4,87a4b4,-12311.644081451183,-89282.151383444,70909.80520408861,18.0,0.0,0.0,0.0,0.0,-99656.48033414257,-719872.8310444885,570307.1556381958,145.0
87a4b2c,87a4b2c,87a4b4,87a4b4,-7475.976371210992,-54563.12710179638,43339.76048277612,11.0,0.0,0.0,0.0,0.0,-99656.48033414257,-719872.8310444885,570307.1556381958,145.0
87a4b34,87a4b34,87a4b4,87a4b4,-682.4395929604472,-4963.807818689376,3935.052893006093,1.0,0.0,0.0,0.0,0.0,-99656.48033414257,-719872.8310444885,570307.1556381958,145.0
87a4b3c,87a4b3c,87a4b4,87a4b4,-15050.024008183982,-109173.57629827526,86602.92451500893,22.0,0.0,0.0,0.0,0.0,-99656.48033414257,-719872.8310444885,570307.1556381958,145.0
87a4b5,87a4b5,87a4b4,87a4b4,-9602.285251679157,-69524.25007956277,55043.30471967233,14.0,0.0,0.0,0.0,0.0,-99656.48033414257,-719872.8310444885,570307.1556381958,145.0
87a4b7,87a4b7,87a4b4,87a4b4,0.0,0.0,0.0,0.0,0.0,0.0,0.0,0.0,-99656.48033414257,-719872.8310444885,570307.1556381958,145.0
87a4b9,87a4b9,87a4bc,87a4bc,-23718.01897065187,-168852.38650765203,133596.680817463,34.0,-46249.61587801412,-327602.18685213773,259512.21201876437,66.0,-46249.61587801412,-327602.18685213773,259512.21201876437,66.0
87a4bd,87a4bd,87a4bc,87a4bc,-19014.84951184342,-133928.96315538092,106260.96504857723,27.0,-46249.61587801412,-327602.18685213773,259512.21201876437,66.0,-46249.61587801412,-327602.18685213773,259512.21201876437,66.0
87a4bf,87a4bf,87a4bc,87a4bc,-3516.747395518829,-24820.837189104812,19654.566152724172,5.0,-46249.61587801412,-327602.18685213773,259512.21201876437,66.0,-46249.61587801412,-327602.18685213773,259512.21201876437,66.0
87a4c1,87a4c1,87a4c1,87a4c4,-15532.60984734412,-109385.58001364999,86249.4692725877,22.0,-15532.60984734412,-109385.58001364999,86249.4692725877,22.0,-95324.11307166737,-676250.7117790701,533241.0153879491,136.0
87a4c3,87a4c3,87a4c3,87a4c4,-8466.648761102806,-59710.100811145596,46988.75506953457,12.0,-8466.648761102806,-59710.100811145596,46988.75506953457,12.0,-95324.11307166737,-676250.7117790701,533241.0153879491,136.0
87a4c5,87a4c5,87a4c5,87a4c4,-7710.794038179879,-54721.05395671622,43098.830766375686,11.0,-7710.794038179879,-54721.05395671622,43098.830766375686,11.0,-95324.11307166737,-676250.7117790701,533241.0153879491,136.0
87a4c64,87a4c64,87a4c7,87a4c4,-20239.88039619585,-144207.14007451417,113712.92380725735,29.0,-63614.06042504057,-452433.97699755826,356903.96027945104,91.0,-95324.11307166737,-676250.7117790701,533241.0153879491,136.0
87a4c6c,87a4c6c,87a4c7,87a4c4,-18224.062331763238,-129283.38334732132,101942.93419726905,26.0,-63614.06042504057,-452433.97699755826,356903.96027945104,91.0,-95324.11307166737,-676250.7117790701,533241.0153879491,136.0
87a4c74,87a4c74,87a4c7,87a4c4,-9808.104909398726,-69591.35908704485,54922.08316984047,14.0,-63614.06042504057,-452433.97699755826,356903.96027945104,91.0,-95324.11307166737,-676250.7117790701,533241.0153879491,136.0
87a4c7c,87a4c7c,87a4c7,87a4c4,-15342.012787682752,-109352.09448867796,86326.01910508418,22.0,-63614.06042504057,-452433.97699755826,356903.96027945104,91.0,-95324.11307166737,-676250.7117790701,533241.0153879491,136.0
87a4c9,87a4c9,87a4c9,87a4cc,-31176.860302030793,-223744.54498780597,176523.69396790228,45.0,-31176.860302030793,-223744.54498780597,176523.69396790228,45.0,-99956.1572618924,-721380.7258013862,568346.2250368709,145.0
87a4cb,87a4cb,87a4cb,87a4cc,-13737.671929535063,-99432.49744181569,78487.92540722826,20.0,-13737.671929535063,-99432.49744181569,78487.92540722826,20.0,-99956.1572618924,-721380.7258013862,568346.2250368709,145.0
87a4cd,87a4cd,87a4cd,87a4cc,-26045.022709620567,-189188.90541867103,148797.88041905724,38.0,-26045.022709620567,-189188.90541867103,148797.88041905724,38.0,-99956.1572618924,-721380.7258013862,568346.2250368709,145.0
87a4cf,87a4cf,87a4cf,87a4cc,-28996.60232070598,-209014.77795309358,164536.72524268314,42.0,-28996.60232070598,-209014.77795309358,164536.72524268314,42.0,-99956.1572618924,-721380.7258013862,568346.2250368709,145.0
87a4ec,87a4ec,87a4f,87a4f,-23014.9343726731,-159027.65252783062,125476.67367900192,32.0,-43558.01846526923,-298228.2140894873,235128.3480151417,60.0,-43558.01846526923,-298228.2140894873,235128.3480151417,60.0
87a4f4,87a4f4,87a4f,87a4f,-14648.971494991027,-99370.28330374611,78401.84485203045,20.0,-43558.01846526923,-298228.2140894873,235128.3480151417,60.0,-43558.01846526923,-298228.2140894873,235128.3480151417,60.0
87a4fc,87a4fc,87a4f,87a4f,-5894.112597605108,-39830.278257910526,31249.829484109312,8.0,-43558.01846526923,-298228.2140894873,235128.3480151417,60.0,-43558.01846526923,-298228.2140894873,235128.3480151417,60.0
87a51,87a51,87a51,87a54,-4413.426976489271,-30001.361243717463,23273.678640803697,6.0,-4413.426976489271,-30001.361243717463,23273.678640803697,6.0,-89599.63181689472,-627481.674290044,482122.29134250904,125.0
87a53,87a53,87a53,87a54,-11184.626220688093,-80039.45308941229,62125.07617339791,16.0,-11184.626220688093,-80039.45308941229,62125.07617339791,16.0,-89599.63181689472,-627481.674290044,482122.29134250904,125.0
87a55,87a55,87a55,87a54,0.0,0.0,0.0,0.0,-36314.22182387842,-261510.7391535614,200119.53979958803,52.0,-89599.63181689472,-627481.674290044,482122.29134250904,125.0
87a57,87a57,87a57,87a54,0.0,0.0,0.0,0.0,-37687.35679583893,-255930.12080335285,196603.9967287194,51.0,-89599.63181689472,-627481.674290044,482122.29134250904,125.0
87a59,87a59,87a59,87a5c,0.0,0.0,0.0,0.0,-38672.94668533483,-255831.40780581167,196540.47993728583,51.0,-105987.49244324492,-685634.589024391,529610.0046229997,137.0
87a5b,87a5b,87a5b,87a5c,-25172.526795315924,-164680.2703685359,128253.03116572737,33.0,-25172.526795315924,-164680.2703685359,128253.03116572737,33.0,-105987.49244324492,-685634.589024391,529610.0046229997,137.0
87a5d,87a5d,87a5d,87a5c,-12591.23385035956,-79904.98806361541,62028.68795750967,16.0,-12591.23385035956,-79904.98806361541,62028.68795750967,16.0,-105987.49244324492,-685634.589024391,529610.0046229997,137.0
87a5f,87a5f,87a5f,87a5c,-29550.785112234607,-185217.9227864281,142787.8055624769,37.0,-29550.785112234607,-185217.9227864281,142787.8055624769,37.0,-105987.49244324492,-685634.589024391,529610.0046229997,137.0
87a65,87a65,87a64,87a64,-22906.50767975235,-134449.27919935872,104826.15431830726,27.0,-63033.51570747065,-379011.06152808847,294654.18817461765,76.0,-63033.51570747065,-379011.06152808847,294654.18817461765,76.0
87a67,87a67,87a64,87a64,-39308.30645477892,-239558.38873458473,185969.85638421125,48.0,-63033.51570747065,-379011.06152808847,294654.18817461765,76.0,-63033.51570747065,-379011.06152808847,294654.18817461765,76.0
87a69,87a69,87a69,87a6c,-18823.606639540954,-114066.26333730218,90036.07368657758,23.0,-18823.606639540954,-114066.26333730218,90036.07368657758,23.0,-121464.78335085452,-723685.6687503242,571589.5897509044,146.0
87a6b,87a6b,87a6b,87a6c,0.0,0.0,0.0,0.0,-43854.98770824491,-266947.990425494,212543.68863991127,54.0,-121464.78335085452,-723685.6687503242,571589.5897509044,146.0
87a6d,87a6d,87a6d,87a6c,-6802.072555470313,-39523.26551143806,31454.450679899368,8.0,-6802.072555470313,-39523.26551143806,31454.450679899368,8.0,-121464.78335085452,-723685.6687503242,571589.5897509044,146.0
87a6e4,87a6e4,87a6f,87a6c,-9450.86271350348,-54551.40649795005,42967.19744996535,11.0,-51984.11644759834,-303148.14947609,237555.37674451608,61.0,-121464.78335085452,-723685.6687503242,571589.5897509044,146.0
87a6ec,87a6ec,87a6f,87a6c,-6737.415963632097,-39662.986813968295,31292.137962627512,8.0,-51984.11644759834,-303148.14947609,237555.37674451608,61.0,-121464.78335085452,-723685.6687503242,571589.5897509044,146.0
87a6f4,87a6f4,87a6f,87a6c,-24622.437552044736,-144312.2747981017,112710.60672873913,29.0,-51984.11644759834,-303148.14947609,237555.37674451608,61.0,-121464.78335085452,-723685.6687503242,571589.5897509044,146.0
87a6fc,87a6fc,87a6f,87a6c,-11173.400218418023,-64621.481366069966,50585.434603184105,13.0,-51984.11644759834,-303148.14947609,237555.37674451608,61.0,-121464.78335085452,-723685.6687503242,571589.5897509044,146.0
87a704,87a704,87a71,87a74,-11295.189871316907,-64542.73804102089,50658.86986185527,13.0,0.0,0.0,0.0,0.0,-144347.75832193813,-803440.5005227104,631559.563870406,162.0
87a70c,87a70c,87a71,87a74,-16023.048788382013,-89327.57627416035,70106.48038072404,18.0,0.0,0.0,0.0,0.0,-144347.75832193813,-803440.5005227104,631559.563870406,162.0
87a714,87a714,87a71,87a74,-1773.825771435167,-9917.808767526525,7800.610223752574,2.0,0.0,0.0,0.0,0.0,-144347.75832193813,-803440.5005227104,631559.563870406,162.0
87a71c,87a71c,87a71,87a74,0.0,0.0,0.0,0.0,0.0,0.0,0.0,0.0,-144347.75832193813,-803440.5005227104,631559.563870406,162.0
87a73,87a73,87a73,87a74,-7877.3070204990145,-44445.390824121765,35359.883954091165,9.0,-7877.3070204990145,-44445.390824121765,35359.883954091165,9.0,-144347.75832193813,-803440.5005227104,631559.563870406,162.0
87a75,87a75,87a75,87a74,-7347.038410232248,-39452.45112395423,31420.81650017554,8.0,-7347.038410232248,-39452.45112395423,31420.81650017554,8.0,-144347.75832193813,-803440.5005227104,631559.563870406,162.0
87a77,87a77,87a77,87a74,-39569.84222199747,-213455.30857990033,167096.98176113938,43.0,-39569.84222199747,-213455.30857990033,167096.98176113938,43.0,-144347.75832193813,-803440.5005227104,631559.563870406,162.0
87a7c,87a7c,87a7c,87a7c,-10609.335779725187,-59848.873393544236,46372.5466266033,12.0,-10609.335779725187,-59848.873393544236,46372.5466266033,12.0,-10609.335779725187,-59848.873393544236,46372.5466266033,12.0
87a9,87a9,87a9,87a9,-14442.612552042185,-81050.0260108812,60103.85674856775,16.0,-14442.612552042185,-81050.0260108812,60103.85674856775,16.0,-14442.612552042185,-81050.0260108812,60103.85674856775,16.0
87aa4,87aa4,87aa4,87ab,-41172.81023260651,-230541.93816755764,165374.51584599272,45.0,-41172.81023260651,-230541.93816755764,165374.51584599272,45.0,-166469.45826303313,-965322.9079437475,689161.5003305816,188.0
87aac,87aac,87aac,87ab,-28323.40994463262,-155016.88328902304,108156.90344767849,30.0,-28323.40994463262,-155016.88328902304,108156.90344767849,30.0,-166469.45826303313,-965322.9079437475,689161.5003305816,188.0
87ab4,87ab4,87ab4,87ab,-6037.980303410067,-36237.66263034327,25283.172300918246,7.0,-6037.980303410067,-36237.66263034327,25283.172300918246,7.0,-166469.45826303313,-965322.9079437475,689161.5003305816,188.0
87ab9,87ab9,87abc,87ab,-6762.491153167635,-41247.485846020965,29166.021106531414,8.0,0.0,0.0,0.0,0.0,-166469.45826303313,-965322.9079437475,689161.5003305816,188.0
87abb,87abb,87abc,87ab,-2655.302121635523,-15444.132817699032,10942.337371253672,3.0,0.0,0.0,0.0,0.0,-166469.45826303313,-965322.9079437475,689161.5003305816,188.0
87abd,87abd,87abc,87ab,-31487.47414935941,-184565.295506964,132470.4233332014,36.0,0.0,0.0,0.0,0.0,-166469.45826303313,-965322.9079437475,689161.5003305816,188.0
87abf,87abf,87abc,87ab,0.0,0.0,0.0,0.0,0.0,0.0,0.0,0.0,-166469.45826303313,-965322.9079437475,689161.5003305816,188.0
87ac1,87ac1,87ac4,87ad,0.0,0.0,0.0,0.0,-66046.45439897763,-420213.03049027256,303285.84071052604,82.0,0.0,0.0,0.0,0.0
87ac3,87ac3,87ac4,87ad,-13269.794830542025,-87147.26881340258,62926.03116738016,17.0,-66046.45439897763,-420213.03049027256,303285.84071052604,82.0,0.0,0.0,0.0,0.0
87ac7,87ac7,87ac4,87ad,-1651.1569342923792,-10306.715457598548,7307.822184991564,2.0,-66046.45439897763,-420213.03049027256,303285.84071052604,82.0,0.0,0.0,0.0,0.0
87acc,87acc,87acc,87ad,0.0,0.0,0.0,0.0,-58927.07062256541,-382954.41726471897,268589.7936479827,74.0,0.0,0.0,0.0,0.0
87ad4,87ad4,87ad4,87ad,0.0,0.0,0.0,0.0,-40105.770550581066,-280545.3479631667,195047.54394438965,54.0,0.0,0.0,0.0,0.0
87adc,87adc,87adc,87ad,-13984.293965494504,-97687.23099825716,70101.74584106996,19.0,-13984.293965494504,-97687.23099825716,70101.74584106996,19.0,0.0,0.0,0.0,0.0
87af,87af,87af,87af,0.0,0.0,0.0,0.0,-43425.617155445,-298905.28636169166,223732.40645447295,59.0,-43425.617155445,-298905.28636169166,223732.40645447295,59.0
87b01,87b01,87b01,87b01,-13418.084238038598,-100827.68036353277,76743.92244542134,20.0,-13418.084238038598,-100827.68036353277,76743.92244542134,20.0,-13418.084238038598,-100827.68036353277,76743.92244542134,20.0
87b03,87b03,87b03,87b03,-26073.744075665905,-198117.41401058383,147670.19248487783,39.0,-26073.744075665905,-198117.41401058383,147670.19248487783,39.0,-26073.744075665905,-198117.41401058383,147670.19248487783,39.0
87b044,87b044,87b044,87b05,-9800.190874548287,-76049.97480839002,57035.45859276638,15.0,-9800.190874548287,-76049.97480839002,57035.45859276638,15.0,-107039.92890512533,-833564.6252565756,620815.4745362507,164.0
87b04b,87b04b,87b04c,87b05,-15172.978600338081,-116966.73591555117,86951.36615799788,23.0,0.0,0.0,0.0,0.0,-107039.92890512533,-833564.6252565756,620815.4745362507,164.0
87b04d,87b04d,87b04c,87b05,0.0,0.0,0.0,0.0,0.0,0.0,0.0,0.0,-107039.92890512533,-833564.6252565756,620815.4745362507,164.0
87b04f,87b04f,87b04c,87b05,-22225.13269183543,-172705.5454347402,128843.26977482176,34.0,0.0,0.0,0.0,0.0,-107039.92890512533,-833564.6252565756,620815.4745362507,164.0
87b054,87b054,87b054,87b05,-18706.67350592531,-147525.7182039311,109645.78506634553,29.0,-18706.67350592531,-147525.7182039311,109645.78506634553,29.0,-107039.92890512533,-833564.6252565756,620815.4745362507,164.0
87b05c,87b05c,87b05c,87b05,-630.6468056853871,-5067.410073713563,3809.6447184721255,1.0,-630.6468056853871,-5067.410073713563,3809.6447184721255,1.0,-107039.92890512533,-833564.6252565756,620815.4745362507,164.0
87b06c,87b06c,87b06c,87b07,-18906.02585698773,-146591.62789272488,110857.67430616815,29.0,-18906.02585698773,-146591.62789272488,110857.67430616815,29.0,-98026.21260920513,-762294.3753096847,578604.2477320858,151.0
87b071,87b071,87b071,87b07,-20833.425930812627,-161585.26673149545,122556.40882222564,32.0,-20833.425930812627,-161585.26673149545,122556.40882222564,32.0,-98026.21260920513,-762294.3753096847,578604.2477320858,151.0
87b073,87b073,87b073,87b07,-12386.842505231834,-95988.71759891913,72702.35412670867,19.0,-12386.842505231834,-95988.71759891913,72702.35412670867,19.0,-98026.21260920513,-762294.3753096847,578604.2477320858,151.0
87b075,87b075,87b075,87b07,-8494.44057857131,-65549.40157177452,49907.79692826728,13.0,-8494.44057857131,-65549.40157177452,49907.79692826728,13.0,-98026.21260920513,-762294.3753096847,578604.2477320858,151.0
87b077,87b077,87b077,87b07,-27264.588846352723,-211864.84448323114,161152.82895848685,42.0,-27264.588846352723,-211864.84448323114,161152.82895848685,42.0,-98026.21260920513,-762294.3753096847,578604.2477320858,151.0
87b07c,87b07c,87b07c,87b07,-10140.888891248913,-80714.51703153948,61427.184590229226,16.0,-10140.888891248913,-80714.51703153948,61427.184590229226,16.0,-98026.21260920513,-762294.3753096847,578604.2477320858,151.0
87b09,87b09,87b09,87b0c,-26829.201319155676,-217336.7247821438,164605.0645006995,43.0,-26829.201319155676,-217336.7247821438,164605.0645006995,43.0,0.0,0.0,0.0,0.0
87b0a4,87b0a4,87b0b,87b0c,-25843.810970385428,-222102.75853079208,169068.64705363062,44.0,-43115.306386846,-373605.7819537545,284304.17777764774,74.0,0.0,0.0,0.0,0.0
87b0ac,87b0ac,87b0b,87b0c,-14974.691447993382,-131248.73807739533,99940.93828513373,26.0,-43115.306386846,-373605.7819537545,284304.17777764774,74.0,0.0,0.0,0.0,0.0
87b0b4,87b0b4,87b0b,87b0c,-2296.8039684672012,-20254.28534556711,15294.592438883434,4.0,-43115.306386846,-373605.7819537545,284304.17777764774,74.0,0.0,0.0,0.0,0.0
87b0f,87b0f,87b0f,87b0c,0.0,0.0,0.0,0.0,-56591.90226305434,-456246.31089175073,342656.2617397716,90.0,0.0,0.0,0.0,0.0
87b101,87b101,87b104,87b11,-28949.973720458845,-234201.5583873157,173779.83306633544,46.0,-50145.68046289086,-407542.47947998514,301941.4643057067,80.0,0.0,0.0,0.0,0.0
87b103,87b103,87b104,87b11,-2503.1694646148385,-20378.8874181767,15095.401197026047,4.0,-50145.68046289086,-407542.47947998514,301941.4643057067,80.0,0.0,0.0,0.0,0.0
87b105,87b105,87b104,87b11,-18692.53727781717,-152962.0336744928,113066.23004234523,30.0,-50145.68046289086,-407542.47947998514,301941.4643057067,80.0,0.0,0.0,0.0,0.0
87b109,87b109,87b10c,87b11,-22154.310913275684,-178676.8529399872,131553.08150425233,35.0,0.0,0.0,0.0,0.0,0.0,0.0,0.0,0.0
87b10b,87b10b,87b10c,87b11,0.0,0.0,0.0,0.0,0.0,0.0,0.0,0.0,0.0,0.0,0.0,0.0
87b10f,87b10f,87b10c,87b11,-626.1141885443217,-5101.181001837705,3765.061292870409,1.0,0.0,0.0,0.0,0.0,0.0,0.0,0.0,0.0
87b114,87b114,87b114,87b11,-30523.703896351653,-255162.4274327167,188241.26368263635,50.0,-30523.703896351653,-255162.4274327167,188241.26368263635,50.0,0.0,0.0,0.0,0.0
87b13,87b13,87b13,87b13,-23325.416043621746,-199069.7434803898,146847.22332755785,39.0,-23325.416043621746,-199069.7434803898,146847.22332755785,39.0,-23325.416043621746,-199069.7434803898,146847.22332755785,39.0
87b144,87b144,87b15,87b15,-6511.5891316958505,-56330.07120527369,41181.09209169484,11.0,-40965.426327424975,-353829.4249415025,257629.71498372013,69.0,-40965.426327424975,-353829.4249415025,257629.71498372013,69.0
87b14c,87b14c,87b15,87b15,-15161.464848311725,-133157.01783032293,97354.9565679053,26.0,-40965.426327424975,-353829.4249415025,257629.71498372013,69.0,-40965.426327424975,-353829.4249415025,257629.71498372013,69.0
87b15c,87b15c,87b15,87b15,-19292.372347417404,-164342.33590590596,119093.66632411997,32.0,-40965.426327424975,-353829.4249415025,257629.71498372013,69.0,-40965.426327424975,-353829.4249415025,257629.71498372013,69.0
87b17,87b17,87b17,87b17,-23053.952174060734,-189689.29642878714,138034.13183887457,37.0,-23053.952174060734,-189689.29642878714,138034.13183887457,37.0,-23053.952174060734,-189689.29642878714,138034.13183887457,37.0
87b18b,87b18b,87b18c,87b19,-18709.169611257115,-143621.07268296854,104140.84815536904,28.0,-54055.82902226287,-415053.8938802675,301856.3890344632,81.0,0.0,0.0,0.0,0.0
87b18d,87b18d,87b18c,87b19,0.0,0.0,0.0,0.0,-54055.82902226287,-415053.8938802675,301856.3890344632,81.0,0.0,0.0,0.0,0.0
87b191,87b191,87b194,87b19,-6585.6842367586005,-51176.76825961409,37370.338879450595,10.0,0.0,0.0,0.0,0.0,0.0,0.0,0.0,0.0
87b1924,87b1924,87b194,87b19,-7955.875252817949,-61427.93025090621,44813.36279198782,12.0,0.0,0.0,0.0,0.0,0.0,0.0,0.0,0.0
87b1929,87b1929,87b194,87b19,-26626.227202542766,-204773.4607703904,149340.14180533905,40.0,0.0,0.0,0.0,0.0,0.0,0.0,0.0,0.0
87b192b,87b192b,87b194,87b19,0.0,0.0,0.0,0.0,0.0,0.0,0.0,0.0,0.0,0.0,0.0,0.0
87b192d,87b192d,87b194,87b19,-18005.88933403995,-138195.5303793564,100835.07910552254,27.0,0.0,0.0,0.0,0.0,0.0,0.0,0.0,0.0
87b192f,87b192f,87b194,87b19,-13983.869269662495,-107486.73539406179,78429.16622659436,21.0,0.0,0.0,0.0,0.0,0.0,0.0,0.0,0.0
87b193c,87b193c,87b194,87b19,-664.0271977626161,-5117.342923752922,3736.525446323744,1.0,0.0,0.0,0.0,0.0,0.0,0.0,0.0,0.0
87b195,87b195,87b194,87b19,-1992.985716709816,-15329.187995074746,11240.630822615536,3.0,0.0,0.0,0.0,0.0,0.0,0.0,0.0,0.0
87b19c,87b19c,87b19c,87b19,-10878.17847359616,-86965.72226301697,63632.24847230105,17.0,-10878.17847359616,-86965.72226301697,63632.24847230105,17.0,0.0,0.0,0.0,0.0
87b1a1,87b1a1,87b1a4,87b1b,0.0,0.0,0.0,0.0,-39657.12595187007,-316609.2890535977,232836.513401595,62.0,-116015.3933055904,-913160.6212334784,673204.5094172535,179.0
87b1a3,87b1a3,87b1a4,87b1b,-5164.853353752975,-40846.378281141566,30043.995661121924,8.0,-39657.12595187007,-316609.2890535977,232836.513401595,62.0,-116015.3933055904,-913160.6212334784,673204.5094172535,179.0
87b1ac,87b1ac,87b1ac,87b1b,-26800.7527430807,-213739.82807536333,158736.5757786237,42.0,-26800.7527430807,-213739.82807536333,158736.5757786237,42.0,-116015.3933055904,-913160.6212334784,673204.5094172535,179.0
87b1b4,87b1b4,87b1b4,87b1b,-9821.990220900707,-76417.13123913725,56538.87647149038,15.0,-9821.990220900707,-76417.13123913725,56538.87647149038,15.0,-116015.3933055904,-913160.6212334784,673204.5094172535,179.0
87b1bd,87b1bd,87b1bc,87b1b,-658.6157542523581,-5108.776226460386,3749.1844294301136,1.0,-39735.52438973893,-306394.37286538014,225092.54376554448,60.0,-116015.3933055904,-913160.6212334784,673204.5094172535,179.0
87b1be4,87b1be4,87b1bc,87b1b,-8592.974352001445,-66402.45324415038,48749.80118115418,13.0,-39735.52438973893,-306394.37286538014,225092.54376554448,60.0,-116015.3933055904,-913160.6212334784,673204.5094172535,179.0
87b1bec,87b1bec,87b1bc,87b1b,-9909.964305427751,-76565.6405192817,56322.19185365437,15.0,-39735.52438973893,-306394.37286538014,225092.54376554448,60.0,-116015.3933055904,-913160.6212334784,673204.5094172535,179.0
87b1bf4,87b1bf4,87b1bc,87b1b,-3314.0679386066604,-25528.007490512657,18763.837807906464,5.0,-39735.52438973893,-306394.37286538014,225092.54376554448,60.0,-116015.3933055904,-913160.6212334784,673204.5094172535,179.0
87b1bfc,87b1bfc,87b1bc,87b1b,-17259.90203945071,-132789.49538497502,97507.52849339932,26.0,-39735.52438973893,-306394.37286538014,225092.54376554448,60.0,-116015.3933055904,-913160.6212334784,673204.5094172535,179.0
87b1f,87b1f,87b1f,87b1f,-28965.7292796444,-220365.5427899199,160157.34936299952,43.0,-28965.7292796444,-220365.5427899199,160157.34936299952,43.0,-28965.7292796444,-220365.5427899199,160157.34936299952,43.0
87b204,87b204,87b204,87b204,0.0,0.0,0.0,0.0,-35814.42789219999,-267134.07167857466,192642.99155509553,52.0,-35814.42789219999,-267134.07167857466,192642.99155509553,52.0
87b20c,87b20c,87b20c,87b20c,-20125.824111990034,-149173.0164381688,107136.89121747317,29.0,-20125.824111990034,-149173.0164381688,107136.89121747317,29.0,-20125.824111990034,-149173.0164381688,107136.89121747317,29.0
87b211,87b211,87b211,87b214,0.0,0.0,0.0,0.0,0.0,0.0,0.0,0.0,0.0,0.0,0.0,0.0
87b213,87b213,87b213,87b214,-21173.876218460242,-159616.62031266544,114371.97446220352,31.0,-21173.876218460242,-159616.62031266544,114371.97446220352,31.0,0.0,0.0,0.0,0.0
87b2144,87b2144,87b215,87b214,-33918.91750891494,-257438.20684758335,184524.93356870685,50.0,0.0,0.0,0.0,0.0,0.0,0.0,0.0,0.0
87b214c,87b214c,87b215,87b214,0.0,0.0,0.0,0.0,0.0,0.0,0.0,0.0,0.0,0.0,0.0,0.0
87b215c,87b215c,87b215,87b214,-7429.815398220026,-56629.22084508066,40611.441599456506,11.0,0.0,0.0,0.0,0.0,0.0,0.0,0.0,0.0
87b217,87b217,87b217,87b214,0.0,0.0,0.0,0.0,0.0,0.0,0.0,0.0,0.0,0.0,0.0,0.0
87b219,87b219,87b219,87b21c,0.0,0.0,0.0,0.0,-39174.22181684635,-298139.2073611491,214761.01386236446,58.0,0.0,0.0,0.0,0.0
87b21b,87b21b,87b21b,87b21c,0.0,0.0,0.0,0.0,-51941.790197775714,-390618.74708059046,281363.4580006565,76.0,0.0,0.0,0.0,0.0
87b21d,87b21d,87b21d,87b21c,0.0,0.0,0.0,0.0,-42341.575985566276,-318275.19962429174,230076.21225945538,62.0,0.0,0.0,0.0,0.0
87b21f,87b21f,87b21f,87b21c,0.0,0.0,0.0,0.0,0.0,0.0,0.0,0.0,0.0,0.0,0.0,0.0
87b221,87b221,87b224,87b23,0.0,0.0,0.0,0.0,-56695.78763013786,-436418.97539022414,315570.62034105364,85.0,0.0,0.0,0.0,0.0
87b223,87b223,87b224,87b23,-6033.3558281539845,-46235.539443659094,33371.29770732722,9.0,-56695.78763013786,-436418.97539022414,315570.62034105364,85.0,0.0,0.0,0.0,0.0
87b227,87b227,87b224,87b23,-12514.288652229347,-97548.98487458887,70572.56859998115,19.0,-56695.78763013786,-436418.97539022414,315570.62034105364,85.0,0.0,0.0,0.0,0.0
87b22c,87b22c,87b22c,87b23,-5877.838736799735,-46212.34290390829,33431.128138697684,9.0,-5877.838736799735,-46212.34290390829,33431.128138697684,9.0,0.0,0.0,0.0,0.0
87b234,87b234,87b234,87b23,-1949.9845718874922,-15449.418243994014,11082.446591433183,3.0,-1949.9845718874922,-15449.418243994014,11082.446591433183,3.0,0.0,0.0,0.0,0.0
87b23c,87b23c,87b23c,87b23,0.0,0.0,0.0,0.0,0.0,0.0,0.0,0.0,0.0,0.0,0.0,0.0
87b241,87b241,87b244,87b25,-8733.354697653926,-67058.78919898503,47817.50782253348,13.0,0.0,0.0,0.0,0.0,0.0,0.0,0.0,0.0
87b2424,87b2424,87b244,87b25,0.0,0.0,0.0,0.0,0.0,0.0,0.0,0.0,0.0,0.0,0.0,0.0
87b242c,87b242c,87b244,87b25,0.0,0.0,0.0,0.0,0.0,0.0,0.0,0.0,0.0,0.0,0.0,0.0
87b243c,87b243c,87b244,87b25,-2678.402785163755,-20647.399274714247,14695.139028334379,4.0,0.0,0.0,0.0,0.0,0.0,0.0,0.0,0.0
87b24c,87b24c,87b24c,87b25,-5871.653747525832,-46461.365963674725,33085.22504701669,9.0,-5871.653747525832,-46461.365963674725,33085.22504701669,9.0,0.0,0.0,0.0,0.0
87b254,87b254,87b254,87b25,-11085.19268157757,-88008.4482254601,62145.5222263588,17.0,-11085.19268157757,-88008.4482254601,62145.5222263588,17.0,0.0,0.0,0.0,0.0
87b259,87b259,87b25c,87b25,-2663.254760115287,-20700.894835510193,14622.450439273163,4.0,-41570.69965676772,-320612.19034889067,226950.58080904715,62.0,0.0,0.0,0.0,0.0
87b25b,87b25b,87b25c,87b25,-1977.0465059632045,-15499.766327614423,11007.1026462686,3.0,-41570.69965676772,-320612.19034889067,226950.58080904715,62.0,0.0,0.0,0.0,0.0
87b25d,87b25d,87b25c,87b25,-16161.455471252593,-124042.29298913214,87931.85932741292,24.0,-41570.69965676772,-320612.19034889067,226950.58080904715,62.0,0.0,0.0,0.0,0.0
87b25f,87b25f,87b25c,87b25,-20768.942919436646,-160369.2361966339,113389.16839609244,31.0,-41570.69965676772,-320612.19034889067,226950.58080904715,62.0,0.0,0.0,0.0,0.0
87b264,87b264,87b264,87b264,-4741.537722412827,-36156.35542885874,25673.597982585183,7.0,-4741.537722412827,-36156.35542885874,25673.597982585183,7.0,-4741.537722412827,-36156.35542885874,25673.597982585183,7.0
87b2684,87b2684,87b2684,87b26c,0.0,0.0,0.0,0.0,0.0,0.0,0.0,0.0,0.0,0.0,0.0,0.0
87b268c,87b268c,87b268c,87b26c,-3397.2456214478852,-25816.172689703202,18350.143363408777,5.0,-3397.2456214478852,-25816.172689703202,18350.143363408777,5.0,0.0,0.0,0.0,0.0
87b2694,87b2694,87b2694,87b26c,0.0,0.0,0.0,0.0,-43413.26716787915,-330246.8302179376,235176.40435577312,64.0,0.0,0.0,0.0,0.0
87b269c,87b269c,87b269c,87b26c,0.0,0.0,0.0,0.0,0.0,0.0,0.0,0.0,0.0,0.0,0.0,0.0
87b26b,87b26b,87b26b,87b26c,0.0,0.0,0.0,0.0,-37926.575049186074,-288774.8678865121,206058.40728837752,56.0,0.0,0.0,0.0,0.0
87b26d,87b26d,87b26d,87b26c,-13072.369430062012,-97971.31578344751,69883.00891464205,19.0,-13072.369430062012,-97971.31578344751,69883.00891464205,19.0,0.0,0.0,0.0,0.0
87b26f,87b26f,87b26f,87b26c,-2734.930740415029,-20646.324722022073,14686.23251755565,4.0,-2734.930740415029,-20646.324722022073,14686.23251755565,4.0,0.0,0.0,0.0,0.0
87b274,87b274,87b274,87b274,-703.5416159474538,-5155.012663344729,3677.04048999504,1.0,-703.5416159474538,-5155.012663344729,3677.04048999504,1.0,-703.5416159474538,-5155.012663344729,3677.04048999504,1.0
87b27c,87b27c,87b27c,87b27c,-16695.417833712876,-123930.94228309492,87989.08329724282,24.0,-16695.417833712876,-123930.94228309492,87989.08329724282,24.0,-16695.417833712876,-123930.94228309492,87989.08329724282,24.0
87b284,87b284,87b29,87b29,-10417.437091746071,-77764.28880576487,54560.849655546095,15.0,-66850.47262700649,-502938.67440673587,352834.83666696656,97.0,-66850.47262700649,-502938.67440673587,352834.83666696656,97.0
87b28d,87b28d,87b29,87b29,-13616.905888716723,-103715.35399365635,72757.16044831112,20.0,-66850.47262700649,-502938.67440673587,352834.83666696656,97.0,-66850.47262700649,-502938.67440673587,352834.83666696656,97.0
87b28f,87b28f,87b29,87b29,-32426.878166363404,-243658.21087875622,171002.7012716293,47.0,-66850.47262700649,-502938.67440673587,352834.83666696656,97.0,-66850.47262700649,-502938.67440673587,352834.83666696656,97.0
87b294,87b294,87b29,87b29,-6922.282252074796,-51864.36711854713,36347.55374901699,10.0,-66850.47262700649,-502938.67440673587,352834.83666696656,97.0,-66850.47262700649,-502938.67440673587,352834.83666696656,97.0
87b29c,87b29c,87b29,87b29,-3466.9692281055063,-25936.453610011315,18166.57154246299,5.0,-66850.47262700649,-502938.67440673587,352834.83666696656,97.0,-66850.47262700649,-502938.67440673587,352834.83666696656,97.0
87b2b,87b2b,87b2b,87b2b,-23283.80000317521,-177103.13593266293,122531.86298982204,34.0,-23283.80000317521,-177103.13593266293,122531.86298982204,34.0,-23283.80000317521,-177103.13593266293,122531.86298982204,34.0
87b2c4,87b2c4,87b2c4,87b2c4,-21572.415281851507,-166625.7275613238,115474.61018152675,32.0,-21572.415281851507,-166625.7275613238,115474.61018152675,32.0,-21572.415281851507,-166625.7275613238,115474.61018152675,32.0
87b2cc,87b2cc,87b2cc,87b2cc,-14008.385888307565,-109614.22590400495,75422.57977608383,21.0,-14008.385888307565,-109614.22590400495,75422.57977608383,21.0,-14008.385888307565,-109614.22590400495,75422.57977608383,21.0
87b2d3,87b2d3,87b2d3,87b2d4,-12569.657919754247,-99166.09833846599,68271.42626231466,19.0,-12569.657919754247,-99166.09833846599,68271.42626231466,19.0,-130229.66808605788,-1038083.5649922406,716111.508907991,199.0
87b2d44,87b2d44,87b2d5,87b2d4,-25514.981115179748,-203504.3255954403,140256.8610399309,39.0,-56965.01177121997,-454090.3005520563,312699.1724543859,87.0,-130229.66808605788,-1038083.5649922406,716111.508907991,199.0
87b2d4c,87b2d4c,87b2d5,87b2d4,-31450.030656040217,-250585.97495661594,172442.31141445506,48.0,-56965.01177121997,-454090.3005520563,312699.1724543859,87.0,-130229.66808605788,-1038083.5649922406,716111.508907991,199.0
87b2d64,87b2d64,87b2d7,87b2d4,-5218.744685044417,-41715.375577741215,28815.55660618221,8.0,-60694.99839508367,-484827.1661017182,335140.9101912905,93.0,-130229.66808605788,-1038083.5649922406,716111.508907991,199.0
87b2d6c,87b2d6c,87b2d7,87b2d4,-16991.653240294065,-135593.7726162381,93617.75543311112,26.0,-60694.99839508367,-484827.1661017182,335140.9101912905,93.0,-130229.66808605788,-1038083.5649922406,716111.508907991,199.0
87b2d74,87b2d74,87b2d7,87b2d4,-13724.969132407003,-109451.44190200331,75710.55259283051,21.0,-60694.99839508367,-484827.1661017182,335140.9101912905,93.0,-130229.66808605788,-1038083.5649922406,716111.508907991,199.0
87b2d7c,87b2d7c,87b2d7,87b2d4,-24759.631337338185,-198066.5760057356,136997.04555916664,38.0,-60694.99839508367,-484827.1661017182,335140.9101912905,93.0,-130229.66808605788,-1038083.5649922406,716111.508907991,199.0
87b2d84,87b2d84,87b2d9,87b2dc,-21485.623759211892,-171927.7892151529,119085.86069330493,33.0,-56155.41537565996,-448011.79806207743,310376.7991684654,86.0,0.0,0.0,0.0,0.0
87b2d8c,87b2d8c,87b2d9,87b2dc,-5212.377078897676,-41652.71030429388,28907.21424643613,8.0,-56155.41537565996,-448011.79806207743,310376.7991684654,86.0,0.0,0.0,0.0,0.0
87b2d9c,87b2d9c,87b2d9,87b2dc,-29457.41453755039,-234431.29854263063,162383.72422872443,45.0,-56155.41537565996,-448011.79806207743,310376.7991684654,86.0,0.0,0.0,0.0,0.0
87b2db,87b2db,87b2db,87b2dc,-25631.753021196517,-203075.81619301668,140855.36634648577,39.0,-25631.753021196517,-203075.81619301668,140855.36634648577,39.0,0.0,0.0,0.0,0.0
87b2dd,87b2dd,87b2dd,87b2dc,0.0,0.0,0.0,0.0,-34898.37179261198,-275700.03578214516,191802.4566360959,53.0,0.0,0.0,0.0,0.0
87b2df,87b2df,87b2df,87b2dc,-24781.81516564244,-197669.94327181223,137564.67892234868,38.0,-24781.81516564244,-197669.94327181223,137564.67892234868,38.0,0.0,0.0,0.0,0.0
87b2e1,87b2e1,87b2e1,87b2e4,-17554.429453016535,-140320.32122164726,97938.6099486988,27.0,-17554.429453016535,-140320.32122164726,97938.6099486988,27.0,0.0,0.0,0.0,0.0
87b2e3,87b2e3,87b2e3,87b2e4,-5860.643156305839,-46719.91960057664,32721.11732700537,9.0,-5860.643156305839,-46719.91960057664,32721.11732700537,9.0,0.0,0.0,0.0,0.0
87b2e5,87b2e5,87b2e5,87b2e4,0.0,0.0,0.0,0.0,-34176.08785601727,-270006.18273380306,188900.2464629657,52.0,0.0,0.0,0.0,0.0
87b2e64,87b2e64,87b2e64,87b2e4,-21796.38078238395,-171445.3598338883,119723.20007592009,33.0,-21796.38078238395,-171445.3598338883,119723.20007592009,33.0,0.0,0.0,0.0,0.0
87b2e6c,87b2e6c,87b2e6c,87b2e4,-14456.699251990009,-114296.32473951875,79829.77462785215,22.0,-14456.699251990009,-114296.32473951875,79829.77462785215,22.0,0.0,0.0,0.0,0.0
87b2e74,87b2e74,87b2e74,87b2e4,-23020.988587079617,-181951.9392007294,126830.47823500397,35.0,-23020.988587079617,-181951.9392007294,126830.47823500397,35.0,0.0,0.0,0.0,0.0
87b2e7c,87b2e7c,87b2e7c,87b2e4,-19800.219042541517,-155956.0743792958,108703.39860018654,30.0,-19800.219042541517,-155956.0743792958,108703.39860018654,30.0,0.0,0.0,0.0,0.0
87b2e9,87b2e9,87b2ec,87b2ec,-19327.523420407288,-150752.99780094504,105052.16465575328,29.0,-64715.4477289671,-503895.41658296273,351866.1064434426,97.0,-64715.4477289671,-503895.41658296273,351866.1064434426,97.0
87b2eb,87b2eb,87b2ec,87b2ec,-13477.300824776401,-103941.0720180618,72460.44109906173,20.0,-64715.4477289671,-503895.41658296273,351866.1064434426,97.0,-64715.4477289671,-503895.41658296273,351866.1064434426,97.0
87b2ed,87b2ed,87b2ec,87b2ec,-5371.709532858768,-41502.42829043784,29093.59476370424,8.0,-64715.4477289671,-503895.41658296273,351866.1064434426,97.0,-64715.4477289671,-503895.41658296273,351866.1064434426,97.0
87b2ef,87b2ef,87b2ec,87b2ec,-26538.913950924645,-207698.91847351802,145259.90592492334,40.0,-64715.4477289671,-503895.41658296273,351866.1064434426,97.0,-64715.4477289671,-503895.41658296273,351866.1064434426,97.0
87b2f1,87b2f1,87b2f4,87b2f4,-17295.50538333272,-134820.12272192532,94673.43832126271,26.0,-52214.94412037187,-404243.92712432134,284267.6250589474,78.0,-52214.94412037187,-404243.92712432134,284267.6250589474,78.0
87b2f3,87b2f3,87b2f4,87b2f4,-12819.65636932692,-98548.65677859992,69113.81167264136,19.0,-52214.94412037187,-404243.92712432134,284267.6250589474,78.0,-52214.94412037187,-404243.92712432134,284267.6250589474,78.0
87b2f5,87b2f5,87b2f4,87b2f4,-22099.78236771224,-170875.14762379607,120480.3750650433,33.0,-52214.94412037187,-404243.92712432134,284267.6250589474,78.0,-52214.94412037187,-404243.92712432134,284267.6250589474,78.0
87b2fc,87b2fc,87b2fc,87b2fc,-11215.521981481432,-88194.87808175113,61857.196195446595,17.0,-11215.521981481432,-88194.87808175113,61857.196195446595,17.0,-11215.521981481432,-88194.87808175113,61857.196195446595,17.0
87b304,87b304,87b304,87b304,-29689.773819558435,-243533.30727694632,171676.30683724594,47.0,-29689.773819558435,-243533.30727694632,171676.30683724594,47.0,-29689.773819558435,-243533.30727694632,171676.30683724594,47.0
87b309,87b309,87b30c,87b30c,-10015.040124528812,-82907.91993614068,58454.692335317915,16.0,-39075.6424395937,-326668.718870328,229915.54058759802,63.0,-39075.6424395937,-326668.718870328,229915.54058759802,63.0
87b30b,87b30b,87b30c,87b30c,-18498.856704013655,-155520.1656820673,109553.83372192975,30.0,-39075.6424395937,-326668.718870328,229915.54058759802,63.0,-39075.6424395937,-326668.718870328,229915.54058759802,63.0
87b30d,87b30d,87b30c,87b30c,-9316.701557914186,-77860.7751516601,54622.27544497509,15.0,-39075.6424395937,-326668.718870328,229915.54058759802,63.0,-39075.6424395937,-326668.718870328,229915.54058759802,63.0
87b30f,87b30f,87b30c,87b30c,-1245.0440531370446,-10379.858100460016,7284.739085375229,2.0,-39075.6424395937,-326668.718870328,229915.54058759802,63.0,-39075.6424395937,-326668.718870328,229915.54058759802,63.0
87b311,87b311,87b314,87b314,-16923.22521524297,-140240.02272275815,98164.48932609308,27.0,-57098.803511223734,-478015.85523876274,334352.8700866303,92.0,-57098.803511223734,-478015.85523876274,334352.8700866303,92.0
87b313,87b313,87b314,87b314,-30283.046659321073,-254542.22069408803,178177.35983244688,49.0,-57098.803511223734,-478015.85523876274,334352.8700866303,92.0,-57098.803511223734,-478015.85523876274,334352.8700866303,92.0
87b315,87b315,87b314,87b314,-9892.5316366597,-83233.61182191657,58011.02092809034,16.0,-57098.803511223734,-478015.85523876274,334352.8700866303,92.0,-57098.803511223734,-478015.85523876274,334352.8700866303,92.0
87b31c,87b31c,87b31c,87b31c,0.0,0.0,0.0,0.0,-34372.24223011808,-280415.0491063409,196330.26181466167,54.0,-34372.24223011808,-280415.0491063409,196330.26181466167,54.0
87b321,87b321,87b321,87b324,-1940.645043715986,-15602.2254617432,10867.94532314195,3.0,-1940.645043715986,-15602.2254617432,10867.94532314195,3.0,-85712.16053011807,-698148.0699571356,483809.46926009934,134.0
87b323,87b323,87b323,87b324,-3806.28393964495,-31228.342817559205,21714.828170547662,6.0,-3806.28393964495,-31228.342817559205,21714.828170547662,6.0,-85712.16053011807,-698148.0699571356,483809.46926009934,134.0
87b3244,87b3244,87b325,87b324,-7012.985970898419,-57301.671684269735,39732.81360697261,11.0,-50283.91850783656,-411618.0041529913,285241.5385809018,79.0,-85712.16053011807,-698148.0699571356,483809.46926009934,134.0
87b324c,87b324c,87b325,87b324,-8871.396304742966,-72915.5530859373,50598.53351315328,14.0,-50283.91850783656,-411618.0041529913,285241.5385809018,79.0,-85712.16053011807,-698148.0699571356,483809.46926009934,134.0
87b3254,87b3254,87b325,87b324,-7619.039114888981,-62535.94974104709,43314.311142209655,12.0,-50283.91850783656,-411618.0041529913,285241.5385809018,79.0,-85712.16053011807,-698148.0699571356,483809.46926009934,134.0
87b325c,87b325c,87b325,87b324,-26780.497117306193,-218864.82964173716,151595.88031856625,42.0,-50283.91850783656,-411618.0041529913,285241.5385809018,79.0,-85712.16053011807,-698148.0699571356,483809.46926009934,134.0
87b327,87b327,87b327,87b324,-29681.313038920576,-239699.4975248419,165985.1571855079,46.0,-29681.313038920576,-239699.4975248419,165985.1571855079,46.0,-85712.16053011807,-698148.0699571356,483809.46926009934,134.0
87b329,87b329,87b32c,87b32c,-10974.745514690238,-88607.95875519309,61307.60448957721,17.0,-49170.916542158564,-401816.6235001977,277095.5567718065,77.0,-49170.916542158564,-401816.6235001977,277095.5567718065,77.0
87b32d,87b32d,87b32c,87b32c,-29925.705484525926,-245383.9457818001,168979.0374275722,47.0,-49170.916542158564,-401816.6235001977,277095.5567718065,77.0,-49170.916542158564,-401816.6235001977,277095.5567718065,77.0
87b32f,87b32f,87b32c,87b32c,-8270.465542942404,-67824.71896320452,46808.91485465708,13.0,-49170.916542158564,-401816.6235001977,277095.5567718065,77.0,-49170.916542158564,-401816.6235001977,277095.5567718065,77.0
87b331,87b331,87b334,87b334,-10730.982025691801,-88713.74936976162,61197.6700093089,17.0,-33790.07484039048,-281827.4343952351,194399.55702324046,54.0,-33790.07484039048,-281827.4343952351,194399.55702324046,54.0
87b333,87b333,87b334,87b334,-3141.0939497772583,-26094.45474415006,17998.799343406303,5.0,-33790.07484039048,-281827.4343952351,194399.55702324046,54.0,-33790.07484039048,-281827.4343952351,194399.55702324046,54.0
87b335,87b335,87b334,87b334,-9977.771837339136,-83515.0221368676,57590.45791674246,16.0,-33790.07484039048,-281827.4343952351,194399.55702324046,54.0,-33790.07484039048,-281827.4343952351,194399.55702324046,54.0
87b337,87b337,87b334,87b334,-9940.227027582292,-83504.20814445583,57612.62975378281,16.0,-33790.07484039048,-281827.4343952351,194399.55702324046,54.0,-33790.07484039048,-281827.4343952351,194399.55702324046,54.0
87b33b,87b33b,87b33c,87b33c,-3125.924002108401,-26041.45876247951,18078.021206891168,5.0,-35576.31828864247,-296713.4813180951,206328.57553783795,57.0,-35576.31828864247,-296713.4813180951,206328.57553783795,57.0
87b33d,87b33d,87b33c,87b33c,-20657.614528210932,-171800.0827367016,119416.1924234092,33.0,-35576.31828864247,-296713.4813180951,206328.57553783795,57.0,-35576.31828864247,-296713.4813180951,206328.57553783795,57.0
87b33f,87b33f,87b33c,87b33c,-11792.779758323131,-98871.93981891406,68834.36190753758,19.0,-35576.31828864247,-296713.4813180951,206328.57553783795,57.0,-35576.31828864247,-296713.4813180951,206328.57553783795,57.0
87b343,87b343,87b344,87b344,-29640.380845008196,-255096.71518193255,177491.09014211895,49.0,-46610.950013399444,-401023.48150470626,278682.6999623162,77.0,-46610.950013399444,-401023.48150470626,278682.6999623162,77.0
87b345,87b345,87b344,87b344,-16970.569168391252,-145926.7663227737,101191.60982019726,28.0,-46610.950013399444,-401023.48150470626,278682.6999623162,77.0,-46610.950013399444,-401023.48150470626,278682.6999623162,77.0
87b34d,87b34d,87b34c,87b34c,-15194.418183713953,-130602.94210544642,89892.12189816215,25.0,-43719.05440803832,-375859.04556599114,259298.5538954967,72.0,-43719.05440803832,-375859.04556599114,259298.5538954967,72.0
87b34f,87b34f,87b34c,87b34c,-28524.63622432436,-245256.10346054472,169406.43199733453,47.0,-43719.05440803832,-375859.04556599114,259298.5538954967,72.0,-43719.05440803832,-375859.04556599114,259298.5538954967,72.0
87b353,87b353,87b353,87b354,-20876.80489215862,-182838.99782038623,125922.57095639131,35.0,-20876.80489215862,-182838.99782038623,125922.57095639131,35.0,-77441.7431456607,-684365.9611232022,471387.5996021454,131.0
87b3544,87b3544,87b355,87b354,-3556.408362039486,-31331.216960708494,21608.745813545353,6.0,-45968.23114365685,-407559.8553473109,280588.4630221522,78.0,-77441.7431456607,-684365.9611232022,471387.5996021454,131.0
87b354c,87b354c,87b355,87b354,-5924.645657705487,-52248.98627597372,35971.060325304206,10.0,-45968.23114365685,-407559.8553473109,280588.4630221522,78.0,-77441.7431456607,-684365.9611232022,471387.5996021454,131.0
87b3554,87b3554,87b355,87b354,-27076.049996263602,-240400.34905775014,165416.05997903654,46.0,-45968.23114365685,-407559.8553473109,280588.4630221522,78.0,-77441.7431456607,-684365.9611232022,471387.5996021454,131.0
87b355c,87b355c,87b355,87b354,-9411.127127648273,-83579.30305287847,57592.59690426609,16.0,-45968.23114365685,-407559.8553473109,280588.4630221522,78.0,-77441.7431456607,-684365.9611232022,471387.5996021454,131.0
87b357,87b357,87b357,87b354,-10596.70710984523,-93967.10795550517,64876.565623601855,18.0,-10596.70710984523,-93967.10795550517,64876.565623601855,18.0,-77441.7431456607,-684365.9611232022,471387.5996021454,131.0
87b359,87b359,87b35c,87b35c,-7621.652372547432,-67760.50555127494,47011.61168621783,13.0,-58693.50663165338,-515623.24562978087,358479.48975534376,99.0,-58693.50663165338,-515623.24562978087,358479.48975534376,99.0
87b35d,87b35d,87b35c,87b35c,-29271.355716166185,-255111.13522138487,177531.6280048763,49.0,-58693.50663165338,-515623.24562978087,358479.48975534376,99.0,-58693.50663165338,-515623.24562978087,358479.48975534376,99.0
87b35f,87b35f,87b35c,87b35c,-21800.49854293976,-192751.6048571211,133936.25006424962,37.0,-58693.50663165338,-515623.24562978087,358479.48975534376,99.0,-58693.50663165338,-515623.24562978087,358479.48975534376,99.0
87b361,87b361,87b364,87b364,-5286.783030901329,-46844.94246350559,32640.025736508316,9.0,-36947.71439357216,-322420.73416438233,225181.21853682163,62.0,-36947.71439357216,-322420.73416438233,225181.21853682163,62.0
87b365,87b365,87b364,87b364,-16118.896829163396,-140326.60020275833,98176.13809243042,27.0,-36947.71439357216,-322420.73416438233,225181.21853682163,62.0,-36947.71439357216,-322420.73416438233,225181.21853682163,62.0
87b367,87b367,87b364,87b364,-15542.034533507434,-135249.19149811842,94365.05470788287,26.0,-36947.71439357216,-322420.73416438233,225181.21853682163,62.0,-36947.71439357216,-322420.73416438233,225181.21853682163,62.0
87b3684,87b3684,87b3684,87b369,-15657.185054019541,-135282.79245482548,94297.88206516017,26.0,-15657.185054019541,-135282.79245482548,94297.88206516017,26.0,-99865.26381265777,-858113.5795024174,598935.484357224,165.0
87b368c,87b368c,87b368c,87b369,-2999.389803539886,-25995.583477466877,18165.272553546463,5.0,-2999.389803539886,-25995.583477466877,18165.272553546463,5.0,-99865.26381265777,-858113.5795024174,598935.484357224,165.0
87b3691,87b3691,87b3694,87b369,-6053.396785084056,-52008.435942144555,36296.75298227253,10.0,-55188.174378238546,-473145.0708209626,330471.9882171722,91.0,-99865.26381265777,-858113.5795024174,598935.484357224,165.0
87b3695,87b3695,87b3694,87b369,0.0,0.0,0.0,0.0,-55188.174378238546,-473145.0708209626,330471.9882171722,91.0,-99865.26381265777,-858113.5795024174,598935.484357224,165.0
87b3697,87b3697,87b3694,87b369,-12727.547008002883,-109203.54589495089,76240.90835415591,21.0,-55188.174378238546,-473145.0708209626,330471.9882171722,91.0,-99865.26381265777,-858113.5795024174,598935.484357224,165.0
87b369c,87b369c,87b369c,87b369,-26020.51457685978,-223690.1327491624,156000.3415213452,43.0,-26020.51457685978,-223690.1327491624,156000.3415213452,43.0,-99865.26381265777,-858113.5795024174,598935.484357224,165.0
87b36a4,87b36a4,87b36b,87b36b,-2432.248773683721,-20804.226697613216,14515.659374855084,4.0,-48890.28852161595,-415995.13327859226,290399.9661803371,80.0,-48890.28852161595,-415995.13327859226,290399.9661803371,80.0
87b36ac,87b36ac,87b36b,87b36b,-14731.8336437754,-124832.22663878895,87060.8117199841,24.0,-48890.28852161595,-415995.13327859226,290399.9661803371,80.0,-48890.28852161595,-415995.13327859226,290399.9661803371,80.0
87b36b4,87b36b4,87b36b,87b36b,-7953.21702310125,-67598.92455556392,47188.981013144825,13.0,-48890.28852161595,-415995.13327859226,290399.9661803371,80.0,-48890.28852161595,-415995.13327859226,290399.9661803371,80.0
87b36bc,87b36bc,87b36b,87b36b,-23772.989081055577,-202759.75538662614,141634.51407235314,39.0,-48890.28852161595,-415995.13327859226,290399.9661803371,80.0,-48890.28852161595,-415995.13327859226,290399.9661803371,80.0
87b36c1,87b36c1,87b36c4,87b36d,0.0,0.0,0.0,0.0,0.0,0.0,0.0,0.0,0.0,0.0,0.0,0.0
87b36c3,87b36c3,87b36c4,87b36d,-7300.12365172664,-62353.09913981413,43631.680521333445,12.0,0.0,0.0,0.0,0.0,0.0,0.0,0.0,0.0
87b36c5,87b36c5,87b36c4,87b36d,-12809.248741264204,-109114.3393394958,76354.86222190276,21.0,0.0,0.0,0.0,0.0,0.0,0.0,0.0,0.0
87b36c7,87b36c7,87b36c4,87b36d,-19527.877656500834,-166316.58646907832,116281.38931259308,32.0,0.0,0.0,0.0,0.0,0.0,0.0,0.0,0.0
87b36cc,87b36cc,87b36cc,87b36d,-22068.501256839045,-187067.42329544257,130855.17960822317,36.0,-22068.501256839045,-187067.42329544257,130855.17960822317,36.0,0.0,0.0,0.0,0.0
87b36d4,87b36d4,87b36d4,87b36d,-3675.2643014952105,-31166.07295368521,21826.574491961073,6.0,-3675.2643014952105,-31166.07295368521,21826.574491961073,6.0,0.0,0.0,0.0,0.0
87b36dc,87b36dc,87b36dc,87b36d,-28588.225005205222,-244118.41739828163,171031.200383491,47.0,-28588.225005205222,-244118.41739828163,171031.200383491,47.0,0.0,0.0,0.0,0.0
87b36e4,87b36e4,87b36f,87b36f,-2413.905857061411,-20781.881940905205,14550.686961283043,4.0,-59879.31117337565,-514477.3902584776,359927.191641936,99.0,-59879.31117337565,-514477.3902584776,359927.191641936,99.0
87b36e9,87b36e9,87b36f,87b36f,-9088.918727633,-77941.66867721228,54545.23049102941,15.0,-59879.31117337565,-514477.3902584776,359927.191641936,99.0,-59879.31117337565,-514477.3902584776,359927.191641936,99.0
87b36eb,87b36eb,87b36f,87b36f,-16381.425945517225,-140331.93090486614,98125.06028238306,27.0,-59879.31117337565,-514477.3902584776,359927.191641936,99.0,-59879.31117337565,-514477.3902584776,359927.191641936,99.0
87b36ed,87b36ed,87b36f,87b36f,-9071.6344563856,-77962.43734630714,54518.42057324387,15.0,-59879.31117337565,-514477.3902584776,359927.191641936,99.0,-59879.31117337565,-514477.3902584776,359927.191641936,99.0
87b36ef,87b36ef,87b36f,87b36f,-15106.276106421186,-129902.98498803197,90915.40154553473,25.0,-59879.31117337565,-514477.3902584776,359927.191641936,99.0,-59879.31117337565,-514477.3902584776,359927.191641936,99.0
87b36f4,87b36f4,87b36f,87b36f,-5408.277841280251,-46783.10507795586,32708.738041815952,9.0,-59879.31117337565,-514477.3902584776,359927.191641936,99.0,-59879.31117337565,-514477.3902584776,359927.191641936,99.0
87b36fc,87b36fc,87b36f,87b36f,-2408.872239076995,-20773.381323199013,14563.65374664593,4.0,-59879.31117337565,-514477.3902584776,359927.191641936,99.0,-59879.31117337565,-514477.3902584776,359927.191641936,99.0
87b371,87b371,87b371,87b374,-13823.96569069922,-119428.12162348104,83772.3062410887,23.0,-13823.96569069922,-119428.12162348104,83772.3062410887,23.0,-85543.86396824312,-731507.702187581,514337.2426618673,141.0
87b3724,87b3724,87b373,87b374,-17619.5401633548,-150539.21595112208,105657.35725468239,29.0,-36465.35500145887,-311376.7685757765,218718.6996167632,60.0,-85543.86396824312,-731507.702187581,514337.2426618673,141.0
87b3734,87b3734,87b373,87b374,-1220.032280815954,-10373.584851603991,7297.894974725451,2.0,-36465.35500145887,-311376.7685757765,218718.6996167632,60.0,-85543.86396824312,-731507.702187581,514337.2426618673,141.0
87b373c,87b373c,87b373,87b374,-17625.782557288127,-150463.96777305036,105763.4473873554,29.0,-36465.35500145887,-311376.7685757765,218718.6996167632,60.0,-85543.86396824312,-731507.702187581,514337.2426618673,141.0
87b3744,87b3744,87b375,87b374,-14574.741481044915,-124453.20166340513,87628.04305850607,24.0,-35254.54327608503,-300702.8119883234,211846.23680401535,58.0,-85543.86396824312,-731507.702187581,514337.2426618673,141.0
87b374c,87b374c,87b375,87b374,-4899.593247708524,-41489.05413327319,29195.830949379935,8.0,-35254.54327608503,-300702.8119883234,211846.23680401535,58.0,-85543.86396824312,-731507.702187581,514337.2426618673,141.0
87b375c,87b375c,87b375,87b374,-15780.208547331598,-134760.55619164513,95022.36279612937,26.0,-35254.54327608503,-300702.8119883234,211846.23680401535,58.0,-85543.86396824312,-731507.702187581,514337.2426618673,141.0
87b37c,87b37c,87b37c,87b37c,-598.21530199002,-5193.096471376544,3641.928146067534,1.0,-598.21530199002,-5193.096471376544,3641.928146067534,1.0,-598.21530199002,-5193.096471376544,3641.928146067534,1.0
87b384,87b384,87b384,87b384,-588.0822707387293,-5175.783199919688,3668.1304011647853,1.0,-588.0822707387293,-5175.783199919688,3668.1304011647853,1.0,-588.0822707387293,-5175.783199919688,3668.1304011647853,1.0
87b38c,87b38c,87b38c,87b38c,-15881.020621715757,-139340.00693877038,99609.56043998891,27.0,-15881.020621715757,-139340.00693877038,99609.56043998891,27.0,-15881.020621715757,-139340.00693877038,99609.56043998891,27.0
87b393,87b393,87b393,87b394,-1190.684136264229,-10319.903017462913,7378.406688823241,2.0,-1190.684136264229,-10319.903017462913,7378.406688823241,2.0,-82850.59439151829,-707635.1035850457,504199.21922455716,137.0
87b395,87b395,87b395,87b394,0.0,0.0,0.0,0.0,-31397.331675364476,-268429.44873838336,191610.31944476796,52.0,-82850.59439151829,-707635.1035850457,504199.21922455716,137.0
87b3964,87b3964,87b397,87b394,-7907.217683165405,-67161.40608410318,47817.25207053294,13.0,-50262.57857988957,-428885.7518291994,305210.4930909661,83.0,-82850.59439151829,-707635.1035850457,504199.21922455716,137.0
87b396c,87b396c,87b397,87b394,-21167.542588456967,-180823.92546768227,128752.03403769243,35.0,-50262.57857988957,-428885.7518291994,305210.4930909661,83.0,-82850.59439151829,-707635.1035850457,504199.21922455716,137.0
87b3974,87b3974,87b397,87b394,-21187.818308267204,-180900.42027741388,128641.20698274064,35.0,-50262.57857988957,-428885.7518291994,305210.4930909661,83.0,-82850.59439151829,-707635.1035850457,504199.21922455716,137.0
87b399,87b399,87b39c,87b39c,-24216.226344508177,-206910.98325354897,146782.19819561165,40.0,-41800.033476993405,-357071.68287724146,252982.71315484136,69.0,-41800.033476993405,-357071.68287724146,252982.71315484136,69.0
87b39f,87b39f,87b39c,87b39c,-17583.80713248523,-150160.69962369246,106200.51495922968,29.0,-41800.033476993405,-357071.68287724146,252982.71315484136,69.0,-41800.033476993405,-357071.68287724146,252982.71315484136,69.0
87b3ac,87b3ac,87b3b,87b3b,-23966.353948577904,-196737.53535128981,139037.87145208963,38.0,0.0,0.0,0.0,0.0,-78823.48998474305,-650870.9327567082,463198.8248797817,126.0
87b3b4,87b3b4,87b3b,87b3b,-14446.591011954813,-118726.5966361635,84659.66106832687,23.0,0.0,0.0,0.0,0.0,-78823.48998474305,-650870.9327567082,463198.8248797817,126.0
87b3bc,87b3bc,87b3b,87b3b,0.0,0.0,0.0,0.0,0.0,0.0,0.0,0.0,-78823.48998474305,-650870.9327567082,463198.8248797817,126.0
87b3d,87b3d,87b3d,87b3d,0.0,0.0,0.0,0.0,-33597.071237554206,-277591.8456996251,200431.48791914948,54.0,-33597.071237554206,-277591.8456996251,200431.48791914948,54.0
87b3f,87b3f,87b3f,87b3f,-17678.612379548853,-154320.0330328474,111370.231343146,30.0,-17678.612379548853,-154320.0330328474,111370.231343146,30.0,-17678.612379548853,-154320.0330328474,111370.231343146,30.0
87b404,87b404,87b41,87b44,-16115.60253190714,-143927.83086741957,104150.99442194466,28.0,-38003.57371248453,-345166.42490952264,248236.8915322868,67.0,-87337.8293948043,-819937.935463506,588394.2326644582,159.0
87b40c,87b40c,87b41,87b44,-9707.463525423504,-87730.18118658625,62766.32619715209,17.0,-38003.57371248453,-345166.42490952264,248236.8915322868,67.0,-87337.8293948043,-819937.935463506,588394.2326644582,159.0
87b414,87b414,87b41,87b44,-9989.601499518529,-92908.43776779273,66477.83903701082,18.0,-38003.57371248453,-345166.42490952264,248236.8915322868,67.0,-87337.8293948043,-819937.935463506,588394.2326644582,159.0
87b41c,87b41c,87b41,87b44,-2190.906155635361,-20599.975087724084,14841.731876179245,4.0,-38003.57371248453,-345166.42490952264,248236.8915322868,67.0,-87337.8293948043,-819937.935463506,588394.2326644582,159.0
87b424,87b424,87b43,87b44,-9184.721856590453,-87503.40763817947,63160.30000958555,17.0,-45892.81741331234,-443757.242063819,318078.14131413115,86.0,-87337.8293948043,-819937.935463506,588394.2326644582,159.0
87b42c,87b42c,87b43,87b44,-1054.2882502837801,-10299.30107903518,7427.778004720395,2.0,-45892.81741331234,-443757.242063819,318078.14131413115,86.0,-87337.8293948043,-819937.935463506,588394.2326644582,159.0
87b434,87b434,87b43,87b44,-18365.371021374962,-180742.04726233764,129295.99332354915,35.0,-45892.81741331234,-443757.242063819,318078.14131413115,86.0,-87337.8293948043,-819937.935463506,588394.2326644582,159.0
87b43c,87b43c,87b43,87b44,-17288.436285063137,-165212.48608426677,118194.06997627617,32.0,-45892.81741331234,-443757.242063819,318078.14131413115,86.0,-87337.8293948043,-819937.935463506,588394.2326644582,159.0
87b47,87b47,87b47,87b44,-3441.4382690074276,-31014.26849016436,22079.199818040255,6.0,-3441.4382690074276,-31014.26849016436,22079.199818040255,6.0,-87337.8293948043,-819937.935463506,588394.2326644582,159.0
87b4a1,87b4a1,87b4a4,87b4a4,-4084.969716109083,-36476.717559101715,25331.008465968986,7.0,-32504.93835710951,-291990.3989234906,202421.2368602205,56.0,-32504.93835710951,-291990.3989234906,202421.2368602205,56.0
87b4a5,87b4a5,87b4a4,87b4a4,-9733.706116435284,-88672.85059369235,61423.24572069856,17.0,-32504.93835710951,-291990.3989234906,202421.2368602205,56.0,-32504.93835710951,-291990.3989234906,202421.2368602205,56.0
87b4a7,87b4a7,87b4a4,87b4a4,-18686.262524565147,-166840.8307706966,115666.98267355295,32.0,-32504.93835710951,-291990.3989234906,202421.2368602205,56.0,-32504.93835710951,-291990.3989234906,202421.2368602205,56.0
87b4a9,87b4a9,87b4ac,87b4ac,-9323.751594335896,-83486.04793626565,57741.861177360595,16.0,-49784.96181873331,-449260.4024943069,309657.68114840117,86.0,-49784.96181873331,-449260.4024943069,309657.68114840117,86.0
87b4ab,87b4ab,87b4ac,87b4ac,-13995.864405045948,-125427.01786583736,86324.2377354296,24.0,-49784.96181873331,-449260.4024943069,309657.68114840117,86.0,-49784.96181873331,-449260.4024943069,309657.68114840117,86.0
87b4ad,87b4ad,87b4ac,87b4ac,-20701.01061129558,-188164.3684467487,129498.84745617193,36.0,-49784.96181873331,-449260.4024943069,309657.68114840117,86.0,-49784.96181873331,-449260.4024943069,309657.68114840117,86.0
87b4af,87b4af,87b4ac,87b4ac,-5764.335208055891,-52182.968245455326,36092.73477943892,10.0,-49784.96181873331,-449260.4024943069,309657.68114840117,86.0,-49784.96181873331,-449260.4024943069,309657.68114840117,86.0
87b4b1,87b4b1,87b4b1,87b4b4,-18762.505679445105,-172320.85322470678,118977.85160924873,33.0,-18762.505679445105,-172320.85322470678,118977.85160924873,33.0,-96403.96072000074,-893696.1724941757,615546.4136131173,171.0
87b4b3,87b4b3,87b4b3,87b4b4,-28322.054741151816,-261334.5254682354,179934.66534428037,50.0,-28322.054741151816,-261334.5254682354,179934.66534428037,50.0,-96403.96072000074,-893696.1724941757,615546.4136131173,171.0
87b4b44,87b4b44,87b4b5,87b4b4,-1120.2131271859012,-10453.661390305948,7198.965106325055,2.0,-48763.83223909507,-454816.71839890437,313029.7138880265,87.0,-96403.96072000074,-893696.1724941757,615546.4136131173,171.0
87b4b4c,87b4b4c,87b4b5,87b4b4,-28105.93099975421,-261390.52353782344,179887.26385110043,50.0,-48763.83223909507,-454816.71839890437,313029.7138880265,87.0,-96403.96072000074,-893696.1724941757,615546.4136131173,171.0
87b4b54,87b4b54,87b4b5,87b4b4,-12295.375397765814,-115042.98947904016,79116.20944659246,22.0,-48763.83223909507,-454816.71839890437,313029.7138880265,87.0,-96403.96072000074,-893696.1724941757,615546.4136131173,171.0
87b4b5c,87b4b5c,87b4b5,87b4b4,-7242.312714389153,-67929.54399173486,46827.27548400848,13.0,-48763.83223909507,-454816.71839890437,313029.7138880265,87.0,-96403.96072000074,-893696.1724941757,615546.4136131173,171.0
87b4b7,87b4b7,87b4b7,87b4b4,-555.5680603087433,-5224.0754023290265,3604.182771561819,1.0,-555.5680603087433,-5224.0754023290265,3604.182771561819,1.0,-96403.96072000074,-893696.1724941757,615546.4136131173,171.0
87b4bc,87b4bc,87b4bc,87b4bc,-15933.96706010267,-146072.43170678944,101149.98445354615,28.0,-15933.96706010267,-146072.43170678944,101149.98445354615,28.0,-15933.96706010267,-146072.43170678944,101149.98445354615,28.0
87b4c4,87b4c4,87b4d,87b4d,-26597.16333957437,-255425.88823871373,177499.75796041786,49.0,-45946.11059144768,-438275.11404873175,303651.1989477029,84.0,-45946.11059144768,-438275.11404873175,303651.1989477029,84.0
87b4cc,87b4cc,87b4d,87b4d,-18286.38815901371,-172392.27960262256,118948.51133431966,33.0,-45946.11059144768,-438275.11404873175,303651.1989477029,84.0,-45946.11059144768,-438275.11404873175,303651.1989477029,84.0
87b4d4,87b4d4,87b4d,87b4d,-1062.5590928595939,-10456.9462073955,7202.929652965406,2.0,-45946.11059144768,-438275.11404873175,303651.1989477029,84.0,-45946.11059144768,-438275.11404873175,303651.1989477029,84.0
87b4e4,87b4e4,87b4f,87b4f,0.0,0.0,0.0,0.0,-39896.95832704251,-390241.9286908711,272830.20653720153,75.0,-39896.95832704251,-390241.9286908711,272830.20653720153,75.0
87b4ec,87b4ec,87b4f,87b4f,-3766.9114531779824,-36456.588439656756,25409.160293766658,7.0,-39896.95832704251,-390241.9286908711,272830.20653720153,75.0,-39896.95832704251,-390241.9286908711,272830.20653720153,75.0
87b4fc,87b4fc,87b4f,87b4f,-8366.420686673551,-83167.47738608751,58345.09705941407,16.0,-39896.95832704251,-390241.9286908711,272830.20653720153,75.0,-39896.95832704251,-390241.9286908711,272830.20653720153,75.0
87b501,87b501,87b504,87b54,0.0,0.0,0.0,0.0,-36894.81059171677,-368613.5939847902,259568.2197965773,71.0,0.0,0.0,0.0,0.0
87b503,87b503,87b504,87b54,-10411.668778670728,-103886.7845158284,73041.31685731404,20.0,-36894.81059171677,-368613.5939847902,259568.2197965773,71.0,0.0,0.0,0.0,0.0
87b514,87b514,87b514,87b54,0.0,0.0,0.0,0.0,-25504.140333927757,-265338.76136655366,185792.23330542995,51.0,0.0,0.0,0.0,0.0
87b51c,87b51c,87b51c,87b54,-10272.480649889218,-104007.66958144597,72888.82161221176,20.0,-10272.480649889218,-104007.66958144597,72888.82161221176,20.0,0.0,0.0,0.0,0.0
87b55,87b55,87b55,87b54,-2886.223613765625,-31344.855766466404,21688.6697098337,6.0,-2886.223613765625,-31344.855766466404,21688.6697098337,6.0,0.0,0.0,0.0,0.0
87b56c,87b56c,87b57,87b54,-2422.3555561499443,-26008.594615716054,18232.636203443704,5.0,-32590.074056784564,-348281.5490754083,244632.79826031075,67.0,0.0,0.0,0.0,0.0
87b5724,87b5724,87b57,87b54,-10695.493430321323,-114393.19123068814,80282.27660375126,22.0,-32590.074056784564,-348281.5490754083,244632.79826031075,67.0,0.0,0.0,0.0,0.0
87b572c,87b572c,87b57,87b54,-487.2292408012651,-5198.51803143127,3650.7219934513787,1.0,-32590.074056784564,-348281.5490754083,244632.79826031075,67.0,0.0,0.0,0.0,0.0
87b5734,87b5734,87b57,87b54,-12183.264076791142,-129935.99296419494,91306.08510396854,25.0,-32590.074056784564,-348281.5490754083,244632.79826031075,67.0,0.0,0.0,0.0,0.0
87b573c,87b573c,87b57,87b54,-5344.879006720073,-57160.21363672966,40193.310724037896,11.0,-32590.074056784564,-348281.5490754083,244632.79826031075,67.0,0.0,0.0,0.0,0.0
87b575,87b575,87b57,87b54,-1456.8527460008177,-15585.038596648224,10967.767631657922,3.0,-32590.074056784564,-348281.5490754083,244632.79826031075,67.0,0.0,0.0,0.0,0.0
87b59,87b59,87b59,87b59,-487.90031041072746,-5175.394496204428,3683.340633913115,1.0,-487.90031041072746,-5175.394496204428,3683.340633913115,1.0,-487.90031041072746,-5175.394496204428,3683.340633913115,1.0
87b5a3,87b5a3,87b5a4,87b5a4,-22708.083894879335,-238321.73238633157,169041.43034694847,46.0,-33711.88031502186,-352268.8572084557,249914.21536115522,68.0,-33711.88031502186,-352268.8572084557,249914.21536115522,68.0
87b5a5,87b5a5,87b5a4,87b5a4,-11003.796420142527,-113947.12482212414,80872.7850142067,22.0,-33711.88031502186,-352268.8572084557,249914.21536115522,68.0,-33711.88031502186,-352268.8572084557,249914.21536115522,68.0
87b5ab,87b5ab,87b5ac,87b5ac,-14457.13358162394,-145203.79166162785,102611.92640356086,28.0,-37812.19438478969,-383464.07997499657,271651.7229968004,74.0,-37812.19438478969,-383464.07997499657,271651.7229968004,74.0
87b5ad,87b5ad,87b5ac,87b5ac,-1537.669946963409,-15547.395472667728,11010.079140730959,3.0,-37812.19438478969,-383464.07997499657,271651.7229968004,74.0,-37812.19438478969,-383464.07997499657,271651.7229968004,74.0
87b5af,87b5af,87b5ac,87b5ac,-20798.115522107422,-212343.47371919168,150695.19378740212,41.0,-37812.19438478969,-383464.07997499657,271651.7229968004,74.0,-37812.19438478969,-383464.07997499657,271651.7229968004,74.0
87b5b04,87b5b04,87b5b4,87b5b4,0.0,0.0,0.0,0.0,-49058.01463153516,-501877.5147869559,357240.85760725214,97.0,-49058.01463153516,-501877.5147869559,357240.85760725214,97.0
87b5b0c,87b5b0c,87b5b4,87b5b4,-5563.2445330343635,-56896.927110281074,40535.78722333971,11.0,-49058.01463153516,-501877.5147869559,357240.85760725214,97.0,-49058.01463153516,-501877.5147869559,357240.85760725214,97.0
87b5b3,87b5b3,87b5b4,87b5b4,-512.4996546210995,-5175.676061127422,3679.6024980917728,1.0,-49058.01463153516,-501877.5147869559,357240.85760725214,97.0,-49058.01463153516,-501877.5147869559,357240.85760725214,97.0
87b5b7,87b5b7,87b5b4,87b5b4,-14119.100584517013,-144768.3973184892,103272.10133105393,28.0,-49058.01463153516,-501877.5147869559,357240.85760725214,97.0,-49058.01463153516,-501877.5147869559,357240.85760725214,97.0
87b5bc,87b5bc,87b5bc,87b5bc,-4021.299411205592,-41339.48351189375,29540.14928215929,8.0,-4021.299411205592,-41339.48351189375,29540.14928215929,8.0,-4021.299411205592,-41339.48351189375,29540.14928215929,8.0
87b5c1,87b5c1,87b5c4,87b5d,-7356.413696777205,-77494.39974373342,55436.40397738073,15.0,-36250.34577807113,-376847.7125904552,270137.41485598224,73.0,0.0,0.0,0.0,0.0
87b5c5,87b5c5,87b5c4,87b5d,-15374.383975059025,-159906.28060229387,114892.81798293193,31.0,-36250.34577807113,-376847.7125904552,270137.41485598224,73.0,0.0,0.0,0.0,0.0
87b5c7,87b5c7,87b5c4,87b5d,-13519.548106234899,-139447.03224442786,99808.19289566964,27.0,-36250.34577807113,-376847.7125904552,270137.41485598224,73.0,0.0,0.0,0.0,0.0
87b5cc,87b5cc,87b5cc,87b5d,-21944.82813049245,-221948.27305381847,159084.06203088397,43.0,-21944.82813049245,-221948.27305381847,159084.06203088397,43.0,0.0,0.0,0.0,0.0
87b5d4,87b5d4,87b5d4,87b5d,-16802.42602364697,-169894.72673758666,122701.54925040214,33.0,-16802.42602364697,-169894.72673758666,122701.54925040214,33.0,0.0,0.0,0.0,0.0
87b5dc,87b5dc,87b5dc,87b5d,0.0,0.0,0.0,0.0,-35549.70566027183,-375628.0180612291,271923.84710508067,73.0,0.0,0.0,0.0,0.0
87b5e4,87b5e4,87b5f,87b5f,-7634.891239903384,-82388.11409411678,59538.81806604039,16.0,-29532.366522851837,-324924.2091708037,233776.71557204265,63.0,-29532.366522851837,-324924.2091708037,233776.71557204265,63.0
87b5ec,87b5ec,87b5f,87b5f,-5256.4174862725,-56817.49124042998,40687.816467259574,11.0,-29532.366522851837,-324924.2091708037,233776.71557204265,63.0,-29532.366522851837,-324924.2091708037,233776.71557204265,63.0
87b5f4,87b5f4,87b5f,87b5f,-9268.441527927482,-103335.22056481395,73971.74928516435,20.0,-29532.366522851837,-324924.2091708037,233776.71557204265,63.0,-29532.366522851837,-324924.2091708037,233776.71557204265,63.0
87b5fc,87b5fc,87b5f,87b5f,-7372.616268748466,-82383.38327144296,59578.33175357835,16.0,-29532.366522851837,-324924.2091708037,233776.71557204265,63.0,-29532.366522851837,-324924.2091708037,233776.71557204265,63.0
87b604,87b604,87b604,87b61,-23175.669053922356,-256938.07273228356,186869.0096334119,50.0,-23175.669053922356,-256938.07273228356,186869.0096334119,50.0,-76835.36734618865,-831954.0456585325,605955.8330343944,162.0
87b60c,87b60c,87b60c,87b61,0.0,0.0,0.0,0.0,-25692.001802186085,-277493.93855802866,201733.93378746812,54.0,-76835.36734618865,-831954.0456585325,605955.8330343944,162.0
87b613,87b613,87b614,87b61,-18341.61457217577,-195010.00072091693,142289.4377968265,38.0,-27967.69649008022,-297522.0343682205,217352.88961351445,58.0,-76835.36734618865,-831954.0456585325,605955.8330343944,162.0
87b615,87b615,87b614,87b61,-9626.081917904448,-102512.03364730353,75063.45181668797,20.0,-27967.69649008022,-297522.0343682205,217352.88961351445,58.0,-76835.36734618865,-831954.0456585325,605955.8330343944,162.0
87b631,87b631,87b634,87b63,-6158.214179421265,-66412.31222904404,49103.4501172612,13.0,-28004.688203878453,-301179.6562084403,223157.68973293807,59.0,-66242.85885442462,-710560.1519201313,524354.7419608338,139.0
87b633,87b633,87b634,87b63,-10368.282190353184,-112291.02017338503,83238.59238965221,22.0,-28004.688203878453,-301179.6562084403,223157.68973293807,59.0,-66242.85885442462,-710560.1519201313,524354.7419608338,139.0
87b635,87b635,87b634,87b63,-10052.348097526616,-107143.40143213434,79494.15266837827,21.0,-28004.688203878453,-301179.6562084403,223157.68973293807,59.0,-66242.85885442462,-710560.1519201313,524354.7419608338,139.0
87b637,87b637,87b634,87b63,-1425.843736577387,-15332.922373876985,11321.494557646365,3.0,-28004.688203878453,-301179.6562084403,223157.68973293807,59.0,-66242.85885442462,-710560.1519201313,524354.7419608338,139.0
87b639,87b639,87b63c,87b63,-17195.306849039865,-184146.3654451294,135641.98032532592,36.0,-37778.670359580006,-404276.6874673065,297411.5860720791,79.0,-66242.85885442462,-710560.1519201313,524354.7419608338,139.0
87b63f,87b63f,87b63c,87b63,-20109.404935915147,-215018.23047322422,157997.1216322285,42.0,-37778.670359580006,-404276.6874673065,297411.5860720791,79.0,-66242.85885442462,-710560.1519201313,524354.7419608338,139.0
87b644,87b644,87b644,87b65,-483.9003474708244,-5111.164295691278,3772.4783797718087,1.0,-483.9003474708244,-5111.164295691278,3772.4783797718087,1.0,-79745.00386866009,-817229.7926985505,604045.1553201884,160.0
87b649,87b649,87b64c,87b65,-5850.995391113939,-61287.67054700934,45326.71883242523,12.0,-33841.692876244764,-352202.7708384399,260874.6339101298,69.0,-79745.00386866009,-817229.7926985505,604045.1553201884,160.0
87b64b,87b64b,87b64c,87b65,-3390.73630509496,-35725.42408848108,26478.19162994452,7.0,-33841.692876244764,-352202.7708384399,260874.6339101298,69.0,-79745.00386866009,-817229.7926985505,604045.1553201884,160.0
87b64d,87b64d,87b64c,87b65,-16215.918230608915,-168352.114753656,124887.31212750344,33.0,-33841.692876244764,-352202.7708384399,260874.6339101298,69.0,-79745.00386866009,-817229.7926985505,604045.1553201884,160.0
87b64f,87b64f,87b64c,87b65,-8384.042949426956,-86837.56144929331,64182.411320256644,17.0,-33841.692876244764,-352202.7708384399,260874.6339101298,69.0,-79745.00386866009,-817229.7926985505,604045.1553201884,160.0
87b654,87b654,87b654,87b65,-22595.29641180315,-229845.9307200897,169866.125096574,45.0,-22595.29641180315,-229845.9307200897,169866.125096574,45.0,-79745.00386866009,-817229.7926985505,604045.1553201884,160.0
87b65c,87b65c,87b65c,87b65,-22824.114233141343,-230069.9268443297,169531.9179337127,45.0,-22824.114233141343,-230069.9268443297,169531.9179337127,45.0,-79745.00386866009,-817229.7926985505,604045.1553201884,160.0
87b664,87b664,87b664,87b67,-17333.823916703994,-174372.772116427,127339.72173373228,34.0,-17333.823916703994,-174372.772116427,127339.72173373228,34.0,0.0,0.0,0.0,0.0
87b671,87b671,87b674,87b67,-12925.210163315893,-133531.42377106627,97164.65008920964,26.0,0.0,0.0,0.0,0.0,0.0,0.0,0.0,0.0
87b673,87b673,87b674,87b67,-23787.723027524684,-251688.89954010304,183146.9822263073,49.0,0.0,0.0,0.0,0.0,0.0,0.0,0.0,0.0
87b675,87b675,87b674,87b67,-19945.690758841392,-210802.24866941714,152957.30366696708,41.0,0.0,0.0,0.0,0.0,0.0,0.0,0.0,0.0
87b67b,87b67b,87b67c,87b67,-1506.6590565864751,-15400.514151306563,11218.819803825572,3.0,-31088.952400570695,-313411.96539452556,227685.70249650042,61.0,0.0,0.0,0.0,0.0
87b67d,87b67d,87b67c,87b67,-11193.353827053197,-112976.80957095725,82197.22974233041,22.0,-31088.952400570695,-313411.96539452556,227685.70249650042,61.0,0.0,0.0,0.0,0.0
87b67f,87b67f,87b67c,87b67,-18388.939516931023,-185034.6416722618,134269.65295034443,36.0,-31088.952400570695,-313411.96539452556,227685.70249650042,61.0,0.0,0.0,0.0,0.0
87b689,87b689,87b689,87b68c,-15617.989042889103,-153832.56854751776,112349.41406406603,30.0,-15617.989042889103,-153832.56854751776,112349.41406406603,30.0,0.0,0.0,0.0,0.0
87b68b,87b68b,87b68b,87b68c,0.0,0.0,0.0,0.0,-38423.45370864759,-379152.58803702553,277554.33274660213,74.0,0.0,0.0,0.0,0.0
87b68c4,87b68c4,87b68d,87b68c,-13594.688660874092,-133222.91710363553,97496.20906053095,26.0,0.0,0.0,0.0,0.0,0.0,0.0,0.0,0.0
87b68cc,87b68cc,87b68d,87b68c,-9426.148000319015,-92172.07462150244,67576.14396711797,18.0,0.0,0.0,0.0,0.0,0.0,0.0,0.0,0.0
87b68d4,87b68d4,87b68d,87b68c,-15278.206670191688,-148506.5185538419,108850.217612183,29.0,0.0,0.0,0.0,0.0,0.0,0.0,0.0,0.0
87b68dc,87b68dc,87b68d,87b68c,-17921.246576411253,-174208.0050050659,127483.92414909926,34.0,0.0,0.0,0.0,0.0,0.0,0.0,0.0,0.0
87b68f,87b68f,87b68f,87b68c,-11046.05094307015,-107663.19180212343,78655.56001402493,21.0,-11046.05094307015,-107663.19180212343,78655.56001402493,21.0,0.0,0.0,0.0,0.0
87b691,87b691,87b691,87b691,0.0,0.0,0.0,0.0,-32548.41671404977,-312648.8941837558,228529.48063153325,61.0,-32548.41671404977,-312648.8941837558,228529.48063153325,61.0
87b6924,87b6924,87b693,87b693,-20205.81648611631,-194684.01924719728,142483.1804885939,38.0,0.0,0.0,0.0,0.0,0.0,0.0,0.0,0.0
87b692c,87b692c,87b693,87b693,0.0,0.0,0.0,0.0,0.0,0.0,0.0,0.0,0.0,0.0,0.0,0.0
87b6934,87b6934,87b693,87b693,-24620.37779886841,-235524.9073431707,172655.0488160494,46.0,0.0,0.0,0.0,0.0,0.0,0.0,0.0,0.0
87b693c,87b693c,87b693,87b693,-26737.341616855218,-256157.73595183424,187463.87773616877,50.0,0.0,0.0,0.0,0.0,0.0,0.0,0.0,0.0
87b6944,87b6944,87b695,87b695,-9699.964367616953,-92203.38436267413,67494.63626024408,18.0,0.0,0.0,0.0,0.0,-65238.071124080234,-619575.1121446266,454032.09234290157,121.0
87b6949,87b6949,87b695,87b695,-11825.575023980873,-112653.79704559858,82551.3040733239,22.0,0.0,0.0,0.0,0.0,-65238.071124080234,-619575.1121446266,454032.09234290157,121.0
87b694b,87b694b,87b695,87b695,-6445.813432566983,-61432.51162273926,45049.11071286017,12.0,0.0,0.0,0.0,0.0,-65238.071124080234,-619575.1121446266,454032.09234290157,121.0
87b694d,87b694d,87b695,87b695,-15637.886677580474,-148455.1840296568,108869.17293721339,29.0,0.0,0.0,0.0,0.0,-65238.071124080234,-619575.1121446266,454032.09234290157,121.0
87b694f,87b694f,87b695,87b695,-11319.671068707908,-107539.42777217852,78785.89610038434,21.0,0.0,0.0,0.0,0.0,-65238.071124080234,-619575.1121446266,454032.09234290157,121.0
87b6954,87b6954,87b695,87b695,-8140.363902850417,-76803.98120698813,56281.228033522406,15.0,0.0,0.0,0.0,0.0,-65238.071124080234,-619575.1121446266,454032.09234290157,121.0
87b695c,87b695c,87b695,87b695,-2168.79665077662,-20486.826104791067,15000.7442253533,4.0,0.0,0.0,0.0,0.0,-65238.071124080234,-619575.1121446266,454032.09234290157,121.0
87b6964,87b6964,87b697,87b697,-11947.969434582199,-112764.58011144333,82382.24551784624,22.0,-35687.52234899716,-338292.5544403651,247170.95511731567,66.0,-35687.52234899716,-338292.5544403651,247170.95511731567,66.0
87b696c,87b696c,87b697,87b697,-21577.313967094364,-205013.69949252906,149824.5777746045,40.0,-35687.52234899716,-338292.5544403651,247170.95511731567,66.0,-35687.52234899716,-338292.5544403651,247170.95511731567,66.0
87b69c,87b69c,87b69c,87b69c,-3804.219448653671,-35934.568078534765,26136.789191454198,7.0,-3804.219448653671,-35934.568078534765,26136.789191454198,7.0,-3804.219448653671,-35934.568078534765,26136.789191454198,7.0
87b6a4,87b6a4,87b6a4,87b6b,-3282.0468619104804,-30829.92784915388,22360.116576585675,6.0,-3282.0468619104804,-30829.92784915388,22360.116576585675,6.0,-81643.13610446971,-753416.4853722729,550270.5165870248,147.0
87b6ac,87b6ac,87b6ac,87b6b,-10301.71390914192,-92391.7892452573,67146.83331576688,18.0,-10301.71390914192,-92391.7892452573,67146.83331576688,18.0,-81643.13610446971,-753416.4853722729,550270.5165870248,147.0
87b6b4,87b6b4,87b6b4,87b6b,-16511.355010603806,-148588.12269479295,108558.28841855901,29.0,-16511.355010603806,-148588.12269479295,108558.28841855901,29.0,-81643.13610446971,-753416.4853722729,550270.5165870248,147.0
87b6bb,87b6bb,87b6bc,87b6b,-6132.286183386676,-56380.420636325856,41170.41611520601,11.0,-51548.020322813485,-481606.64558306884,352205.2782761132,94.0,-81643.13610446971,-753416.4853722729,550270.5165870248,147.0
87b6bd,87b6bd,87b6bc,87b6b,-21935.680907800557,-205029.13265016687,149751.3721133385,40.0,-51548.020322813485,-481606.64558306884,352205.2782761132,94.0,-81643.13610446971,-753416.4853722729,550270.5165870248,147.0
87b6bf,87b6bf,87b6bc,87b6b,-23480.053231626254,-220197.0922965761,161283.49004756875,43.0,-51548.020322813485,-481606.64558306884,352205.2782761132,94.0,-81643.13610446971,-753416.4853722729,550270.5165870248,147.0
87b6d,87b6d,87b6d,87b6d,-25174.009776851442,-235216.643704436,172994.49530933148,46.0,-25174.009776851442,-235216.643704436,172994.49530933148,46.0,-25174.009776851442,-235216.643704436,172994.49530933148,46.0
87b6e3,87b6e3,87b6e4,87b6e4,-26440.71278918525,-254964.23793679962,189125.59214137652,50.0,-42872.54410532819,-413190.6746724852,306177.41808302,81.0,-42872.54410532819,-413190.6746724852,306177.41808302,81.0
87b6e5,87b6e5,87b6e4,87b6e4,-15353.567401906364,-148014.28473741404,109508.06894859223,29.0,-42872.54410532819,-413190.6746724852,306177.41808302,81.0,-42872.54410532819,-413190.6746724852,306177.41808302,81.0
87b6e7,87b6e7,87b6e4,87b6e4,-1078.2639142365758,-10212.151998271682,7543.756993051236,2.0,-42872.54410532819,-413190.6746724852,306177.41808302,81.0,-42872.54410532819,-413190.6746724852,306177.41808302,81.0
87b6e9,87b6e9,87b6e9,87b6e9,-11275.567814694807,-107353.63708570338,79045.16925978304,21.0,-11275.567814694807,-107353.63708570338,79045.16925978304,21.0,-11275.567814694807,-107353.63708570338,79045.16925978304,21.0
87b6ea4,87b6ea4,87b6eb,87b6eb,-2163.3253241306325,-20461.559258479832,15035.978835967635,4.0,0.0,0.0,0.0,0.0,0.0,0.0,0.0,0.0
87b6eac,87b6eac,87b6eb,87b6eb,-1630.35214220708,-15346.75530954189,11275.053457708427,3.0,0.0,0.0,0.0,0.0,0.0,0.0,0.0,0.0
87b6eb4,87b6eb4,87b6eb,87b6eb,0.0,0.0,0.0,0.0,0.0,0.0,0.0,0.0,0.0,0.0,0.0,0.0
87b6ebc,87b6ebc,87b6eb,87b6eb,0.0,0.0,0.0,0.0,0.0,0.0,0.0,0.0,0.0,0.0,0.0,0.0
87b6ec4,87b6ec4,87b6ec4,87b6ed,0.0,0.0,0.0,0.0,-49189.273462703524,-470583.72611709835,345952.3322648141,92.0,0.0,0.0,0.0,0.0
87b6ecc,87b6ecc,87b6ecc,87b6ed,0.0,0.0,0.0,0.0,0.0,0.0,0.0,0.0,0.0,0.0,0.0,0.0
87b6ed4,87b6ed4,87b6ed4,87b6ed,0.0,0.0,0.0,0.0,-50464.86918738364,-486163.899305545,356960.0175418079,95.0,0.0,0.0,0.0,0.0
87b6edc,87b6edc,87b6edc,87b6ed,-9541.224766862186,-92090.40515081804,67671.27791181182,18.0,-9541.224766862186,-92090.40515081804,67671.27791181182,18.0,0.0,0.0,0.0,0.0
87b6ee4,87b6ee4,87b6ef,87b6ef,-3702.904519549931,-35789.67560144859,26349.29802283265,7.0,-37308.579874127056,-357835.984558704,263536.0047816302,70.0,-37308.579874127056,-357835.984558704,263536.0047816302,70.0
87b6eec,87b6eec,87b6ef,87b6ef,-26155.961181875802,-250507.28886558415,184439.56681595912,49.0,-37308.579874127056,-357835.984558704,263536.0047816302,70.0,-37308.579874127056,-357835.984558704,263536.0047816302,70.0
87b6ef4,87b6ef4,87b6ef,87b6ef,-4803.889500006389,-45990.26202371413,33905.58086987589,9.0,-37308.579874127056,-357835.984558704,263536.0047816302,70.0,-37308.579874127056,-357835.984558704,263536.0047816302,70.0
87b6efc,87b6efc,87b6ef,87b6ef,-2645.82467269492,-25548.758067957137,18841.55907296261,5.0,-37308.579874127056,-357835.984558704,263536.0047816302,70.0,-37308.579874127056,-357835.984558704,263536.0047816302,70.0
87b6f1,87b6f1,87b6f1,87b6f4,0.0,0.0,0.0,0.0,-29815.03145336396,-291243.70603067114,214858.67788960546,57.0,0.0,0.0,0.0,0.0
87b6f24,87b6f24,87b6f3,87b6f4,-18430.189763806724,-179061.5260226349,131604.49302631314,35.0,0.0,0.0,0.0,0.0,0.0,0.0,0.0,0.0
87b6f2c,87b6f2c,87b6f3,87b6f4,0.0,0.0,0.0,0.0,0.0,0.0,0.0,0.0,0.0,0.0,0.0,0.0
87b6f34,87b6f34,87b6f3,87b6f4,0.0,0.0,0.0,0.0,0.0,0.0,0.0,0.0,0.0,0.0,0.0,0.0
87b6f3c,87b6f3c,87b6f3,87b6f4,-6811.885368004395,-66493.39195415477,48907.004978328965,13.0,0.0,0.0,0.0,0.0,0.0,0.0,0.0,0.0
87b6f5,87b6f5,87b6f5,87b6f4,0.0,0.0,0.0,0.0,-30487.638080393805,-301950.2163997547,221786.98698976482,59.0,0.0,0.0,0.0,0.0
87b6f7,87b6f7,87b6f7,87b6f4,-3630.971942751411,-35789.349181618185,26359.744428914568,7.0,-3630.971942751411,-35789.349181618185,26359.744428914568,7.0,0.0,0.0,0.0,0.0
87b6fc,87b6fc,87b6fc,87b6fc,-4172.74618468886,-40845.95886924259,30198.33301704579,8.0,-4172.74618468886,-40845.95886924259,30198.33301704579,8.0,-4172.74618468886,-40845.95886924259,30198.33301704579,8.0
87b70c,87b70c,87b70c,87b74,-7301.459971991804,-71115.15769310827,53337.73243957745,14.0,-7301.459971991804,-71115.15769310827,53337.73243957745,14.0,0.0,0.0,0.0,0.0
87b711,87b711,87b714,87b74,-26417.30152617398,-254091.6227480713,190299.60753160433,50.0,0.0,0.0,0.0,0.0,0.0,0.0,0.0,0.0
87b713,87b713,87b714,87b74,0.0,0.0,0.0,0.0,0.0,0.0,0.0,0.0,0.0,0.0,0.0,0.0
87b717,87b717,87b714,87b74,-1073.5268757600656,-10162.81265698752,7610.765432215642,2.0,0.0,0.0,0.0,0.0,0.0,0.0,0.0,0.0
87b71c,87b71c,87b71c,87b74,-25386.998974646078,-244422.38800157444,182021.68475657902,48.0,-25386.998974646078,-244422.38800157444,182021.68475657902,48.0,0.0,0.0,0.0,0.0
87b73,87b73,87b73,87b74,-8297.082002646639,-76157.73594477528,57130.00553900861,15.0,-8297.082002646639,-76157.73594477528,57130.00553900861,15.0,0.0,0.0,0.0,0.0
87b75,87b75,87b75,87b74,-19713.651010718626,-181904.75114913448,138297.65455193463,36.0,-19713.651010718626,-181904.75114913448,138297.65455193463,36.0,0.0,0.0,0.0,0.0
87b77,87b77,87b77,87b74,-17135.198277162024,-166890.61582970788,126712.38970009024,33.0,-17135.198277162024,-166890.61582970788,126712.38970009024,33.0,0.0,0.0,0.0,0.0
87b783,87b783,87b79,87b79,-7012.902503687982,-70847.66264245307,53730.987125498876,14.0,0.0,0.0,0.0,0.0,-52614.38842238064,-536287.916022879,407054.2424196898,106.0
87b785,87b785,87b79,87b79,0.0,0.0,0.0,0.0,0.0,0.0,0.0,0.0,-52614.38842238064,-536287.916022879,407054.2424196898,106.0
87b787,87b787,87b79,87b79,-17794.795163485538,-182023.67846488318,138401.71296921294,36.0,0.0,0.0,0.0,0.0,-52614.38842238064,-536287.916022879,407054.2424196898,106.0
87b78c,87b78c,87b79,87b79,-491.90165271696503,-5061.951748446217,3837.2425503392465,1.0,0.0,0.0,0.0,0.0,-52614.38842238064,-536287.916022879,407054.2424196898,106.0
87b7b,87b7b,87b7b,87b7b,-23943.3168974672,-243980.41368437602,182808.29080162695,48.0,-23943.3168974672,-243980.41368437602,182808.29080162695,48.0,-23943.3168974672,-243980.41368437602,182808.29080162695,48.0
87b7cc,87b7cc,87b7cc,87b7d,-9876.201953664659,-107017.50588815368,79685.53838424357,21.0,-9876.201953664659,-107017.50588815368,79685.53838424357,21.0,-64861.709658262465,-717720.8411638119,536313.3832634614,141.0
87b7d1,87b7d1,87b7d4,87b7d,-9662.328668662632,-106926.87151013798,79833.30716726194,21.0,-38997.829627317406,-432850.0571895407,323080.0202054955,85.0,-64861.709658262465,-717720.8411638119,536313.3832634614,141.0
87b7d3,87b7d3,87b7d4,87b7d,-8375.679917714024,-91732.22174579899,68309.05551874104,18.0,-38997.829627317406,-432850.0571895407,323080.0202054955,85.0,-64861.709658262465,-717720.8411638119,536313.3832634614,141.0
87b7d7,87b7d7,87b7d4,87b7d,-20959.821040940747,-234190.9639336037,174937.6575194926,46.0,-38997.829627317406,-432850.0571895407,323080.0202054955,85.0,-64861.709658262465,-717720.8411638119,536313.3832634614,141.0
87b7dc,87b7dc,87b7dc,87b7d,-15987.678077280398,-177853.27808611747,133547.82467372227,35.0,-15987.678077280398,-177853.27808611747,133547.82467372227,35.0,-64861.709658262465,-717720.8411638119,536313.3832634614,141.0
87b7e4,87b7e4,87b7f,87b7f,0.0,0.0,0.0,0.0,0.0,0.0,0.0,0.0,-47087.20010485862,-527134.9016097485,398658.18076372077,104.0
87b7f4,87b7f4,87b7f,87b7f,-462.8238367404525,-5055.087599916366,3849.8878662883253,1.0,0.0,0.0,0.0,0.0,-47087.20010485862,-527134.9016097485,398658.18076372077,104.0
87b7fc,87b7fc,87b7f,87b7f,-21723.32579163288,-242910.32248535944,184503.0092205893,48.0,0.0,0.0,0.0,0.0,-47087.20010485862,-527134.9016097485,398658.18076372077,104.0
87b804,87b804,87b804,87b804,0.0,0.0,0.0,0.0,-24120.45420768455,-267559.4245852832,204564.2910513903,53.0,-24120.45420768455,-267559.4245852832,204564.2910513903,53.0
87b80c,87b80c,87b80c,87b80c,-2762.019894039231,-30259.261239067833,23194.38434032469,6.0,-2762.019894039231,-30259.261239067833,23194.38434032469,6.0,-2762.019894039231,-30259.261239067833,23194.38434032469,6.0
87b811,87b811,87b814,87b814,-19502.840273281414,-211758.86400710884,162413.48604383832,42.0,-34844.12570933777,-377908.8235143571,290323.77112737496,75.0,-34844.12570933777,-377908.8235143571,290323.77112737496,75.0
87b813,87b813,87b814,87b814,-13462.387217309595,-145979.23711078236,112449.11617202636,29.0,-34844.12570933777,-377908.8235143571,290323.77112737496,75.0,-34844.12570933777,-377908.8235143571,290323.77112737496,75.0
87b817,87b817,87b814,87b814,-1878.898218746759,-20170.722396465946,15461.16891151029,4.0,-34844.12570933777,-377908.8235143571,290323.77112737496,75.0,-34844.12570933777,-377908.8235143571,290323.77112737496,75.0
87b819,87b819,87b81c,87b81c,-1417.1187363785166,-15128.547252059721,11594.24837631693,3.0,0.0,0.0,0.0,0.0,-59264.84402083815,-641124.2858972363,490018.7548345997,127.0
87b81b,87b81b,87b81c,87b81c,0.0,0.0,0.0,0.0,0.0,0.0,0.0,0.0,-59264.84402083815,-641124.2858972363,490018.7548345997,127.0
87b81d,87b81d,87b81c,87b81c,-14443.720015891671,-156619.79015731966,119450.24070479961,31.0,0.0,0.0,0.0,0.0,-59264.84402083815,-641124.2858972363,490018.7548345997,127.0
87b81f,87b81f,87b81c,87b81c,-11834.762871686346,-126325.88455150656,96282.40902233515,25.0,0.0,0.0,0.0,0.0,-59264.84402083815,-641124.2858972363,490018.7548345997,127.0
87b821,87b821,87b824,87b83,-8644.414826100108,-90942.36689216988,69324.15778517908,18.0,-31613.26615612098,-328250.90970735287,250486.47355489113,65.0,0.0,0.0,0.0,0.0
87b823,87b823,87b824,87b83,-1434.6253065349724,-15127.288917538634,11593.737804249959,3.0,-31613.26615612098,-328250.90970735287,250486.47355489113,65.0,0.0,0.0,0.0,0.0
87b825,87b825,87b824,87b83,-4892.129379505059,-50466.862028181466,38576.39018835102,10.0,-31613.26615612098,-328250.90970735287,250486.47355489113,65.0,0.0,0.0,0.0,0.0
87b827,87b827,87b824,87b83,-16642.09664398084,-171714.39186946285,130992.18777711106,34.0,-31613.26615612098,-328250.90970735287,250486.47355489113,65.0,0.0,0.0,0.0,0.0
87b829,87b829,87b82c,87b83,-17769.403047374548,-181814.02672388087,138680.29048180478,36.0,-48449.955520359086,-489701.7773364464,373836.0073230579,97.0,0.0,0.0,0.0,0.0
87b82b,87b82b,87b82c,87b83,-24222.555432716377,-242299.61237925413,184994.45761836792,48.0,-48449.955520359086,-489701.7773364464,373836.0073230579,97.0,0.0,0.0,0.0,0.0
87b82d,87b82d,87b82c,87b83,-2518.5735505266,-25228.114701729537,19285.813127717942,5.0,-48449.955520359086,-489701.7773364464,373836.0073230579,97.0,0.0,0.0,0.0,0.0
87b82f,87b82f,87b82c,87b83,-3939.4234897415517,-40360.02353158193,30875.44609516732,8.0,-48449.955520359086,-489701.7773364464,373836.0073230579,97.0,0.0,0.0,0.0,0.0
87b834,87b834,87b834,87b83,-7480.829031720846,-75560.4941435146,58028.71797049107,15.0,-7480.829031720846,-75560.4941435146,58028.71797049107,15.0,0.0,0.0,0.0,0.0
87b83c,87b83c,87b83c,87b83,-19838.328505392157,-206470.5398165943,158769.18836287054,41.0,-19838.328505392157,-206470.5398165943,158769.18836287054,41.0,0.0,0.0,0.0,0.0
87b841,87b841,87b844,87b85,-17784.22518332568,-186067.1862534233,143631.7757425429,37.0,0.0,0.0,0.0,0.0,0.0,0.0,0.0,0.0
87b843,87b843,87b844,87b85,-17721.697927325036,-185762.06347178726,144033.897527755,37.0,0.0,0.0,0.0,0.0,0.0,0.0,0.0,0.0
87b845,87b845,87b844,87b85,-16866.724832735286,-175727.06445075935,136227.58824418607,35.0,0.0,0.0,0.0,0.0,0.0,0.0,0.0,0.0
87b84c,87b84c,87b84c,87b85,-1996.0006198149872,-20099.508774553517,15539.029775591502,4.0,-1996.0006198149872,-20099.508774553517,15539.029775591502,4.0,0.0,0.0,0.0,0.0
87b854,87b854,87b854,87b85,-1000.7321248923084,-10023.906897776724,7802.476909247957,2.0,-1000.7321248923084,-10023.906897776724,7802.476909247957,2.0,0.0,0.0,0.0,0.0
87b85b,87b85b,87b85c,87b85,-7220.698459731417,-75272.03018998385,58435.239033077814,15.0,0.0,0.0,0.0,0.0,0.0,0.0,0.0,0.0
87b85d,87b85d,87b85c,87b85,-11513.719739600998,-120388.93925223712,93560.82577302936,24.0,0.0,0.0,0.0,0.0,0.0,0.0,0.0,0.0
87b85e4,87b85e4,87b85c,87b85,-3809.494834238523,-40094.78120713524,31235.242523040324,8.0,0.0,0.0,0.0,0.0,0.0,0.0,0.0,0.0
87b85ec,87b85ec,87b85c,87b85,-6239.430722372567,-65147.46304498537,50759.685319395896,13.0,0.0,0.0,0.0,0.0,0.0,0.0,0.0,0.0
87b85f4,87b85f4,87b85c,87b85,-10516.291335880016,-110212.9552506337,85953.18713081541,22.0,0.0,0.0,0.0,0.0,0.0,0.0,0.0,0.0
87b85fc,87b85fc,87b85c,87b85,-12830.398448055272,-135261.2178398098,105497.44769562173,27.0,0.0,0.0,0.0,0.0,0.0,0.0,0.0,0.0
87b864,87b864,87b87,87b87,-1890.4634109443587,-20032.77614507973,15638.09700145548,4.0,-32407.386744792537,-351752.8363725132,272228.9426019359,70.0,-32407.386744792537,-351752.8363725132,272228.9426019359,70.0
87b86c,87b86c,87b87,87b87,-20541.806101493585,-221276.45450054968,170869.6304409835,44.0,-32407.386744792537,-351752.8363725132,272228.9426019359,70.0,-32407.386744792537,-351752.8363725132,272228.9426019359,70.0
87b874,87b874,87b87,87b87,-4990.115969905822,-55248.960478451176,42825.320863100234,11.0,-32407.386744792537,-351752.8363725132,272228.9426019359,70.0,-32407.386744792537,-351752.8363725132,272228.9426019359,70.0
87b87c,87b87c,87b87,87b87,-4985.00126244877,-55194.645248432564,42895.89429639664,11.0,-32407.386744792537,-351752.8363725132,272228.9426019359,70.0,-32407.386744792537,-351752.8363725132,272228.9426019359,70.0
87b881,87b881,87b884,87b884,-7167.334630311916,-80106.51200560195,62630.282061122365,16.0,-34332.78327428259,-380351.72638617863,297657.7340718304,76.0,-34332.78327428259,-380351.72638617863,297657.7340718304,76.0
87b885,87b885,87b884,87b884,-8146.006695655753,-90019.75315002823,70577.36109273648,18.0,-34332.78327428259,-380351.72638617863,297657.7340718304,76.0,-34332.78327428259,-380351.72638617863,297657.7340718304,76.0
87b887,87b887,87b884,87b884,-19019.441948314925,-210225.46123054848,164450.0909179716,42.0,-34332.78327428259,-380351.72638617863,297657.7340718304,76.0,-34332.78327428259,-380351.72638617863,297657.7340718304,76.0
87b88c,87b88c,87b88c,87b88c,0.0,0.0,0.0,0.0,-25831.152623789672,-275154.0614380184,215422.56960340374,55.0,-25831.152623789672,-275154.0614380184,215422.56960340374,55.0
87b891,87b891,87b894,87b894,-5954.253619626857,-64909.41314438785,51097.778863962376,13.0,-33911.226103027,-364373.06939005066,287027.4841622238,73.0,-33911.226103027,-364373.06939005066,287027.4841622238,73.0
87b893,87b893,87b894,87b894,-14567.445913515177,-154822.56890934674,121755.93483956142,31.0,-33911.226103027,-364373.06939005066,287027.4841622238,73.0,-33911.226103027,-364373.06939005066,287027.4841622238,73.0
87b895,87b895,87b894,87b894,-4648.817968896238,-49887.94090679135,39351.70999704533,10.0,-33911.226103027,-364373.06939005066,287027.4841622238,73.0,-33911.226103027,-364373.06939005066,287027.4841622238,73.0
87b897,87b897,87b894,87b894,-8740.708600988732,-94753.14642952473,74822.06046165476,19.0,-33911.226103027,-364373.06939005066,287027.4841622238,73.0,-33911.226103027,-364373.06939005066,287027.4841622238,73.0
87b89c,87b89c,87b89c,87b89c,-18549.68107153765,-204796.7239300324,161076.28732852978,41.0,-18549.68107153765,-204796.7239300324,161076.28732852978,41.0,-18549.68107153765,-204796.7239300324,161076.28732852978,41.0
87b8a4,87b8a4,87b8a4,87b8b,-8098.452999378553,-89595.74994280086,71120.25095452578,18.0,-8098.452999378553,-89595.74994280086,71120.25095452578,18.0,-75751.56981229069,-825629.0404934642,656571.4994368104,166.0
87b8ac,87b8ac,87b8ac,87b8b,-2667.322265866912,-29842.256256836776,23739.334838256487,6.0,-2667.322265866912,-29842.256256836776,23739.334838256487,6.0,-75751.56981229069,-825629.0404934642,656571.4994368104,166.0
87b8b1,87b8b1,87b8b4,87b8b,-13715.364195498507,-149116.82800127828,118772.18373552655,30.0,-35248.46200152098,-382486.38302742445,305152.7665288049,77.0,-75751.56981229069,-825629.0404934642,656571.4994368104,166.0
87b8b3,87b8b3,87b8b4,87b8b,-21533.09780602246,-233369.55502614618,186380.5827932784,47.0,-35248.46200152098,-382486.38302742445,305152.7665288049,77.0,-75751.56981229069,-825629.0404934642,656571.4994368104,166.0
87b8bc,87b8bc,87b8bc,87b8b,0.0,0.0,0.0,0.0,-29737.332545524274,-323704.6512664021,256559.14711522305,65.0,-75751.56981229069,-825629.0404934642,656571.4994368104,166.0
87b8d,87b8d,87b8d,87b8d,-18931.042252057177,-193804.3220001604,154331.4288539339,39.0,-18931.042252057177,-193804.3220001604,154331.4288539339,39.0,-18931.042252057177,-193804.3220001604,154331.4288539339,39.0
87b8e4,87b8e4,87b8f,87b8f,-1962.818592111676,-19961.6797814131,15719.872511076304,4.0,-39588.57408466193,-415230.0032952354,325021.32166303514,83.0,-39588.57408466193,-415230.0032952354,325021.32166303514,83.0
87b8ec,87b8ec,87b8f,87b8f,-2405.737214724498,-24935.075873390342,19677.32613131179,5.0,-39588.57408466193,-415230.0032952354,325021.32166303514,83.0,-39588.57408466193,-415230.0032952354,325021.32166303514,83.0
87b8f4,87b8f4,87b8f,87b8f,0.0,0.0,0.0,0.0,-39588.57408466193,-415230.0032952354,325021.32166303514,83.0,-39588.57408466193,-415230.0032952354,325021.32166303514,83.0
87b8fc,87b8fc,87b8f,87b8f,-2465.378201777703,-25000.19709719669,19587.110916848735,5.0,-39588.57408466193,-415230.0032952354,325021.32166303514,83.0,-39588.57408466193,-415230.0032952354,325021.32166303514,83.0
87b904,87b904,87b91,87b91,-9634.899780241683,-95040.17494210055,74346.55296849711,19.0,-31610.216641398663,-309807.7293909943,242993.72442121452,62.0,-31610.216641398663,-309807.7293909943,242993.72442121452,62.0
87b90c,87b90c,87b91,87b91,-8919.97084228401,-85042.71373954864,66472.5203101246,17.0,-31610.216641398663,-309807.7293909943,242993.72442121452,62.0,-31610.216641398663,-309807.7293909943,242993.72442121452,62.0
87b91c,87b91c,87b91,87b91,-13055.346018872964,-129724.84070934512,102174.65114259275,26.0,-31610.216641398663,-309807.7293909943,242993.72442121452,62.0,-31610.216641398663,-309807.7293909943,242993.72442121452,62.0
87b93,87b93,87b93,87b93,0.0,0.0,0.0,0.0,-26901.27730005702,-263383.6099853768,209574.3950568944,53.0,-26901.27730005702,-263383.6099853768,209574.3950568944,53.0
87b944,87b944,87b944,87b95,-4306.481454386711,-39780.36252276278,31570.865210162687,8.0,-4306.481454386711,-39780.36252276278,31570.865210162687,8.0,-76054.46546408671,-694900.9082368469,553972.4534134464,140.0
87b94c,87b94c,87b94c,87b95,0.0,0.0,0.0,0.0,-36481.19690914616,-337454.2000717353,269222.3887050956,68.0,-76054.46546408671,-694900.9082368469,553972.4534134464,140.0
87b954,87b954,87b954,87b95,0.0,0.0,0.0,0.0,-29713.995285753077,-267957.78135406773,213717.8329853568,54.0,-76054.46546408671,-694900.9082368469,553972.4534134464,140.0
87b95c,87b95c,87b95c,87b95,-5552.791814800759,-49708.564288281115,39461.366512831315,10.0,-5552.791814800759,-49708.564288281115,39461.366512831315,10.0,-76054.46546408671,-694900.9082368469,553972.4534134464,140.0
87b97,87b97,87b97,87b97,-3795.559525671538,-34998.184197084745,27379.024714372426,7.0,-3795.559525671538,-34998.184197084745,27379.024714372426,7.0,-3795.559525671538,-34998.184197084745,27379.024714372426,7.0
87b99,87b99,87b9c,87b9c,-26288.842779989325,-240730.86220035338,186751.74093508994,48.0,-52116.49857015367,-492229.26071764383,380542.27928839234,98.0,-52116.49857015367,-492229.26071764383,380542.27928839234,98.0
87b9b,87b9b,87b9c,87b9c,-16002.534454387813,-155705.2054867475,120442.76618773538,31.0,-52116.49857015367,-492229.26071764383,380542.27928839234,98.0,-52116.49857015367,-492229.26071764383,380542.27928839234,98.0
87b9d,87b9d,87b9c,87b9c,-8173.275950258477,-80706.12693740097,61730.57029533408,16.0,-52116.49857015367,-492229.26071764383,380542.27928839234,98.0,-52116.49857015367,-492229.26071764383,380542.27928839234,98.0
87ba4,87ba4,87ba4,87ba4,0.0,0.0,0.0,0.0,-44905.8207779306,-371210.6849755236,287142.7503408793,74.0,-44905.8207779306,-371210.6849755236,287142.7503408793,74.0
87ba84,87ba84,87ba84,87ba9,-627.9547587831843,-5043.19621768798,3842.082490069239,1.0,-627.9547587831843,-5043.19621768798,3842.082490069239,1.0,0.0,0.0,0.0,0.0
87ba91,87ba91,87ba91,87ba9,-23961.797128361468,-186021.97019099974,142790.12913547264,37.0,-23961.797128361468,-186021.97019099974,142790.12913547264,37.0,0.0,0.0,0.0,0.0
87ba93,87ba93,87ba93,87ba9,-23238.170708761667,-180786.92846621445,139213.45693023328,36.0,-23238.170708761667,-180786.92846621445,139213.45693023328,36.0,0.0,0.0,0.0,0.0
87ba95,87ba95,87ba95,87ba9,-7156.884262915816,-55236.30812124449,42533.38311234677,11.0,-7156.884262915816,-55236.30812124449,42533.38311234677,11.0,0.0,0.0,0.0,0.0
87ba97,87ba97,87ba97,87ba9,-20228.466712396745,-155845.26007155597,119623.61853727221,31.0,-20228.466712396745,-155845.26007155597,119623.61853727221,31.0,0.0,0.0,0.0,0.0
87ba99,87ba99,87ba9c,87ba9,-8494.045809682753,-65419.611275542855,50077.86429854128,13.0,-59175.04365164262,-458257.4826716906,350173.98859469185,91.0,0.0,0.0,0.0,0.0
87ba9b,87ba9b,87ba9c,87ba9,-21393.658617761295,-166093.38290442555,127112.2791646103,33.0,-59175.04365164262,-458257.4826716906,350173.98859469185,91.0,0.0,0.0,0.0,0.0
87ba9d,87ba9d,87ba9c,87ba9,-19469.981758306563,-151172.9609745774,115318.8100317724,30.0,-59175.04365164262,-458257.4826716906,350173.98859469185,91.0,0.0,0.0,0.0,0.0
87ba9f,87ba9f,87ba9c,87ba9,-9817.357465892015,-75571.52751714473,57665.0350997679,15.0,-59175.04365164262,-458257.4826716906,350173.98859469185,91.0,0.0,0.0,0.0,0.0
87bab,87bab,87bab,87bab,-1338.387759413787,-10078.135257632992,7681.071951255259,2.0,-1338.387759413787,-10078.135257632992,7681.071951255259,2.0,-1338.387759413787,-10078.135257632992,7681.071951255259,2.0
87bad,87bad,87bad,87bad,-31685.14696836294,-240032.43234552085,186813.01233692252,48.0,-31685.14696836294,-240032.43234552085,186813.01233692252,48.0,-31685.14696836294,-240032.43234552085,186813.01233692252,48.0
87bae1,87bae1,87bae1,87bae4,0.0,0.0,0.0,0.0,-49297.29233711454,-379925.0774445461,296096.38000825635,76.0,0.0,0.0,0.0,0.0
87bae24,87bae24,87bae3,87bae4,-29573.956502930283,-229886.8582319139,179346.94174812126,46.0,0.0,0.0,0.0,0.0,0.0,0.0,0.0,0.0
87bae2c,87bae2c,87bae3,87bae4,-12791.146974882628,-99960.54368570268,77975.48503212762,20.0,0.0,0.0,0.0,0.0,0.0,0.0,0.0,0.0
87bae34,87bae34,87bae3,87bae4,-23044.321120699315,-180043.1405419704,140206.0708429387,36.0,0.0,0.0,0.0,0.0,0.0,0.0,0.0,0.0
87bae3c,87bae3c,87bae3,87bae4,0.0,0.0,0.0,0.0,0.0,0.0,0.0,0.0,0.0,0.0,0.0,0.0
87bae5,87bae5,87bae5,87bae4,-21794.730792674578,-170133.47323222837,132292.6225625581,34.0,-21794.730792674578,-170133.47323222837,132292.6225625581,34.0,0.0,0.0,0.0,0.0
87bae7,87bae7,87bae7,87bae4,-8413.124633925443,-65043.83163353482,50578.51631474787,13.0,-8413.124633925443,-65043.83163353482,50578.51631474787,13.0,0.0,0.0,0.0,0.0
87baec,87baec,87baec,87baec,-19986.25275027597,-155469.77910302844,120151.63444346758,31.0,-19986.25275027597,-155469.77910302844,120151.63444346758,31.0,-19986.25275027597,-155469.77910302844,120151.63444346758,31.0
87baf4,87baf4,87baf4,87baf4,-8214.88918230884,-65159.82068710729,50461.62252017901,13.0,-8214.88918230884,-65159.82068710729,50461.62252017901,13.0,-8214.88918230884,-65159.82068710729,50461.62252017901,13.0
87bafb,87bafb,87bafc,87bafc,-1912.8940619114655,-15011.650113463456,11674.714597949685,3.0,0.0,0.0,0.0,0.0,-84369.79026119111,-665005.6051588715,518306.07941347896,133.0
87bafc4,87bafc4,87bafc,87bafc,-8847.20970345292,-70014.23807042211,54546.534517558626,14.0,0.0,0.0,0.0,0.0,-84369.79026119111,-665005.6051588715,518306.07941347896,133.0
87bafcc,87bafcc,87bafc,87bafc,0.0,0.0,0.0,0.0,0.0,0.0,0.0,0.0,-84369.79026119111,-665005.6051588715,518306.07941347896,133.0
87bafd4,87bafd4,87bafc,87bafc,-24790.305736714734,-194922.2864637006,152078.11496040024,39.0,0.0,0.0,0.0,0.0,-84369.79026119111,-665005.6051588715,518306.07941347896,133.0
87bafdc,87bafdc,87bafc,87bafc,-8851.360155686289,-69987.67122625638,54579.94858901361,14.0,0.0,0.0,0.0,0.0,-84369.79026119111,-665005.6051588715,518306.07941347896,133.0
87baff,87baff,87bafc,87bafc,-4391.526174394635,-35014.99026274617,27268.346325753246,7.0,0.0,0.0,0.0,0.0,-84369.79026119111,-665005.6051588715,518306.07941347896,133.0
87bb04,87bb04,87bb1,87bb1,-6296.335966315706,-49936.19305068751,39060.23751488148,10.0,0.0,0.0,0.0,0.0,-76180.4250095689,-593133.3418242686,466023.07710554183,119.0
87bb0c,87bb0c,87bb1,87bb1,-1866.8228053759376,-14934.055643193431,11781.201633688162,3.0,0.0,0.0,0.0,0.0,-76180.4250095689,-593133.3418242686,466023.07710554183,119.0
87bb14,87bb14,87bb1,87bb1,0.0,0.0,0.0,0.0,0.0,0.0,0.0,0.0,-76180.4250095689,-593133.3418242686,466023.07710554183,119.0
87bb1c,87bb1c,87bb1,87bb1,-28984.6414048995,-224693.66215622964,175689.56536197398,45.0,0.0,0.0,0.0,0.0,-76180.4250095689,-593133.3418242686,466023.07710554183,119.0
87bb21,87bb21,87bb24,87bb3,-30156.685910605727,-229651.96379109987,179550.68300067045,46.0,-44080.37164159595,-334393.5367016201,261620.23665162246,67.0,-88542.6713795426,-663183.1495671575,519940.0617074083,133.0
87bb23,87bb23,87bb24,87bb3,-658.6301394081783,-4989.126892036134,3906.9901873824133,1.0,-44080.37164159595,-334393.5367016201,261620.23665162246,67.0,-88542.6713795426,-663183.1495671575,519940.0617074083,133.0
87bb25,87bb25,87bb24,87bb3,-12601.516874735094,-94761.33190905699,74258.94341961051,19.0,-44080.37164159595,-334393.5367016201,261620.23665162246,67.0,-88542.6713795426,-663183.1495671575,519940.0617074083,133.0
87bb27,87bb27,87bb24,87bb3,-663.5387168469462,-4991.114109427193,3903.620043959113,1.0,-44080.37164159595,-334393.5367016201,261620.23665162246,67.0,-88542.6713795426,-663183.1495671575,519940.0617074083,133.0
87bb2c,87bb2c,87bb2c,87bb3,-30956.533459359056,-229253.4610353247,179923.3509363595,46.0,-30956.533459359056,-229253.4610353247,179923.3509363595,46.0,-88542.6713795426,-663183.1495671575,519940.0617074083,133.0
87bb34,87bb34,87bb34,87bb3,-10856.333442315401,-79636.06667175706,62699.24184333791,16.0,-10856.333442315401,-79636.06667175706,62699.24184333791,16.0,-88542.6713795426,-663183.1495671575,519940.0617074083,133.0
87bb3c,87bb3c,87bb3c,87bb3,-2649.4328362721913,-19900.085158455484,15697.232276088474,4.0,-2649.4328362721913,-19900.085158455484,15697.232276088474,4.0,-88542.6713795426,-663183.1495671575,519940.0617074083,133.0
87bb44,87bb44,87bb5,87bb5,-19628.24719437716,-148936.902526439,118166.36456586185,30.0,0.0,0.0,0.0,0.0,-74945.58303084725,-560213.5093345656,445905.88430620386,113.0
87bb4c,87bb4c,87bb5,87bb5,-10755.46467408299,-79426.85285070514,62981.372803061095,16.0,0.0,0.0,0.0,0.0,-74945.58303084725,-560213.5093345656,445905.88430620386,113.0
87bb54,87bb54,87bb5,87bb5,-32814.38325448202,-242695.51299017316,193592.24510350975,49.0,0.0,0.0,0.0,0.0,-74945.58303084725,-560213.5093345656,445905.88430620386,113.0
87bb5c,87bb5c,87bb5,87bb5,-11747.48790790509,-89154.2409672484,71165.90183377116,18.0,0.0,0.0,0.0,0.0,-74945.58303084725,-560213.5093345656,445905.88430620386,113.0
87bb64,87bb64,87bb7,87bb7,-21064.915975159907,-163493.8354708542,130492.34261087127,33.0,-62739.255964399366,-491342.42657827755,390466.6169475869,99.0,-62739.255964399366,-491342.42657827755,390466.6169475869,99.0
87bb6c,87bb6c,87bb7,87bb7,-14175.514978083505,-109344.47914858164,86534.77535834005,22.0,-62739.255964399366,-491342.42657827755,390466.6169475869,99.0,-62739.255964399366,-491342.42657827755,390466.6169475869,99.0
87bb74,87bb74,87bb7,87bb7,-18764.95824701448,-149113.20170663705,118084.21670749574,30.0,-62739.255964399366,-491342.42657827755,390466.6169475869,99.0,-62739.255964399366,-491342.42657827755,390466.6169475869,99.0
87bb7c,87bb7c,87bb7,87bb7,-8733.866764141465,-69390.91025220463,55355.28227087983,14.0,-62739.255964399366,-491342.42657827755,390466.6169475869,99.0,-62739.255964399366,-491342.42657827755,390466.6169475869,99.0
87bb84,87bb84,87bb9,87bb9,-12761.66462588286,-104149.11617503093,83007.02404171777,21.0,-39629.38301987462,-327606.0007152405,260599.6802813104,66.0,-39629.38301987462,-327606.0007152405,260599.6802813104,66.0
87bb8c,87bb8c,87bb9,87bb9,-8915.826486797028,-74399.99976773802,59311.372034360684,15.0,-39629.38301987462,-327606.0007152405,260599.6802813104,66.0,-39629.38301987462,-327606.0007152405,260599.6802813104,66.0
87bb94,87bb94,87bb9,87bb9,-11843.692226934669,-99380.19336699627,78861.91602394576,20.0,-39629.38301987462,-327606.0007152405,260599.6802813104,66.0,-39629.38301987462,-327606.0007152405,260599.6802813104,66.0
87bb9c,87bb9c,87bb9,87bb9,-6108.199680260071,-49676.691405475314,39419.368181286176,10.0,-39629.38301987462,-327606.0007152405,260599.6802813104,66.0,-39629.38301987462,-327606.0007152405,260599.6802813104,66.0
87bbb,87bbb,87bbb,87bbb,0.0,0.0,0.0,0.0,-30754.15445738307,-254709.46633208374,199376.56406336967,51.0,-30754.15445738307,-254709.46633208374,199376.56406336967,51.0
87bbc4,87bbc4,87bbd,87bbd,-19835.150489094463,-169508.18530323476,133398.8861179927,34.0,-33685.76993239294,-289340.75165636966,227355.47678282016,58.0,-33685.76993239294,-289340.75165636966,227355.47678282016,58.0
87bbcc,87bbcc,87bbd,87bbd,-5849.611304435092,-49972.695218124376,39082.993047590164,10.0,-33685.76993239294,-289340.75165636966,227355.47678282016,58.0,-33685.76993239294,-289340.75165636966,227355.47678282016,58.0
87bbd4,87bbd4,87bbd,87bbd,-3996.461051078287,-35005.851054770115,27340.730900289807,7.0,-33685.76993239294,-289340.75165636966,227355.47678282016,58.0,-33685.76993239294,-289340.75165636966,227355.47678282016,58.0
87bbdc,87bbdc,87bbd,87bbd,-4004.5470877850885,-34854.02008024049,27532.8667169475,7.0,-33685.76993239294,-289340.75165636966,227355.47678282016,58.0,-33685.76993239294,-289340.75165636966,227355.47678282016,58.0
87bbe4,87bbe4,87bbe4,87bbf,-15832.364806986914,-139340.15155211033,110254.2946966513,28.0,-15832.364806986914,-139340.15155211033,110254.2946966513,28.0,-74998.47970184429,-650528.1955204732,517441.40270970465,131.0
87bbec,87bbec,87bbec,87bbf,-13450.780433908847,-114317.09007214523,90678.82021920389,23.0,-13450.780433908847,-114317.09007214523,90678.82021920389,23.0,-74998.47970184429,-650528.1955204732,517441.40270970465,131.0
87bbf4,87bbf4,87bbf4,87bbf,-16230.636183590677,-138939.18039599544,110701.4159222993,28.0,-16230.636183590677,-138939.18039599544,110701.4159222993,28.0,-74998.47970184429,-650528.1955204732,517441.40270970465,131.0
87bbfc,87bbfc,87bbfc,87bbf,0.0,0.0,0.0,0.0,-29484.69827735785,-257931.77350022204,205806.87187155016,52.0,-74998.47970184429,-650528.1955204732,517441.40270970465,131.0
87bc04,87bc04,87bc1,87bc1,-16887.44792108793,-148573.42616004284,119044.03418936521,30.0,-34919.96218129325,-306611.4184646296,246569.22771625998,62.0,-34919.96218129325,-306611.4184646296,246569.22771625998,62.0
87bc14,87bc14,87bc1,87bc1,-1721.2918570118277,-14796.208682384111,11975.689435363007,3.0,-34919.96218129325,-306611.4184646296,246569.22771625998,62.0,-34919.96218129325,-306611.4184646296,246569.22771625998,62.0
87bc1c,87bc1c,87bc1,87bc1,-16311.222403193491,-143241.7836222026,115549.50409153172,29.0,-34919.96218129325,-306611.4184646296,246569.22771625998,62.0,-34919.96218129325,-306611.4184646296,246569.22771625998,62.0
87bc21,87bc21,87bc24,87bc24,-16717.522331732853,-147908.81964962732,119892.75594719028,30.0,-46466.527828063736,-408968.1853931081,331976.51523397764,83.0,-46466.527828063736,-408968.1853931081,331976.51523397764,83.0
87bc23,87bc23,87bc24,87bc24,-10142.170888768813,-88731.84796521343,71936.5906702541,18.0,-46466.527828063736,-408968.1853931081,331976.51523397764,83.0,-46466.527828063736,-408968.1853931081,331976.51523397764,83.0
87bc25,87bc25,87bc24,87bc24,-9568.208337558433,-83716.49107205748,68047.30195176613,17.0,-46466.527828063736,-408968.1853931081,331976.51523397764,83.0,-46466.527828063736,-408968.1853931081,331976.51523397764,83.0
87bc27,87bc27,87bc24,87bc24,-10038.626270003642,-88611.02670620986,72099.86666476718,18.0,-46466.527828063736,-408968.1853931081,331976.51523397764,83.0,-46466.527828063736,-408968.1853931081,331976.51523397764,83.0
87bc29,87bc29,87bc2c,87bc2c,-9480.61137509592,-83623.26627222609,68174.06059380023,17.0,-40310.95875058451,-353908.8424796016,289033.91288330144,72.0,-40310.95875058451,-353908.8424796016,289033.91288330144,72.0
87bc2b,87bc2b,87bc2c,87bc2c,-8879.995176241107,-78609.58918926794,64285.70158179872,16.0,-40310.95875058451,-353908.8424796016,289033.91288330144,72.0,-40310.95875058451,-353908.8424796016,289033.91288330144,72.0
87bc2d,87bc2d,87bc2c,87bc2c,-14630.523052678003,-127736.04212241327,104441.9307507967,26.0,-40310.95875058451,-353908.8424796016,289033.91288330144,72.0,-40310.95875058451,-353908.8424796016,289033.91288330144,72.0
87bc2f,87bc2f,87bc2c,87bc2c,-7319.829146569479,-63939.94489569439,52132.21995690585,13.0,-40310.95875058451,-353908.8424796016,289033.91288330144,72.0,-40310.95875058451,-353908.8424796016,289033.91288330144,72.0
87bc31,87bc31,87bc31,87bc34,-21113.140822441608,-181943.80220474294,148384.80333326067,37.0,-21113.140822441608,-181943.80220474294,148384.80333326067,37.0,-75210.93165194217,-643824.0048388822,525731.9226791101,131.0
87bc33,87bc33,87bc33,87bc34,-21698.975336119758,-186677.70350500187,152617.75380732404,38.0,-21698.975336119758,-186677.70350500187,152617.75380732404,38.0,-75210.93165194217,-643824.0048388822,525731.9226791101,131.0
87bc35,87bc35,87bc35,87bc34,-15606.327990368884,-132619.2075428104,108436.66019980238,27.0,-15606.327990368884,-132619.2075428104,108436.66019980238,27.0,-75210.93165194217,-643824.0048388822,525731.9226791101,131.0
87bc37,87bc37,87bc37,87bc34,-16792.48750301192,-142583.29158632693,116292.70533872295,29.0,-16792.48750301192,-142583.29158632693,116292.70533872295,29.0,-75210.93165194217,-643824.0048388822,525731.9226791101,131.0
87bc3c,87bc3c,87bc3c,87bc3c,-12023.682922683407,-103526.80844081723,83891.00917715793,21.0,-12023.682922683407,-103526.80844081723,83891.00917715793,21.0,-12023.682922683407,-103526.80844081723,83891.00917715793,21.0
87bc44,87bc44,87bc5,87bc5,-8232.635981479638,-68967.99428755858,55957.37526858935,14.0,-48375.1419641061,-403233.94888419093,328613.64639743697,82.0,-48375.1419641061,-403233.94888419093,328613.64639743697,82.0
87bc4c,87bc4c,87bc5,87bc5,0.0,0.0,0.0,0.0,-48375.1419641061,-403233.94888419093,328613.64639743697,82.0,-48375.1419641061,-403233.94888419093,328613.64639743697,82.0
87bc54,87bc54,87bc5,87bc5,-4835.703927437208,-39324.288831766346,32061.818917818582,8.0,-48375.1419641061,-403233.94888419093,328613.64639743697,82.0,-48375.1419641061,-403233.94888419093,328613.64639743697,82.0
87bc5c,87bc5c,87bc5,87bc5,-3001.345349134429,-24635.385146490396,19970.795653100366,5.0,-48375.1419641061,-403233.94888419093,328613.64639743697,82.0,-48375.1419641061,-403233.94888419093,328613.64639743697,82.0
87bc7,87bc7,87bc7,87bc7,-27597.562439730707,-227237.09795436464,183001.1527762293,46.0,-27597.562439730707,-227237.09795436464,183001.1527762293,46.0,-27597.562439730707,-227237.09795436464,183001.1527762293,46.0
87bcb,87bcb,87bcb,87bcc,-21170.546280373426,-157941.84406476378,127161.43421056139,32.0,-21170.546280373426,-157941.84406476378,127161.43421056139,32.0,-109689.10145078252,-826656.0797528009,670971.0896440648,168.0
87bcc4,87bcc4,87bcd,87bcc,0.0,0.0,0.0,0.0,0.0,0.0,0.0,0.0,-109689.10145078252,-826656.0797528009,670971.0896440648,168.0
87bccc,87bccc,87bcd,87bcc,-25127.130717337957,-186878.81683375986,151843.63834351077,38.0,0.0,0.0,0.0,0.0,-109689.10145078252,-826656.0797528009,670971.0896440648,168.0
87bcd4,87bcd4,87bcd,87bcc,-5926.549792777594,-44154.541989979276,36097.39172527823,9.0,0.0,0.0,0.0,0.0,-109689.10145078252,-826656.0797528009,670971.0896440648,168.0
87bcdc,87bcdc,87bcd,87bcc,-3247.4471626311497,-24531.2754854675,20060.26902165372,5.0,0.0,0.0,0.0,0.0,-109689.10145078252,-826656.0797528009,670971.0896440648,168.0
87bcf,87bcf,87bcf,87bcc,-16854.94778584603,-132724.18031590924,108120.65116620898,27.0,-16854.94778584603,-132724.18031590924,108120.65116620898,27.0,-109689.10145078252,-826656.0797528009,670971.0896440648,168.0
87bd1,87bd1,87bd4,87bd4,-16077.406045050511,-127041.84369347422,105073.75178627025,26.0,0.0,0.0,0.0,0.0,-77780.62769733011,-590050.3994553664,489953.6873581304,121.0
87bd3,87bd3,87bd4,87bd4,-17735.209933983468,-132072.9823998745,108774.86127015013,27.0,0.0,0.0,0.0,0.0,-77780.62769733011,-590050.3994553664,489953.6873581304,121.0
87bd5,87bd5,87bd4,87bd4,0.0,0.0,0.0,0.0,0.0,0.0,0.0,0.0,-77780.62769733011,-590050.3994553664,489953.6873581304,121.0
87bd7,87bd7,87bd4,87bd4,-10564.099699918437,-82757.53386407984,69064.99426399404,17.0,0.0,0.0,0.0,0.0,-77780.62769733011,-590050.3994553664,489953.6873581304,121.0
87bd84,87bd84,87bd84,87bd9,-4154.106152197283,-34072.8669447546,28472.460169441947,7.0,-4154.106152197283,-34072.8669447546,28472.460169441947,7.0,-95299.08755531447,-798767.7400631497,666773.8745333112,164.0
87bd89,87bd89,87bd89,87bd9,-584.9580907490601,-4866.909221228026,4069.4928177931774,1.0,-584.9580907490601,-4866.909221228026,4069.4928177931774,1.0,-95299.08755531447,-798767.7400631497,666773.8745333112,164.0
87bd8b,87bd8b,87bd8b,87bd9,-25443.640743970438,-214079.87057796642,179176.38153446472,44.0,-25443.640743970438,-214079.87057796642,179176.38153446472,44.0,-95299.08755531447,-798767.7400631497,666773.8745333112,164.0
87bd8d,87bd8d,87bd8d,87bd9,0.0,0.0,0.0,0.0,-30651.371116914645,-258082.81557817047,215569.82799151642,53.0,-95299.08755531447,-798767.7400631497,666773.8745333112,164.0
87bd8f,87bd8f,87bd8f,87bd9,-10559.250062501196,-87657.51394370185,73182.9363216332,18.0,-10559.250062501196,-87657.51394370185,73182.9363216332,18.0,-95299.08755531447,-798767.7400631497,666773.8745333112,164.0
87bd94,87bd94,87bd94,87bd9,-19105.785524205534,-160974.19165608546,133882.36237111955,33.0,-19105.785524205534,-160974.19165608546,133882.36237111955,33.0,-95299.08755531447,-798767.7400631497,666773.8745333112,164.0
87bd9c,87bd9c,87bd9c,87bd9,-4799.975864776328,-39033.57214124289,32420.413327342125,8.0,-4799.975864776328,-39033.57214124289,32420.413327342125,8.0,-95299.08755531447,-798767.7400631497,666773.8745333112,164.0
87bda4,87bda4,87bdb,87bdb,-13762.794566135533,-112447.42592066823,92941.50237901899,23.0,0.0,0.0,0.0,0.0,-59863.43509063404,-498949.5139345912,412019.943008207,102.0
87bdb4,87bdb4,87bdb,87bdb,-9900.663801971154,-83283.74967831366,68529.03670394472,17.0,0.0,0.0,0.0,0.0,-59863.43509063404,-498949.5139345912,412019.943008207,102.0
87bdb9,87bdb9,87bdb,87bdb,-15153.506126013093,-127257.55672248364,104950.22232333444,26.0,0.0,0.0,0.0,0.0,-59863.43509063404,-498949.5139345912,412019.943008207,102.0
87bdbb,87bdbb,87bdb,87bdb,-4128.371231932947,-34243.43354978556,28270.85238530995,7.0,0.0,0.0,0.0,0.0,-59863.43509063404,-498949.5139345912,412019.943008207,102.0
87bdbd,87bdbd,87bdb,87bdb,-5879.444201861961,-48871.80223602235,40446.91904744262,10.0,0.0,0.0,0.0,0.0,-59863.43509063404,-498949.5139345912,412019.943008207,102.0
87bdbf,87bdbf,87bdb,87bdb,-11038.65516271935,-92845.54582731781,76881.41016915631,19.0,0.0,0.0,0.0,0.0,-59863.43509063404,-498949.5139345912,412019.943008207,102.0
87bdc4,87bdc4,87bdc4,87bdc4,-10838.872421991595,-92940.2406847807,76795.2311949388,19.0,-10838.872421991595,-92940.2406847807,76795.2311949388,19.0,-10838.872421991595,-92940.2406847807,76795.2311949388,19.0
87bdc84,87bdc84,87bdc9,87bdcc,-4623.569484821364,-39187.695085811516,32259.74615073506,8.0,-31683.11085560246,-269507.4894404687,221688.67986825542,55.0,0.0,0.0,0.0,0.0
87bdc8c,87bdc8c,87bdc9,87bdcc,-8041.862691443103,-68585.05403717552,56453.61096367169,14.0,-31683.11085560246,-269507.4894404687,221688.67986825542,55.0,0.0,0.0,0.0,0.0
87bdc94,87bdc94,87bdc9,87bdcc,-9769.40067998829,-83320.7963229761,68502.85578730538,17.0,-31683.11085560246,-269507.4894404687,221688.67986825542,55.0,0.0,0.0,0.0,0.0
87bdc9c,87bdc9c,87bdc9,87bdcc,-9248.2779993497,-78413.94399450565,64472.466966543296,16.0,-31683.11085560246,-269507.4894404687,221688.67986825542,55.0,0.0,0.0,0.0,0.0
87bdcb,87bdcb,87bdcb,87bdcc,-16082.368697453765,-137378.26462101666,112654.03467666396,28.0,-16082.368697453765,-137378.26462101666,112654.03467666396,28.0,0.0,0.0,0.0,0.0
87bdcc4,87bdcc4,87bdcd,87bdcc,0.0,0.0,0.0,0.0,0.0,0.0,0.0,0.0,0.0,0.0,0.0,0.0
87bdccc,87bdccc,87bdcd,87bdcc,-8575.815927976224,-73604.92278794613,60344.550937226246,15.0,0.0,0.0,0.0,0.0,0.0,0.0,0.0,0.0
87bdcd4,87bdcd4,87bdcd,87bdcc,-9652.73491227843,-83421.56432648224,68396.67723083158,17.0,0.0,0.0,0.0,0.0,0.0,0.0,0.0,0.0
87bdcdc,87bdcdc,87bdcd,87bdcc,0.0,0.0,0.0,0.0,0.0,0.0,0.0,0.0,0.0,0.0,0.0,0.0
87bdcf,87bdcf,87bdcf,87bdcc,-25595.19340644175,-220565.83388741652,181355.53762812316,45.0,-25595.19340644175,-220565.83388741652,181355.53762812316,45.0,0.0,0.0,0.0,0.0
87bdd1,87bdd1,87bdd1,87bdd4,-20302.08162435627,-176461.6917018187,145097.93021126147,36.0,-20302.08162435627,-176461.6917018187,145097.93021126147,36.0,-111178.22363449393,-971128.690279093,797388.1110381081,198.0
87bdd3,87bdd3,87bdd3,87bdd4,0.0,0.0,0.0,0.0,0.0,0.0,0.0,0.0,-111178.22363449393,-971128.690279093,797388.1110381081,198.0
87bdd5,87bdd5,87bdd5,87bdd4,-14949.775335719749,-132459.59180231168,108723.90894918327,27.0,-14949.775335719749,-132459.59180231168,108723.90894918327,27.0,-111178.22363449393,-971128.690279093,797388.1110381081,198.0
87bdd7,87bdd7,87bdd7,87bdd4,-13313.677286791175,-117641.25749285649,96762.4569534832,24.0,-13313.677286791175,-117641.25749285649,96762.4569534832,24.0,-111178.22363449393,-971128.690279093,797388.1110381081,198.0
87bddc,87bddc,87bddc,87bddc,-22759.176927604283,-200644.11349834912,165696.33650855807,41.0,-22759.176927604283,-200644.11349834912,165696.33650855807,41.0,-22759.176927604283,-200644.11349834912,165696.33650855807,41.0
87bdf,87bdf,87bdf,87bdf,-13679.813324456922,-116866.53785470047,97645.60689932859,24.0,-13679.813324456922,-116866.53785470047,97645.60689932859,24.0,-13679.813324456922,-116866.53785470047,97645.60689932859,24.0
87be1,87be1,87be1,87be4,-16059.366682195809,-146573.34773338,121610.48622214097,30.0,-16059.366682195809,-146573.34773338,121610.48622214097,30.0,0.0,0.0,0.0,0.0
87be24,87be24,87be3,87be4,-3080.427121887593,-29232.221269037604,24438.07023580977,6.0,-26660.47208847702,-263435.87386174296,219658.59191876705,54.0,0.0,0.0,0.0,0.0
87be2c,87be2c,87be3,87be4,-10773.937313187347,-107191.2636326028,89662.55080663487,22.0,-26660.47208847702,-263435.87386174296,219658.59191876705,54.0,0.0,0.0,0.0,0.0
87be34,87be34,87be3,87be4,-11775.590380533302,-117236.96368167482,97450.0668749849,24.0,-26660.47208847702,-263435.87386174296,219658.59191876705,54.0,0.0,0.0,0.0,0.0
87be5,87be5,87be5,87be4,-4572.337170998492,-44130.99802827459,36321.99534618736,9.0,-4572.337170998492,-44130.99802827459,36321.99534618736,9.0,0.0,0.0,0.0,0.0
87be64,87be64,87be64,87be4,-18541.372820352,-171738.02728467368,141013.03386230598,35.0,-18541.372820352,-171738.02728467368,141013.03386230598,35.0,0.0,0.0,0.0,0.0
87be6c,87be6c,87be6c,87be4,-16481.149497957267,-151729.9802435378,125351.9492598019,31.0,-16481.149497957267,-151729.9802435378,125351.9492598019,31.0,0.0,0.0,0.0,0.0
87be7c,87be7c,87be7c,87be4,0.0,0.0,0.0,0.0,-27737.05309662785,-250269.6713783359,205352.52629413956,51.0,0.0,0.0,0.0,0.0
87be81,87be81,87be84,87be84,-4931.168698296051,-44232.815316509375,36151.22753329073,9.0,-31525.609446964907,-285124.85362403694,232924.32888417272,58.0,-31525.609446964907,-285124.85362403694,232924.32888417272,58.0
87be83,87be83,87be84,87be84,-6582.407283382459,-59011.53290001389,48158.431826559936,12.0,-31525.609446964907,-285124.85362403694,232924.32888417272,58.0,-31525.609446964907,-285124.85362403694,232924.32888417272,58.0
87be85,87be85,87be84,87be84,-9735.102472917806,-88542.5865222428,72225.43448110759,18.0,-31525.609446964907,-285124.85362403694,232924.32888417272,58.0,-31525.609446964907,-285124.85362403694,232924.32888417272,58.0
87be87,87be87,87be84,87be84,-10276.930992368596,-93337.9188852708,76389.2350432145,19.0,-31525.609446964907,-285124.85362403694,232924.32888417272,58.0,-31525.609446964907,-285124.85362403694,232924.32888417272,58.0
87be8c,87be8c,87be8c,87be8c,-21215.63411284334,-196836.57464863537,160464.44718955996,40.0,-21215.63411284334,-196836.57464863537,160464.44718955996,40.0,-21215.63411284334,-196836.57464863537,160464.44718955996,40.0
87be91,87be91,87be94,87be94,-3224.000366208055,-29563.863696646607,24016.970365204757,6.0,-32343.71307463834,-300742.7864593595,244012.2788789873,61.0,-32343.71307463834,-300742.7864593595,244012.2788789873,61.0
87be93,87be93,87be94,87be94,-6323.404766573791,-59104.41958488105,48079.16040872217,12.0,-32343.71307463834,-300742.7864593595,244012.2788789873,61.0,-32343.71307463834,-300742.7864593595,244012.2788789873,61.0
87be95,87be95,87be94,87be94,-16907.79581605728,-157836.05487163342,127928.92473384095,32.0,-32343.71307463834,-300742.7864593595,244012.2788789873,61.0,-32343.71307463834,-300742.7864593595,244012.2788789873,61.0
87be97,87be97,87be94,87be94,-5888.512125799214,-54238.44830619842,43987.22337121941,11.0,-32343.71307463834,-300742.7864593595,244012.2788789873,61.0,-32343.71307463834,-300742.7864593595,244012.2788789873,61.0
87be99,87be99,87be9c,87be9c,-2171.762880660889,-19718.055050720213,15997.430335519139,4.0,-31696.629027079693,-285786.44971424347,232088.77835856454,58.0,-31696.629027079693,-285786.44971424347,232088.77835856454,58.0
87be9b,87be9b,87be9c,87be9c,-9710.167396838971,-88642.6941664816,72105.92819048022,18.0,-31696.629027079693,-285786.44971424347,232088.77835856454,58.0,-31696.629027079693,-285786.44971424347,232088.77835856454,58.0
87be9d,87be9d,87be9c,87be9c,-6066.398683754961,-54181.79599960843,44032.84520232767,11.0,-31696.629027079693,-285786.44971424347,232088.77835856454,58.0,-31696.629027079693,-285786.44971424347,232088.77835856454,58.0
87be9f,87be9f,87be9c,87be9c,-13748.30006582487,-123243.90449743319,99952.5746302375,25.0,-31696.629027079693,-285786.44971424347,232088.77835856454,58.0,-31696.629027079693,-285786.44971424347,232088.77835856454,58.0
87bea4,87bea4,87beb,87beb,-12556.680455117283,-113572.3998366191,91736.6247427034,23.0,0.0,0.0,0.0,0.0,-55962.263112165456,-514390.8803037287,413868.57339587284,104.0
87beac,87beac,87beb,87beb,-12493.185067982158,-113887.76458193552,91353.4937477301,23.0,0.0,0.0,0.0,0.0,-55962.263112165456,-514390.8803037287,413868.57339587284,104.0
87beb4,87beb4,87beb,87beb,-14383.30426455198,-133733.70422013442,107230.22318379919,27.0,0.0,0.0,0.0,0.0,-55962.263112165456,-514390.8803037287,413868.57339587284,104.0
87bebc,87bebc,87beb,87beb,-16529.093324514033,-153197.01166503964,123548.2317216402,31.0,0.0,0.0,0.0,0.0,-55962.263112165456,-514390.8803037287,413868.57339587284,104.0
87bed,87bed,87bed,87bed,-21675.639559657284,-207691.8301685458,167315.27083304035,42.0,-21675.639559657284,-207691.8301685458,167315.27083304035,42.0,-21675.639559657284,-207691.8301685458,167315.27083304035,42.0
87bee4,87bee4,87bef,87bef,-14010.24333902405,-138028.6441247784,112134.52087984479,28.0,0.0,0.0,0.0,0.0,-57421.88334827861,-561300.3077933362,457326.2501487832,114.0
87beec,87beec,87bef,87bef,-9813.110532373288,-93623.63368853257,76099.9997746784,19.0,0.0,0.0,0.0,0.0,-57421.88334827861,-561300.3077933362,457326.2501487832,114.0
87bef4,87bef4,87bef,87bef,-8723.10366083842,-83570.09929513368,68340.16010516809,17.0,0.0,0.0,0.0,0.0,-57421.88334827861,-561300.3077933362,457326.2501487832,114.0
87befc,87befc,87bef,87bef,-24875.42581604284,-246077.9306848917,200751.569389092,50.0,0.0,0.0,0.0,0.0,-57421.88334827861,-561300.3077933362,457326.2501487832,114.0
87bf01,87bf01,87bf04,87bf04,-2451.229613340079,-24597.026115403845,20092.823454064503,5.0,0.0,0.0,0.0,0.0,-89275.1384547867,-900921.1725915007,734629.5687671823,183.0
87bf03,87bf03,87bf04,87bf04,0.0,0.0,0.0,0.0,0.0,0.0,0.0,0.0,-89275.1384547867,-900921.1725915007,734629.5687671823,183.0
87bf05,87bf05,87bf04,87bf04,0.0,0.0,0.0,0.0,0.0,0.0,0.0,0.0,-89275.1384547867,-900921.1725915007,734629.5687671823,183.0
87bf07,87bf07,87bf04,87bf04,-2887.5542370730705,-29517.120303773747,24117.063348491512,6.0,0.0,0.0,0.0,0.0,-89275.1384547867,-900921.1725915007,734629.5687671823,183.0
87bf09,87bf09,87bf0c,87bf0c,-3305.3729307079498,-34439.60810584314,28140.463942040842,7.0,-33892.79041783841,-354497.24368567526,289136.82696447754,72.0,-33892.79041783841,-354497.24368567526,289136.82696447754,72.0
87bf0b,87bf0b,87bf0c,87bf0c,-2337.825204413029,-24595.150689824815,20108.62483848857,5.0,-33892.79041783841,-354497.24368567526,289136.82696447754,72.0,-33892.79041783841,-354497.24368567526,289136.82696447754,72.0
87bf0d,87bf0d,87bf0c,87bf0c,-17309.284578895855,-182216.19700567843,148542.9472890641,37.0,-33892.79041783841,-354497.24368567526,289136.82696447754,72.0,-33892.79041783841,-354497.24368567526,289136.82696447754,72.0
87bf0f,87bf0f,87bf0c,87bf0c,-10940.307703821578,-113246.28788432888,92344.790894884,23.0,-33892.79041783841,-354497.24368567526,289136.82696447754,72.0,-33892.79041783841,-354497.24368567526,289136.82696447754,72.0
87bf11,87bf11,87bf14,87bf14,-10456.53117231216,-108431.0892582646,88197.48545890572,22.0,-33435.59248215312,-350109.93206666416,284460.65829692694,71.0,-33435.59248215312,-350109.93206666416,284460.65829692694,71.0
87bf13,87bf13,87bf14,87bf14,-11250.450637146183,-118320.34528945942,96194.67980011762,24.0,-33435.59248215312,-350109.93206666416,284460.65829692694,71.0,-33435.59248215312,-350109.93206666416,284460.65829692694,71.0
87bf15,87bf15,87bf14,87bf14,-10293.993758644567,-108552.2670896736,88067.44542876906,22.0,-33435.59248215312,-350109.93206666416,284460.65829692694,71.0,-33435.59248215312,-350109.93206666416,284460.65829692694,71.0
87bf17,87bf17,87bf14,87bf14,-1434.6169140502084,-14806.23042926652,12001.047609134517,3.0,-33435.59248215312,-350109.93206666416,284460.65829692694,71.0,-33435.59248215312,-350109.93206666416,284460.65829692694,71.0
87bf1b,87bf1b,87bf1c,87bf1c,-20794.941238768744,-211904.55441714593,172378.86614143947,43.0,0.0,0.0,0.0,0.0,-57618.93441063474,-581616.3893128338,472835.8259082387,118.0
87bf1d,87bf1d,87bf1c,87bf1c,0.0,0.0,0.0,0.0,0.0,0.0,0.0,0.0,-57618.93441063474,-581616.3893128338,472835.8259082387,118.0
87bf1f,87bf1f,87bf1c,87bf1c,-10318.41941356648,-103596.64214400297,84031.80553255514,21.0,0.0,0.0,0.0,0.0,-57618.93441063474,-581616.3893128338,472835.8259082387,118.0
87bf3,87bf3,87bf3,87bf3,-6749.713230228991,-69242.69679379511,55816.054988600576,14.0,-6749.713230228991,-69242.69679379511,55816.054988600576,14.0,-6749.713230228991,-69242.69679379511,55816.054988600576,14.0
87bf44,87bf44,87bf44,87bf5,-22814.375037924357,-247256.43418637055,199544.64656666576,50.0,-22814.375037924357,-247256.43418637055,199544.64656666576,50.0,0.0,0.0,0.0,0.0
87bf4b,87bf4b,87bf4c,87bf5,-6510.811849770627,-69448.9095926319,55588.19804590759,14.0,0.0,0.0,0.0,0.0,0.0,0.0,0.0,0.0
87bf4d,87bf4d,87bf4c,87bf5,0.0,0.0,0.0,0.0,0.0,0.0,0.0,0.0,0.0,0.0,0.0,0.0
87bf4f,87bf4f,87bf4c,87bf5,-11389.11603674592,-123851.92137220866,99496.62832714153,25.0,0.0,0.0,0.0,0.0,0.0,0.0,0.0,0.0
87bf54,87bf54,87bf54,87bf5,-10714.807757760038,-118904.37591073492,95533.3545745227,24.0,-10714.807757760038,-118904.37591073492,95533.3545745227,24.0,0.0,0.0,0.0,0.0
87bf5c,87bf5c,87bf5c,87bf5,-20142.329643496774,-222547.74594205568,179613.45040993165,45.0,-20142.329643496774,-222547.74594205568,179613.45040993165,45.0,0.0,0.0,0.0,0.0
87bf61,87bf61,87bf61,87bf64,0.0,0.0,0.0,0.0,-22882.401824647604,-256681.24297425876,208196.5799366833,52.0,0.0,0.0,0.0,0.0
87bf63,87bf63,87bf63,87bf64,-3966.526549551861,-44371.77652992164,36099.60538692871,9.0,-3966.526549551861,-44371.77652992164,36099.60538692871,9.0,0.0,0.0,0.0,0.0
87bf644,87bf644,87bf65,87bf64,-1337.5657947444793,-14799.616449055886,12020.400507573911,3.0,-41366.148173647525,-453720.48913598334,368752.1661004069,92.0,0.0,0.0,0.0,0.0
87bf64c,87bf64c,87bf65,87bf64,-2671.381345596296,-29584.642563697813,24059.170501012657,6.0,-41366.148173647525,-453720.48913598334,368752.1661004069,92.0,0.0,0.0,0.0,0.0
87bf654,87bf654,87bf65,87bf64,-15296.586456860357,-167626.44066259856,136342.01081741965,34.0,-41366.148173647525,-453720.48913598334,368752.1661004069,92.0,0.0,0.0,0.0,0.0
87bf65c,87bf65c,87bf65,87bf64,-22060.61457644639,-241709.78946063106,196330.58427440072,49.0,-41366.148173647525,-453720.48913598334,368752.1661004069,92.0,0.0,0.0,0.0,0.0
87bf664,87bf664,87bf67,87bf64,-21154.512264082416,-231942.2586491136,188196.79760167806,47.0,-43518.5242746245,-478753.89314031345,388342.3190937314,97.0,0.0,0.0,0.0,0.0
87bf66c,87bf66c,87bf67,87bf64,-13827.476480543499,-152996.40928023757,124127.55649791668,31.0,-43518.5242746245,-478753.89314031345,388342.3190937314,97.0,0.0,0.0,0.0,0.0
87bf674,87bf674,87bf67,87bf64,-1341.3700823017189,-14812.051576998865,12004.65020629848,3.0,-43518.5242746245,-478753.89314031345,388342.3190937314,97.0,0.0,0.0,0.0,0.0
87bf67c,87bf67c,87bf67,87bf64,-7195.165447696863,-79003.17363396341,64013.31478783813,16.0,-43518.5242746245,-478753.89314031345,388342.3190937314,97.0,0.0,0.0,0.0,0.0
87bf684,87bf684,87bf69,87bf69,-11805.627075393108,-128381.2452354838,104007.47667727864,26.0,0.0,0.0,0.0,0.0,-70433.55321563246,-764952.8232168709,620527.9344297885,155.0
87bf68c,87bf68c,87bf69,87bf69,0.0,0.0,0.0,0.0,0.0,0.0,0.0,0.0,-70433.55321563246,-764952.8232168709,620527.9344297885,155.0
87bf694,87bf694,87bf69,87bf69,-22373.9373823959,-241792.87963420013,196192.76759682072,49.0,0.0,0.0,0.0,0.0,-70433.55321563246,-764952.8232168709,620527.9344297885,155.0
87bf6b,87bf6b,87bf6b,87bf6b,-22194.21821723222,-236894.03971394384,192112.99060866522,48.0,-22194.21821723222,-236894.03971394384,192112.99060866522,48.0,-22194.21821723222,-236894.03971394384,192112.99060866522,48.0
87bf6c4,87bf6c4,87bf6d,87bf6d,-18402.21760347502,-197283.8458344437,160262.42161976348,40.0,-42441.35703689411,-453663.8248412856,368699.679470091,92.0,-42441.35703689411,-453663.8248412856,368699.679470091,92.0
87bf6cc,87bf6cc,87bf6d,87bf6d,-10187.97959069088,-108504.10925810674,88139.1123602623,22.0,-42441.35703689411,-453663.8248412856,368699.679470091,92.0,-42441.35703689411,-453663.8248412856,368699.679470091,92.0
87bf6d4,87bf6d4,87bf6d,87bf6d,-6490.623148053714,-69007.4823806507,56137.599961955806,14.0,-42441.35703689411,-453663.8248412856,368699.679470091,92.0,-42441.35703689411,-453663.8248412856,368699.679470091,92.0
87bf6dc,87bf6dc,87bf6d,87bf6d,-7360.536694674491,-78868.38736808446,64160.54552810941,16.0,-42441.35703689411,-453663.8248412856,368699.679470091,92.0,-42441.35703689411,-453663.8248412856,368699.679470091,92.0
87bf6e4,87bf6e4,87bf6f,87bf6f,-10050.77148826072,-108459.40192364059,88209.86199510728,22.0,0.0,0.0,0.0,0.0,0.0,0.0,0.0,0.0
87bf6ec,87bf6ec,87bf6f,87bf6f,0.0,0.0,0.0,0.0,0.0,0.0,0.0,0.0,0.0,0.0,0.0,0.0
87bf6f4,87bf6f4,87bf6f,87bf6f,0.0,0.0,0.0,0.0,0.0,0.0,0.0,0.0,0.0,0.0,0.0,0.0
87bf6fc,87bf6fc,87bf6f,87bf6f,-8144.868390565564,-88741.26837938187,72178.44285464674,18.0,0.0,0.0,0.0,0.0,0.0,0.0,0.0,0.0
87bf74,87bf74,87bf74,87bf74,-23122.374849514646,-246245.9125488853,200755.18258953033,50.0,-23122.374849514646,-246245.9125488853,200755.18258953033,50.0,-23122.374849514646,-246245.9125488853,200755.18258953033,50.0
87bf7c,87bf7c,87bf7c,87bf7c,-5750.526074706761,-64008.47200705306,52244.7096010135,13.0,-5750.526074706761,-64008.47200705306,52244.7096010135,13.0,-5750.526074706761,-64008.47200705306,52244.7096010135,13.0
87bf9,87bf9,87bf9,87bf9,-13240.128969203173,-147001.54083639098,121432.62572828351,30.0,-13240.128969203173,-147001.54083639098,121432.62572828351,30.0,-13240.128969203173,-147001.54083639098,121432.62572828351,30.0
87bfb,87bfb,87bfb,87bfb,-8802.548957862655,-88322.99279986687,72612.84095176333,18.0,-8802.548957862655,-88322.99279986687,72612.84095176333,18.0,-8802.548957862655,-88322.99279986687,72612.84095176333,18.0
87bfc1,87bfc1,87bfc4,87bfd,-6957.467819628023,-73353.369131701,60856.96843786916,15.0,-44561.139627072516,-464052.7085160541,385994.11985335016,95.0,0.0,0.0,0.0,0.0
87bfc3,87bfc3,87bfc4,87bfd,-9743.185521443971,-102528.98838840859,85398.80746031506,21.0,-44561.139627072516,-464052.7085160541,385994.11985335016,95.0,0.0,0.0,0.0,0.0
87bfc5,87bfc5,87bfc4,87bfd,-16028.806260087706,-165974.2265792192,138265.62604508095,34.0,-44561.139627072516,-464052.7085160541,385994.11985335016,95.0,0.0,0.0,0.0,0.0
87bfc7,87bfc7,87bfc4,87bfd,-11831.680025912825,-122196.12441672527,101472.71791008498,25.0,-44561.139627072516,-464052.7085160541,385994.11985335016,95.0,0.0,0.0,0.0,0.0
87bfcc,87bfcc,87bfcc,87bfd,-17317.677516014806,-175814.4918193011,146265.62995743455,36.0,-17317.677516014806,-175814.4918193011,146265.62995743455,36.0,0.0,0.0,0.0,0.0
87bfd4,87bfd4,87bfd4,87bfd,-9751.406509850178,-97423.82515854809,81543.85159541476,20.0,-9751.406509850178,-97423.82515854809,81543.85159541476,20.0,0.0,0.0,0.0,0.0
87bfdc,87bfdc,87bfdc,87bfd,-23462.54722702433,-243535.48778488694,203995.78893771657,50.0,-23462.54722702433,-243535.48778488694,203995.78893771657,50.0,0.0,0.0,0.0,0.0
87bfe4,87bfe4,87bfe4,87bff,-14461.289085071141,-155863.34452129767,130619.21383094566,32.0,-14461.289085071141,-155863.34452129767,130619.21383094566,32.0,-70448.08911642182,-771319.3662962047,642946.2699403014,158.0
87bfec,87bfec,87bfec,87bff,-18312.440789169268,-195446.6144429556,162508.02974433964,40.0,-18312.440789169268,-195446.6144429556,162508.02974433964,40.0,-70448.08911642182,-771319.3662962047,642946.2699403014,158.0
87bff4,87bff4,87bff4,87bff,-17995.09845586113,-200569.58432958633,166371.22481539688,41.0,-17995.09845586113,-200569.58432958633,166371.22481539688,41.0,-70448.08911642182,-771319.3662962047,642946.2699403014,158.0
87bffc,87bffc,87bffc,87bff,-19679.260786320276,-219439.82300236524,183447.80154961915,45.0,-19679.260786320276,-219439.82300236524,183447.80154961915,45.0,-70448.08911642182,-771319.3662962047,642946.2699403014,158.0
86404,86404,86404,86404,0.0,0.0,0.0,0.0,0.0,0.0,0.0,0.0,-56055.2970892341,-598553.0074151922,334703.6450132086,108.0
864084,864084,86409,86409,-6937.489924156298,-77352.68927812352,43863.605744954686,14.0,0.0,0.0,0.0,0.0,0.0,0.0,0.0,0.0
86408c,86408c,86409,86409,-21360.27807537985,-232080.10343206892,131464.30083044968,42.0,0.0,0.0,0.0,0.0,0.0,0.0,0.0,0.0
864094,864094,86409,86409,0.0,0.0,0.0,0.0,0.0,0.0,0.0,0.0,0.0,0.0,0.0,0.0
864099,864099,86409,86409,0.0,0.0,0.0,0.0,0.0,0.0,0.0,0.0,0.0,0.0,0.0,0.0
86409b,86409b,86409,86409,-7982.7173795425715,-88306.37470363619,50291.49923754505,16.0,0.0,0.0,0.0,0.0,0.0,0.0,0.0,0.0
86409d,86409d,86409,86409,0.0,0.0,0.0,0.0,0.0,0.0,0.0,0.0,0.0,0.0,0.0,0.0
86409f,86409f,86409,86409,-7388.596611830768,-82725.32227677462,47271.76532799792,15.0,0.0,0.0,0.0,0.0,0.0,0.0,0.0,0.0
8640a4,8640a4,8640a4,8640a4,0.0,0.0,0.0,0.0,-42999.57832970166,-479202.25157541595,275208.6442978796,87.0,-42999.57832970166,-479202.25157541595,275208.6442978796,87.0
8640ac,8640ac,8640ac,8640ac,0.0,0.0,0.0,0.0,-32921.99525311134,-362784.75738360774,210029.14633705968,66.0,-32921.99525311134,-362784.75738360774,210029.14633705968,66.0
8640b4,8640b4,8640b4,8640b4,0.0,0.0,0.0,0.0,0.0,0.0,0.0,0.0,-53182.23521329035,-571412.3893942734,331176.5915763473,104.0
8640b9,8640b9,8640b9,8640bc,0.0,0.0,0.0,0.0,-37258.71008994032,-396341.9378986368,227908.07343165553,72.0,0.0,0.0,0.0,0.0
8640bb,8640bb,8640bb,8640bc,-6091.5625631922585,-66058.27412118885,38001.58277896403,12.0,-6091.5625631922585,-66058.27412118885,38001.58277896403,12.0,0.0,0.0,0.0,0.0
8640bd,8640bd,8640bd,8640bc,-10693.851210763269,-115677.70369507036,66365.54707001908,21.0,-10693.851210763269,-115677.70369507036,66365.54707001908,21.0,0.0,0.0,0.0,0.0
8640be4,8640be4,8640be4,8640bc,-21095.16263146243,-225865.35820709326,129503.69358986005,41.0,-21095.16263146243,-225865.35820709326,129503.69358986005,41.0,0.0,0.0,0.0,0.0
8640bec,8640bec,8640bec,8640bc,-13898.357033323291,-148696.22433033155,85359.22043527952,27.0,-13898.357033323291,-148696.22433033155,85359.22043527952,27.0,0.0,0.0,0.0,0.0
8640bf4,8640bf4,8640bf4,8640bc,0.0,0.0,0.0,0.0,0.0,0.0,0.0,0.0,0.0,0.0,0.0,0.0
8640bf84,8640bf84,8640bfc,8640bc,0.0,0.0,0.0,0.0,0.0,0.0,0.0,0.0,0.0,0.0,0.0,0.0
8640bf8c,8640bf8c,8640bfc,8640bc,-8318.833413133641,-88142.14357893408,50524.610906453,16.0,0.0,0.0,0.0,0.0,0.0,0.0,0.0,0.0
8640bf9c,8640bf9c,8640bfc,8640bc,-7263.361791341802,-77120.8982997365,44217.668434550724,14.0,0.0,0.0,0.0,0.0,0.0,0.0,0.0,0.0
8640c04,8640c04,8640c1,8640c4,0.0,0.0,0.0,0.0,0.0,0.0,0.0,0.0,0.0,0.0,0.0,0.0
8640c0c,8640c0c,8640c1,8640c4,0.0,0.0,0.0,0.0,0.0,0.0,0.0,0.0,0.0,0.0,0.0,0.0
8640c14,8640c14,8640c1,8640c4,0.0,0.0,0.0,0.0,0.0,0.0,0.0,0.0,0.0,0.0,0.0,0.0
8640c1c,8640c1c,8640c1,8640c4,-16303.798585455032,-170783.3861030151,97846.67918471083,31.0,0.0,0.0,0.0,0.0,0.0,0.0,0.0,0.0
8640c3,8640c3,8640c3,8640c4,0.0,0.0,0.0,0.0,0.0,0.0,0.0,0.0,0.0,0.0,0.0,0.0
8640c5,8640c5,8640c5,8640c4,0.0,0.0,0.0,0.0,-29171.218355197678,-302649.03451002995,174173.9511349886,55.0,0.0,0.0,0.0,0.0
8640c7,8640c7,8640c7,8640c4,0.0,0.0,0.0,0.0,-36035.98089747401,-379778.6854714972,218442.96100694934,69.0,0.0,0.0,0.0,0.0
8640cc,8640cc,8640cc,8640cc,0.0,0.0,0.0,0.0,0.0,0.0,0.0,0.0,-86736.07675694748,-900798.906654625,522244.0989468361,164.0
8640d4,8640d4,8640d4,8640d4,0.0,0.0,0.0,0.0,-35599.84867158288,-362534.8529563341,210023.5352095471,66.0,-35599.84867158288,-362534.8529563341,210023.5352095471,66.0
8640dc,8640dc,8640dc,8640dc,0.0,0.0,0.0,0.0,-53668.91347401037,-544908.0186181538,313072.8979147625,99.0,-53668.91347401037,-544908.0186181538,313072.8979147625,99.0
8640e4,8640e4,8640e4,8640f,0.0,0.0,0.0,0.0,0.0,0.0,0.0,0.0,0.0,0.0,0.0,0.0
8640ec,8640ec,8640ec,8640f,0.0,0.0,0.0,0.0,-35438.16798348462,-369293.6694710702,211124.50869636267,67.0,0.0,0.0,0.0,0.0
8640f4,8640f4,8640f4,8640f,-4211.167536398696,-44205.548537513445,25017.568242439367,8.0,-4211.167536398696,-44205.548537513445,25017.568242439367,8.0,0.0,0.0,0.0,0.0
8640f94,8640f94,8640fc,8640f,-27176.85033288887,-276261.5013233486,156254.22490853973,50.0,-37510.74188118316,-381240.70791965426,215629.87005498764,69.0,0.0,0.0,0.0,0.0
8640f9c,8640f9c,8640fc,8640f,-7578.302240977057,-77354.9011497052,43753.62969656756,14.0,-37510.74188118316,-381240.70791965426,215629.87005498764,69.0,0.0,0.0,0.0,0.0
8640ff,8640ff,8640fc,8640f,-1662.3272313376874,-16573.50767410538,9373.542000529713,3.0,-37510.74188118316,-381240.70791965426,215629.87005498764,69.0,0.0,0.0,0.0,0.0
86411,86411,86411,86414,-22538.599989592505,-220644.16811211722,125505.17755326052,40.0,-22538.599989592505,-220644.16811211722,125505.17755326052,40.0,0.0,0.0,0.0,0.0
864124,864124,86413,86414,0.0,0.0,0.0,0.0,0.0,0.0,0.0,0.0,0.0,0.0,0.0,0.0
86412c,86412c,86413,86414,-18378.479346593027,-181239.07181521365,104960.96870283845,33.0,0.0,0.0,0.0,0.0,0.0,0.0,0.0,0.0
864134,864134,86413,86414,-6877.633293703691,-65900.67526401239,38140.768256466785,12.0,0.0,0.0,0.0,0.0,0.0,0.0,0.0,0.0
86413c,86413c,86413,86414,-4038.958145367075,-38505.276691349834,22134.287961066733,7.0,0.0,0.0,0.0,0.0,0.0,0.0,0.0,0.0
86415,86415,86415,86414,-22834.267082944345,-208877.7771897843,120250.10904793371,38.0,-22834.267082944345,-208877.7771897843,120250.10904793371,38.0,0.0,0.0,0.0,0.0
86417,86417,86417,86414,-2974.9317118752897,-27609.46698991567,15607.904972108488,5.0,-2974.9317118752897,-27609.46698991567,15607.904972108488,5.0,0.0,0.0,0.0,0.0
8641c,8641c,8641c,8641c,-26533.085989743857,-249258.42471849354,139136.366887828,45.0,-26533.085989743857,-249258.42471849354,139136.366887828,45.0,-26533.085989743857,-249258.42471849354,139136.366887828,45.0
86424,86424,86424,8643,-31328.5796726153,-266045.20152322116,147499.5219098,48.0,-31328.5796726153,-266045.20152322116,147499.5219098,48.0,0.0,0.0,0.0,0.0
8642c,8642c,8642c,8643,-16691.251165205133,-127365.7818538844,70504.79257520603,23.0,-16691.251165205133,-127365.7818538844,70504.79257520603,23.0,0.0,0.0,0.0,0.0
86431,86431,86434,8643,-9747.774335105056,-77087.22839802437,43796.26931833393,14.0,0.0,0.0,0.0,0.0,0.0,0.0,0.0,0.0
86433,86433,86434,8643,-5787.730563466429,-44008.59721140475,25049.411372577564,8.0,0.0,0.0,0.0,0.0,0.0,0.0,0.0,0.0
86435,86435,86434,8643,0.0,0.0,0.0,0.0,0.0,0.0,0.0,0.0,0.0,0.0,0.0,0.0
86437,86437,86434,8643,-11987.153371859456,-93339.82731859024,53613.388084506114,17.0,0.0,0.0,0.0,0.0,0.0,0.0,0.0,0.0
8643c,8643c,8643c,8643,0.0,0.0,0.0,0.0,-40961.08083120753,-346125.0720457865,199044.62132349264,63.0,0.0,0.0,0.0,0.0
86441,86441,86444,86444,0.0,0.0,0.0,0.0,0.0,0.0,0.0,0.0,-72157.63728185683,-612330.9264509202,359155.37476541067,112.0
86443,86443,86444,86444,-7502.893784096358,-65401.6824927775,38874.2786644787,12.0,0.0,0.0,0.0,0.0,-72157.63728185683,-612330.9264509202,359155.37476541067,112.0
86445,86445,86444,86444,-5906.4463890756815,-49041.04616912475,29117.653946309227,9.0,0.0,0.0,0.0,0.0,-72157.63728185683,-612330.9264509202,359155.37476541067,112.0
86447,86447,86444,86444,-25272.554575531285,-207944.54984491467,121374.65353733845,38.0,0.0,0.0,0.0,0.0,-72157.63728185683,-612330.9264509202,359155.37476541067,112.0
864484,864484,86449,86449,-15143.776586505406,-120369.05194227304,70195.27459085363,22.0,-60728.827011332476,-475534.8643714752,278210.9258848976,87.0,-60728.827011332476,-475534.8643714752,278210.9258848976,87.0
86448c,86448c,86449,86449,-6925.760546521298,-54596.72808318349,32096.78880211196,10.0,-60728.827011332476,-475534.8643714752,278210.9258848976,87.0,-60728.827011332476,-475534.8643714752,278210.9258848976,87.0
864494,864494,86449,86449,-11936.574920819903,-92824.43362460303,54512.052674932114,17.0,-60728.827011332476,-475534.8643714752,278210.9258848976,87.0,-60728.827011332476,-475534.8643714752,278210.9258848976,87.0
86449c,86449c,86449,86449,-26722.71495748589,-207744.65072141573,121406.80981700004,38.0,-60728.827011332476,-475534.8643714752,278210.9258848976,87.0,-60728.827011332476,-475534.8643714752,278210.9258848976,87.0
8644a4,8644a4,8644a4,8644a4,-13810.998636017765,-103822.72701661017,60687.63084886774,19.0,-13810.998636017765,-103822.72701661017,60687.63084886774,19.0,-13810.998636017765,-103822.72701661017,60687.63084886774,19.0
8644a9,8644a9,8644ac,8644ac,-6640.892394134316,-49210.7531113663,28670.021661665553,9.0,-46439.86366927839,-344193.8061351103,201182.89494692974,63.0,-46439.86366927839,-344193.8061351103,201182.89494692974,63.0
8644ab,8644ab,8644ac,8644ac,-1486.9301058563087,-10934.314090826469,6370.93506204567,2.0,-46439.86366927839,-344193.8061351103,201182.89494692974,63.0,-46439.86366927839,-344193.8061351103,201182.89494692974,63.0
8644ad,8644ad,8644ac,8644ac,-14080.80508790406,-103782.67817574588,60694.19730760911,19.0,-46439.86366927839,-344193.8061351103,201182.89494692974,63.0,-46439.86366927839,-344193.8061351103,201182.89494692974,63.0
8644af,8644af,8644ac,8644ac,-24231.236081383708,-180266.06075717168,105447.7409156094,33.0,-46439.86366927839,-344193.8061351103,201182.89494692974,63.0,-46439.86366927839,-344193.8061351103,201182.89494692974,63.0
8644b1,8644b1,8644b1,8644b1,0.0,0.0,0.0,0.0,0.0,0.0,0.0,0.0,-96102.63017963764,-715167.6984302651,419356.56680552603,131.0
8644b3,8644b3,8644b3,8644b3,0.0,0.0,0.0,0.0,0.0,0.0,0.0,0.0,-75651.31033957336,-556614.0935729987,326731.30186355097,102.0
8644b44,8644b44,8644b44,8644b44,0.0,0.0,0.0,0.0,0.0,0.0,0.0,0.0,-79149.66200736898,-583589.592680969,343322.82575199223,107.0
8644b4c,8644b4c,8644b4c,8644b4c,0.0,0.0,0.0,0.0,0.0,0.0,0.0,0.0,0.0,0.0,0.0,0.0
8644b504,8644b504,8644b51,8644b54,0.0,0.0,0.0,0.0,0.0,0.0,0.0,0.0,0.0,0.0,0.0,0.0
8644b50c,8644b50c,8644b51,8644b54,0.0,0.0,0.0,0.0,0.0,0.0,0.0,0.0,0.0,0.0,0.0,0.0
8644b514,8644b514,8644b51,8644b54,0.0,0.0,0.0,0.0,0.0,0.0,0.0,0.0,0.0,0.0,0.0,0.0
8644b51c,8644b51c,8644b51,8644b54,0.0,0.0,0.0,0.0,0.0,0.0,0.0,0.0,0.0,0.0,0.0,0.0
8644b524,8644b524,8644b53,8644b54,-9668.461844088784,-70883.55959973698,41733.80016102807,13.0,0.0,0.0,0.0,0.0,0.0,0.0,0.0,0.0
8644b52c,8644b52c,8644b53,8644b54,-5960.266782612152,-43619.65321298661,25681.613299209148,8.0,0.0,0.0,0.0,0.0,0.0,0.0,0.0,0.0
8644b534,8644b534,8644b53,8644b54,-7447.9216637652935,-54518.94627792237,32112.119978175197,10.0,0.0,0.0,0.0,0.0,0.0,0.0,0.0,0.0
8644b539,8644b539,8644b53,8644b54,-21577.32954189896,-158102.98153971965,93133.49779777203,29.0,0.0,0.0,0.0,0.0,0.0,0.0,0.0,0.0
8644b53b,8644b53b,8644b53,8644b54,0.0,0.0,0.0,0.0,0.0,0.0,0.0,0.0,0.0,0.0,0.0,0.0
8644b53d,8644b53d,8644b53,8644b54,0.0,0.0,0.0,0.0,0.0,0.0,0.0,0.0,0.0,0.0,0.0,0.0
8644b53f,8644b53f,8644b53,8644b54,-5204.8776843482465,-38162.991216963535,22480.953024338858,7.0,0.0,0.0,0.0,0.0,0.0,0.0,0.0,0.0
8644b55,8644b55,8644b55,8644b54,-37207.57002925255,-272550.093643498,160643.7767222103,50.0,-37207.57002925255,-272550.093643498,160643.7767222103,50.0,0.0,0.0,0.0,0.0
8644b57,8644b57,8644b57,8644b54,0.0,0.0,0.0,0.0,0.0,0.0,0.0,0.0,0.0,0.0,0.0,0.0
8644b59,8644b59,8644b5c,8644b5c,0.0,0.0,0.0,0.0,0.0,0.0,0.0,0.0,0.0,0.0,0.0,0.0
8644b5b,8644b5b,8644b5c,8644b5c,0.0,0.0,0.0,0.0,0.0,0.0,0.0,0.0,0.0,0.0,0.0,0.0
8644b5d,8644b5d,8644b5c,8644b5c,0.0,0.0,0.0,0.0,0.0,0.0,0.0,0.0,0.0,0.0,0.0,0.0
8644b5f,8644b5f,8644b5c,8644b5c,0.0,0.0,0.0,0.0,0.0,0.0,0.0,0.0,0.0,0.0,0.0,0.0
8644b64,8644b64,8644b7,8644b7,0.0,0.0,0.0,0.0,0.0,0.0,0.0,0.0,-121782.0943810601,-905277.795358276,533040.3514893926,166.0
8644b6c,8644b6c,8644b7,8644b7,-30912.22781243039,-229110.14897963777,134734.15597207553,42.0,0.0,0.0,0.0,0.0,-121782.0943810601,-905277.795358276,533040.3514893926,166.0
8644b74,8644b74,8644b7,8644b7,-11702.388532010502,-87293.06807746546,51322.02596734448,16.0,0.0,0.0,0.0,0.0,-121782.0943810601,-905277.795358276,533040.3514893926,166.0
8644b7c,8644b7c,8644b7,8644b7,-36519.74296378769,-272627.99186191976,160669.4226581907,50.0,0.0,0.0,0.0,0.0,-121782.0943810601,-905277.795358276,533040.3514893926,166.0
8644bc,8644bc,8644bc,8644bc,0.0,0.0,0.0,0.0,-69505.03171266908,-523909.54673516756,307835.1548598218,96.0,-69505.03171266908,-523909.54673516756,307835.1548598218,96.0
8644c1,8644c1,8644c4,8644c4,-2867.4853265377674,-21801.832295309494,12879.965937249928,4.0,-63105.680097284334,-473906.86149464117,280452.42213102034,87.0,-63105.680097284334,-473906.86149464117,280452.42213102034,87.0
8644c3,8644c3,8644c4,8644c4,-715.9859350546677,-5442.907885042514,3232.935357445825,1.0,-63105.680097284334,-473906.86149464117,280452.42213102034,87.0,-63105.680097284334,-473906.86149464117,280452.42213102034,87.0
8644c5,8644c5,8644c4,8644c4,-30503.867748276054,-228690.1745529483,135538.29983304543,42.0,-63105.680097284334,-473906.86149464117,280452.42213102034,87.0,-63105.680097284334,-473906.86149464117,280452.42213102034,87.0
8644c7,8644c7,8644c4,8644c4,-29018.34108741585,-217971.94676134092,128801.22100327913,40.0,-63105.680097284334,-473906.86149464117,280452.42213102034,87.0,-63105.680097284334,-473906.86149464117,280452.42213102034,87.0
8644c9,8644c9,8644c9,8644c9,0.0,0.0,0.0,0.0,0.0,0.0,0.0,0.0,-124716.65036831584,-926372.1436000179,547104.9767168412,170.0
8644ca4,8644ca4,8644ca4,8644cb,0.0,0.0,0.0,0.0,0.0,0.0,0.0,0.0,0.0,0.0,0.0,0.0
8644cac,8644cac,8644cac,8644cb,0.0,0.0,0.0,0.0,0.0,0.0,0.0,0.0,0.0,0.0,0.0,0.0
8644cb4,8644cb4,8644cb4,8644cb,0.0,0.0,0.0,0.0,0.0,0.0,0.0,0.0,0.0,0.0,0.0,0.0
8644cbc,8644cbc,8644cbc,8644cb,0.0,0.0,0.0,0.0,-67218.62783841981,-495686.1147888036,293088.12398398813,91.0,0.0,0.0,0.0,0.0
8644cc4,8644cc4,8644cd,8644cd,0.0,0.0,0.0,0.0,0.0,0.0,0.0,0.0,-131643.30559224368,-968971.1187500651,574291.200575402,178.0
8644ccc,8644ccc,8644cd,8644cd,-33380.40041490364,-244981.26266256906,145135.01657867053,45.0,0.0,0.0,0.0,0.0,-131643.30559224368,-968971.1187500651,574291.200575402,178.0
8644cd4,8644cd4,8644cd,8644cd,-20771.409198448928,-152370.39230449594,90411.14546193642,28.0,0.0,0.0,0.0,0.0,-131643.30559224368,-968971.1187500651,574291.200575402,178.0
8644cdc,8644cdc,8644cd,8644cd,-14027.331479798924,-103394.95952490547,61364.61124611633,19.0,0.0,0.0,0.0,0.0,-131643.30559224368,-968971.1187500651,574291.200575402,178.0
8644cf,8644cf,8644cf,8644cf,0.0,0.0,0.0,0.0,0.0,0.0,0.0,0.0,0.0,0.0,0.0,0.0
8644d04,8644d04,8644d1,8644d4,0.0,0.0,0.0,0.0,0.0,0.0,0.0,0.0,0.0,0.0,0.0,0.0
8644d0c,8644d0c,8644d1,8644d4,-19669.532151024363,-146836.76737478378,87418.54233934233,27.0,0.0,0.0,0.0,0.0,0.0,0.0,0.0,0.0
8644d14,8644d14,8644d1,8644d4,-18339.464674563886,-135929.24931183708,80966.0243146744,25.0,0.0,0.0,0.0,0.0,0.0,0.0,0.0,0.0
8644d1c,8644d1c,8644d1,8644d4,0.0,0.0,0.0,0.0,0.0,0.0,0.0,0.0,0.0,0.0,0.0,0.0
8644d3,8644d3,8644d3,8644d4,0.0,0.0,0.0,0.0,-51030.81293182547,-375297.29081249086,223149.22027088888,69.0,0.0,0.0,0.0,0.0
8644d5,8644d5,8644d5,8644d4,-7377.098277172291,-54323.751625122306,32457.399340929143,10.0,-7377.098277172291,-54323.751625122306,32457.399340929143,10.0,0.0,0.0,0.0,0.0
8644d7,8644d7,8644d7,8644d4,-32916.660603216245,-244481.11109436266,146081.17497171243,45.0,-32916.660603216245,-244481.11109436266,146081.17497171243,45.0,0.0,0.0,0.0,0.0
8644dc,8644dc,8644dc,8644dc,-26669.83179326558,-201214.52506456675,119869.74701434291,37.0,-26669.83179326558,-201214.52506456675,119869.74701434291,37.0,-26669.83179326558,-201214.52506456675,119869.74701434291,37.0
8644f,8644f,8644f,8644f,0.0,0.0,0.0,0.0,-70057.00193882358,-544297.5281407359,323616.10564566543,100.0,-70057.00193882358,-544297.5281407359,323616.10564566543,100.0
86451,86451,86451,86454,-13862.395056020194,-108404.3763757719,65514.430096468495,20.0,-13862.395056020194,-108404.3763757719,65514.430096468495,20.0,0.0,0.0,0.0,0.0
864524,864524,86453,86454,-16551.79594960944,-124867.68451187911,74873.60142990155,23.0,-72097.96735184029,-537037.2385273327,322816.8748100846,99.0,0.0,0.0,0.0,0.0
86452c,86452c,86453,86454,-36739.38152616741,-271372.54955722595,162731.19658475876,50.0,-72097.96735184029,-537037.2385273327,322816.8748100846,99.0,0.0,0.0,0.0,0.0
864534,864534,86453,86454,-6598.89138478907,-48702.753859488716,29534.079518625895,9.0,-72097.96735184029,-537037.2385273327,322816.8748100846,99.0,0.0,0.0,0.0,0.0
86453c,86453c,86453,86454,-12207.898491274358,-92094.25059873903,55677.99727679839,17.0,-72097.96735184029,-537037.2385273327,322816.8748100846,99.0,0.0,0.0,0.0,0.0
86455,86455,86455,86454,0.0,0.0,0.0,0.0,-52944.2195415201,-394687.476328414,240251.19859619992,73.0,0.0,0.0,0.0,0.0
86457,86457,86457,86454,-31090.157338360295,-243153.69729379236,148672.51362836378,45.0,-31090.157338360295,-243153.69729379236,148672.51362836378,45.0,0.0,0.0,0.0,0.0
8645c,8645c,8645c,8645c,0.0,0.0,0.0,0.0,-45524.149797819075,-385256.4586166835,232627.32606390596,71.0,-45524.149797819075,-385256.4586166835,232627.32606390596,71.0
86461,86461,86464,86464,-4069.388999836853,-37841.334306742516,23245.73166491633,7.0,-40978.897871717694,-390449.6380304763,237243.069998157,72.0,-40978.897871717694,-390449.6380304763,237243.069998157,72.0
86463,86463,86464,86464,-18217.359218795234,-173324.14218828548,105785.99132750944,32.0,-40978.897871717694,-390449.6380304763,237243.069998157,72.0,-40978.897871717694,-390449.6380304763,237243.069998157,72.0
86465,86465,86464,86464,-14565.410608526809,-141244.26212960374,85302.2720337868,26.0,-40978.897871717694,-390449.6380304763,237243.069998157,72.0,-40978.897871717694,-390449.6380304763,237243.069998157,72.0
86467,86467,86464,86464,-4126.7390445588035,-38039.89940584461,22909.074971944447,7.0,-40978.897871717694,-390449.6380304763,237243.069998157,72.0,-40978.897871717694,-390449.6380304763,237243.069998157,72.0
86469,86469,8646c,8646c,0.0,0.0,0.0,0.0,0.0,0.0,0.0,0.0,0.0,0.0,0.0,0.0
8646b,8646b,8646c,8646c,0.0,0.0,0.0,0.0,0.0,0.0,0.0,0.0,0.0,0.0,0.0,0.0
8646d,8646d,8646c,8646c,0.0,0.0,0.0,0.0,0.0,0.0,0.0,0.0,0.0,0.0,0.0,0.0
8646f,8646f,8646c,8646c,-1123.0097276461233,-10906.728392570834,6491.620494583616,2.0,0.0,0.0,0.0,0.0,0.0,0.0,0.0,0.0
86471,86471,86471,86474,0.0,0.0,0.0,0.0,-32785.184001603426,-338126.7982299335,201549.20752903426,62.0,0.0,0.0,0.0,0.0
86472c,86472c,86473,86474,-14048.497455983406,-142614.53326845713,83080.50384659975,26.0,0.0,0.0,0.0,0.0,0.0,0.0,0.0,0.0
864731,864731,86473,86474,-15323.378190836424,-158963.86780993416,92906.7123377849,29.0,0.0,0.0,0.0,0.0,0.0,0.0,0.0,0.0
864733,864733,86473,86474,-10091.564002099134,-104270.09974840895,60653.14827333153,19.0,0.0,0.0,0.0,0.0,0.0,0.0,0.0,0.0
864735,864735,86473,86474,0.0,0.0,0.0,0.0,0.0,0.0,0.0,0.0,0.0,0.0,0.0,0.0
864737,864737,86473,86474,0.0,0.0,0.0,0.0,0.0,0.0,0.0,0.0,0.0,0.0,0.0,0.0
86473c,86473c,86473,86474,-8382.706544458537,-87613.62471396304,51425.20066994449,16.0,0.0,0.0,0.0,0.0,0.0,0.0,0.0,0.0
86475,86475,86475,86474,-22249.072832118214,-241252.75758055525,141008.2120999129,44.0,-22249.072832118214,-241252.75758055525,141008.2120999129,44.0,0.0,0.0,0.0,0.0
8647c,8647c,8647c,8647c,-14555.39106943511,-152084.39889162235,92087.24230066001,28.0,-14555.39106943511,-152084.39889162235,92087.24230066001,28.0,-14555.39106943511,-152084.39889162235,92087.24230066001,28.0
86484,86484,86484,86484,-14302.30069015459,-150677.30433483093,94410.96986507837,28.0,-14302.30069015459,-150677.30433483093,94410.96986507837,28.0,-14302.30069015459,-150677.30433483093,94410.96986507837,28.0
86489,86489,86489,8648c,-2241.5672318419893,-21551.46644108026,13414.260031460391,4.0,-2241.5672318419893,-21551.46644108026,13414.260031460391,4.0,-108792.96017724302,-1014860.1610692596,638829.9260947909,189.0
8648b,8648b,8648b,8648c,-23888.038002011363,-221022.43303677993,137147.90636830847,41.0,-23888.038002011363,-221022.43303677993,137147.90636830847,41.0,-108792.96017724302,-1014860.1610692596,638829.9260947909,189.0
8648c4,8648c4,8648c4,8648c,-2902.694494923081,-26860.67536302504,16876.679056622976,5.0,-2902.694494923081,-26860.67536302504,16876.679056622976,5.0,-108792.96017724302,-1014860.1610692596,638829.9260947909,189.0
8648cc,8648cc,8648cc,8648c,-6591.286429975449,-59137.85202814353,37022.00063253038,11.0,-6591.286429975449,-59137.85202814353,37022.00063253038,11.0,-108792.96017724302,-1014860.1610692596,638829.9260947909,189.0
8648d4,8648d4,8648d4,8648c,-4146.487230743784,-37546.750492339685,23705.37086471978,7.0,-4146.487230743784,-37546.750492339685,23705.37086471978,7.0,-108792.96017724302,-1014860.1610692596,638829.9260947909,189.0
8648d9,8648d9,8648d9,8648c,-584.6507119260342,-5363.218948274977,3388.7784211402873,1.0,-584.6507119260342,-5363.218948274977,3388.7784211402873,1.0,-108792.96017724302,-1014860.1610692596,638829.9260947909,189.0
8648df96cd600b19,8648df96cd600b19,8648df,8648c,-60694.59241319401,-568273.2061685545,359789.09901185613,106.0,0.0,0.0,0.0,0.0,-108792.96017724302,-1014860.1610692596,638829.9260947909,189.0
8648df9c,8648df9c,8648df,8648c,-1146.0289770333254,-10722.251496963332,6788.14797558047,2.0,0.0,0.0,0.0,0.0,-108792.96017724302,-1014860.1610692596,638829.9260947909,189.0
8648f,8648f,8648f,8648c,-6597.614685593971,-64382.307094098236,40697.68373257207,12.0,-6597.614685593971,-64382.307094098236,40697.68373257207,12.0,-108792.96017724302,-1014860.1610692596,638829.9260947909,189.0
86491,86491,86494,86494,-24389.10852381894,-235124.9070716727,150675.17156834409,44.0,0.0,0.0,0.0,0.0,-57800.72098907731,-544415.431085918,350088.38675323746,102.0
86493,86493,86494,86494,-2864.110157680744,-26765.989159678775,17032.933734711947,5.0,0.0,0.0,0.0,0.0,-57800.72098907731,-544415.431085918,350088.38675323746,102.0
86495,86495,86494,86494,-23909.010655204784,-218533.23796566547,141077.2504067264,41.0,0.0,0.0,0.0,0.0,-57800.72098907731,-544415.431085918,350088.38675323746,102.0
86497,86497,86494,86494,-6638.491652372841,-63991.29688890107,41303.031043454976,12.0,0.0,0.0,0.0,0.0,-57800.72098907731,-544415.431085918,350088.38675323746,102.0
86499,86499,8649c,8649c,-9866.587977748177,-101299.16639277732,65528.233812578386,19.0,0.0,0.0,0.0,0.0,-63331.78697536338,-668120.1390532309,428733.1118330964,125.0
8649b,8649b,8649c,8649c,-20322.808462122503,-208634.64889752894,133399.34001745633,39.0,0.0,0.0,0.0,0.0,-63331.78697536338,-668120.1390532309,428733.1118330964,125.0
8649d,8649d,8649c,8649c,-22850.80545047518,-246071.79254118662,157525.00000791711,46.0,0.0,0.0,0.0,0.0,-63331.78697536338,-668120.1390532309,428733.1118330964,125.0
8649f,8649f,8649c,8649c,-10291.585085017503,-112114.53122173809,72280.53799514448,21.0,0.0,0.0,0.0,0.0,-63331.78697536338,-668120.1390532309,428733.1118330964,125.0
864a4,864a4,864a4,864a4,0.0,0.0,0.0,0.0,-28890.611395884716,-301990.17160999647,199599.74235152453,57.0,-28890.611395884716,-301990.17160999647,199599.74235152453,57.0
864ac,864ac,864ac,864ac,-10173.922180667169,-105285.50900527555,71044.01090538852,20.0,-10173.922180667169,-105285.50900527555,71044.01090538852,20.0,-10173.922180667169,-105285.50900527555,71044.01090538852,20.0
864b1,864b1,864b1,864b1,-1076.8495415346156,-10538.440311728235,7081.008641411743,2.0,-1076.8495415346156,-10538.440311728235,7081.008641411743,2.0,-1076.8495415346156,-10538.440311728235,7081.008641411743,2.0
864b31,864b31,864b3,864b3,-6534.343444832259,-62844.241894954546,43044.488362658005,12.0,-43975.18691394769,-418752.9230925045,287204.19972416456,80.0,-43975.18691394769,-418752.9230925045,287204.19972416456,80.0
864b33,864b33,864b3,864b3,-12563.902316428208,-120408.7065446429,82558.26916380382,23.0,-43975.18691394769,-418752.9230925045,287204.19972416456,80.0,-43975.18691394769,-418752.9230925045,287204.19972416456,80.0
864b35,864b35,864b3,864b3,-23797.06627565044,-224994.99386296232,154471.34673049144,43.0,-43975.18691394769,-418752.9230925045,287204.19972416456,80.0,-43975.18691394769,-418752.9230925045,287204.19972416456,80.0
864b44,864b44,864b44,864b44,-9635.714880661453,-89262.74336029367,60578.46141251828,17.0,-9635.714880661453,-89262.74336029367,60578.46141251828,17.0,-9635.714880661453,-89262.74336029367,60578.46141251828,17.0
864b4b,864b4b,864b4c,864b4c,-13386.551361954462,-125544.44936758312,86250.13277327747,24.0,-48657.64356655805,-450076.3220306214,308650.4589977026,86.0,-48657.64356655805,-450076.3220306214,308650.4589977026,86.0
864b4d,864b4d,864b4c,864b4c,-14712.64963166343,-136023.20719607832,93380.37391951046,26.0,-48657.64356655805,-450076.3220306214,308650.4589977026,86.0,-48657.64356655805,-450076.3220306214,308650.4589977026,86.0
864b4f,864b4f,864b4c,864b4c,-20558.442572940166,-188508.66546696005,129019.95230491461,36.0,-48657.64356655805,-450076.3220306214,308650.4589977026,86.0,-48657.64356655805,-450076.3220306214,308650.4589977026,86.0
864b54,864b54,864b54,864b54,-18532.547755033378,-167594.1169941284,114597.55898081805,32.0,-18532.547755033378,-167594.1169941284,114597.55898081805,32.0,-18532.547755033378,-167594.1169941284,114597.55898081805,32.0
864b59,864b59,864b59,864b5c,-25772.419824729433,-230622.49930169721,157260.22920896724,44.0,-25772.419824729433,-230622.49930169721,157260.22920896724,44.0,-116208.54155546948,-1043842.9113389235,710126.7074976305,199.0
864b5b,864b5b,864b5b,864b5c,-18450.203952435273,-167731.03062069393,114410.63064126752,32.0,-18450.203952435273,-167731.03062069393,114410.63064126752,32.0,-116208.54155546948,-1043842.9113389235,710126.7074976305,199.0
864b5d,864b5d,864b5d,864b5c,-10390.387568088592,-94506.06937691497,64122.70540544938,18.0,-10390.387568088592,-94506.06937691497,64122.70540544938,18.0,-116208.54155546948,-1043842.9113389235,710126.7074976305,199.0
864b5e4,864b5e4,864b5f,864b5c,-1164.495549127891,-10499.58024795634,7124.729900681823,2.0,0.0,0.0,0.0,0.0,-116208.54155546948,-1043842.9113389235,710126.7074976305,199.0
864b5ec,864b5ec,864b5f,864b5c,-8177.171340319034,-73440.14217236493,49952.68379180218,14.0,0.0,0.0,0.0,0.0,-116208.54155546948,-1043842.9113389235,710126.7074976305,199.0
864b5f4,864b5f4,864b5f,864b5c,-16408.593070536663,-146890.1842752465,99881.9140681653,28.0,0.0,0.0,0.0,0.0,-116208.54155546948,-1043842.9113389235,710126.7074976305,199.0
864b5fc,864b5fc,864b5f,864b5c,0.0,0.0,0.0,0.0,0.0,0.0,0.0,0.0,-116208.54155546948,-1043842.9113389235,710126.7074976305,199.0
864b7,864b7,864b7,864b7,0.0,0.0,0.0,0.0,-31428.824414412535,-283578.0980107827,192237.28830051608,54.0,-31428.824414412535,-283578.0980107827,192237.28830051608,54.0
864bc,864bc,864bc,864bc,-24232.479211992377,-228074.47020128445,149813.29328715874,43.0,-24232.479211992377,-228074.47020128445,149813.29328715874,43.0,-24232.479211992377,-228074.47020128445,149813.29328715874,43.0
864c04,864c04,864c04,864c04,0.0,0.0,0.0,0.0,-46077.6930566567,-403557.2660225911,263561.17436113954,76.0,-46077.6930566567,-403557.2660225911,263561.17436113954,76.0
864c0c,864c0c,864c0c,864c0c,-3610.4487016990715,-31792.03006385068,20915.593140023957,6.0,-3610.4487016990715,-31792.03006385068,20915.593140023957,6.0,-3610.4487016990715,-31792.03006385068,20915.593140023957,6.0
864c14,864c14,864c14,864c14,0.0,0.0,0.0,0.0,0.0,0.0,0.0,0.0,-66770.77615331314,-572158.6889439535,376316.98534492217,108.0
864c19,864c19,864c19,864c1c,0.0,0.0,0.0,0.0,-53650.194462838204,-456207.1772380446,298660.9975364599,86.0,0.0,0.0,0.0,0.0
864c1b,864c1b,864c1b,864c1c,-17241.38025773092,-148549.92847707664,97252.29135715244,28.0,-17241.38025773092,-148549.92847707664,97252.29135715244,28.0,0.0,0.0,0.0,0.0
864c1d,864c1d,864c1d,864c1c,0.0,0.0,0.0,0.0,0.0,0.0,0.0,0.0,0.0,0.0,0.0,0.0
864c1f,864c1f,864c1f,864c1c,0.0,0.0,0.0,0.0,0.0,0.0,0.0,0.0,0.0,0.0,0.0,0.0
864c204,864c204,864c21,864c24,0.0,0.0,0.0,0.0,0.0,0.0,0.0,0.0,0.0,0.0,0.0,0.0
864c20c,864c20c,864c21,864c24,0.0,0.0,0.0,0.0,0.0,0.0,0.0,0.0,0.0,0.0,0.0,0.0
864c214,864c214,864c21,864c24,0.0,0.0,0.0,0.0,0.0,0.0,0.0,0.0,0.0,0.0,0.0,0.0
864c21c,864c21c,864c21,864c24,0.0,0.0,0.0,0.0,0.0,0.0,0.0,0.0,0.0,0.0,0.0,0.0
864c23,864c23,864c23,864c24,0.0,0.0,0.0,0.0,-56905.956172756596,-477355.3209449839,312522.75776811957,90.0,0.0,0.0,0.0,0.0
864c25,864c25,864c25,864c24,0.0,0.0,0.0,0.0,0.0,0.0,0.0,0.0,0.0,0.0,0.0,0.0
864c27,864c27,864c27,864c24,0.0,0.0,0.0,0.0,0.0,0.0,0.0,0.0,0.0,0.0,0.0,0.0
864c29,864c29,864c29,864c2c,0.0,0.0,0.0,0.0,0.0,0.0,0.0,0.0,0.0,0.0,0.0,0.0
864c2a4,864c2a4,864c2b,864c2c,0.0,0.0,0.0,0.0,0.0,0.0,0.0,0.0,0.0,0.0,0.0,0.0
864c2ac,864c2ac,864c2b,864c2c,-20411.547648501026,-164568.75630655428,107271.81543086917,31.0,0.0,0.0,0.0,0.0,0.0,0.0,0.0,0.0
864c2b4,864c2b4,864c2b,864c2c,0.0,0.0,0.0,0.0,0.0,0.0,0.0,0.0,0.0,0.0,0.0,0.0
864c2bc,864c2bc,864c2b,864c2c,-30089.204261519608,-244078.4557641906,159399.6804546135,46.0,0.0,0.0,0.0,0.0,0.0,0.0,0.0,0.0
864c2d,864c2d,864c2d,864c2c,0.0,0.0,0.0,0.0,0.0,0.0,0.0,0.0,0.0,0.0,0.0,0.0
864c2f,864c2f,864c2f,864c2c,0.0,0.0,0.0,0.0,-64271.615780957014,-524939.146232564,343697.7355993998,99.0,0.0,0.0,0.0,0.0
864c31,864c31,864c34,864c34,-10348.830592798646,-84752.42005047406,55685.738318128104,16.0,0.0,0.0,0.0,0.0,-121746.21253930472,-984938.0797464043,647546.6238042086,186.0
864c33,864c33,864c34,864c34,0.0,0.0,0.0,0.0,0.0,0.0,0.0,0.0,-121746.21253930472,-984938.0797464043,647546.6238042086,186.0
864c35,864c35,864c34,864c34,-26942.34312546127,-216980.280216009,142916.1633610262,41.0,0.0,0.0,0.0,0.0,-121746.21253930472,-984938.0797464043,647546.6238042086,186.0
864c37,864c37,864c34,864c34,-6462.017712187544,-52921.54375517519,34878.74370833854,10.0,0.0,0.0,0.0,0.0,-121746.21253930472,-984938.0797464043,647546.6238042086,186.0
864c39,864c39,864c3c,864c3c,-21710.475639145596,-179958.86025093778,118596.80573363614,34.0,0.0,0.0,0.0,0.0,0.0,0.0,0.0,0.0
864c3b,864c3b,864c3c,864c3c,0.0,0.0,0.0,0.0,0.0,0.0,0.0,0.0,0.0,0.0,0.0,0.0
864c3d,864c3d,864c3c,864c3c,0.0,0.0,0.0,0.0,0.0,0.0,0.0,0.0,0.0,0.0,0.0,0.0
864c3f,864c3f,864c3c,864c3c,-18277.36575593259,-153487.86466082864,101209.62638034462,29.0,0.0,0.0,0.0,0.0,0.0,0.0,0.0,0.0
864c5,864c5,864c5,864c5,0.0,0.0,0.0,0.0,-42864.140013574746,-348634.39762036153,231139.2974384856,66.0,-42864.140013574746,-348634.39762036153,231139.2974384856,66.0
864c7,864c7,864c7,864c7,0.0,0.0,0.0,0.0,-31101.365280397185,-269404.1694088004,178962.23454848691,51.0,-31101.365280397185,-269404.1694088004,178962.23454848691,51.0
864c84,864c84,864c84,864c9,-6633.720673761347,-57887.30663458443,38941.128237417324,11.0,-6633.720673761347,-57887.30663458443,38941.128237417324,11.0,-114625.58279770327,-1003875.2728699066,678118.2061216424,191.0
864c8c,864c8c,864c8c,864c9,-18900.812662948818,-163220.17096967946,109583.97316132254,31.0,-18900.812662948818,-163220.17096967946,109583.97316132254,31.0,-114625.58279770327,-1003875.2728699066,678118.2061216424,191.0
864c94,864c94,864c94,864c9,-11002.685539568212,-94613.37317141092,63861.740202281,18.0,-11002.685539568212,-94613.37317141092,63861.740202281,18.0,-114625.58279770327,-1003875.2728699066,678118.2061216424,191.0
864c99,864c99,864c99,864c9,-19189.094455000886,-168072.6627122661,113786.00311499175,32.0,-19189.094455000886,-168072.6627122661,113786.00311499175,32.0,-114625.58279770327,-1003875.2728699066,678118.2061216424,191.0
864c9b,864c9b,864c9b,864c9,-16225.168200151926,-141942.75546766576,95806.68994179097,27.0,-16225.168200151926,-141942.75546766576,95806.68994179097,27.0,-114625.58279770327,-1003875.2728699066,678118.2061216424,191.0
864c9d,864c9d,864c9d,864c9,-1196.1240686477825,-10512.01093457807,7101.12057963035,2.0,-1196.1240686477825,-10512.01093457807,7101.12057963035,2.0,-114625.58279770327,-1003875.2728699066,678118.2061216424,191.0
864c9e4,864c9e4,864c9f,864c9,-7106.805470131764,-63029.52026175202,42681.34478846251,12.0,-41477.97719762429,-367626.9929797219,249037.5508842084,70.0,-114625.58279770327,-1003875.2728699066,678118.2061216424,191.0
864c9ec,864c9ec,864c9f,864c9,-9535.091687321936,-84059.5253562093,56868.75009210397,16.0,-41477.97719762429,-367626.9929797219,249037.5508842084,70.0,-114625.58279770327,-1003875.2728699066,678118.2061216424,191.0
864c9f4,864c9f4,864c9f,864c9,-4163.523744070246,-36755.57111944708,24911.66091829615,7.0,-41477.97719762429,-367626.9929797219,249037.5508842084,70.0,-114625.58279770327,-1003875.2728699066,678118.2061216424,191.0
864c9fc,864c9fc,864c9f,864c9,-20672.556296100345,-183782.3762423136,124575.79508534579,35.0,-41477.97719762429,-367626.9929797219,249037.5508842084,70.0,-114625.58279770327,-1003875.2728699066,678118.2061216424,191.0
864ca1,864ca1,864ca1,864ca4,-28473.123772408657,-251902.06601263082,171036.27237950338,48.0,-28473.123772408657,-251902.06601263082,171036.27237950338,48.0,-72620.32995621796,-639754.4385592686,435405.0411603943,122.0
864ca3,864ca3,864ca3,864ca4,-4795.7789227706,-41982.2857437683,28499.68929964177,8.0,-4795.7789227706,-41982.2857437683,28499.68929964177,8.0,-72620.32995621796,-639754.4385592686,435405.0411603943,122.0
864ca5,864ca5,864ca5,864ca4,-19157.530275679615,-167637.36409212594,114431.66446888255,32.0,-19157.530275679615,-167637.36409212594,114431.66446888255,32.0,-72620.32995621796,-639754.4385592686,435405.0411603943,122.0
864ca7,864ca7,864ca7,864ca4,-20193.89698535909,-178232.72271074352,121437.41501236659,34.0,-20193.89698535909,-178232.72271074352,121437.41501236659,34.0,-72620.32995621796,-639754.4385592686,435405.0411603943,122.0
864ca9,864ca9,864ca9,864cac,-14140.470552423036,-125673.9150460953,85940.72578503202,24.0,-14140.470552423036,-125673.9150460953,85940.72578503202,24.0,-94106.81419326614,-826797.3011628632,566419.5868074188,158.0
864cab,864cab,864cab,864cac,-24160.5385376838,-214437.1573199729,147188.0837739008,41.0,-24160.5385376838,-214437.1573199729,147188.0837739008,41.0,-94106.81419326614,-826797.3011628632,566419.5868074188,158.0
864cad,864cad,864cad,864cac,-21603.12024370488,-188278.55764201694,129185.15587143012,36.0,-21603.12024370488,-188278.55764201694,129185.15587143012,36.0,-94106.81419326614,-826797.3011628632,566419.5868074188,158.0
864cae4,864cae4,864caf,864cac,-10821.904481122347,-94195.07759207078,64507.77002854511,18.0,-34202.68485945442,-298407.6711547781,204105.621377056,57.0,-94106.81419326614,-826797.3011628632,566419.5868074188,158.0
864caf4,864caf4,864caf,864cac,-14355.810137253944,-125680.00825981161,85896.11639119683,24.0,-34202.68485945442,-298407.6711547781,204105.621377056,57.0,-94106.81419326614,-826797.3011628632,566419.5868074188,158.0
864cafc,864cafc,864caf,864cac,-9024.97024107813,-78532.58530289576,53701.734957314045,15.0,-34202.68485945442,-298407.6711547781,204105.621377056,57.0,-94106.81419326614,-826797.3011628632,566419.5868074188,158.0
864cb04,864cb04,864cb1,864cb4,-6645.572555776302,-57593.24129481142,39372.76966263493,11.0,-39470.91664042966,-340158.9324329791,232863.93519114295,65.0,0.0,0.0,0.0,0.0
864cb14,864cb14,864cb1,864cb4,-20712.873396588006,-177906.4361049577,121827.86796306248,34.0,-39470.91664042966,-340158.9324329791,232863.93519114295,65.0,0.0,0.0,0.0,0.0
864cb1c,864cb1c,864cb1,864cb4,-12112.470688065361,-104659.25503321,71663.29756544555,20.0,-39470.91664042966,-340158.9324329791,232863.93519114295,65.0,0.0,0.0,0.0,0.0
864cb3,864cb3,864cb3,864cb4,-25513.92293389013,-219583.2378003327,150773.17592551606,42.0,-25513.92293389013,-219583.2378003327,150773.17592551606,42.0,0.0,0.0,0.0,0.0
864cb5,864cb5,864cb5,864cb4,-27621.862003432234,-235332.65034569227,161399.48733889466,45.0,-27621.862003432234,-235332.65034569227,161399.48733889466,45.0,0.0,0.0,0.0,0.0
864cb7,864cb7,864cb7,864cb4,0.0,0.0,0.0,0.0,-31926.727357827476,-272116.89958123723,186246.4383573219,52.0,0.0,0.0,0.0,0.0
864cb9,864cb9,864cbc,864cbc,-19727.722090910895,-167625.73982983988,114351.78561147895,32.0,-38101.07589977528,-324954.8193521796,221313.07199908586,62.0,-38101.07589977528,-324954.8193521796,221313.07199908586,62.0
864cbb,864cbb,864cbc,864cbc,-4253.853147468489,-36685.37424352549,24999.712644251613,7.0,-38101.07589977528,-324954.8193521796,221313.07199908586,62.0,-38101.07589977528,-324954.8193521796,221313.07199908586,62.0
864cbd,864cbd,864cbc,864cbc,-7928.910172842524,-68207.67522056801,46308.89007358178,13.0,-38101.07589977528,-324954.8193521796,221313.07199908586,62.0,-38101.07589977528,-324954.8193521796,221313.07199908586,62.0
864cbf,864cbf,864cbc,864cbc,-6190.590488553375,-52436.030058246266,35652.68366977355,10.0,-38101.07589977528,-324954.8193521796,221313.07199908586,62.0,-38101.07589977528,-324954.8193521796,221313.07199908586,62.0
864cc1,864cc1,864cc4,864cc4,-14334.378268366552,-120612.16144573683,81970.76577527281,23.0,0.0,0.0,0.0,0.0,-66893.22439393471,-560759.7058039907,381818.59496085515,107.0
864cc3,864cc3,864cc4,864cc4,-8860.396206875257,-73412.92062278598,49876.12244250915,14.0,0.0,0.0,0.0,0.0,-66893.22439393471,-560759.7058039907,381818.59496085515,107.0
864cc5,864cc5,864cc4,864cc4,-6953.212211221415,-57613.25751618523,39290.26416555263,11.0,0.0,0.0,0.0,0.0,-66893.22439393471,-560759.7058039907,381818.59496085515,107.0
864cc7,864cc7,864cc4,864cc4,0.0,0.0,0.0,0.0,0.0,0.0,0.0,0.0,-66893.22439393471,-560759.7058039907,381818.59496085515,107.0
864cc9,864cc9,864cc9,864ccc,-20005.45943407076,-167464.2743322466,114539.94045650758,32.0,-20005.45943407076,-167464.2743322466,114539.94045650758,32.0,-98504.24474997727,-821265.9683263153,562418.7975217662,157.0
864ccb,864ccb,864ccb,864ccc,-27934.530403213197,-235307.44895472558,161382.49448457034,45.0,-27934.530403213197,-235307.44895472558,161382.49448457034,45.0,-98504.24474997727,-821265.9683263153,562418.7975217662,157.0
864ccd,864ccd,864ccd,864ccc,-17109.884846202087,-141182.33632512522,96771.5301503572,27.0,-17109.884846202087,-141182.33632512522,96771.5301503572,27.0,-98504.24474997727,-821265.9683263153,562418.7975217662,157.0
864cce4,864cce4,864ccf,864ccc,-16457.10642520161,-136021.34898521643,93091.50497563247,26.0,-33454.37006649123,-277311.9087142179,189724.8324303309,53.0,-98504.24474997727,-821265.9683263153,562418.7975217662,157.0
864ccec,864ccec,864ccf,864ccc,-3153.538509922357,-26161.933401857925,17898.387164576878,5.0,-33454.37006649123,-277311.9087142179,189724.8324303309,53.0,-98504.24474997727,-821265.9683263153,562418.7975217662,157.0
864ccf4,864ccf4,864ccf,864ccc,-13843.725131367266,-115128.62632714352,78734.94029012157,22.0,-33454.37006649123,-277311.9087142179,189724.8324303309,53.0,-98504.24474997727,-821265.9683263153,562418.7975217662,157.0
864cd1,864cd1,864cd1,864cd4,-16635.495932345693,-135990.66446366574,93104.61261458251,26.0,-16635.495932345693,-135990.66446366574,93104.61261458251,26.0,-76445.87119610092,-622298.844007976,426252.24093337066,119.0
864cd3,864cd3,864cd3,864cd4,-28705.613181421202,-235209.62707535984,161389.72768507997,45.0,-28705.613181421202,-235209.62707535984,161389.72768507997,45.0,-76445.87119610092,-622298.844007976,426252.24093337066,119.0
864cd7,864cd7,864cd7,864cd4,-31104.76208233403,-251098.55246895045,171757.90063370814,48.0,-31104.76208233403,-251098.55246895045,171757.90063370814,48.0,-76445.87119610092,-622298.844007976,426252.24093337066,119.0
864cdc,864cdc,864cdc,864cdc,-21152.410602709075,-172960.83581253485,117640.59542078759,33.0,-21152.410602709075,-172960.83581253485,117640.59542078759,33.0,-21152.410602709075,-172960.83581253485,117640.59542078759,33.0
864cf,864cf,864cf,864cf,-9694.606215045505,-78704.72235853468,53331.52903275661,15.0,-9694.606215045505,-78704.72235853468,53331.52903275661,15.0,-9694.606215045505,-78704.72235853468,53331.52903275661,15.0
864d04,864d04,864d04,864d1,-13876.154957542714,-110445.5963759329,74224.54620442151,21.0,-13876.154957542714,-110445.5963759329,74224.54620442151,21.0,-105706.63829101397,-839832.516875401,567980.1610588881,160.0
864d14,864d14,864d14,864d1,-12855.98412287788,-99640.56641708598,67523.17201859046,19.0,-12855.98412287788,-99640.56641708598,67523.17201859046,19.0,-105706.63829101397,-839832.516875401,567980.1610588881,160.0
864d19,864d19,864d19,864d1,-10611.533533294598,-83899.56543800756,56914.27117419864,16.0,-10611.533533294598,-83899.56543800756,56914.27117419864,16.0,-105706.63829101397,-839832.516875401,567980.1610588881,160.0
864d1d,864d1d,864d1d,864d1,-25637.332426060286,-204832.2754894183,138287.6423559739,39.0,-25637.332426060286,-204832.2754894183,138287.6423559739,39.0,-105706.63829101397,-839832.516875401,567980.1610588881,160.0
864d1f,864d1f,864d1f,864d1,0.0,0.0,0.0,0.0,-41363.89632517601,-330495.1280424294,223970.27285599115,63.0,-105706.63829101397,-839832.516875401,567980.1610588881,160.0
864d21,864d21,864d21,864d24,-24946.782609305235,-199167.8042945241,135356.7001656313,38.0,-24946.782609305235,-199167.8042945241,135356.7001656313,38.0,-75629.59729715296,-602409.2707802312,410100.33220298245,115.0
864d23,864d23,864d23,864d24,-8605.344127488688,-68136.16111206118,46293.38070766556,13.0,-8605.344127488688,-68136.16111206118,46293.38070766556,13.0,-75629.59729715296,-602409.2707802312,410100.33220298245,115.0
864d25,864d25,864d25,864d24,-8590.762236213144,-68076.84107805252,46383.297963708945,13.0,-8590.762236213144,-68076.84107805252,46383.297963708945,13.0,-75629.59729715296,-602409.2707802312,410100.33220298245,115.0
864d264,864d264,864d27,864d24,-17728.07777834402,-141345.2810365783,96421.7572703075,27.0,-33486.70832414588,-267028.4642955935,182066.9533659766,51.0,-75629.59729715296,-602409.2707802312,410100.33220298245,115.0
864d26c,864d26c,864d27,864d24,-15105.776251989111,-120446.74458785172,82075.42797380574,23.0,-33486.70832414588,-267028.4642955935,182066.9533659766,51.0,-75629.59729715296,-602409.2707802312,410100.33220298245,115.0
864d274,864d274,864d27,864d24,-652.8542938127482,-5236.438671163449,3569.7681218633325,1.0,-33486.70832414588,-267028.4642955935,182066.9533659766,51.0,-75629.59729715296,-602409.2707802312,410100.33220298245,115.0
864d284,864d284,864d284,864d29,-13708.213502294073,-109867.58944516578,75108.43707501645,21.0,-13708.213502294073,-109867.58944516578,75108.43707501645,21.0,0.0,0.0,0.0,0.0
864d28c,864d28c,864d28c,864d29,-19043.608985228042,-151718.91656421285,103704.8278090175,29.0,-19043.608985228042,-151718.91656421285,103704.8278090175,29.0,0.0,0.0,0.0,0.0
864d291,864d291,864d294,864d29,-23600.8011656112,-188267.5499332566,128851.27433506727,36.0,0.0,0.0,0.0,0.0,0.0,0.0,0.0,0.0
864d293,864d293,864d294,864d29,-27618.975214741156,-219638.03273197118,150321.82176093655,42.0,0.0,0.0,0.0,0.0,0.0,0.0,0.0,0.0
864d295,864d295,864d294,864d29,-17089.733132534577,-135936.2818744151,93101.77850484036,26.0,0.0,0.0,0.0,0.0,0.0,0.0,0.0,0.0
864d297,864d297,864d294,864d29,-11795.632969852828,-94112.04918825797,64458.24347293515,18.0,0.0,0.0,0.0,0.0,0.0,0.0,0.0,0.0
864d29c,864d29c,864d29c,864d29,0.0,0.0,0.0,0.0,-35943.029068853175,-287629.2386254439,196879.44844916102,55.0,0.0,0.0,0.0,0.0
864d2b,864d2b,864d2b,864d2b,-24273.60461215498,-193317.61939582598,132689.29459831523,37.0,-24273.60461215498,-193317.61939582598,132689.29459831523,37.0,-24273.60461215498,-193317.61939582598,132689.29459831523,37.0
864d2d,864d2d,864d2d,864d2d,-26598.96583978147,-209000.999798588,143369.01532777556,40.0,-26598.96583978147,-209000.999798588,143369.01532777556,40.0,-26598.96583978147,-209000.999798588,143369.01532777556,40.0
864d2e4,864d2e4,864d2f,864d2f,-27913.04483738147,-219583.08363466102,150347.76490234165,42.0,-40471.50152273007,-318936.21816992183,218348.77495645304,61.0,-40471.50152273007,-318936.21816992183,218348.77495645304,61.0
864d2ec,864d2ec,864d2f,864d2f,-10571.947080330403,-83656.57206883794,57278.161352578136,16.0,-40471.50152273007,-318936.21816992183,218348.77495645304,61.0,-40471.50152273007,-318936.21816992183,218348.77495645304,61.0
864d2f4,864d2f4,864d2f,864d2f,-1986.5096050182046,-15696.562466422796,10722.84870153327,3.0,-40471.50152273007,-318936.21816992183,218348.77495645304,61.0,-40471.50152273007,-318936.21816992183,218348.77495645304,61.0
864d31,864d31,864d34,864d34,-17425.57458497969,-135934.2304448732,93042.4827503383,26.0,-54516.17024376463,-423345.6529341579,290026.73409018066,81.0,-54516.17024376463,-423345.6529341579,290026.73409018066,81.0
864d33,864d33,864d34,864d34,-13341.261500782646,-104460.69422943938,71734.73366258648,20.0,-54516.17024376463,-423345.6529341579,290026.73409018066,81.0,-54516.17024376463,-423345.6529341579,290026.73409018066,81.0
864d37,864d37,864d34,864d34,-23749.33415800229,-182950.7282598453,125249.51767725589,35.0,-54516.17024376463,-423345.6529341579,290026.73409018066,81.0,-54516.17024376463,-423345.6529341579,290026.73409018066,81.0
864d3c,864d3c,864d3c,864d3c,-13529.727331618287,-104841.04896220789,71142.07806128619,20.0,-13529.727331618287,-104841.04896220789,71142.07806128619,20.0,-13529.727331618287,-104841.04896220789,71142.07806128619,20.0
864d49,864d49,864d5,864d5,-30808.343570527613,-235175.36006569024,161051.67564592653,45.0,-61008.35056062521,-465017.03581341443,318666.5557267287,89.0,-61008.35056062521,-465017.03581341443,318666.5557267287,89.0
864d4b,864d4b,864d5,864d5,-29491.225226878305,-224602.9660557149,154059.13792132912,43.0,-61008.35056062521,-465017.03581341443,318666.5557267287,89.0,-61008.35056062521,-465017.03581341443,318666.5557267287,89.0
864d9,864d9,864d9,864d9,-9144.49170747606,-68642.79165508927,45433.43154240712,13.0,-9144.49170747606,-68642.79165508927,45433.43154240712,13.0,-9144.49170747606,-68642.79165508927,45433.43154240712,13.0
864dac,864dac,864db,864db,-1324.9463606160152,-10540.551641666181,7035.639383224088,2.0,-58863.59535363935,-465009.94075379876,307614.8164742037,88.0,-58863.59535363935,-465009.94075379876,307614.8164742037,88.0
864db4,864db4,864db,864db,0.0,0.0,0.0,0.0,-58863.59535363935,-465009.94075379876,307614.8164742037,88.0,-58863.59535363935,-465009.94075379876,307614.8164742037,88.0
864dbc,864dbc,864db,864db,-13682.401506475993,-105634.39718042214,69928.83262013503,20.0,-58863.59535363935,-465009.94075379876,307614.8164742037,88.0,-58863.59535363935,-465009.94075379876,307614.8164742037,88.0
864dc4,864dc4,864dc4,864dc4,-1354.5746464420613,-10585.049697520404,6962.807262329947,2.0,-1354.5746464420613,-10585.049697520404,6962.807262329947,2.0,-1354.5746464420613,-10585.049697520404,6962.807262329947,2.0
864dc9,864dc9,864dc9,864dcc,-6674.501714160239,-52894.86608851006,34879.19907717424,10.0,-6674.501714160239,-52894.86608851006,34879.19907717424,10.0,0.0,0.0,0.0,0.0
864dca4,864dca4,864dcb,864dcc,0.0,0.0,0.0,0.0,0.0,0.0,0.0,0.0,0.0,0.0,0.0,0.0
864dcac,864dcac,864dcb,864dcc,0.0,0.0,0.0,0.0,0.0,0.0,0.0,0.0,0.0,0.0,0.0,0.0
864dcb4,864dcb4,864dcb,864dcc,-23760.47529431045,-190513.2224011571,125476.95703481084,36.0,0.0,0.0,0.0,0.0,0.0,0.0,0.0,0.0
864dcbc,864dcbc,864dcb,864dcc,-9296.265147996874,-74084.64967878684,48791.75201281846,14.0,0.0,0.0,0.0,0.0,0.0,0.0,0.0,0.0
864dcd,864dcd,864dcd,864dcc,-25808.306870546778,-206515.5826642661,135728.54971550722,39.0,-25808.306870546778,-206515.5826642661,135728.54971550722,39.0,0.0,0.0,0.0,0.0
864dcf,864dcf,864dcf,864dcc,-6035.602968890213,-47656.690538719115,31307.831161461225,9.0,-6035.602968890213,-47656.690538719115,31307.831161461225,9.0,0.0,0.0,0.0,0.0
864dd1,864dd1,864dd4,864dd4,-16120.51934922557,-127232.36274773157,83257.11739944268,24.0,0.0,0.0,0.0,0.0,0.0,0.0,0.0,0.0
864dd3,864dd3,864dd4,864dd4,-27905.32794612722,-222675.4744400585,145730.0043503826,42.0,0.0,0.0,0.0,0.0,0.0,0.0,0.0,0.0
864dd5,864dd5,864dd4,864dd4,0.0,0.0,0.0,0.0,0.0,0.0,0.0,0.0,0.0,0.0,0.0,0.0
864dd7,864dd7,864dd4,864dd4,0.0,0.0,0.0,0.0,0.0,0.0,0.0,0.0,0.0,0.0,0.0,0.0
864dd9,864dd9,864ddc,864ddc,-27896.27029652454,-217514.76312384792,141917.16573623323,41.0,0.0,0.0,0.0,0.0,0.0,0.0,0.0,0.0
864ddb,864ddb,864ddc,864ddc,0.0,0.0,0.0,0.0,0.0,0.0,0.0,0.0,0.0,0.0,0.0,0.0
864ddd,864ddd,864ddc,864ddc,-13061.983222059669,-100678.35953549795,65925.32180693652,19.0,0.0,0.0,0.0,0.0,0.0,0.0,0.0,0.0
864ddf,864ddf,864ddc,864ddc,-20628.9394086155,-159132.0880386994,103837.34306340969,30.0,0.0,0.0,0.0,0.0,0.0,0.0,0.0,0.0
864df,864df,864df,864df,0.0,0.0,0.0,0.0,-35782.15190566084,-270000.52409220923,177180.0644741664,51.0,-35782.15190566084,-270000.52409220923,177180.0644741664,51.0
864e04,864e04,864e1,864e1,-8651.05861907574,-63696.40844518389,41386.5589944721,12.0,-64681.62019800648,-488854.7852648063,316839.500270405,92.0,-64681.62019800648,-488854.7852648063,316839.500270405,92.0
864e0c,864e0c,864e1,864e1,0.0,0.0,0.0,0.0,-64681.62019800648,-488854.7852648063,316839.500270405,92.0,-64681.62019800648,-488854.7852648063,316839.500270405,92.0
864e14,864e14,864e1,864e1,-9132.169304240966,-69151.71363952944,44657.651725225216,13.0,-64681.62019800648,-488854.7852648063,316839.500270405,92.0,-64681.62019800648,-488854.7852648063,316839.500270405,92.0
864e1c,864e1c,864e1,864e1,-7151.32274633264,-53241.17840738651,34252.127876234386,10.0,-64681.62019800648,-488854.7852648063,316839.500270405,92.0,-64681.62019800648,-488854.7852648063,316839.500270405,92.0
864e3,864e3,864e3,864e3,-10832.922722027482,-80039.8800622322,51077.56323797068,15.0,-10832.922722027482,-80039.8800622322,51077.56323797068,15.0,-10832.922722027482,-80039.8800622322,51077.56323797068,15.0
864e5,864e5,864e5,864e5,-27224.67226326116,-213473.78988973307,136496.04863182694,40.0,-27224.67226326116,-213473.78988973307,136496.04863182694,40.0,-27224.67226326116,-213473.78988973307,136496.04863182694,40.0
864e64,864e64,864e64,864e64,0.0,0.0,0.0,0.0,-60274.25160836805,-479058.50638886564,309267.93322537,90.0,-60274.25160836805,-479058.50638886564,309267.93322537,90.0
864e6c,864e6c,864e6c,864e6c,0.0,0.0,0.0,0.0,-61127.377386792614,-473667.8549287846,305635.88863319956,89.0,-61127.377386792614,-473667.8549287846,305635.88863319956,89.0
864e71,864e71,864e71,864e74,0.0,0.0,0.0,0.0,0.0,0.0,0.0,0.0,0.0,0.0,0.0,0.0
864e724,864e724,864e73,864e74,0.0,0.0,0.0,0.0,0.0,0.0,0.0,0.0,0.0,0.0,0.0,0.0
864e72c,864e72c,864e73,864e74,-5531.6027273779,-42531.000181537944,27536.510469463363,8.0,0.0,0.0,0.0,0.0,0.0,0.0,0.0,0.0
864e73c,864e73c,864e73,864e74,0.0,0.0,0.0,0.0,0.0,0.0,0.0,0.0,0.0,0.0,0.0,0.0
864e75,864e75,864e75,864e74,0.0,0.0,0.0,0.0,-47494.726513311296,-366329.6020737257,238316.23524337253,69.0,0.0,0.0,0.0,0.0
864e77,864e77,864e77,864e74,0.0,0.0,0.0,0.0,0.0,0.0,0.0,0.0,0.0,0.0,0.0,0.0
864e79,864e79,864e79,864e7c,0.0,0.0,0.0,0.0,0.0,0.0,0.0,0.0,0.0,0.0,0.0,0.0
864e7b,864e7b,864e7b,864e7c,-18864.96387602883,-148839.9514447508,96504.61152263978,28.0,-18864.96387602883,-148839.9514447508,96504.61152263978,28.0,0.0,0.0,0.0,0.0
864e7d,864e7d,864e7d,864e7c,0.0,0.0,0.0,0.0,0.0,0.0,0.0,0.0,0.0,0.0,0.0,0.0
864e7f,864e7f,864e7f,864e7c,0.0,0.0,0.0,0.0,0.0,0.0,0.0,0.0,0.0,0.0,0.0,0.0
864e81,864e81,864e81,864e84,0.0,0.0,0.0,0.0,0.0,0.0,0.0,0.0,0.0,0.0,0.0,0.0
864e824,864e824,864e83,864e84,-29279.688504557173,-239045.73402990153,155544.45891836303,45.0,0.0,0.0,0.0,0.0,0.0,0.0,0.0,0.0
864e82c,864e82c,864e83,864e84,0.0,0.0,0.0,0.0,0.0,0.0,0.0,0.0,0.0,0.0,0.0,0.0
864e834,864e834,864e83,864e84,0.0,0.0,0.0,0.0,0.0,0.0,0.0,0.0,0.0,0.0,0.0,0.0
864e83c,864e83c,864e83,864e84,0.0,0.0,0.0,0.0,0.0,0.0,0.0,0.0,0.0,0.0,0.0,0.0
864e85,864e85,864e85,864e84,0.0,0.0,0.0,0.0,0.0,0.0,0.0,0.0,0.0,0.0,0.0,0.0
864e864,864e864,864e87,864e84,0.0,0.0,0.0,0.0,0.0,0.0,0.0,0.0,0.0,0.0,0.0,0.0
864e86c,864e86c,864e87,864e84,-23606.145864764614,-191401.8626557093,124146.66297545703,36.0,0.0,0.0,0.0,0.0,0.0,0.0,0.0,0.0
864e874,864e874,864e87,864e84,0.0,0.0,0.0,0.0,0.0,0.0,0.0,0.0,0.0,0.0,0.0,0.0
864e87c,864e87c,864e87,864e84,-21748.843844102514,-175516.79967816925,113679.7248663649,33.0,0.0,0.0,0.0,0.0,0.0,0.0,0.0,0.0
864e89,864e89,864e8c,864e8c,0.0,0.0,0.0,0.0,0.0,0.0,0.0,0.0,0.0,0.0,0.0,0.0
864e8b,864e8b,864e8c,864e8c,-5290.825956522445,-42635.323635741144,27422.245357019343,8.0,0.0,0.0,0.0,0.0,0.0,0.0,0.0,0.0
864e8d,864e8d,864e8c,864e8c,-9742.181819747922,-79922.0730019365,51480.530297745856,15.0,0.0,0.0,0.0,0.0,0.0,0.0,0.0,0.0
864e8f,864e8f,864e8c,864e8c,0.0,0.0,0.0,0.0,0.0,0.0,0.0,0.0,0.0,0.0,0.0,0.0
864e91,864e91,864e91,864e94,0.0,0.0,0.0,0.0,0.0,0.0,0.0,0.0,0.0,0.0,0.0,0.0
864e93,864e93,864e93,864e94,-2569.794997286378,-21315.992115908655,13728.094169248014,4.0,-2569.794997286378,-21315.992115908655,13728.094169248014,4.0,0.0,0.0,0.0,0.0
864e95,864e95,864e95,864e94,-10165.94385331501,-85294.87642651424,54885.433060830816,16.0,-10165.94385331501,-85294.87642651424,54885.433060830816,16.0,0.0,0.0,0.0,0.0
864e964,864e964,864e97,864e94,-14536.291988960113,-122504.67021254421,79077.68609346608,23.0,0.0,0.0,0.0,0.0,0.0,0.0,0.0,0.0
864e96c,864e96c,864e97,864e94,-12098.385519914347,-101192.2190857545,65319.70592188853,19.0,0.0,0.0,0.0,0.0,0.0,0.0,0.0,0.0
864e974,864e974,864e97,864e94,0.0,0.0,0.0,0.0,0.0,0.0,0.0,0.0,0.0,0.0,0.0,0.0
864e97c,864e97c,864e97,864e94,0.0,0.0,0.0,0.0,0.0,0.0,0.0,0.0,0.0,0.0,0.0,0.0
864e984,864e984,864e99,864e99,-29060.28147056686,-244786.20079443572,158502.76366225927,46.0,0.0,0.0,0.0,0.0,0.0,0.0,0.0,0.0
864e98c,864e98c,864e99,864e99,0.0,0.0,0.0,0.0,0.0,0.0,0.0,0.0,0.0,0.0,0.0,0.0
864e994,864e994,864e99,864e99,0.0,0.0,0.0,0.0,0.0,0.0,0.0,0.0,0.0,0.0,0.0,0.0
864e99c,864e99c,864e99,864e99,0.0,0.0,0.0,0.0,0.0,0.0,0.0,0.0,0.0,0.0,0.0,0.0
864e9b,864e9b,864e9b,864e9b,0.0,0.0,0.0,0.0,0.0,0.0,0.0,0.0,0.0,0.0,0.0,0.0
864e9d,864e9d,864e9d,864e9d,0.0,0.0,0.0,0.0,0.0,0.0,0.0,0.0,-126857.20546502288,-1052183.3627174566,684176.5489758367,198.0
864e9f,864e9f,864e9f,864e9f,0.0,0.0,0.0,0.0,0.0,0.0,0.0,0.0,0.0,0.0,0.0,0.0
864ea04,864ea04,864ea04,864ea1,0.0,0.0,0.0,0.0,-40111.52199475262,-340096.9367566805,221315.95856160013,64.0,0.0,0.0,0.0,0.0
864ea0c,864ea0c,864ea0c,864ea1,0.0,0.0,0.0,0.0,-35545.73695474072,-302924.04997128516,197103.06121931656,57.0,0.0,0.0,0.0,0.0
864ea14,864ea14,864ea14,864ea1,0.0,0.0,0.0,0.0,-46752.40155949255,-398753.6658755521,259088.9234800555,75.0,0.0,0.0,0.0,0.0
864ea19,864ea19,864ea1c,864ea1,0.0,0.0,0.0,0.0,0.0,0.0,0.0,0.0,0.0,0.0,0.0,0.0
864ea1b,864ea1b,864ea1c,864ea1,0.0,0.0,0.0,0.0,0.0,0.0,0.0,0.0,0.0,0.0,0.0,0.0
864ea1d,864ea1d,864ea1c,864ea1,-11306.343307194225,-95685.69319788323,62189.182610191085,18.0,0.0,0.0,0.0,0.0,0.0,0.0,0.0,0.0
864ea1f,864ea1f,864ea1c,864ea1,-31410.784927861372,-265857.1373068797,172649.1407407823,50.0,0.0,0.0,0.0,0.0,0.0,0.0,0.0,0.0
864ea3,864ea3,864ea3,864ea3,0.0,0.0,0.0,0.0,0.0,0.0,0.0,0.0,0.0,0.0,0.0,0.0
864ea5,864ea5,864ea5,864ea5,0.0,0.0,0.0,0.0,0.0,0.0,0.0,0.0,0.0,0.0,0.0,0.0
864ea7,864ea7,864ea7,864ea7,0.0,0.0,0.0,0.0,0.0,0.0,0.0,0.0,-93884.2114540981,-808116.817449827,525279.288249002,152.0
864eac,864eac,864eac,864eac,0.0,0.0,0.0,0.0,0.0,0.0,0.0,0.0,-67617.80167451035,-590298.5123999647,383511.72008286003,111.0
864eb4,864eb4,864eb4,864eb4,-8530.372239412887,-74589.0939930365,48158.94515918478,14.0,-8530.372239412887,-74589.0939930365,48158.94515918478,14.0,-8530.372239412887,-74589.0939930365,48158.94515918478,14.0
864ebc,864ebc,864ebc,864ebc,-29900.604549912678,-255610.95818929956,165189.93536682188,48.0,-29900.604549912678,-255610.95818929956,165189.93536682188,48.0,-29900.604549912678,-255610.95818929956,165189.93536682188,48.0
864ed,864ed,864ed,864ed,-26061.030923875085,-224455.61435218056,143319.93907627006,42.0,-26061.030923875085,-224455.61435218056,143319.93907627006,42.0,-26061.030923875085,-224455.61435218056,143319.93907627006,42.0
864ee4,864ee4,864ef,864ef,-16758.790979454458,-139064.36297321407,88424.46230868086,26.0,0.0,0.0,0.0,0.0,-80433.45276131014,-667744.1247307821,426452.34011296165,125.0
864eec,864eec,864ef,864ef,0.0,0.0,0.0,0.0,0.0,0.0,0.0,0.0,-80433.45276131014,-667744.1247307821,426452.34011296165,125.0
864ef4,864ef4,864ef,864ef,-2632.4661297115567,-21331.154272284763,13692.617041601112,4.0,0.0,0.0,0.0,0.0,-80433.45276131014,-667744.1247307821,426452.34011296165,125.0
864f1,864f1,864f4,864f4,-8577.899036768735,-69735.7244510288,43851.60639856342,13.0,0.0,0.0,0.0,0.0,-69734.87639667779,-601409.7553013948,377607.6388235737,112.0
864f3,864f3,864f4,864f4,0.0,0.0,0.0,0.0,0.0,0.0,0.0,0.0,-69734.87639667779,-601409.7553013948,377607.6388235737,112.0
864f5,864f5,864f4,864f4,-2466.036321577096,-21557.940517040697,13364.483069527198,4.0,0.0,0.0,0.0,0.0,-69734.87639667779,-601409.7553013948,377607.6388235737,112.0
864f7,864f7,864f4,864f4,-12553.00445581171,-102382.23812541553,63349.5914502391,19.0,0.0,0.0,0.0,0.0,-69734.87639667779,-601409.7553013948,377607.6388235737,112.0
864f9,864f9,864f9,864fc,0.0,0.0,0.0,0.0,0.0,0.0,0.0,0.0,-136141.81487936,-1065361.063177227,661605.9301676772,198.0
864fb,864fb,864fb,864fc,-18286.13966340894,-144821.88443201303,91005.24912389899,27.0,-18286.13966340894,-144821.88443201303,91005.24912389899,27.0,-136141.81487936,-1065361.063177227,661605.9301676772,198.0
864fd,864fd,864fd,864fc,-13670.114829497046,-101859.13441362814,63958.661634020355,19.0,-13670.114829497046,-101859.13441362814,63958.661634020355,19.0,-136141.81487936,-1065361.063177227,661605.9301676772,198.0
864ff,864ff,864ff,864fc,-17965.783745172706,-134488.80028738492,83416.95057333709,25.0,-17965.783745172706,-134488.80028738492,83416.95057333709,25.0,-136141.81487936,-1065361.063177227,661605.9301676772,198.0
86501,86501,86504,86504,-3052.454664228762,-21480.751073300336,13367.630120141086,4.0,-69978.838178785,-492744.95244116907,309599.4431880274,92.0,-69978.838178785,-492744.95244116907,309599.4431880274,92.0
86503,86503,86504,86504,-33789.229867162496,-240883.46976907135,151747.4764331575,45.0,-69978.838178785,-492744.95244116907,309599.4431880274,92.0,-69978.838178785,-492744.95244116907,309599.4431880274,92.0
86505,86505,86504,86504,-16945.778385946553,-117567.21390989132,74405.81519536913,22.0,-69978.838178785,-492744.95244116907,309599.4431880274,92.0,-69978.838178785,-492744.95244116907,309599.4431880274,92.0
86507,86507,86504,86504,-16191.375261447178,-112813.51768890604,70078.5214393596,21.0,-69978.838178785,-492744.95244116907,309599.4431880274,92.0,-69978.838178785,-492744.95244116907,309599.4431880274,92.0
8650c,8650c,8650c,8650c,-36631.84238480244,-235640.53795180237,147350.51003320634,44.0,-36631.84238480244,-235640.53795180237,147350.51003320634,44.0,-36631.84238480244,-235640.53795180237,147350.51003320634,44.0
86511,86511,86514,86514,-17219.10874278179,-111718.1930018756,71571.93101288674,21.0,-62297.256562637696,-398530.18950961146,256139.28693571244,75.0,-62297.256562637696,-398530.18950961146,256139.28693571244,75.0
86513,86513,86514,86514,-17686.118708969818,-111716.01458524709,71461.16283892021,21.0,-62297.256562637696,-398530.18950961146,256139.28693571244,75.0,-62297.256562637696,-398530.18950961146,256139.28693571244,75.0
86515,86515,86514,86514,-22510.160759446975,-143205.4588391703,92602.7386705657,27.0,-62297.256562637696,-398530.18950961146,256139.28693571244,75.0,-62297.256562637696,-398530.18950961146,256139.28693571244,75.0
86517,86517,86514,86514,-4881.868351439122,-31890.523083318538,20503.45441333977,6.0,-62297.256562637696,-398530.18950961146,256139.28693571244,75.0,-62297.256562637696,-398530.18950961146,256139.28693571244,75.0
8651b,8651b,8651c,8651c,-37348.113792099,-256126.76620710036,162857.35004836664,48.0,0.0,0.0,0.0,0.0,-92833.7915008671,-655782.113689208,418803.0789615477,123.0
8651d,8651d,8651c,8651c,0.0,0.0,0.0,0.0,0.0,0.0,0.0,0.0,-92833.7915008671,-655782.113689208,418803.0789615477,123.0
8651f,8651f,8651c,8651c,-14123.810832735064,-100786.88315837434,65538.99053998655,19.0,0.0,0.0,0.0,0.0,-92833.7915008671,-655782.113689208,418803.0789615477,123.0
8653,8653,8653,8653,0.0,0.0,0.0,0.0,0.0,0.0,0.0,0.0,-82130.05016980923,-557838.9344184563,371622.1991344118,106.0
86544,86544,8655,8655,-23418.17721965096,-137255.1929112614,89727.08631678294,26.0,-61926.21930154396,-357668.3512913404,236448.20260346078,68.0,-61926.21930154396,-357668.3512913404,236448.20260346078,68.0
8654c,8654c,8655,8655,-15514.59005620352,-94213.84456131661,63513.601527680745,18.0,-61926.21930154396,-357668.3512913404,236448.20260346078,68.0,-61926.21930154396,-357668.3512913404,236448.20260346078,68.0
86554,86554,8655,8655,-4759.563395636652,-26070.987014976214,17674.57950658237,5.0,-61926.21930154396,-357668.3512913404,236448.20260346078,68.0,-61926.21930154396,-357668.3512913404,236448.20260346078,68.0
8655c,8655c,8655,8655,-18233.88863005283,-100128.32680378613,65532.93525241474,19.0,-61926.21930154396,-357668.3512913404,236448.20260346078,68.0,-61926.21930154396,-357668.3512913404,236448.20260346078,68.0
86564,86564,86564,8657,-31785.55116626571,-174574.16285163388,112761.94981718926,33.0,-31785.55116626571,-174574.16285163388,112761.94981718926,33.0,0.0,0.0,0.0,0.0
865684,865684,86569,8657,-913.5855297129547,-5290.526893686692,3430.078686670959,1.0,0.0,0.0,0.0,0.0,0.0,0.0,0.0,0.0
86568c,86568c,86569,8657,0.0,0.0,0.0,0.0,0.0,0.0,0.0,0.0,0.0,0.0,0.0,0.0
865694,865694,86569,8657,0.0,0.0,0.0,0.0,0.0,0.0,0.0,0.0,0.0,0.0,0.0,0.0
86569c,86569c,86569,8657,-5419.90847630425,-31740.990290731945,20600.099548609684,6.0,0.0,0.0,0.0,0.0,0.0,0.0,0.0,0.0
8656b,8656b,8656b,8657,-32401.505925845042,-196172.00413681846,126623.99259076036,37.0,-32401.505925845042,-196172.00413681846,126623.99259076036,37.0,0.0,0.0,0.0,0.0
8656d,8656d,8656d,8657,-2588.9228100454256,-15933.463870821684,10233.766099946586,3.0,-2588.9228100454256,-15933.463870821684,10233.766099946586,3.0,0.0,0.0,0.0,0.0
8656f,8656f,8656f,8657,-14685.602162351737,-84942.00142946551,54407.29422269434,16.0,-14685.602162351737,-84942.00142946551,54407.29422269434,16.0,0.0,0.0,0.0,0.0
86574,86574,86574,8657,-3565.5804936252002,-21371.649032172987,13415.060876751922,4.0,-3565.5804936252002,-21371.649032172987,13415.060876751922,4.0,0.0,0.0,0.0,0.0
8657c,8657c,8657c,8657,0.0,0.0,0.0,0.0,-84735.63636891487,-459652.3363869035,285902.79020591604,86.0,0.0,0.0,0.0,0.0
86584,86584,8659,8659,-10497.949300258808,-59060.217818052246,36235.08267625515,11.0,0.0,0.0,0.0,0.0,-128450.2358781324,-763806.2853144747,454950.00281548814,141.0
8658c,8658c,8659,8659,-11648.315316591721,-64993.406888854,38535.08660898709,12.0,0.0,0.0,0.0,0.0,-128450.2358781324,-763806.2853144747,454950.00281548814,141.0
86594,86594,8659,8659,0.0,0.0,0.0,0.0,0.0,0.0,0.0,0.0,-128450.2358781324,-763806.2853144747,454950.00281548814,141.0
8659c,8659c,8659,8659,-38248.5648360082,-231681.88948046794,141101.81826824293,43.0,0.0,0.0,0.0,0.0,-128450.2358781324,-763806.2853144747,454950.00281548814,141.0
865a4,865a4,865a4,865a4,-33195.36909189267,-216219.96335616554,130727.23933772939,40.0,-33195.36909189267,-216219.96335616554,130727.23933772939,40.0,-33195.36909189267,-216219.96335616554,130727.23933772939,40.0
865a9,865a9,865a9,865ac,-22086.441850830626,-151021.39003352556,92341.25195291471,28.0,-22086.441850830626,-151021.39003352556,92341.25195291471,28.0,0.0,0.0,0.0,0.0
865ab,865ab,865ab,865ac,-23840.69576424701,-172859.7057157486,105427.65490838108,32.0,-23840.69576424701,-172859.7057157486,105427.65490838108,32.0,0.0,0.0,0.0,0.0
865ad,865ad,865ad,865ac,0.0,0.0,0.0,0.0,-43124.041108344114,-309042.7202943483,185764.33173393857,57.0,0.0,0.0,0.0,0.0
865ae4,865ae4,865af,865ac,-7846.209597435328,-54193.21388700762,32565.419589812434,10.0,-77367.14360822465,-525497.9191177061,315870.4388007305,97.0,0.0,0.0,0.0,0.0
865aec,865aec,865af,865ac,-3895.5406379280707,-27047.62965760347,16370.490392189455,5.0,-77367.14360822465,-525497.9191177061,315870.4388007305,97.0,0.0,0.0,0.0,0.0
865af4,865af4,865af,865ac,-7210.731269635121,-48694.479499949935,29404.454968282807,9.0,-77367.14360822465,-525497.9191177061,315870.4388007305,97.0,0.0,0.0,0.0,0.0
865afc,865afc,865af,865ac,0.0,0.0,0.0,0.0,-77367.14360822465,-525497.9191177061,315870.4388007305,97.0,0.0,0.0,0.0,0.0
865b04,865b04,865b04,865b1,-27267.685006738182,-184579.84931903196,110038.48278395756,34.0,-27267.685006738182,-184579.84931903196,110038.48278395756,34.0,-155799.54258558806,-1071157.3610878089,635285.4093627847,197.0
865b0c,865b0c,865b0c,865b1,-19294.396488675444,-130583.85714988975,77170.272004089,24.0,-19294.396488675444,-130583.85714988975,77170.272004089,24.0,-155799.54258558806,-1071157.3610878089,635285.4093627847,197.0
865b134,865b134,865b14,865b1,-15781.282652208167,-108870.4128529985,64296.851251376036,20.0,-66885.18572291308,-462635.77864124125,273414.15782580763,85.0,-155799.54258558806,-1071157.3610878089,635285.4093627847,197.0
865b13c,865b13c,865b14,865b1,-29989.637997718193,-206786.81591173378,122276.06862285487,38.0,-66885.18572291308,-462635.77864124125,273414.15782580763,85.0,-155799.54258558806,-1071157.3610878089,635285.4093627847,197.0
865b15,865b15,865b14,865b1,-18770.141088657572,-130663.02522274708,77165.69076780864,24.0,-66885.18572291308,-462635.77864124125,273414.15782580763,85.0,-155799.54258558806,-1071157.3610878089,635285.4093627847,197.0
865b17,865b17,865b14,865b1,-1555.1717092441081,-10876.297262359232,6453.418567165136,2.0,-66885.18572291308,-462635.77864124125,273414.15782580763,85.0,-155799.54258558806,-1071157.3610878089,635285.4093627847,197.0
865b1c,865b1c,865b1c,865b1,0.0,0.0,0.0,0.0,-42352.275367261354,-293357.8759776461,174662.49674893043,54.0,-155799.54258558806,-1071157.3610878089,635285.4093627847,197.0
865b24,865b24,865b24,865b24,-10753.855813163857,-76063.174946609,45324.656883605014,14.0,-10753.855813163857,-76063.174946609,45324.656883605014,14.0,-10753.855813163857,-76063.174946609,45324.656883605014,14.0
865b2c,865b2c,865b2c,865b2c,0.0,0.0,0.0,0.0,-74816.58332630023,-543685.0758707584,323583.5395322155,100.0,-74816.58332630023,-543685.0758707584,323583.5395322155,100.0
865b304,865b304,865b31,865b31,-23542.35662043425,-168629.85993720422,100082.36592473887,31.0,0.0,0.0,0.0,0.0,-85492.35706658113,-614941.129704072,364456.8929018163,113.0
865b30c,865b30c,865b31,865b31,-21232.483215146563,-152398.43270040088,90256.65490609183,28.0,0.0,0.0,0.0,0.0,-85492.35706658113,-614941.129704072,364456.8929018163,113.0
865b314,865b314,865b31,865b31,-36947.32289849182,-266708.905073508,157978.62055084782,49.0,0.0,0.0,0.0,0.0,-85492.35706658113,-614941.129704072,364456.8929018163,113.0
865b31c,865b31c,865b31,865b31,-3770.19433250847,-27203.931992958976,16139.251520137721,5.0,0.0,0.0,0.0,0.0,-85492.35706658113,-614941.129704072,364456.8929018163,113.0
865b33,865b33,865b33,865b33,0.0,0.0,0.0,0.0,0.0,0.0,0.0,0.0,-85180.59932607395,-620410.316351943,367885.29251498973,114.0
865b344,865b344,865b35,865b35,-7514.4206010181415,-54454.023545174496,32206.643170246367,10.0,0.0,0.0,0.0,0.0,-134520.45360026212,-980542.777633409,579264.7866100317,180.0
865b34c,865b34c,865b35,865b35,0.0,0.0,0.0,0.0,0.0,0.0,0.0,0.0,-134520.45360026212,-980542.777633409,579264.7866100317,180.0
865b354,865b354,865b35,865b35,0.0,0.0,0.0,0.0,0.0,0.0,0.0,0.0,-134520.45360026212,-980542.777633409,579264.7866100317,180.0
865b35c,865b35c,865b35,865b35,-18781.880899020714,-136218.92125471676,80375.61835202489,25.0,0.0,0.0,0.0,0.0,-134520.45360026212,-980542.777633409,579264.7866100317,180.0
865b37,865b37,865b37,865b37,0.0,0.0,0.0,0.0,0.0,0.0,0.0,0.0,-87824.14972749603,-631738.5955942819,373321.29724223114,116.0
865b39,865b39,865b3c,865b3c,-22185.69332828808,-157917.4989340545,93305.02191435668,29.0,0.0,0.0,0.0,0.0,-77813.50884786181,-549708.1490457915,325302.0823262448,101.0
865b3b,865b3b,865b3c,865b3c,-16077.02277760304,-114225.13395809187,67780.71099562751,21.0,0.0,0.0,0.0,0.0,-77813.50884786181,-549708.1490457915,325302.0823262448,101.0
865b3d,865b3d,865b3c,865b3c,-14714.47251170093,-103365.32961896768,61253.49460197295,19.0,0.0,0.0,0.0,0.0,-77813.50884786181,-549708.1490457915,325302.0823262448,101.0
865b3f,865b3f,865b3c,865b3c,-24836.32023026977,-174200.18653467728,102962.85481428771,32.0,0.0,0.0,0.0,0.0,-77813.50884786181,-549708.1490457915,325302.0823262448,101.0
865b44,865b44,865b44,865b44,0.0,0.0,0.0,0.0,-57582.77475738965,-409067.92118359584,240135.06034770524,75.0,-57582.77475738965,-409067.92118359584,240135.06034770524,75.0
865b49,865b49,865b49,865b49,0.0,0.0,0.0,0.0,0.0,0.0,0.0,0.0,-81705.03910064358,-588793.7668862112,346532.77834685147,108.0
865b4a4,865b4a4,865b4a4,865b4b,-15030.832387623548,-109021.87019739473,64219.97617868861,20.0,-15030.832387623548,-109021.87019739473,64219.97617868861,20.0,0.0,0.0,0.0,0.0
865b4ac,865b4ac,865b4ac,865b4b,0.0,0.0,0.0,0.0,-64238.8323082033,-468813.02595876507,276205.5448136782,86.0,0.0,0.0,0.0,0.0
865b4b1,865b4b1,865b4b4,865b4b,-17215.37475699425,-125421.59568299734,73790.46764469032,23.0,0.0,0.0,0.0,0.0,0.0,0.0,0.0,0.0
865b4b3,865b4b3,865b4b4,865b4b,-32843.456837444195,-239938.86853940284,141182.1781803305,44.0,0.0,0.0,0.0,0.0,0.0,0.0,0.0,0.0
865b4b5,865b4b5,865b4b4,865b4b,-5976.407287287002,-43637.28748888627,25647.881759503645,8.0,0.0,0.0,0.0,0.0,0.0,0.0,0.0,0.0
865b4b7,865b4b7,865b4b4,865b4b,-28450.07290336008,-207270.72054138692,121823.82510694,38.0,0.0,0.0,0.0,0.0,0.0,0.0,0.0,0.0
865b4bc,865b4bc,865b4bc,865b4b,0.0,0.0,0.0,0.0,-49612.62844104524,-359937.635301606,211642.24248556665,66.0,0.0,0.0,0.0,0.0
865b4d,865b4d,865b4d,865b4d,0.0,0.0,0.0,0.0,0.0,0.0,0.0,0.0,-117846.21230830082,-856636.3680373877,502775.2310097013,157.0
865b4f,865b4f,865b4f,865b4f,0.0,0.0,0.0,0.0,-55207.6301612856,-398242.4233148844,233790.14595994834,73.0,-55207.6301612856,-398242.4233148844,233790.14595994834,73.0
865b54,865b54,865b54,865b54,-36960.03305988108,-267733.9507885952,156231.79820350275,49.0,-36960.03305988108,-267733.9507885952,156231.79820350275,49.0,-36960.03305988108,-267733.9507885952,156231.79820350275,49.0
865b5c,865b5c,865b5c,865b5c,-38831.907102104684,-273099.5852398181,159320.52450681434,50.0,-38831.907102104684,-273099.5852398181,159320.52450681434,50.0,-38831.907102104684,-273099.5852398181,159320.52450681434,50.0
865b64,865b64,865b7,865b7,-13390.73713676839,-92833.95450464304,54156.867025860374,17.0,-66216.1630706023,-452787.86953744316,264990.6590994858,83.0,-66216.1630706023,-452787.86953744316,264990.6590994858,83.0
865b6c,865b6c,865b7,865b7,-16551.533954659415,-114485.71253737037,67224.45446751935,21.0,-66216.1630706023,-452787.86953744316,264990.6590994858,83.0,-66216.1630706023,-452787.86953744316,264990.6590994858,83.0
865b74,865b74,865b7,865b7,-21748.37618642419,-147202.604514512,86303.58987892378,27.0,-66216.1630706023,-452787.86953744316,264990.6590994858,83.0,-66216.1630706023,-452787.86953744316,264990.6590994858,83.0
865b7c,865b7c,865b7,865b7,-14525.515792750288,-98265.59798091772,57305.747727182315,18.0,-66216.1630706023,-452787.86953744316,264990.6590994858,83.0,-66216.1630706023,-452787.86953744316,264990.6590994858,83.0
865b9,865b9,865b9,865bc,-33933.21398540601,-223515.7278709539,130843.74836012066,41.0,-33933.21398540601,-223515.7278709539,130843.74836012066,41.0,0.0,0.0,0.0,0.0
865ba4,865ba4,865bb,865bc,-3274.61447051116,-21756.874490268354,12858.852399355792,4.0,-69568.99775780097,-450350.9559721015,268265.5133203093,83.0,0.0,0.0,0.0,0.0
865bac,865bac,865bb,865bc,-4950.591589566001,-32576.972524103516,19376.883275817265,6.0,-69568.99775780097,-450350.9559721015,268265.5133203093,83.0,0.0,0.0,0.0,0.0
865bb1,865bb1,865bb,865bc,-2497.237731125497,-16283.379491153002,9691.392180110557,3.0,-69568.99775780097,-450350.9559721015,268265.5133203093,83.0,0.0,0.0,0.0,0.0
865bb3,865bb3,865bb,865bc,-2492.269066860077,-16274.125546369607,9708.202739527982,3.0,-69568.99775780097,-450350.9559721015,268265.5133203093,83.0,0.0,0.0,0.0,0.0
865bb5,865bb5,865bb,865bc,-37023.91051844463,-238662.40446350048,142306.88090391492,44.0,-69568.99775780097,-450350.9559721015,268265.5133203093,83.0,0.0,0.0,0.0,0.0
865bb7,865bb7,865bb,865bc,-15993.835568750797,-103067.33128839836,61434.701150794164,19.0,-69568.99775780097,-450350.9559721015,268265.5133203093,83.0,0.0,0.0,0.0,0.0
865bbc,865bbc,865bb,865bc,-3336.5388125428185,-21729.868168308214,12888.600670788628,4.0,-69568.99775780097,-450350.9559721015,268265.5133203093,83.0,0.0,0.0,0.0,0.0
865bd,865bd,865bd,865bc,-41686.03250924826,-266359.04112541,157388.28810191553,49.0,-41686.03250924826,-266359.04112541,157388.28810191553,49.0,0.0,0.0,0.0,0.0
865bf,865bf,865bf,865bc,-33139.547039749894,-206953.63383659878,121175.12121548997,38.0,-33139.547039749894,-206953.63383659878,121175.12121548997,38.0,0.0,0.0,0.0,0.0
865c1,865c1,865c1,865c1,-15626.32805147187,-98425.25364299925,56738.996906904926,18.0,-15626.32805147187,-98425.25364299925,56738.996906904926,18.0,-15626.32805147187,-98425.25364299925,56738.996906904926,18.0
865c3,865c3,865c3,865c3,-6039.964976691488,-38413.80746027527,21835.43931798321,7.0,-6039.964976691488,-38413.80746027527,21835.43931798321,7.0,-6039.964976691488,-38413.80746027527,21835.43931798321,7.0
865c41,865c41,865c44,865c5,-5919.947026586031,-38387.9489902565,21913.857297030318,7.0,0.0,0.0,0.0,0.0,0.0,0.0,0.0,0.0
865c43,865c43,865c44,865c5,0.0,0.0,0.0,0.0,0.0,0.0,0.0,0.0,0.0,0.0,0.0,0.0
865c45,865c45,865c44,865c5,-9237.792022287427,-60356.926801518726,34395.70348699062,11.0,0.0,0.0,0.0,0.0,0.0,0.0,0.0,0.0
865c47,865c47,865c44,865c5,-1695.1401632286565,-10972.22086442453,6252.669073249806,2.0,0.0,0.0,0.0,0.0,0.0,0.0,0.0,0.0
865c54,865c54,865c54,865c5,-9049.362708762957,-60437.52461605478,34304.126638907546,11.0,-9049.362708762957,-60437.52461605478,34304.126638907546,11.0,0.0,0.0,0.0,0.0
865c59,865c59,865c5c,865c5,0.0,0.0,0.0,0.0,0.0,0.0,0.0,0.0,0.0,0.0,0.0,0.0
865c5b,865c5b,865c5c,865c5,-26587.213224048886,-175619.22419913465,100074.51380836504,32.0,0.0,0.0,0.0,0.0,0.0,0.0,0.0,0.0
865c5d,865c5d,865c5c,865c5,-33249.45785052606,-219360.3211336594,125375.82742059129,40.0,0.0,0.0,0.0,0.0,0.0,0.0,0.0,0.0
865c5f,865c5f,865c5c,865c5,0.0,0.0,0.0,0.0,0.0,0.0,0.0,0.0,0.0,0.0,0.0,0.0
865c61,865c61,865c61,865c64,0.0,0.0,0.0,0.0,0.0,0.0,0.0,0.0,0.0,0.0,0.0,0.0
865c624,865c624,865c63,865c64,-18826.60004506063,-125973.47608001804,72444.59855181946,23.0,-70400.81830407502,-470834.90512075723,271219.3763780191,86.0,0.0,0.0,0.0,0.0
865c629,865c629,865c63,865c64,-5726.988250991308,-38324.516214139105,22075.57297189674,7.0,-70400.81830407502,-470834.90512075723,271219.3763780191,86.0,0.0,0.0,0.0,0.0
865c62b,865c62b,865c63,865c64,-18801.52219992231,-125897.49803531605,72583.06875727086,23.0,-70400.81830407502,-470834.90512075723,271219.3763780191,86.0,0.0,0.0,0.0,0.0
865c62d,865c62d,865c63,865c64,-18849.688699861897,-125889.838854462,72583.86027740252,23.0,-70400.81830407502,-470834.90512075723,271219.3763780191,86.0,0.0,0.0,0.0,0.0
865c62f,865c62f,865c63,865c64,-8196.019108238872,-54749.575936822046,31532.275819629474,10.0,-70400.81830407502,-470834.90512075723,271219.3763780191,86.0,0.0,0.0,0.0,0.0
865c65,865c65,865c65,865c64,-41493.317382364585,-273753.7299039627,157516.84046168547,50.0,-41493.317382364585,-273753.7299039627,157516.84046168547,50.0,0.0,0.0,0.0,0.0
865c664,865c664,865c67,865c64,-28275.439414203574,-186251.89549235738,106922.78410309568,34.0,0.0,0.0,0.0,0.0,0.0,0.0,0.0,0.0
865c66c,865c66c,865c67,865c64,0.0,0.0,0.0,0.0,0.0,0.0,0.0,0.0,0.0,0.0,0.0,0.0
865c674,865c674,865c67,865c64,-25679.113446910116,-169904.1549939937,97364.83285682986,31.0,0.0,0.0,0.0,0.0,0.0,0.0,0.0,0.0
865c67c,865c67c,865c67,865c64,-14983.720708226236,-98642.29655484774,56535.51366956884,18.0,0.0,0.0,0.0,0.0,0.0,0.0,0.0,0.0
865c6c,865c6c,865c6c,865c6c,-20143.13332104215,-131446.56375069745,75470.10251638212,24.0,-20143.13332104215,-131446.56375069745,75470.10251638212,24.0,-20143.13332104215,-131446.56375069745,75470.10251638212,24.0
865c74,865c74,865c74,865c74,-28479.04595589167,-185832.78936443146,107595.79398891491,34.0,-28479.04595589167,-185832.78936443146,107595.79398891491,34.0,-28479.04595589167,-185832.78936443146,107595.79398891491,34.0
865c79,865c79,865c7c,865c7c,-3324.309501245759,-21866.120031482737,12659.2969055348,4.0,-62510.109509281574,-415702.6393193658,240270.33449204187,76.0,-62510.109509281574,-415702.6393193658,240270.33449204187,76.0
865c7b,865c7b,865c7c,865c7c,-19094.83395561348,-125790.92699124372,72691.15945391779,23.0,-62510.109509281574,-415702.6393193658,240270.33449204187,76.0,-62510.109509281574,-415702.6393193658,240270.33449204187,76.0
865c7d,865c7d,865c7c,865c7c,-31917.754276086667,-213396.88904865837,123207.24123743847,39.0,-62510.109509281574,-415702.6393193658,240270.33449204187,76.0,-62510.109509281574,-415702.6393193658,240270.33449204187,76.0
865c7f,865c7f,865c7c,865c7c,-8173.211776335672,-54648.703247980884,31712.636895150794,10.0,-62510.109509281574,-415702.6393193658,240270.33449204187,76.0,-62510.109509281574,-415702.6393193658,240270.33449204187,76.0
865c81,865c81,865c84,865c84,-20232.911706520386,-136685.85957103653,79222.42627364876,25.0,-72201.97733216551,-486842.97370570357,281570.5699906978,89.0,-72201.97733216551,-486842.97370570357,281570.5699906978,89.0
865c83,865c83,865c84,865c84,-805.5072830303098,-5469.313175125453,3166.626681353786,1.0,-72201.97733216551,-486842.97370570357,281570.5699906978,89.0,-72201.97733216551,-486842.97370570357,281570.5699906978,89.0
865c87,865c87,865c84,865c84,0.0,0.0,0.0,0.0,-72201.97733216551,-486842.97370570357,281570.5699906978,89.0,-72201.97733216551,-486842.97370570357,281570.5699906978,89.0
865c884,865c884,865c89,865c8c,-21180.91076307868,-142343.54813980643,82026.54155702617,26.0,-61028.55391325035,-410731.85253064847,236415.19963334463,75.0,0.0,0.0,0.0,0.0
865c88c,865c88c,865c89,865c8c,-4859.485786443589,-32859.38062383724,18917.651287502704,6.0,-61028.55391325035,-410731.85253064847,236415.19963334463,75.0,0.0,0.0,0.0,0.0
865c894,865c894,865c89,865c8c,-13787.72331709523,-93116.42370912393,53569.28495972728,17.0,-61028.55391325035,-410731.85253064847,236415.19963334463,75.0,0.0,0.0,0.0,0.0
865c89c,865c89c,865c89,865c8c,-21200.434046632843,-142412.5000578809,81901.7218290885,26.0,-61028.55391325035,-410731.85253064847,236415.19963334463,75.0,0.0,0.0,0.0,0.0
865c8b,865c8b,865c8b,865c8c,0.0,0.0,0.0,0.0,-76470.60361304719,-515250.93176698056,295498.9470805976,94.0,0.0,0.0,0.0,0.0
865c8d,865c8d,865c8d,865c8c,0.0,0.0,0.0,0.0,0.0,0.0,0.0,0.0,0.0,0.0,0.0,0.0
865c8f,865c8f,865c8f,865c8c,-16862.782501719154,-115003.54580421737,66256.38476432802,21.0,-16862.782501719154,-115003.54580421737,66256.38476432802,21.0,0.0,0.0,0.0,0.0
865c94,865c94,865c94,865c94,0.0,0.0,0.0,0.0,-60368.46384531178,-416665.1411685278,239148.29105323518,76.0,-60368.46384531178,-416665.1411685278,239148.29105323518,76.0
865c9c,865c9c,865c9c,865c9c,0.0,0.0,0.0,0.0,-53678.09960956672,-371940.9290455951,215558.35803858555,68.0,-53678.09960956672,-371940.9290455951,215558.35803858555,68.0
865ca4,865ca4,865ca4,865cb,0.0,0.0,0.0,0.0,-51160.43336266066,-361347.60121292545,208852.10676211058,66.0,0.0,0.0,0.0,0.0
865ca9,865ca9,865cac,865cb,0.0,0.0,0.0,0.0,0.0,0.0,0.0,0.0,0.0,0.0,0.0,0.0
865cab,865cab,865cac,865cb,-6794.889552564721,-49254.88037717905,28557.92817380808,9.0,0.0,0.0,0.0,0.0,0.0,0.0,0.0,0.0
865cad,865cad,865cac,865cb,-3008.704137892004,-21909.61937502506,12663.024682210116,4.0,0.0,0.0,0.0,0.0,0.0,0.0,0.0,0.0
865cb4,865cb4,865cb4,865cb,-9901.17914662882,-71335.91390906775,40900.07470008759,13.0,-9901.17914662882,-71335.91390906775,40900.07470008759,13.0,0.0,0.0,0.0,0.0
865cbc,865cbc,865cbc,865cb,0.0,0.0,0.0,0.0,0.0,0.0,0.0,0.0,0.0,0.0,0.0,0.0
865cd,865cd,865cd,865cd,-4649.613000869214,-32954.17694199469,18804.91196559123,6.0,-4649.613000869214,-32954.17694199469,18804.91196559123,6.0,-4649.613000869214,-32954.17694199469,18804.91196559123,6.0
865ce4,865ce4,865ce4,865cf,-4003.4651553591452,-27491.74009491802,15585.892709070973,5.0,-4003.4651553591452,-27491.74009491802,15585.892709070973,5.0,0.0,0.0,0.0,0.0
865cec,865cec,865cec,865cf,-26237.360272043665,-181104.13498366086,103513.67585643832,33.0,-26237.360272043665,-181104.13498366086,103513.67585643832,33.0,0.0,0.0,0.0,0.0
865cf1,865cf1,865cf1,865cf,-5669.5536154698975,-38436.82762973627,21894.384728750134,7.0,-5669.5536154698975,-38436.82762973627,21894.384728750134,7.0,0.0,0.0,0.0,0.0
865cf3,865cf3,865cf3,865cf,0.0,0.0,0.0,0.0,-59648.76040155962,-405999.18194148946,232112.2557878726,74.0,0.0,0.0,0.0,0.0
865cf44,865cf44,865cf5,865cf,-12980.842226140461,-87809.508928916,50119.50052173885,16.0,0.0,0.0,0.0,0.0,0.0,0.0,0.0,0.0
865cf4c,865cf4c,865cf5,865cf,-28392.12593736247,-191988.93354472145,109802.45962283632,35.0,0.0,0.0,0.0,0.0,0.0,0.0,0.0,0.0
865cf54,865cf54,865cf5,865cf,-28567.211903430758,-191961.06146873065,109805.77905747856,35.0,0.0,0.0,0.0,0.0,0.0,0.0,0.0,0.0
865cf5c,865cf5c,865cf5,865cf,0.0,0.0,0.0,0.0,0.0,0.0,0.0,0.0,0.0,0.0,0.0,0.0
865cf7,865cf7,865cf7,865cf,0.0,0.0,0.0,0.0,0.0,0.0,0.0,0.0,0.0,0.0,0.0,0.0
865cfc,865cfc,865cfc,865cf,-28518.363124712352,-192333.4448378298,109164.89960128754,35.0,-28518.363124712352,-192333.4448378298,109164.89960128754,35.0,0.0,0.0,0.0,0.0
865d1,865d1,865d4,865d4,-32598.29259285168,-220570.59449338028,123406.84138769843,40.0,-56410.98119078411,-386568.7471529415,215101.247408438,70.0,-56410.98119078411,-386568.7471529415,215101.247408438,70.0
865d7,865d7,865d4,865d4,-19217.038167567196,-132856.3409035668,73208.4734528832,24.0,-56410.98119078411,-386568.7471529415,215101.247408438,70.0,-56410.98119078411,-386568.7471529415,215101.247408438,70.0
865dc,865dc,865dc,865dc,-5215.135558897427,-33078.87500986568,18433.26025318925,6.0,-5215.135558897427,-33078.87500986568,18433.26025318925,6.0,-5215.135558897427,-33078.87500986568,18433.26025318925,6.0
865e4,865e4,865f,865f,-16619.705252145293,-99124.31018294378,55215.60808845352,18.0,-81720.22788856091,-476343.1268987118,271334.92449892766,87.0,-81720.22788856091,-476343.1268987118,271334.92449892766,87.0
865ec,865ec,865f,865f,0.0,0.0,0.0,0.0,-81720.22788856091,-476343.1268987118,271334.92449892766,87.0,-81720.22788856091,-476343.1268987118,271334.92449892766,87.0
865f4,865f4,865f,865f,-11951.359412693939,-65557.59893025599,37472.65798689152,12.0,-81720.22788856091,-476343.1268987118,271334.92449892766,87.0,-81720.22788856091,-476343.1268987118,271334.92449892766,87.0
865fc,865fc,865f,865f,-3995.0377599601047,-21977.049253791378,12266.889034846854,4.0,-81720.22788856091,-476343.1268987118,271334.92449892766,87.0,-81720.22788856091,-476343.1268987118,271334.92449892766,87.0
87c004,87c004,87c01,87c04,-11780.726123961998,-136647.6771110088,114065.71720947436,28.0,-33810.30984008202,-395498.7870709177,329767.3558626905,81.0,0.0,0.0,0.0,0.0
87c00c,87c00c,87c01,87c04,-1729.912803997327,-19573.46272812471,16227.230087581984,4.0,-33810.30984008202,-395498.7870709177,329767.3558626905,81.0,0.0,0.0,0.0,0.0
87c014,87c014,87c01,87c04,-6603.481379590765,-78194.3265380186,65061.554147528645,16.0,-33810.30984008202,-395498.7870709177,329767.3558626905,81.0,0.0,0.0,0.0,0.0
87c01c,87c01c,87c01,87c04,-13696.189532531931,-161083.32069376553,134412.8544181055,33.0,-33810.30984008202,-395498.7870709177,329767.3558626905,81.0,0.0,0.0,0.0,0.0
87c061,87c061,87c064,87c04,-1240.2707442889823,-14748.158126771548,12093.855380670679,3.0,-24651.7313719782,-289884.8807431866,238016.61657000144,59.0,0.0,0.0,0.0,0.0
87c063,87c063,87c064,87c04,-13798.542584456474,-162194.67151105357,133059.08126687547,33.0,-24651.7313719782,-289884.8807431866,238016.61657000144,59.0,0.0,0.0,0.0,0.0
87c065,87c065,87c064,87c04,-9612.918043232741,-112942.05110536148,92863.67992245525,23.0,-24651.7313719782,-289884.8807431866,238016.61657000144,59.0,0.0,0.0,0.0,0.0
87c074,87c074,87c074,87c04,-5186.639498993645,-58793.414034946814,48593.70474500645,12.0,-5186.639498993645,-58793.414034946814,48593.70474500645,12.0,0.0,0.0,0.0,0.0
87c079,87c079,87c07c,87c04,-863.0157743012153,-9813.347510070478,8081.608491740164,2.0,0.0,0.0,0.0,0.0,0.0,0.0,0.0,0.0
87c07b,87c07b,87c07c,87c04,0.0,0.0,0.0,0.0,0.0,0.0,0.0,0.0,0.0,0.0,0.0,0.0
87c07d,87c07d,87c07c,87c04,0.0,0.0,0.0,0.0,0.0,0.0,0.0,0.0,0.0,0.0,0.0,0.0
87c084,87c084,87c084,87c084,-18227.271748224484,-211734.56186124307,172877.4546986153,43.0,-18227.271748224484,-211734.56186124307,172877.4546986153,43.0,-18227.271748224484,-211734.56186124307,172877.4546986153,43.0
87c089,87c089,87c089,87c08c,-12088.451751389011,-142699.33591896627,116733.6397400167,29.0,-12088.451751389011,-142699.33591896627,116733.6397400167,29.0,-81194.64333127244,-960343.8982150205,783946.0729085503,195.0
87c08b,87c08b,87c08b,87c08c,-6600.977970708187,-78751.26734481537,64386.64615078346,16.0,-6600.977970708187,-78751.26734481537,64386.64615078346,16.0,-81194.64333127244,-960343.8982150205,783946.0729085503,195.0
87c08d,87c08d,87c08d,87c08c,-11542.75602411478,-137965.6554578138,112492.66544598225,28.0,-11542.75602411478,-137965.6554578138,112492.66544598225,28.0,-81194.64333127244,-960343.8982150205,783946.0729085503,195.0
87c08f,87c08f,87c08f,87c08c,0.0,0.0,0.0,0.0,0.0,0.0,0.0,0.0,-81194.64333127244,-960343.8982150205,783946.0729085503,195.0
87c091,87c091,87c091,87c091,-17507.372659488094,-207188.21010663846,168424.60125286836,42.0,-17507.372659488094,-207188.21010663846,168424.60125286836,42.0,-17507.372659488094,-207188.21010663846,168424.60125286836,42.0
87c0924,87c0924,87c093,87c093,-10738.633242861257,-128222.54513323747,104318.41702110294,26.0,0.0,0.0,0.0,0.0,-59289.14759618379,-710414.2940043875,577464.4857254549,144.0
87c092c,87c092c,87c093,87c093,-12685.524417930541,-152896.49513080023,124372.38592902765,31.0,0.0,0.0,0.0,0.0,-59289.14759618379,-710414.2940043875,577464.4857254549,144.0
87c0934,87c0934,87c093,87c093,-11880.191472267741,-143093.02131480892,116272.21463666348,29.0,0.0,0.0,0.0,0.0,-59289.14759618379,-710414.2940043875,577464.4857254549,144.0
87c093c,87c093c,87c093,87c093,0.0,0.0,0.0,0.0,0.0,0.0,0.0,0.0,-59289.14759618379,-710414.2940043875,577464.4857254549,144.0
87c0944,87c0944,87c095,87c095,-11580.902111295452,-138241.51702812078,112149.58490339911,28.0,0.0,0.0,0.0,0.0,-62151.98557247213,-745761.6816644234,604535.6718560848,151.0
87c094c,87c094c,87c095,87c095,-16410.030134853485,-197496.59645976068,160216.74646767334,40.0,0.0,0.0,0.0,0.0,-62151.98557247213,-745761.6816644234,604535.6718560848,151.0
87c0954,87c0954,87c095,87c095,0.0,0.0,0.0,0.0,0.0,0.0,0.0,0.0,-62151.98557247213,-745761.6816644234,604535.6718560848,151.0
87c095c,87c095c,87c095,87c095,-11999.165706219992,-143261.59630388767,116052.20858299237,29.0,0.0,0.0,0.0,0.0,-62151.98557247213,-745761.6816644234,604535.6718560848,151.0
87c097,87c097,87c097,87c097,0.0,0.0,0.0,0.0,-25920.01451689074,-306190.7293615705,248198.23319047742,62.0,-25920.01451689074,-306190.7293615705,248198.23319047742,62.0
87c099,87c099,87c09c,87c09c,-5536.975610297804,-64171.258907616786,52067.82407489664,13.0,-27862.730889295468,-320727.90492061723,260478.13053171118,65.0,-27862.730889295468,-320727.90492061723,260478.13053171118,65.0
87c09b,87c09b,87c09c,87c09c,-9350.819944718442,-108505.93368814021,88229.58022112232,22.0,-27862.730889295468,-320727.90492061723,260478.13053171118,65.0,-27862.730889295468,-320727.90492061723,260478.13053171118,65.0
87c09d,87c09d,87c09c,87c09c,-3884.6920447404373,-44400.97113854838,36072.59869907489,9.0,-27862.730889295468,-320727.90492061723,260478.13053171118,65.0,-27862.730889295468,-320727.90492061723,260478.13053171118,65.0
87c09f,87c09f,87c09c,87c09c,-9090.243289538781,-103649.74118631182,84108.12753661735,21.0,-27862.730889295468,-320727.90492061723,260478.13053171118,65.0,-27862.730889295468,-320727.90492061723,260478.13053171118,65.0
87c0a4,87c0a4,87c0a4,87c0b,0.0,0.0,0.0,0.0,-23961.649277115994,-276972.68747362343,223609.74130637944,56.0,0.0,0.0,0.0,0.0
87c0ac,87c0ac,87c0ac,87c0b,-858.0478298769244,-9912.103557412844,7960.712587443569,2.0,-858.0478298769244,-9912.103557412844,7960.712587443569,2.0,0.0,0.0,0.0,0.0
87c0b4,87c0b4,87c0b4,87c0b,-8398.329305319561,-99175.5565952799,79558.55710067767,20.0,-8398.329305319561,-99175.5565952799,79558.55710067767,20.0,0.0,0.0,0.0,0.0
87c0b9,87c0b9,87c0bc,87c0b,-412.27115276901344,-4953.031994449746,3985.882548223055,1.0,0.0,0.0,0.0,0.0,0.0,0.0,0.0,0.0
87c0bb,87c0bb,87c0bc,87c0b,-4187.348429487138,-49512.98028976596,39873.621936875374,10.0,0.0,0.0,0.0,0.0,0.0,0.0,0.0,0.0
87c0bd,87c0bd,87c0bc,87c0b,0.0,0.0,0.0,0.0,0.0,0.0,0.0,0.0,0.0,0.0,0.0,0.0
87c0bf,87c0bf,87c0bc,87c0b,-18199.927550025917,-217491.49412674087,175920.33677104453,44.0,0.0,0.0,0.0,0.0,0.0,0.0,0.0,0.0
87c0c1,87c0c1,87c0d,87c0d,0.0,0.0,0.0,0.0,0.0,0.0,0.0,0.0,-60016.965316558024,-732396.3799846116,590820.1284801775,148.0
87c0c3,87c0c3,87c0d,87c0d,-4407.724504094717,-54381.488037993746,43983.92251374083,11.0,0.0,0.0,0.0,0.0,-60016.965316558024,-732396.3799846116,590820.1284801775,148.0
87c0c7,87c0c7,87c0d,87c0d,-8109.606853986915,-99004.2482707093,79801.57205364395,20.0,0.0,0.0,0.0,0.0,-60016.965316558024,-732396.3799846116,590820.1284801775,148.0
87c0cc,87c0cc,87c0d,87c0d,-13827.99095514791,-168664.21364604533,135214.2393363626,34.0,0.0,0.0,0.0,0.0,-60016.965316558024,-732396.3799846116,590820.1284801775,148.0
87c0e4,87c0e4,87c0e4,87c0e4,-11393.685404394,-143104.2669703503,116307.04873248244,29.0,-11393.685404394,-143104.2669703503,116307.04873248244,29.0,-11393.685404394,-143104.2669703503,116307.04873248244,29.0
87c0e84,87c0e84,87c0e9,87c0ec,0.0,0.0,0.0,0.0,0.0,0.0,0.0,0.0,0.0,0.0,0.0,0.0
87c0e8c,87c0e8c,87c0e9,87c0ec,-12277.140728572947,-153080.0452856999,124187.4459089102,31.0,0.0,0.0,0.0,0.0,0.0,0.0,0.0,0.0
87c0e94,87c0e94,87c0e9,87c0ec,-9596.127817404507,-118516.6867117282,96132.2251281506,24.0,0.0,0.0,0.0,0.0,0.0,0.0,0.0,0.0
87c0e9c,87c0e9c,87c0e9,87c0ec,-16386.726345634976,-202562.0173693373,164108.11989693285,41.0,0.0,0.0,0.0,0.0,0.0,0.0,0.0,0.0
87c0ea4,87c0ea4,87c0eb,87c0ec,0.0,0.0,0.0,0.0,0.0,0.0,0.0,0.0,0.0,0.0,0.0,0.0
87c0eac,87c0eac,87c0eb,87c0ec,-18713.687160353777,-227235.98685188915,184123.64538164288,46.0,0.0,0.0,0.0,0.0,0.0,0.0,0.0,0.0
87c0eb4,87c0eb4,87c0eb,87c0ec,0.0,0.0,0.0,0.0,0.0,0.0,0.0,0.0,0.0,0.0,0.0,0.0
87c0ebc,87c0ebc,87c0eb,87c0ec,-18129.35862927282,-222192.3533453444,180266.83011661313,45.0,0.0,0.0,0.0,0.0,0.0,0.0,0.0,0.0
87c0ed,87c0ed,87c0ed,87c0ec,0.0,0.0,0.0,0.0,0.0,0.0,0.0,0.0,0.0,0.0,0.0,0.0
87c0ef,87c0ef,87c0ef,87c0ec,0.0,0.0,0.0,0.0,0.0,0.0,0.0,0.0,0.0,0.0,0.0,0.0
87c0f4,87c0f4,87c0f4,87c0f4,0.0,0.0,0.0,0.0,-35260.24673528074,-433647.1108310307,353601.2161401813,88.0,-35260.24673528074,-433647.1108310307,353601.2161401813,88.0
87c70c,87c70c,87c71,87c74,-12358.486903945934,-150191.94293094613,117560.18180242497,30.0,-38245.77614455116,-464764.7734087797,365500.56798611855,93.0,0.0,0.0,0.0,0.0
87c714,87c714,87c71,87c74,0.0,0.0,0.0,0.0,-38245.77614455116,-464764.7734087797,365500.56798611855,93.0,0.0,0.0,0.0,0.0
87c734,87c734,87c73,87c74,-11823.740163718603,-144211.13767958066,114888.21202222408,29.0,-34666.52147851916,-423209.6003070264,336083.70105594496,85.0,0.0,0.0,0.0,0.0
87c73c,87c73c,87c73,87c74,0.0,0.0,0.0,0.0,-34666.52147851916,-423209.6003070264,336083.70105594496,85.0,0.0,0.0,0.0,0.0
87c75,87c75,87c75,87c74,-12934.539818186948,-149139.2336524573,118831.29548546899,30.0,-12934.539818186948,-149139.2336524573,118831.29548546899,30.0,0.0,0.0,0.0,0.0
87c77,87c77,87c77,87c74,-6165.143038106136,-70060.2769249312,54855.27413845329,14.0,-6165.143038106136,-70060.2769249312,54855.27413845329,14.0,0.0,0.0,0.0,0.0
87c79,87c79,87c79,87c79,-20874.62794352965,-241080.0542818545,186984.26956187625,48.0,-20874.62794352965,-241080.0542818545,186984.26956187625,48.0,-20874.62794352965,-241080.0542818545,186984.26956187625,48.0
87c7a4,87c7a4,87c7b,87c7b,0.0,0.0,0.0,0.0,-33468.00534742606,-406802.1518805778,315753.65172806074,81.0,-33468.00534742606,-406802.1518805778,315753.65172806074,81.0
87c7bc,87c7bc,87c7b,87c7b,-11588.936148768682,-140870.40048384585,108828.16694438487,28.0,-33468.00534742606,-406802.1518805778,315753.65172806074,81.0,-33468.00534742606,-406802.1518805778,315753.65172806074,81.0
87c7c1,87c7c1,87c7c4,87c7d,-9953.529818531748,-120881.311725607,93103.8553903733,24.0,0.0,0.0,0.0,0.0,-68403.92608635487,-832257.0718763443,638532.3467767372,165.0
87c7c3,87c7c3,87c7c4,87c7d,0.0,0.0,0.0,0.0,0.0,0.0,0.0,0.0,-68403.92608635487,-832257.0718763443,638532.3467767372,165.0
87c7c5,87c7c5,87c7c4,87c7d,-1224.900631451655,-15122.258590079966,11624.314616064665,3.0,0.0,0.0,0.0,0.0,-68403.92608635487,-832257.0718763443,638532.3467767372,165.0
87c7c7,87c7c7,87c7c4,87c7d,-1225.4483277144598,-15116.704862214097,11631.47668255593,3.0,0.0,0.0,0.0,0.0,-68403.92608635487,-832257.0718763443,638532.3467767372,165.0
87c7dc,87c7dc,87c7dc,87c7d,-16952.566287139784,-207032.89869774127,158370.8168571503,41.0,-16952.566287139784,-207032.89869774127,158370.8168571503,41.0,-68403.92608635487,-832257.0718763443,638532.3467767372,165.0
87c7e3,87c7e3,87c7e4,87c7f,-11105.902306399803,-131388.5610115307,100261.52796017389,26.0,-32473.46551700189,-383763.185225083,293457.9137385955,76.0,-72762.39246633847,-852612.7661472308,653480.7323584466,169.0
87c7e5,87c7e5,87c7e4,87c7f,-18405.222119545127,-217041.30127216058,166146.82589367413,43.0,-32473.46551700189,-383763.185225083,293457.9137385955,76.0,-72762.39246633847,-852612.7661472308,653480.7323584466,169.0
87c7e7,87c7e7,87c7e4,87c7f,-2962.3410910569637,-35333.32294139172,27049.5598847475,7.0,-32473.46551700189,-383763.185225083,293457.9137385955,76.0,-72762.39246633847,-852612.7661472308,653480.7323584466,169.0
87c7ec,87c7ec,87c7ec,87c7f,-17490.32216652569,-206560.78744701072,158927.87933660715,41.0,-17490.32216652569,-206560.78744701072,158927.87933660715,41.0,-72762.39246633847,-852612.7661472308,653480.7323584466,169.0
87c7f4,87c7f4,87c7f4,87c7f,-6098.580685957319,-70480.25063519446,54322.48816762447,14.0,-6098.580685957319,-70480.25063519446,54322.48816762447,14.0,-72762.39246633847,-852612.7661472308,653480.7323584466,169.0
87c7fc,87c7fc,87c7fc,87c7f,-16700.024096853576,-191808.54283994262,146772.45111561945,38.0,-16700.024096853576,-191808.54283994262,146772.45111561945,38.0,-72762.39246633847,-852612.7661472308,653480.7323584466,169.0
87c804,87c804,87c804,87c81,-13600.487057724955,-156772.74234575627,119348.55028136741,31.0,-13600.487057724955,-156772.74234575627,119348.55028136741,31.0,-85064.8479658544,-1003559.3051677498,759541.7361067764,198.0
87c80c,87c80c,87c80c,87c81,0.0,0.0,0.0,0.0,-26343.905264026267,-313780.8104200512,238483.5101661447,62.0,-85064.8479658544,-1003559.3051677498,759541.7361067764,198.0
87c811,87c811,87c814,87c81,-2143.1806722821684,-25354.848003173116,19164.610290425426,5.0,0.0,0.0,0.0,0.0,-85064.8479658544,-1003559.3051677498,759541.7361067764,198.0
87c815,87c815,87c814,87c81,-5086.730551243823,-60913.612152598194,45919.28161804557,12.0,0.0,0.0,0.0,0.0,-85064.8479658544,-1003559.3051677498,759541.7361067764,198.0
87c817,87c817,87c814,87c81,0.0,0.0,0.0,0.0,0.0,0.0,0.0,0.0,-85064.8479658544,-1003559.3051677498,759541.7361067764,198.0
87c81c,87c81c,87c81c,87c81,-1310.804916118938,-15222.326623111097,11483.479253442749,3.0,-1310.804916118938,-15222.326623111097,11483.479253442749,3.0,-85064.8479658544,-1003559.3051677498,759541.7361067764,198.0
87c824,87c824,87c824,87c83,0.0,0.0,0.0,0.0,-22524.30043463766,-259489.94240320005,194245.97581395172,51.0,-61974.00590441503,-717527.2016851086,536913.6651496119,141.0
87c82c,87c82c,87c82c,87c83,-20393.18642722758,-234406.58401169596,174715.65353110898,46.0,-20393.18642722758,-234406.58401169596,174715.65353110898,46.0,-61974.00590441503,-717527.2016851086,536913.6651496119,141.0
87c83c,87c83c,87c83c,87c83,-18631.22147933536,-218533.1874102963,164154.07679603016,43.0,-18631.22147933536,-218533.1874102963,164154.07679603016,43.0,-61974.00590441503,-717527.2016851086,536913.6651496119,141.0
87c85,87c85,87c85,87c85,-5402.652352471733,-66133.85299909281,49566.0478670028,13.0,-5402.652352471733,-66133.85299909281,49566.0478670028,13.0,-5402.652352471733,-66133.85299909281,49566.0478670028,13.0
87c86c,87c86c,87c86c,87c87,-18207.37846927207,-223202.51068190014,168614.45255523012,44.0,-18207.37846927207,-223202.51068190014,168614.45255523012,44.0,-53584.58603249848,-653612.9707136597,495349.87656479195,129.0
87c871,87c871,87c874,87c87,-3288.94505529549,-40534.553214716405,30722.57831336945,8.0,-35377.20756322641,-430410.4600317596,326735.42400956183,85.0,-53584.58603249848,-653612.9707136597,495349.87656479195,129.0
87c873,87c873,87c874,87c87,-17516.18982133516,-212759.1756119967,161328.92825355253,42.0,-35377.20756322641,-430410.4600317596,326735.42400956183,85.0,-53584.58603249848,-653612.9707136597,495349.87656479195,129.0
87c875,87c875,87c874,87c87,-14572.072686595762,-177116.73120504653,134683.91744263982,35.0,-35377.20756322641,-430410.4600317596,326735.42400956183,85.0,-53584.58603249848,-653612.9707136597,495349.87656479195,129.0
87c9b,87c9b,87c9b,87c9c,-2097.2386368757147,-25624.353501452355,18807.916705812815,5.0,-2097.2386368757147,-25624.353501452355,18807.916705812815,5.0,-85322.76354530541,-986717.3836308154,717913.599837159,192.0
87c9d,87c9d,87c9d,87c9c,-3963.0199297714657,-45978.03083013451,34030.50337766965,9.0,-3963.0199297714657,-45978.03083013451,34030.50337766965,9.0,-85322.76354530541,-986717.3836308154,717913.599837159,192.0
87c9f4,87c9f4,87c9f,87c9c,-12586.97062336358,-149108.10462938488,108371.2047947587,29.0,0.0,0.0,0.0,0.0,-85322.76354530541,-986717.3836308154,717913.599837159,192.0
87c9f9,87c9f9,87c9f,87c9c,-9398.322101410586,-107997.89084763885,78410.49969143371,21.0,0.0,0.0,0.0,0.0,-85322.76354530541,-986717.3836308154,717913.599837159,192.0
87c9fb,87c9fb,87c9f,87c9c,0.0,0.0,0.0,0.0,0.0,0.0,0.0,0.0,-85322.76354530541,-986717.3836308154,717913.599837159,192.0
87c9fd,87c9fd,87c9f,87c9c,-12128.191122639439,-138773.9493208416,100918.91091895255,27.0,0.0,0.0,0.0,0.0,-85322.76354530541,-986717.3836308154,717913.599837159,192.0
87c9ff,87c9ff,87c9f,87c9c,-17133.84044028117,-195476.14126310422,141799.48849024472,38.0,0.0,0.0,0.0,0.0,-85322.76354530541,-986717.3836308154,717913.599837159,192.0
87ca04,87ca04,87ca04,87cb,-17364.74421718197,-201095.3491822905,144900.38869297868,39.0,-17364.74421718197,-201095.3491822905,144900.38869297868,39.0,-85271.41534085022,-992319.3763693094,710139.0148792979,192.0
87ca09,87ca09,87ca09,87cb,-16680.09144445499,-190975.9961196984,137176.1860645275,37.0,-16680.09144445499,-190975.9961196984,137176.1860645275,37.0,-85271.41534085022,-992319.3763693094,710139.0148792979,192.0
87ca0b,87ca0b,87ca0b,87cb,-5892.670780193468,-67177.15821310466,48085.0638488835,13.0,-5892.670780193468,-67177.15821310466,48085.0638488835,13.0,-85271.41534085022,-992319.3763693094,710139.0148792979,192.0
87ca0d,87ca0d,87ca0d,87cb,-18871.945723819725,-216970.27732195833,155460.81768957883,42.0,-18871.945723819725,-216970.27732195833,155460.81768957883,42.0,-85271.41534085022,-992319.3763693094,710139.0148792979,192.0
87ca0f,87ca0f,87ca0f,87cb,-11217.142985429296,-129008.08892374061,92734.45452030339,25.0,-11217.142985429296,-129008.08892374061,92734.45452030339,25.0,-85271.41534085022,-992319.3763693094,710139.0148792979,192.0
87ca14,87ca14,87ca14,87cb,-2155.741191578958,-25840.869329092628,18502.596331455003,5.0,-2155.741191578958,-25840.869329092628,18502.596331455003,5.0,-85271.41534085022,-992319.3763693094,710139.0148792979,192.0
87ca7,87ca7,87ca7,87cb,-1753.7879793661373,-20683.968595669565,14782.878529597616,4.0,-1753.7879793661373,-20683.968595669565,14782.878529597616,4.0,-85271.41534085022,-992319.3763693094,710139.0148792979,192.0
87cac,87cac,87cac,87cb,-8917.552364985255,-109432.99903787677,76451.44790439535,21.0,-8917.552364985255,-109432.99903787677,76451.44790439535,21.0,-85271.41534085022,-992319.3763693094,710139.0148792979,192.0
8744,8744,8744,8744,-38808.412286654806,-128512.91556347754,117476.1812037999,28.0,-38808.412286654806,-128512.91556347754,117476.1812037999,28.0,-38808.412286654806,-128512.91556347754,117476.1812037999,28.0
87509,87509,87509,8750c,-38924.613610143686,-107625.91187426013,101396.29856200439,24.0,-38924.613610143686,-107625.91187426013,101396.29856200439,24.0,-237334.69292826887,-649109.1085724444,612955.2401744616,145.0
8750d,8750d,8750d,8750c,-53727.94196519252,-146806.9103131019,140581.86258933746,33.0,-53727.94196519252,-146806.9103131019,140581.86258933746,33.0,-237334.69292826887,-649109.1085724444,612955.2401744616,145.0
8750f3,8750f3,8750f,8750c,-31010.975054466966,-85194.45836090065,80206.74029778861,19.0,-144682.13735293268,-394676.2863850824,370977.07902311976,88.0,-237334.69292826887,-649109.1085724444,612955.2401744616,145.0
8750f7,8750f7,8750f,8750c,-52506.09918660797,-143528.0300743734,134932.26122708697,32.0,-144682.13735293268,-394676.2863850824,370977.07902311976,88.0,-237334.69292826887,-649109.1085724444,612955.2401744616,145.0
8750fc,8750fc,8750f,8750c,-61165.06311185773,-165953.79794980845,155838.07749824415,37.0,-144682.13735293268,-394676.2863850824,370977.07902311976,88.0,-237334.69292826887,-649109.1085724444,612955.2401744616,145.0
87511,87511,87511,87511,-78676.72685528877,-210657.17459063223,197727.38444751714,47.0,-78676.72685528877,-210657.17459063223,197727.38444751714,47.0,-78676.72685528877,-210657.17459063223,197727.38444751714,47.0
87512c,87512c,87512c,87513,-36438.8810191899,-97789.11688444128,93567.76337817636,22.0,-36438.8810191899,-97789.11688444128,93567.76337817636,22.0,-175095.07394326467,-466990.27926964714,445828.221219521,105.0
875131,875131,875134,87513,-53393.031702321765,-142319.86602827607,135860.74186903524,32.0,-93539.96224558479,-248959.9135091699,237820.57983344886,56.0,-175095.07394326467,-466990.27926964714,445828.221219521,105.0
875133,875133,875134,87513,-6654.285819938917,-17773.53328279968,17007.587538381184,4.0,-93539.96224558479,-248959.9135091699,237820.57983344886,56.0,-175095.07394326467,-466990.27926964714,445828.221219521,105.0
875135,875135,875134,87513,-3356.7754631181015,-8884.131264878419,8494.897442666595,2.0,-93539.96224558479,-248959.9135091699,237820.57983344886,56.0,-175095.07394326467,-466990.27926964714,445828.221219521,105.0
875137,875137,875134,87513,-30135.869260206007,-79982.38293321575,76457.35298336585,18.0,-93539.96224558479,-248959.9135091699,237820.57983344886,56.0,-175095.07394326467,-466990.27926964714,445828.221219521,105.0
87513c,87513c,87513c,87513,-45116.23067848995,-120241.24887603588,114439.87800789578,27.0,-45116.23067848995,-120241.24887603588,114439.87800789578,27.0,-175095.07394326467,-466990.27926964714,445828.221219521,105.0
87515,87515,87515,87515,-82568.77681247436,-217491.94524091232,208172.07341293732,49.0,-82568.77681247436,-217491.94524091232,208172.07341293732,49.0,-82568.77681247436,-217491.94524091232,208172.07341293732,49.0
87517,87517,87517,87517,-77156.97324110565,-200844.94956612567,189478.44007480342,45.0,-77156.97324110565,-200844.94956612567,189478.44007480342,45.0,-77156.97324110565,-200844.94956612567,189478.44007480342,45.0
87519,87519,8751c,8751c,-53075.4989644138,-139369.03833703493,129483.63326239333,31.0,-142069.70446346176,-373394.46962392464,346431.53164399375,83.0,-142069.70446346176,-373394.46962392464,346431.53164399375,83.0
8751b,8751b,8751c,8751c,-5041.571116661457,-13445.085181946568,12614.278412209034,3.0,-142069.70446346176,-373394.46962392464,346431.53164399375,83.0,-142069.70446346176,-373394.46962392464,346431.53164399375,83.0
8751f,8751f,8751c,8751c,-83952.63438238653,-220580.34610494322,204333.61996939135,49.0,-142069.70446346176,-373394.46962392464,346431.53164399375,83.0,-142069.70446346176,-373394.46962392464,346431.53164399375,83.0
8753,8753,8753,8753,-32907.393764063294,-85011.72029731056,79642.99374125701,19.0,-32907.393764063294,-85011.72029731056,79642.99374125701,19.0,-32907.393764063294,-85011.72029731056,79642.99374125701,19.0
8754124,8754124,87544,8755,-51893.67607526646,-132392.31031744595,127710.99583494785,30.0,0.0,0.0,0.0,0.0,0.0,0.0,0.0,0.0
875412c,875412c,87544,8755,-27724.17970150485,-70590.55954536301,68112.54899779949,16.0,0.0,0.0,0.0,0.0,0.0,0.0,0.0,0.0
875413c,875413c,87544,8755,-43216.45293819604,-110273.31706739283,106492.85656964716,25.0,0.0,0.0,0.0,0.0,0.0,0.0,0.0,0.0
875415,875415,87544,8755,-19013.838253381466,-48495.902337211446,46882.6349613363,11.0,0.0,0.0,0.0,0.0,0.0,0.0,0.0,0.0
875417,875417,87544,8755,-3443.5078876939233,-8814.150200230824,8532.996085424531,2.0,0.0,0.0,0.0,0.0,0.0,0.0,0.0,0.0
87541c,87541c,87544,8755,-1715.5462455264224,-4409.187090685527,4266.816542631019,1.0,0.0,0.0,0.0,0.0,0.0,0.0,0.0,0.0
87547,87547,87544,8755,-52090.00248438743,-132263.0908470616,127764.94425475919,30.0,0.0,0.0,0.0,0.0,0.0,0.0,0.0,0.0
8754c,8754c,8754c,8755,-50149.84509636728,-122668.35181083955,119412.73469840198,28.0,-50149.84509636728,-122668.35181083955,119412.73469840198,28.0,0.0,0.0,0.0,0.0
87551,87551,87554,8755,-53376.41312110223,-130819.04473442842,128716.87527970654,30.0,-118915.234490848,-291352.5167027311,288406.47379671875,67.0,0.0,0.0,0.0,0.0
87553,87553,87554,8755,-1802.8627453391707,-4349.811322924401,4291.687372829505,1.0,-118915.234490848,-291352.5167027311,288406.47379671875,67.0,0.0,0.0,0.0,0.0
87555,87555,87554,8755,-8921.702172767647,-21669.303083424584,21577.42413320938,5.0,-118915.234490848,-291352.5167027311,288406.47379671875,67.0,0.0,0.0,0.0,0.0
87557,87557,87554,8755,-54814.25645163895,-134514.35756195374,133820.4870109734,31.0,-118915.234490848,-291352.5167027311,288406.47379671875,67.0,0.0,0.0,0.0,0.0
8755c,8755c,8755c,8755,-13798.964231885964,-34853.48020396319,34533.55417359915,8.0,-13798.964231885964,-34853.48020396319,34533.55417359915,8.0,0.0,0.0,0.0,0.0
87561,87561,87564,87564,-63530.314514383645,-165465.78422160208,164913.64359940027,38.0,-162148.90772945463,-423906.90786516666,419420.29228427325,97.0,-162148.90772945463,-423906.90786516666,419420.29228427325,97.0
87563,87563,87564,87564,-6461.251719678995,-17432.1815262751,17430.069428309595,4.0,-162148.90772945463,-423906.90786516666,419420.29228427325,97.0,-162148.90772945463,-423906.90786516666,419420.29228427325,97.0
87567,87567,87564,87564,0.0,0.0,0.0,0.0,-162148.90772945463,-423906.90786516666,419420.29228427325,97.0,-162148.90772945463,-423906.90786516666,419420.29228427325,97.0
87569,87569,8756c,8756c,-60879.462231823614,-158430.39941166286,154264.80513206014,36.0,-140333.16941762107,-365951.24084086943,354975.93320123904,83.0,-140333.16941762107,-365951.24084086943,354975.93320123904,83.0
8756b,8756b,8756c,8756c,-79453.70718579744,-207520.84142920654,200711.1280691789,47.0,-140333.16941762107,-365951.24084086943,354975.93320123904,83.0,-140333.16941762107,-365951.24084086943,354975.93320123904,83.0
87570c,87570c,87571,87574,0.0,0.0,0.0,0.0,-138704.09540205117,-379463.4476265688,370094.02011248766,86.0,-245759.85575116175,-671877.9006175911,652652.3630333724,152.0
875714,875714,87571,87574,-30730.263012434614,-83913.85446750402,81651.79364445008,19.0,-138704.09540205117,-379463.4476265688,370094.02011248766,86.0,-245759.85575116175,-671877.9006175911,652652.3630333724,152.0
87571c,87571c,87571,87574,-24333.696922654213,-66293.77046496618,64387.12045045374,15.0,-138704.09540205117,-379463.4476265688,370094.02011248766,86.0,-245759.85575116175,-671877.9006175911,652652.3630333724,152.0
875724,875724,87573,87574,-40722.92862864712,-110763.33946564145,106965.94621865884,25.0,-86354.2944187465,-235061.0817370408,226507.5763304982,53.0,-245759.85575116175,-671877.9006175911,652652.3630333724,152.0
87572c,87572c,87573,87574,-44003.931413743805,-119860.0571421228,115269.84346293815,27.0,-86354.2944187465,-235061.0817370408,226507.5763304982,53.0,-245759.85575116175,-671877.9006175911,652652.3630333724,152.0
875734,875734,87573,87574,-1627.434376355565,-4437.685129276607,4271.786648901239,1.0,-86354.2944187465,-235061.0817370408,226507.5763304982,53.0,-245759.85575116175,-671877.9006175911,652652.3630333724,152.0
87577,87577,87577,87574,-20701.46593036408,-57353.371253981604,56050.7665903867,13.0,-20701.46593036408,-57353.371253981604,56050.7665903867,13.0,-245759.85575116175,-671877.9006175911,652652.3630333724,152.0
875784,875784,87579,87579,-26852.79431394025,-74863.67484331688,73517.30185554922,17.0,-117263.97287266966,-325303.49049655243,320462.17869322846,74.0,-117263.97287266966,-325303.49049655243,320462.17869322846,74.0
875794,875794,87579,87579,-79331.13306426686,-219646.2416342255,216648.24201960015,50.0,-117263.97287266966,-325303.49049655243,320462.17869322846,74.0,-117263.97287266966,-325303.49049655243,320462.17869322846,74.0
87579c,87579c,87579,87579,-11080.045494462562,-30793.574019010062,30296.634818079154,7.0,-117263.97287266966,-325303.49049655243,320462.17869322846,74.0,-117263.97287266966,-325303.49049655243,320462.17869322846,74.0
8757b,8757b,8757b,8757b,-31945.127335149944,-87752.04981864606,86688.9537302525,20.0,-31945.127335149944,-87752.04981864606,86688.9537302525,20.0,-31945.127335149944,-87752.04981864606,86688.9537302525,20.0
8757c5,8757c5,8757c5,8757c4,-73715.62713054288,-201163.451298825,199967.95702179364,46.0,-73715.62713054288,-201163.451298825,199967.95702179364,46.0,-168210.04973508784,-459620.0763613431,456022.4346573491,105.0
8757c6c,8757c6c,8757c7,8757c4,-36832.61408697549,-100722.34744121895,99851.62141686345,23.0,-94494.42260454496,-258456.6250625181,256054.4776355555,59.0,-168210.04973508784,-459620.0763613431,456022.4346573491,105.0
8757c74,8757c74,8757c7,8757c4,-57661.80851756944,-157734.27762129914,156202.856218692,36.0,-94494.42260454496,-258456.6250625181,256054.4776355555,59.0,-168210.04973508784,-459620.0763613431,456022.4346573491,105.0
8757cc,8757cc,8757cc,8757cc,-9620.219364254286,-26228.79413562961,26090.85758932883,6.0,-9620.219364254286,-26228.79413562961,26090.85758932883,6.0,-9620.219364254286,-26228.79413562961,26090.85758932883,6.0
8757d04,8757d04,8757d1,8757d4,-32076.563098739778,-87413.40784264187,86982.13236246046,20.0,-81797.98501485621,-222779.40571976875,221928.70936535558,51.0,-170230.55275679834,-462693.8498757868,461521.45642270055,106.0
8757d0c,8757d0c,8757d1,8757d4,-49721.42191611643,-135365.99787712688,134946.5770028951,31.0,-81797.98501485621,-222779.40571976875,221928.70936535558,51.0,-170230.55275679834,-462693.8498757868,461521.45642270055,106.0
8757d5,8757d5,8757d5,8757d4,-33854.80458144516,-91544.80545504461,91506.72481954825,21.0,-33854.80458144516,-91544.80545504461,91506.72481954825,21.0,-170230.55275679834,-462693.8498757868,461521.45642270055,106.0
8757d7,8757d7,8757d7,8757d4,-54577.76316049695,-148369.63870097348,148086.02223779674,34.0,-54577.76316049695,-148369.63870097348,148086.02223779674,34.0,-170230.55275679834,-462693.8498757868,461521.45642270055,106.0
8757f,8757f,8757f,8757f,-3153.0569957413654,-8774.059087698104,8685.224879783067,2.0,-3153.0569957413654,-8774.059087698104,8685.224879783067,2.0,-3153.0569957413654,-8774.059087698104,8685.224879783067,2.0
87581,87581,87581,87584,-44255.91789584812,-126900.84936988036,126781.56810786808,29.0,-44255.91789584812,-126900.84936988036,126781.56810786808,29.0,-248265.6349529277,-720352.5031433302,714947.5933790103,164.0
875854,875854,87585,87584,-24074.691376033257,-70608.42613573086,69468.23600148087,16.0,-78360.50311766472,-229192.77058831576,226019.67421267508,52.0,-248265.6349529277,-720352.5031433302,714947.5933790103,164.0
87585c,87585c,87585,87584,-54285.81174163146,-158584.3444525849,156551.43821119418,36.0,-78360.50311766472,-229192.77058831576,226019.67421267508,52.0,-248265.6349529277,-720352.5031433302,714947.5933790103,164.0
875864,875864,87587,87584,-60365.99765528342,-175765.62858019848,174373.0654155863,40.0,-125649.21393941487,-364258.88318513415,362146.35105846723,83.0,-248265.6349529277,-720352.5031433302,714947.5933790103,164.0
87586c,87586c,87587,87584,-6051.626438664423,-17553.3746529817,17455.45361298184,4.0,-125649.21393941487,-364258.88318513415,362146.35105846723,83.0,-248265.6349529277,-720352.5031433302,714947.5933790103,164.0
875874,875874,87587,87584,-59231.589845466995,-170939.87995195398,170317.83202989915,39.0,-125649.21393941487,-364258.88318513415,362146.35105846723,83.0,-248265.6349529277,-720352.5031433302,714947.5933790103,164.0
8758ac,8758ac,8758b,8758c,-63436.65244930763,-193230.63789035403,192923.37486560212,44.0,-95166.27535947718,-290165.2936175527,289060.44284267107,66.0,-255137.61878267792,-771458.3001526126,763407.7834697284,175.0
8758b4,8758b4,8758b,8758c,-31729.622910169564,-96934.6557271987,96137.067977069,22.0,-95166.27535947718,-290165.2936175527,289060.44284267107,66.0,-255137.61878267792,-771458.3001526126,763407.7834697284,175.0
8758c4,8758c4,8758d,8758c,-61386.29037944654,-185405.7043965567,182911.76077448262,42.0,-117890.65108662836,-357560.0412720774,352931.8461436861,81.0,-255137.61878267792,-771458.3001526126,763407.7834697284,175.0
8758cc,8758cc,8758d,8758c,-40352.62999071609,-123545.82473303039,122190.23935889712,28.0,-117890.65108662836,-357560.0412720774,352931.8461436861,81.0,-255137.61878267792,-771458.3001526126,763407.7834697284,175.0
8758dc,8758dc,8758d,8758c,-16151.73071646572,-48608.51214249028,47829.846010306406,11.0,-117890.65108662836,-357560.0412720774,352931.8461436861,81.0,-255137.61878267792,-771458.3001526126,763407.7834697284,175.0
8758f,8758f,8758f,8758c,-42080.6923365724,-123732.96526298249,121415.49448337116,28.0,-42080.6923365724,-123732.96526298249,121415.49448337116,28.0,-255137.61878267792,-771458.3001526126,763407.7834697284,175.0
875904,875904,87591,87594,0.0,0.0,0.0,0.0,-125540.49257031221,-372327.1685421851,363335.6170291682,84.0,-210679.05933183362,-630589.5556357272,613526.8306586522,142.0
875914,875914,87591,87594,-41666.86689315383,-124315.98858661325,120961.80488219095,28.0,-125540.49257031221,-372327.1685421851,363335.6170291682,84.0,-210679.05933183362,-630589.5556357272,613526.8306586522,142.0
87591c,87591c,87591,87594,-2987.5401024826515,-8872.19489883881,8643.944285771839,2.0,-125540.49257031221,-372327.1685421851,363335.6170291682,84.0,-210679.05933183362,-630589.5556357272,613526.8306586522,142.0
87593,87593,87593,87594,-46994.183489846546,-142388.31254033858,138133.87181221944,32.0,-46994.183489846546,-142388.31254033858,138133.87181221944,32.0,-210679.05933183362,-630589.5556357272,613526.8306586522,142.0
87595,87595,87595,87594,-38144.38327167486,-115874.07455320361,112057.34181726458,26.0,-38144.38327167486,-115874.07455320361,112057.34181726458,26.0,-210679.05933183362,-630589.5556357272,613526.8306586522,142.0
87599,87599,87599,8759c,-1537.7775504068622,-4454.873620620917,4287.084599053065,1.0,-1537.7775504068622,-4454.873620620917,4287.084599053065,1.0,-199771.7693343245,-564060.1935135602,544608.1082259773,127.0
8759d,8759d,8759d,8759c,-25187.031393649777,-70926.2893686242,68746.28481533946,16.0,-25187.031393649777,-70926.2893686242,68746.28481533946,16.0,-199771.7693343245,-564060.1935135602,544608.1082259773,127.0
8759e1,8759e1,8759e4,8759c,-70814.67293639698,-199659.16667147807,193172.79605907568,45.0,-116414.61854590068,-328511.830319411,317485.35490862495,74.0,-199771.7693343245,-564060.1935135602,544608.1082259773,127.0
8759e3,8759e3,8759e4,8759c,-42456.34487936379,-119961.9099107826,115743.35323013502,27.0,-116414.61854590068,-328511.830319411,317485.35490862495,74.0,-199771.7693343245,-564060.1935135602,544608.1082259773,127.0
8759e5,8759e5,8759e4,8759c,-3143.600730139905,-8890.753737150275,8569.205619414266,2.0,-116414.61854590068,-328511.830319411,317485.35490862495,74.0,-199771.7693343245,-564060.1935135602,544608.1082259773,127.0
8759fc,8759fc,8759fc,8759c,-56632.34184436715,-160167.20020490413,154089.38390295976,36.0,-56632.34184436715,-160167.20020490413,154089.38390295976,36.0,-199771.7693343245,-564060.1935135602,544608.1082259773,127.0
875a1,875a1,875a4,875b,-34618.14656468297,-98105.55297272153,93927.09945768434,22.0,-114694.20206437622,-327410.6541204601,309752.759410469,73.0,-282890.1423147635,-833394.1435277623,783930.3325484975,185.0
875a5,875a5,875a4,875b,-1536.0750671937578,-4502.938258389257,4237.189346578396,1.0,-114694.20206437622,-327410.6541204601,309752.759410469,73.0,-282890.1423147635,-833394.1435277623,783930.3325484975,185.0
875a7,875a7,875a4,875b,-78539.98043249949,-224802.16288934933,211588.4706062063,50.0,-114694.20206437622,-327410.6541204601,309752.759410469,73.0,-282890.1423147635,-833394.1435277623,783930.3325484975,185.0
875b1,875b1,875b4,875b,-37710.45307184695,-112902.10790638467,105828.29622275977,25.0,-125495.81347117624,-379721.9666126748,355615.00587275706,84.0,-282890.1423147635,-833394.1435277623,783930.3325484975,185.0
875b74,875b74,875b4,875b,-38983.55822756615,-117510.31274601666,110046.70385732886,26.0,-125495.81347117624,-379721.9666126748,355615.00587275706,84.0,-282890.1423147635,-833394.1435277623,783930.3325484975,185.0
875b7c,875b7c,875b4,875b,-48801.80217176315,-149309.54596027354,139740.00579266853,33.0,-125495.81347117624,-379721.9666126748,355615.00587275706,84.0,-282890.1423147635,-833394.1435277623,783930.3325484975,185.0
875bc,875bc,875bc,875b,-42700.126779211016,-126261.52279462724,118562.5672652713,28.0,-42700.126779211016,-126261.52279462724,118562.5672652713,28.0,-282890.1423147635,-833394.1435277623,783930.3325484975,185.0
875c24,875c24,875c3,875c4,-9903.155071714049,-31398.92949016382,30082.09647959537,7.0,-90474.72216361167,-287619.1711908986,274490.2746047725,64.0,-156890.82132960722,-499896.98876937985,474963.78457254777,111.0
875c2c,875c2c,875c3,875c4,-45202.83081191368,-143728.87285175323,137341.2415713758,32.0,-90474.72216361167,-287619.1711908986,274490.2746047725,64.0,-156890.82132960722,-499896.98876937985,474963.78457254777,111.0
875c34,875c34,875c3,875c4,-35368.73627998393,-112491.36884898154,107066.93655380134,25.0,-90474.72216361167,-287619.1711908986,274490.2746047725,64.0,-156890.82132960722,-499896.98876937985,474963.78457254777,111.0
875c5,875c5,875c5,875c4,-66416.09916599549,-212277.81757848125,200473.50996777523,47.0,-66416.09916599549,-212277.81757848125,200473.50996777523,47.0,-156890.82132960722,-499896.98876937985,474963.78457254777,111.0
875c84,875c84,875cc,875cc,-67482.73485140422,-208202.89834438663,194898.6409664936,46.0,-120512.10838971117,-375860.7364604159,351888.2806707509,83.0,-120512.10838971117,-375860.7364604159,351888.2806707509,83.0
875c8c,875c8c,875cc,875cc,-14573.378113516152,-45275.74474561704,42387.47793234176,10.0,-120512.10838971117,-375860.7364604159,351888.2806707509,83.0,-120512.10838971117,-375860.7364604159,351888.2806707509,83.0
875cf,875cf,875cc,875cc,-38455.9954247908,-122382.09337041224,114602.16177191556,27.0,-120512.10838971117,-375860.7364604159,351888.2806707509,83.0,-120512.10838971117,-375860.7364604159,351888.2806707509,83.0
875d01,875d01,875d04,875d1,-39375.66832418257,-126990.57627056321,118934.05512446053,28.0,-112319.53614302099,-363008.64295341383,339681.26165394916,80.0,-179062.3432228339,-581132.9473091317,543362.2090195977,128.0
875d03,875d03,875d04,875d1,-32323.6679163785,-104368.91467742193,97643.68336530062,23.0,-112319.53614302099,-363008.64295341383,339681.26165394916,80.0,-179062.3432228339,-581132.9473091317,543362.2090195977,128.0
875d05,875d05,875d04,875d1,-40620.199902459935,-131649.1520054287,123103.52316418808,29.0,-112319.53614302099,-363008.64295341383,339681.26165394916,80.0,-179062.3432228339,-581132.9473091317,543362.2090195977,128.0
875d0c,875d0c,875d0c,875d1,-55667.05980058963,-181746.1343254262,169744.23098014347,40.0,-55667.05980058963,-181746.1343254262,169744.23098014347,40.0,-179062.3432228339,-581132.9473091317,543362.2090195977,128.0
875d14,875d14,875d14,875d1,-11075.747279223286,-36378.170030291745,33936.71638550499,8.0,-11075.747279223286,-36378.170030291745,33936.71638550499,8.0,-179062.3432228339,-581132.9473091317,543362.2090195977,128.0
875d5,875d5,875d5,875d5,-59138.47097275272,-196711.21285068797,181266.48334783365,43.0,-59138.47097275272,-196711.21285068797,181266.48334783365,43.0,-59138.47097275272,-196711.21285068797,181266.48334783365,43.0
875d64,875d64,875d64,875d7,-43608.23361791357,-145755.42772704666,135711.34264690377,32.0,-43608.23361791357,-145755.42772704666,135711.34264690377,32.0,-172557.42018227445,-573474.5077093912,534558.6501851244,126.0
875d6d,875d6d,875d6c,875d7,-37229.75911626776,-122833.92681695776,114523.78694098156,27.0,-94848.64198737028,-313999.84324389714,292669.7262646281,69.0,-172557.42018227445,-573474.5077093912,534558.6501851244,126.0
875d6f,875d6f,875d6c,875d7,-57618.88287110251,-191165.91642693942,178145.93932364663,42.0,-94848.64198737028,-313999.84324389714,292669.7262646281,69.0,-172557.42018227445,-573474.5077093912,534558.6501851244,126.0
875d74,875d74,875d74,875d7,-4102.8322520684,-13645.996689995372,12738.183500104613,3.0,-4102.8322520684,-13645.996689995372,12738.183500104613,3.0,-172557.42018227445,-573474.5077093912,534558.6501851244,126.0
875d7c,875d7c,875d7c,875d7,-29997.71232492217,-100073.24004845216,93439.39777348787,22.0,-29997.71232492217,-100073.24004845216,93439.39777348787,22.0,-172557.42018227445,-573474.5077093912,534558.6501851244,126.0
875dc,875dc,875dc,875dc,-11268.548108246314,-36235.42324728874,34025.84169686786,8.0,-11268.548108246314,-36235.42324728874,34025.84169686786,8.0,-11268.548108246314,-36235.42324728874,34025.84169686786,8.0
875e4,875e4,875e4,875f,-45898.03861424262,-151618.87927388723,147738.04967907642,34.0,-45898.03861424262,-151618.87927388723,147738.04967907642,34.0,-236330.3225976157,-744602.8171364774,722256.320398632,167.0
875e9,875e9,875ec,875f,-24137.254185897946,-76165.72395676324,73120.51726385338,17.0,-137918.8472369337,-429367.2162103631,413154.218332298,96.0,-236330.3225976157,-744602.8171364774,722256.320398632,167.0
875ea4,875ea4,875ec,875f,-68992.32236929613,-214671.1342622513,206579.58869162184,48.0,-137918.8472369337,-429367.2162103631,413154.218332298,96.0,-236330.3225976157,-744602.8171364774,722256.320398632,167.0
875eac,875eac,875ec,875f,-38985.29464179597,-120666.15977122476,116231.44611742339,27.0,-137918.8472369337,-429367.2162103631,413154.218332298,96.0,-236330.3225976157,-744602.8171364774,722256.320398632,167.0
875eb4,875eb4,875ec,875f,-5803.976039943654,-17864.19822012382,17222.666259399382,4.0,-137918.8472369337,-429367.2162103631,413154.218332298,96.0,-236330.3225976157,-744602.8171364774,722256.320398632,167.0
875f4,875f4,875f4,875f,-51197.18786179569,-159197.29389554876,156967.92906018248,36.0,-51197.18786179569,-159197.29389554876,156967.92906018248,36.0,-236330.3225976157,-744602.8171364774,722256.320398632,167.0
875fc,875fc,875fc,875f,-1316.2488846436913,-4419.42775667823,4396.123327075084,1.0,-1316.2488846436913,-4419.42775667823,4396.123327075084,1.0,-236330.3225976157,-744602.8171364774,722256.320398632,167.0
54a01,54a01,54a01,54a01,-33355.32806141802,-66327.86378596404,78857.07424728744,17.0,-33355.32806141802,-66327.86378596404,78857.07424728744,17.0,-33355.32806141802,-66327.86378596404,78857.07424728744,17.0
54a021,54a021,54a024,54a03,-19748.10356378175,-38977.16100023717,46365.596366493744,10.0,0.0,0.0,0.0,0.0,0.0,0.0,0.0,0.0
54a0264,54a0264,54a024,54a03,-3970.3867154907875,-7786.767274549745,9271.531472864972,2.0,0.0,0.0,0.0,0.0,0.0,0.0,0.0,0.0
54a026c,54a026c,54a024,54a03,-29681.956157852313,-58438.58233691142,69545.72359433776,15.0,0.0,0.0,0.0,0.0,0.0,0.0,0.0,0.0
54a0274,54a0274,54a024,54a03,0.0,0.0,0.0,0.0,0.0,0.0,0.0,0.0,0.0,0.0,0.0,0.0
54a027c,54a027c,54a024,54a03,-79346.64818637625,-155649.21200353446,185529.06659017052,40.0,0.0,0.0,0.0,0.0,0.0,0.0,0.0,0.0
54a02c,54a02c,54a02c,54a03,-3976.5869320423435,-7799.769511722891,9257.933471058921,2.0,-3976.5869320423435,-7799.769511722891,9257.933471058921,2.0,0.0,0.0,0.0,0.0
54a031,54a031,54a034,54a03,-13904.570898311073,-27344.410044980366,32370.41353857942,7.0,-135426.4771290515,-265943.629544989,314039.1142793628,68.0,0.0,0.0,0.0,0.0
54a033,54a033,54a034,54a03,-15939.17823314243,-31259.775361630924,36966.3789095658,8.0,-135426.4771290515,-265943.629544989,314039.1142793628,68.0,0.0,0.0,0.0,0.0
54a035,54a035,54a034,54a03,-97641.29346236782,-191676.8962335664,226234.668365388,49.0,-135426.4771290515,-265943.629544989,314039.1142793628,68.0,0.0,0.0,0.0,0.0
54a037,54a037,54a034,54a03,-7941.434535230177,-15662.547904811268,18467.65346582956,4.0,-135426.4771290515,-265943.629544989,314039.1142793628,68.0,0.0,0.0,0.0,0.0
54a03c,54a03c,54a03c,54a03,-23675.712691299304,-47008.746784903225,55448.739697641206,12.0,-23675.712691299304,-47008.746784903225,55448.739697641206,12.0,0.0,0.0,0.0,0.0
54a044,54a044,54a05,54a05,-37464.32212339544,-74651.24772810756,87615.71188092418,19.0,-171704.64763181063,-342014.61277416785,400956.16559782723,87.0,-171704.64763181063,-342014.61277416785,400956.16559782723,87.0
54a04c,54a04c,54a05,54a05,-75282.39295867724,-149026.77848009445,175314.4449283408,38.0,-171704.64763181063,-342014.61277416785,400956.16559782723,87.0,-171704.64763181063,-342014.61277416785,400956.16559782723,87.0
54a054,54a054,54a05,54a05,-7888.787167178722,-15759.906846285878,18407.292632639514,4.0,-171704.64763181063,-342014.61277416785,400956.16559782723,87.0,-171704.64763181063,-342014.61277416785,400956.16559782723,87.0
54a05c,54a05c,54a05,54a05,-51069.14538255921,-102576.67971967995,119618.71615592271,26.0,-171704.64763181063,-342014.61277416785,400956.16559782723,87.0,-171704.64763181063,-342014.61277416785,400956.16559782723,87.0
54a07,54a07,54a07,54a07,0.0,0.0,0.0,0.0,-99608.34442080087,-200296.58707498037,235654.80080563878,51.0,-99608.34442080087,-200296.58707498037,235654.80080563878,51.0
54a09,54a09,54a09,54a0c,-7748.20588744319,-15846.3962750108,18392.722580341273,4.0,-7748.20588744319,-15846.3962750108,18392.722580341273,4.0,-299919.18808030314,-608333.4245563485,700099.7906572449,153.0
54a0b,54a0b,54a0b,54a0c,-1938.2962234847666,-3980.2983547143867,4581.482935378027,1.0,-1938.2962234847666,-3980.2983547143867,4581.482935378027,1.0,-299919.18808030314,-608333.4245563485,700099.7906572449,153.0
54a0c4,54a0c4,54a0c4,54a0c,-91831.95353260348,-187022.85304044624,215062.9257619626,47.0,-91831.95353260348,-187022.85304044624,215062.9257619626,47.0,-299919.18808030314,-608333.4245563485,700099.7906572449,153.0
54a0d4,54a0d4,54a0d4,54a0c,-15766.282314980945,-31890.48321067039,36498.84306540914,8.0,-15766.282314980945,-31890.48321067039,36498.84306540914,8.0,-299919.18808030314,-608333.4245563485,700099.7906572449,153.0
54a0d9,54a0d9,54a0dc,54a0c,-31476.336969327946,-63714.5831733235,73079.87463511048,16.0,-121780.87932321004,-246814.03690047725,283335.8666270834,62.0,-299919.18808030314,-608333.4245563485,700099.7906572449,153.0
54a0db,54a0db,54a0dc,54a0c,-58899.932865449606,-119436.74360620773,137100.09699047956,30.0,-121780.87932321004,-246814.03690047725,283335.8666270834,62.0,-299919.18808030314,-608333.4245563485,700099.7906572449,153.0
54a0dd,54a0dd,54a0dc,54a0c,-31404.60948843248,-63662.71012094601,73155.89500149337,16.0,-121780.87932321004,-246814.03690047725,283335.8666270834,62.0,-299919.18808030314,-608333.4245563485,700099.7906572449,153.0
54a0f,54a0f,54a0f,54a0c,-60853.57079858069,-122779.3567750294,142227.94968707024,31.0,-60853.57079858069,-122779.3567750294,142227.94968707024,31.0,-299919.18808030314,-608333.4245563485,700099.7906572449,153.0
54a14,54a14,54a14,54a14,-97791.76533296224,-194331.30576082447,223888.14723505682,49.0,-97791.76533296224,-194331.30576082447,223888.14723505682,49.0,-97791.76533296224,-194331.30576082447,223888.14723505682,49.0
54a1c,54a1c,54a1c,54a1c,-9981.220167415904,-19568.581263878274,23069.235480035386,5.0,-9981.220167415904,-19568.581263878274,23069.235480035386,5.0,-9981.220167415904,-19568.581263878274,23069.235480035386,5.0
54a24,54a24,54a24,54a24,-14732.667218260016,-27301.413020512868,32038.51522860683,7.0,-14732.667218260016,-27301.413020512868,32038.51522860683,7.0,-14732.667218260016,-27301.413020512868,32038.51522860683,7.0
54a29,54a29,54a29,54a2c,-107753.85402744028,-193414.14371470443,229028.81145208224,50.0,-107753.85402744028,-193414.14371470443,229028.81145208224,50.0,-419531.90524275735,-751096.7504997929,887389.1341565265,194.0
54a2a4,54a2a4,54a2b,54a2c,-91195.53873160755,-162113.8760484384,192361.0000056322,42.0,-210980.80763360675,-374458.0598733687,444045.2107289261,97.0,-419531.90524275735,-751096.7504997929,887389.1341565265,194.0
54a2ac,54a2ac,54a2b,54a2c,-41574.70933348817,-73170.18215072538,87008.94357939069,19.0,-210980.80763360675,-374458.0598733687,444045.2107289261,97.0,-419531.90524275735,-751096.7504997929,887389.1341565265,194.0
54a2b4,54a2b4,54a2b,54a2c,-19617.89824817388,-34822.237763168465,41113.458436396635,9.0,-210980.80763360675,-374458.0598733687,444045.2107289261,97.0,-419531.90524275735,-751096.7504997929,887389.1341565265,194.0
54a2bc,54a2bc,54a2b,54a2c,-58592.66132033716,-104351.76391103644,123561.80870750656,27.0,-210980.80763360675,-374458.0598733687,444045.2107289261,97.0,-419531.90524275735,-751096.7504997929,887389.1341565265,194.0
54a2d,54a2d,54a2d,54a2c,-19462.364863202376,-34962.2872630443,41068.44631006642,9.0,-19462.364863202376,-34962.2872630443,41068.44631006642,9.0,-419531.90524275735,-751096.7504997929,887389.1341565265,194.0
54a2f,54a2f,54a2f,54a2c,-81334.87871850788,-148262.25964867536,173246.6656654517,38.0,-81334.87871850788,-148262.25964867536,173246.6656654517,38.0,-419531.90524275735,-751096.7504997929,887389.1341565265,194.0
54a31,54a31,54a34,54a34,-87257.38388263009,-160758.51265208222,186478.01096862674,41.0,-193743.94058366085,-357808.51420499216,412980.8841235643,91.0,-193743.94058366085,-357808.51420499216,412980.8841235643,91.0
54a33,54a33,54a34,54a34,-34702.04031817026,-62664.965353777916,72524.66945192774,16.0,-193743.94058366085,-357808.51420499216,412980.8841235643,91.0,-193743.94058366085,-357808.51420499216,412980.8841235643,91.0
54a37,54a37,54a34,54a34,-71784.51638286053,-134385.03619913198,153978.20370300976,34.0,-193743.94058366085,-357808.51420499216,412980.8841235643,91.0,-193743.94058366085,-357808.51420499216,412980.8841235643,91.0
54a3c,54a3c,54a3c,54a3c,-39467.66583928442,-74969.40486585913,86454.36079531164,19.0,-39467.66583928442,-74969.40486585913,86454.36079531164,19.0,-39467.66583928442,-74969.40486585913,86454.36079531164,19.0
54a41,54a41,54a44,54a44,-53451.46207678621,-103631.04708005319,117652.6651518499,26.0,-133768.14187668625,-259845.7636891809,293386.3231502652,65.0,-133768.14187668625,-259845.7636891809,293386.3231502652,65.0
54a43,54a43,54a44,54a44,-18344.351601846833,-36197.74027824882,40508.863942184944,9.0,-133768.14187668625,-259845.7636891809,293386.3231502652,65.0,-133768.14187668625,-259845.7636891809,293386.3231502652,65.0
54a45,54a45,54a44,54a44,-20684.61642148981,-40188.59003963203,44899.7169018019,10.0,-133768.14187668625,-259845.7636891809,293386.3231502652,65.0,-133768.14187668625,-259845.7636891809,293386.3231502652,65.0
54a47,54a47,54a44,54a44,-41287.711776563396,-79828.38629124685,90325.07715442844,20.0,-133768.14187668625,-259845.7636891809,293386.3231502652,65.0,-133768.14187668625,-259845.7636891809,293386.3231502652,65.0
54a49,54a49,54a49,54a4c,0.0,0.0,0.0,0.0,-118082.6031464994,-222673.43185081857,252511.56123999337,56.0,-352386.0409772586,-666895.0721327121,750379.9634505811,167.0
54a4b,54a4b,54a4b,54a4c,-4283.991910028833,-7950.120622586652,8988.98461331909,2.0,-4283.991910028833,-7950.120622586652,8988.98461331909,2.0,-352386.0409772586,-666895.0721327121,750379.9634505811,167.0
54a4d,54a4d,54a4d,54a4c,-27728.183935974244,-51935.2887886324,58253.98023282263,13.0,-27728.183935974244,-51935.2887886324,58253.98023282263,13.0,-352386.0409772586,-666895.0721327121,750379.9634505811,167.0
54a4f,54a4f,54a4f,54a4c,0.0,0.0,0.0,0.0,-202291.2619847561,-384336.23087067454,430625.437364446,96.0,-352386.0409772586,-666895.0721327121,750379.9634505811,167.0
54a504,54a504,54a54,54a54,-27179.854128596984,-52398.66924532668,58097.35653041463,13.0,-167091.06837751076,-323345.06090049003,356794.1070026262,80.0,-167091.06837751076,-323345.06090049003,356794.1070026262,80.0
54a50c,54a50c,54a54,54a54,-68892.54167542061,-133321.69483261052,147245.88928206923,33.0,-167091.06837751076,-323345.06090049003,356794.1070026262,80.0,-167091.06837751076,-323345.06090049003,356794.1070026262,80.0
54a514,54a514,54a54,54a54,-25060.176307863294,-48531.63963640473,53493.849108510934,12.0,-167091.06837751076,-323345.06090049003,356794.1070026262,80.0,-167091.06837751076,-323345.06090049003,356794.1070026262,80.0
54a57,54a57,54a54,54a54,-41715.79887015874,-81017.6403990174,89060.65836182327,20.0,-167091.06837751076,-323345.06090049003,356794.1070026262,80.0,-167091.06837751076,-323345.06090049003,356794.1070026262,80.0
54a5c,54a5c,54a5c,54a5c,-6154.2683607145245,-12124.016075977404,13432.722880058373,3.0,-6154.2683607145245,-12124.016075977404,13432.722880058373,3.0,-6154.2683607145245,-12124.016075977404,13432.722880058373,3.0
54a6004,54a6004,54a604,54a61,-51871.84398109507,-106350.54386150803,115920.43028632936,26.0,-177486.34830741427,-363714.194564812,397142.0537030897,89.0,-257142.87558412802,-526753.3363066304,576073.9796990966,129.0
54a6014,54a6014,54a604,54a61,-47846.17186155582,-98102.11450230319,107081.35127082572,24.0,-177486.34830741427,-363714.194564812,397142.0537030897,89.0,-257142.87558412802,-526753.3363066304,576073.9796990966,129.0
54a601c,54a601c,54a604,54a61,-17949.394673947238,-36802.51435361928,40139.30946407387,9.0,-177486.34830741427,-363714.194564812,397142.0537030897,89.0,-257142.87558412802,-526753.3363066304,576073.9796990966,129.0
54a605,54a605,54a604,54a61,-5978.757587487677,-12241.098545780198,13405.88449129917,3.0,-177486.34830741427,-363714.194564812,397142.0537030897,89.0,-257142.87558412802,-526753.3363066304,576073.9796990966,129.0
54a607,54a607,54a604,54a61,-53840.18020332848,-110217.92330160133,120595.07819056156,27.0,-177486.34830741427,-363714.194564812,397142.0537030897,89.0,-257142.87558412802,-526753.3363066304,576073.9796990966,129.0
54a60c,54a60c,54a60c,54a61,-63741.76674977496,-130486.30102829267,143088.13804027514,32.0,-63741.76674977496,-130486.30102829267,143088.13804027514,32.0,-257142.87558412802,-526753.3363066304,576073.9796990966,129.0
54a614,54a614,54a614,54a61,-15914.760526938811,-32552.840713525726,35843.78795573179,8.0,-15914.760526938811,-32552.840713525726,35843.78795573179,8.0,-257142.87558412802,-526753.3363066304,576073.9796990966,129.0
54a63,54a63,54a63,54a63,-5894.2868667578205,-12253.661005785589,13431.772079797214,3.0,-5894.2868667578205,-12253.661005785589,13431.772079797214,3.0,-5894.2868667578205,-12253.661005785589,13431.772079797214,3.0
54a65,54a65,54a65,54a65,-7895.532659880748,-16193.847754875515,18023.70607654419,4.0,-7895.532659880748,-16193.847754875515,18023.70607654419,4.0,-7895.532659880748,-16193.847754875515,18023.70607654419,4.0
54a661,54a661,54a664,54a67,-87456.90568992858,-178104.5329967654,198019.725001033,44.0,0.0,0.0,0.0,0.0,-333827.20856967947,-681168.2555160476,755097.5240291716,168.0
54a663,54a663,54a664,54a67,-7974.482263423664,-16172.720463904241,18007.96381839773,4.0,0.0,0.0,0.0,0.0,-333827.20856967947,-681168.2555160476,755097.5240291716,168.0
54a667,54a667,54a664,54a67,0.0,0.0,0.0,0.0,0.0,0.0,0.0,0.0,-333827.20856967947,-681168.2555160476,755097.5240291716,168.0
54a669,54a669,54a66c,54a67,-15892.028046341085,-32456.775404673448,35940.8591380455,8.0,-113315.31031009502,-231528.78037299876,255793.09265028834,57.0,-333827.20856967947,-681168.2555160476,755097.5240291716,168.0
54a66d,54a66d,54a66c,54a67,-53703.678820810695,-109743.2829425868,121087.79556387375,27.0,-113315.31031009502,-231528.78037299876,255793.09265028834,57.0,-333827.20856967947,-681168.2555160476,755097.5240291716,168.0
54a66f,54a66f,54a66c,54a67,-43719.603442943255,-89328.72202573853,98764.4379483691,22.0,-113315.31031009502,-231528.78037299876,255793.09265028834,57.0,-333827.20856967947,-681168.2555160476,755097.5240291716,168.0
54a69,54a69,54a69,54a6c,-95568.7471142553,-193555.6698844522,216613.61121614976,48.0,-95568.7471142553,-193555.6698844522,216613.61121614976,48.0,-345745.10236967925,-699615.2450476381,787326.8569626677,174.0
54a6b,54a6b,54a6b,54a6c,-10067.667193459156,-20033.744021606333,22628.161569111064,5.0,-10067.667193459156,-20033.744021606333,22628.161569111064,5.0,-345745.10236967925,-699615.2450476381,787326.8569626677,174.0
54a6c1,54a6c1,54a6d,54a6c,-71609.22717860577,-144567.35835347575,163023.64119340858,36.0,-158832.23162966274,-320890.0016818967,362733.5293863105,80.0,-345745.10236967925,-699615.2450476381,787326.8569626677,174.0
54a6c5,54a6c5,54a6d,54a6c,-23799.828118986497,-48102.3995999206,54448.607913847074,12.0,-158832.23162966274,-320890.0016818967,362733.5293863105,80.0,-345745.10236967925,-699615.2450476381,787326.8569626677,174.0
54a6c7,54a6c7,54a6d,54a6c,-31802.40251608611,-64185.587089750436,72524.43873490777,16.0,-158832.23162966274,-320890.0016818967,362733.5293863105,80.0,-345745.10236967925,-699615.2450476381,787326.8569626677,174.0
54a6cc,54a6cc,54a6d,54a6c,-5945.349021179341,-12021.04642165674,13618.187953699562,3.0,-158832.23162966274,-320890.0016818967,362733.5293863105,80.0,-345745.10236967925,-699615.2450476381,787326.8569626677,174.0
54a6d4,54a6d4,54a6d,54a6c,-21731.964279886215,-43986.418014126575,50042.73411692573,11.0,-158832.23162966274,-320890.0016818967,362733.5293863105,80.0,-345745.10236967925,-699615.2450476381,787326.8569626677,174.0
54a6dc,54a6dc,54a6d,54a6c,-3943.460514918812,-8027.1922029665975,9075.919473521786,2.0,-158832.23162966274,-320890.0016818967,362733.5293863105,80.0,-345745.10236967925,-699615.2450476381,787326.8569626677,174.0
54a6f,54a6f,54a6f,54a6c,-81276.45643230207,-165135.82945968286,185351.55479109628,41.0,-81276.45643230207,-165135.82945968286,185351.55479109628,41.0,-345745.10236967925,-699615.2450476381,787326.8569626677,174.0
54a74,54a74,54a74,54a74,-15453.950919039482,-32209.667225164554,36351.16831201126,8.0,-15453.950919039482,-32209.667225164554,36351.16831201126,8.0,-15453.950919039482,-32209.667225164554,36351.16831201126,8.0
54a7c,54a7c,54a7c,54a7c,-66343.8591100351,-142964.04877377357,157739.5566065539,35.0,-66343.8591100351,-142964.04877377357,157739.5566065539,35.0,-66343.8591100351,-142964.04877377357,157739.5566065539,35.0
54a84,54a84,54a84,54a9,-24772.09763078735,-53856.53697363655,57839.61880106146,13.0,-24772.09763078735,-53856.53697363655,57839.61880106146,13.0,-236841.56877694465,-510925.96051629976,544906.5965303369,123.0
54a89,54a89,54a8c,54a9,-5807.010337624491,-12352.932757312628,13378.727030721522,3.0,-110418.4829292859,-235725.6571639121,253209.23590546477,57.0,-236841.56877694465,-510925.96051629976,544906.5965303369,123.0
54a8b,54a8b,54a8c,54a9,-9959.647574805482,-20475.709309250502,22277.591140296605,5.0,-110418.4829292859,-235725.6571639121,253209.23590546477,57.0,-236841.56877694465,-510925.96051629976,544906.5965303369,123.0
54a8d,54a8d,54a8c,54a9,-7891.171407831391,-16514.35055405138,17732.439618375924,4.0,-110418.4829292859,-235725.6571639121,253209.23590546477,57.0,-236841.56877694465,-510925.96051629976,544906.5965303369,123.0
54a8f,54a8f,54a8c,54a9,-86760.65360902454,-186382.66454329755,199820.47811607074,45.0,-110418.4829292859,-235725.6571639121,253209.23590546477,57.0,-236841.56877694465,-510925.96051629976,544906.5965303369,123.0
54a94,54a94,54a94,54a9,-69314.96457948243,-150130.48876643393,158934.8093679887,36.0,-69314.96457948243,-150130.48876643393,158934.8093679887,36.0,-236841.56877694465,-510925.96051629976,544906.5965303369,123.0
54a9c,54a9c,54a9c,54a9,-32336.023637388982,-71213.27761231716,74922.93245582208,17.0,-32336.023637388982,-71213.27761231716,74922.93245582208,17.0,-236841.56877694465,-510925.96051629976,544906.5965303369,123.0
54aa124,54aa124,54aa4,54aa4,-1846.446833339417,-4238.000499571093,4384.032274854217,1.0,-162698.4880728664,-373127.3351784621,385528.230046357,88.0,-162698.4880728664,-373127.3351784621,385528.230046357,88.0
54aa12c,54aa12c,54aa4,54aa4,-5540.933378794727,-12720.93657601938,13144.71787443862,3.0,-162698.4880728664,-373127.3351784621,385528.230046357,88.0,-162698.4880728664,-373127.3351784621,385528.230046357,88.0
54aa134,54aa134,54aa4,54aa4,-66534.20200585829,-152655.3798955007,157714.46873575143,36.0,-162698.4880728664,-373127.3351784621,385528.230046357,88.0,-162698.4880728664,-373127.3351784621,385528.230046357,88.0
54aa13c,54aa13c,54aa4,54aa4,-73932.96204535814,-169566.50530250795,175284.688512098,40.0,-162698.4880728664,-373127.3351784621,385528.230046357,88.0,-162698.4880728664,-373127.3351784621,385528.230046357,88.0
54aa3,54aa3,54aa4,54aa4,-1868.9692363295085,-4237.773714200501,4374.697826200412,1.0,-162698.4880728664,-373127.3351784621,385528.230046357,88.0,-162698.4880728664,-373127.3351784621,385528.230046357,88.0
54aa5,54aa5,54aa4,54aa4,-1883.1616343081405,-4240.566179604853,4365.896685119659,1.0,-162698.4880728664,-373127.3351784621,385528.230046357,88.0,-162698.4880728664,-373127.3351784621,385528.230046357,88.0
54aa7,54aa7,54aa4,54aa4,-11091.812938878198,-25468.173011057577,26259.72813789468,6.0,-162698.4880728664,-373127.3351784621,385528.230046357,88.0,-162698.4880728664,-373127.3351784621,385528.230046357,88.0
54aac,54aac,54aac,54aac,-7432.379819242008,-17199.920361225573,17272.9993957734,4.0,-7432.379819242008,-17199.920361225573,17272.9993957734,4.0,-7432.379819242008,-17199.920361225573,17272.9993957734,4.0
54ab3,54ab3,54ab4,54ab4,-67838.50669002418,-154698.64668894233,155146.89348869605,36.0,-121579.3246378125,-274535.4675267371,275866.87381927524,64.0,-121579.3246378125,-274535.4675267371,275866.87381927524,64.0
54ab5,54ab5,54ab4,54ab4,-51810.9080270211,-115587.14930271263,116383.45030401251,27.0,-121579.3246378125,-274535.4675267371,275866.87381927524,64.0,-121579.3246378125,-274535.4675267371,275866.87381927524,64.0
54ab7,54ab7,54ab4,54ab4,-1929.909920767231,-4249.671535082108,4336.530026566695,1.0,-121579.3246378125,-274535.4675267371,275866.87381927524,64.0,-121579.3246378125,-274535.4675267371,275866.87381927524,64.0
54abb,54abb,54abc,54abc,-74220.36602152903,-165622.73172604718,169697.95911394217,39.0,-161954.25588171702,-359463.8438239958,371231.15556798235,85.0,-161954.25588171702,-359463.8438239958,371231.15556798235,85.0
54abd,54abd,54abc,54abc,-74151.42789860842,-164351.17856320165,170959.73415489966,39.0,-161954.25588171702,-359463.8438239958,371231.15556798235,85.0,-161954.25588171702,-359463.8438239958,371231.15556798235,85.0
54abf,54abf,54abc,54abc,-11654.975392787303,-25242.51954120534,26233.64398217507,6.0,-161954.25588171702,-359463.8438239958,371231.15556798235,85.0,-161954.25588171702,-359463.8438239958,371231.15556798235,85.0
54ac4,54ac4,54ac4,54ad,0.0,0.0,0.0,0.0,-101839.64091228887,-214557.18287930381,221734.29948256578,51.0,0.0,0.0,0.0,0.0
54ac9,54ac9,54acc,54ad,0.0,0.0,0.0,0.0,0.0,0.0,0.0,0.0,0.0,0.0,0.0,0.0
54aca1,54aca1,54acc,54ad,-79524.27177836344,-175065.9962241221,176802.58451526135,41.0,0.0,0.0,0.0,0.0,0.0,0.0,0.0,0.0
54aca3,54aca3,54acc,54ad,-66086.24833505515,-145168.7983674338,146561.8360295296,34.0,0.0,0.0,0.0,0.0,0.0,0.0,0.0,0.0
54ad4,54ad4,54ad4,54ad,-8210.889886586543,-16892.386958492723,17223.813219253956,4.0,-8210.889886586543,-16892.386958492723,17223.813219253956,4.0,0.0,0.0,0.0,0.0
54adc,54adc,54adc,54ad,-40796.48213143014,-84072.49516732465,86620.62382976596,20.0,-40796.48213143014,-84072.49516732465,86620.62382976596,20.0,0.0,0.0,0.0,0.0
54ae1,54ae1,54ae1,54ae1,-20647.21460732383,-41567.029220095836,43644.550868177466,10.0,-20647.21460732383,-41567.029220095836,43644.550868177466,10.0,-20647.21460732383,-41567.029220095836,43644.550868177466,10.0
54ae24,54ae24,54ae3,54ae3,-2100.0619748863505,-4130.140046172843,4372.806424976215,1.0,-139788.29016700195,-276340.5661483788,293772.2432713455,67.0,-139788.29016700195,-276340.5661483788,293772.2432713455,67.0
54ae2c,54ae2c,54ae3,54ae3,-54355.29572419807,-107296.11843777711,113893.42733145601,26.0,-139788.29016700195,-276340.5661483788,293772.2432713455,67.0,-139788.29016700195,-276340.5661483788,293772.2432713455,67.0
54ae34,54ae34,54ae3,54ae3,-75050.7461305466,-148346.3638041191,158003.31091602845,36.0,-139788.29016700195,-276340.5661483788,293772.2432713455,67.0,-139788.29016700195,-276340.5661483788,293772.2432713455,67.0
54ae3c,54ae3c,54ae3,54ae3,-8282.186337370924,-16567.943860309835,17502.698598884846,4.0,-139788.29016700195,-276340.5661483788,293772.2432713455,67.0,-139788.29016700195,-276340.5661483788,293772.2432713455,67.0
54ae41,54ae41,54ae41,54ae44,-14416.076507275122,-29034.134091297004,30628.313943404002,7.0,-14416.076507275122,-29034.134091297004,30628.313943404002,7.0,0.0,0.0,0.0,0.0
54ae43,54ae43,54ae43,54ae44,-16466.840170539173,-33151.97066711363,35036.18396820797,8.0,-16466.840170539173,-33151.97066711363,35036.18396820797,8.0,0.0,0.0,0.0,0.0
54ae444,54ae444,54ae444,54ae44,-43234.9545848872,-86960.07126155208,92025.89329343873,21.0,-43234.9545848872,-86960.07126155208,92025.89329343873,21.0,0.0,0.0,0.0,0.0
54ae44c,54ae44c,54ae44c,54ae44,-94483.23828303185,-190568.55900294092,201604.69932539883,46.0,-94483.23828303185,-190568.55900294092,201604.69932539883,46.0,0.0,0.0,0.0,0.0
54ae454,54ae454,54ae454,54ae44,0.0,0.0,0.0,0.0,-187110.1898497361,-376648.84024359606,399060.3453995276,91.0,0.0,0.0,0.0,0.0
54ae45c,54ae45c,54ae45c,54ae44,-102964.35985666791,-206940.61449344028,219199.2217731907,50.0,-102964.35985666791,-206940.61449344028,219199.2217731907,50.0,0.0,0.0,0.0,0.0
54ae47,54ae47,54ae47,54ae44,-33015.76001833562,-66216.07547805426,70116.81208793279,16.0,-33015.76001833562,-66216.07547805426,70116.81208793279,16.0,0.0,0.0,0.0,0.0
54ae49,54ae49,54ae49,54ae4c,-14455.531060303225,-28921.14383226886,30716.490778758136,7.0,-14455.531060303225,-28921.14383226886,30716.490778758136,7.0,-360606.7486515639,-723023.9293765163,768283.1922899638,175.0
54ae4b,54ae4b,54ae4b,54ae4c,-49635.31577797702,-99058.5634030156,105372.82007268345,24.0,-49635.31577797702,-99058.5634030156,105372.82007268345,24.0,-360606.7486515639,-723023.9293765163,768283.1922899638,175.0
54ae4d,54ae4d,54ae4d,54ae4c,-99002.40459746707,-198113.73246382907,210874.90076404344,48.0,-99002.40459746707,-198113.73246382907,210874.90076404344,48.0,-360606.7486515639,-723023.9293765163,768283.1922899638,175.0
54ae4e4,54ae4e4,54ae4f,54ae4c,-100811.81444519229,-202531.20363331147,215114.11756867688,49.0,-197513.49721581658,-396930.4896774027,421318.9806744789,96.0,-360606.7486515639,-723023.9293765163,768283.1922899638,175.0
54ae4f4,54ae4f4,54ae4f,54ae4c,-10298.458179898907,-20679.390284894682,21932.815539081945,5.0,-197513.49721581658,-396930.4896774027,421318.9806744789,96.0,-360606.7486515639,-723023.9293765163,768283.1922899638,175.0
54ae4fc,54ae4fc,54ae4f,54ae4c,-76089.08916225615,-153061.69393345775,162326.635054958,37.0,-197513.49721581658,-396930.4896774027,421318.9806744789,96.0,-360606.7486515639,-723023.9293765163,768283.1922899638,175.0
54ae501,54ae501,54ae504,54ae504,-16427.46277051149,-33098.711110459015,35104.95644743911,8.0,-133416.56665646672,-268915.6998264037,285264.89473921753,65.0,-133416.56665646672,-268915.6998264037,285264.89473921753,65.0
54ae503,54ae503,54ae504,54ae504,-45187.8589734715,-90993.56395733355,96559.14713878022,22.0,-133416.56665646672,-268915.6998264037,285264.89473921753,65.0,-133416.56665646672,-268915.6998264037,285264.89473921753,65.0
54ae505,54ae505,54ae504,54ae504,-26669.46301409882,-53781.01970170479,57061.45749787257,13.0,-133416.56665646672,-268915.6998264037,285264.89473921753,65.0,-133416.56665646672,-268915.6998264037,285264.89473921753,65.0
54ae507,54ae507,54ae504,54ae504,-45131.78189838493,-91042.40505690633,96539.33365512559,22.0,-133416.56665646672,-268915.6998264037,285264.89473921753,65.0,-133416.56665646672,-268915.6998264037,285264.89473921753,65.0
54ae509,54ae509,54ae50c,54ae50c,-38951.48614121337,-78630.67552233701,83384.04687769487,19.0,0.0,0.0,0.0,0.0,-374933.8261125606,-757217.9230398245,803340.3973372476,183.0
54ae50b,54ae50b,54ae50c,54ae50c,-96241.49719253235,-194528.95225999044,206297.90136218377,47.0,0.0,0.0,0.0,0.0,-374933.8261125606,-757217.9230398245,803340.3973372476,183.0
54ae50d,54ae50d,54ae50c,54ae50c,0.0,0.0,0.0,0.0,0.0,0.0,0.0,0.0,-374933.8261125606,-757217.9230398245,803340.3973372476,183.0
54ae50f,54ae50f,54ae50c,54ae50c,-88161.1629710314,-177884.36263411422,188772.919147487,43.0,0.0,0.0,0.0,0.0,-374933.8261125606,-757217.9230398245,803340.3973372476,183.0
54ae514,54ae514,54ae514,54ae514,0.0,0.0,0.0,0.0,0.0,0.0,0.0,0.0,-276761.9477075483,-558196.5302490691,592931.4096869378,135.0
54ae519,54ae519,54ae51c,54ae51c,-78033.01397305213,-157060.54246879724,166896.48523124974,38.0,0.0,0.0,0.0,0.0,-258819.7876707813,-520864.809120724,553276.6423625788,126.0
54ae51b,54ae51b,54ae51c,54ae51c,-59538.82072239238,-119910.65158241281,127328.49720155195,29.0,0.0,0.0,0.0,0.0,-258819.7876707813,-520864.809120724,553276.6423625788,126.0
54ae51d,54ae51d,54ae51c,54ae51c,-76031.10898817459,-152972.7820013328,162437.58617829724,37.0,0.0,0.0,0.0,0.0,-258819.7876707813,-520864.809120724,553276.6423625788,126.0
54ae51f,54ae51f,54ae51c,54ae51c,-45216.84398716217,-90920.8330681812,96614.07375147985,22.0,0.0,0.0,0.0,0.0,-258819.7876707813,-520864.809120724,553276.6423625788,126.0
54ae524,54ae524,54ae524,54ae53,0.0,0.0,0.0,0.0,-119200.22306879211,-239617.68539759403,254791.27672366594,58.0,0.0,0.0,0.0,0.0
54ae52c,54ae52c,54ae52c,54ae53,-41122.776401138384,-82534.80678123226,87936.47527593178,20.0,-41122.776401138384,-82534.80678123226,87936.47527593178,20.0,0.0,0.0,0.0,0.0
54ae534,54ae534,54ae534,54ae53,0.0,0.0,0.0,0.0,0.0,0.0,0.0,0.0,0.0,0.0,0.0,0.0
54ae53c,54ae53c,54ae53c,54ae53,-41002.99664943728,-82640.54688062362,87893.08533723782,20.0,-41002.99664943728,-82640.54688062362,87893.08533723782,20.0,0.0,0.0,0.0,0.0
54ae544,54ae544,54ae55,54ae55,0.0,0.0,0.0,0.0,0.0,0.0,0.0,0.0,0.0,0.0,0.0,0.0
54ae54c,54ae54c,54ae55,54ae55,0.0,0.0,0.0,0.0,0.0,0.0,0.0,0.0,0.0,0.0,0.0,0.0
54ae554,54ae554,54ae55,54ae55,0.0,0.0,0.0,0.0,0.0,0.0,0.0,0.0,0.0,0.0,0.0,0.0
54ae55c,54ae55c,54ae55,54ae55,0.0,0.0,0.0,0.0,0.0,0.0,0.0,0.0,0.0,0.0,0.0,0.0
54ae564,54ae564,54ae57,54ae57,0.0,0.0,0.0,0.0,0.0,0.0,0.0,0.0,0.0,0.0,0.0,0.0
54ae56c,54ae56c,54ae57,54ae57,0.0,0.0,0.0,0.0,0.0,0.0,0.0,0.0,0.0,0.0,0.0,0.0
54ae574,54ae574,54ae57,54ae57,0.0,0.0,0.0,0.0,0.0,0.0,0.0,0.0,0.0,0.0,0.0,0.0
54ae57c,54ae57c,54ae57,54ae57,0.0,0.0,0.0,0.0,0.0,0.0,0.0,0.0,0.0,0.0,0.0,0.0
54ae59,54ae59,54ae59,54ae59,-83793.97725381194,-169833.7619388869,179906.70163916552,41.0,-83793.97725381194,-169833.7619388869,179906.70163916552,41.0,-83793.97725381194,-169833.7619388869,179906.70163916552,41.0
54ae5a4,54ae5a4,54ae5a4,54ae5b,-98305.2260610986,-198743.3384676692,210608.53272692143,48.0,-98305.2260610986,-198743.3384676692,210608.53272692143,48.0,-399645.03490806837,-807732.0863586977,855147.7407525,195.0
54ae5ac,54ae5ac,54ae5ac,54ae5b,-96405.38315768866,-194617.0170395988,206138.2497480003,47.0,-96405.38315768866,-194617.0170395988,206138.2497480003,47.0,-399645.03490806837,-807732.0863586977,855147.7407525,195.0
54ae5b4,54ae5b4,54ae5b4,54ae5b,0.0,0.0,0.0,0.0,-118975.91181270963,-240296.45899403564,254256.30035587083,58.0,-399645.03490806837,-807732.0863586977,855147.7407525,195.0
54ae5bc,54ae5bc,54ae5bc,54ae5b,-85958.51387657152,-174075.27185739405,184144.6579217075,42.0,-85958.51387657152,-174075.27185739405,184144.6579217075,42.0,-399645.03490806837,-807732.0863586977,855147.7407525,195.0
54ae5d,54ae5d,54ae5d,54ae5d,-81862.19636387158,-165865.07587665418,175302.4637136825,40.0,-81862.19636387158,-165865.07587665418,175302.4637136825,40.0,-81862.19636387158,-165865.07587665418,175302.4637136825,40.0
54ae7,54ae7,54ae7,54ae7,-86430.07995942341,-174588.29104509967,183436.2094399174,42.0,-86430.07995942341,-174588.29104509967,183436.2094399174,42.0,-86430.07995942341,-174588.29104509967,183436.2094399174,42.0
54ae9,54ae9,54ae9,54ae9,-52674.74099291646,-108242.29393484992,113787.31362764077,26.0,-52674.74099291646,-108242.29393484992,113787.31362764077,26.0,-52674.74099291646,-108242.29393484992,113787.31362764077,26.0
54aeb,54aeb,54aeb,54aeb,-3962.737836127264,-8367.146638581893,8754.78213292986,2.0,-3962.737836127264,-8367.146638581893,8754.78213292986,2.0,-3962.737836127264,-8367.146638581893,8754.78213292986,2.0
54aed,54aed,54aed,54aed,-1979.4741925857609,-4152.2113855397065,4408.012665630489,1.0,-1979.4741925857609,-4152.2113855397065,4408.012665630489,1.0,-1979.4741925857609,-4152.2113855397065,4408.012665630489,1.0
54aee4,54aee4,54aee4,54aee4,-2020.8638590464218,-4145.685352771408,4395.356111704038,1.0,-2020.8638590464218,-4145.685352771408,4395.356111704038,1.0,-2020.8638590464218,-4145.685352771408,4395.356111704038,1.0
54aeec,54aeec,54aeec,54aeec,-2021.1164887291372,-4148.096699932002,4392.964265354076,1.0,-2021.1164887291372,-4148.096699932002,4392.964265354076,1.0,-2021.1164887291372,-4148.096699932002,4392.964265354076,1.0
54aef3,54aef3,54aef3,54aef3,-16207.89140712552,-33241.48400635649,35072.09940096976,8.0,-16207.89140712552,-33241.48400635649,35072.09940096976,8.0,-16207.89140712552,-33241.48400635649,35072.09940096976,8.0
54aef44,54aef44,54aef5,54aef5,-6088.401600843011,-12456.392626941473,13155.889258015535,3.0,-115894.0762310757,-236669.75228025398,249864.10203393523,57.0,-115894.0762310757,-236669.75228025398,249864.10203393523,57.0
54aef4c,54aef4c,54aef5,54aef5,-14200.036610166479,-29077.519975681425,30688.020350665774,7.0,-115894.0762310757,-236669.75228025398,249864.10203393523,57.0,-115894.0762310757,-236669.75228025398,249864.10203393523,57.0
54aef54,54aef54,54aef5,54aef5,-44733.92545091157,-91373.36095272959,96411.74435405295,22.0,-115894.0762310757,-236669.75228025398,249864.10203393523,57.0,-115894.0762310757,-236669.75228025398,249864.10203393523,57.0
54aef5c,54aef5c,54aef5,54aef5,-50871.71256915463,-103762.47872490148,109608.44807120101,25.0,-115894.0762310757,-236669.75228025398,249864.10203393523,57.0,-115894.0762310757,-236669.75228025398,249864.10203393523,57.0
54aef61,54aef61,54aef64,54aef7,-59044.749646411,-120276.60793452311,127213.35342492549,29.0,-164906.94337442185,-335877.2332637208,355389.28836225625,81.0,0.0,0.0,0.0,0.0
54aef63,54aef63,54aef64,54aef7,-85513.13814488819,-174136.93412774595,184293.6658264705,42.0,-164906.94337442185,-335877.2332637208,355389.28836225625,81.0,0.0,0.0,0.0,0.0
54aef65,54aef65,54aef64,54aef7,-20349.05558312265,-41463.6912014518,43882.26911086029,10.0,-164906.94337442185,-335877.2332637208,355389.28836225625,81.0,0.0,0.0,0.0,0.0
54aef6c,54aef6c,54aef6c,54aef7,-30465.63275426313,-62219.99027343342,65827.1336760607,15.0,-30465.63275426313,-62219.99027343342,65827.1336760607,15.0,0.0,0.0,0.0,0.0
54aef74,54aef74,54aef74,54aef7,0.0,0.0,0.0,0.0,0.0,0.0,0.0,0.0,0.0,0.0,0.0,0.0
54aef79,54aef79,54aef7c,54aef7,0.0,0.0,0.0,0.0,0.0,0.0,0.0,0.0,0.0,0.0,0.0,0.0
54aef7b,54aef7b,54aef7c,54aef7,-69180.7734048825,-140933.5376295965,149243.1317013202,34.0,0.0,0.0,0.0,0.0,0.0,0.0,0.0,0.0
54aef7d,54aef7d,54aef7c,54aef7,-48872.66219098255,-99475.3003179083,105336.72103186249,24.0,0.0,0.0,0.0,0.0,0.0,0.0,0.0,0.0
54aef7f,54aef7f,54aef7c,54aef7,0.0,0.0,0.0,0.0,0.0,0.0,0.0,0.0,0.0,0.0,0.0,0.0
54aef84,54aef84,54aef84,54aef9,0.0,0.0,0.0,0.0,0.0,0.0,0.0,0.0,0.0,0.0,0.0,0.0
54aef8c,54aef8c,54aef8c,54aef9,0.0,0.0,0.0,0.0,0.0,0.0,0.0,0.0,0.0,0.0,0.0,0.0
54aef94,54aef94,54aef94,54aef9,0.0,0.0,0.0,0.0,0.0,0.0,0.0,0.0,0.0,0.0,0.0,0.0
54aef9c,54aef9c,54aef9c,54aef9,-95626.07316273953,-194605.48307722466,206511.7973994117,47.0,-95626.07316273953,-194605.48307722466,206511.7973994117,47.0,0.0,0.0,0.0,0.0
54aefd,54aefd,54aefd,54aefd,0.0,0.0,0.0,0.0,-105636.81914109875,-214957.96374283772,228885.6040630832,52.0,-105636.81914109875,-214957.96374283772,228885.6040630832,52.0
54aefe4,54aefe4,54aefe4,54aeff,-20371.679009179254,-41316.5034999139,44010.412278481046,10.0,-20371.679009179254,-41316.5034999139,44010.412278481046,10.0,0.0,0.0,0.0,0.0
54aefec,54aefec,54aefec,54aeff,0.0,0.0,0.0,0.0,-144548.70894155232,-293636.5136497733,312243.81979222974,71.0,0.0,0.0,0.0,0.0
54aeff4,54aeff4,54aeff4,54aeff,0.0,0.0,0.0,0.0,0.0,0.0,0.0,0.0,0.0,0.0,0.0,0.0
54aeffc,54aeffc,54aeffc,54aeff,0.0,0.0,0.0,0.0,0.0,0.0,0.0,0.0,0.0,0.0,0.0,0.0
54af004,54af004,54af004,54af01,0.0,0.0,0.0,0.0,-151118.2931124284,-305451.6551412474,325779.1004624188,74.0,-401954.0156320053,-813090.7821985076,867504.2891889049,197.0
54af00c,54af00c,54af00c,54af01,-63336.475461610615,-127867.6410430732,136547.08795030558,31.0,-63336.475461610615,-127867.6410430732,136547.08795030558,31.0,-401954.0156320053,-813090.7821985076,867504.2891889049,197.0
54af014,54af014,54af014,54af01,-26506.92106340191,-53643.062057524075,57266.68246020678,13.0,-26506.92106340191,-53643.062057524075,57266.68246020678,13.0,-401954.0156320053,-813090.7821985076,867504.2891889049,197.0
54af019,54af019,54af01c,54af01,-42782.67028186676,-86698.9724526126,92482.497498656,21.0,-160992.3259945644,-326128.42395666306,347911.4183159738,79.0,-401954.0156320053,-813090.7821985076,867504.2891889049,197.0
54af01b,54af01b,54af01c,54af01,-79520.95400461464,-160968.71293336188,171762.93283731083,39.0,-160992.3259945644,-326128.42395666306,347911.4183159738,79.0,-401954.0156320053,-813090.7821985076,867504.2891889049,197.0
54af01d,54af01d,54af01c,54af01,-2037.817888750897,-4130.071920322793,4402.221861165731,1.0,-160992.3259945644,-326128.42395666306,347911.4183159738,79.0,-401954.0156320053,-813090.7821985076,867504.2891889049,197.0
54af01f,54af01f,54af01c,54af01,-36650.88381933205,-74330.66665036565,79263.7661188411,18.0,-160992.3259945644,-326128.42395666306,347911.4183159738,79.0,-401954.0156320053,-813090.7821985076,867504.2891889049,197.0
54af03,54af03,54af03,54af03,0.0,0.0,0.0,0.0,-166893.49161988188,-338383.5203841854,361342.7989298502,82.0,-166893.49161988188,-338383.5203841854,361342.7989298502,82.0
54af05,54af05,54af05,54af05,-63055.844671743864,-127813.43598660582,136727.5782169264,31.0,-63055.844671743864,-127813.43598660582,136727.5782169264,31.0,-63055.844671743864,-127813.43598660582,136727.5782169264,31.0
54af07,54af07,54af07,54af07,-8174.466214256242,-16490.452075289963,17626.092542561786,4.0,-8174.466214256242,-16490.452075289963,17626.092542561786,4.0,-8174.466214256242,-16490.452075289963,17626.092542561786,4.0
54af0c,54af0c,54af0c,54af0c,-4094.9938358756644,-8225.13254112538,8828.204094214285,2.0,-4094.9938358756644,-8225.13254112538,8828.204094214285,2.0,-4094.9938358756644,-8225.13254112538,8828.204094214285,2.0
54af14,54af14,54af14,54af14,-68765.97873556986,-139862.0273685653,150438.02028682487,34.0,-68765.97873556986,-139862.0273685653,150438.02028682487,34.0,-68765.97873556986,-139862.0273685653,150438.02028682487,34.0
54af1c,54af1c,54af1c,54af1c,-26323.312323289952,-53675.8269742139,57320.59471664511,13.0,-26323.312323289952,-53675.8269742139,57320.59471664511,13.0,-26323.312323289952,-53675.8269742139,57320.59471664511,13.0
54af3,54af3,54af3,54af3,-56312.48750303455,-115353.01198898087,123873.84250460909,28.0,-56312.48750303455,-115353.01198898087,123873.84250460909,28.0,-56312.48750303455,-115353.01198898087,123873.84250460909,28.0
54af41,54af41,54af41,54af44,-82621.73011625836,-168505.29755650327,181689.254627307,41.0,-82621.73011625836,-168505.29755650327,181689.254627307,41.0,-239558.33665100046,-488710.3115987209,527792.7341918864,119.0
54af45,54af45,54af45,54af44,-94544.28954794713,-192855.7453136567,208640.34440921998,47.0,-94544.28954794713,-192855.7453136567,208640.34440921998,47.0,-239558.33665100046,-488710.3115987209,527792.7341918864,119.0
54af47,54af47,54af47,54af44,-62392.31698679494,-127349.26872856094,137463.1351553594,31.0,-62392.31698679494,-127349.26872856094,137463.1351553594,31.0,-239558.33665100046,-488710.3115987209,527792.7341918864,119.0
54af4c,54af4c,54af4c,54af4c,-2002.9866259758876,-4112.106838563255,4434.9041764259655,1.0,-2002.9866259758876,-4112.106838563255,4434.9041764259655,1.0,-2002.9866259758876,-4112.106838563255,4434.9041764259655,1.0
54af51,54af51,54af51,54af54,-96311.97886212362,-196713.35674911918,213416.58826328377,48.0,-96311.97886212362,-196713.35674911918,213416.58826328377,48.0,-228406.15287027057,-466933.65388872445,507255.05059399107,114.0
54af55,54af55,54af55,54af54,-96008.05463823312,-196513.167492032,213737.70768795317,48.0,-96008.05463823312,-196513.167492032,213737.70768795317,48.0,-228406.15287027057,-466933.65388872445,507255.05059399107,114.0
54af57,54af57,54af57,54af54,-36086.11936991386,-73707.12964757325,80100.75464275408,18.0,-36086.11936991386,-73707.12964757325,80100.75464275408,18.0,-228406.15287027057,-466933.65388872445,507255.05059399107,114.0
54af5c,54af5c,54af5c,54af5c,-6028.412947132301,-12301.663292876849,13327.981682099766,3.0,-6028.412947132301,-12301.663292876849,13327.981682099766,3.0,-6028.412947132301,-12301.663292876849,13327.981682099766,3.0
54af9,54af9,54af9,54af9,0.0,0.0,0.0,0.0,-105882.33176321028,-208256.48584622412,225813.82743938593,51.0,-105882.33176321028,-208256.48584622412,225813.82743938593,51.0
54afa9,54afa9,54afa9,54afa9,-53343.746398963805,-107060.08632793638,114591.68752122407,26.0,-53343.746398963805,-107060.08632793638,114591.68752122407,26.0,-53343.746398963805,-107060.08632793638,114591.68752122407,26.0
54afaa1,54afaa1,54afaa4,54afaa4,-10231.3744053721,-20617.517706210783,22022.27871225907,5.0,-161713.02306614636,-325795.43818630424,347889.16047615965,79.0,-161713.02306614636,-325795.43818630424,347889.16047615965,79.0
54afaa3,54afaa3,54afaa4,54afaa4,-42997.70118976238,-86584.35630027397,92490.15073827036,21.0,-161713.02306614636,-325795.43818630424,347889.16047615965,79.0,-161713.02306614636,-325795.43818630424,347889.16047615965,79.0
54afaa5,54afaa5,54afaa4,54afaa4,-69619.9943756364,-140222.0444656478,149708.3455145556,34.0,-161713.02306614636,-325795.43818630424,347889.16047615965,79.0,-161713.02306614636,-325795.43818630424,347889.16047615965,79.0
54afaa7,54afaa7,54afaa4,54afaa4,-38863.95309537548,-78371.51971417174,83668.3855110746,19.0,-161713.02306614636,-325795.43818630424,347889.16047615965,79.0,-161713.02306614636,-325795.43818630424,347889.16047615965,79.0
54afaa9,54afaa9,54afaac,54afaac,-42937.88045540994,-86659.41608704797,92447.63368448327,21.0,0.0,0.0,0.0,0.0,-372278.7460229088,-751153.5475026543,801044.1666597773,182.0
54afaab,54afaab,54afaac,54afaac,0.0,0.0,0.0,0.0,0.0,0.0,0.0,0.0,-372278.7460229088,-751153.5475026543,801044.1666597773,182.0
54afaad,54afaad,54afaac,54afaac,-79804.8363706633,-160968.02410432926,171631.8637389076,39.0,0.0,0.0,0.0,0.0,-372278.7460229088,-751153.5475026543,801044.1666597773,182.0
54afaaf,54afaaf,54afaac,54afaac,-79846.65741765292,-160898.23798003758,171677.84277859892,39.0,0.0,0.0,0.0,0.0,-372278.7460229088,-751153.5475026543,801044.1666597773,182.0
54afab4,54afab4,54afab4,54afab4,0.0,0.0,0.0,0.0,-127085.22647928033,-255784.02754773872,272856.88329518866,62.0,-127085.22647928033,-255784.02754773872,272856.88329518866,62.0
54afab9,54afab9,54afabc,54afabc,-41028.825307371226,-82465.00511324343,88045.77947670962,20.0,-157919.6998886719,-317475.90804634744,339008.91745394765,77.0,-157919.6998886719,-317475.90804634744,339008.91745394765,77.0
54afabb,54afabb,54afabc,54afabc,-67640.231996291,-136084.57810920218,145286.01729794,33.0,-157919.6998886719,-317475.90804634744,339008.91745394765,77.0,-157919.6998886719,-317475.90804634744,339008.91745394765,77.0
54afabd,54afabd,54afabc,54afabc,-4100.293386493433,-8245.591362495248,8806.63554918555,2.0,-157919.6998886719,-317475.90804634744,339008.91745394765,77.0,-157919.6998886719,-317475.90804634744,339008.91745394765,77.0
54afabf,54afabf,54afabc,54afabc,-45150.34919851623,-90680.73346140662,96870.48513011247,22.0,-157919.6998886719,-317475.90804634744,339008.91745394765,77.0,-157919.6998886719,-317475.90804634744,339008.91745394765,77.0
54afac4,54afac4,54afac4,54afad,0.0,0.0,0.0,0.0,0.0,0.0,0.0,0.0,0.0,0.0,0.0,0.0
54afacc,54afacc,54afacc,54afad,0.0,0.0,0.0,0.0,-125291.56809755678,-251612.0781216566,268380.03839860426,61.0,0.0,0.0,0.0,0.0
54afad4,54afad4,54afad4,54afad,-67868.17548865805,-136109.55974790436,145156.25491983906,33.0,-67868.17548865805,-136109.55974790436,145156.25491983906,33.0,0.0,0.0,0.0,0.0
54afaf,54afaf,54afaf,54afaf,-16441.551816811,-32956.038083415435,35232.358692755275,8.0,-16441.551816811,-32956.038083415435,35232.358692755275,8.0,-16441.551816811,-32956.038083415435,35232.358692755275,8.0
54afb4,54afb4,54afb4,54afb4,-24847.454876860298,-49442.01828076677,52754.23812121416,12.0,-24847.454876860298,-49442.01828076677,52754.23812121416,12.0,-24847.454876860298,-49442.01828076677,52754.23812121416,12.0
54afbc,54afbc,54afbc,54afbc,-33240.05906088622,-65573.39427608268,70612.97240559451,16.0,-33240.05906088622,-65573.39427608268,70612.97240559451,16.0,-33240.05906088622,-65573.39427608268,70612.97240559451,16.0
54afc4,54afc4,54afc4,54afd,0.0,0.0,0.0,0.0,-106282.03010086398,-209192.84219099753,224758.48134855033,51.0,-254385.28590009295,-501124.36845588643,536934.859821472,122.0
54afc9,54afc9,54afcc,54afd,-50054.3260992738,-98611.79511776348,105593.43948517472,24.0,-143885.92629421453,-283735.6504660826,303378.60996861587,69.0,-254385.28590009295,-501124.36845588643,536934.859821472,122.0
54afcb,54afcb,54afcc,54afd,-27025.94006691922,-53543.59148532094,57116.982679754416,13.0,-143885.92629421453,-283735.6504660826,303378.60996861587,69.0,-254385.28590009295,-501124.36845588643,536934.859821472,122.0
54afcd,54afcd,54afcc,54afd,-20893.781781745107,-41132.1911466961,43938.226368513715,10.0,-143885.92629421453,-283735.6504660826,303378.60996861587,69.0,-254385.28590009295,-501124.36845588643,536934.859821472,122.0
54afcf,54afcf,54afcc,54afd,-45911.878346276426,-90448.0727163021,96729.96143517295,22.0,-143885.92629421453,-283735.6504660826,303378.60996861587,69.0,-254385.28590009295,-501124.36845588643,536934.859821472,122.0
54afdc,54afdc,54afdc,54afd,-4217.329505014401,-8195.87579880628,8797.76850430577,2.0,-4217.329505014401,-8195.87579880628,8797.76850430577,2.0,-254385.28590009295,-501124.36845588643,536934.859821472,122.0
54aff,54aff,54aff,54aff,-71554.41510153831,-138567.9093879772,150335.0952903952,34.0,-71554.41510153831,-138567.9093879772,150335.0952903952,34.0,-71554.41510153831,-138567.9093879772,150335.0952903952,34.0
54b04,54b04,54b04,54b1,-6393.280232644616,-12235.593463086458,13218.12722614963,3.0,-6393.280232644616,-12235.593463086458,13218.12722614963,3.0,-291895.94038346823,-553949.6340969909,589555.6380498044,135.0
54b0c,54b0c,54b0c,54b1,-105256.69052784561,-189990.17286815625,206123.85853768527,47.0,-105256.69052784561,-189990.17286815625,206123.85853768527,47.0,-291895.94038346823,-553949.6340969909,589555.6380498044,135.0
54b14,54b14,54b14,54b1,-23808.972041495006,-45529.327999460125,47660.97979216953,11.0,-23808.972041495006,-45529.327999460125,47660.97979216953,11.0,-291895.94038346823,-553949.6340969909,589555.6380498044,135.0
54b1d,54b1d,54b1c,54b1,-95012.40567539021,-185873.58595603178,196513.88311239035,45.0,-156436.99758148304,-306194.5397662882,322552.6724937998,74.0,-291895.94038346823,-553949.6340969909,589555.6380498044,135.0
54b1f,54b1f,54b1c,54b1,-59284.30219944838,-116195.9683066656,121680.64669254817,28.0,-156436.99758148304,-306194.5397662882,322552.6724937998,74.0,-291895.94038346823,-553949.6340969909,589555.6380498044,135.0
54b3,54b3,54b3,54b3,-38612.27525877468,-75378.42989580128,77310.07308595658,18.0,-38612.27525877468,-75378.42989580128,77310.07308595658,18.0,-38612.27525877468,-75378.42989580128,77310.07308595658,18.0
54b5,54b5,54b5,54b5,-49568.24446060649,-91428.23001330126,93956.03453528747,22.0,-49568.24446060649,-91428.23001330126,93956.03453528747,22.0,-49568.24446060649,-91428.23001330126,93956.03453528747,22.0
54b64,54b64,54b7,54b7,-27944.261290791525,-48935.21618470695,51665.856810335375,12.0,-185346.46863614453,-335567.63530041534,354900.39031303197,82.0,-185346.46863614453,-335567.63530041534,354900.39031303197,82.0
54b6c,54b6c,54b7,54b7,0.0,0.0,0.0,0.0,-185346.46863614453,-335567.63530041534,354900.39031303197,82.0,-185346.46863614453,-335567.63530041534,354900.39031303197,82.0
54b74,54b74,54b7,54b7,-36069.01478996193,-64931.29468994247,69812.59354912525,16.0,-185346.46863614453,-335567.63530041534,354900.39031303197,82.0,-185346.46863614453,-335567.63530041534,354900.39031303197,82.0
54b84,54b84,54b84,54b84,-45355.909079097524,-75360.81765039361,83165.20412125828,19.0,-45355.909079097524,-75360.81765039361,83165.20412125828,19.0,-45355.909079097524,-75360.81765039361,83165.20412125828,19.0
54b884,54b884,54b884,54b89,-117224.14286094696,-192851.2071195393,215691.62096433947,49.0,-117224.14286094696,-192851.2071195393,215691.62096433947,49.0,-407379.32222863036,-668170.3513613159,748753.8135447162,170.0
54b88c,54b88c,54b88c,54b89,-40587.759119881404,-66939.22520201693,74847.9230201299,17.0,-40587.759119881404,-66939.22520201693,74847.9230201299,17.0,-407379.32222863036,-668170.3513613159,748753.8135447162,170.0
54b894,54b894,54b894,54b89,-16734.600233189783,-27466.807615870275,30893.75431390177,7.0,-16734.600233189783,-27466.807615870275,30893.75431390177,7.0,-407379.32222863036,-668170.3513613159,748753.8135447162,170.0
54b899,54b899,54b89c,54b89,-43166.32733986343,-70578.67348928293,79412.82855004113,18.0,-232832.82001461217,-380913.1114238893,427320.51524634496,97.0,-407379.32222863036,-668170.3513613159,748753.8135447162,170.0
54b89b,54b89b,54b89c,54b89,-16787.787329380175,-27515.31462950315,30821.673264985195,7.0,-232832.82001461217,-380913.1114238893,427320.51524634496,97.0,-407379.32222863036,-668170.3513613159,748753.8135447162,170.0
54b89c4,54b89c4,54b89c,54b89,-43235.56838585843,-70667.36925791262,79296.20601701044,18.0,-232832.82001461217,-380913.1114238893,427320.51524634496,97.0,-407379.32222863036,-668170.3513613159,748753.8135447162,170.0
54b89cc,54b89cc,54b89c,54b89,-112808.60853236054,-184669.06579451665,206964.52709825765,47.0,-232832.82001461217,-380913.1114238893,427320.51524634496,97.0,-407379.32222863036,-668170.3513613159,748753.8135447162,170.0
54b89d4,54b89d4,54b89c,54b89,-12021.433603245674,-19637.593127901906,22013.493536299422,5.0,-232832.82001461217,-380913.1114238893,427320.51524634496,97.0,-407379.32222863036,-668170.3513613159,748753.8135447162,170.0
54b89dc,54b89dc,54b89c,54b89,-2407.405302504651,-3924.1264253214745,4404.019145876144,1.0,-232832.82001461217,-380913.1114238893,427320.51524634496,97.0,-407379.32222863036,-668170.3513613159,748753.8135447162,170.0
54b89f,54b89f,54b89c,54b89,-2405.689521399283,-3920.968699450554,4407.767633875016,1.0,-232832.82001461217,-380913.1114238893,427320.51524634496,97.0,-407379.32222863036,-668170.3513613159,748753.8135447162,170.0
54b8a4,54b8a4,54b8a4,54b8a4,-98445.25158885923,-160495.2104526322,181055.65144165745,41.0,-98445.25158885923,-160495.2104526322,181055.65144165745,41.0,-98445.25158885923,-160495.2104526322,181055.65144165745,41.0
54b8a9,54b8a9,54b8ac,54b8ac,-7246.2855978431935,-11696.601361531702,13266.06843220007,3.0,-170890.6544641173,-276911.77709396265,314211.7422725241,71.0,-170890.6544641173,-276911.77709396265,314211.7422725241,71.0
54b8ab,54b8ab,54b8ac,54b8ac,-2420.0419991034873,-3891.9410209594967,4425.60108252262,1.0,-170890.6544641173,-276911.77709396265,314211.7422725241,71.0,-170890.6544641173,-276911.77709396265,314211.7422725241,71.0
54b8ad,54b8ad,54b8ac,54b8ac,-48204.8645354977,-77901.80420729223,88563.5346921977,20.0,-170890.6544641173,-276911.77709396265,314211.7422725241,71.0,-170890.6544641173,-276911.77709396265,314211.7422725241,71.0
54b8af,54b8af,54b8ac,54b8ac,-113019.4623316729,-183421.43050417924,207956.53806560356,47.0,-170890.6544641173,-276911.77709396265,314211.7422725241,71.0,-170890.6544641173,-276911.77709396265,314211.7422725241,71.0
54b8b4,54b8b4,54b8b4,54b8b4,-76602.74014316473,-124957.4901220205,141709.2187930837,32.0,-76602.74014316473,-124957.4901220205,141709.2187930837,32.0,-76602.74014316473,-124957.4901220205,141709.2187930837,32.0
54b8b9,54b8b9,54b8bc,54b8bc,-28645.42864633701,-46952.64252740968,53101.90121677839,12.0,0.0,0.0,0.0,0.0,-251238.54574188514,-411322.89374706085,463890.494263674,105.0
54b8bb,54b8bb,54b8bc,54b8bc,-4792.894427053456,-7815.888747223453,8848.674758604906,2.0,0.0,0.0,0.0,0.0,-251238.54574188514,-411322.89374706085,463890.494263674,105.0
54b8bc4,54b8bc4,54b8bc,54b8bc,-2393.3066361190827,-3914.5896007687797,4420.16116592356,1.0,0.0,0.0,0.0,0.0,-251238.54574188514,-411322.89374706085,463890.494263674,105.0
54b8bcc,54b8bcc,54b8bc,54b8bc,-7183.555037420145,-11745.350255902376,13257.112740972982,3.0,0.0,0.0,0.0,0.0,-251238.54574188514,-411322.89374706085,463890.494263674,105.0
54b8bd1,54b8bd1,54b8bc,54b8bc,-38293.5352552206,-62688.37036688176,70673.54461178285,16.0,0.0,0.0,0.0,0.0,-251238.54574188514,-411322.89374706085,463890.494263674,105.0
54b8bd3,54b8bd3,54b8bc,54b8bc,-50297.348021000325,-82267.4501711515,92748.7164506465,21.0,0.0,0.0,0.0,0.0,-251238.54574188514,-411322.89374706085,463890.494263674,105.0
54b8bd5,54b8bd5,54b8bc,54b8bc,-74247.01949097795,-121482.86149920074,136879.67881084562,31.0,0.0,0.0,0.0,0.0,-251238.54574188514,-411322.89374706085,463890.494263674,105.0
54b8bd7,54b8bd7,54b8bc,54b8bc,-7176.828837258461,-11758.032840402786,13249.511924495611,3.0,0.0,0.0,0.0,0.0,-251238.54574188514,-411322.89374706085,463890.494263674,105.0
54b8bdc,54b8bdc,54b8bc,54b8bc,-9562.907317601666,-15678.506535506534,17668.36925486162,4.0,0.0,0.0,0.0,0.0,-251238.54574188514,-411322.89374706085,463890.494263674,105.0
54b8bf,54b8bf,54b8bc,54b8bc,-28645.722072896457,-47019.20120261329,53042.82332876199,12.0,0.0,0.0,0.0,0.0,-251238.54574188514,-411322.89374706085,463890.494263674,105.0
54b8c64,54b8c64,54b8c4,54b8d,0.0,0.0,0.0,0.0,0.0,0.0,0.0,0.0,0.0,0.0,0.0,0.0
54b8c6c,54b8c6c,54b8c4,54b8d,-2377.4143947630464,-3915.7121411827097,4427.736707692228,1.0,0.0,0.0,0.0,0.0,0.0,0.0,0.0,0.0
54b8c74,54b8c74,54b8c4,54b8d,-4762.029355048448,-7829.010807519686,8853.737871942234,2.0,0.0,0.0,0.0,0.0,0.0,0.0,0.0,0.0
54b8c7c,54b8c7c,54b8c4,54b8d,0.0,0.0,0.0,0.0,0.0,0.0,0.0,0.0,0.0,0.0,0.0,0.0
54b8c9,54b8c9,54b8cc,54b8d,0.0,0.0,0.0,0.0,0.0,0.0,0.0,0.0,0.0,0.0,0.0,0.0
54b8cd,54b8cd,54b8cc,54b8d,-16621.128430494748,-27325.863352938813,31079.45446172411,7.0,0.0,0.0,0.0,0.0,0.0,0.0,0.0,0.0
54b8cf,54b8cf,54b8cc,54b8d,-78417.00168250305,-129020.9815655757,146309.92673735632,33.0,0.0,0.0,0.0,0.0,0.0,0.0,0.0,0.0
54b8d4,54b8d4,54b8d4,54b8d,0.0,0.0,0.0,0.0,-139552.61112880547,-230393.85965353742,262176.6144164073,59.0,0.0,0.0,0.0,0.0
54b8f,54b8f,54b8f,54b8f,-16557.18609389097,-27554.59848879429,30911.123878128317,7.0,-16557.18609389097,-27554.59848879429,30911.123878128317,7.0,-16557.18609389097,-27554.59848879429,30911.123878128317,7.0
54b94,54b94,54b94,54b94,-74664.84875015357,-125805.30293646996,141992.43813470984,32.0,-74664.84875015357,-125805.30293646996,141992.43813470984,32.0,-74664.84875015357,-125805.30293646996,141992.43813470984,32.0
54b9c,54b9c,54b9c,54b9c,-13764.942518082296,-24038.501557702315,26341.690249996358,6.0,-13764.942518082296,-24038.501557702315,26341.690249996358,6.0,-13764.942518082296,-24038.501557702315,26341.690249996358,6.0
54bb,54bb,54bb,54bb,0.0,0.0,0.0,0.0,-132887.3623248686,-237556.9036080468,268374.8275853822,60.0,-132887.3623248686,-237556.9036080468,268374.8275853822,60.0
54bc1,54bc1,54bc4,54bc4,-75343.76960715724,-129180.64867147335,147776.4376351531,33.0,-164488.48675395237,-280734.8253405909,323333.55729533255,72.0,-164488.48675395237,-280734.8253405909,323333.55729533255,72.0
54bc3,54bc3,54bc4,54bc4,-68873.48124988793,-116345.96120632537,135094.99456034426,30.0,-164488.48675395237,-280734.8253405909,323333.55729533255,72.0,-164488.48675395237,-280734.8253405909,323333.55729533255,72.0
54bc5,54bc5,54bc4,54bc4,-6798.991380862177,-11664.933548228124,13528.129923645993,3.0,-164488.48675395237,-280734.8253405909,323333.55729533255,72.0,-164488.48675395237,-280734.8253405909,323333.55729533255,72.0
54bc7,54bc7,54bc4,54bc4,-13472.244516045022,-23543.28191456408,26933.99517618921,6.0,-164488.48675395237,-280734.8253405909,323333.55729533255,72.0,-164488.48675395237,-280734.8253405909,323333.55729533255,72.0
54bcc,54bcc,54bcc,54bcc,-96632.41629442495,-172917.95988312687,198346.59009404786,44.0,-96632.41629442495,-172917.95988312687,198346.59009404786,44.0,-96632.41629442495,-172917.95988312687,198346.59009404786,44.0
54bd4,54bd4,54bd4,54bd4,-59896.37165456557,-103934.78188269961,123286.11401231159,27.0,-59896.37165456557,-103934.78188269961,123286.11401231159,27.0,-59896.37165456557,-103934.78188269961,123286.11401231159,27.0
54bd9,54bd9,54bd9,54bdc,-107231.74746055616,-180130.69024679004,213814.73764607884,47.0,-107231.74746055616,-180130.69024679004,213814.73764607884,47.0,-411148.66329348076,-687514.605915122,811662.5380925896,179.0
54bdb,54bdb,54bdb,54bdc,-31784.29486582405,-54145.77431213253,63352.57438290633,14.0,-31784.29486582405,-54145.77431213253,63352.57438290633,14.0,-411148.66329348076,-687514.605915122,811662.5380925896,179.0
54bdd,54bdd,54bdd,54bdc,0.0,0.0,0.0,0.0,-140373.8479022493,-234964.81508341536,275899.0021533035,61.0,-411148.66329348076,-687514.605915122,811662.5380925896,179.0
54bdf,54bdf,54bdf,54bdc,0.0,0.0,0.0,0.0,-131758.7730648513,-218273.326272784,258596.22391030102,57.0,-411148.66329348076,-687514.605915122,811662.5380925896,179.0
54be04,54be04,54be04,54be04,-110110.89959303211,-179142.55078789906,213181.2867708264,47.0,-110110.89959303211,-179142.55078789906,213181.2867708264,47.0,-110110.89959303211,-179142.55078789906,213181.2867708264,47.0
54be0c,54be0c,54be0c,54be0c,-9344.641173409904,-15299.50948019064,18111.83027940193,4.0,-9344.641173409904,-15299.50948019064,18111.83027940193,4.0,-9344.641173409904,-15299.50948019064,18111.83027940193,4.0
54be14,54be14,54be14,54be14,-77757.11006691001,-126084.52084812183,149193.5529083875,33.0,-77757.11006691001,-126084.52084812183,149193.5529083875,33.0,-77757.11006691001,-126084.52084812183,149193.5529083875,33.0
54be184,54be184,54be19,54be1c,-47165.538024216876,-76273.18723373393,90519.13444164391,20.0,-172094.9092602085,-278283.83516014635,330521.0850556927,73.0,0.0,0.0,0.0,0.0
54be18c,54be18c,54be19,54be1c,-61343.13967800245,-99066.6467670816,117734.82550760661,26.0,-172094.9092602085,-278283.83516014635,330521.0850556927,73.0,0.0,0.0,0.0,0.0
54be194,54be194,54be19,54be1c,-30628.68587375933,-49546.55826030627,58878.60351518945,13.0,-172094.9092602085,-278283.83516014635,330521.0850556927,73.0,0.0,0.0,0.0,0.0
54be19c,54be19c,54be19,54be1c,-32957.54568422986,-53397.44289902458,63388.5215912527,14.0,-172094.9092602085,-278283.83516014635,330521.0850556927,73.0,0.0,0.0,0.0,0.0
54be1b,54be1b,54be1b,54be1c,-77582.98637529908,-125836.60851527342,149493.34604578785,33.0,-77582.98637529908,-125836.60851527342,149493.34604578785,33.0,0.0,0.0,0.0,0.0
54be1c1,54be1c1,54be1d,54be1c,-54139.0253547318,-87627.88135755231,104222.35594280132,23.0,-164665.58819901056,-266602.8688626934,317329.34439908556,70.0,0.0,0.0,0.0,0.0
54be1c3,54be1c3,54be1d,54be1c,-7059.3720114010475,-11426.297889496653,13598.263132662461,3.0,-164665.58819901056,-266602.8688626934,317329.34439908556,70.0,0.0,0.0,0.0,0.0
54be1c5,54be1c5,54be1d,54be1c,-61146.13778317479,-99008.41559805107,117886.20116470772,26.0,-164665.58819901056,-266602.8688626934,317329.34439908556,70.0,0.0,0.0,0.0,0.0
54be1c7,54be1c7,54be1d,54be1c,-7053.5816696849015,-11432.74421723029,13595.849328357712,3.0,-164665.58819901056,-266602.8688626934,317329.34439908556,70.0,0.0,0.0,0.0,0.0
54be1cc,54be1cc,54be1d,54be1c,-4700.429985693182,-7616.813568282596,9069.12989848348,2.0,-164665.58819901056,-266602.8688626934,317329.34439908556,70.0,0.0,0.0,0.0,0.0
54be1d4,54be1d4,54be1d,54be1c,-14098.21738950162,-22846.92180192518,27211.935221249943,6.0,-164665.58819901056,-266602.8688626934,317329.34439908556,70.0,0.0,0.0,0.0,0.0
54be1dc,54be1dc,54be1d,54be1c,-16468.824004823236,-26643.794430155256,31745.609710822995,7.0,-164665.58819901056,-266602.8688626934,317329.34439908556,70.0,0.0,0.0,0.0,0.0
54be1f,54be1f,54be1f,54be1c,-73082.60163526767,-118038.69457401191,140472.53866120256,31.0,-73082.60163526767,-118038.69457401191,140472.53866120256,31.0,0.0,0.0,0.0,0.0
54be24,54be24,54be3,54be3,-63948.02365853918,-102748.90013010164,122242.47236884611,27.0,-139655.6006410785,-225010.16755205626,266756.7282702921,59.0,-139655.6006410785,-225010.16755205626,266756.7282702921,59.0
54be2c,54be2c,54be3,54be3,-2380.427210641387,-3807.7140814032723,4519.362001300486,1.0,-139655.6006410785,-225010.16755205626,266756.7282702921,59.0,-139655.6006410785,-225010.16755205626,266756.7282702921,59.0
54be34,54be34,54be3,54be3,-9512.246269736785,-15264.285161739335,18054.20149058638,4.0,-139655.6006410785,-225010.16755205626,266756.7282702921,59.0,-139655.6006410785,-225010.16755205626,266756.7282702921,59.0
54be3c,54be3c,54be3,54be3,-63814.90350216106,-103189.26817881202,121940.69240955908,27.0,-139655.6006410785,-225010.16755205626,266756.7282702921,59.0,-139655.6006410785,-225010.16755205626,266756.7282702921,59.0
54be5,54be5,54be5,54be5,-56567.30221441164,-92242.58943599596,108032.63934662155,24.0,-56567.30221441164,-92242.58943599596,108032.63934662155,24.0,-56567.30221441164,-92242.58943599596,108032.63934662155,24.0
54be6c,54be6c,54be7,54be7,-54125.83968607777,-88167.103723901,103773.46678175166,23.0,-158527.41635503096,-261623.34329511318,306769.3498381662,68.0,-158527.41635503096,-261623.34329511318,306769.3498381662,68.0
54be74,54be74,54be7,54be7,-27854.11989590935,-46159.20554124994,54206.96755417226,12.0,-158527.41635503096,-261623.34329511318,306769.3498381662,68.0,-158527.41635503096,-261623.34329511318,306769.3498381662,68.0
54be7c,54be7c,54be7,54be7,-74202.49614684048,-123447.91706781325,144286.1151066075,32.0,-158527.41635503096,-261623.34329511318,306769.3498381662,68.0,-158527.41635503096,-261623.34329511318,306769.3498381662,68.0
54be9,54be9,54be9,54be9,-67359.15929774356,-112319.52936948,130318.75079312627,29.0,-67359.15929774356,-112319.52936948,130318.75079312627,29.0,-67359.15929774356,-112319.52936948,130318.75079312627,29.0
54bec4,54bec4,54bec4,54bec4,-23482.34042834179,-38837.41364935177,44712.52607195331,10.0,-23482.34042834179,-38837.41364935177,44712.52607195331,10.0,-23482.34042834179,-38837.41364935177,44712.52607195331,10.0
54becc,54becc,54becc,54becc,-4679.953968741209,-7801.621823811043,8921.420275836443,2.0,-4679.953968741209,-7801.621823811043,8921.420275836443,2.0,-4679.953968741209,-7801.621823811043,8921.420275836443,2.0
54bed5,54bed5,54bed5,54bed4,-51818.04412209883,-85791.99181306527,97979.90989648296,22.0,-51818.04412209883,-85791.99181306527,97979.90989648296,22.0,-417030.3988442258,-689928.4231737732,788492.6272066605,177.0
54bed64,54bed64,54bed64,54bed4,-99040.88898384046,-163677.78151452026,187085.02456829767,42.0,-99040.88898384046,-163677.78151452026,187085.02456829767,42.0,-417030.3988442258,-689928.4231737732,788492.6272066605,177.0
54bed684,54bed684,54bed6c,54bed4,-25910.382425503834,-42884.89682721202,48998.95740407043,11.0,0.0,0.0,0.0,0.0,-417030.3988442258,-689928.4231737732,788492.6272066605,177.0
54bed68c,54bed68c,54bed6c,54bed4,-51823.203659634135,-85759.8112073554,98005.36112937881,22.0,0.0,0.0,0.0,0.0,-417030.3988442258,-689928.4231737732,788492.6272066605,177.0
54bed691,54bed691,54bed6c,54bed4,-65946.85589835519,-109150.33284242728,124738.05943764653,28.0,0.0,0.0,0.0,0.0,-417030.3988442258,-689928.4231737732,788492.6272066605,177.0
54bed693,54bed693,54bed6c,54bed4,-75369.8948749958,-124735.22015854885,142563.7085245524,32.0,0.0,0.0,0.0,0.0,-417030.3988442258,-689928.4231737732,788492.6272066605,177.0
54bed695,54bed695,54bed6c,54bed4,-7064.5418522407035,-11694.457427914824,13365.616035879804,3.0,0.0,0.0,0.0,0.0,-417030.3988442258,-689928.4231737732,788492.6272066605,177.0
54bed69c,54bed69c,54bed6c,54bed4,-9419.04454339401,-15596.108913936947,17817.941330399786,4.0,0.0,0.0,0.0,0.0,-417030.3988442258,-689928.4231737732,788492.6272066605,177.0
54bed6f,54bed6f,54bed6c,54bed4,-2355.7753627407847,-3897.5250499530816,4455.263634732426,1.0,0.0,0.0,0.0,0.0,-417030.3988442258,-689928.4231737732,788492.6272066605,177.0
54bed74,54bed74,54bed74,54bed4,-4715.752073886702,-7786.959509619661,8915.377527136507,2.0,-4715.752073886702,-7786.959509619661,8915.377527136507,2.0,-417030.3988442258,-689928.4231737732,788492.6272066605,177.0
54bed7c,54bed7c,54bed7c,54bed4,-18864.706206228446,-31154.25356928211,35655.005517900776,8.0,-18864.706206228446,-31154.25356928211,35655.005517900776,8.0,-417030.3988442258,-689928.4231737732,788492.6272066605,177.0
54bedc,54bedc,54bedc,54bedc,-84811.64634386126,-139924.0777455781,160724.96197435376,36.0,-84811.64634386126,-139924.0777455781,160724.96197435376,36.0,-84811.64634386126,-139924.0777455781,160724.96197435376,36.0
54bee4,54bee4,54bef,54bef,-28340.599859398593,-46499.34257304757,53661.35831833703,12.0,0.0,0.0,0.0,0.0,-258151.4242501639,-426246.2357708053,492754.215836495,110.0
54bee9,54bee9,54bef,54bef,-25794.224356942632,-42700.55225886081,49220.73569503689,11.0,0.0,0.0,0.0,0.0,-258151.4242501639,-426246.2357708053,492754.215836495,110.0
54beeb,54beeb,54bef,54bef,-112478.6914753323,-186194.04652530473,214939.77439214685,48.0,0.0,0.0,0.0,0.0,-258151.4242501639,-426246.2357708053,492754.215836495,110.0
54beed,54beed,54bef,54bef,-32824.54383258005,-54234.899102875606,62743.23994675049,14.0,0.0,0.0,0.0,0.0,-258151.4242501639,-426246.2357708053,492754.215836495,110.0
54bef4,54bef4,54bef,54bef,-58713.36472591034,-96617.39531071663,112189.10748422383,25.0,0.0,0.0,0.0,0.0,-258151.4242501639,-426246.2357708053,492754.215836495,110.0
54bf04,54bf04,54bf1,54bf1,-16712.096463325175,-26950.37416353901,31357.29295261804,7.0,-167624.0729904555,-270300.017828647,312616.37886667484,70.0,-167624.0729904555,-270300.017828647,312616.37886667484,70.0
54bf0c,54bf0c,54bf1,54bf1,-36030.73779774333,-57755.47006076725,67072.91926838804,15.0,-167624.0729904555,-270300.017828647,312616.37886667484,70.0,-167624.0729904555,-270300.017828647,312616.37886667484,70.0
54bf14,54bf14,54bf1,54bf1,-95845.90105065492,-154671.00797225168,178420.87414240255,40.0,-167624.0729904555,-270300.017828647,312616.37886667484,70.0,-167624.0729904555,-270300.017828647,312616.37886667484,70.0
54bf1c,54bf1c,54bf1,54bf1,-19035.337678732045,-30923.165632089087,35765.29250326625,8.0,-167624.0729904555,-270300.017828647,312616.37886667484,70.0,-167624.0729904555,-270300.017828647,312616.37886667484,70.0
54bf29,54bf29,54bf29,54bf3,-61433.123598390346,-101257.49325084072,115808.29685730743,26.0,-61433.123598390346,-101257.49325084072,115808.29685730743,26.0,-467299.2193794575,-767122.8435654875,876580.2373305112,197.0
54bf2b,54bf2b,54bf2b,54bf3,0.0,0.0,0.0,0.0,-127506.11999233319,-210731.75642223048,240195.80411153653,54.0,-467299.2193794575,-767122.8435654875,876580.2373305112,197.0
54bf2d,54bf2d,54bf2d,54bf3,-106526.96610415982,-175521.72305459925,200095.91691858016,45.0,-106526.96610415982,-175521.72305459925,200095.91691858016,45.0,-467299.2193794575,-767122.8435654875,876580.2373305112,197.0
54bf2f,54bf2f,54bf2f,54bf3,-4750.277594945028,-7785.392393070146,8898.401011497412,2.0,-4750.277594945028,-7785.392393070146,8898.401011497412,2.0,-467299.2193794575,-767122.8435654875,876580.2373305112,197.0
54bf34,54bf34,54bf34,54bf3,-112123.06903127587,-182692.0980900811,209080.75262251476,47.0,-112123.06903127587,-182692.0980900811,209080.75262251476,47.0,-467299.2193794575,-767122.8435654875,876580.2373305112,197.0
54bf3c,54bf3c,54bf3c,54bf3,-54959.66305835328,-89134.38035466586,102501.06580907492,23.0,-54959.66305835328,-89134.38035466586,102501.06580907492,23.0,-467299.2193794575,-767122.8435654875,876580.2373305112,197.0
54bf44,54bf44,54bf5,54bf5,-88976.5605188857,-143368.18288194385,164608.8482886547,37.0,-219100.69142187305,-353057.24446384434,404312.10082437977,91.0,-219100.69142187305,-353057.24446384434,404312.10082437977,91.0
54bf4c,54bf4c,54bf5,54bf5,-43294.554366598546,-69890.41557822598,79949.87887369824,18.0,-219100.69142187305,-353057.24446384434,404312.10082437977,91.0,-219100.69142187305,-353057.24446384434,404312.10082437977,91.0
54bf54,54bf54,54bf5,54bf5,-69900.0880131586,-112709.6109700419,128633.08231460009,29.0,-219100.69142187305,-353057.24446384434,404312.10082437977,91.0,-219100.69142187305,-353057.24446384434,404312.10082437977,91.0
54bf5c,54bf5c,54bf5,54bf5,-16929.48852323019,-27089.03503363266,31120.29134742673,7.0,-219100.69142187305,-353057.24446384434,404312.10082437977,91.0,-219100.69142187305,-353057.24446384434,404312.10082437977,91.0
54bf7,54bf7,54bf7,54bf7,-115743.374406908,-185205.35144711798,214058.15448009112,48.0,-115743.374406908,-185205.35144711798,214058.15448009112,48.0,-115743.374406908,-185205.35144711798,214058.15448009112,48.0
54bf9,54bf9,54bf9,54bf9,-70359.2121862592,-110735.19030576725,130089.2810649726,29.0,-70359.2121862592,-110735.19030576725,130089.2810649726,29.0,-70359.2121862592,-110735.19030576725,130089.2810649726,29.0
54bfb,54bfb,54bfb,54bfb,-117836.68027636418,-187694.35772664432,219865.87702891906,49.0,-117836.68027636418,-187694.35772664432,219865.87702891906,49.0,-117836.68027636418,-187694.35772664432,219865.87702891906,49.0
54bfd,54bfd,54bfd,54bfd,-31275.958438006728,-49496.887221518504,58579.058742593435,13.0,-31275.958438006728,-49496.887221518504,58579.058742593435,13.0,-31275.958438006728,-49496.887221518504,58579.058742593435,13.0
54bfe4,54bfe4,54bfe4,54bfe4,0.0,0.0,0.0,0.0,-173047.814307865,-269033.5981890364,319825.2229992126,71.0,-173047.814307865,-269033.5981890364,319825.2229992126,71.0
54bfe9,54bfe9,54bfe9,54bfec,-14567.438653384745,-22809.320348416455,26995.47629192671,6.0,-14567.438653384745,-22809.320348416455,26995.47629192671,6.0,-399291.4370912709,-623396.5536844884,737322.7568119483,164.0
54bfed,54bfed,54bfed,54bfec,-70639.74634742043,-110298.32190997714,130308.42064164215,29.0,-70639.74634742043,-110298.32190997714,130308.42064164215,29.0,-399291.4370912709,-623396.5536844884,737322.7568119483,164.0
54bfee3,54bfee3,54bfee4,54bfec,-2437.9097061032526,-3799.2575991853178,4495.774804146401,1.0,-131529.56374049344,-205252.91945566778,242756.93623638188,54.0,-399291.4370912709,-623396.5536844884,737322.7568119483,164.0
54bfee5,54bfee5,54bfee4,54bfec,-17051.63639813322,-26600.186989556478,31473.316382566496,7.0,-131529.56374049344,-205252.91945566778,242756.93623638188,54.0,-399291.4370912709,-623396.5536844884,737322.7568119483,164.0
54bfee7,54bfee7,54bfee4,54bfec,-112040.01763625698,-174853.47486692597,206787.84504966898,46.0,-131529.56374049344,-205252.91945566778,242756.93623638188,54.0,-399291.4370912709,-623396.5536844884,737322.7568119483,164.0
54bfee9,54bfee9,54bfeec,54bfec,-114397.56336944734,-178672.28221156975,211310.6162194311,47.0,-141175.56897097,-220473.16911155952,260777.6188233082,58.0,-399291.4370912709,-623396.5536844884,737322.7568119483,164.0
54bfeef,54bfeef,54bfeec,54bfec,-26778.005601522644,-41800.88689998973,49467.00260387709,11.0,-141175.56897097,-220473.16911155952,260777.6188233082,58.0,-399291.4370912709,-623396.5536844884,737322.7568119483,164.0
54bfef4,54bfef4,54bfef4,54bfec,-41379.11937900234,-64562.8228588675,76484.30481868942,17.0,-41379.11937900234,-64562.8228588675,76484.30481868942,17.0,-399291.4370912709,-623396.5536844884,737322.7568119483,164.0
54bff04,54bff04,54bff4,54bff4,-2443.8055867846883,-3793.8623425654278,4497.129741217318,1.0,-178473.77486769867,-277192.6837684602,328045.753043592,73.0,-178473.77486769867,-277192.6837684602,328045.753043592,73.0
54bff0c,54bff0c,54bff4,54bff4,-31805.649075420377,-49338.33196862449,58427.714652779854,13.0,-178473.77486769867,-277192.6837684602,328045.753043592,73.0,-178473.77486769867,-277192.6837684602,328045.753043592,73.0
54bff14,54bff14,54bff4,54bff4,-53798.07115106244,-83548.92139089838,98847.27931979748,22.0,-178473.77486769867,-277192.6837684602,328045.753043592,73.0,-178473.77486769867,-277192.6837684602,328045.753043592,73.0
54bff1c,54bff1c,54bff4,54bff4,-46394.12235584178,-72163.49997999406,85398.56643625865,19.0,-178473.77486769867,-277192.6837684602,328045.753043592,73.0,-178473.77486769867,-277192.6837684602,328045.753043592,73.0
54bff3,54bff3,54bff4,54bff4,-17076.001100599402,-26618.15496582511,31444.89453248535,7.0,-178473.77486769867,-277192.6837684602,328045.753043592,73.0,-178473.77486769867,-277192.6837684602,328045.753043592,73.0
54bff7,54bff7,54bff4,54bff4,-26956.125597989998,-41729.91312055274,49430.168361053315,11.0,-178473.77486769867,-277192.6837684602,328045.753043592,73.0,-178473.77486769867,-277192.6837684602,328045.753043592,73.0
54bff9,54bff9,54bffc,54bffc,-19646.85912852337,-30280.463051743776,35983.85769620561,8.0,0.0,0.0,0.0,0.0,0.0,0.0,0.0,0.0
54bffb,54bffb,54bffc,54bffc,-9783.004837203345,-15161.043360795724,17996.43097566721,4.0,0.0,0.0,0.0,0.0,0.0,0.0,0.0,0.0
54bffd,54bffd,54bffc,54bffc,-53877.802903803626,-83252.64808065954,99053.59389384263,22.0,0.0,0.0,0.0,0.0,0.0,0.0,0.0,0.0
54bfff,54bfff,54bffc,54bffc,0.0,0.0,0.0,0.0,0.0,0.0,0.0,0.0,0.0,0.0,0.0,0.0
80a04,80a04,80a1,80a1,-9017.367300211998,-16985.347398189886,16721.54452000762,4.0,0.0,0.0,0.0,0.0,-262995.37082503247,-494318.45563409384,482320.2134163713,116.0
80a0c,80a0c,80a1,80a1,-107396.70971765913,-204161.4047463567,200754.07479825828,48.0,0.0,0.0,0.0,0.0,-262995.37082503247,-494318.45563409384,482320.2134163713,116.0
80a14,80a14,80a1,80a1,-6692.275477263331,-12798.517300573008,12518.685219419585,3.0,0.0,0.0,0.0,0.0,-262995.37082503247,-494318.45563409384,482320.2134163713,116.0
80a19,80a19,80a1,80a1,-6872.697946401481,-12819.263927664626,12399.18165931314,3.0,0.0,0.0,0.0,0.0,-262995.37082503247,-494318.45563409384,482320.2134163713,116.0
80a1b,80a1b,80a1,80a1,-70576.97452073518,-132109.7502940682,128734.30205465376,31.0,0.0,0.0,0.0,0.0,-262995.37082503247,-494318.45563409384,482320.2134163713,116.0
80a1d,80a1d,80a1,80a1,-6900.994251242162,-12787.15546448105,12416.608275474406,3.0,0.0,0.0,0.0,0.0,-262995.37082503247,-494318.45563409384,482320.2134163713,116.0
80a1f,80a1f,80a1,80a1,-55538.351611519174,-102657.01650276029,98775.81688924451,24.0,0.0,0.0,0.0,0.0,-262995.37082503247,-494318.45563409384,482320.2134163713,116.0
80a3,80a3,80a3,80a3,-75676.84337828043,-142760.3798804341,134507.73717841445,33.0,-75676.84337828043,-142760.3798804341,134507.73717841445,33.0,-75676.84337828043,-142760.3798804341,134507.73717841445,33.0
80a5,80a5,80a5,80a5,-65188.699400293764,-131297.88160269524,122629.94199121417,30.0,-65188.699400293764,-131297.88160269524,122629.94199121417,30.0,-65188.699400293764,-131297.88160269524,122629.94199121417,30.0
80a601,80a601,80a64,80a7,-87852.55723516546,-182287.6537592289,175081.283526081,42.0,0.0,0.0,0.0,0.0,-260350.74453015393,-536827.4217910456,517801.05456805904,124.0
80a603,80a603,80a64,80a7,-41733.3932960217,-86770.60952307034,83457.08510044047,20.0,0.0,0.0,0.0,0.0,-260350.74453015393,-536827.4217910456,517801.05456805904,124.0
80a605,80a605,80a64,80a7,-6293.938725884729,-13006.06986544362,12511.441988769173,3.0,0.0,0.0,0.0,0.0,-260350.74453015393,-536827.4217910456,517801.05456805904,124.0
80a607,80a607,80a64,80a7,-52425.727155962355,-108504.34451858007,104148.65019206743,25.0,0.0,0.0,0.0,0.0,-260350.74453015393,-536827.4217910456,517801.05456805904,124.0
80a60c,80a60c,80a64,80a7,-16828.83006519169,-34693.041024874816,33330.53464995596,8.0,0.0,0.0,0.0,0.0,-260350.74453015393,-536827.4217910456,517801.05456805904,124.0
80a614,80a614,80a64,80a7,-2099.193986938705,-4328.976851670301,4176.4934038713045,1.0,0.0,0.0,0.0,0.0,-260350.74453015393,-536827.4217910456,517801.05456805904,124.0
80a65,80a65,80a64,80a7,-6363.407776911068,-12898.476350785673,12587.337049183821,3.0,0.0,0.0,0.0,0.0,-260350.74453015393,-536827.4217910456,517801.05456805904,124.0
80a6c,80a6c,80a6c,80a7,-17420.821803134928,-34481.59898067608,33245.40179299445,8.0,-17420.821803134928,-34481.59898067608,33245.40179299445,8.0,-260350.74453015393,-536827.4217910456,517801.05456805904,124.0
80a74,80a74,80a74,80a7,-8552.730857041306,-17022.497264584872,16926.551593928732,4.0,-8552.730857041306,-17022.497264584872,16926.551593928732,4.0,-260350.74453015393,-536827.4217910456,517801.05456805904,124.0
80a7c,80a7c,80a7c,80a7,-20780.14362790205,-42834.15365213098,42336.27527076667,10.0,-20780.14362790205,-42834.15365213098,42336.27527076667,10.0,-260350.74453015393,-536827.4217910456,517801.05456805904,124.0
80a84,80a84,80a9,80a9,-6118.44585839451,-12884.432223571577,12722.473206490351,3.0,-171631.0655990669,-368543.2561469611,357724.15515424375,85.0,-171631.0655990669,-368543.2561469611,357724.15515424375,85.0
80a8c,80a8c,80a9,80a9,-53197.91330501756,-112892.74639370407,108918.87363107363,26.0,-171631.0655990669,-368543.2561469611,357724.15515424375,85.0,-171631.0655990669,-368543.2561469611,357724.15515424375,85.0
80a94,80a94,80a9,80a9,-70581.43827732875,-152244.37469400628,146841.1387963109,35.0,-171631.0655990669,-368543.2561469611,357724.15515424375,85.0,-171631.0655990669,-368543.2561469611,357724.15515424375,85.0
80a9c,80a9c,80a9,80a9,-41733.26815832612,-90521.70283567926,89241.66952036892,21.0,-171631.0655990669,-368543.2561469611,357724.15515424375,85.0,-171631.0655990669,-368543.2561469611,357724.15515424375,85.0
80aa4,80aa4,80aa4,80aa4,-20813.0019349814,-47565.56590115632,47070.429587491846,11.0,-20813.0019349814,-47565.56590115632,47070.429587491846,11.0,-20813.0019349814,-47565.56590115632,47070.429587491846,11.0
80aa9,80aa9,80aac,80aac,-59480.97322906855,-138394.67586275283,137378.27774377956,32.0,-103941.81198882827,-242750.44633305044,239909.79931238096,56.0,-103941.81198882827,-242750.44633305044,239909.79931238096,56.0
80aad,80aad,80aac,80aac,-16597.50822203085,-39139.83277711083,38475.52148566517,9.0,-103941.81198882827,-242750.44633305044,239909.79931238096,56.0,-103941.81198882827,-242750.44633305044,239909.79931238096,56.0
80aaf,80aaf,80aac,80aac,-27863.330537728867,-65215.937693186774,64056.000082936225,15.0,-103941.81198882827,-242750.44633305044,239909.79931238096,56.0,-103941.81198882827,-242750.44633305044,239909.79931238096,56.0
80ab04,80ab04,80ab04,80ab04,-65842.74712691644,-152586.66797294017,148675.76880577253,35.0,-65842.74712691644,-152586.66797294017,148675.76880577253,35.0,-65842.74712691644,-152586.66797294017,148675.76880577253,35.0
80ab0c,80ab0c,80ab0c,80ab0c,-63703.3716425933,-148338.19274911375,144427.8678064952,34.0,-63703.3716425933,-148338.19274911375,144427.8678064952,34.0,-63703.3716425933,-148338.19274911375,144427.8678064952,34.0
80ab14,80ab14,80ab14,80ab14,-35477.0650883767,-82922.16232864007,80735.32173039093,19.0,-35477.0650883767,-82922.16232864007,80735.32173039093,19.0,-35477.0650883767,-82922.16232864007,80735.32173039093,19.0
80ab19,80ab19,80ab19,80ab1c,-18588.542312836402,-43600.95312883941,42572.27075123809,10.0,-18588.542312836402,-43600.95312883941,42572.27075123809,10.0,-293845.4802794988,-688628.2790602709,672850.4435161751,158.0
80ab1b,80ab1b,80ab1b,80ab1c,-72627.45393014958,-170136.32057966368,165879.15405093558,39.0,-72627.45393014958,-170136.32057966368,165879.15405093558,39.0,-293845.4802794988,-688628.2790602709,672850.4435161751,158.0
80ab1d,80ab1d,80ab1d,80ab1c,0.0,0.0,0.0,0.0,-106138.63105300309,-248229.06140748042,242884.77805272583,57.0,-293845.4802794988,-688628.2790602709,672850.4435161751,158.0
80ab1f,80ab1f,80ab1f,80ab1c,0.0,0.0,0.0,0.0,-96490.85298350966,-226661.94394428746,221514.24066127566,52.0,-293845.4802794988,-688628.2790602709,672850.4435161751,158.0
80ab21,80ab21,80ab24,80ab3,-31439.00704658334,-74140.51262953058,72423.83196510383,17.0,-127193.84710082598,-301084.34185368876,293968.79187514365,69.0,-202374.83178888584,-480161.3053862408,468641.7101295851,110.0
80ab23,80ab23,80ab24,80ab3,-27680.839138436575,-65442.75826733237,63903.91831267902,15.0,-127193.84710082598,-301084.34185368876,293968.79187514365,69.0,-202374.83178888584,-480161.3053862408,468641.7101295851,110.0
80ab25,80ab25,80ab24,80ab3,-62562.21640757836,-148410.0431967271,144852.2573913052,34.0,-127193.84710082598,-301084.34185368876,293968.79187514365,69.0,-202374.83178888584,-480161.3053862408,468641.7101295851,110.0
80ab27,80ab27,80ab24,80ab3,-5511.784508227709,-13091.0277600988,12788.784206055654,3.0,-127193.84710082598,-301084.34185368876,293968.79187514365,69.0,-202374.83178888584,-480161.3053862408,468641.7101295851,110.0
80ab2c,80ab2c,80ab2c,80ab3,-75180.98468805988,-179076.9635325521,174672.91825444144,41.0,-75180.98468805988,-179076.9635325521,174672.91825444144,41.0,-202374.83178888584,-480161.3053862408,468641.7101295851,110.0
80aba3,80aba3,80abc,80abc,-36117.88214277686,-82892.23221075699,80481.53064978676,19.0,0.0,0.0,0.0,0.0,-233594.6936430076,-536242.7169346908,521492.7664911833,123.0
80aba5,80aba5,80abc,80abc,0.0,0.0,0.0,0.0,0.0,0.0,0.0,0.0,-233594.6936430076,-536242.7169346908,521492.7664911833,123.0
80abac,80abac,80abc,80abc,-77445.82942491904,-178640.5293982366,174129.44600855478,41.0,0.0,0.0,0.0,0.0,-233594.6936430076,-536242.7169346908,521492.7664911833,123.0
80abf,80abf,80abc,80abc,-19469.962764230266,-43667.18088188519,42107.87510548569,10.0,0.0,0.0,0.0,0.0,-233594.6936430076,-536242.7169346908,521492.7664911833,123.0
80ad,80ad,80ad,80ad,-29564.640655117506,-66106.57298835482,62358.18243504159,15.0,-29564.640655117506,-66106.57298835482,62358.18243504159,15.0,-29564.640655117506,-66106.57298835482,62358.18243504159,15.0
80af,80af,80af,80af,-96327.69609880778,-206206.40010993351,194566.79968689967,47.0,-96327.69609880778,-206206.40010993351,194566.79968689967,47.0,-96327.69609880778,-206206.40010993351,194566.79968689967,47.0
80b01,80b01,80b01,80b04,-93215.67792570613,-195555.77039378052,177905.95902350888,44.0,-93215.67792570613,-195555.77039378052,177905.95902350888,44.0,-222733.15382486355,-472220.0567943535,428322.5945885506,106.0
80b04c,80b04c,80b05,80b04,-85542.75616076769,-182882.29802392458,165734.3432142699,41.0,-112632.99273353202,-241052.2517681024,218098.81678166802,54.0,-222733.15382486355,-472220.0567943535,428322.5945885506,106.0
80b054,80b054,80b05,80b04,-27090.236572764345,-58169.95374417778,52364.4735673981,13.0,-112632.99273353202,-241052.2517681024,218098.81678166802,54.0,-222733.15382486355,-472220.0567943535,428322.5945885506,106.0
80b07,80b07,80b07,80b04,-16884.4831656254,-35612.03463247059,32317.818783373827,8.0,-16884.4831656254,-35612.03463247059,32317.818783373827,8.0,-222733.15382486355,-472220.0567943535,428322.5945885506,106.0
80b0c,80b0c,80b0c,80b0c,-50988.48125017874,-107691.4207256088,95824.325564695,24.0,-50988.48125017874,-107691.4207256088,95824.325564695,24.0,-50988.48125017874,-107691.4207256088,95824.325564695,24.0
80b11,80b11,80b14,80b14,-68253.38703077713,-148234.41554198568,132552.61036453434,33.0,-180266.7655063027,-396235.5710933265,353305.98844833806,88.0,-180266.7655063027,-396235.5710933265,353305.98844833806,88.0
80b15,80b15,80b14,80b14,-12246.284085571193,-27112.55668789088,24003.490309181398,6.0,-180266.7655063027,-396235.5710933265,353305.98844833806,88.0,-180266.7655063027,-396235.5710933265,353305.98844833806,88.0
80b17,80b17,80b14,80b14,-99767.09438995438,-220888.59886344994,196749.88777462236,49.0,-180266.7655063027,-396235.5710933265,353305.98844833806,88.0,-180266.7655063027,-396235.5710933265,353305.98844833806,88.0
80b1c,80b1c,80b1c,80b1c,-72478.14194522728,-156671.0908853819,141149.99265129212,35.0,-72478.14194522728,-156671.0908853819,141149.99265129212,35.0,-72478.14194522728,-156671.0908853819,141149.99265129212,35.0
80b24,80b24,80b24,80b3,-1993.5317889847142,-4463.794562071576,4085.3546043893275,1.0,-1993.5317889847142,-4463.794562071576,4085.3546043893275,1.0,-334086.29210311675,-750659.7748325062,665870.8816741824,166.0
80b3d,80b3d,80b3d,80b3,-94675.09986989562,-212385.76524260797,188657.53486660743,47.0,-94675.09986989562,-212385.76524260797,188657.53486660743,47.0,-334086.29210311675,-750659.7748325062,665870.8816741824,166.0
80b3e3,80b3e3,80b3e4,80b3,-6065.303060697628,-13572.621783185674,12012.646488401584,3.0,-137124.5276870982,-307549.3658633266,272575.01773127133,68.0,-334086.29210311675,-750659.7748325062,665870.8816741824,166.0
80b3e5,80b3e5,80b3e4,80b3,-36324.318721294905,-81464.96365177134,72076.9187779698,18.0,-137124.5276870982,-307549.3658633266,272575.01773127133,68.0,-334086.29210311675,-750659.7748325062,665870.8816741824,166.0
80b3e7,80b3e7,80b3e4,80b3,-90688.32793884641,-203475.45320124843,180464.9157299312,45.0,-137124.5276870982,-307549.3658633266,272575.01773127133,68.0,-334086.29210311675,-750659.7748325062,665870.8816741824,166.0
80b3ec,80b3ec,80b3ec,80b3,-88186.54044492535,-199053.3300430979,176586.07715887687,44.0,-88186.54044492535,-199053.3300430979,176586.07715887687,44.0,-334086.29210311675,-750659.7748325062,665870.8816741824,166.0
80b3fc,80b3fc,80b3fc,80b3,-12106.59231221287,-27207.51912140225,23966.89731303747,6.0,-12106.59231221287,-27207.51912140225,23966.89731303747,6.0,-334086.29210311675,-750659.7748325062,665870.8816741824,166.0
80b5,80b5,80b5,80b5,-8089.116971316005,-18232.533156543534,15860.195651475033,4.0,-8089.116971316005,-18232.533156543534,15860.195651475033,4.0,-8089.116971316005,-18232.533156543534,15860.195651475033,4.0
80b7,80b7,80b7,80b7,-82821.11014051255,-178569.63539228364,151613.4306917152,39.0,-82821.11014051255,-178569.63539228364,151613.4306917152,39.0,-82821.11014051255,-178569.63539228364,151613.4306917152,39.0
80b84,80b84,80b84,80b84,-37325.47856935627,-77295.04137024349,66049.76857359045,17.0,-37325.47856935627,-77295.04137024349,66049.76857359045,17.0,-37325.47856935627,-77295.04137024349,66049.76857359045,17.0
80b894,80b894,80b89,80b8c,-25185.08670517387,-49963.4881185669,42198.57992324005,11.0,-201791.69115838897,-400211.30379589205,336805.2401889693,88.0,0.0,0.0,0.0,0.0
80b899,80b899,80b89,80b8c,0.0,0.0,0.0,0.0,-201791.69115838897,-400211.30379589205,336805.2401889693,88.0,0.0,0.0,0.0,0.0
80b89f,80b89f,80b89,80b8c,-57357.074407277316,-113775.30070075676,95571.64656058836,25.0,-201791.69115838897,-400211.30379589205,336805.2401889693,88.0,0.0,0.0,0.0,0.0
80b8a1,80b8a1,80b8b,80b8c,-46037.999945729105,-90961.66468048823,76435.42900773679,20.0,-195769.5152921416,-386433.3045176862,324967.54420463485,85.0,0.0,0.0,0.0,0.0
80b8a3,80b8a3,80b8b,80b8c,-73571.33356076879,-145484.13866758143,122415.39614940395,32.0,-195769.5152921416,-386433.3045176862,324967.54420463485,85.0,0.0,0.0,0.0,0.0
80b8a7,80b8a7,80b8b,80b8c,-57719.19088633949,-113715.82721571127,95424.3105431483,25.0,-195769.5152921416,-386433.3045176862,324967.54420463485,85.0,0.0,0.0,0.0,0.0
80b8ac,80b8ac,80b8b,80b8c,-2314.5598427200002,-4539.566596640694,3824.2516887372135,1.0,-195769.5152921416,-386433.3045176862,324967.54420463485,85.0,0.0,0.0,0.0,0.0
80b8b4,80b8b4,80b8b,80b8c,-6957.362165210992,-13598.171679702022,11488.800448152822,3.0,-195769.5152921416,-386433.3045176862,324967.54420463485,85.0,0.0,0.0,0.0,0.0
80b8bc,80b8bc,80b8b,80b8c,-9169.068891373163,-18133.935677562553,15379.356367455734,4.0,-195769.5152921416,-386433.3045176862,324967.54420463485,85.0,0.0,0.0,0.0,0.0
80b8c4,80b8c4,80b8d,80b8c,-82684.90914513811,-163009.61163302176,138547.318710276,36.0,-149565.85229231603,-293878.284217586,250512.66268935523,65.0,0.0,0.0,0.0,0.0
80b8cc,80b8cc,80b8d,80b8c,-2317.4551476435777,-4516.5164799692875,3849.705658164472,1.0,-149565.85229231603,-293878.284217586,250512.66268935523,65.0,0.0,0.0,0.0,0.0
80b8d4,80b8d4,80b8d,80b8c,-62276.20020267326,-121837.39878852823,104245.87940839451,27.0,-149565.85229231603,-293878.284217586,250512.66268935523,65.0,0.0,0.0,0.0,0.0
80b94,80b94,80b94,80b94,-103843.61077859164,-202579.18559830688,174275.42491079087,45.0,-103843.61077859164,-202579.18559830688,174275.42491079087,45.0,-103843.61077859164,-202579.18559830688,174275.42491079087,45.0
80b9c,80b9c,80b9c,80b9c,-8873.335830475091,-17967.28800296189,15744.050233247352,4.0,-8873.335830475091,-17967.28800296189,15744.050233247352,4.0,-8873.335830475091,-17967.28800296189,15744.050233247352,4.0
80bb,80bb,80bb,80bb,0.0,0.0,0.0,0.0,-120581.74170467086,-244739.75206084482,219840.80173362597,55.0,-120581.74170467086,-244739.75206084482,219840.80173362597,55.0
80bc1,80bc1,80bc4,80bd,0.0,0.0,0.0,0.0,-172909.46275757716,-334038.6278602194,294680.1735456532,75.0,0.0,0.0,0.0,0.0
80bc3,80bc3,80bc4,80bd,-30310.53559962905,-57728.81506350266,51071.475784302864,13.0,-172909.46275757716,-334038.6278602194,294680.1735456532,75.0,0.0,0.0,0.0,0.0
80bcc,80bcc,80bcc,80bd,-6847.894801643757,-13191.340055007304,12016.61133683802,3.0,-6847.894801643757,-13191.340055007304,12016.61133683802,3.0,0.0,0.0,0.0,0.0
80bd1,80bd1,80bd4,80bd,-61231.428156371796,-114356.43315027155,103014.24162448509,26.0,-206545.48140870593,-381391.0100571742,345110.3040092048,87.0,0.0,0.0,0.0,0.0
80bd5,80bd5,80bd4,80bd,-9521.111298159982,-17488.41013555245,15904.030398725497,4.0,-206545.48140870593,-381391.0100571742,345110.3040092048,87.0,0.0,0.0,0.0,0.0
80bd64,80bd64,80bd4,80bd,-100216.47630517773,-183791.27108513907,166666.56780974887,42.0,-206545.48140870593,-381391.0100571742,345110.3040092048,87.0,0.0,0.0,0.0,0.0
80bd6c,80bd6c,80bd4,80bd,-33181.48354850522,-61363.31963741756,55579.849689797426,14.0,-206545.48140870593,-381391.0100571742,345110.3040092048,87.0,0.0,0.0,0.0,0.0
80bd7c,80bd7c,80bd4,80bd,-2394.9821004912137,-4391.576048793494,3945.6144864478906,1.0,-206545.48140870593,-381391.0100571742,345110.3040092048,87.0,0.0,0.0,0.0,0.0
80bdac,80bdac,80bdc,80bd,-54156.70252987702,-101448.78873125176,90813.90803093227,23.0,-141183.27286298305,-265050.18400046515,236512.63229783674,60.0,0.0,0.0,0.0,0.0
80bdb4,80bdb4,80bdc,80bd,-70504.40978217493,-132602.673322106,118221.9119796893,30.0,-141183.27286298305,-265050.18400046515,236512.63229783674,60.0,0.0,0.0,0.0,0.0
80bdd,80bdd,80bdc,80bd,-14128.397987400022,-26578.054537322532,23563.073209149246,6.0,-141183.27286298305,-265050.18400046515,236512.63229783674,60.0,0.0,0.0,0.0,0.0
80bdf,80bdf,80bdc,80bd,-2393.762563531104,-4420.66740978483,3913.739078065976,1.0,-141183.27286298305,-265050.18400046515,236512.63229783674,60.0,0.0,0.0,0.0,0.0
80be4,80be4,80be4,80bf,-7121.3707291164965,-13339.215550744713,11690.13197414282,3.0,-7121.3707291164965,-13339.215550744713,11690.13197414282,3.0,-298075.08959666133,-578881.9021047562,501492.8168967566,129.0
80be9,80be9,80be9,80bf,-2331.389001669897,-4463.461762104824,3902.805087472109,1.0,-2331.389001669897,-4463.461762104824,3902.805087472109,1.0,-298075.08959666133,-578881.9021047562,501492.8168967566,129.0
80beb,80beb,80beb,80bf,-89958.02078965516,-174694.30862513854,152073.5745370859,39.0,-89958.02078965516,-174694.30862513854,152073.5745370859,39.0,-298075.08959666133,-578881.9021047562,501492.8168967566,129.0
80becb,80becb,80bed,80bf,-50773.02840462094,-98730.80494205047,85555.62406957883,22.0,-191678.67420386468,-372841.187289746,322290.4686468988,83.0,-298075.08959666133,-578881.9021047562,501492.8168967566,129.0
80becd,80becd,80bed,80bf,-99267.63758250541,-193170.85288592827,166977.2487521162,43.0,-191678.67420386468,-372841.187289746,322290.4686468988,83.0,-298075.08959666133,-578881.9021047562,501492.8168967566,129.0
80bed4,80bed4,80bed,80bf,-34653.33280517332,-67445.60115200916,58162.943047357556,15.0,-191678.67420386468,-372841.187289746,322290.4686468988,83.0,-298075.08959666133,-578881.9021047562,501492.8168967566,129.0
80bf4,80bf4,80bf4,80bf,-6985.6348723550345,-13543.728877022084,11535.83665115698,3.0,-6985.6348723550345,-13543.728877022084,11535.83665115698,3.0,-298075.08959666133,-578881.9021047562,501492.8168967566,129.0
5341,5341,5341,5341,0.0,0.0,0.0,0.0,-91185.83330203056,-251817.90611946536,290328.3918680226,62.0,-91185.83330203056,-251817.90611946536,290328.3918680226,62.0
53424,53424,53424,53424,0.0,0.0,0.0,0.0,-101700.79907913125,-260624.18104886136,305324.88064889883,65.0,-101700.79907913125,-260624.18104886136,305324.88064889883,65.0
5342c,5342c,5342c,5342c,-56642.99174222945,-139037.9719613003,164868.28150243565,35.0,-56642.99174222945,-139037.9719613003,164868.28150243565,35.0,-56642.99174222945,-139037.9719613003,164868.28150243565,35.0
53431,53431,53431,53434,-46445.73256779994,-116517.22289736535,135655.81463034663,29.0,-46445.73256779994,-116517.22289736535,135655.81463034663,29.0,0.0,0.0,0.0,0.0
53433,53433,53433,53434,-21247.957890891837,-52384.59950004929,60531.319099192704,13.0,-21247.957890891837,-52384.59950004929,60531.319099192704,13.0,0.0,0.0,0.0,0.0
534344,534344,534344,53434,-8157.524692075233,-20209.685218648632,23232.88828414987,5.0,-8157.524692075233,-20209.685218648632,23232.88828414987,5.0,0.0,0.0,0.0,0.0
53434c,53434c,53434c,53434,-3273.8256401944245,-8089.451427782098,9284.495331616934,2.0,-3273.8256401944245,-8089.451427782098,9284.495331616934,2.0,0.0,0.0,0.0,0.0
534351,534351,534351,53434,-21283.7926692809,-52670.58977175708,60270.02895581185,13.0,-21283.7926692809,-52670.58977175708,60270.02895581185,13.0,0.0,0.0,0.0,0.0
534353,534353,534353,53434,-11474.230822289031,-28381.973048870626,32429.97879032609,7.0,-11474.230822289031,-28381.973048870626,32429.97879032609,7.0,0.0,0.0,0.0,0.0
5343544,5343544,534355,53434,-78694.23992718213,-194771.77704975609,222238.5198716306,48.0,0.0,0.0,0.0,0.0,0.0,0.0,0.0,0.0
534354c,534354c,534355,53434,-44372.98677410467,-109535.37905135074,124991.86783257194,27.0,0.0,0.0,0.0,0.0,0.0,0.0,0.0,0.0
5343554,5343554,534355,53434,0.0,0.0,0.0,0.0,0.0,0.0,0.0,0.0,0.0,0.0,0.0,0.0
534355c,534355c,534355,53434,-68819.04711360707,-170498.38918175333,194408.22436499002,42.0,0.0,0.0,0.0,0.0,0.0,0.0,0.0,0.0
534357,534357,534357,53434,-70263.97344737205,-174648.77812146582,199025.6850660053,43.0,-70263.97344737205,-174648.77812146582,199025.6850660053,43.0,0.0,0.0,0.0,0.0
53435c,53435c,53435c,53434,-1630.4854886405028,-4053.148114471652,4637.1608299869295,1.0,-1630.4854886405028,-4053.148114471652,4637.1608299869295,1.0,0.0,0.0,0.0,0.0
53437,53437,53437,53434,-3218.9950498288476,-8113.0711052189445,9283.057719822093,2.0,-3218.9950498288476,-8113.0711052189445,9283.057719822093,2.0,0.0,0.0,0.0,0.0
5343c,5343c,5343c,5343c,0.0,0.0,0.0,0.0,-103376.97647726815,-272656.4740623839,311733.1138100778,67.0,-103376.97647726815,-272656.4740623839,311733.1138100778,67.0
53441,53441,53441,53444,-30808.54622421625,-81772.58476076729,92735.65013897902,20.0,-30808.54622421625,-81772.58476076729,92735.65013897902,20.0,-173572.85805118462,-458441.130330249,518514.5693230454,112.0
53443,53443,53443,53444,-27477.726052029182,-74043.50588857674,83148.00314697652,18.0,-27477.726052029182,-74043.50588857674,83148.00314697652,18.0,-173572.85805118462,-458441.130330249,518514.5693230454,112.0
53445,53445,53445,53444,-12508.73555162813,-32858.4495928431,36899.74509297715,8.0,-12508.73555162813,-32858.4495928431,36899.74509297715,8.0,-173572.85805118462,-458441.130330249,518514.5693230454,112.0
534464,534464,53447,53444,-6253.476223998989,-16373.765274429006,18499.456569819195,4.0,-102777.85022331105,-269766.59008806193,305731.1709441127,66.0,-173572.85805118462,-458441.130330249,518514.5693230454,112.0
53446c,53446c,53447,53444,-23312.605780951646,-61365.42912086049,69451.39386010692,15.0,-102777.85022331105,-269766.59008806193,305731.1709441127,66.0,-173572.85805118462,-458441.130330249,518514.5693230454,112.0
534474,534474,53447,53444,-73211.7682183604,-192027.39569277238,217780.32051418658,47.0,-102777.85022331105,-269766.59008806193,305731.1709441127,66.0,-173572.85805118462,-458441.130330249,518514.5693230454,112.0
53449,53449,53449,53449,-44540.563186225416,-114421.87847870511,129406.8578447764,28.0,-44540.563186225416,-114421.87847870511,129406.8578447764,28.0,-44540.563186225416,-114421.87847870511,129406.8578447764,28.0
5344a4,5344a4,5344b,5344b,-48693.375276714185,-122117.53485706523,138733.62873812788,30.0,-131606.24652502136,-329774.9115676747,374481.9541195116,81.0,-131606.24652502136,-329774.9115676747,374481.9541195116,81.0
5344ac,5344ac,5344b,5344b,-55438.039488008806,-138195.98400634312,157322.07131114358,34.0,-131606.24652502136,-329774.9115676747,374481.9541195116,81.0,-131606.24652502136,-329774.9115676747,374481.9541195116,81.0
5344bc,5344bc,5344b,5344b,-27474.831760298355,-69461.39270426634,78426.25407024009,17.0,-131606.24652502136,-329774.9115676747,374481.9541195116,81.0,-131606.24652502136,-329774.9115676747,374481.9541195116,81.0
5344c4,5344c4,5344c4,5344d,-66144.18700249719,-167913.99989102798,188841.59318573686,41.0,-66144.18700249719,-167913.99989102798,188841.59318573686,41.0,-227891.0115597829,-578744.0003643959,648138.7215952382,141.0
5344d1,5344d1,5344d4,5344d,-56627.12034839093,-143802.1572035432,160738.14746152752,35.0,-89117.90132282181,-226043.35138635404,252480.35072611127,55.0,-227891.0115597829,-578744.0003643959,648138.7215952382,141.0
5344d5,5344d5,5344d4,5344d,-24380.04753105379,-61688.50242798711,68795.59804170227,15.0,-89117.90132282181,-226043.35138635404,252480.35072611127,55.0,-227891.0115597829,-578744.0003643959,648138.7215952382,141.0
5344d7,5344d7,5344d4,5344d,-8110.733443377084,-20552.69175482372,22946.605222881528,5.0,-89117.90132282181,-226043.35138635404,252480.35072611127,55.0,-227891.0115597829,-578744.0003643959,648138.7215952382,141.0
5344dc,5344dc,5344dc,5344d,-72628.92323446386,-184786.649087014,206816.7776833901,45.0,-72628.92323446386,-184786.649087014,206816.7776833901,45.0,-227891.0115597829,-578744.0003643959,648138.7215952382,141.0
5344f,5344f,5344f,5344f,-33233.96237777831,-86154.85312585304,96813.71862771771,21.0,-33233.96237777831,-86154.85312585304,96813.71862771771,21.0,-33233.96237777831,-86154.85312585304,96813.71862771771,21.0
53451,53451,53451,53451,-12565.962489000098,-33138.667718553304,36628.625086045184,8.0,-12565.962489000098,-33138.667718553304,36628.625086045184,8.0,-12565.962489000098,-33138.667718553304,36628.625086045184,8.0
53453,53453,53453,53453,-58109.75667612422,-148831.18197117434,164549.8474456139,36.0,-58109.75667612422,-148831.18197117434,164549.8474456139,36.0,-58109.75667612422,-148831.18197117434,164549.8474456139,36.0
534541,534541,534541,534544,-4776.470915754749,-12449.818678527212,13692.882658855651,3.0,-4776.470915754749,-12449.818678527212,13692.882658855651,3.0,-310132.94709418295,-805575.4387743666,884590.6537731073,194.0
534543,534543,534543,534544,-36643.39383641445,-95620.68077999543,104813.76146903912,23.0,-36643.39383641445,-95620.68077999543,104813.76146903912,23.0,-310132.94709418295,-805575.4387743666,884590.6537731073,194.0
5345444,5345444,534545,534544,-79884.60028681,-207690.1790844554,227942.13460056143,50.0,-151800.19610296463,-394649.94133711816,433048.0172176569,95.0,-310132.94709418295,-805575.4387743666,884590.6537731073,194.0
534544c,534544c,534545,534544,-39900.64724864359,-103901.5195762405,113934.22361620762,25.0,-151800.19610296463,-394649.94133711816,433048.0172176569,95.0,-310132.94709418295,-805575.4387743666,884590.6537731073,194.0
5345454,5345454,534545,534544,-3198.249577514027,-8312.0140372184,9112.663403907905,2.0,-151800.19610296463,-394649.94133711816,433048.0172176569,95.0,-310132.94709418295,-805575.4387743666,884590.6537731073,194.0
534545c,534545c,534545,534544,-28816.69898999704,-74746.22863920378,82058.99559698005,18.0,-151800.19610296463,-394649.94133711816,433048.0172176569,95.0,-310132.94709418295,-805575.4387743666,884590.6537731073,194.0
5345464,5345464,534547,534544,-51274.906514863585,-132751.66586968096,145985.56242616105,32.0,-116912.88623904905,-302854.997978726,333035.9924275556,73.0,-310132.94709418295,-805575.4387743666,884590.6537731073,194.0
534546c,534546c,534547,534544,-38380.099223086676,-99620.41547843936,109464.3229162674,24.0,-116912.88623904905,-302854.997978726,333035.9924275556,73.0,-310132.94709418295,-805575.4387743666,884590.6537731073,194.0
5345474,5345474,534547,534544,-3200.1593815438528,-8294.279052140919,9128.138905435264,2.0,-116912.88623904905,-302854.997978726,333035.9924275556,73.0,-310132.94709418295,-805575.4387743666,884590.6537731073,194.0
534547c,534547c,534547,534544,-24057.72111955493,-62188.6375784648,68457.96817969192,15.0,-116912.88623904905,-302854.997978726,333035.9924275556,73.0,-310132.94709418295,-805575.4387743666,884590.6537731073,194.0
534549,534549,53454c,53454c,-40184.93323318082,-103713.85936331589,114005.26028317696,25.0,-143242.40379612154,-369499.81088897627,405540.1292330695,89.0,-143242.40379612154,-369499.81088897627,405540.1292330695,89.0
53454b,53454b,53454c,53454c,-1617.1572542143044,-4148.307933468899,4556.98330411013,1.0,-143242.40379612154,-369499.81088897627,405540.1292330695,89.0,-143242.40379612154,-369499.81088897627,405540.1292330695,89.0
53454d,53454d,53454c,53454c,-53166.00883485135,-137092.3977599845,150270.72111357405,33.0,-143242.40379612154,-369499.81088897627,405540.1292330695,89.0,-143242.40379612154,-369499.81088897627,405540.1292330695,89.0
53454f,53454f,53454c,53454c,-48274.30447387508,-124545.24583220703,136707.16453220835,30.0,-143242.40379612154,-369499.81088897627,405540.1292330695,89.0,-143242.40379612154,-369499.81088897627,405540.1292330695,89.0
534554,534554,534554,534554,-64453.762854386005,-166311.46157893154,182015.91301624008,40.0,-64453.762854386005,-166311.46157893154,182015.91301624008,40.0,-64453.762854386005,-166311.46157893154,182015.91301624008,40.0
53455c,53455c,53455c,53455c,-38154.65770735993,-99862.60322951773,109322.33926572473,24.0,-38154.65770735993,-99862.60322951773,109322.33926572473,24.0,-38154.65770735993,-99862.60322951773,109322.33926572473,24.0
534561,534561,534564,534564,-1581.027234734681,-4171.173841042642,4548.7816831000155,1.0,-99115.56272739166,-262547.0718564779,286959.2832195986,63.0,-99115.56272739166,-262547.0718564779,286959.2832195986,63.0
534563,534563,534564,534564,-23514.06692715854,-62624.82560481912,68248.91317898381,15.0,-99115.56272739166,-262547.0718564779,286959.2832195986,63.0,-99115.56272739166,-262547.0718564779,286959.2832195986,63.0
534565,534565,534564,534564,-50299.374872444445,-133312.09298761713,145814.12139742845,32.0,-99115.56272739166,-262547.0718564779,286959.2832195986,63.0,-99115.56272739166,-262547.0718564779,286959.2832195986,63.0
534567,534567,534564,534564,-23721.093693054005,-62438.97942299906,68347.46696008628,15.0,-99115.56272739166,-262547.0718564779,286959.2832195986,63.0,-99115.56272739166,-262547.0718564779,286959.2832195986,63.0
534579,534579,534579,53457c,-59196.23515294134,-158410.81628637167,173243.80042611013,38.0,-59196.23515294134,-158410.81628637167,173243.80042611013,38.0,-276701.7060046729,-738128.7370352837,806373.2407786185,177.0
53457b4,53457b4,53457b,53457c,-53250.696176806734,-141751.26453867127,154895.75304939412,34.0,-123573.08819377092,-329375.2909788301,359947.53234147944,79.0,-276701.7060046729,-738128.7370352837,806373.2407786185,177.0
53457bc,53457bc,53457b,53457c,-70322.3920169642,-187624.02644015875,205051.77929208532,45.0,-123573.08819377092,-329375.2909788301,359947.53234147944,79.0,-276701.7060046729,-738128.7370352837,806373.2407786185,177.0
53457c4,53457c4,53457d,53457c,-12509.797765092753,-33363.417963129265,36443.53848317316,8.0,-92376.76017625438,-246164.68227683014,268630.58440489887,59.0,-276701.7060046729,-738128.7370352837,806373.2407786185,177.0
53457cc,53457cc,53457d,53457c,-46978.29076017841,-125142.64997127515,136613.07895638014,30.0,-92376.76017625438,-246164.68227683014,268630.58440489887,59.0,-276701.7060046729,-738128.7370352837,806373.2407786185,177.0
53457d4,53457d4,53457d,53457c,-32888.67165098324,-87658.61434242569,95573.96696534548,21.0,-92376.76017625438,-246164.68227683014,268630.58440489887,59.0,-276701.7060046729,-738128.7370352837,806373.2407786185,177.0
53457f,53457f,53457f,53457c,-1555.6224817061625,-4177.947493251877,4551.323606130216,1.0,-1555.6224817061625,-4177.947493251877,4551.323606130216,1.0,-276701.7060046729,-738128.7370352837,806373.2407786185,177.0
534584,534584,534584,53459,-44832.53767859604,-120960.96064352099,132266.54092818632,29.0,-44832.53767859604,-120960.96064352099,132266.54092818632,29.0,-211257.18538598,-576330.8730880647,629445.9469895791,138.0
534589,534589,534589,53459,-42835.26515030041,-117063.01397768607,127607.81780325912,28.0,-42835.26515030041,-117063.01397768607,127607.81780325912,28.0,-211257.18538598,-576330.8730880647,629445.9469895791,138.0
53458b,53458b,53458b,53459,-65478.79225401514,-179736.00360789755,196106.9523749362,43.0,-65478.79225401514,-179736.00360789755,196106.9523749362,43.0,-211257.18538598,-576330.8730880647,629445.9469895791,138.0
53458d,53458d,53458d,53459,-28973.206501683493,-79298.95027314106,86747.50044430335,19.0,-28973.206501683493,-79298.95027314106,86747.50044430335,19.0,-211257.18538598,-576330.8730880647,629445.9469895791,138.0
53458f,53458f,53458f,53459,-27595.584513173122,-75116.16585755207,82140.88028361347,18.0,-27595.584513173122,-75116.16585755207,82140.88028361347,18.0,-211257.18538598,-576330.8730880647,629445.9469895791,138.0
53459c,53459c,53459c,53459,-1541.7992882118247,-4155.778728266925,4576.255155280471,1.0,-1541.7992882118247,-4155.778728266925,4576.255155280471,1.0,-211257.18538598,-576330.8730880647,629445.9469895791,138.0
5345e4,5345e4,5345e4,5345e4,-1507.0489331323486,-4166.887902033134,4577.728897030926,1.0,-1507.0489331323486,-4166.887902033134,4577.728897030926,1.0,-1507.0489331323486,-4166.887902033134,4577.728897030926,1.0
5345ec,5345ec,5345ec,5345ec,-66607.66900669632,-183414.61640337855,201256.65308104755,44.0,-66607.66900669632,-183414.61640337855,201256.65308104755,44.0,-66607.66900669632,-183414.61640337855,201256.65308104755,44.0
5345f1,5345f1,5345f1,5345f4,-73915.28132702192,-204716.34685512152,223793.94272596724,49.0,-73915.28132702192,-204716.34685512152,223793.94272596724,49.0,-259861.76655588657,-718585.8160262625,785437.490111104,172.0
5345f24,5345f24,5345f3,5345f4,-54572.0467499397,-150238.8745637229,164482.48804874247,36.0,-92563.4068084729,-254614.83722286197,278635.483625592,61.0,-259861.76655588657,-718585.8160262625,785437.490111104,172.0
5345f2c,5345f2c,5345f3,5345f4,-15203.98344975521,-41728.88675743547,45678.37689983105,10.0,-92563.4068084729,-254614.83722286197,278635.483625592,61.0,-259861.76655588657,-718585.8160262625,785437.490111104,172.0
5345f34,5345f34,5345f3,5345f4,-22787.37660877797,-62647.07590170359,68474.61867701856,15.0,-92563.4068084729,-254614.83722286197,278635.483625592,61.0,-259861.76655588657,-718585.8160262625,785437.490111104,172.0
5345f5,5345f5,5345f5,5345f4,-7601.070883406345,-20889.590315309953,22816.497663890834,5.0,-7601.070883406345,-20889.590315309953,22816.497663890834,5.0,-259861.76655588657,-718585.8160262625,785437.490111104,172.0
5345f74,5345f74,5345f7,5345f4,-70743.99738754123,-196523.99007495548,214560.87523010533,47.0,-85782.0075369854,-238365.0416329691,260191.56609565392,57.0,-259861.76655588657,-718585.8160262625,785437.490111104,172.0
5345f7c,5345f7c,5345f7,5345f4,-15038.010149444195,-41841.051558013634,45630.690865548575,10.0,-85782.0075369854,-238365.0416329691,260191.56609565392,57.0,-259861.76655588657,-718585.8160262625,785437.490111104,172.0
5345fc,5345fc,5345fc,5345fc,-19515.058616840422,-54416.68203305114,59309.82162738015,13.0,-19515.058616840422,-54416.68203305114,59309.82162738015,13.0,-19515.058616840422,-54416.68203305114,59309.82162738015,13.0
53463,53463,53464,53464,-10018.939432693438,-29362.308182025754,32037.050555304708,7.0,-89975.36388332458,-257742.28383837582,285479.7656518997,62.0,-89975.36388332458,-257742.28383837582,285479.7656518997,62.0
53465,53465,53464,53464,0.0,0.0,0.0,0.0,-89975.36388332458,-257742.28383837582,285479.7656518997,62.0,-89975.36388332458,-257742.28383837582,285479.7656518997,62.0
53467,53467,53464,53464,-2947.507368196685,-8292.155077007093,9214.73306762801,2.0,-89975.36388332458,-257742.28383837582,285479.7656518997,62.0,-89975.36388332458,-257742.28383837582,285479.7656518997,62.0
534684,534684,5346c,5346c,-1488.01582811096,-4130.962918470104,4616.352173653311,1.0,-118324.87334471074,-329864.4672049885,370082.6478724241,80.0,-118324.87334471074,-329864.4672049885,370082.6478724241,80.0
53468c,53468c,5346c,5346c,-50439.93996462074,-140365.97179477292,157082.63902847064,34.0,-118324.87334471074,-329864.4672049885,370082.6478724241,80.0,-118324.87334471074,-329864.4672049885,370082.6478724241,80.0
534694,534694,5346c,5346c,-29643.224187601023,-82493.58916509432,92476.90332341123,20.0,-118324.87334471074,-329864.4672049885,370082.6478724241,80.0,-118324.87334471074,-329864.4672049885,370082.6478724241,80.0
5346b,5346b,5346c,5346c,-11860.131634569265,-32896.90942899904,37079.22417715902,8.0,-118324.87334471074,-329864.4672049885,370082.6478724241,80.0,-118324.87334471074,-329864.4672049885,370082.6478724241,80.0
5346d,5346d,5346c,5346c,-17654.140232051635,-49258.93386145357,55738.680905489935,12.0,-118324.87334471074,-329864.4672049885,370082.6478724241,80.0,-118324.87334471074,-329864.4672049885,370082.6478724241,80.0
5346f,5346f,5346c,5346c,-7239.421497757123,-20718.100036198528,23088.848264239972,5.0,-118324.87334471074,-329864.4672049885,370082.6478724241,80.0,-118324.87334471074,-329864.4672049885,370082.6478724241,80.0
53474,53474,53474,53474,-5786.252585310282,-16392.59705127379,18634.32054369372,4.0,-5786.252585310282,-16392.59705127379,18634.32054369372,4.0,-5786.252585310282,-16392.59705127379,18634.32054369372,4.0
53479,53479,5347c,5347c,-26536.20714581264,-79306.46686154045,87516.83823637274,19.0,0.0,0.0,0.0,0.0,-143181.96160991286,-421360.0343547506,464765.5232709865,101.0
5347a4,5347a4,5347c,5347c,-1403.0024910147442,-4164.496267463367,4612.841638097664,1.0,0.0,0.0,0.0,0.0,-143181.96160991286,-421360.0343547506,464765.5232709865,101.0
5347b4,5347b4,5347c,5347c,-64293.42317465542,-187520.45289063812,207115.01123167595,45.0,0.0,0.0,0.0,0.0,-143181.96160991286,-421360.0343547506,464765.5232709865,101.0
5347bc,5347bc,5347c,5347c,-25343.846964821816,-74993.12134764678,82974.65739801696,18.0,0.0,0.0,0.0,0.0,-143181.96160991286,-421360.0343547506,464765.5232709865,101.0
5347d,5347d,5347c,5347c,-24231.26136272362,-71171.05795778647,77960.9851662919,17.0,0.0,0.0,0.0,0.0,-143181.96160991286,-421360.0343547506,464765.5232709865,101.0
5347f,5347f,5347c,5347c,-1374.2204708846043,-4204.439029675446,4585.189600531359,1.0,0.0,0.0,0.0,0.0,-143181.96160991286,-421360.0343547506,464765.5232709865,101.0
53481,53481,53481,53481,-10977.449671842012,-33778.55415664198,36554.602618113415,8.0,-10977.449671842012,-33778.55415664198,36554.602618113415,8.0,-10977.449671842012,-33778.55415664198,36554.602618113415,8.0
534862c,534862c,534864,534864,-69516.37120150866,-206472.40279865143,223590.28390599738,49.0,-141580.86472772225,-421432.3872948673,456340.8093544393,100.0,-141580.86472772225,-421432.3872948673,456340.8093544393,100.0
5348634,5348634,534864,534864,-52352.1389460163,-155922.95750787534,168862.8261474219,37.0,-141580.86472772225,-421432.3872948673,456340.8093544393,100.0,-141580.86472772225,-421432.3872948673,456340.8093544393,100.0
534865,534865,534864,534864,-15489.87310235814,-46363.58789480339,50217.93815172377,11.0,-141580.86472772225,-421432.3872948673,456340.8093544393,100.0,-141580.86472772225,-421432.3872948673,456340.8093544393,100.0
534867,534867,534864,534864,-4222.481477839152,-12673.43909353709,13669.761149296204,3.0,-141580.86472772225,-421432.3872948673,456340.8093544393,100.0,-141580.86472772225,-421432.3872948673,456340.8093544393,100.0
534874,534874,534874,534874,-2806.7161646446857,-8426.488932424967,9136.500453039702,2.0,-2806.7161646446857,-8426.488932424967,9136.500453039702,2.0,-2806.7161646446857,-8426.488932424967,9136.500453039702,2.0
53487ac,53487ac,53487b,53487c,-61930.655990703126,-185370.02566849263,200958.46855472942,44.0,0.0,0.0,0.0,0.0,0.0,0.0,0.0,0.0
53487b4,53487b4,53487b,53487c,0.0,0.0,0.0,0.0,0.0,0.0,0.0,0.0,0.0,0.0,0.0,0.0
53487c4,53487c4,53487c4,53487c,-28327.434913188245,-84192.86625518791,91351.07416736311,20.0,-28327.434913188245,-84192.86625518791,91351.07416736311,20.0,0.0,0.0,0.0,0.0
53487cc,53487cc,53487cc,53487c,0.0,0.0,0.0,0.0,0.0,0.0,0.0,0.0,0.0,0.0,0.0,0.0
53487d1,53487d1,53487d4,53487c,-36871.378295117436,-109475.97555310218,118718.9329800074,26.0,-89372.61112036294,-265290.1371573261,287635.8788174104,63.0,0.0,0.0,0.0,0.0
53487d3,53487d3,53487d4,53487c,-24102.172282879812,-71602.73692943074,77605.22998813252,17.0,-89372.61112036294,-265290.1371573261,287635.8788174104,63.0,0.0,0.0,0.0,0.0
53487d5,53487d5,53487d4,53487c,-9935.030768139362,-29484.61978466865,31950.746876099925,7.0,-89372.61112036294,-265290.1371573261,287635.8788174104,63.0,0.0,0.0,0.0,0.0
53487d7,53487d7,53487d4,53487c,-18464.02977422635,-54726.80489012449,59360.96897317061,13.0,-89372.61112036294,-265290.1371573261,287635.8788174104,63.0,0.0,0.0,0.0,0.0
53487dc,53487dc,53487dc,53487c,-35496.38238470776,-105218.9055838722,114182.23596021371,25.0,-35496.38238470776,-105218.9055838722,114182.23596021371,25.0,0.0,0.0,0.0,0.0
53487f,53487f,53487f,53487c,-5677.851710845192,-16807.129117447854,18295.311525146666,4.0,-5677.851710845192,-16807.129117447854,18295.311525146666,4.0,0.0,0.0,0.0,0.0
534881,534881,534884,53489,-31380.088238487453,-92453.53908880246,100563.76404897256,22.0,-101294.37756411651,-298540.5263455844,324385.1214130981,71.0,-282002.2330237278,-829870.7731247573,898349.2049646867,197.0
534883,534883,534884,53489,-21518.45342568349,-62986.74646275432,68573.46053812648,15.0,-101294.37756411651,-298540.5263455844,324385.1214130981,71.0,-282002.2330237278,-829870.7731247573,898349.2049646867,197.0
534887,534887,534884,53489,-48395.83589994558,-143100.2407940278,155247.89682599917,34.0,-101294.37756411651,-298540.5263455844,324385.1214130981,71.0,-282002.2330237278,-829870.7731247573,898349.2049646867,197.0
534889,534889,53488c,53489,-31324.57422814587,-92725.15188842498,100330.73004475572,22.0,-98629.0219477335,-290868.71590767486,314508.2128936095,69.0,-282002.2330237278,-829870.7731247573,898349.2049646867,197.0
53488d,53488d,53488c,53489,-14315.450573483122,-42176.273764498575,45554.41704615302,10.0,-98629.0219477335,-290868.71590767486,314508.2128936095,69.0,-282002.2330237278,-829870.7731247573,898349.2049646867,197.0
53488f,53488f,53488c,53489,-52988.99714610447,-155967.2902547512,168623.06580270076,37.0,-98629.0219477335,-290868.71590767486,314508.2128936095,69.0,-282002.2330237278,-829870.7731247573,898349.2049646867,197.0
534891,534891,534894,53489,-2880.4282586225786,-8429.1999230437,9111.022591619838,2.0,-79196.30717520355,-232046.064219192,250332.82426713622,55.0,-282002.2330237278,-829870.7731247573,898349.2049646867,197.0
534893,534893,534894,53489,-57548.73948358473,-168778.2341862822,182059.46118355324,40.0,-79196.30717520355,-232046.064219192,250332.82426713622,55.0,-282002.2330237278,-829870.7731247573,898349.2049646867,197.0
534895,534895,534894,53489,-11532.03179957169,-33769.1205663533,36392.34710104852,8.0,-79196.30717520355,-232046.064219192,250332.82426713622,55.0,-282002.2330237278,-829870.7731247573,898349.2049646867,197.0
534897,534897,534894,53489,-7235.107633424553,-21069.5095435128,22769.993390914642,5.0,-79196.30717520355,-232046.064219192,250332.82426713622,55.0,-282002.2330237278,-829870.7731247573,898349.2049646867,197.0
53489c,53489c,53489c,53489,-2882.526336674274,-8415.466652305884,9123.04639084275,2.0,-2882.526336674274,-8415.466652305884,9123.04639084275,2.0,-282002.2330237278,-829870.7731247573,898349.2049646867,197.0
5348ac,5348ac,5348b,5348b,-26576.242363612993,-75598.37822181461,82034.46460670957,18.0,0.0,0.0,0.0,0.0,-166160.87712667964,-475279.6971924476,514577.0699181703,113.0
5348b1,5348b1,5348b,5348b,0.0,0.0,0.0,0.0,0.0,0.0,0.0,0.0,-166160.87712667964,-475279.6971924476,514577.0699181703,113.0
5348b3,5348b3,5348b,5348b,-17727.824413137667,-50498.06157669657,54594.81474115541,12.0,0.0,0.0,0.0,0.0,-166160.87712667964,-475279.6971924476,514577.0699181703,113.0
5348b5,5348b5,5348b,5348b,-4443.09145437057,-12627.094255632152,13642.69789017118,3.0,0.0,0.0,0.0,0.0,-166160.87712667964,-475279.6971924476,514577.0699181703,113.0
5348bc,5348bc,5348b,5348b,-30693.648271189446,-88428.56631679731,95594.7693176237,21.0,0.0,0.0,0.0,0.0,-166160.87712667964,-475279.6971924476,514577.0699181703,113.0
5348c4,5348c4,5348c4,5348d,-20367.270522765182,-59149.51150016134,63577.481065097905,14.0,-20367.270522765182,-59149.51150016134,63577.481065097905,14.0,-173115.55811070598,-499129.06424156856,534856.6441481579,118.0
5348cc,5348cc,5348cc,5348d,-69037.1215222908,-198706.43858406978,213101.7954021126,47.0,-69037.1215222908,-198706.43858406978,213101.7954021126,47.0,-173115.55811070598,-499129.06424156856,534856.6441481579,118.0
5348d4,5348d4,5348d4,5348d,-69193.83223274112,-198879.16051331177,212889.72470336617,47.0,-69193.83223274112,-198879.16051331177,212889.72470336617,47.0,-173115.55811070598,-499129.06424156856,534856.6441481579,118.0
5348dc,5348dc,5348dc,5348d,-14517.333832908851,-42393.953644025656,45287.64297758133,10.0,-14517.333832908851,-42393.953644025656,45287.64297758133,10.0,-173115.55811070598,-499129.06424156856,534856.6441481579,118.0
5348f,5348f,5348f,5348f,-53392.85305896943,-156286.67001507417,168199.3867407059,37.0,-53392.85305896943,-156286.67001507417,168199.3867407059,37.0,-53392.85305896943,-156286.67001507417,168199.3867407059,37.0
534904c,534904c,534904,53491,-4270.073399725525,-12774.193921245955,13560.760338458636,3.0,-72474.2395279105,-217268.7572836117,230468.45845281673,51.0,-281353.18957353954,-843767.3782141705,894521.685027393,198.0
5349054,5349054,534904,53491,-65367.00782573531,-195970.97583780347,207871.21645470627,46.0,-72474.2395279105,-217268.7572836117,230468.45845281673,51.0,-281353.18957353954,-843767.3782141705,894521.685027393,198.0
534905c,534905c,534904,53491,-2837.1583024496767,-8523.58752456223,9036.48165965178,2.0,-72474.2395279105,-217268.7572836117,230468.45845281673,51.0,-281353.18957353954,-843767.3782141705,894521.685027393,198.0
53490a4,53490a4,53490c,53491,-47836.71645114327,-145217.7270981566,153444.49702723112,34.0,-107109.89837093263,-324615.71364516864,342926.1631282376,76.0,-281353.18957353954,-843767.3782141705,894521.685027393,198.0
53490b4,53490b4,53490c,53491,-36654.500172804626,-111122.95547002216,117246.78366281517,26.0,-107109.89837093263,-324615.71364516864,342926.1631282376,76.0,-281353.18957353954,-843767.3782141705,894521.685027393,198.0
53490bc,53490bc,53490c,53491,-11272.536677559661,-34176.12891877787,36092.46883124547,8.0,-107109.89837093263,-324615.71364516864,342926.1631282376,76.0,-281353.18957353954,-843767.3782141705,894521.685027393,198.0
53490f,53490f,53490c,53491,-11346.145069425069,-34098.902158212,36142.41360694582,8.0,-107109.89837093263,-324615.71364516864,342926.1631282376,76.0,-281353.18957353954,-843767.3782141705,894521.685027393,198.0
53491b,53491b,53491c,53491,-18539.742355135782,-55332.92565913708,58772.554840841076,13.0,-101769.05167469638,-301882.9072853902,321127.0634463388,71.0,-281353.18957353954,-843767.3782141705,894521.685027393,198.0
53491d,53491d,53491c,53491,-20045.031263962548,-59531.025311002566,63323.33791341273,14.0,-101769.05167469638,-301882.9072853902,321127.0634463388,71.0,-281353.18957353954,-843767.3782141705,894521.685027393,198.0
53491f,53491f,53491c,53491,-63184.27805559804,-187018.9563152505,199031.170692085,44.0,-101769.05167469638,-301882.9072853902,321127.0634463388,71.0,-281353.18957353954,-843767.3782141705,894521.685027393,198.0
534921,534921,534924,53493,-50519.24148189092,-148761.64121428726,158241.02324372256,35.0,-89660.26053699317,-263445.64852305595,280329.0355659835,62.0,-164919.71636308212,-484973.6598152381,514882.6619059279,114.0
534925,534925,534924,53493,-2896.769502671911,-8506.304946268534,9033.852539930513,2.0,-89660.26053699317,-263445.64852305595,280329.0355659835,62.0,-164919.71636308212,-484973.6598152381,514882.6619059279,114.0
534927,534927,534924,53493,-36244.24955243031,-106177.70236250016,113054.15978233033,25.0,-89660.26053699317,-263445.64852305595,280329.0355659835,62.0,-164919.71636308212,-484973.6598152381,514882.6619059279,114.0
53492c,53492c,53492c,53493,-19077.547367980333,-55210.963226389984,58715.07834240841,13.0,-19077.547367980333,-55210.963226389984,58715.07834240841,13.0,-164919.71636308212,-484973.6598152381,514882.6619059279,114.0
534934,534934,534934,53493,-1468.843187340364,-4254.386924278749,4509.151219376797,1.0,-1468.843187340364,-4254.386924278749,4509.151219376797,1.0,-164919.71636308212,-484973.6598152381,514882.6619059279,114.0
53493c,53493c,53493c,53493,-54713.06527076826,-162062.6611415135,171329.39677815922,38.0,-54713.06527076826,-162062.6611415135,171329.39677815922,38.0,-164919.71636308212,-484973.6598152381,514882.6619059279,114.0
53495,53495,53495,53495,-17238.40920477499,-51442.919003628944,53864.46788130435,12.0,-17238.40920477499,-51442.919003628944,53864.46788130435,12.0,-17238.40920477499,-51442.919003628944,53864.46788130435,12.0
534964,534964,534964,53497,-58335.33268623167,-175778.913361423,184201.27670051067,41.0,-58335.33268623167,-175778.913361423,184201.27670051067,41.0,-213936.0320774876,-646639.4223130859,679392.3826976076,151.0
53496c,53496c,53496c,53497,-35488.11702734503,-107131.84124322172,112391.90242037196,25.0,-35488.11702734503,-107131.84124322172,112391.90242037196,25.0,-213936.0320774876,-646639.4223130859,679392.3826976076,151.0
534971,534971,534974,53497,-39643.895201468615,-119903.99368096299,125991.1020490677,28.0,-120112.5823639109,-363728.6677084412,382799.2035767249,85.0,-213936.0320774876,-646639.4223130859,679392.3826976076,151.0
534973,534973,534974,53497,-52256.461849590625,-158298.9898325027,166667.49592635632,37.0,-120112.5823639109,-363728.6677084412,382799.2035767249,85.0,-213936.0320774876,-646639.4223130859,679392.3826976076,151.0
534975,534975,534974,53497,-28212.225312851668,-85525.6841949756,90140.6056013009,20.0,-120112.5823639109,-363728.6677084412,382799.2035767249,85.0,-213936.0320774876,-646639.4223130859,679392.3826976076,151.0
5349c,5349c,5349c,5349c,-16135.467969295705,-51570.70215839482,54083.14085627535,12.0,-16135.467969295705,-51570.70215839482,54083.14085627535,12.0,-16135.467969295705,-51570.70215839482,54083.14085627535,12.0
534b,534b,534b,534b,-68975.79788918499,-216490.02521512815,223260.80314396424,50.0,-68975.79788918499,-216490.02521512815,223260.80314396424,50.0,-68975.79788918499,-216490.02521512815,223260.80314396424,50.0
534c1,534c1,534c4,534c4,-51797.64261168849,-150348.68750091505,156315.93496282163,35.0,-78385.08503713625,-228126.02678695455,236283.81180555827,53.0,-78385.08503713625,-228126.02678695455,236283.81180555827,53.0
534c7,534c7,534c4,534c4,-26587.44242544774,-77777.33928603954,79967.87684273664,18.0,-78385.08503713625,-228126.02678695455,236283.81180555827,53.0,-78385.08503713625,-228126.02678695455,236283.81180555827,53.0
534cc,534cc,534cc,534cc,-47571.9046013429,-144630.1318406427,144987.0749242186,33.0,-47571.9046013429,-144630.1318406427,144987.0749242186,33.0,-47571.9046013429,-144630.1318406427,144987.0749242186,33.0
534d4c,534d4c,534d4c,534d4,-69084.27183271594,-196479.3772521703,197021.346007588,45.0,-69084.27183271594,-196479.3772521703,197021.346007588,45.0,-272660.6516291235,-766148.8707184719,771992.925054892,176.0
534d54,534d54,534d54,534d4,-20039.74638548818,-56693.94061488484,56955.014089252305,13.0,-20039.74638548818,-56693.94061488484,56955.014089252305,13.0,-272660.6516291235,-766148.8707184719,771992.925054892,176.0
534d5b,534d5b,534d5c,534d4,-38628.88772275829,-108900.52278644532,109622.41306583892,25.0,-85286.27418090108,-239317.75391919978,241323.6057911005,55.0,-272660.6516291235,-766148.8707184719,771992.925054892,176.0
534d5d,534d5d,534d5c,534d4,-4652.756070862493,-13053.338451849413,13163.20605642807,3.0,-85286.27418090108,-239317.75391919978,241323.6057911005,55.0,-272660.6516291235,-766148.8707184719,771992.925054892,176.0
534d5f,534d5f,534d5c,534d4,-42004.6303872803,-117363.89268090503,118537.98666883349,27.0,-85286.27418090108,-239317.75391919978,241323.6057911005,55.0,-272660.6516291235,-766148.8707184719,771992.925054892,176.0
534d601,534d601,534d7,534d4,-26518.73939429664,-73843.07867918856,74661.86965259405,17.0,-98250.35923001831,-273657.7989322172,276692.9591669511,63.0,-272660.6516291235,-766148.8707184719,771992.925054892,176.0
534d603,534d603,534d7,534d4,-32778.789941752926,-91196.52523899236,92243.29610958465,21.0,-98250.35923001831,-273657.7989322172,276692.9591669511,63.0,-272660.6516291235,-766148.8707184719,771992.925054892,176.0
534d607,534d607,534d7,534d4,-37391.48791770368,-104276.60325305274,105394.3271941603,24.0,-98250.35923001831,-273657.7989322172,276692.9591669511,63.0,-272660.6516291235,-766148.8707184719,771992.925054892,176.0
534d61c,534d61c,534d7,534d4,-1561.341976265088,-4341.591760983501,4393.4662106121,1.0,-98250.35923001831,-273657.7989322172,276692.9591669511,63.0,-272660.6516291235,-766148.8707184719,771992.925054892,176.0
534e1,534e1,534e1,534e1,-39563.36271234439,-106281.47048653828,111837.26616541322,25.0,-39563.36271234439,-106281.47048653828,111837.26616541322,25.0,-39563.36271234439,-106281.47048653828,111837.26616541322,25.0
534e21,534e21,534e3,534e3,-45983.260700727114,-123008.66452100716,129963.02146770708,29.0,-151924.70564083604,-406707.4267310727,430792.3457193604,96.0,-151924.70564083604,-406707.4267310727,430792.3457193604,96.0
534e23,534e23,534e3,534e3,-3167.5019186662566,-8481.161807503084,8966.372517467456,2.0,-151924.70564083604,-406707.4267310727,430792.3457193604,96.0,-151924.70564083604,-406707.4267310727,430792.3457193604,96.0
534e25,534e25,534e3,534e3,-47495.096003161314,-127169.11672566747,134547.39675263967,30.0,-151924.70564083604,-406707.4267310727,430792.3457193604,96.0,-151924.70564083604,-406707.4267310727,430792.3457193604,96.0
534e27,534e27,534e3,534e3,-3170.8926474713166,-8480.453719841244,8965.84390765287,2.0,-151924.70564083604,-406707.4267310727,430792.3457193604,96.0,-151924.70564083604,-406707.4267310727,430792.3457193604,96.0
534e2c,534e2c,534e3,534e3,-9586.483743000543,-25327.038797152745,26979.093960275342,6.0,-151924.70564083604,-406707.4267310727,430792.3457193604,96.0,-151924.70564083604,-406707.4267310727,430792.3457193604,96.0
534e34,534e34,534e3,534e3,-40942.64431348392,-110005.56580431995,116880.82506318051,26.0,-151924.70564083604,-406707.4267310727,430792.3457193604,96.0,-151924.70564083604,-406707.4267310727,430792.3457193604,96.0
534e3c,534e3c,534e3,534e3,-1578.826314325549,-4235.42535558107,4489.792050437481,1.0,-151924.70564083604,-406707.4267310727,430792.3457193604,96.0,-151924.70564083604,-406707.4267310727,430792.3457193604,96.0
534e4c,534e4c,534e4c,534e5,-65428.10335214337,-177878.83014616804,188887.67592879446,42.0,-65428.10335214337,-177878.83014616804,188887.67592879446,42.0,-161078.45412041782,-440363.5618885761,468136.10325918975,104.0
534e51,534e51,534e54,534e5,-23227.512566126312,-63532.30842992006,67504.24264372243,15.0,-95650.35076827448,-262484.73174240807,279248.4273303952,62.0,-161078.45412041782,-440363.5618885761,468136.10325918975,104.0
534e53,534e53,534e54,534e5,-26260.456768415526,-71958.07735824806,76569.31603449259,17.0,-95650.35076827448,-262484.73174240807,279248.4273303952,62.0,-161078.45412041782,-440363.5618885761,468136.10325918975,104.0
534e55,534e55,534e54,534e5,-46162.381433732626,-126994.34595423994,135174.86865218024,30.0,-95650.35076827448,-262484.73174240807,279248.4273303952,62.0,-161078.45412041782,-440363.5618885761,468136.10325918975,104.0
534e9,534e9,534e9,534e9,-25533.127512111638,-72541.11994840474,76264.49741756025,17.0,-25533.127512111638,-72541.11994840474,76264.49741756025,17.0,-25533.127512111638,-72541.11994840474,76264.49741756025,17.0
534eac,534eac,534eb,534eb,-14699.684612219964,-42832.83064323571,44813.37907931001,10.0,-84150.61049638805,-243479.90509276575,255952.6806854109,57.0,-84150.61049638805,-243479.90509276575,255952.6806854109,57.0
534eb4,534eb4,534eb,534eb,-47077.8268544654,-136669.93034046685,143766.7990234832,32.0,-84150.61049638805,-243479.90509276575,255952.6806854109,57.0,-84150.61049638805,-243479.90509276575,255952.6806854109,57.0
534ebc,534ebc,534eb,534eb,-22373.09902970271,-63977.14410906322,67372.50258261764,15.0,-84150.61049638805,-243479.90509276575,255952.6806854109,57.0,-84150.61049638805,-243479.90509276575,255952.6806854109,57.0
534ec4,534ec4,534ec4,534ed,-16460.413451578257,-46798.50199802498,49500.57221806332,11.0,-16460.413451578257,-46798.50199802498,49500.57221806332,11.0,-169941.57032803376,-484180.68196291104,513995.59629382537,114.0
534ecc,534ecc,534ecc,534ed,-17676.801820006665,-51129.27262906388,54020.822314832614,12.0,-17676.801820006665,-51129.27262906388,54020.822314832614,12.0,-169941.57032803376,-484180.68196291104,513995.59629382537,114.0
534ed4,534ed4,534ed4,534ed,-31108.93261634403,-89070.84577160986,94861.43847368,21.0,-31108.93261634403,-89070.84577160986,94861.43847368,21.0,-169941.57032803376,-484180.68196291104,513995.59629382537,114.0
534ed9,534ed9,534edc,534ed,-14896.741236150652,-42439.88977635949,45121.1435401983,10.0,-104695.42244010484,-297182.0615642123,315612.7632872494,70.0,-169941.57032803376,-484180.68196291104,513995.59629382537,114.0
534edb,534edb,534edc,534ed,-4480.858327318141,-12732.628880141157,13531.808657865378,3.0,-104695.42244010484,-297182.0615642123,315612.7632872494,70.0,-169941.57032803376,-484180.68196291104,513995.59629382537,114.0
534edc4,534edc4,534edc,534ed,-53867.4288808737,-152822.93334179692,162319.96098162915,36.0,-104695.42244010484,-297182.0615642123,315612.7632872494,70.0,-169941.57032803376,-484180.68196291104,513995.59629382537,114.0
534edcc,534edcc,534edc,534ed,-13469.141173922351,-38225.37065693799,40560.73441907397,9.0,-104695.42244010484,-297182.0615642123,315612.7632872494,70.0,-169941.57032803376,-484180.68196291104,513995.59629382537,114.0
534edd4,534edd4,534edc,534ed,-14985.230885017312,-42469.28536070748,45064.15090901301,10.0,-104695.42244010484,-297182.0615642123,315612.7632872494,70.0,-169941.57032803376,-484180.68196291104,513995.59629382537,114.0
534eddc,534eddc,534edc,534ed,-2996.021936822668,-8491.953548269325,9014.964779469594,2.0,-104695.42244010484,-297182.0615642123,315612.7632872494,70.0,-169941.57032803376,-484180.68196291104,513995.59629382537,114.0
534ee4,534ee4,534ef,534ef,-1509.2620807458493,-4243.640621927651,4505.928913467859,1.0,-109944.15312079573,-305213.71981243545,324304.63176673464,72.0,-109944.15312079573,-305213.71981243545,324304.63176673464,72.0
534eec,534eec,534ef,534ef,-10557.314677207769,-29797.55550764168,31457.0458247075,7.0,-109944.15312079573,-305213.71981243545,324304.63176673464,72.0,-109944.15312079573,-305213.71981243545,324304.63176673464,72.0
534ef9,534ef9,534ef,534ef,-38185.464445952784,-106045.33013901704,112538.21653244534,25.0,-109944.15312079573,-305213.71981243545,324304.63176673464,72.0,-109944.15312079573,-305213.71981243545,324304.63176673464,72.0
534efd,534efd,534ef,534ef,-10663.729917034287,-29637.97503778862,31571.712924390362,7.0,-109944.15312079573,-305213.71981243545,324304.63176673464,72.0,-109944.15312079573,-305213.71981243545,324304.63176673464,72.0
534eff,534eff,534ef,534ef,-49028.381999855046,-135489.21850606042,144231.72757172358,32.0,-109944.15312079573,-305213.71981243545,324304.63176673464,72.0,-109944.15312079573,-305213.71981243545,324304.63176673464,72.0
534f1,534f1,534f1,534f1,-24329.174584415287,-67646.58011950953,72270.17292634313,16.0,-24329.174584415287,-67646.58011950953,72270.17292634313,16.0,-24329.174584415287,-67646.58011950953,72270.17292634313,16.0
534f24,534f24,534f24,534f3,-61418.53225242481,-173489.7175219535,185365.52129938736,41.0,-61418.53225242481,-173489.7175219535,185365.52129938736,41.0,-267490.88463256333,-762065.2256389379,814130.5547018475,180.0
534f29,534f29,534f2c,534f3,-40132.87520240558,-114404.49197446223,122028.23578044845,27.0,0.0,0.0,0.0,0.0,-267490.88463256333,-762065.2256389379,814130.5547018475,180.0
534f2b,534f2b,534f2c,534f3,0.0,0.0,0.0,0.0,0.0,0.0,0.0,0.0,-267490.88463256333,-762065.2256389379,814130.5547018475,180.0
534f2d,534f2d,534f2c,534f3,-19185.618611762227,-55037.047243148285,58843.04242702024,13.0,0.0,0.0,0.0,0.0,-267490.88463256333,-762065.2256389379,814130.5547018475,180.0
534f2f,534f2f,534f2c,534f3,-1485.7600157369407,-4227.438060461808,4528.911320645802,1.0,0.0,0.0,0.0,0.0,-267490.88463256333,-762065.2256389379,814130.5547018475,180.0
534f34,534f34,534f34,534f3,-25328.2944335074,-71697.0850063885,77126.09558327617,17.0,-25328.2944335074,-71697.0850063885,77126.09558327617,17.0,-267490.88463256333,-762065.2256389379,814130.5547018475,180.0
534f3c,534f3c,534f3c,534f3,-7494.205929592084,-21119.61187962932,22639.40558507628,5.0,-7494.205929592084,-21119.61187962932,22639.40558507628,5.0,-267490.88463256333,-762065.2256389379,814130.5547018475,180.0
534f44,534f44,534f5,534f5,-1500.8438671338893,-4200.006261339523,4549.414052476739,1.0,-147268.48724668915,-416459.7727578496,450213.71413885645,99.0,-147268.48724668915,-416459.7727578496,450213.71413885645,99.0
534f49,534f49,534f5,534f5,-4463.953931510692,-12641.614228509163,13622.42573796269,3.0,-147268.48724668915,-416459.7727578496,450213.71413885645,99.0,-147268.48724668915,-416459.7727578496,450213.71413885645,99.0
534f4a4,534f4a4,534f5,534f5,-25288.60963414319,-71613.46120740502,77216.81595887164,17.0,-147268.48724668915,-416459.7727578496,450213.71413885645,99.0,-147268.48724668915,-416459.7727578496,450213.71413885645,99.0
534f4b4,534f4b4,534f5,534f5,-22269.19795415378,-63133.241646848466,68198.02687842875,15.0,-147268.48724668915,-416459.7727578496,450213.71413885645,99.0,-147268.48724668915,-416459.7727578496,450213.71413885645,99.0
534f4bc,534f4bc,534f5,534f5,-62429.64189397246,-176795.24107242984,190909.15306033663,42.0,-147268.48724668915,-416459.7727578496,450213.71413885645,99.0,-147268.48724668915,-416459.7727578496,450213.71413885645,99.0
534f4d,534f4d,534f5,534f5,-2964.582739176294,-8417.425001065834,9094.900659753144,2.0,-147268.48724668915,-416459.7727578496,450213.71413885645,99.0,-147268.48724668915,-416459.7727578496,450213.71413885645,99.0
534f54,534f54,534f5,534f5,-25332.49378297785,-71263.2841861847,77525.76636455482,17.0,-147268.48724668915,-416459.7727578496,450213.71413885645,99.0,-147268.48724668915,-416459.7727578496,450213.71413885645,99.0
534f5c,534f5c,534f5,534f5,-3019.1634436209906,-8395.49915406702,9097.211426471978,2.0,-147268.48724668915,-416459.7727578496,450213.71413885645,99.0,-147268.48724668915,-416459.7727578496,450213.71413885645,99.0
534f64,534f64,534f7,534f7,-1531.6492028647865,-4182.149319805275,4555.593365950628,1.0,-114063.15941658846,-310040.374369383,336353.62079285947,74.0,-114063.15941658846,-310040.374369383,336353.62079285947,74.0
534f6c,534f6c,534f7,534f7,-4556.9176428670025,-12614.523539240932,13616.751976268286,3.0,-114063.15941658846,-310040.374369383,336353.62079285947,74.0,-114063.15941658846,-310040.374369383,336353.62079285947,74.0
534f74,534f74,534f7,534f7,-12342.806657537709,-33549.11714327475,36329.82316573711,8.0,-114063.15941658846,-310040.374369383,336353.62079285947,74.0,-114063.15941658846,-310040.374369383,336353.62079285947,74.0
534f79,534f79,534f7,534f7,-74066.6840701224,-201096.84936240502,218158.10738779098,48.0,-114063.15941658846,-310040.374369383,336353.62079285947,74.0,-114063.15941658846,-310040.374369383,336353.62079285947,74.0
534f7d,534f7d,534f7,534f7,-20017.05664682489,-54413.74678553182,59144.987855070925,13.0,-114063.15941658846,-310040.374369383,336353.62079285947,74.0,-114063.15941658846,-310040.374369383,336353.62079285947,74.0
534f7f,534f7f,534f7,534f7,-1548.045196371697,-4183.9882191252,4548.357042041608,1.0,-114063.15941658846,-310040.374369383,336353.62079285947,74.0,-114063.15941658846,-310040.374369383,336353.62079285947,74.0
534f89,534f89,534f9,534f9,-76868.65296592646,-204772.94749603854,222744.740650935,49.0,-112967.42799316242,-301070.982469079,327126.05142173707,72.0,-112967.42799316242,-301070.982469079,327126.05142173707,72.0
534f8b,534f8b,534f9,534f9,-1575.0304456166025,-4176.332357347495,4546.128052093398,1.0,-112967.42799316242,-301070.982469079,327126.05142173707,72.0,-112967.42799316242,-301070.982469079,327126.05142173707,72.0
534f8d,534f8d,534f9,534f9,-25210.363964038293,-66955.77537041192,72610.86713565074,16.0,-112967.42799316242,-301070.982469079,327126.05142173707,72.0,-112967.42799316242,-301070.982469079,327126.05142173707,72.0
534f9c,534f9c,534f9,534f9,-7747.186704564,-20989.75250178333,22674.990988321097,5.0,-112967.42799316242,-301070.982469079,327126.05142173707,72.0,-112967.42799316242,-301070.982469079,327126.05142173707,72.0
534fd1,534fd1,534fd,534fd,0.0,0.0,0.0,0.0,0.0,0.0,0.0,0.0,-179979.75225386335,-476091.72130157304,509150.28675274,113.0
534fd3,534fd3,534fd,534fd,-12730.577442184403,-33726.17427074452,36030.838642380826,8.0,0.0,0.0,0.0,0.0,-179979.75225386335,-476091.72130157304,509150.28675274,113.0
534fd5,534fd5,534fd,534fd,-52606.597038965476,-139156.45320008352,148560.62914036348,33.0,0.0,0.0,0.0,0.0,-179979.75225386335,-476091.72130157304,509150.28675274,113.0
534fdc,534fdc,534fd,534fd,-15966.589047388481,-42020.982073096486,45147.279276971145,10.0,0.0,0.0,0.0,0.0,-179979.75225386335,-476091.72130157304,509150.28675274,113.0
534fe4,534fe4,534ff,534ff,-57517.94893361082,-150877.85724065424,162886.04668637182,36.0,-98807.13963109998,-259632.16204160827,280811.07885041495,62.0,-98807.13963109998,-259632.16204160827,280811.07885041495,62.0
534fec,534fec,534ff,534ff,-23796.65700025067,-62799.77644747528,67989.70456718939,15.0,-98807.13963109998,-259632.16204160827,280811.07885041495,62.0,-98807.13963109998,-259632.16204160827,280811.07885041495,62.0
534ff4,534ff4,534ff,534ff,-9497.909295879987,-25092.72262694202,27228.18511775294,6.0,-98807.13963109998,-259632.16204160827,280811.07885041495,62.0,-98807.13963109998,-259632.16204160827,280811.07885041495,62.0
534ffc,534ffc,534ff,534ff,-7994.624401358495,-20861.80572653679,22707.142479100876,5.0,-98807.13963109998,-259632.16204160827,280811.07885041495,62.0,-98807.13963109998,-259632.16204160827,280811.07885041495,62.0
535000c,535000c,535004,53501,-48580.7029153816,-125056.866613555,136130.34980539666,30.0,-132751.00980482253,-342087.16182131786,371858.6765517909,82.0,0.0,0.0,0.0,0.0
5350014,5350014,535004,53501,-48537.21477521485,-125147.17291044102,136062.85191105187,30.0,-132751.00980482253,-342087.16182131786,371858.6765517909,82.0,0.0,0.0,0.0,0.0
535003,535003,535004,53501,-14553.334876979228,-37566.92864612707,40800.6895089326,9.0,-132751.00980482253,-342087.16182131786,371858.6765517909,82.0,0.0,0.0,0.0,0.0
535005,535005,535004,53501,-21079.75723724684,-54316.19365119471,58864.78532640977,13.0,-132751.00980482253,-342087.16182131786,371858.6765517909,82.0,0.0,0.0,0.0,0.0
53500c,53500c,53500c,53501,-47419.36233046298,-121031.36742083344,131296.55676521425,29.0,-47419.36233046298,-121031.36742083344,131296.55676521425,29.0,0.0,0.0,0.0,0.0
5350104,5350104,535014,53501,-37409.9144506152,-96133.73241344023,104071.03976426864,23.0,-136665.2515865716,-351349.5998249968,379838.4223047775,84.0,0.0,0.0,0.0,0.0
535010c,535010c,535014,53501,-65054.65538566764,-167308.9328757414,180884.53701436098,40.0,-136665.2515865716,-351349.5998249968,379838.4223047775,84.0,0.0,0.0,0.0,0.0
535011c,535011c,535014,53501,-3264.7126542490782,-8356.922991421916,9047.789891423177,2.0,-136665.2515865716,-351349.5998249968,379838.4223047775,84.0,0.0,0.0,0.0,0.0
535013,535013,535014,53501,-1636.2274209465738,-4176.634992273181,4524.183141511754,1.0,-136665.2515865716,-351349.5998249968,379838.4223047775,84.0,0.0,0.0,0.0,0.0
535017,535017,535014,53501,-29299.741675093115,-75373.37655212003,81310.872493213,18.0,-136665.2515865716,-351349.5998249968,379838.4223047775,84.0,0.0,0.0,0.0,0.0
53501c,53501c,53501c,53501,-24365.893704099493,-62684.058509091956,67894.81724975877,15.0,-24365.893704099493,-62684.058509091956,67894.81724975877,15.0,0.0,0.0,0.0,0.0
53502c,53502c,53503,53503,-1602.119480814963,-4210.427038890932,4505.027241765224,1.0,-116999.85246447336,-302107.52492713206,324744.63482569373,72.0,-116999.85246447336,-302107.52492713206,324744.63482569373,72.0
535034,535034,53503,53503,-6483.152581552063,-16835.49418340978,17999.18537907125,4.0,-116999.85246447336,-302107.52492713206,324744.63482569373,72.0,-116999.85246447336,-302107.52492713206,324744.63482569373,72.0
53503b,53503b,53503,53503,-42183.17794751973,-109182.43743994027,117211.12129437638,26.0,-116999.85246447336,-302107.52492713206,324744.63482569373,72.0,-116999.85246447336,-302107.52492713206,324744.63482569373,72.0
53503d,53503d,53503,53503,-66731.4024545866,-171879.16626489104,185029.3009104809,41.0,-116999.85246447336,-302107.52492713206,324744.63482569373,72.0,-116999.85246447336,-302107.52492713206,324744.63482569373,72.0
53504c,53504c,53504c,53504c,-65677.27860239084,-168302.9040424661,179733.71935313172,40.0,-65677.27860239084,-168302.9040424661,179733.71935313172,40.0,-65677.27860239084,-168302.9040424661,179733.71935313172,40.0
535053,535053,535054,535054,0.0,0.0,0.0,0.0,-150613.61406488545,-382480.44714574906,408837.12230254785,91.0,-150613.61406488545,-382480.44714574906,408837.12230254785,91.0
535055,535055,535054,535054,-3316.7793554546006,-8409.262230040593,8980.102324528976,2.0,-150613.61406488545,-382480.44714574906,408837.12230254785,91.0,-150613.61406488545,-382480.44714574906,408837.12230254785,91.0
535057,535057,535054,535054,-63025.46132512399,-159601.32056179168,170782.90292639795,38.0,-150613.61406488545,-382480.44714574906,408837.12230254785,91.0,-150613.61406488545,-382480.44714574906,408837.12230254785,91.0
535059,535059,53505c,53505c,-54824.17987566652,-138332.13579538898,148528.6595452078,33.0,-144555.5180509135,-364425.37290336867,391818.26679869776,87.0,-144555.5180509135,-364425.37290336867,391818.26679869776,87.0
53505d,53505d,53505c,53505c,-31558.89687593848,-79512.91419192903,85642.47323415139,19.0,-144555.5180509135,-364425.37290336867,391818.26679869776,87.0,-144555.5180509135,-364425.37290336867,391818.26679869776,87.0
53505f,53505f,53505c,53505c,-58172.44129930852,-146580.32291605067,157647.13401933853,35.0,-144555.5180509135,-364425.37290336867,391818.26679869776,87.0,-144555.5180509135,-364425.37290336867,391818.26679869776,87.0
5350654,5350654,535065,53507,-41478.44226236256,-104343.92487434833,112962.28830385569,25.0,-106204.45198644741,-267236.88442239654,289068.6198918494,64.0,-283857.4631538157,-713766.5684738532,772557.0469450819,171.0
535065c,535065c,535065,53507,-64726.00972408485,-162892.95954804818,176106.3315879937,39.0,-106204.45198644741,-267236.88442239654,289068.6198918494,64.0,-283857.4631538157,-713766.5684738532,772557.0469450819,171.0
535067,535067,535067,53507,-81324.34306600898,-204876.63984305202,221060.83095615773,49.0,-81324.34306600898,-204876.63984305202,221060.83095615773,49.0,-283857.4631538157,-713766.5684738532,772557.0469450819,171.0
535074,535074,535074,53507,-53025.105789150584,-133366.58074305725,144794.96419552361,32.0,-53025.105789150584,-133366.58074305725,144794.96419552361,32.0,-283857.4631538157,-713766.5684738532,772557.0469450819,171.0
53507c,53507c,53507c,53507,-43303.562312208785,-108286.46346534748,117632.6319015512,26.0,-43303.562312208785,-108286.46346534748,117632.6319015512,26.0,-283857.4631538157,-713766.5684738532,772557.0469450819,171.0
5350c,5350c,5350c,5350c,-5031.161783196139,-12505.163362303281,13550.449696777225,3.0,-5031.161783196139,-12505.163362303281,13550.449696777225,3.0,-5031.161783196139,-12505.163362303281,13550.449696777225,3.0
53514,53514,53514,53514,-38540.8707375733,-97333.37220668595,102529.50218175877,23.0,-38540.8707375733,-97333.37220668595,102529.50218175877,23.0,-38540.8707375733,-97333.37220668595,102529.50218175877,23.0
5351a4,5351a4,5351a4,5351b,-6581.708244343631,-16917.40090680072,17886.248840050637,4.0,-6581.708244343631,-16917.40090680072,17886.248840050637,4.0,0.0,0.0,0.0,0.0
5351ac,5351ac,5351ac,5351b,-62821.42301494819,-160288.47869524284,170213.53974270742,38.0,-62821.42301494819,-160288.47869524284,170213.53974270742,38.0,0.0,0.0,0.0,0.0
5351b1,5351b1,5351b4,5351b,-8192.498874678471,-21110.267202591192,22404.985871088473,5.0,-133937.89083897052,-345803.9303697143,367974.94238064776,82.0,0.0,0.0,0.0,0.0
5351b3,5351b3,5351b4,5351b,-1638.2177755394573,-4212.6319856961045,4489.958507901168,1.0,-133937.89083897052,-345803.9303697143,367974.94238064776,82.0,0.0,0.0,0.0,0.0
5351b4c,5351b4c,5351b4,5351b,-42547.21209752476,-109557.53283235765,116728.54648461382,26.0,-133937.89083897052,-345803.9303697143,367974.94238064776,82.0,0.0,0.0,0.0,0.0
5351b54,5351b54,5351b4,5351b,-40808.98307308175,-105390.77709608042,112231.92975511655,25.0,-133937.89083897052,-345803.9303697143,367974.94238064776,82.0,0.0,0.0,0.0,0.0
5351b5c,5351b5c,5351b4,5351b,-13039.289024832944,-33743.526325319326,35903.97587851569,8.0,-133937.89083897052,-345803.9303697143,367974.94238064776,82.0,0.0,0.0,0.0,0.0
5351b7,5351b7,5351b4,5351b,-27711.689993313114,-71789.19492766967,76215.54588341199,17.0,-133937.89083897052,-345803.9303697143,367974.94238064776,82.0,0.0,0.0,0.0,0.0
5351b84,5351b84,5351bc,5351b,-8144.500934928964,-21146.677902775366,22388.142980062,5.0,-135343.23322142218,-350931.78843994904,371687.8494568752,83.0,0.0,0.0,0.0,0.0
5351b8c,5351b8c,5351bc,5351b,-16267.107368394622,-42303.580250382554,44774.58517394281,10.0,-135343.23322142218,-350931.78843994904,371687.8494568752,83.0,0.0,0.0,0.0,0.0
5351b9c,5351b9c,5351bc,5351b,0.0,0.0,0.0,0.0,-135343.23322142218,-350931.78843994904,371687.8494568752,83.0,0.0,0.0,0.0,0.0
5351bd,5351bd,5351bc,5351b,-1639.7521788650952,-4231.538611528268,4471.582147375807,1.0,-135343.23322142218,-350931.78843994904,371687.8494568752,83.0,0.0,0.0,0.0,0.0
5351c4,5351c4,5351c4,5351d,-80873.3256997637,-211717.55848912214,223851.47953207945,50.0,-80873.3256997637,-211717.55848912214,223851.47953207945,50.0,-284770.61324431875,-748906.5968227161,793520.2911454884,177.0
5351cc,5351cc,5351cc,5351d,-40687.640557244784,-105431.69896068906,112237.54788876516,25.0,-40687.640557244784,-105431.69896068906,112237.54788876516,25.0,-284770.61324431875,-748906.5968227161,793520.2911454884,177.0
5351d4,5351d4,5351d4,5351d,-43185.80417035315,-114072.96083807891,121294.13935546215,27.0,-43185.80417035315,-114072.96083807891,121294.13935546215,27.0,-284770.61324431875,-748906.5968227161,793520.2911454884,177.0
5351d9,5351d9,5351dc,5351d,-78292.45593994485,-207542.2963557522,219664.45665287832,49.0,-120023.8428169571,-317684.37853482604,336137.1243691816,75.0,-284770.61324431875,-748906.5968227161,793520.2911454884,177.0
5351db,5351db,5351dc,5351d,-22457.450742294943,-59291.85928877698,62735.394912706106,14.0,-120023.8428169571,-317684.37853482604,336137.1243691816,75.0,-284770.61324431875,-748906.5968227161,793520.2911454884,177.0
5351dd,5351dd,5351dc,5351d,-19273.936134717304,-50850.22289029686,53737.27280359715,12.0,-120023.8428169571,-317684.37853482604,336137.1243691816,75.0,-284770.61324431875,-748906.5968227161,793520.2911454884,177.0
5351e9,5351e9,5351ec,5351f,-56452.07131950064,-148526.54502135058,156446.38896809038,35.0,-140555.43849685107,-369381.08259311033,388619.95416723203,87.0,-278328.1316804497,-735571.8265002649,772187.8463444763,173.0
5351eb,5351eb,5351ec,5351f,-24225.726510174194,-63680.3790436952,67012.07110761186,15.0,-140555.43849685107,-369381.08259311033,388619.95416723203,87.0,-278328.1316804497,-735571.8265002649,772187.8463444763,173.0
5351ed,5351ed,5351ec,5351f,-59877.640667176216,-157174.15852806452,165161.49409152978,37.0,-140555.43849685107,-369381.08259311033,388619.95416723203,87.0,-278328.1316804497,-735571.8265002649,772187.8463444763,173.0
5351f4,5351f4,5351f4,5351f,-77158.61709388322,-204329.45467263338,214043.74611212744,48.0,-77158.61709388322,-204329.45467263338,214043.74611212744,48.0,-278328.1316804497,-735571.8265002649,772187.8463444763,173.0
5351fc,5351fc,5351fc,5351f,-60614.07608971543,-161861.2892345211,169524.14606511677,38.0,-60614.07608971543,-161861.2892345211,169524.14606511677,38.0,-278328.1316804497,-735571.8265002649,772187.8463444763,173.0
53521,53521,53521,53521,-72459.52464535052,-192261.27906323184,199948.57162403074,45.0,-72459.52464535052,-192261.27906323184,199948.57162403074,45.0,-72459.52464535052,-192261.27906323184,199948.57162403074,45.0
535224,535224,53523,53523,-37093.31220459123,-98344.70209889147,102099.87364220616,23.0,-98512.51071014024,-261052.7896477117,270519.9807951377,61.0,-98512.51071014024,-261052.7896477117,270519.9807951377,61.0
53523c,53523c,53523,53523,-61419.19850554901,-162708.08754882024,168420.10715293157,38.0,-98512.51071014024,-261052.7896477117,270519.9807951377,61.0,-98512.51071014024,-261052.7896477117,270519.9807951377,61.0
535244,535244,535244,535244,-61421.97070262118,-163158.97461070179,167982.34230892532,38.0,-61421.97070262118,-163158.97461070179,167982.34230892532,38.0,-61421.97070262118,-163158.97461070179,167982.34230892532,38.0
535251,535251,535254,535254,-3249.0065839617137,-8604.06010107417,8818.906877281352,2.0,-90962.19474661571,-241147.57728063883,246704.49116191798,56.0,-90962.19474661571,-241147.57728063883,246704.49116191798,56.0
535253,535253,535254,535254,-21156.87671363826,-55927.13436568028,57308.028142226,13.0,-90962.19474661571,-241147.57728063883,246704.49116191798,56.0,-90962.19474661571,-241147.57728063883,246704.49116191798,56.0
535255,535255,535254,535254,-29285.10819067832,-77542.45629495657,79250.40753468795,18.0,-90962.19474661571,-241147.57728063883,246704.49116191798,56.0,-90962.19474661571,-241147.57728063883,246704.49116191798,56.0
535257,535257,535254,535254,-37271.20325833743,-99073.92651892781,101327.14860772267,23.0,-90962.19474661571,-241147.57728063883,246704.49116191798,56.0,-90962.19474661571,-241147.57728063883,246704.49116191798,56.0
535259,535259,535259,53525c,-77408.59344688519,-206783.7078490237,211582.5959576538,48.0,-77408.59344688519,-206783.7078490237,211582.5959576538,48.0,-315523.4341390932,-843882.3772144346,864640.2272419763,196.0
53525a4,53525a4,53525b,53525c,-3226.277636380787,-8612.537949114325,8818.97585788442,2.0,-109578.7560277917,-292672.95178323356,300036.7103827872,68.0,-315523.4341390932,-843882.3772144346,864640.2272419763,196.0
53525b4,53525b4,53525b,53525c,-46721.65565096178,-124767.1777064142,128008.66617109934,29.0,-109578.7560277917,-292672.95178323356,300036.7103827872,68.0,-315523.4341390932,-843882.3772144346,864640.2272419763,196.0
53525bc,53525bc,53525b,53525c,-59630.822740449126,-159293.23612770502,163209.06835380342,37.0,-109578.7560277917,-292672.95178323356,300036.7103827872,68.0,-315523.4341390932,-843882.3772144346,864640.2272419763,196.0
53525c4,53525c4,53525d,53525c,-51449.12009930945,-137757.3602378372,141208.3687757456,32.0,-128536.08466441632,-344425.71758217714,353020.9209015353,80.0,-315523.4341390932,-843882.3772144346,864640.2272419763,196.0
53525cc,53525cc,53525d,53525c,-22541.655965592774,-60248.60660096511,61786.49251474261,14.0,-128536.08466441632,-344425.71758217714,353020.9209015353,80.0,-315523.4341390932,-843882.3772144346,864640.2272419763,196.0
53525dc,53525dc,53525d,53525c,-54545.30859951411,-146419.75074337487,150026.0596110471,34.0,-128536.08466441632,-344425.71758217714,353020.9209015353,80.0,-315523.4341390932,-843882.3772144346,864640.2272419763,196.0
53527,53527,53527,53527,-66782.4036483612,-181162.18542984602,185258.331819244,42.0,-66782.4036483612,-181162.18542984602,185258.331819244,42.0,-66782.4036483612,-181162.18542984602,185258.331819244,42.0
535283,535283,53529,5352c,-4717.96131090161,-12988.126442512606,13204.438071351513,3.0,-149437.44868835484,-411325.195411854,418092.85479645216,95.0,-240538.87746455648,-652895.7686224047,664331.7985924839,151.0
535285,535285,53529,5352c,-39363.29756435764,-108190.86083552225,110062.98452428097,25.0,-149437.44868835484,-411325.195411854,418092.85479645216,95.0,-240538.87746455648,-652895.7686224047,664331.7985924839,151.0
535287,535287,53529,5352c,-37920.50300663324,-103717.67824799495,105756.19440405516,24.0,-149437.44868835484,-411325.195411854,418092.85479645216,95.0,-240538.87746455648,-652895.7686224047,664331.7985924839,151.0
53528c,53528c,53529,5352c,-3167.815513202474,-8636.046925759209,8817.179304520803,2.0,-149437.44868835484,-411325.195411854,418092.85479645216,95.0,-240538.87746455648,-652895.7686224047,664331.7985924839,151.0
53529c,53529c,53529,5352c,-64267.87129325986,-177792.48296006507,180252.05849224355,41.0,-149437.44868835484,-411325.195411854,418092.85479645216,95.0,-240538.87746455648,-652895.7686224047,664331.7985924839,151.0
5352fd,5352fd,5352f,5352c,-24378.23901265611,-64740.33259940519,65932.4277273099,15.0,-91101.42877620165,-241570.5732105507,246238.9437960317,56.0,-240538.87746455648,-652895.7686224047,664331.7985924839,151.0
5352ff,5352ff,5352f,5352c,-66723.18976354552,-176830.2406111455,180306.5160687218,41.0,-91101.42877620165,-241570.5732105507,246238.9437960317,56.0,-240538.87746455648,-652895.7686224047,664331.7985924839,151.0
535301,535301,535301,535304,-57138.034606546855,-150911.69102797165,153893.9355805719,35.0,-57138.034606546855,-150911.69102797165,153893.9355805719,35.0,-248776.30455113464,-655723.8901546181,667773.5609159252,152.0
535303,535303,535303,535304,-48993.92761346909,-129490.18257299703,131767.43821527794,30.0,-48993.92761346909,-129490.18257299703,131767.43821527794,30.0,-248776.30455113464,-655723.8901546181,667773.5609159252,152.0
5353044,5353044,535305,535304,-8190.499621254941,-21571.519967038745,21961.98821964295,5.0,-93463.759365311,-245951.02852704184,250297.2036936498,57.0,-248776.30455113464,-655723.8901546181,667773.5609159252,152.0
535304c,535304c,535305,535304,-19629.79661949466,-51810.54463857937,52680.76223651271,12.0,-93463.759365311,-245951.02852704184,250297.2036936498,57.0,-248776.30455113464,-655723.8901546181,667773.5609159252,152.0
5353054,5353054,535305,535304,-11491.9763901796,-30215.469403107756,30722.268519775487,7.0,-93463.759365311,-245951.02852704184,250297.2036936498,57.0,-248776.30455113464,-655723.8901546181,667773.5609159252,152.0
535305c,535305c,535305,535304,-54151.486734381804,-142353.49451831597,144932.18471771866,33.0,-93463.759365311,-245951.02852704184,250297.2036936498,57.0,-248776.30455113464,-655723.8901546181,667773.5609159252,152.0
535307,535307,535307,535304,-49180.58296580767,-129370.98802660752,131814.98342642552,30.0,-49180.58296580767,-129370.98802660752,131814.98342642552,30.0,-248776.30455113464,-655723.8901546181,667773.5609159252,152.0
53530c,53530c,53530c,53530c,-18112.41921969701,-47477.73310299269,48261.405847135975,11.0,-18112.41921969701,-47477.73310299269,48261.405847135975,11.0,-18112.41921969701,-47477.73310299269,48261.405847135975,11.0
535311,535311,535314,535314,-49304.56834514791,-129621.95789678469,131521.76363847175,30.0,-159243.3955327697,-419571.848629994,424864.39332435513,97.0,-159243.3955327697,-419571.848629994,424864.39332435513,97.0
5353174,5353174,535314,535314,-39396.78860068253,-103824.0146675441,105110.24669186925,24.0,-159243.3955327697,-419571.848629994,424864.39332435513,97.0,-159243.3955327697,-419571.848629994,424864.39332435513,97.0
535317c,535317c,535314,535314,-70542.0385869393,-186125.87606566527,188232.38299401422,43.0,-159243.3955327697,-419571.848629994,424864.39332435513,97.0,-159243.3955327697,-419571.848629994,424864.39332435513,97.0
53531c,53531c,53531c,53531c,-67183.76612075085,-177188.53319401154,179783.02000180818,41.0,-67183.76612075085,-177188.53319401154,179783.02000180818,41.0,-67183.76612075085,-177188.53319401154,179783.02000180818,41.0
535324,535324,53533,53533,-9794.769592812785,-26047.617459714194,26207.158762476356,6.0,-148911.81925278073,-394656.6986117497,397736.1545334833,91.0,-148911.81925278073,-394656.6986117497,397736.1545334833,91.0
53532c,53532c,53533,53533,-25939.315313997096,-69606.06659001284,69807.72360747018,16.0,-148911.81925278073,-394656.6986117497,397736.1545334833,91.0,-148911.81925278073,-394656.6986117497,397736.1545334833,91.0
535339,535339,53533,53533,-8233.08294786948,-21691.61706907939,21827.363009965306,5.0,-148911.81925278073,-394656.6986117497,397736.1545334833,91.0,-148911.81925278073,-394656.6986117497,397736.1545334833,91.0
53533b,53533b,53533,53533,-8190.199219106526,-21687.109644296706,21847.96342718541,5.0,-148911.81925278073,-394656.6986117497,397736.1545334833,91.0,-148911.81925278073,-394656.6986117497,397736.1545334833,91.0
53533c4,53533c4,53533,53533,-6562.3068266888695,-17338.94066983732,17485.23134015868,4.0,-148911.81925278073,-394656.6986117497,397736.1545334833,91.0,-148911.81925278073,-394656.6986117497,397736.1545334833,91.0
53533cc,53533cc,53533,53533,-22955.083003524487,-60676.67413447288,61212.71749214377,14.0,-148911.81925278073,-394656.6986117497,397736.1545334833,91.0,-148911.81925278073,-394656.6986117497,397736.1545334833,91.0
53533d4,53533d4,53533,53533,-63947.32044402402,-168938.42795875558,170609.37807517115,39.0,-148911.81925278073,-394656.6986117497,397736.1545334833,91.0,-148911.81925278073,-394656.6986117497,397736.1545334833,91.0
53533f,53533f,53533,53533,-3289.741904757433,-8670.245085580758,8738.618818912497,2.0,-148911.81925278073,-394656.6986117497,397736.1545334833,91.0,-148911.81925278073,-394656.6986117497,397736.1545334833,91.0
53534c,53534c,53534c,53535,-38111.316525511684,-99796.7619925539,100300.08831879994,23.0,-38111.316525511684,-99796.7619925539,100300.08831879994,23.0,-228449.67768199838,-593471.6200878362,597854.5619984927,137.0
535354,535354,535354,53535,-18330.249687837208,-47711.71349776767,47947.41295730825,11.0,-18330.249687837208,-47711.71349776767,47947.41295730825,11.0,-228449.67768199838,-593471.6200878362,597854.5619984927,137.0
53535ac,53535ac,53535b,53535,-31686.853271143787,-82354.06260733548,82865.26671966266,19.0,-91785.12801186347,-238310.97865504143,239931.99033751752,55.0,-228449.67768199838,-593471.6200878362,597854.5619984927,137.0
53535b4,53535b4,53535b,53535,-58427.03813199456,-151626.2527664469,152703.00079534543,35.0,-91785.12801186347,-238310.97865504143,239931.99033751752,55.0,-228449.67768199838,-593471.6200878362,597854.5619984927,137.0
53535bc,53535bc,53535b,53535,-1671.2366087251244,-4330.663281258967,4363.722822509434,1.0,-91785.12801186347,-238310.97865504143,239931.99033751752,55.0,-228449.67768199838,-593471.6200878362,597854.5619984927,137.0
53535d,53535d,53535d,53535,-80222.98345678601,-207652.16594247322,209675.070384867,48.0,-80222.98345678601,-207652.16594247322,209675.070384867,48.0,-228449.67768199838,-593471.6200878362,597854.5619984927,137.0
535363,535363,53537,53537,-20165.280753997846,-51758.48879530751,52529.465261974576,12.0,-154317.19801486423,-396969.57391182624,402680.5028889802,92.0,-154317.19801486423,-396969.57391182624,402680.5028889802,92.0
535367,535367,53537,53537,-83694.76443098273,-216084.34632257812,218579.74642920942,50.0,-154317.19801486423,-396969.57391182624,402680.5028889802,92.0,-154317.19801486423,-396969.57391182624,402680.5028889802,92.0
535374,535374,53537,53537,-13316.655640601191,-34440.16099604957,35132.3690643647,8.0,-154317.19801486423,-396969.57391182624,402680.5028889802,92.0,-154317.19801486423,-396969.57391182624,402680.5028889802,92.0
53537c,53537c,53537,53537,-37140.49718928241,-94686.577797891,96438.92213343152,22.0,-154317.19801486423,-396969.57391182624,402680.5028889802,92.0,-154317.19801486423,-396969.57391182624,402680.5028889802,92.0
5353c,5353c,5353c,5353c,-31803.507677895668,-81238.95018247675,83913.36102385116,19.0,-31803.507677895668,-81238.95018247675,83913.36102385116,19.0,-31803.507677895668,-81238.95018247675,83913.36102385116,19.0
53541,53541,53541,53544,0.0,0.0,0.0,0.0,-148423.22074344347,-371322.3155540025,383815.1584112669,87.0,0.0,0.0,0.0,0.0
53545,53545,53545,53544,0.0,0.0,0.0,0.0,-168224.1919612113,-415545.98814882844,425359.9741805078,97.0,0.0,0.0,0.0,0.0
535464,535464,53547,53544,-22380.582683102693,-55669.970984019135,57093.17530944698,13.0,-104134.67522975204,-261403.52155072484,268063.4456181158,61.0,0.0,0.0,0.0,0.0
53546c,53546c,53547,53544,-1722.7724215424314,-4277.206853722882,4396.283640043743,1.0,-104134.67522975204,-261403.52155072484,268063.4456181158,61.0,0.0,0.0,0.0,0.0
535474,535474,53547,53544,-18804.61018873854,-47019.94966797853,48444.487188265935,11.0,-104134.67522975204,-261403.52155072484,268063.4456181158,61.0,0.0,0.0,0.0,0.0
53547c,53547c,53547,53544,-61226.709936368374,-154436.39404500427,158129.4994803591,36.0,-104134.67522975204,-261403.52155072484,268063.4456181158,61.0,0.0,0.0,0.0,0.0
5354c,5354c,5354c,5354c,-22131.723381857177,-55973.86088234117,56891.334611472215,13.0,-22131.723381857177,-55973.86088234117,56891.334611472215,13.0,-22131.723381857177,-55973.86088234117,56891.334611472215,13.0
53551,53551,53554,53554,-17649.393966891526,-42942.917839316855,43627.64653162509,10.0,0.0,0.0,0.0,0.0,-199375.91190991979,-483165.1396873486,485753.20362032705,112.0
53553,53553,53554,53554,-10661.954366933767,-25832.57784171604,26081.251423077076,6.0,0.0,0.0,0.0,0.0,-199375.91190991979,-483165.1396873486,485753.20362032705,112.0
535544,535544,53554,53554,-24931.98600158196,-60359.48280423562,60751.2708560066,14.0,0.0,0.0,0.0,0.0,-199375.91190991979,-483165.1396873486,485753.20362032705,112.0
535549,535549,53554,53554,-53343.983926497785,-129564.86813604865,129992.84459023563,30.0,0.0,0.0,0.0,0.0,-199375.91190991979,-483165.1396873486,485753.20362032705,112.0
53554b,53554b,53554,53554,-1776.3139821886682,-4323.82975233574,4328.851815340267,1.0,0.0,0.0,0.0,0.0,-199375.91190991979,-483165.1396873486,485753.20362032705,112.0
53554d,53554d,53554,53554,-7120.720153945239,-17285.77564699895,17318.582675984555,4.0,0.0,0.0,0.0,0.0,-199375.91190991979,-483165.1396873486,485753.20362032705,112.0
53554f,53554f,53554,53554,-78482.76618271363,-189946.2320677208,190637.4394670743,44.0,0.0,0.0,0.0,0.0,-199375.91190991979,-483165.1396873486,485753.20362032705,112.0
53555c,53555c,53554,53554,-5408.793329167167,-12909.455598976001,13015.316260983487,3.0,0.0,0.0,0.0,0.0,-199375.91190991979,-483165.1396873486,485753.20362032705,112.0
5355c,5355c,5355c,5355c,-68408.84892014311,-161374.06437290538,167001.91646480202,38.0,-68408.84892014311,-161374.06437290538,167001.91646480202,38.0,-68408.84892014311,-161374.06437290538,167001.91646480202,38.0
5357,5357,5357,5357,-69463.52212585854,-162725.8829024869,174434.88971600306,39.0,-69463.52212585854,-162725.8829024869,174434.88971600306,39.0,-69463.52212585854,-162725.8829024869,174434.88971600306,39.0
53584,53584,5359,5359,-51401.6060078032,-114809.75717068199,126484.65935439398,28.0,0.0,0.0,0.0,0.0,-187930.9722418566,-424651.7502763571,472594.65830661193,104.0
5358c,5358c,5359,5359,-5594.724411144419,-12180.316033516063,13624.922613526378,3.0,0.0,0.0,0.0,0.0,-187930.9722418566,-424651.7502763571,472594.65830661193,104.0
53594,53594,5359,5359,0.0,0.0,0.0,0.0,0.0,0.0,0.0,0.0,-187930.9722418566,-424651.7502763571,472594.65830661193,104.0
5359c,5359c,5359,5359,-30002.78981964872,-70165.63374299,76856.03369654079,17.0,0.0,0.0,0.0,0.0,-187930.9722418566,-424651.7502763571,472594.65830661193,104.0
535a4,535a4,535a4,535a4,-29308.91021857256,-70043.39496225248,77234.38179747357,17.0,-29308.91021857256,-70043.39496225248,77234.38179747357,17.0,-29308.91021857256,-70043.39496225248,77234.38179747357,17.0
535a9,535a9,535a9,535a9,-62990.730573689136,-157863.21554602485,172403.22476447985,38.0,-62990.730573689136,-157863.21554602485,172403.22476447985,38.0,-62990.730573689136,-157863.21554602485,172403.22476447985,38.0
535aac,535aac,535ab,535ab,-48597.486203319386,-124848.56855879191,136315.41353736556,30.0,-86493.08225639805,-220097.6168975154,241022.11065541938,53.0,-86493.08225639805,-220097.6168975154,241022.11065541938,53.0
535ab4,535ab4,535ab,535ab,-3255.1333695513104,-8290.250217811179,9112.347004343399,2.0,-86493.08225639805,-220097.6168975154,241022.11065541938,53.0,-86493.08225639805,-220097.6168975154,241022.11065541938,53.0
535abc,535abc,535ab,535ab,-34640.46268352735,-86958.79812091234,95594.35011371043,21.0,-86493.08225639805,-220097.6168975154,241022.11065541938,53.0,-86493.08225639805,-220097.6168975154,241022.11065541938,53.0
535ac1,535ac1,535ac4,535ac4,-16510.720699355435,-41316.68596634482,45599.36783205634,10.0,-125251.58007703614,-313718.5318879659,346899.20118545834,76.0,-125251.58007703614,-313718.5318879659,346899.20118545834,76.0
535ac3,535ac3,535ac4,535ac4,-41222.16801286108,-103217.98760438728,114084.94613915904,25.0,-125251.58007703614,-313718.5318879659,346899.20118545834,76.0,-125251.58007703614,-313718.5318879659,346899.20118545834,76.0
535ac5,535ac5,535ac4,535ac4,-65872.98259156311,-165049.702868947,182655.2650267471,40.0,-125251.58007703614,-313718.5318879659,346899.20118545834,76.0,-125251.58007703614,-313718.5318879659,346899.20118545834,76.0
535ac7,535ac7,535ac4,535ac4,-1645.7087732565114,-4134.155448286822,4559.622187495841,1.0,-125251.58007703614,-313718.5318879659,346899.20118545834,76.0,-125251.58007703614,-313718.5318879659,346899.20118545834,76.0
535acc,535acc,535acc,535acc,-1626.0584437792036,-4133.666562565929,4567.109350192544,1.0,-1626.0584437792036,-4133.666562565929,4567.109350192544,1.0,-1626.0584437792036,-4133.666562565929,4567.109350192544,1.0
535ad1,535ad1,535ad4,535ad4,-62241.11193947634,-156717.54186174308,173716.00849680317,38.0,-153735.26618848936,-387451.00182286504,429997.5743001495,94.0,-153735.26618848936,-387451.00182286504,429997.5743001495,94.0
535ad3,535ad3,535ad4,535ad4,-44030.61232177906,-111316.96347421578,123530.4110961471,27.0,-153735.26618848936,-387451.00182286504,429997.5743001495,94.0,-153735.26618848936,-387451.00182286504,429997.5743001495,94.0
535ad5,535ad5,535ad4,535ad4,-17941.15105340231,-45298.085243544425,50374.17506787638,11.0,-153735.26618848936,-387451.00182286504,429997.5743001495,94.0,-153735.26618848936,-387451.00182286504,429997.5743001495,94.0
535ad7,535ad7,535ad4,535ad4,-29522.390873831646,-74118.41124336177,82376.97963932288,18.0,-153735.26618848936,-387451.00182286504,429997.5743001495,94.0,-153735.26618848936,-387451.00182286504,429997.5743001495,94.0
535ad9,535ad9,535ad9,535adc,-42845.48720032456,-107015.83995762114,118956.05866502701,26.0,-42845.48720032456,-107015.83995762114,118956.05866502701,26.0,-194993.52955416255,-485789.16953518434,539589.9624412914,118.0
535adb,535adb,535adb,535adc,-36167.83328230452,-90743.6655607622,100513.25548342521,22.0,-36167.83328230452,-90743.6655607622,100513.25548342521,22.0,-194993.52955416255,-485789.16953518434,539589.9624412914,118.0
535add,535add,535add,535adc,-21532.32971686132,-53537.363594758484,59411.924477205284,13.0,-21532.32971686132,-53537.363594758484,59411.924477205284,13.0,-194993.52955416255,-485789.16953518434,539589.9624412914,118.0
535ade4,535ade4,535adf,535adc,-39804.100274423574,-98747.5976583582,109746.2634033585,24.0,-94447.87935467216,-234492.30042204246,260708.72381563403,57.0,-194993.52955416255,-485789.16953518434,539589.9624412914,118.0
535adec,535adec,535adf,535adc,-21495.374962039634,-53502.681963282215,59456.5382172414,13.0,-94447.87935467216,-234492.30042204246,260708.72381563403,57.0,-194993.52955416255,-485789.16953518434,539589.9624412914,118.0
535adf4,535adf4,535adf,535adc,-9936.118759594825,-24670.148503776596,27457.028692190743,6.0,-94447.87935467216,-234492.30042204246,260708.72381563403,57.0,-194993.52955416255,-485789.16953518434,539589.9624412914,118.0
535adfc,535adfc,535adf,535adc,-23212.285358614117,-57571.87229662545,64048.893502843384,14.0,-94447.87935467216,-234492.30042204246,260708.72381563403,57.0,-194993.52955416255,-485789.16953518434,539589.9624412914,118.0
535af,535af,535af,535af,-41559.90594817159,-102897.83970093277,114251.30667472027,25.0,-41559.90594817159,-102897.83970093277,114251.30667472027,25.0,-41559.90594817159,-102897.83970093277,114251.30667472027,25.0
535b04,535b04,535b1,535b4,-62461.58143639914,-151581.94784392134,169377.6290711321,37.0,-159015.09575963998,-384676.76607748755,430567.4543885702,94.0,-244596.3264156849,-592236.9257540129,665443.6427058175,145.0
535b0c,535b0c,535b1,535b4,0.0,0.0,0.0,0.0,-159015.09575963998,-384676.76607748755,430567.4543885702,94.0,-244596.3264156849,-592236.9257540129,665443.6427058175,145.0
535b1c,535b1c,535b1,535b4,-8378.739558323054,-20524.33595502946,22875.578577961038,5.0,-159015.09575963998,-384676.76607748755,430567.4543885702,94.0,-244596.3264156849,-592236.9257540129,665443.6427058175,145.0
535b5,535b5,535b5,535b4,-39739.243624156625,-97921.24575826955,110507.35402278064,24.0,-39739.243624156625,-97921.24575826955,110507.35402278064,24.0,-244596.3264156849,-592236.9257540129,665443.6427058175,145.0
535b7,535b7,535b7,535b4,-44183.41757879388,-105553.12252444451,119770.44227277067,26.0,-44183.41757879388,-105553.12252444451,119770.44227277067,26.0,-244596.3264156849,-592236.9257540129,665443.6427058175,145.0
535b8c,535b8c,535b8c,535b9,-45180.16814758273,-105289.12958588936,119631.15012200114,26.0,-45180.16814758273,-105289.12958588936,119631.15012200114,26.0,-203008.60617638266,-479605.4067699849,542157.7090292927,118.0
535b94,535b94,535b94,535b9,-32777.500208719546,-77200.02698167111,87285.06303712753,19.0,-32777.500208719546,-77200.02698167111,87285.06303712753,19.0,-203008.60617638266,-479605.4067699849,542157.7090292927,118.0
535b984,535b984,535b9c,535b9,-12000.215633254382,-28500.219879879136,32134.56362105751,7.0,-125050.93782008036,-297116.2502024245,335241.4958701641,73.0,-203008.60617638266,-479605.4067699849,542157.7090292927,118.0
535b98c,535b98c,535b9c,535b9,-47938.19356928345,-114029.14322284129,128536.56731060123,28.0,-125050.93782008036,-297116.2502024245,335241.4958701641,73.0,-203008.60617638266,-479605.4067699849,542157.7090292927,118.0
535b994,535b994,535b9c,535b9,-3422.135392698421,-8141.661063802211,9184.843868507807,2.0,-125050.93782008036,-297116.2502024245,335241.4958701641,73.0,-203008.60617638266,-479605.4067699849,542157.7090292927,118.0
535b99c,535b99c,535b9c,535b9,-39487.463221684855,-93580.7949434313,105618.90564370423,23.0,-125050.93782008036,-297116.2502024245,335241.4958701641,73.0,-203008.60617638266,-479605.4067699849,542157.7090292927,118.0
535b9d,535b9d,535b9c,535b9,-18783.327602539786,-44726.80635761263,50577.25226344356,11.0,-125050.93782008036,-297116.2502024245,335241.4958701641,73.0,-203008.60617638266,-479605.4067699849,542157.7090292927,118.0
535b9f,535b9f,535b9c,535b9,-3419.6024006194593,-8137.624734857927,9189.363162849724,2.0,-125050.93782008036,-297116.2502024245,335241.4958701641,73.0,-203008.60617638266,-479605.4067699849,542157.7090292927,118.0
535ba3,535ba3,535bb,535bb,-35904.00700151629,-85647.12895263825,96309.65993165478,21.0,-134655.86688621144,-322559.88302584813,362137.2109041753,79.0,-134655.86688621144,-322559.88302584813,362137.2109041753,79.0
535ba5,535ba5,535bb,535bb,-13663.39780997192,-32655.162666209326,36670.09810966095,8.0,-134655.86688621144,-322559.88302584813,362137.2109041753,79.0,-134655.86688621144,-322559.88302584813,362137.2109041753,79.0
535ba7,535ba7,535bb,535bb,-83379.48323290383,-200166.25100797025,224582.51262421656,49.0,-134655.86688621144,-322559.88302584813,362137.2109041753,79.0,-134655.86688621144,-322559.88302584813,362137.2109041753,79.0
535bac,535bac,535bb,535bb,-1708.9788418193764,-4091.3403990303286,4574.940238642849,1.0,-134655.86688621144,-322559.88302584813,362137.2109041753,79.0,-134655.86688621144,-322559.88302584813,362137.2109041753,79.0
535bd,535bd,535bd,535bd,-24337.160084250092,-57133.97088841234,64023.32293260717,14.0,-24337.160084250092,-57133.97088841234,64023.32293260717,14.0,-24337.160084250092,-57133.97088841234,64023.32293260717,14.0
535bf,535bf,535bf,535bf,-59192.14049767615,-137700.68692537607,156385.90444966493,34.0,-59192.14049767615,-137700.68692537607,156385.90444966493,34.0,-59192.14049767615,-137700.68692537607,156385.90444966493,34.0
535c1,535c1,535c1,535c1,-3535.143522429605,-8046.541134504805,9225.725103114974,2.0,-3535.143522429605,-8046.541134504805,9225.725103114974,2.0,-3535.143522429605,-8046.541134504805,9225.725103114974,2.0
535c24,535c24,535c24,535c3,-41006.59483571513,-91981.15664423267,106442.0264572175,23.0,-41006.59483571513,-91981.15664423267,106442.0264572175,23.0,-218138.34055686294,-491197.80148825026,570279.6700116057,123.0
535c29,535c29,535c2c,535c3,-10698.003500475454,-23943.298781092388,27811.90699310853,6.0,-98003.2660836347,-219251.37294484748,255163.0041978727,55.0,-218138.34055686294,-491197.80148825026,570279.6700116057,123.0
535c2b,535c2b,535c2c,535c3,-64168.3766302961,-143503.9990729367,167012.96621959403,36.0,-98003.2660836347,-219251.37294484748,255163.0041978727,55.0,-218138.34055686294,-491197.80148825026,570279.6700116057,123.0
535c2d,535c2d,535c2c,535c3,-23136.885952863162,-51804.07509081841,60338.13098517019,13.0,-98003.2660836347,-219251.37294484748,255163.0041978727,55.0,-218138.34055686294,-491197.80148825026,570279.6700116057,123.0
535c34,535c34,535c34,535c3,-47456.97497025442,-107785.7322180769,125379.34432488492,27.0,-47456.97497025442,-107785.7322180769,125379.34432488492,27.0,-218138.34055686294,-491197.80148825026,570279.6700116057,123.0
535c3c,535c3c,535c3c,535c3,-31671.50466725861,-72179.53968109326,83295.29503163068,18.0,-31671.50466725861,-72179.53968109326,83295.29503163068,18.0,-218138.34055686294,-491197.80148825026,570279.6700116057,123.0
535c44,535c44,535c44,535c5,-53958.93604341507,-124227.14426174074,143745.57440751157,31.0,-53958.93604341507,-124227.14426174074,143745.57440751157,31.0,-249597.2094312191,-577468.3309511543,667754.5426445132,144.0
535c4c,535c4c,535c4c,535c5,-43835.95104390003,-99914.98866391605,116034.42942557797,25.0,-43835.95104390003,-99914.98866391605,116034.42942557797,25.0,-249597.2094312191,-577468.3309511543,667754.5426445132,144.0
535c54,535c54,535c54,535c5,-5190.685446087587,-11999.96823177696,13941.486541473225,3.0,-5190.685446087587,-11999.96823177696,13941.486541473225,3.0,-249597.2094312191,-577468.3309511543,667754.5426445132,144.0
535c59,535c59,535c5c,535c5,-17260.944989071784,-40127.806273452356,46376.65533158592,10.0,-146611.63689781638,-341326.2297937206,394033.05226995045,85.0,-249597.2094312191,-577468.3309511543,667754.5426445132,144.0
535c5b,535c5b,535c5c,535c5,-46766.40851438206,-108298.69674970728,125196.73435642371,27.0,-146611.63689781638,-341326.2297937206,394033.05226995045,85.0,-249597.2094312191,-577468.3309511543,667754.5426445132,144.0
535c5f,535c5f,535c5c,535c5,-82584.28339436254,-192899.72677056096,222459.66258194088,48.0,-146611.63689781638,-341326.2297937206,394033.05226995045,85.0,-249597.2094312191,-577468.3309511543,667754.5426445132,144.0
535c61,535c61,535c64,535c7,-39599.07141189225,-92524.73012013995,106503.82385199286,23.0,-106978.94124534923,-249595.41224994484,286852.8089920063,62.0,-216369.73298928747,-503871.9863509637,577503.1578966621,125.0
535c65,535c65,535c64,535c7,-44939.44877486089,-104736.95912605798,120205.18160147505,26.0,-106978.94124534923,-249595.41224994484,286852.8089920063,62.0,-216369.73298928747,-503871.9863509637,577503.1578966621,125.0
535c67,535c67,535c64,535c7,-22440.421058596105,-52333.72300374693,60143.80353853835,13.0,-106978.94124534923,-249595.41224994484,286852.8089920063,62.0,-216369.73298928747,-503871.9863509637,577503.1578966621,125.0
535c6c,535c6c,535c6c,535c7,-15576.273746876275,-36283.785123173795,41576.875589348805,9.0,-15576.273746876275,-36283.785123173795,41576.875589348805,9.0,-216369.73298928747,-503871.9863509637,577503.1578966621,125.0
535c74,535c74,535c74,535c7,0.0,0.0,0.0,0.0,-92096.5315488744,-213955.0117073817,244454.53075151052,53.0,-216369.73298928747,-503871.9863509637,577503.1578966621,125.0
535c7c,535c7c,535c7c,535c7,-1717.9864481875668,-4037.7772704633385,4618.942563796495,1.0,-1717.9864481875668,-4037.7772704633385,4618.942563796495,1.0,-216369.73298928747,-503871.9863509637,577503.1578966621,125.0
535c84,535c84,535c9,535c9,-30549.66375054224,-72792.89692086527,83180.4383460753,18.0,-110235.31467262277,-262423.66733957117,300787.10792059713,65.0,-110235.31467262277,-262423.66733957117,300787.10792059713,65.0
535c8c,535c8c,535c9,535c9,-39297.10128167515,-92706.53197665939,106457.46877280546,23.0,-110235.31467262277,-262423.66733957117,300787.10792059713,65.0,-110235.31467262277,-262423.66733957117,300787.10792059713,65.0
535c94,535c94,535c9,535c9,-28617.024018724533,-68632.57704700138,78746.8712290754,17.0,-110235.31467262277,-262423.66733957117,300787.10792059713,65.0,-110235.31467262277,-262423.66733957117,300787.10792059713,65.0
535c9c,535c9c,535c9,535c9,-11771.525621680867,-28291.661395045085,32402.32957264098,7.0,-110235.31467262277,-262423.66733957117,300787.10792059713,65.0,-110235.31467262277,-262423.66733957117,300787.10792059713,65.0
535ca1,535ca1,535ca1,535cb,-13365.042935462217,-32399.274308357002,37005.49755643615,8.0,-13365.042935462217,-32399.274308357002,37005.49755643615,8.0,-273053.33849736076,-664282.506399187,758860.6324704727,164.0
535ca3,535ca3,535ca3,535cb,-66947.05375005811,-161907.10479803718,185061.53353273586,40.0,-66947.05375005811,-161907.10479803718,185061.53353273586,40.0,-273053.33849736076,-664282.506399187,758860.6324704727,164.0
535ca64,535ca64,535ca7,535cb,-46595.47327409399,-113462.32151683248,129528.09985810562,28.0,-98302.28074558653,-239039.94091356208,272927.6067926482,59.0,-273053.33849736076,-664282.506399187,758860.6324704727,164.0
535ca6c,535ca6c,535ca7,535cb,-51706.807471492546,-125577.61939672957,143399.50693454262,31.0,-98302.28074558653,-239039.94091356208,272927.6067926482,59.0,-273053.33849736076,-664282.506399187,758860.6324704727,164.0
535cac,535cac,535cac,535cb,-82682.18938341524,-202720.8029741475,231391.95246905618,50.0,-82682.18938341524,-202720.8029741475,231391.95246905618,50.0,-273053.33849736076,-664282.506399187,758860.6324704727,164.0
535cbc,535cbc,535cbc,535cb,-10100.230927759105,-24176.51425362879,27833.658317165016,6.0,-10100.230927759105,-24176.51425362879,27833.658317165016,6.0,-273053.33849736076,-664282.506399187,758860.6324704727,164.0
535cd,535cd,535cd,535cd,-8422.767696663672,-20113.086595523957,23222.03587823808,5.0,-8422.767696663672,-20113.086595523957,23222.03587823808,5.0,-8422.767696663672,-20113.086595523957,23222.03587823808,5.0
535ce4,535ce4,535cf,535cf,-52652.104305181165,-124059.17889357488,144373.85485481867,31.0,-110156.19497424684,-260724.2328116913,302290.49649178475,65.0,-110156.19497424684,-260724.2328116913,302290.49649178475,65.0
535cec,535cec,535cf,535cf,-57504.09066906567,-136665.05391811643,157916.64163696615,34.0,-110156.19497424684,-260724.2328116913,302290.49649178475,65.0,-110156.19497424684,-260724.2328116913,302290.49649178475,65.0
535d01,535d01,535d01,535d04,-51639.15231459143,-119658.14099651952,139807.37840247888,30.0,-51639.15231459143,-119658.14099651952,139807.37840247888,30.0,-209524.7543945366,-486537.661597731,568786.4248363917,122.0
535d034,535d034,535d03,535d04,-35958.53790991593,-83792.17200119796,97907.79441780483,21.0,-92595.87710277837,-215436.45219147066,251739.63258944364,54.0,-209524.7543945366,-486537.661597731,568786.4248363917,122.0
535d03c,535d03c,535d03,535d04,-56637.339192862426,-131644.28019027266,153831.8381716388,33.0,-92595.87710277837,-215436.45219147066,251739.63258944364,54.0,-209524.7543945366,-486537.661597731,568786.4248363917,122.0
535d05,535d05,535d05,535d04,-30862.474090862845,-71709.16720210669,84002.26254156172,18.0,-30862.474090862845,-71709.16720210669,84002.26254156172,18.0,-209524.7543945366,-486537.661597731,568786.4248363917,122.0
535d07,535d07,535d07,535d04,-34427.25088630397,-79733.90120763418,93237.15130290744,20.0,-34427.25088630397,-79733.90120763418,93237.15130290744,20.0,-209524.7543945366,-486537.661597731,568786.4248363917,122.0
535d09,535d09,535d09,535d0c,-18968.265259199332,-43761.6483492177,51346.687648092266,11.0,-18968.265259199332,-43761.6483492177,51346.687648092266,11.0,-261488.33967624322,-604067.3086978802,710289.739120224,152.0
535d0b,535d0b,535d0b,535d0c,-70763.2179449635,-162781.62925182865,191640.46983676398,41.0,-70763.2179449635,-162781.62925182865,191640.46983676398,41.0,-261488.33967624322,-604067.3086978802,710289.739120224,152.0
535d0c4,535d0c4,535d0d,535d0c,-46430.65438900154,-107299.70892238367,126178.03101011604,27.0,-108228.20198342411,-250393.7209856054,294432.2554203316,63.0,-261488.33967624322,-604067.3086978802,710289.739120224,152.0
535d0d4,535d0d4,535d0d,535d0c,-3433.130046822668,-7941.5157643928405,9354.408477515462,2.0,-108228.20198342411,-250393.7209856054,294432.2554203316,63.0,-261488.33967624322,-604067.3086978802,710289.739120224,152.0
535d0dc,535d0dc,535d0d,535d0c,-58364.41754759994,-135152.4962988289,158899.81593270006,34.0,-108228.20198342411,-250393.7209856054,294432.2554203316,63.0,-261488.33967624322,-604067.3086978802,710289.739120224,152.0
535d0f,535d0f,535d0f,535d0c,-63528.65448865625,-147130.31011122852,172870.32621503627,37.0,-63528.65448865625,-147130.31011122852,172870.32621503627,37.0,-261488.33967624322,-604067.3086978802,710289.739120224,152.0
535d1cc,535d1cc,535d1c,535d1c,-11953.94276843363,-27946.442428355098,32634.298139574865,7.0,-97060.76038529916,-227782.4667535079,265650.9634854442,57.0,-97060.76038529916,-227782.4667535079,265650.9634854442,57.0
535d1d4,535d1d4,535d1c,535d1c,-6821.481657331865,-15978.287155608716,18643.974275264918,4.0,-97060.76038529916,-227782.4667535079,265650.9634854442,57.0,-97060.76038529916,-227782.4667535079,265650.9634854442,57.0
535d1dc,535d1dc,535d1c,535d1c,-78285.33595953365,-183857.73716954407,214372.69107060443,46.0,-97060.76038529916,-227782.4667535079,265650.9634854442,57.0,-97060.76038529916,-227782.4667535079,265650.9634854442,57.0
535d3,535d3,535d3,535d3,-21749.888630040205,-51972.91495626429,60707.65833236232,13.0,-21749.888630040205,-51972.91495626429,60707.65833236232,13.0,-21749.888630040205,-51972.91495626429,60707.65833236232,13.0
535d71,535d71,535d71,535d74,-32819.622198255485,-75143.11207482939,89046.53757448363,19.0,-32819.622198255485,-75143.11207482939,89046.53757448363,19.0,-181373.95077321614,-415855.96741867944,491598.36398547154,105.0
535d73,535d73,535d73,535d74,-3440.9590138021385,-7925.653264755905,9364.979057528726,2.0,-3440.9590138021385,-7925.653264755905,9364.979057528726,2.0,-181373.95077321614,-415855.96741867944,491598.36398547154,105.0
535d744,535d744,535d75,535d74,-57012.563179685654,-130767.64735717053,154439.73087455487,33.0,-101920.25152425014,-233878.39620043332,276054.4688909238,59.0,-181373.95077321614,-415855.96741867944,491598.36398547154,105.0
535d74c,535d74c,535d75,535d74,-44907.688344564485,-103110.74884326283,121614.73801636891,26.0,-101920.25152425014,-233878.39620043332,276054.4688909238,59.0,-181373.95077321614,-415855.96741867944,491598.36398547154,105.0
535d77,535d77,535d77,535d74,-43193.11803690838,-98908.80587866076,117132.37846253537,25.0,-43193.11803690838,-98908.80587866076,117132.37846253537,25.0,-181373.95077321614,-415855.96741867944,491598.36398547154,105.0
535d79,535d79,535d79,535d7c,-86464.08605522702,-197530.2936692612,234478.37280659674,50.0,-86464.08605522702,-197530.2936692612,234478.37280659674,50.0,-197131.7481002338,-449850.7369356821,535048.9366170778,114.0
535d7c4,535d7c4,535d7d,535d7c,-27671.2461737469,-63117.755623363744,75109.43478313455,16.0,-107207.73129173697,-244427.62125985257,291184.86977844295,62.0,-197131.7481002338,-449850.7369356821,535048.9366170778,114.0
535d7dc,535d7dc,535d7d,535d7c,-79536.48511799007,-181309.86563648886,216075.4349953084,46.0,-107207.73129173697,-244427.62125985257,291184.86977844295,62.0,-197131.7481002338,-449850.7369356821,535048.9366170778,114.0
535d7f,535d7f,535d7f,535d7c,-3459.930753269804,-7892.822006568295,9385.694032038085,2.0,-3459.930753269804,-7892.822006568295,9385.694032038085,2.0,-197131.7481002338,-449850.7369356821,535048.9366170778,114.0
535d84,535d84,535d9,535d9,-1752.4185944992344,-3947.007423838216,4684.006254852439,1.0,-110943.53636638986,-248430.80126629124,295083.4382330701,63.0,-110943.53636638986,-248430.80126629124,295083.4382330701,63.0
535d89,535d89,535d9,535d9,-15853.968646316522,-35446.2099415239,42189.8982120587,9.0,-110943.53636638986,-248430.80126629124,295083.4382330701,63.0,-110943.53636638986,-248430.80126629124,295083.4382330701,63.0
535d8d,535d8d,535d9,535d9,-51153.10299679013,-114305.51206344522,135843.9947514501,29.0,-110943.53636638986,-248430.80126629124,295083.4382330701,63.0,-110943.53636638986,-248430.80126629124,295083.4382330701,63.0
535d8f,535d8f,535d9,535d9,-33405.04988544251,-74974.67949048647,88970.78132270889,19.0,-110943.53636638986,-248430.80126629124,295083.4382330701,63.0,-110943.53636638986,-248430.80126629124,295083.4382330701,63.0
535d94,535d94,535d9,535d9,-5274.735010811261,-11858.344931971154,14030.830374766007,3.0,-110943.53636638986,-248430.80126629124,295083.4382330701,63.0,-110943.53636638986,-248430.80126629124,295083.4382330701,63.0
535d9c,535d9c,535d9,535d9,-1739.09708923083,-3959.034288307491,4678.818435023088,1.0,-110943.53636638986,-248430.80126629124,295083.4382330701,63.0,-110943.53636638986,-248430.80126629124,295083.4382330701,63.0
535db,535db,535db,535db,-12191.421877130615,-27893.364591063586,32591.750255108916,7.0,-12191.421877130615,-27893.364591063586,32591.750255108916,7.0,-12191.421877130615,-27893.364591063586,32591.750255108916,7.0
535dc4,535dc4,535dc4,535dc4,-85152.27152704343,-190445.70488019017,223602.71656297857,48.0,-85152.27152704343,-190445.70488019017,223602.71656297857,48.0,-85152.27152704343,-190445.70488019017,223602.71656297857,48.0
535dc9,535dc9,535dc9,535dc9,-45952.736959256064,-103390.45705665265,120985.25376582694,26.0,-45952.736959256064,-103390.45705665265,120985.25376582694,26.0,-45952.736959256064,-103390.45705665265,120985.25376582694,26.0
535dcb,535dcb,535dcb,535dcb,-63437.69054887112,-143443.70796758658,167343.5746542942,36.0,-63437.69054887112,-143443.70796758658,167343.5746542942,36.0,-63437.69054887112,-143443.70796758658,167343.5746542942,36.0
535dcc1,535dcc1,535dcd,535dcd,-26524.601144369066,-59706.62377574772,69744.23924554673,15.0,0.0,0.0,0.0,0.0,0.0,0.0,0.0,0.0
535dcc3,535dcc3,535dcd,535dcd,0.0,0.0,0.0,0.0,0.0,0.0,0.0,0.0,0.0,0.0,0.0,0.0
535dcc5,535dcc5,535dcd,535dcd,-8851.802576443142,-19905.313465164287,23241.512659068518,5.0,0.0,0.0,0.0,0.0,0.0,0.0,0.0,0.0
535dcc7,535dcc7,535dcd,535dcd,-5303.232878149633,-11946.966182828117,13944.6584110086,3.0,0.0,0.0,0.0,0.0,0.0,0.0,0.0,0.0
535dccc,535dccc,535dcd,535dcd,-1769.7862848473521,-3983.6867265389114,4646.27266746597,1.0,0.0,0.0,0.0,0.0,0.0,0.0,0.0,0.0
535dcdc,535dcdc,535dcd,535dcd,0.0,0.0,0.0,0.0,0.0,0.0,0.0,0.0,0.0,0.0,0.0,0.0
535dce4,535dce4,535dcf,535dcf,0.0,0.0,0.0,0.0,0.0,0.0,0.0,0.0,-276432.47189415444,-620427.683917354,725566.4116508008,156.0
535dcec,535dcec,535dcf,535dcf,0.0,0.0,0.0,0.0,0.0,0.0,0.0,0.0,-276432.47189415444,-620427.683917354,725566.4116508008,156.0
535dcf4,535dcf4,535dcf,535dcf,-10634.002633729164,-23849.8741866463,27916.529121462096,6.0,0.0,0.0,0.0,0.0,-276432.47189415444,-620427.683917354,725566.4116508008,156.0
535dcfc,535dcfc,535dcf,535dcf,-26616.73083183903,-59596.932067538335,69802.92981875871,15.0,0.0,0.0,0.0,0.0,-276432.47189415444,-620427.683917354,725566.4116508008,156.0
535dd4,535dd4,535dd4,535dd4,-40920.41444321672,-91531.97114814339,106861.53340436317,23.0,-40920.41444321672,-91531.97114814339,106861.53340436317,23.0,-40920.41444321672,-91531.97114814339,106861.53340436317,23.0
535ddc,535ddc,535ddc,535ddc,-64363.79137987156,-142521.82811632863,167776.89977186252,36.0,-64363.79137987156,-142521.82811632863,167776.89977186252,36.0,-64363.79137987156,-142521.82811632863,167776.89977186252,36.0
535df,535df,535df,535df,-42454.23220983817,-94802.12888007073,112204.57312738567,24.0,-42454.23220983817,-94802.12888007073,112204.57312738567,24.0,-42454.23220983817,-94802.12888007073,112204.57312738567,24.0
535e04,535e04,535e04,535e1,-29091.206373381814,-62944.02520152799,74717.65537043421,16.0,-29091.206373381814,-62944.02520152799,74717.65537043421,16.0,-316069.136971076,-685620.977328171,811735.6281671945,174.0
535e0c,535e0c,535e0c,535e1,-81357.09049234647,-177725.51413782843,209735.15307569702,45.0,-81357.09049234647,-177725.51413782843,209735.15307569702,45.0,-316069.136971076,-685620.977328171,811735.6281671945,174.0
535e11,535e11,535e14,535e1,-81798.89552554146,-177380.15991418427,209855.82026368496,45.0,-145397.3014060426,-315458.34237523924,372987.98724494665,80.0,-316069.136971076,-685620.977328171,811735.6281671945,174.0
535e13,535e13,535e14,535e1,-63598.40588050114,-138078.18246105497,163132.16698126175,35.0,-145397.3014060426,-315458.34237523924,372987.98724494665,80.0,-316069.136971076,-685620.977328171,811735.6281671945,174.0
535e1c,535e1c,535e1c,535e1,-60223.53869930508,-129493.09561357534,154294.83247611663,33.0,-60223.53869930508,-129493.09561357534,154294.83247611663,33.0,-316069.136971076,-685620.977328171,811735.6281671945,174.0
535e5,535e5,535e5,535e5,-7404.014197637602,-15833.787366098742,18544.74724065,4.0,-7404.014197637602,-15833.787366098742,18544.74724065,4.0,-7404.014197637602,-15833.787366098742,18544.74724065,4.0
535e64,535e64,535e7,535e7,-19933.085709477473,-43701.95358688093,51031.0651885482,11.0,-100893.83570321448,-221955.76636637063,260470.36871277084,56.0,-100893.83570321448,-221955.76636637063,260470.36871277084,56.0
535e74,535e74,535e7,535e7,-57594.39669285925,-126553.57227812041,149100.58346592492,32.0,-100893.83570321448,-221955.76636637063,260470.36871277084,56.0,-100893.83570321448,-221955.76636637063,260470.36871277084,56.0
535e7c,535e7c,535e7,535e7,-23366.353300877763,-51700.240501369306,60338.720058297724,13.0,-100893.83570321448,-221955.76636637063,260470.36871277084,56.0,-100893.83570321448,-221955.76636637063,260470.36871277084,56.0
535e9,535e9,535e9,535ec,-46644.81505190157,-103915.4378233407,120268.01423476827,26.0,-46644.81505190157,-103915.4378233407,120268.01423476827,26.0,-286006.8204024123,-632438.8288993926,729028.0188437544,158.0
535ea4,535ea4,535eb,535ec,-57372.819155072415,-128511.98920385086,147502.27253052735,32.0,-141886.9810926121,-317450.3132697869,363886.7881887775,79.0,-286006.8204024123,-632438.8288993926,729028.0188437544,158.0
535eac,535eac,535eb,535ec,-21472.53525407744,-48289.59006965271,55244.56045494321,12.0,-141886.9810926121,-317450.3132697869,363886.7881887775,79.0,-286006.8204024123,-632438.8288993926,729028.0188437544,158.0
535eb4,535eb4,535eb,535ec,-44994.81797452778,-100512.23702766621,115071.0273236262,25.0,-141886.9810926121,-317450.3132697869,363886.7881887775,79.0,-286006.8204024123,-632438.8288993926,729028.0188437544,158.0
535ebc,535ebc,535eb,535ec,-18046.808708934484,-40136.496968617066,46068.92787968084,10.0,-141886.9810926121,-317450.3132697869,363886.7881887775,79.0,-286006.8204024123,-632438.8288993926,729028.0188437544,158.0
535ed,535ed,535ed,535ec,-3625.4121815659173,-8052.2001543880115,9185.721077092254,2.0,-3625.4121815659173,-8052.2001543880115,9185.721077092254,2.0,-286006.8204024123,-632438.8288993926,729028.0188437544,158.0
535ef,535ef,535ef,535ec,0.0,0.0,0.0,0.0,-93849.6120763327,-203020.87765187694,235687.49534311632,51.0,-286006.8204024123,-632438.8288993926,729028.0188437544,158.0
535f4,535f4,535f4,535f4,-33904.747910297505,-71794.0568379319,82746.81337778151,18.0,-33904.747910297505,-71794.0568379319,82746.81337778151,18.0,-33904.747910297505,-71794.0568379319,82746.81337778151,18.0
535fc,535fc,535fc,535fc,-3864.8069660224546,-7813.452007457513,9293.6578800007,2.0,-3864.8069660224546,-7813.452007457513,9293.6578800007,2.0,-3864.8069660224546,-7813.452007457513,9293.6578800007,2.0
87604,87604,8761,8761,-8979.487193255121,-31136.020493968652,30639.59658457039,7.0,-93799.62570708689,-327594.0013467007,316513.57338171423,73.0,-93799.62570708689,-327594.0013467007,316513.57338171423,73.0
8760c,8760c,8761,8761,-63523.43591405157,-219888.80794095786,212294.08873973595,49.0,-93799.62570708689,-327594.0013467007,316513.57338171423,73.0,-93799.62570708689,-327594.0013467007,316513.57338171423,73.0
87614,87614,8761,8761,-21296.702599780194,-76569.17291177422,73579.88805740795,17.0,-93799.62570708689,-327594.0013467007,316513.57338171423,73.0,-93799.62570708689,-327594.0013467007,316513.57338171423,73.0
8763,8763,8763,8763,-2225.1713329569025,-8983.833272674325,8757.11176858183,2.0,-2225.1713329569025,-8983.833272674325,8757.11176858183,2.0,-2225.1713329569025,-8983.833272674325,8757.11176858183,2.0
8765,8765,8765,8765,-55432.459468167224,-215363.14106601104,200498.5332776766,47.0,-55432.459468167224,-215363.14106601104,200498.5332776766,47.0,-55432.459468167224,-215363.14106601104,200498.5332776766,47.0
87664,87664,87664,8767,-25657.240140444817,-91721.92173419325,84644.30965320927,20.0,-25657.240140444817,-91721.92173419325,84644.30965320927,20.0,-244494.18508808227,-849907.9817750521,788701.0705318135,186.0
8766c,8766c,8766c,8767,-20869.18905236542,-76961.19016514676,73292.44856985332,17.0,-20869.18905236542,-76961.19016514676,73292.44856985332,17.0,-244494.18508808227,-849907.9817750521,788701.0705318135,186.0
87679,87679,87679,8767,-59195.57035553175,-200534.6397643253,186717.17109346922,44.0,-59195.57035553175,-200534.6397643253,186717.17109346922,44.0,-244494.18508808227,-849907.9817750521,788701.0705318135,186.0
8767b,8767b,8767b,8767,-20964.137278760663,-73025.55019768886,67961.32086035996,16.0,-20964.137278760663,-73025.55019768886,67961.32086035996,16.0,-244494.18508808227,-849907.9817750521,788701.0705318135,186.0
8767c4,8767c4,8767d,8767,-10568.929301397882,-36612.88122700454,33845.712916214296,8.0,-76423.8050392859,-265964.78095591237,244879.1824221483,58.0,-244494.18508808227,-849907.9817750521,788701.0705318135,186.0
8767d4,8767d4,8767d,8767,-17057.775337219755,-59698.06267464585,54816.436414993135,13.0,-76423.8050392859,-265964.78095591237,244879.1824221483,58.0,-244494.18508808227,-849907.9817750521,788701.0705318135,186.0
8767dc,8767dc,8767d,8767,-48797.10040066827,-169653.837054262,156217.03309094085,37.0,-76423.8050392859,-265964.78095591237,244879.1824221483,58.0,-244494.18508808227,-849907.9817750521,788701.0705318135,186.0
8767f,8767f,8767f,8767,-41384.243221693716,-141699.8989577858,131206.63793277348,31.0,-41384.243221693716,-141699.8989577858,131206.63793277348,31.0,-244494.18508808227,-849907.9817750521,788701.0705318135,186.0
876804,876804,87681,87684,-56927.929619502465,-192709.72413339335,176698.76937921534,42.0,-90471.1158467506,-307501.26591989707,281895.3466794899,67.0,-176891.7420758658,-610955.2374813497,559844.4037611702,133.0
87680c,87680c,87681,87684,-32177.43417094351,-110190.04062870578,101007.22633083284,24.0,-90471.1158467506,-307501.26591989707,281895.3466794899,67.0,-176891.7420758658,-610955.2374813497,559844.4037611702,133.0
87681c,87681c,87681,87684,-1365.7520563046287,-4601.501157797876,4189.350969441678,1.0,-90471.1158467506,-307501.26591989707,281895.3466794899,67.0,-176891.7420758658,-610955.2374813497,559844.4037611702,133.0
87686c,87686c,87687,87684,-1328.1637284493183,-4604.793504180745,4197.8102653602455,1.0,-86420.6262291152,-303453.97156145266,277949.05708168034,66.0,-176891.7420758658,-610955.2374813497,559844.4037611702,133.0
876874,876874,87687,87684,-18535.234735146973,-64406.595752813664,58854.27418398503,14.0,-86420.6262291152,-303453.97156145266,277949.05708168034,66.0,-176891.7420758658,-610955.2374813497,559844.4037611702,133.0
87687c,87687c,87687,87684,0.0,0.0,0.0,0.0,-86420.6262291152,-303453.97156145266,277949.05708168034,66.0,-176891.7420758658,-610955.2374813497,559844.4037611702,133.0
876885,876885,876884,87689,-58070.010555731766,-207258.8690571437,189382.88155101577,45.0,-104763.60719367243,-372977.6535305288,340912.75408880203,81.0,-238343.31193824255,-852696.2118993455,777999.5062536416,185.0
876887,876887,876884,87689,-46693.596637940675,-165718.7844733851,151529.87253778623,36.0,-104763.60719367243,-372977.6535305288,340912.75408880203,81.0,-238343.31193824255,-852696.2118993455,777999.5062536416,185.0
87688c,87688c,87688c,87689,-45093.20926639637,-161432.66781716433,147066.34109874466,35.0,-45093.20926639637,-161432.66781716433,147066.34109874466,35.0,-238343.31193824255,-852696.2118993455,777999.5062536416,185.0
876894,876894,876894,87689,0.0,0.0,0.0,0.0,-87200.40388671384,-313677.66676677123,285813.2748552608,68.0,-238343.31193824255,-852696.2118993455,777999.5062536416,185.0
87689c,87689c,87689c,87689,-1286.0915914598847,-4608.223784880968,4207.136210834033,1.0,-1286.0915914598847,-4608.223784880968,4207.136210834033,1.0,-238343.31193824255,-852696.2118993455,777999.5062536416,185.0
8768c4,8768c4,8768d,8768d,-13949.32004577702,-50911.92836777186,46095.031216929965,11.0,-82991.10911339016,-305829.11987026373,276386.63167967065,66.0,-82991.10911339016,-305829.11987026373,276386.63167967065,66.0
8768cc,8768cc,8768d,8768d,-61385.69294455822,-227089.2986350348,205227.21052242751,49.0,-82991.10911339016,-305829.11987026373,276386.63167967065,66.0,-82991.10911339016,-305829.11987026373,276386.63167967065,66.0
8768dc,8768dc,8768d,8768d,-7656.096123054917,-27827.89286745704,25064.389940313093,6.0,-82991.10911339016,-305829.11987026373,276386.63167967065,66.0,-82991.10911339016,-305829.11987026373,276386.63167967065,66.0
8768e4,8768e4,8768f,8768f,-37098.58207393429,-134403.2471296218,121224.71068414781,29.0,-110286.28607678381,-398130.75991715497,359903.08554090693,86.0,-110286.28607678381,-398130.75991715497,359903.08554090693,86.0
8768e9,8768e9,8768f,8768f,-34604.30228069357,-125010.04363438486,112982.11823342319,27.0,-110286.28607678381,-398130.75991715497,359903.08554090693,86.0,-110286.28607678381,-398130.75991715497,359903.08554090693,86.0
8768ed,8768ed,8768f,8768f,-24454.163601001055,-87822.55190161498,79637.25039342073,19.0,-110286.28607678381,-398130.75991715497,359903.08554090693,86.0,-110286.28607678381,-398130.75991715497,359903.08554090693,86.0
8768ef,8768ef,8768f,8768f,-14129.238121154893,-50894.91725153329,46059.00622991528,11.0,-110286.28607678381,-398130.75991715497,359903.08554090693,86.0,-110286.28607678381,-398130.75991715497,359903.08554090693,86.0
876e4,876e4,876e4,876e4,-4628.946278020182,-18731.39097179484,16647.639428634287,4.0,-4628.946278020182,-18731.39097179484,16647.639428634287,4.0,-4628.946278020182,-18731.39097179484,16647.639428634287,4.0
876ec,876ec,876ec,876ec,-1240.056077860434,-4650.723281033665,4174.061213816862,1.0,-1240.056077860434,-4650.723281033665,4174.061213816862,1.0,-1240.056077860434,-4650.723281033665,4174.061213816862,1.0
876f1,876f1,876f1,876f4,-17944.360400058787,-69688.59285128396,62882.269413766866,15.0,-17944.360400058787,-69688.59285128396,62882.269413766866,15.0,-169012.6793250957,-644164.3322087033,583704.7981129651,139.0
876f3,876f3,876f3,876f4,0.0,0.0,0.0,0.0,-74955.91923320126,-283041.4183159571,255545.1075763233,61.0,-169012.6793250957,-644164.3322087033,583704.7981129651,139.0
876f5,876f5,876f5,876f4,-38039.91008753347,-143361.8759003615,130411.1618366053,31.0,-38039.91008753347,-143361.8759003615,130411.1618366053,31.0,-169012.6793250957,-644164.3322087033,583704.7981129651,139.0
876f7,876f7,876f7,876f4,-38072.48960430215,-148072.44514110062,134866.2592862696,32.0,-38072.48960430215,-148072.44514110062,134866.2592862696,32.0,-169012.6793250957,-644164.3322087033,583704.7981129651,139.0
876f9,876f9,876fc,876fc,-26989.13824574091,-106194.55107520381,97294.80460738963,23.0,0.0,0.0,0.0,0.0,-122085.9508038465,-492483.53701839107,445659.9250371998,106.0
876fb,876fb,876fc,876fc,-27975.41651287279,-111642.88269370864,100662.37198618299,24.0,0.0,0.0,0.0,0.0,-122085.9508038465,-492483.53701839107,445659.9250371998,106.0
876fcc,876fcc,876fc,876fc,-30898.72199729675,-125701.68913669283,113288.45998139076,27.0,0.0,0.0,0.0,0.0,-122085.9508038465,-492483.53701839107,445659.9250371998,106.0
876fd4,876fd4,876fc,876fc,-33973.96313808356,-139701.37000927466,125936.76243967724,30.0,0.0,0.0,0.0,0.0,-122085.9508038465,-492483.53701839107,445659.9250371998,106.0
876ff,876ff,876fc,876fc,-2248.7109098524543,-9243.044103511118,8477.526022559212,2.0,0.0,0.0,0.0,0.0,-122085.9508038465,-492483.53701839107,445659.9250371998,106.0
87704,87704,87704,8771,-51697.82820847417,-222926.2260315097,202852.50329709664,48.0,-51697.82820847417,-222926.2260315097,202852.50329709664,48.0,0.0,0.0,0.0,0.0
8770c,8770c,8770c,8771,-41664.82773557077,-191503.279131182,172689.49878068487,41.0,-41664.82773557077,-191503.279131182,172689.49878068487,41.0,0.0,0.0,0.0,0.0
87711,87711,87714,8771,-43913.894376606324,-196790.0062854249,175913.25042311332,42.0,-76908.59806750118,-347000.0615539606,309747.636267889,74.0,0.0,0.0,0.0,0.0
87713,87713,87714,8771,-19369.18903490198,-89098.29538404853,79618.62405756116,19.0,-76908.59806750118,-347000.0615539606,309747.636267889,74.0,0.0,0.0,0.0,0.0
87717,87717,87714,8771,-13625.514655992863,-61111.75988448719,54215.76178721461,13.0,-76908.59806750118,-347000.0615539606,309747.636267889,74.0,0.0,0.0,0.0,0.0
8771c,8771c,8771c,8771,-47341.72541201628,-206292.9837734135,183801.76864824703,44.0,-47341.72541201628,-206292.9837734135,183801.76864824703,44.0,0.0,0.0,0.0,0.0
8773,8773,8773,8773,-18487.71930488255,-86214.07250522623,73324.05638128275,18.0,-18487.71930488255,-86214.07250522623,73324.05638128275,18.0,-18487.71930488255,-86214.07250522623,73324.05638128275,18.0
877404,877404,87741,87744,-6003.772848270035,-28423.868831977106,24844.90734169024,6.0,-55550.562587118315,-265391.17341685283,231885.82075266854,56.0,-113948.52607711175,-550589.0417911564,479621.8003483269,116.0
87741c,87741c,87741,87744,-49546.78973884829,-236967.3045848757,207040.9134109783,50.0,-55550.562587118315,-265391.17341685283,231885.82075266854,56.0,-113948.52607711175,-550589.0417911564,479621.8003483269,116.0
87743,87743,87743,87744,-42905.26246088773,-208766.93430696105,182091.0908287602,44.0,-42905.26246088773,-208766.93430696105,182091.0908287602,44.0,-113948.52607711175,-550589.0417911564,479621.8003483269,116.0
87745,87745,87745,87744,-15492.701029105705,-76430.93406734262,65644.88876689822,16.0,-15492.701029105705,-76430.93406734262,65644.88876689822,16.0,-113948.52607711175,-550589.0417911564,479621.8003483269,116.0
87749,87749,87749,8774c,-34477.95493594258,-162894.92752942586,138557.47476236863,34.0,-34477.95493594258,-162894.92752942586,138557.47476236863,34.0,-103998.48299788615,-502869.0415837063,428724.0976764243,105.0
8774b,8774b,8774b,8774c,-1992.0220545681746,-9608.46690567119,8128.235407509612,2.0,-1992.0220545681746,-9608.46690567119,8128.235407509612,2.0,-103998.48299788615,-502869.0415837063,428724.0976764243,105.0
8774ec,8774ec,8774f,8774c,-29436.094960604274,-143833.1998902861,122377.55926857951,30.0,-67528.5060073754,-330365.6471486093,282038.3875065461,69.0,-103998.48299788615,-502869.0415837063,428724.0976764243,105.0
8774f4,8774f4,8774f,8774c,-38092.41104677114,-186532.4472583231,159660.82823796663,39.0,-67528.5060073754,-330365.6471486093,282038.3875065461,69.0,-103998.48299788615,-502869.0415837063,428724.0976764243,105.0
87751,87751,87754,87754,0.0,0.0,0.0,0.0,-86548.68301218963,-447095.2623283196,379040.98645273293,93.0,-86548.68301218963,-447095.2623283196,379040.98645273293,93.0
87753,87753,87754,87754,-11274.940184604644,-57718.99679600728,48849.91853039722,12.0,-86548.68301218963,-447095.2623283196,379040.98645273293,93.0,-86548.68301218963,-447095.2623283196,379040.98645273293,93.0
87755,87755,87754,87754,-15448.503737406898,-82123.72297535621,68901.92477822135,17.0,-86548.68301218963,-447095.2623283196,379040.98645273293,93.0,-86548.68301218963,-447095.2623283196,379040.98645273293,93.0
87757,87757,87754,87754,-8259.062864784815,-43214.826387242225,36769.95178723883,9.0,-86548.68301218963,-447095.2623283196,379040.98645273293,93.0,-86548.68301218963,-447095.2623283196,379040.98645273293,93.0
877584,877584,87759,8775c,-27018.127199397753,-143355.60256217365,123490.65257443847,30.0,-57224.50732610743,-300868.076747471,259429.67070476728,63.0,-107941.79198725255,-567386.3269882766,491124.39281960134,119.0
87758c,87758c,87759,8775c,-8997.852171001143,-47658.524185863935,41311.93895407874,10.0,-57224.50732610743,-300868.076747471,259429.67070476728,63.0,-107941.79198725255,-567386.3269882766,491124.39281960134,119.0
87759c,87759c,87759,8775c,-21208.52795570853,-109853.94999943349,94627.07917625012,23.0,-57224.50732610743,-300868.076747471,259429.67070476728,63.0,-107941.79198725255,-567386.3269882766,491124.39281960134,119.0
8775b,8775b,8775b,8775c,-13204.56227824106,-66873.63636772564,57525.09255821792,14.0,-13204.56227824106,-66873.63636772564,57525.09255821792,14.0,-107941.79198725255,-567386.3269882766,491124.39281960134,119.0
8775f,8775f,8775f,8775c,-37512.72238290406,-199644.61387307986,174169.62955661613,42.0,-37512.72238290406,-199644.61387307986,174169.62955661613,42.0,-107941.79198725255,-567386.3269882766,491124.39281960134,119.0
87764,87764,8777,8777,-42559.129467334176,-222014.48846291902,196366.56188260182,47.0,0.0,0.0,0.0,0.0,-112605.09634172532,-560416.0388284738,498018.60353186924,119.0
8776d,8776d,8777,8777,-43186.97224829489,-206726.2592035837,184338.61891042208,44.0,0.0,0.0,0.0,0.0,-112605.09634172532,-560416.0388284738,498018.60353186924,119.0
8776f,8776f,8777,8777,-25861.36665285416,-126993.26711103121,113109.47907329716,27.0,0.0,0.0,0.0,0.0,-112605.09634172532,-560416.0388284738,498018.60353186924,119.0
87774,87774,8777,8777,-997.6279732421131,-4682.024050939846,4203.943665548231,1.0,0.0,0.0,0.0,0.0,-112605.09634172532,-560416.0388284738,498018.60353186924,119.0
877c,877c,877c,877c,0.0,0.0,0.0,0.0,-65933.24725218538,-289551.7681388387,269973.50305876916,63.0,-65933.24725218538,-289551.7681388387,269973.50305876916,63.0
8783,8783,8783,8784,-17053.327022438014,-91677.96500868554,86833.64296315268,20.0,-17053.327022438014,-91677.96500868554,86833.64296315268,20.0,-113570.89829359096,-784475.6892339685,728579.2662370591,169.0
8784c,8784c,8784c,8784,-2182.652721978724,-13907.37850346044,12927.735037493345,3.0,-2182.652721978724,-13907.37850346044,12927.735037493345,3.0,-113570.89829359096,-784475.6892339685,728579.2662370591,169.0
87853,87853,87853,8784,-14883.585034084008,-102458.21224894868,94478.43979428803,22.0,-14883.585034084008,-102458.21224894868,94478.43979428803,22.0,-113570.89829359096,-784475.6892339685,728579.2662370591,169.0
87855,87855,87855,8784,0.0,0.0,0.0,0.0,-39822.68009789972,-288618.58808232594,266720.6682312705,62.0,-113570.89829359096,-784475.6892339685,728579.2662370591,169.0
878561,878561,87857,8784,-20432.00184505895,-148621.89025728358,138050.59343702334,32.0,-39628.65341719049,-287813.54539054784,267618.7802108546,62.0,-113570.89829359096,-784475.6892339685,728579.2662370591,169.0
878563,878563,87857,8784,-10186.002919444989,-74230.89998643691,69115.8090071644,16.0,-39628.65341719049,-287813.54539054784,267618.7802108546,62.0,-113570.89829359096,-784475.6892339685,728579.2662370591,169.0
878565,878565,87857,8784,-3217.6340225477243,-23191.83629146177,21599.290336727638,5.0,-39628.65341719049,-287813.54539054784,267618.7802108546,62.0,-113570.89829359096,-784475.6892339685,728579.2662370591,169.0
878567,878567,87857,8784,-4499.413286790195,-32496.79142245105,30209.458648741806,7.0,-39628.65341719049,-287813.54539054784,267618.7802108546,62.0,-113570.89829359096,-784475.6892339685,728579.2662370591,169.0
87857c,87857c,87857,8784,-638.5275572006018,-4627.8838427238015,4331.827192609241,1.0,-39628.65341719049,-287813.54539054784,267618.7802108546,62.0,-113570.89829359096,-784475.6892339685,728579.2662370591,169.0
878d,878d,878d,878c,-7843.873533616462,-70063.8794051677,64515.27247627569,15.0,-7843.873533616462,-70063.8794051677,64515.27247627569,15.0,-93862.82669968416,-735413.9381548287,680873.6146081175,158.0
878e4,878e4,878e4,878c,-16000.358014416064,-140051.65304534882,129073.96722655906,30.0,-16000.358014416064,-140051.65304534882,129073.96722655906,30.0,-93862.82669968416,-735413.9381548287,680873.6146081175,158.0
878f9,878f9,878f9,878c,-10726.569360781845,-78895.24712383236,73422.80198970213,17.0,-10726.569360781845,-78895.24712383236,73422.80198970213,17.0,-93862.82669968416,-735413.9381548287,680873.6146081175,158.0
878fb,878fb,878fb,878c,-4157.067559650133,-32501.44121058608,30253.405737929595,7.0,-4157.067559650133,-32501.44121058608,30253.405737929595,7.0,-93862.82669968416,-735413.9381548287,680873.6146081175,158.0
878fd,878fd,878fd,878c,-9537.825664942764,-74484.5510848795,68934.90862989698,16.0,-9537.825664942764,-74484.5510848795,68934.90862989698,16.0,-93862.82669968416,-735413.9381548287,680873.6146081175,158.0
878fec,878fec,878ff,878c,-12289.377351734782,-92976.28130116037,86257.0371361793,20.0,-45597.132566276894,-339417.16628501436,314673.25854775414,73.0,-93862.82669968416,-735413.9381548287,680873.6146081175,158.0
878ff4,878ff4,878ff,878c,0.0,0.0,0.0,0.0,-45597.132566276894,-339417.16628501436,314673.25854775414,73.0,-93862.82669968416,-735413.9381548287,680873.6146081175,158.0
87901,87901,87904,87904,-7428.437880402741,-56194.73209436389,51301.8485773496,12.0,0.0,0.0,0.0,0.0,-60670.97249954526,-473327.00026469305,431664.5064270925,101.0
87902c,87902c,87904,87904,-23483.715937595014,-187255.63516500161,171252.51882877594,40.0,0.0,0.0,0.0,0.0,-60670.97249954526,-473327.00026469305,431664.5064270925,101.0
87903c,87903c,87904,87904,-28531.31903487236,-220474.41506368417,200598.36869111503,47.0,0.0,0.0,0.0,0.0,-60670.97249954526,-473327.00026469305,431664.5064270925,101.0
879084,879084,87909,8790c,-8312.342864558495,-61446.362183298355,54908.25991116776,13.0,-48361.07501421336,-359800.02075638325,320391.9878820991,76.0,-83191.93818885568,-625684.8057318167,555722.1166619316,132.0
879094,879094,87909,8790c,-14413.21138529123,-109014.42368013583,96850.86374925649,23.0,-48361.07501421336,-359800.02075638325,320391.9878820991,76.0,-83191.93818885568,-625684.8057318167,555722.1166619316,132.0
87909c,87909c,87909,8790c,-25635.52076436364,-189339.23489294908,168632.86422167486,40.0,-48361.07501421336,-359800.02075638325,320391.9878820991,76.0,-83191.93818885568,-625684.8057318167,555722.1166619316,132.0
8790b,8790b,8790b,8790c,-12715.96381158594,-94846.33331971012,84133.05374841501,20.0,-12715.96381158594,-94846.33331971012,84133.05374841501,20.0,-83191.93818885568,-625684.8057318167,555722.1166619316,132.0
8790d,8790d,8790d,8790c,-12365.436977206267,-95242.56885007236,83736.67558192615,20.0,-12365.436977206267,-95242.56885007236,83736.67558192615,20.0,-83191.93818885568,-625684.8057318167,555722.1166619316,132.0
8790f,8790f,8790f,8790c,-9749.46238585012,-75795.88280565085,67460.39944949141,16.0,-9749.46238585012,-75795.88280565085,67460.39944949141,16.0,-83191.93818885568,-625684.8057318167,555722.1166619316,132.0
87911,87911,87911,87911,-4024.1004982029244,-33143.600965273356,29566.74822571216,7.0,-4024.1004982029244,-33143.600965273356,29566.74822571216,7.0,-4024.1004982029244,-33143.600965273356,29566.74822571216,7.0
87914c,87914c,87914c,87915,0.0,0.0,0.0,0.0,-32664.89834953216,-281050.665522887,247459.8185899434,59.0,-85751.63841330644,-747356.9320645069,659240.1848963053,157.0
879154,879154,879154,87915,-27052.342669927566,-238196.82018842004,209772.96183091233,50.0,-27052.342669927566,-238196.82018842004,209772.96183091233,50.0,-85751.63841330644,-747356.9320645069,659240.1848963053,157.0
87915c,87915c,87915c,87915,-26034.397393846724,-228109.4463532,202007.40447544958,48.0,-26034.397393846724,-228109.4463532,202007.40447544958,48.0,-85751.63841330644,-747356.9320645069,659240.1848963053,157.0
879164,879164,87917,87917,0.0,0.0,0.0,0.0,-51371.13658096923,-450223.3965701618,401224.73682713363,95.0,-51371.13658096923,-450223.3965701618,401224.73682713363,95.0
87917c,87917c,87917,87917,-15640.00301468609,-137154.74151088967,122800.37114956809,29.0,-51371.13658096923,-450223.3965701618,401224.73682713363,95.0,-51371.13658096923,-450223.3965701618,401224.73682713363,95.0
879181,879181,879184,87919,-11258.258364396683,-99099.97402472806,89176.94270660242,21.0,-49224.37006121075,-433957.7553927099,390908.07966459513,92.0,-97162.48754730506,-857365.6166584846,774580.5664347835,182.0
879183,879183,879184,87919,-4844.410051806548,-42506.909916411205,38176.75056970929,9.0,-49224.37006121075,-433957.7553927099,390908.07966459513,92.0,-97162.48754730506,-857365.6166584846,774580.5664347835,182.0
8791864,8791864,879184,87919,-14418.764794500587,-127277.76189684778,114814.63202958016,27.0,-49224.37006121075,-433957.7553927099,390908.07966459513,92.0,-97162.48754730506,-857365.6166584846,774580.5664347835,182.0
879186c,879186c,879184,87919,-18702.936850506932,-165073.10955472282,148739.75435870324,35.0,-49224.37006121075,-433957.7553927099,390908.07966459513,92.0,-97162.48754730506,-857365.6166584846,774580.5664347835,182.0
879189,879189,87918c,87919,-13867.874430668036,-122409.17308423865,110735.48504869312,26.0,-47938.11748609433,-423407.86126577476,383672.48677018844,90.0,-97162.48754730506,-857365.6166584846,774580.5664347835,182.0
87918a4,87918a4,87918c,87919,-5300.132396570506,-47046.227334134746,42632.573209866525,10.0,-47938.11748609433,-423407.86126577476,383672.48677018844,90.0,-97162.48754730506,-857365.6166584846,774580.5664347835,182.0
87918b4,87918b4,87918c,87919,-19174.52424779785,-169264.90779013635,153577.49639579363,36.0,-47938.11748609433,-423407.86126577476,383672.48677018844,90.0,-97162.48754730506,-857365.6166584846,774580.5664347835,182.0
87918bc,87918bc,87918c,87919,-9059.318205945952,-79981.13286709352,72466.44170563472,17.0,-47938.11748609433,-423407.86126577476,383672.48677018844,90.0,-97162.48754730506,-857365.6166584846,774580.5664347835,182.0
8791b,8791b,8791b,8791b,-18063.008725294065,-150562.98878615498,136265.86974878245,32.0,-18063.008725294065,-150562.98878615498,136265.86974878245,32.0,-18063.008725294065,-150562.98878615498,136265.86974878245,32.0
8791d,8791d,8791d,8791d,-10381.14379506213,-84278.75588077813,77074.0064940995,18.0,-10381.14379506213,-84278.75588077813,77074.0064940995,18.0,-10381.14379506213,-84278.75588077813,77074.0064940995,18.0
8791f,8791f,8791f,8791f,-3746.785487195818,-32895.51856402388,29878.78416589752,7.0,-3746.785487195818,-32895.51856402388,29878.78416589752,7.0,-3746.785487195818,-32895.51856402388,29878.78416589752,7.0
87921,87921,87921,87924,-4606.121149832967,-42256.61702594351,38482.87367940847,9.0,-4606.121149832967,-42256.61702594351,38482.87367940847,9.0,-85471.22793109374,-787040.6252096597,710818.1684717278,167.0
879221,879221,879224,87924,-17337.539893571942,-155269.61116581503,140687.57611290013,33.0,-38568.275589049124,-348215.98910801095,315479.7977088677,74.0,-85471.22793109374,-787040.6252096597,710818.1684717278,167.0
879223,879223,879224,87924,-21230.73569547718,-192946.37794219592,174792.22159596754,41.0,-38568.275589049124,-348215.98910801095,315479.7977088677,74.0,-85471.22793109374,-787040.6252096597,710818.1684717278,167.0
87922c,87922c,87922c,87924,-2088.7049427504076,-18880.55051564776,16988.164759825668,4.0,-2088.7049427504076,-18880.55051564776,16988.164759825668,4.0,-85471.22793109374,-787040.6252096597,710818.1684717278,167.0
879234,879234,879234,87924,-24175.206571016315,-226539.8587311205,203995.1501385782,48.0,-24175.206571016315,-226539.8587311205,203995.1501385782,48.0,-85471.22793109374,-787040.6252096597,710818.1684717278,167.0
87925,87925,87925,87924,-16032.91967844493,-151147.60982893698,135872.18218504783,32.0,-16032.91967844493,-151147.60982893698,135872.18218504783,32.0,-85471.22793109374,-787040.6252096597,710818.1684717278,167.0
879384,879384,879384,879384,0.0,0.0,0.0,0.0,-34469.47861075466,-333994.3415889736,293512.18828789797,70.0,-34469.47861075466,-333994.3415889736,293512.18828789797,70.0
8793884,8793884,8793884,879389,0.0,0.0,0.0,0.0,0.0,0.0,0.0,0.0,0.0,0.0,0.0,0.0
8793889,8793889,879388c,879389,-23694.415711712027,-228953.6733161496,201339.46550412173,48.0,0.0,0.0,0.0,0.0,0.0,0.0,0.0,0.0
879388b,879388b,879388c,879389,-493.3423333519708,-4767.567869743916,4197.220875673059,1.0,0.0,0.0,0.0,0.0,0.0,0.0,0.0,0.0
879388d,879388d,879388c,879389,-9419.08952545971,-90597.56057596607,79726.17841482276,19.0,0.0,0.0,0.0,0.0,0.0,0.0,0.0,0.0
879388f,879388f,879388c,879389,-16848.79285371549,-162169.64358157286,142614.44104417603,34.0,0.0,0.0,0.0,0.0,0.0,0.0,0.0,0.0
8793894,8793894,8793894,879389,0.0,0.0,0.0,0.0,-45315.89336068569,-433937.74919130985,381796.0505171281,91.0,0.0,0.0,0.0,0.0
8793899,8793899,879389c,879389,-12974.727940037545,-124042.62838048255,109012.63866351132,26.0,0.0,0.0,0.0,0.0,0.0,0.0,0.0,0.0
879389b,879389b,879389c,879389,-19888.879821032606,-190834.16623244766,167721.0707773773,40.0,0.0,0.0,0.0,0.0,0.0,0.0,0.0,0.0
879389d,879389d,879389c,879389,-20902.25248546246,-200442.71150587167,176028.80099514165,42.0,0.0,0.0,0.0,0.0,0.0,0.0,0.0,0.0
879389f,879389f,879389c,879389,-19467.678498469493,-186106.2286165091,163470.1651491229,39.0,0.0,0.0,0.0,0.0,0.0,0.0,0.0,0.0
87938a4,87938a4,87938a4,87938b,-20570.965220195256,-195619.64375443387,171875.4211883523,41.0,-20570.965220195256,-195619.64375443387,171875.4211883523,41.0,0.0,0.0,0.0,0.0
87938ac,87938ac,87938ac,87938b,0.0,0.0,0.0,0.0,0.0,0.0,0.0,0.0,0.0,0.0,0.0,0.0
87938b4,87938b4,87938b4,87938b,0.0,0.0,0.0,0.0,0.0,0.0,0.0,0.0,0.0,0.0,0.0,0.0
87938bc,87938bc,87938bc,87938b,0.0,0.0,0.0,0.0,-29597.76665289355,-281340.0716605099,247516.98245195803,59.0,0.0,0.0,0.0,0.0
87938c4,87938c4,87938d,87938d,0.0,0.0,0.0,0.0,0.0,0.0,0.0,0.0,0.0,0.0,0.0,0.0
87938cc,87938cc,87938d,87938d,0.0,0.0,0.0,0.0,0.0,0.0,0.0,0.0,0.0,0.0,0.0,0.0
87938d4,87938d4,87938d,87938d,-16142.615396003162,-152400.52105965867,134452.23069404095,32.0,0.0,0.0,0.0,0.0,0.0,0.0,0.0,0.0
87938dc,87938dc,87938d,87938d,0.0,0.0,0.0,0.0,0.0,0.0,0.0,0.0,0.0,0.0,0.0,0.0
87938e4,87938e4,87938e4,87938f,0.0,0.0,0.0,0.0,-35797.02615408441,-342966.5326971223,302505.87192030984,72.0,0.0,0.0,0.0,0.0
87938ec,87938ec,87938ec,87938f,0.0,0.0,0.0,0.0,-41306.92758685572,-395591.1673027326,348459.69577826513,83.0,0.0,0.0,0.0,0.0
87938f1,87938f1,87938f4,87938f,-14847.279179819143,-142957.24507190596,125990.32340572153,30.0,0.0,0.0,0.0,0.0,0.0,0.0,0.0,0.0
87938f24,87938f24,87938f4,87938f,-24767.226167038432,-238308.97195504708,209928.08518578575,50.0,0.0,0.0,0.0,0.0,0.0,0.0,0.0,0.0
87938f2c,87938f2c,87938f4,87938f,-4458.5199365725475,-42902.62112957701,37779.051049752525,9.0,0.0,0.0,0.0,0.0,0.0,0.0,0.0,0.0
87938f34,87938f34,87938f4,87938f,-495.10438600690355,-4766.639819500704,4198.06736579875,1.0,0.0,0.0,0.0,0.0,0.0,0.0,0.0,0.0
87938f3c,87938f3c,87938f4,87938f,0.0,0.0,0.0,0.0,0.0,0.0,0.0,0.0,0.0,0.0,0.0,0.0
87938f7,87938f7,87938f4,87938f,-15783.14107596146,-152497.21614553552,134385.26022629117,32.0,0.0,0.0,0.0,0.0,0.0,0.0,0.0,0.0
87938fc,87938fc,87938fc,87938f,0.0,0.0,0.0,0.0,0.0,0.0,0.0,0.0,0.0,0.0,0.0,0.0
879394,879394,879394,879394,0.0,0.0,0.0,0.0,-40669.08548419937,-385480.5340989759,340675.82740198896,81.0,-40669.08548419937,-385480.5340989759,340675.82740198896,81.0
8793b,8793b,8793b,8793b,0.0,0.0,0.0,0.0,-26531.644860431406,-250678.53767609925,224661.7815507589,53.0,-26531.644860431406,-250678.53767609925,224661.7815507589,53.0
8793d,8793d,8793d,8793d,-14335.016035161369,-132823.13348223318,118215.42470278025,28.0,-14335.016035161369,-132823.13348223318,118215.42470278025,28.0,-14335.016035161369,-132823.13348223318,118215.42470278025,28.0
8793eb,8793eb,8793ec,8793ec,-2033.311456104016,-19009.799154868702,16850.19296746412,4.0,0.0,0.0,0.0,0.0,-59279.9922502208,-552015.3248608672,487791.3113092922,116.0
8793ed,8793ed,8793ec,8793ec,0.0,0.0,0.0,0.0,0.0,0.0,0.0,0.0,-59279.9922502208,-552015.3248608672,487791.3113092922,116.0
8793ef,8793ef,8793ec,8793ec,-15509.574621550702,-142790.60919405433,126099.43850699005,30.0,0.0,0.0,0.0,0.0,-59279.9922502208,-552015.3248608672,487791.3113092922,116.0
8793f1,8793f1,8793f1,8793f1,-20197.8623268178,-185741.1186148837,163796.44978827177,39.0,-20197.8623268178,-185741.1186148837,163796.44978827177,39.0,-20197.8623268178,-185741.1186148837,163796.44978827177,39.0
8793f3,8793f3,8793f3,8793f3,0.0,0.0,0.0,0.0,-45210.43795218883,-424032.3818340058,373716.3872686634,89.0,-45210.43795218883,-424032.3818340058,373716.3872686634,89.0
8793f44,8793f44,8793f44,8793f5,-10756.469409385734,-100134.80192730727,88076.10547730188,21.0,-10756.469409385734,-100134.80192730727,88076.10547730188,21.0,-83670.49324871678,-782254.1346681351,687589.5775150824,164.0
8793f4c,8793f4c,8793f4c,8793f5,-17781.949066938232,-166862.70709511964,146843.73999590045,35.0,-17781.949066938232,-166862.70709511964,146843.73999590045,35.0,-83670.49324871678,-782254.1346681351,687589.5775150824,164.0
8793f54,8793f54,8793f54,8793f5,0.0,0.0,0.0,0.0,-31556.823622290372,-295808.0979652842,259862.92115465866,62.0,-83670.49324871678,-782254.1346681351,687589.5775150824,164.0
8793f5c,8793f5c,8793f5c,8793f5,-23575.251150102442,-219448.5276804241,192806.81088722148,46.0,-23575.251150102442,-219448.5276804241,192806.81088722148,46.0,-83670.49324871678,-782254.1346681351,687589.5775150824,164.0
8793f7,8793f7,8793f7,8793f7,-24804.697948700403,-228888.71370332994,201279.53170847162,48.0,-24804.697948700403,-228888.71370332994,201279.53170847162,48.0,-24804.697948700403,-228888.71370332994,201279.53170847162,48.0
8793fc,8793fc,8793fc,8793fc,0.0,0.0,0.0,0.0,-33176.49687586574,-300206.4874723017,264340.5026945236,63.0,-33176.49687586574,-300206.4874723017,264340.5026945236,63.0
879401,879401,879401,87941,-20245.85378668975,-181398.1859007809,159048.40780022563,38.0,-20245.85378668975,-181398.1859007809,159048.40780022563,38.0,0.0,0.0,0.0,0.0
879403,879403,879403,87941,-10135.536389964169,-90816.75854915919,79388.19720563729,19.0,-10135.536389964169,-90816.75854915919,79388.19720563729,19.0,0.0,0.0,0.0,0.0
879405,879405,879405,87941,0.0,0.0,0.0,0.0,-28471.417518865794,-258012.24243300944,225784.79125201592,54.0,0.0,0.0,0.0,0.0
879406c,879406c,879407,87941,-13708.361003492155,-124182.0036806742,108763.88430343612,26.0,-34683.28769826789,-315105.00552023924,276251.3706784353,66.0,0.0,0.0,0.0,0.0
8794074,8794074,879407,87941,-5790.636526515097,-52512.01563922261,46046.89689427125,11.0,-34683.28769826789,-315105.00552023924,276251.3706784353,66.0,0.0,0.0,0.0,0.0
879407c,879407c,879407,87941,-15184.290168260648,-138410.98620034236,121440.58948072798,29.0,-34683.28769826789,-315105.00552023924,276251.3706784353,66.0,0.0,0.0,0.0,0.0
87940c,87940c,87940c,87941,-21101.59185126463,-195792.71827589767,171613.66711923448,41.0,-21101.59185126463,-195792.71827589767,171613.66711923448,41.0,0.0,0.0,0.0,0.0
87941c,87941c,87941c,87941,-1064.0393730304224,-9576.247443710283,8337.989697486355,2.0,-1064.0393730304224,-9576.247443710283,8337.989697486355,2.0,0.0,0.0,0.0,0.0
87943,87943,87943,87943,-11418.707072039279,-105754.20974453252,91274.5769043498,22.0,-11418.707072039279,-105754.20974453252,91274.5769043498,22.0,-11418.707072039279,-105754.20974453252,91274.5769043498,22.0
87945,87945,87945,87945,0.0,0.0,0.0,0.0,-36491.060569667614,-355621.2531280293,307361.5255451447,74.0,-36491.060569667614,-355621.2531280293,307361.5255451447,74.0
879464,879464,879464,87947,-486.30453907265945,-4787.077654407481,4175.7811910620185,1.0,-486.30453907265945,-4787.077654407481,4175.7811910620185,1.0,0.0,0.0,0.0,0.0
87946c,87946c,87946c,87947,-1502.793072089966,-14375.685485982296,12505.546963169143,3.0,-1502.793072089966,-14375.685485982296,12505.546963169143,3.0,0.0,0.0,0.0,0.0
879471,879471,879471,87947,-7458.2327861892445,-71709.544593345,62728.04506937729,15.0,-7458.2327861892445,-71709.544593345,62728.04506937729,15.0,0.0,0.0,0.0,0.0
879475,879475,879475,87947,-20157.626221488725,-190988.58303774925,167513.0662477269,40.0,-20157.626221488725,-190988.58303774925,167513.0662477269,40.0,0.0,0.0,0.0,0.0
8794764,8794764,8794764,87947,0.0,0.0,0.0,0.0,-43842.69093037979,-420112.09847785096,368660.6561370202,88.0,0.0,0.0,0.0,0.0
879476c,879476c,879476c,87947,0.0,0.0,0.0,0.0,-25952.01814435265,-248475.4637683967,217580.1593832039,52.0,0.0,0.0,0.0,0.0
8794774,8794774,8794774,87947,-12385.575720022118,-119424.08586818389,104656.96460578497,25.0,-12385.575720022118,-119424.08586818389,104656.96460578497,25.0,0.0,0.0,0.0,0.0
879477c,879477c,879477c,87947,-24764.167820632072,-238723.91076534835,209456.45831733683,50.0,-24764.167820632072,-238723.91076534835,209456.45831733683,50.0,0.0,0.0,0.0,0.0
879479,879479,87947c,87947,-23147.891540746987,-224494.57839339602,196797.1345743798,47.0,-31498.106465608067,-305794.319226213,267867.95641076623,64.0,0.0,0.0,0.0,0.0
87947b,87947b,87947c,87947,-6890.700665131515,-66949.45124997554,58531.01528956893,14.0,-31498.106465608067,-305794.319226213,267867.95641076623,64.0,0.0,0.0,0.0,0.0
87947d,87947d,87947c,87947,-1459.5142597295599,-14350.289582841446,12539.80654681752,3.0,-31498.106465608067,-305794.319226213,267867.95641076623,64.0,0.0,0.0,0.0,0.0
87951,87951,87954,87954,-8018.059236329818,-82232.26948937422,70028.42537848528,17.0,-40399.18435790719,-412816.0894884251,348150.43246780976,85.0,-40399.18435790719,-412816.0894884251,348150.43246780976,85.0
87955,87955,87954,87954,-902.5685174285034,-9729.019593548115,8178.648900777074,2.0,-40399.18435790719,-412816.0894884251,348150.43246780976,85.0,-40399.18435790719,-412816.0894884251,348150.43246780976,85.0
87957,87957,87954,87954,0.0,0.0,0.0,0.0,-40399.18435790719,-412816.0894884251,348150.43246780976,85.0,-40399.18435790719,-412816.0894884251,348150.43246780976,85.0
87959,87959,8795c,8795c,0.0,0.0,0.0,0.0,0.0,0.0,0.0,0.0,-58499.92282808044,-553256.9602110386,466882.8580229274,114.0
8795b,8795b,8795c,8795c,-6408.9679029199315,-62747.88316756695,53677.51299701022,13.0,0.0,0.0,0.0,0.0,-58499.92282808044,-553256.9602110386,466882.8580229274,114.0
8795f,8795f,8795c,8795c,-21956.44056448179,-198974.33152177616,167804.02506194293,41.0,0.0,0.0,0.0,0.0,-58499.92282808044,-553256.9602110386,466882.8580229274,114.0
879604,879604,879604,87961,-4394.158505288065,-38880.92880368288,32660.49645003493,8.0,-4394.158505288065,-38880.92880368288,32660.49645003493,8.0,-82574.70831289214,-713241.048658104,601306.3116946595,147.0
87960c,87960c,87960c,87961,-9922.113100577975,-87192.40852829696,73824.87656828469,18.0,-9922.113100577975,-87192.40852829696,73824.87656828469,18.0,-82574.70831289214,-713241.048658104,601306.3116946595,147.0
879614,879614,879614,87961,-23112.9238854348,-198619.76285036028,168069.30493247157,41.0,-23112.9238854348,-198619.76285036028,168069.30493247157,41.0,-82574.70831289214,-713241.048658104,601306.3116946595,147.0
87961b,87961b,87961c,87961,-18538.05441151844,-160189.86726472524,134899.14194327453,33.0,-45145.51282159129,-388547.948475764,326751.6337438682,80.0,-82574.70831289214,-713241.048658104,601306.3116946595,147.0
87961d,87961d,87961c,87961,-16382.342522548835,-140896.29223577213,118388.47716621382,29.0,-45145.51282159129,-388547.948475764,326751.6337438682,80.0,-82574.70831289214,-713241.048658104,601306.3116946595,147.0
87961f,87961f,87961c,87961,-9653.734561179308,-82606.9076649911,69378.25840416741,17.0,-45145.51282159129,-388547.948475764,326751.6337438682,80.0,-82574.70831289214,-713241.048658104,601306.3116946595,147.0
879624,879624,87963,87963,-2326.4368401851307,-19408.558041987522,16350.272788125947,4.0,-35367.27212491896,-290532.9924945935,245891.1713977891,60.0,-35367.27212491896,-290532.9924945935,245891.1713977891,60.0
87962c,87962c,87963,87963,-1185.2745347825016,-9718.319969891938,8155.265590860014,2.0,-35367.27212491896,-290532.9924945935,245891.1713977891,60.0,-35367.27212491896,-290532.9924945935,245891.1713977891,60.0
879634,879634,87963,87963,-24343.06047596165,-198448.84603925253,168097.6248452244,41.0,-35367.27212491896,-290532.9924945935,245891.1713977891,60.0,-35367.27212491896,-290532.9924945935,245891.1713977891,60.0
87963c,87963c,87963,87963,-7512.500273989678,-62957.26844346151,53288.008173578695,13.0,-35367.27212491896,-290532.9924945935,245891.1713977891,60.0,-35367.27212491896,-290532.9924945935,245891.1713977891,60.0
879644,879644,87965,87965,-13182.305612173339,-111036.8199263321,94704.96090974353,23.0,0.0,0.0,0.0,0.0,-62547.00619796693,-516376.9703267032,440627.8734559152,107.0
87964c,87964c,87965,87965,-18846.56786058441,-154651.89771419915,131497.08424944634,32.0,0.0,0.0,0.0,0.0,-62547.00619796693,-516376.9703267032,440627.8734559152,107.0
879654,879654,87965,87965,-15453.213816776652,-125271.5248539093,107270.1574734912,26.0,0.0,0.0,0.0,0.0,-62547.00619796693,-516376.9703267032,440627.8734559152,107.0
87965c,87965c,87965,87965,-15064.918908432537,-125416.72783226264,107155.67082323413,26.0,0.0,0.0,0.0,0.0,-62547.00619796693,-516376.9703267032,440627.8734559152,107.0
879664,879664,87967,87967,-13121.432289927805,-110946.53676427517,94819.08598006089,23.0,0.0,0.0,0.0,0.0,-66360.46151863645,-565456.7753885416,481130.721875398,117.0
879669,879669,87967,87967,-13679.0815509434,-115881.72003955224,98812.9792154253,24.0,0.0,0.0,0.0,0.0,-66360.46151863645,-565456.7753885416,481130.721875398,117.0
87966b,87966b,87967,87967,-15856.00009644814,-135461.81465550815,114982.81288396688,28.0,0.0,0.0,0.0,0.0,-66360.46151863645,-565456.7753885416,481130.721875398,117.0
87966d,87966d,87967,87967,-19753.037183986336,-169336.73565140375,143726.58470212691,35.0,0.0,0.0,0.0,0.0,-66360.46151863645,-565456.7753885416,481130.721875398,117.0
87966f,87966f,87967,87967,-3950.9103973307547,-33829.96827780247,28789.259093817982,7.0,0.0,0.0,0.0,0.0,-66360.46151863645,-565456.7753885416,481130.721875398,117.0
87968c,87968c,87969,87969,-5097.222542821887,-43319.57817504677,37218.297919033634,9.0,0.0,0.0,0.0,0.0,-57136.54462602564,-489260.4985637603,423856.42793797667,102.0
879693,879693,87969,87969,-1686.577373771855,-14401.18589074981,12452.672090761735,3.0,0.0,0.0,0.0,0.0,-57136.54462602564,-489260.4985637603,423856.42793797667,102.0
879695,879695,87969,87969,-20869.454832543353,-177387.1974570677,153836.31980399525,37.0,0.0,0.0,0.0,0.0,-57136.54462602564,-489260.4985637603,423856.42793797667,102.0
879697,879697,87969,87969,-27272.928065996675,-234923.3425689044,203772.42476659367,49.0,0.0,0.0,0.0,0.0,-57136.54462602564,-489260.4985637603,423856.42793797667,102.0
8796a4,8796a4,8796a4,8796a4,-20157.02711478737,-177007.50196986552,154367.67111778434,37.0,-20157.02711478737,-177007.50196986552,154367.67111778434,37.0,-20157.02711478737,-177007.50196986552,154367.67111778434,37.0
8796ac,8796ac,8796ac,8796ac,-22099.083683619214,-195883.27685419488,171384.51641040453,41.0,-22099.083683619214,-195883.27685419488,171384.51641040453,41.0,-22099.083683619214,-195883.27685419488,171384.51641040453,41.0
8796b1,8796b1,8796b4,8796b4,-18921.2928922293,-162463.31480574032,142019.0295610178,34.0,-38369.754577856176,-329507.2684591442,288444.8260136528,69.0,-38369.754577856176,-329507.2684591442,288444.8260136528,69.0
8796b3,8796b3,8796b4,8796b4,-19448.461685626877,-167043.95365340382,146425.7964526349,35.0,-38369.754577856176,-329507.2684591442,288444.8260136528,69.0,-38369.754577856176,-329507.2684591442,288444.8260136528,69.0
8796b9,8796b9,8796b9,8796bc,0.0,0.0,0.0,0.0,-37104.55549379562,-315825.65345443593,275111.52588626486,66.0,0.0,0.0,0.0,0.0
8796bb,8796bb,8796bb,8796bc,-25029.726225033803,-215364.932345853,187578.49445930324,45.0,-25029.726225033803,-215364.932345853,187578.49445930324,45.0,0.0,0.0,0.0,0.0
8796bd,8796bd,8796bd,8796bc,0.0,0.0,0.0,0.0,-51698.544854248554,-445383.53676565667,387326.01789228397,93.0,0.0,0.0,0.0,0.0
8796bf,8796bf,8796bf,8796bc,0.0,0.0,0.0,0.0,0.0,0.0,0.0,0.0,0.0,0.0,0.0,0.0
8796c1,8796c1,8796c4,8796d,-21061.556372835083,-177176.03958670815,154053.30223246416,37.0,0.0,0.0,0.0,0.0,-79534.1541614479,-660355.3281787736,574973.6796050444,138.0
8796c3,8796c3,8796c4,8796d,-11561.552876188816,-95731.5789564865,83292.82472682877,20.0,0.0,0.0,0.0,0.0,-79534.1541614479,-660355.3281787736,574973.6796050444,138.0
8796c5,8796c5,8796c4,8796d,-13832.036694963543,-114774.64706956455,100075.71927783964,24.0,0.0,0.0,0.0,0.0,-79534.1541614479,-660355.3281787736,574973.6796050444,138.0
8796c7,8796c7,8796c4,8796d,-13083.41061030729,-110020.2581640107,95897.56773517544,23.0,0.0,0.0,0.0,0.0,-79534.1541614479,-660355.3281787736,574973.6796050444,138.0
8796cc,8796cc,8796cc,8796d,-1151.215550458433,-9552.22401957809,8353.964867880812,2.0,-1151.215550458433,-9552.22401957809,8353.964867880812,2.0,-79534.1541614479,-660355.3281787736,574973.6796050444,138.0
8796d4,8796d4,8796d4,8796d,-2375.4004988784063,-19110.11991627576,16691.219548493686,4.0,-2375.4004988784063,-19110.11991627576,16691.219548493686,4.0,-79534.1541614479,-660355.3281787736,574973.6796050444,138.0
8796dc,8796dc,8796dc,8796d,-16468.981557816336,-133990.4604661498,116609.08121636196,28.0,-16468.981557816336,-133990.4604661498,116609.08121636196,28.0,-79534.1541614479,-660355.3281787736,574973.6796050444,138.0
8796f,8796f,8796f,8796f,-18636.639524333594,-153689.51132934305,132649.7100817076,32.0,-18636.639524333594,-153689.51132934305,132649.7100817076,32.0,-18636.639524333594,-153689.51132934305,132649.7100817076,32.0
87971,87971,87971,87971,-8514.42501018708,-67206.76203567708,58019.99936265275,14.0,-8514.42501018708,-67206.76203567708,58019.99936265275,14.0,-8514.42501018708,-67206.76203567708,58019.99936265275,14.0
879724,879724,879724,87973,-25236.581529792806,-200900.11554637254,174935.8291916435,42.0,-25236.581529792806,-200900.11554637254,174935.8291916435,42.0,-91296.30948600001,-717067.2386581877,625096.9925845214,150.0
87972c,87972c,87972c,87973,-15539.053229934356,-124228.86969835131,108463.79680909883,26.0,-15539.053229934356,-124228.86969835131,108463.79680909883,26.0,-91296.30948600001,-717067.2386581877,625096.9925845214,150.0
879734,879734,879734,87973,-12403.826858272418,-95425.40819679543,83522.61517300367,20.0,-12403.826858272418,-95425.40819679543,83522.61517300367,20.0,-91296.30948600001,-717067.2386581877,625096.9925845214,150.0
879739,879739,87973c,87973,-6198.946771259999,-47812.65379277302,41647.303339661405,10.0,-38116.84786800041,-296512.8452166685,258174.75141077544,62.0,-91296.30948600001,-717067.2386581877,625096.9925845214,150.0
87973b,87973b,87973c,87973,-27632.075730456356,-215204.22249739748,187397.57461647692,45.0,-38116.84786800041,-296512.8452166685,258174.75141077544,62.0,-91296.30948600001,-717067.2386581877,625096.9925845214,150.0
87973d,87973d,87973c,87973,-4285.82536628406,-33495.96892649797,29129.873454637083,7.0,-38116.84786800041,-296512.8452166685,258174.75141077544,62.0,-91296.30948600001,-717067.2386581877,625096.9925845214,150.0
879744,879744,87975,87975,-21603.9706819111,-162527.0334938449,141562.5290764228,34.0,-44145.130453980906,-329759.62821271596,287328.0435764763,69.0,-44145.130453980906,-329759.62821271596,287328.0435764763,69.0
87975c,87975c,87975,87975,-22541.159772069797,-167232.59471887114,145765.51450005348,35.0,-44145.130453980906,-329759.62821271596,287328.0435764763,69.0,-44145.130453980906,-329759.62821271596,287328.0435764763,69.0
87977,87977,87977,87977,-30707.35925612739,-230417.10959254723,198704.81447216432,48.0,-30707.35925612739,-230417.10959254723,198704.81447216432,48.0,-30707.35925612739,-230417.10959254723,198704.81447216432,48.0
87978c,87978c,87979,8797c,-1942.818289142448,-14479.941518524434,12323.33044613479,3.0,-47332.00232051876,-356898.4801987768,304388.2204998296,74.0,-111972.18738643361,-850622.7074637774,721935.5395311099,176.0
879794,879794,87979,8797c,-25574.489856273143,-193092.90228459646,164330.96188645653,40.0,-47332.00232051876,-356898.4801987768,304388.2204998296,74.0,-111972.18738643361,-850622.7074637774,721935.5395311099,176.0
87979c,87979c,87979,8797c,-19814.69417510318,-149325.6363956559,127733.92816723823,31.0,-47332.00232051876,-356898.4801987768,304388.2204998296,74.0,-111972.18738643361,-850622.7074637774,721935.5395311099,176.0
8797b,8797b,8797b,8797c,-20150.77710528959,-159368.03419375658,135638.76997775715,33.0,-20150.77710528959,-159368.03419375658,135638.76997775715,33.0,-111972.18738643361,-850622.7074637774,721935.5395311099,176.0
8797d,8797d,8797d,8797c,-6035.250011046534,-48369.00215736747,41024.26886637113,10.0,-6035.250011046534,-48369.00215736747,41024.26886637113,10.0,-111972.18738643361,-850622.7074637774,721935.5395311099,176.0
8797f,8797f,8797f,8797c,0.0,0.0,0.0,0.0,-38454.15794957873,-285987.1909138765,240884.28018715198,59.0,-111972.18738643361,-850622.7074637774,721935.5395311099,176.0
87981,87981,87984,87984,-5377.850677212949,-38753.45925919933,32664.66493626759,8.0,-51161.898553803614,-352066.64266045945,299551.81065475976,73.0,-51161.898553803614,-352066.64266045945,299551.81065475976,73.0
87983,87983,87984,87984,-6818.611612942103,-48203.27545913644,41096.399766259616,10.0,-51161.898553803614,-352066.64266045945,299551.81065475976,73.0,-51161.898553803614,-352066.64266045945,299551.81065475976,73.0
87985,87985,87984,87984,-30511.80329569927,-207072.94372015027,176748.42873993109,43.0,-51161.898553803614,-352066.64266045945,299551.81065475976,73.0,-51161.898553803614,-352066.64266045945,299551.81065475976,73.0
87987,87987,87984,87984,-8453.632967949297,-58036.96422197334,49042.31721230149,12.0,-51161.898553803614,-352066.64266045945,299551.81065475976,73.0,-51161.898553803614,-352066.64266045945,299551.81065475976,73.0
87989,87989,87989,8798c,0.0,0.0,0.0,0.0,-59945.96077396687,-396713.8331896289,334589.2775169037,82.0,0.0,0.0,0.0,0.0
8798b,8798b,8798b,8798c,-16092.186815603138,-101548.46083964044,85609.58614531464,21.0,-16092.186815603138,-101548.46083964044,85609.58614531464,21.0,0.0,0.0,0.0,0.0
8798c4,8798c4,8798d,8798c,-16617.468209352446,-105915.30971737098,90284.2222021688,22.0,-46149.03606561343,-293377.3215900512,250667.68865512242,61.0,0.0,0.0,0.0,0.0
8798dc,8798dc,8798d,8798c,-29531.567856260983,-187462.01187268025,160383.4664529536,39.0,-46149.03606561343,-293377.3215900512,250667.68865512242,61.0,0.0,0.0,0.0,0.0
8798f,8798f,8798f,8798c,-33445.25064798802,-221586.18659603837,188861.4739889121,46.0,-33445.25064798802,-221586.18659603837,188861.4739889121,46.0,0.0,0.0,0.0,0.0
87991,87991,87991,87991,-18155.680181033145,-119708.88737698752,103482.49273733323,25.0,-18155.680181033145,-119708.88737698752,103482.49273733323,25.0,-18155.680181033145,-119708.88737698752,103482.49273733323,25.0
879924,879924,87993,87993,-6027.020603768722,-38371.973672349624,33000.14031851568,8.0,-64391.833196647065,-406720.47881684167,351699.2337874082,85.0,-64391.833196647065,-406720.47881684167,351699.2337874082,85.0
87992c,87992c,87993,87993,-2302.8489577594364,-14379.612403232451,12378.664631878155,3.0,-64391.833196647065,-406720.47881684167,351699.2337874082,85.0,-64391.833196647065,-406720.47881684167,351699.2337874082,85.0
879934,879934,87993,87993,-22196.408990592747,-138725.64994776525,119993.6274060392,29.0,-64391.833196647065,-406720.47881684167,351699.2337874082,85.0,-64391.833196647065,-406720.47881684167,351699.2337874082,85.0
87993c,87993c,87993,87993,-33865.554644526164,-215243.24279349428,186326.80143097512,45.0,-64391.833196647065,-406720.47881684167,351699.2337874082,85.0,-64391.833196647065,-406720.47881684167,351699.2337874082,85.0
879941,879941,879941,879944,-33571.501422903595,-214856.45013541568,186825.8285316816,45.0,-33571.501422903595,-214856.45013541568,186825.8285316816,45.0,-104382.83098528173,-663587.2746490127,577053.0628993405,139.0
879943,879943,879943,879944,-4455.098288340929,-28631.512766281645,24932.299558854655,6.0,-4455.098288340929,-28631.512766281645,24932.299558854655,6.0,-104382.83098528173,-663587.2746490127,577053.0628993405,139.0
8799464,8799464,879947,879944,-26442.55610112909,-167054.0925367226,145314.02422200172,35.0,-66356.23127403721,-420099.3117473154,365294.9348088043,88.0,-104382.83098528173,-663587.2746490127,577053.0628993405,139.0
879946c,879946c,879947,879944,-14278.522599780186,-90678.05355720547,78908.2646013719,19.0,-66356.23127403721,-420099.3117473154,365294.9348088043,88.0,-104382.83098528173,-663587.2746490127,577053.0628993405,139.0
8799474,8799474,879947,879944,-13544.474414399225,-85969.57145261994,74678.37342631216,18.0,-66356.23127403721,-420099.3117473154,365294.9348088043,88.0,-104382.83098528173,-663587.2746490127,577053.0628993405,139.0
879947c,879947c,879947,879944,-12090.678158728715,-76397.59420076737,66394.27255911854,16.0,-66356.23127403721,-420099.3117473154,365294.9348088043,88.0,-104382.83098528173,-663587.2746490127,577053.0628993405,139.0
8799484,8799484,879949,87994c,-7597.613613425481,-47742.78744918492,41495.51509400569,10.0,-64693.1568922154,-405659.9992843861,352867.7941597764,85.0,-130394.71526247071,-815851.5027430868,710118.3743578094,171.0
879948c,879948c,879949,87994c,-24295.907309369286,-152709.1707053266,132866.56464746804,32.0,-64693.1568922154,-405659.9992843861,352867.7941597764,85.0,-130394.71526247071,-815851.5027430868,710118.3743578094,171.0
8799494,8799494,879949,87994c,-26698.569484276213,-167014.15730865806,145313.119853091,35.0,-64693.1568922154,-405659.9992843861,352867.7941597764,85.0,-130394.71526247071,-815851.5027430868,710118.3743578094,171.0
879949c,879949c,879949,87994c,-6101.066485144414,-38193.88382121648,33192.59456521174,8.0,-64693.1568922154,-405659.9992843861,352867.7941597764,85.0,-130394.71526247071,-815851.5027430868,710118.3743578094,171.0
87994b,87994b,87994b,87994c,-12283.706712990856,-76337.2329091875,66428.25435256795,16.0,-12283.706712990856,-76337.2329091875,66428.25435256795,16.0,-130394.71526247071,-815851.5027430868,710118.3743578094,171.0
87994d,87994d,87994d,87994c,-9193.581800764707,-57230.27101152154,49850.755699308225,12.0,-9193.581800764707,-57230.27101152154,49850.755699308225,12.0,-130394.71526247071,-815851.5027430868,710118.3743578094,171.0
87994f,87994f,87994f,87994c,0.0,0.0,0.0,0.0,-44224.26985649977,-276623.99953799153,240971.57014615688,58.0,-130394.71526247071,-815851.5027430868,710118.3743578094,171.0
879954,879954,879954,879954,-5353.483922040173,-33309.88043085725,29166.584095110975,7.0,-5353.483922040173,-33309.88043085725,29166.584095110975,7.0,-5353.483922040173,-33309.88043085725,29166.584095110975,7.0
879969,879969,87996c,87997,-13284.05992481206,-85899.78185696933,74805.34171307992,18.0,-55918.789208658214,-362869.1966927914,315666.42477360694,76.0,-107643.6748539466,-706122.486442688,615530.7790332215,148.0
87996b,87996b,87996c,87997,-20680.667291272985,-133740.53155699433,116224.53729443466,28.0,-55918.789208658214,-362869.1966927914,315666.42477360694,76.0,-107643.6748539466,-706122.486442688,615530.7790332215,148.0
87996d,87996d,87996c,87997,-10271.94641027015,-66865.17576614229,58130.24696628208,14.0,-55918.789208658214,-362869.1966927914,315666.42477360694,76.0,-107643.6748539466,-706122.486442688,615530.7790332215,148.0
87996f,87996f,87996c,87997,-11682.11558230302,-76363.70751268549,66506.29879981032,16.0,-55918.789208658214,-362869.1966927914,315666.42477360694,76.0,-107643.6748539466,-706122.486442688,615530.7790332215,148.0
879974,879974,879974,87997,-33014.50530103373,-219470.01955924128,191391.8083809639,46.0,-33014.50530103373,-219470.01955924128,191391.8083809639,46.0,-107643.6748539466,-706122.486442688,615530.7790332215,148.0
87997c,87997c,87997c,87997,-18710.380344254645,-123783.27019065531,108472.54587865066,26.0,-18710.380344254645,-123783.27019065531,108472.54587865066,26.0,-107643.6748539466,-706122.486442688,615530.7790332215,148.0
879981,879981,879981,879984,-19744.599780381544,-133260.79324727555,116936.1909528821,28.0,-19744.599780381544,-133260.79324727555,116936.1909528821,28.0,0.0,0.0,0.0,0.0
879983,879983,879983,879984,-6360.046324856468,-42925.97232115166,37479.06921926988,9.0,-6360.046324856468,-42925.97232115166,37479.06921926988,9.0,0.0,0.0,0.0,0.0
8799844,8799844,879985,879984,-10524.531358198805,-71479.81475079968,62550.496444249125,15.0,-46265.27854419454,-314683.3863592474,275032.347841213,66.0,0.0,0.0,0.0,0.0
879984c,879984c,879985,879984,-25277.36901782013,-171699.4068369437,149948.9452665069,36.0,-46265.27854419454,-314683.3863592474,275032.347841213,66.0,0.0,0.0,0.0,0.0
8799854,8799854,879985,879984,-2795.2374789475257,-19080.50406046379,16660.043690616578,4.0,-46265.27854419454,-314683.3863592474,275032.347841213,66.0,0.0,0.0,0.0,0.0
879985c,879985c,879985,879984,-7668.140689228074,-52423.66071104023,45872.8624398404,11.0,-46265.27854419454,-314683.3863592474,275032.347841213,66.0,0.0,0.0,0.0,0.0
8799864,8799864,879987,879984,-27919.66653442177,-190532.65353908672,166917.35083440752,40.0,0.0,0.0,0.0,0.0,0.0,0.0,0.0,0.0
879986c,879986c,879987,879984,-18235.85972510497,-123853.05236003433,108473.71564717095,26.0,0.0,0.0,0.0,0.0,0.0,0.0,0.0,0.0
8799874,8799874,879987,879984,-23147.622224136154,-157103.1205765205,137786.20230068223,33.0,0.0,0.0,0.0,0.0,0.0,0.0,0.0,0.0
879987c,879987c,879987,879984,-23693.48355374565,-161871.35689863062,141978.9961036822,34.0,0.0,0.0,0.0,0.0,0.0,0.0,0.0,0.0
87998c,87998c,87998c,87998c,-25026.00515467824,-171501.51942578395,150217.32397033414,36.0,-25026.00515467824,-171501.51942578395,150217.32397033414,36.0,-25026.00515467824,-171501.51942578395,150217.32397033414,36.0
879994,879994,879994,879994,-12420.89398469093,-85899.99825691852,74953.20151406647,18.0,-12420.89398469093,-85899.99825691852,74953.20151406647,18.0,-12420.89398469093,-85899.99825691852,74953.20151406647,18.0
879999,879999,87999c,87999c,-11976.446949068117,-81277.44793460835,70576.05594126343,17.0,-44419.76584613061,-300819.6663680243,261982.7940237304,63.0,-44419.76584613061,-300819.6663680243,261982.7940237304,63.0
87999b,87999b,87999c,87999c,-11231.294465934516,-76376.21556291134,66569.57285416496,16.0,-44419.76584613061,-300819.6663680243,261982.7940237304,63.0,-44419.76584613061,-300819.6663680243,261982.7940237304,63.0
87999d,87999d,87999c,87999c,-21212.024431127993,-143166.0028705045,124837.16522830204,30.0,-44419.76584613061,-300819.6663680243,261982.7940237304,63.0,-44419.76584613061,-300819.6663680243,261982.7940237304,63.0
8799a4,8799a4,8799b,8799b,0.0,0.0,0.0,0.0,-61345.43598229719,-416667.8671947832,360343.2046271322,87.0,-61345.43598229719,-416667.8671947832,360343.2046271322,87.0
8799ac,8799ac,8799b,8799b,-14235.802634566127,-96004.29931868709,82561.53254098327,20.0,-61345.43598229719,-416667.8671947832,360343.2046271322,87.0,-61345.43598229719,-416667.8671947832,360343.2046271322,87.0
8799bc,8799bc,8799b,8799b,-9661.615793292509,-67064.59124890607,58005.01102397766,14.0,-61345.43598229719,-416667.8671947832,360343.2046271322,87.0,-61345.43598229719,-416667.8671947832,360343.2046271322,87.0
8799c1,8799c1,8799d,8799d,0.0,0.0,0.0,0.0,-66002.03045268092,-464698.69064736785,402003.9127567722,97.0,-66002.03045268092,-464698.69064736785,402003.9127567722,97.0
8799c7,8799c7,8799d,8799d,-7480.591206322924,-52708.35620117782,45576.62223463947,11.0,-66002.03045268092,-464698.69064736785,402003.9127567722,97.0,-66002.03045268092,-464698.69064736785,402003.9127567722,97.0
8799cc,8799cc,8799d,8799d,-11518.642346258333,-81641.05717417928,70231.72102774461,17.0,-66002.03045268092,-464698.69064736785,402003.9127567722,97.0,-66002.03045268092,-464698.69064736785,402003.9127567722,97.0
8799f,8799f,8799f,8799f,-14713.969852084887,-105041.83387940122,91624.87021666537,22.0,-14713.969852084887,-105041.83387940122,91624.87021666537,22.0,-14713.969852084887,-105041.83387940122,91624.87021666537,22.0
879a4,879a4,879a4,879b,0.0,0.0,0.0,0.0,-34036.20491084164,-242249.2952783841,213847.2797480201,51.0,-139909.39165414585,-928630.1396934858,822984.6767453998,196.0
879b4,879b4,879b4,879b,-12896.051652617789,-84406.43294644426,76552.76230267997,18.0,-12896.051652617789,-84406.43294644426,76552.76230267997,18.0,-139909.39165414585,-928630.1396934858,822984.6767453998,196.0
879b9,879b9,879b9,879b,-34896.652261660754,-222313.90816616887,197538.55299585513,47.0,-34896.652261660754,-222313.90816616887,197538.55299585513,47.0,-139909.39165414585,-928630.1396934858,822984.6767453998,196.0
879bb,879bb,879bb,879b,-1411.7269736664102,-9438.75286259319,8442.510519355084,2.0,-1411.7269736664102,-9438.75286259319,8442.510519355084,2.0,-139909.39165414585,-928630.1396934858,822984.6767453998,196.0
879bd4,879bd4,879bd,879b,-23674.045383441095,-156897.98632270444,137930.3621643015,33.0,-41849.70765915511,-275582.44483810395,242583.29834061008,58.0,-139909.39165414585,-928630.1396934858,822984.6767453998,196.0
879bdc,879bdc,879bd,879b,-18175.662275714018,-118684.45851539956,104652.93617630858,25.0,-41849.70765915511,-275582.44483810395,242583.29834061008,58.0,-139909.39165414585,-928630.1396934858,822984.6767453998,196.0
879bf,879bf,879bf,879b,-14160.86026354079,-89951.20112554907,79756.68066855984,19.0,-14160.86026354079,-89951.20112554907,79756.68066855984,19.0,-139909.39165414585,-928630.1396934858,822984.6767453998,196.0
879d,879d,879d,879d,-34757.91758381795,-198084.21548334238,176496.33518696553,42.0,-34757.91758381795,-198084.21548334238,176496.33518696553,42.0,-34757.91758381795,-198084.21548334238,176496.33518696553,42.0
879e1,879e1,879e4,879e4,-22065.130696719923,-118820.38484334302,103746.71663294805,25.0,-59022.31767234072,-323459.03888250835,282090.76687866,68.0,-59022.31767234072,-323459.03888250835,282090.76687866,68.0
879e3,879e3,879e4,879e4,-5349.989930624508,-28695.997363408107,24680.8625590213,6.0,-59022.31767234072,-323459.03888250835,282090.76687866,68.0,-59022.31767234072,-323459.03888250835,282090.76687866,68.0
879e5,879e5,879e4,879e4,-1707.8211251304374,-9560.669808460876,8248.377325598045,2.0,-59022.31767234072,-323459.03888250835,282090.76687866,68.0,-59022.31767234072,-323459.03888250835,282090.76687866,68.0
879e7,879e7,879e4,879e4,-29899.375919865863,-166381.9868672964,145414.81036109262,35.0,-59022.31767234072,-323459.03888250835,282090.76687866,68.0,-59022.31767234072,-323459.03888250835,282090.76687866,68.0
879e9,879e9,879e9,879ec,-39425.76220500904,-228438.3795037382,199449.9095731305,48.0,-39425.76220500904,-228438.3795037382,199449.9095731305,48.0,0.0,0.0,0.0,0.0
879eac,879eac,879eb,879ec,-5428.717108154944,-33299.4944684057,29164.542588553733,7.0,-67257.4941145086,-409908.91217499034,357284.86797208985,86.0,0.0,0.0,0.0,0.0
879eb4,879eb4,879eb,879ec,-35040.516463760854,-214579.5834646649,186874.22144475626,45.0,-67257.4941145086,-409908.91217499034,357284.86797208985,86.0,0.0,0.0,0.0,0.0
879ebc,879ebc,879eb,879ec,-25988.534140036605,-157269.2693160042,137088.31457460145,33.0,-67257.4941145086,-409908.91217499034,357284.86797208985,86.0,0.0,0.0,0.0,0.0
879ec4,879ec4,879ed,879ec,-11917.274032206447,-71731.71345851701,62009.89529564145,15.0,-62409.42147817107,-378216.96111000003,326155.2958329441,79.0,0.0,0.0,0.0,0.0
879ecc,879ecc,879ed,879ec,-15740.143458268945,-95693.74987527124,82648.96693029176,20.0,-62409.42147817107,-378216.96111000003,326155.2958329441,79.0,0.0,0.0,0.0,0.0
879ed4,879ed4,879ed,879ec,-8667.532833123267,-52698.35428920731,45377.451112804316,11.0,-62409.42147817107,-378216.96111000003,326155.2958329441,79.0,0.0,0.0,0.0,0.0
879edc,879edc,879ed,879ec,-26084.471154572406,-158093.14348700445,136118.98249420652,33.0,-62409.42147817107,-378216.96111000003,326155.2958329441,79.0,0.0,0.0,0.0,0.0
879ef,879ef,879ef,879ec,-10583.768223073943,-62085.02103022559,53787.33727099334,13.0,-10583.768223073943,-62085.02103022559,53787.33727099334,13.0,0.0,0.0,0.0,0.0
879f1,879f1,879f1,879f4,-12261.713434159376,-72251.32402205057,61335.79377727428,15.0,-12261.713434159376,-72251.32402205057,61335.79377727428,15.0,-110459.4376197459,-659690.3909505431,560739.0493109834,137.0
879f24,879f24,879f3,879f4,-19809.91853228062,-120073.81869053413,102754.18881522852,25.0,-58878.701399211604,-355894.57632314734,303547.73438063415,74.0,-110459.4376197459,-659690.3909505431,560739.0493109834,137.0
879f2c,879f2c,879f3,879f4,-6342.413807015677,-38450.34497116886,32849.48308695962,8.0,-58878.701399211604,-355894.57632314734,303547.73438063415,74.0,-110459.4376197459,-659690.3909505431,560739.0493109834,137.0
879f34,879f34,879f3,879f4,-5558.588038179449,-33699.35224129471,28676.703304492894,7.0,-58878.701399211604,-355894.57632314734,303547.73438063415,74.0,-110459.4376197459,-659690.3909505431,560739.0493109834,137.0
879f3c,879f3c,879f3,879f4,-27167.781021735853,-163671.06042014962,139267.35917395313,34.0,-58878.701399211604,-355894.57632314734,303547.73438063415,74.0,-110459.4376197459,-659690.3909505431,560739.0493109834,137.0
879f5,879f5,879f5,879f4,-11198.949717883652,-67618.76799155222,57077.68178472549,14.0,-11198.949717883652,-67618.76799155222,57077.68178472549,14.0,-110459.4376197459,-659690.3909505431,560739.0493109834,137.0
879f7,879f7,879f7,879f4,-28120.07306849127,-163925.72261379298,138777.83936834944,34.0,-28120.07306849127,-163925.72261379298,138777.83936834944,34.0,-110459.4376197459,-659690.3909505431,560739.0493109834,137.0
879f94,879f94,879f9,879fc,-32010.12005490047,-178423.7181033613,150690.68702477266,37.0,-49864.39599878219,-279631.3883291276,236354.59679956015,58.0,-111539.5982235379,-612527.1309472718,516752.76122957707,127.0
879f9c,879f9c,879f9,879fc,-17854.275943881727,-101207.67022576631,85663.90977478743,21.0,-49864.39599878219,-279631.3883291276,236354.59679956015,58.0,-111539.5982235379,-612527.1309472718,516752.76122957707,127.0
879fd,879fd,879fd,879fc,-3560.399629476345,-19206.45466970362,16366.709589213255,4.0,-3560.399629476345,-19206.45466970362,16366.709589213255,4.0,-111539.5982235379,-612527.1309472718,516752.76122957707,127.0
879fec,879fec,879ff,879fc,-1748.2279113431177,-9647.663173810532,8137.893274965906,2.0,-58114.80259527937,-313689.2879484406,264031.45484080364,65.0,-111539.5982235379,-612527.1309472718,516752.76122957707,127.0
879ff4,879ff4,879ff,879fc,-14102.514061649432,-77206.10157254414,65048.50675821236,16.0,-58114.80259527937,-313689.2879484406,264031.45484080364,65.0,-111539.5982235379,-612527.1309472718,516752.76122957707,127.0
879ffc,879ffc,879ff,879fc,-35111.053465690544,-188348.59480590376,158205.58443388116,39.0,-58114.80259527937,-313689.2879484406,264031.45484080364,65.0,-111539.5982235379,-612527.1309472718,516752.76122957707,127.0
5321,5321,5324,5324,-4069.443502888204,-16259.718247818622,19196.28198514586,4.0,-87573.19508364526,-332858.70740237844,375850.61481782846,80.0,-87573.19508364526,-332858.70740237844,375850.61481782846,80.0
5323,5323,5324,5324,-20844.67715274094,-77287.68924212037,90797.44399615945,19.0,-87573.19508364526,-332858.70740237844,375850.61481782846,80.0,-87573.19508364526,-332858.70740237844,375850.61481782846,80.0
5325,5325,5324,5324,0.0,0.0,0.0,0.0,-87573.19508364526,-332858.70740237844,375850.61481782846,80.0,-87573.19508364526,-332858.70740237844,375850.61481782846,80.0
532c,532c,532c,532c,-3249.871712733538,-12803.370190197222,13813.723351260234,3.0,-3249.871712733538,-12803.370190197222,13813.723351260234,3.0,-3249.871712733538,-12803.370190197222,13813.723351260234,3.0
5331,5331,5331,5334,-52488.15832591018,-189503.57464765297,199786.9841605255,44.0,-52488.15832591018,-189503.57464765297,199786.9841605255,44.0,-227852.2273371196,-764174.0266601124,806205.6120869422,178.0
5333,5333,5333,5334,-6777.468702379363,-26103.385133745935,27090.69081241832,6.0,-6777.468702379363,-26103.385133745935,27090.69081241832,6.0,-227852.2273371196,-764174.0266601124,806205.6120869422,178.0
5335,5335,5335,5334,-56655.96512826088,-186164.27542249532,192828.129385226,43.0,-56655.96512826088,-186164.27542249532,192828.129385226,43.0,-227852.2273371196,-764174.0266601124,806205.6120869422,178.0
53364,53364,5337,5334,-27790.990976790257,-89956.02080069178,95053.92869327823,21.0,-111930.63518056918,-362402.791456218,386499.8077287724,85.0,-227852.2273371196,-764174.0266601124,806205.6120869422,178.0
5336c,5336c,5337,5334,-21229.59399195262,-72746.89130570032,77379.40961141791,17.0,-111930.63518056918,-362402.791456218,386499.8077287724,85.0,-227852.2273371196,-764174.0266601124,806205.6120869422,178.0
5337c,5337c,5337,5334,-61642.12094037613,-195449.9852395751,209492.5751813185,46.0,-111930.63518056918,-362402.791456218,386499.8077287724,85.0,-227852.2273371196,-764174.0266601124,806205.6120869422,178.0
533c,533c,533c,533c,0.0,0.0,0.0,0.0,-122087.77822688039,-412635.1511410648,460992.32735445385,99.0,-122087.77822688039,-412635.1511410648,460992.32735445385,99.0
549361,549361,549364,5493,-46847.33209972739,-69641.47655922954,87225.5166394479,19.0,0.0,0.0,0.0,0.0,0.0,0.0,0.0,0.0
549363,549363,549364,5493,-34445.77763035386,-51316.616181450794,64309.275364218665,14.0,0.0,0.0,0.0,0.0,0.0,0.0,0.0,0.0
549365,549365,549364,5493,0.0,0.0,0.0,0.0,0.0,0.0,0.0,0.0,0.0,0.0,0.0,0.0
549367,549367,549364,5493,-14792.156075696872,-21951.404745129013,27578.23434127286,6.0,0.0,0.0,0.0,0.0,0.0,0.0,0.0,0.0
54936c,54936c,54936c,5493,-44372.11651488662,-65770.20162298897,82803.83473362011,18.0,-44372.11651488662,-65770.20162298897,82803.83473362011,18.0,0.0,0.0,0.0,0.0
549374,549374,549374,5493,-53942.116973766264,-80468.51667922498,101294.10829178376,22.0,-53942.116973766264,-80468.51667922498,101294.10829178376,22.0,0.0,0.0,0.0,0.0
54937c,54937c,54937c,5493,0.0,0.0,0.0,0.0,0.0,0.0,0.0,0.0,0.0,0.0,0.0,0.0
54945,54945,54944,54944,0.0,0.0,0.0,0.0,0.0,0.0,0.0,0.0,-281715.3696836893,-435349.4412901413,535476.8361978095,117.0
54947,54947,54944,54944,-84322.34213440567,-129552.57158462284,160711.2687899963,35.0,0.0,0.0,0.0,0.0,-281715.3696836893,-435349.4412901413,535476.8361978095,117.0
54949,54949,54949,54949,-105623.7335557342,-158473.59496351733,196925.92127801548,43.0,-105623.7335557342,-158473.59496351733,196925.92127801548,43.0,-105623.7335557342,-158473.59496351733,196925.92127801548,43.0
5494a04,5494a04,5494a1,5494a1,-12345.807717200387,-18353.834532487555,22922.94930566868,5.0,0.0,0.0,0.0,0.0,-259400.79248596577,-385617.5809465126,481157.27404373547,105.0
5494a14,5494a14,5494a1,5494a1,-17301.9401039652,-25715.5314564305,32066.37178560726,7.0,0.0,0.0,0.0,0.0,-259400.79248596577,-385617.5809465126,481157.27404373547,105.0
5494a1c,5494a1c,5494a1,5494a1,0.0,0.0,0.0,0.0,0.0,0.0,0.0,0.0,-259400.79248596577,-385617.5809465126,481157.27404373547,105.0
5494a3,5494a3,5494a3,5494a3,-51913.05187758996,-77247.04197039311,96114.5570476017,21.0,-51913.05187758996,-77247.04197039311,96114.5570476017,21.0,-51913.05187758996,-77247.04197039311,96114.5570476017,21.0
5494a41,5494a41,5494a44,5494a44,-66867.29531789105,-99201.68838632519,123603.07203285633,27.0,-215475.36534106737,-319729.20006759727,398205.26970760035,87.0,-215475.36534106737,-319729.20006759727,398205.26970760035,87.0
5494a43,5494a43,5494a44,5494a44,-7431.249444008145,-11020.43953133687,13734.417439563029,3.0,-215475.36534106737,-319729.20006759727,398205.26970760035,87.0,-215475.36534106737,-319729.20006759727,398205.26970760035,87.0
5494a45,5494a45,5494a44,5494a44,-123844.09241199243,-183778.86435030407,228828.2154918653,50.0,-215475.36534106737,-319729.20006759727,398205.26970760035,87.0,-215475.36534106737,-319729.20006759727,398205.26970760035,87.0
5494a47,5494a47,5494a44,5494a44,-17332.72816717575,-25728.207799631222,32039.56474331567,7.0,-215475.36534106737,-319729.20006759727,398205.26970760035,87.0,-215475.36534106737,-319729.20006759727,398205.26970760035,87.0
5494a49,5494a49,5494a49,5494a4c,-17325.501006594495,-25740.006961201343,32033.996675762286,7.0,-17325.501006594495,-25740.006961201343,32033.996675762286,7.0,-344306.6476557335,-511185.67894023913,635906.2349036909,139.0
5494a4d,5494a4d,5494a4d,5494a4c,-99087.05211070686,-147120.70580507052,182977.7553590245,40.0,-99087.05211070686,-147120.70580507052,182977.7553590245,40.0,-344306.6476557335,-511185.67894023913,635906.2349036909,139.0
5494a4e1,5494a4e1,5494a4f,5494a4c,-99093.78453084467,-147108.38470941962,182984.01559142757,40.0,-227894.09453843214,-338324.96617396723,420894.48286890413,92.0,-344306.6476557335,-511185.67894023913,635906.2349036909,139.0
5494a4e3,5494a4e3,5494a4f,5494a4c,-37159.673419026905,-55160.58161683581,68623.34410368484,15.0,-227894.09453843214,-338324.96617396723,420894.48286890413,92.0,-344306.6476557335,-511185.67894023913,635906.2349036909,139.0
5494a4e5,5494a4e5,5494a4f,5494a4c,-34677.01782474237,-51483.12740477564,64051.413979438956,14.0,-227894.09453843214,-338324.96617396723,420894.48286890413,92.0,-344306.6476557335,-511185.67894023913,635906.2349036909,139.0
5494a4e7,5494a4e7,5494a4f,5494a4c,-9907.277610097226,-14711.436049144928,18299.05867646356,4.0,-227894.09453843214,-338324.96617396723,420894.48286890413,92.0,-344306.6476557335,-511185.67894023913,635906.2349036909,139.0
5494a4ec,5494a4ec,5494a4f,5494a4c,-7428.615677043738,-11032.685820574347,13726.00781927619,3.0,-227894.09453843214,-338324.96617396723,420894.48286890413,92.0,-344306.6476557335,-511185.67894023913,635906.2349036909,139.0
5494a4f4,5494a4f4,5494a4f,5494a4c,-22288.569330314356,-33092.313933097554,41181.16573526778,9.0,-227894.09453843214,-338324.96617396723,420894.48286890413,92.0,-344306.6476557335,-511185.67894023913,635906.2349036909,139.0
5494a4fc,5494a4fc,5494a4f,5494a4c,-17339.156146362886,-25736.436640119384,32029.476963345212,7.0,-227894.09453843214,-338324.96617396723,420894.48286890413,92.0,-344306.6476557335,-511185.67894023913,635906.2349036909,139.0
5494a51,5494a51,5494a51,5494a54,-22298.42409320117,-33100.18459486985,41169.50407798433,9.0,-22298.42409320117,-33100.18459486985,41169.50407798433,9.0,-428658.86868212087,-636352.2290371971,791276.262565827,173.0
5494a5204,5494a5204,5494a521,5494a54,-66895.18653839987,-99303.53955975172,123506.15803794705,27.0,-153615.75833087025,-228036.6433801599,283599.18714619253,62.0,-428658.86868212087,-636352.2290371971,791276.262565827,173.0
5494a520c,5494a520c,5494a521,5494a54,-12387.904990664532,-18390.368581870884,22870.898134674084,5.0,-153615.75833087025,-228036.6433801599,283599.18714619253,62.0,-428658.86868212087,-636352.2290371971,791276.262565827,173.0
5494a5214,5494a5214,5494a521,5494a54,-59466.09394411633,-88274.94540070291,109777.11730009207,24.0,-153615.75833087025,-228036.6433801599,283599.18714619253,62.0,-428658.86868212087,-636352.2290371971,791276.262565827,173.0
5494a521c,5494a521c,5494a521,5494a54,-14866.57285768953,-22067.789837834407,27445.013673479258,6.0,-153615.75833087025,-228036.6433801599,283599.18714619253,62.0,-428658.86868212087,-636352.2290371971,791276.262565827,173.0
5494a523,5494a523,5494a523,5494a54,-54513.75248066906,-80918.3930181238,100627.55574305476,22.0,-54513.75248066906,-80918.3930181238,100627.55574305476,22.0,-428658.86868212087,-636352.2290371971,791276.262565827,173.0
5494a525,5494a525,5494a525,5494a54,-34689.54763921746,-51496.71838912213,64033.701212125874,14.0,-34689.54763921746,-51496.71838912213,64033.701212125874,14.0,-428658.86868212087,-636352.2290371971,791276.262565827,173.0
5494a527,5494a527,5494a527,5494a54,-52032.6467352851,-77243.42575938896,96052.78743150207,21.0,-52032.6467352851,-77243.42575938896,96052.78743150207,21.0,-428658.86868212087,-636352.2290371971,791276.262565827,173.0
5494a52c,5494a52c,5494a52c,5494a54,-52034.78490305525,-77257.33952367703,96040.43804560576,21.0,-52034.78490305525,-77257.33952367703,96040.43804560576,21.0,-428658.86868212087,-636352.2290371971,791276.262565827,173.0
5494a534,5494a534,5494a534,5494a54,-59473.95449982255,-88299.52437185546,109753.08890936163,24.0,-59473.95449982255,-88299.52437185546,109753.08890936163,24.0,-428658.86868212087,-636352.2290371971,791276.262565827,173.0
5494a7,5494a7,5494a7,5494a7,-29726.866983202337,-44072.301481028706,54944.243720599574,12.0,-29726.866983202337,-44072.301481028706,54944.243720599574,12.0,-29726.866983202337,-44072.301481028706,54944.243720599574,12.0
5494b1,5494b1,5494b1,5494b4,-116591.0300476981,-173095.0864312902,214726.29341576563,47.0,-116591.0300476981,-173095.0864312902,214726.29341576563,47.0,-399665.9382541695,-593536.8566104039,734920.158661513,161.0
5494b64,5494b64,5494b64,5494b4,0.0,0.0,0.0,0.0,-129133.92164528908,-191873.72931383576,237199.4755010802,52.0,-399665.9382541695,-593536.8566104039,734920.158661513,161.0
5494b6c,5494b6c,5494b6c,5494b4,-119200.47144719333,-176966.8999499239,219072.48172557296,48.0,-119200.47144719333,-176966.8999499239,219072.48172557296,48.0,-399665.9382541695,-593536.8566104039,734920.158661513,161.0
5494b74,5494b74,5494b74,5494b4,-34740.51511398897,-51601.14091535402,63921.90801909428,14.0,-34740.51511398897,-51601.14091535402,63921.90801909428,14.0,-399665.9382541695,-593536.8566104039,734920.158661513,161.0
5494bc,5494bc,5494bc,5494bc,-56976.196778508966,-84673.54342210454,105147.85048473875,23.0,-56976.196778508966,-84673.54342210454,105147.85048473875,23.0,-56976.196778508966,-84673.54342210454,105147.85048473875,23.0
5494c4,5494c4,5494d,5494d,-12341.431094498854,-18508.548603837477,22800.54363622176,5.0,-188612.71573580612,-281170.59696506016,346141.23809723,76.0,-188612.71573580612,-281170.59696506016,346141.23809723,76.0
5494cc,5494cc,5494d,5494d,0.0,0.0,0.0,0.0,-188612.71573580612,-281170.59696506016,346141.23809723,76.0,-188612.71573580612,-281170.59696506016,346141.23809723,76.0
5494d4,5494d4,5494d,5494d,-4954.397366871739,-7432.22882874662,9087.074970421878,2.0,-188612.71573580612,-281170.59696506016,346141.23809723,76.0,-188612.71573580612,-281170.59696506016,346141.23809723,76.0
5494dc,5494dc,5494d,5494d,-29562.5995768777,-44586.8361128494,54616.74829566387,12.0,-188612.71573580612,-281170.59696506016,346141.23809723,76.0,-188612.71573580612,-281170.59696506016,346141.23809723,76.0
5494f,5494f,5494f,5494f,-109796.53659808525,-167300.06906036314,205303.26390642917,45.0,-109796.53659808525,-167300.06906036314,205303.26390642917,45.0,-109796.53659808525,-167300.06906036314,205303.26390642917,45.0
549501,549501,549501,549501,-19341.529817040937,-29924.410011377986,36444.185413782325,8.0,-19341.529817040937,-29924.410011377986,36444.185413782325,8.0,-19341.529817040937,-29924.410011377986,36444.185413782325,8.0
549503,549503,549503,549503,-43711.51821039309,-67280.75191325603,81937.06842014664,18.0,-43711.51821039309,-67280.75191325603,81937.06842014664,18.0,-43711.51821039309,-67280.75191325603,81937.06842014664,18.0
5495044,5495044,549505,549505,-43647.409891076364,-67339.291724675,81923.14681186348,18.0,0.0,0.0,0.0,0.0,0.0,0.0,0.0,0.0
549504c,549504c,549505,549505,-41292.49230200642,-63586.6440011699,77344.07650094293,17.0,0.0,0.0,0.0,0.0,0.0,0.0,0.0,0.0
5495054,5495054,549505,549505,0.0,0.0,0.0,0.0,0.0,0.0,0.0,0.0,0.0,0.0,0.0,0.0
549505c,549505c,549505,549505,0.0,0.0,0.0,0.0,0.0,0.0,0.0,0.0,0.0,0.0,0.0,0.0
5495064,5495064,5495064,549507,-79826.00963322665,-123641.6781978937,150142.54003421706,33.0,-79826.00963322665,-123641.6781978937,150142.54003421706,33.0,-432370.2582621428,-670733.6398593569,814682.9124264815,179.0
549506c,549506c,549506c,549507,-24194.614061161974,-37435.52897573177,45521.17027326024,10.0,-24194.614061161974,-37435.52897573177,45521.17027326024,10.0,-432370.2582621428,-670733.6398593569,814682.9124264815,179.0
5495074,5495074,5495074,549507,-74881.48251856344,-116080.8892549001,141155.02452118933,31.0,-74881.48251856344,-116080.8892549001,141155.02452118933,31.0,-432370.2582621428,-670733.6398593569,814682.9124264815,179.0
549507c,549507c,549507c,549507,0.0,0.0,0.0,0.0,0.0,0.0,0.0,0.0,-432370.2582621428,-670733.6398593569,814682.9124264815,179.0
5495084,5495084,5495084,5495084,0.0,0.0,0.0,0.0,-147209.0729420755,-228809.25297059858,277507.24791728694,61.0,-147209.0729420755,-228809.25297059858,277507.24791728694,61.0
549508c,549508c,549508c,549508c,0.0,0.0,0.0,0.0,0.0,0.0,0.0,0.0,-282876.1563038206,-438785.6538769493,532053.8669313227,117.0
5495091,5495091,5495094,5495094,-82131.09134092451,-127600.89151944492,154577.6508215204,34.0,0.0,0.0,0.0,0.0,-352786.40374128404,-548027.6463890582,663640.3800693708,146.0
5495093,5495093,5495094,5495094,-91872.16194450509,-142591.3474927553,172739.15523657994,38.0,0.0,0.0,0.0,0.0,-352786.40374128404,-548027.6463890582,663640.3800693708,146.0
5495095,5495095,5495094,5495094,-84602.57013489876,-131397.535134812,159058.28995171664,35.0,0.0,0.0,0.0,0.0,-352786.40374128404,-548027.6463890582,663640.3800693708,146.0
5495097,5495097,5495094,5495094,-94180.5803209557,-146437.8722420459,177265.28405955396,39.0,0.0,0.0,0.0,0.0,-352786.40374128404,-548027.6463890582,663640.3800693708,146.0
5495099,5495099,549509c,549509c,0.0,0.0,0.0,0.0,0.0,0.0,0.0,0.0,0.0,0.0,0.0,0.0
549509b,549509b,549509c,549509c,-33791.18419349618,-52545.588675684536,63660.88634339709,14.0,0.0,0.0,0.0,0.0,0.0,0.0,0.0,0.0
549509d,549509d,549509c,549509c,-45820.86163526101,-71327.83701036553,86404.21807103476,19.0,0.0,0.0,0.0,0.0,0.0,0.0,0.0,0.0
549509f,549509f,549509c,549509c,0.0,0.0,0.0,0.0,0.0,0.0,0.0,0.0,0.0,0.0,0.0,0.0
54950a04,54950a04,54950a1,54950a1,0.0,0.0,0.0,0.0,0.0,0.0,0.0,0.0,0.0,0.0,0.0,0.0
54950a0c,54950a0c,54950a1,54950a1,0.0,0.0,0.0,0.0,0.0,0.0,0.0,0.0,0.0,0.0,0.0,0.0
54950a14,54950a14,54950a1,54950a1,0.0,0.0,0.0,0.0,0.0,0.0,0.0,0.0,0.0,0.0,0.0,0.0
54950a1c,54950a1c,54950a1,54950a1,0.0,0.0,0.0,0.0,0.0,0.0,0.0,0.0,0.0,0.0,0.0,0.0
54950a24,54950a24,54950a3,54950a3,-82014.20488824624,-127720.4712437298,154540.95194536078,34.0,0.0,0.0,0.0,0.0,-388428.5545154866,-604851.6461620427,731713.5478212242,161.0
54950a2c,54950a2c,54950a3,54950a3,0.0,0.0,0.0,0.0,0.0,0.0,0.0,0.0,-388428.5545154866,-604851.6461620427,731713.5478212242,161.0
54950a34,54950a34,54950a3,54950a3,-62734.79545313643,-97690.96848997235,118150.29887974626,26.0,0.0,0.0,0.0,0.0,-388428.5545154866,-604851.6461620427,731713.5478212242,161.0
54950a3c,54950a3c,54950a3,54950a3,-67530.01307600793,-105215.93291503834,127246.49745485818,28.0,0.0,0.0,0.0,0.0,-388428.5545154866,-604851.6461620427,731713.5478212242,161.0
54950a5,54950a5,54950a5,54950a5,0.0,0.0,0.0,0.0,-238757.94859167325,-372116.8328302905,449826.4859037171,99.0,-238757.94859167325,-372116.8328302905,449826.4859037171,99.0
54950a7,54950a7,54950a7,54950a7,0.0,0.0,0.0,0.0,0.0,0.0,0.0,0.0,-366298.68845220364,-571388.3503306885,690743.2686853099,152.0
54950a9,54950a9,54950ac,54950ac,0.0,0.0,0.0,0.0,0.0,0.0,0.0,0.0,0.0,0.0,0.0,0.0
54950ab,54950ab,54950ac,54950ac,0.0,0.0,0.0,0.0,0.0,0.0,0.0,0.0,0.0,0.0,0.0,0.0
54950ad,54950ad,54950ac,54950ac,0.0,0.0,0.0,0.0,0.0,0.0,0.0,0.0,0.0,0.0,0.0,0.0
54950af,54950af,54950ac,54950ac,0.0,0.0,0.0,0.0,0.0,0.0,0.0,0.0,0.0,0.0,0.0,0.0
54950b1,54950b1,54950b4,54950b4,0.0,0.0,0.0,0.0,0.0,0.0,0.0,0.0,0.0,0.0,0.0,0.0
54950b3,54950b3,54950b4,54950b4,-106159.73801892258,-165522.83485779355,199785.03842207356,44.0,0.0,0.0,0.0,0.0,0.0,0.0,0.0,0.0
54950b5,54950b5,54950b4,54950b4,0.0,0.0,0.0,0.0,0.0,0.0,0.0,0.0,0.0,0.0,0.0,0.0
54950b7,54950b7,54950b4,54950b4,0.0,0.0,0.0,0.0,0.0,0.0,0.0,0.0,0.0,0.0,0.0,0.0
54950bc,54950bc,54950bc,54950bc,0.0,0.0,0.0,0.0,0.0,0.0,0.0,0.0,0.0,0.0,0.0,0.0
54950c4,54950c4,54950c4,54950d,0.0,0.0,0.0,0.0,0.0,0.0,0.0,0.0,0.0,0.0,0.0,0.0
54950cc,54950cc,54950cc,54950d,0.0,0.0,0.0,0.0,0.0,0.0,0.0,0.0,0.0,0.0,0.0,0.0
54950d4,54950d4,54950d4,54950d,0.0,0.0,0.0,0.0,0.0,0.0,0.0,0.0,0.0,0.0,0.0,0.0
54950dc,54950dc,54950dc,54950d,0.0,0.0,0.0,0.0,0.0,0.0,0.0,0.0,0.0,0.0,0.0,0.0
54950e4,54950e4,54950f,54950f,0.0,0.0,0.0,0.0,0.0,0.0,0.0,0.0,0.0,0.0,0.0,0.0
54950ec,54950ec,54950f,54950f,0.0,0.0,0.0,0.0,0.0,0.0,0.0,0.0,0.0,0.0,0.0,0.0
54950f4,54950f4,54950f,54950f,0.0,0.0,0.0,0.0,0.0,0.0,0.0,0.0,0.0,0.0,0.0,0.0
54950fc,54950fc,54950f,54950f,0.0,0.0,0.0,0.0,0.0,0.0,0.0,0.0,0.0,0.0,0.0,0.0
5495104,5495104,549514,549514,0.0,0.0,0.0,0.0,0.0,0.0,0.0,0.0,0.0,0.0,0.0,0.0
549510c,549510c,549514,549514,-21893.022056532078,-33720.190213287766,40882.93383611221,9.0,0.0,0.0,0.0,0.0,0.0,0.0,0.0,0.0
549511c,549511c,549514,549514,-48556.7885917353,-75004.37743655907,90843.16816375134,20.0,0.0,0.0,0.0,0.0,0.0,0.0,0.0,0.0
549513,549513,549514,549514,0.0,0.0,0.0,0.0,0.0,0.0,0.0,0.0,0.0,0.0,0.0,0.0
549515,549515,549514,549514,-41427.642421980665,-63819.794560039365,77079.31804154806,17.0,0.0,0.0,0.0,0.0,0.0,0.0,0.0,0.0
549517,549517,549514,549514,-12194.708340596884,-18729.98050972986,22698.464946352495,5.0,0.0,0.0,0.0,0.0,0.0,0.0,0.0,0.0
549519,549519,549519,54951c,-92679.80473779769,-142067.43998128016,172739.38490802524,38.0,-92679.80473779769,-142067.43998128016,172739.38490802524,38.0,0.0,0.0,0.0,0.0
54951a4,54951a4,54951b,54951c,-116899.97714871084,-179570.84214576485,218191.41979871588,48.0,0.0,0.0,0.0,0.0,0.0,0.0,0.0,0.0
54951ac,54951ac,54951b,54951c,0.0,0.0,0.0,0.0,0.0,0.0,0.0,0.0,0.0,0.0,0.0,0.0
54951b4,54951b4,54951b,54951c,-51087.587848223884,-78521.67328485481,95522.17106136517,21.0,0.0,0.0,0.0,0.0,0.0,0.0,0.0,0.0
54951bc,54951bc,54951b,54951c,0.0,0.0,0.0,0.0,0.0,0.0,0.0,0.0,0.0,0.0,0.0,0.0
54951d,54951d,54951d,54951c,-60895.88839666937,-93346.98407694562,113783.23461878939,25.0,-60895.88839666937,-93346.98407694562,113783.23461878939,25.0,0.0,0.0,0.0,0.0
54951f,54951f,54951f,54951c,-12203.869958726322,-18664.807237606004,22747.18032268376,5.0,-12203.869958726322,-18664.807237606004,22747.18032268376,5.0,0.0,0.0,0.0,0.0
549524,549524,54953,54953,-9796.646007384927,-14940.05315061011,18172.943081502293,4.0,-225434.25790594993,-344819.153940357,416929.5702640861,92.0,-225434.25790594993,-344819.153940357,416929.5702640861,92.0
54952c,54952c,54953,54953,-2470.5065613174506,-3723.81919432977,4540.872280532239,1.0,-225434.25790594993,-344819.153940357,416929.5702640861,92.0,-225434.25790594993,-344819.153940357,416929.5702640861,92.0
549534,549534,54953,54953,-22151.78784876696,-33742.48766083368,40724.82002905464,9.0,-225434.25790594993,-344819.153940357,416929.5702640861,92.0,-225434.25790594993,-344819.153940357,416929.5702640861,92.0
549539,549539,54953,54953,-63756.561782810844,-97487.54957234283,117770.73872125066,26.0,-225434.25790594993,-344819.153940357,416929.5702640861,92.0,-225434.25790594993,-344819.153940357,416929.5702640861,92.0
54953d,54953d,54953,54953,-39127.097650359545,-59935.81669670836,72579.22497350007,16.0,-225434.25790594993,-344819.153940357,416929.5702640861,92.0,-225434.25790594993,-344819.153940357,416929.5702640861,92.0
54953f,54953f,54953,54953,-88131.65805531022,-134989.42766553216,163140.97117824625,36.0,-225434.25790594993,-344819.153940357,416929.5702640861,92.0,-225434.25790594993,-344819.153940357,416929.5702640861,92.0
549541,549541,549544,54955,-90277.01535912055,-139104.80245772083,167532.9164233614,37.0,-229687.7470220508,-353448.78170279955,425403.43341540813,94.0,0.0,0.0,0.0,0.0
549543,549543,549544,54955,-56097.63749224789,-86612.05356745995,104035.48566234612,23.0,-229687.7470220508,-353448.78170279955,425403.43341540813,94.0,0.0,0.0,0.0,0.0
549545,549545,549544,54955,-4887.771460667334,-7531.328148820169,9041.448939608417,2.0,-229687.7470220508,-353448.78170279955,425403.43341540813,94.0,0.0,0.0,0.0,0.0
549547,549547,549544,54955,-78425.322710015,-120200.59752879865,144793.5823900922,32.0,-229687.7470220508,-353448.78170279955,425403.43341540813,94.0,0.0,0.0,0.0,0.0
54954c,54954c,54954c,54955,0.0,0.0,0.0,0.0,0.0,0.0,0.0,0.0,0.0,0.0,0.0,0.0
549554,549554,549554,54955,-105468.16590985238,-162297.1580849474,193872.33513683415,43.0,-105468.16590985238,-162297.1580849474,193872.33513683415,43.0,0.0,0.0,0.0,0.0
549559,549559,54955c,54955,-19560.176122509212,-30196.032637449855,36101.84503570759,8.0,-168317.28841739253,-260523.48524171868,311519.4237133835,69.0,0.0,0.0,0.0,0.0
54955b,54955b,54955c,54955,-44039.871260687214,-67875.5075489646,81267.96801296683,18.0,-168317.28841739253,-260523.48524171868,311519.4237133835,69.0,0.0,0.0,0.0,0.0
54955d,54955d,54955c,54955,-34131.2204874307,-52831.32958411286,63241.60948222035,14.0,-168317.28841739253,-260523.48524171868,311519.4237133835,69.0,0.0,0.0,0.0,0.0
54955f,54955f,54955c,54955,-70586.02054676542,-109620.61547119136,130908.00118248875,29.0,-168317.28841739253,-260523.48524171868,311519.4237133835,69.0,0.0,0.0,0.0,0.0
549564,549564,549564,549564,0.0,0.0,0.0,0.0,-135889.99712074894,-211548.87752216932,253121.09303070587,56.0,-135889.99712074894,-211548.87752216932,253121.09303070587,56.0
549569,549569,549569,54956c,-63243.07151472965,-97977.20528011925,117641.17975110855,26.0,-63243.07151472965,-97977.20528011925,117641.17975110855,26.0,0.0,0.0,0.0,0.0
54956b,54956b,54956b,54956c,-77958.39912120426,-120312.90972097422,144952.38325820467,32.0,-77958.39912120426,-120312.90972097422,144952.38325820467,32.0,0.0,0.0,0.0,0.0
54956d,54956d,54956d,54956c,-116451.37810407043,-180575.58431104594,217601.22809071472,48.0,-116451.37810407043,-180575.58431104594,217601.22809071472,48.0,0.0,0.0,0.0,0.0
54956e4,54956e4,54956f,54956c,-12121.605193965002,-18836.370353803326,22649.53974345947,5.0,0.0,0.0,0.0,0.0,0.0,0.0,0.0,0.0
54956ec,54956ec,54956f,54956c,-36378.25922667539,-56520.44229358544,67931.99695302141,15.0,0.0,0.0,0.0,0.0,0.0,0.0,0.0,0.0
54956f4,54956f4,54956f,54956c,-29118.851058987035,-45243.41705635743,54314.36186275257,12.0,0.0,0.0,0.0,0.0,0.0,0.0,0.0,0.0
54956f93,54956f93,54956f,54956c,0.0,0.0,0.0,0.0,0.0,0.0,0.0,0.0,0.0,0.0,0.0,0.0
54956f95,54956f95,54956f,54956c,-12106.579150927371,-18860.42506994561,22637.555862311237,5.0,0.0,0.0,0.0,0.0,0.0,0.0,0.0,0.0
54956f9c,54956f9c,54956f,54956c,-4844.507178101674,-7544.017517655832,9054.146135013463,2.0,0.0,0.0,0.0,0.0,0.0,0.0,0.0,0.0
549571,549571,549571,549574,0.0,0.0,0.0,0.0,-190687.64627738297,-297929.51914700225,358045.82588335656,79.0,0.0,0.0,0.0,0.0
5495724,5495724,549573,549574,-45986.45220321887,-71533.26244421351,86146.02994500083,19.0,0.0,0.0,0.0,0.0,0.0,0.0,0.0,0.0
549572c,549572c,549573,549574,-118603.56487460139,-184353.63506032308,222267.68111131428,49.0,0.0,0.0,0.0,0.0,0.0,0.0,0.0,0.0
5495734,5495734,549573,549574,-113588.50156017083,-176833.21144455785,213284.8456113774,47.0,0.0,0.0,0.0,0.0,0.0,0.0,0.0,0.0
549573c,549573c,549573,549574,-24164.78932137836,-37663.897571471905,45348.30440141616,10.0,0.0,0.0,0.0,0.0,0.0,0.0,0.0,0.0
5495744,5495744,549575,549574,-89231.72768834142,-139424.24242591078,167827.1354883198,37.0,0.0,0.0,0.0,0.0,0.0,0.0,0.0,0.0
549574c,549574c,549575,549574,0.0,0.0,0.0,0.0,0.0,0.0,0.0,0.0,0.0,0.0,0.0,0.0
5495754,5495754,549575,549574,0.0,0.0,0.0,0.0,0.0,0.0,0.0,0.0,0.0,0.0,0.0,0.0
549575c,549575c,549575,549574,-52966.397462635476,-82910.72276241395,99828.91437745825,22.0,0.0,0.0,0.0,0.0,0.0,0.0,0.0,0.0
549577,549577,549577,549574,-77144.64149010205,-120657.42737456982,145101.32834682416,32.0,-77144.64149010205,-120657.42737456982,145101.32834682416,32.0,0.0,0.0,0.0,0.0
54957c,54957c,54957c,54957c,-31320.332723763913,-49150.40173172953,58846.706774479004,13.0,-31320.332723763913,-49150.40173172953,58846.706774479004,13.0,-31320.332723763913,-49150.40173172953,58846.706774479004,13.0
549584,549584,549584,549584,-62262.39124416568,-98427.1245508349,117788.57303076127,26.0,-62262.39124416568,-98427.1245508349,117788.57303076127,26.0,-62262.39124416568,-98427.1245508349,117788.57303076127,26.0
54958c,54958c,54958c,54958c,-23724.922278324353,-37956.95614861154,45336.198292669695,10.0,-23724.922278324353,-37956.95614861154,45336.198292669695,10.0,-23724.922278324353,-37956.95614861154,45336.198292669695,10.0
549591,549591,549591,549594,-23849.456657508286,-37811.51806515227,45392.37069960679,10.0,-23849.456657508286,-37811.51806515227,45392.37069960679,10.0,-459795.8957475541,-728348.3442867874,877509.4519376451,193.0
549593,549593,549593,549594,-2372.205422300315,-3784.5765085426015,4543.057914563043,1.0,-2372.205422300315,-3784.5765085426015,4543.057914563043,1.0,-459795.8957475541,-728348.3442867874,877509.4519376451,193.0
5495944,5495944,549595,549594,-76147.86584293467,-120803.94466371888,145505.38067636875,32.0,0.0,0.0,0.0,0.0,-459795.8957475541,-728348.3442867874,877509.4519376451,193.0
549594c,549594c,549595,549594,-49892.60033355884,-79293.66358298647,95516.09367330474,21.0,0.0,0.0,0.0,0.0,-459795.8957475541,-728348.3442867874,877509.4519376451,193.0
5495954,5495954,549595,549594,-18996.162766901958,-30204.670975937803,36394.611903901896,8.0,0.0,0.0,0.0,0.0,-459795.8957475541,-728348.3442867874,877509.4519376451,193.0
549595c,549595c,549595,549594,-99986.93786594183,-158513.5724461246,190987.91447158498,42.0,0.0,0.0,0.0,0.0,-459795.8957475541,-728348.3442867874,877509.4519376451,193.0
5495964,5495964,549597,549594,-64337.31424833261,-101872.29741973034,122770.8190036914,27.0,-188550.66685840816,-297936.3980443247,359170.02259831486,79.0,-459795.8957475541,-728348.3442867874,877509.4519376451,193.0
549596c,549596c,549597,549594,-9531.62491206752,-15095.050791722319,18185.80724311322,4.0,-188550.66685840816,-297936.3980443247,359170.02259831486,79.0,-459795.8957475541,-728348.3442867874,877509.4519376451,193.0
549597c,549597c,549597,549594,-109908.99154476465,-173421.05318011093,209124.51624768967,46.0,-188550.66685840816,-297936.3980443247,359170.02259831486,79.0,-459795.8957475541,-728348.3442867874,877509.4519376451,193.0
5495984,5495984,549599,549599,0.0,0.0,0.0,0.0,0.0,0.0,0.0,0.0,0.0,0.0,0.0,0.0
549598c,549598c,549599,549599,0.0,0.0,0.0,0.0,0.0,0.0,0.0,0.0,0.0,0.0,0.0,0.0
5495994,5495994,549599,549599,-55097.30966155468,-86744.32943049818,104459.01354365468,23.0,0.0,0.0,0.0,0.0,0.0,0.0,0.0,0.0
549599c,549599c,549599,549599,-19136.99573933664,-30180.23767370106,36341.061384878405,8.0,0.0,0.0,0.0,0.0,0.0,0.0,0.0,0.0
54959b,54959b,54959b,54959b,-16745.558056070866,-26441.138349722787,31770.26691453074,7.0,-16745.558056070866,-26441.138349722787,31770.26691453074,7.0,-16745.558056070866,-26441.138349722787,31770.26691453074,7.0
54959d,54959d,54959d,54959d,-47968.683473929654,-75473.92578205891,90766.68690562792,20.0,-47968.683473929654,-75473.92578205891,90766.68690562792,20.0,-47968.683473929654,-75473.92578205891,90766.68690562792,20.0
54959e4,54959e4,54959e4,54959f,0.0,0.0,0.0,0.0,-139371.33131207712,-218628.39225344156,263289.15494414803,58.0,0.0,0.0,0.0,0.0
54959ec,54959ec,54959ec,54959f,-67167.71384602046,-105588.30538247462,127129.7393892033,28.0,-67167.71384602046,-105588.30538247462,127129.7393892033,28.0,0.0,0.0,0.0,0.0
54959f4,54959f4,54959f4,54959f,0.0,0.0,0.0,0.0,0.0,0.0,0.0,0.0,0.0,0.0,0.0,0.0
54959fc,54959fc,54959fc,54959f,0.0,0.0,0.0,0.0,0.0,0.0,0.0,0.0,0.0,0.0,0.0,0.0
5495a04,5495a04,5495a04,5495a1,0.0,0.0,0.0,0.0,0.0,0.0,0.0,0.0,0.0,0.0,0.0,0.0
5495a09,5495a09,5495a0c,5495a1,0.0,0.0,0.0,0.0,0.0,0.0,0.0,0.0,0.0,0.0,0.0,0.0
5495a0b,5495a0b,5495a0c,5495a1,0.0,0.0,0.0,0.0,0.0,0.0,0.0,0.0,0.0,0.0,0.0,0.0
5495a0d,5495a0d,5495a0c,5495a1,0.0,0.0,0.0,0.0,0.0,0.0,0.0,0.0,0.0,0.0,0.0,0.0
5495a0f,5495a0f,5495a0c,5495a1,0.0,0.0,0.0,0.0,0.0,0.0,0.0,0.0,0.0,0.0,0.0,0.0
5495a14,5495a14,5495a14,5495a1,0.0,0.0,0.0,0.0,0.0,0.0,0.0,0.0,0.0,0.0,0.0,0.0
5495a1c,5495a1c,5495a1c,5495a1,0.0,0.0,0.0,0.0,0.0,0.0,0.0,0.0,0.0,0.0,0.0,0.0
5495a24,5495a24,5495a3,5495a3,0.0,0.0,0.0,0.0,0.0,0.0,0.0,0.0,0.0,0.0,0.0,0.0
5495a2c,5495a2c,5495a3,5495a3,0.0,0.0,0.0,0.0,0.0,0.0,0.0,0.0,0.0,0.0,0.0,0.0
5495a34,5495a34,5495a3,5495a3,-28740.002746952563,-45155.6047121241,54588.53083850448,12.0,0.0,0.0,0.0,0.0,0.0,0.0,0.0,0.0
5495a3c,5495a3c,5495a3,5495a3,0.0,0.0,0.0,0.0,0.0,0.0,0.0,0.0,0.0,0.0,0.0,0.0
5495a5,5495a5,5495a5,5495a5,0.0,0.0,0.0,0.0,-151277.60970810478,-236690.90378987312,286693.5964341906,63.0,-151277.60970810478,-236690.90378987312,286693.5964341906,63.0
5495a64,5495a64,5495a64,5495a7,-103492.45549552246,-161350.48950925644,195718.62647979177,43.0,-103492.45549552246,-161350.48950925644,195718.62647979177,43.0,0.0,0.0,0.0,0.0
5495a6c,5495a6c,5495a6c,5495a7,0.0,0.0,0.0,0.0,0.0,0.0,0.0,0.0,0.0,0.0,0.0,0.0
5495a74,5495a74,5495a74,5495a7,0.0,0.0,0.0,0.0,0.0,0.0,0.0,0.0,0.0,0.0,0.0,0.0
5495a7c,5495a7c,5495a7c,5495a7,0.0,0.0,0.0,0.0,0.0,0.0,0.0,0.0,0.0,0.0,0.0,0.0
5495a9,5495a9,5495ac,5495ac,0.0,0.0,0.0,0.0,0.0,0.0,0.0,0.0,-349681.3324968022,-543287.0185947894,660273.653418601,145.0
5495ab,5495ab,5495ac,5495ac,-41004.73285797736,-63578.32396703467,77503.82842818102,17.0,0.0,0.0,0.0,0.0,-349681.3324968022,-543287.0185947894,660273.653418601,145.0
5495ad,5495ad,5495ac,5495ac,-2407.3350617218757,-3739.947763321346,4561.499946060465,1.0,0.0,0.0,0.0,0.0,-349681.3324968022,-543287.0185947894,660273.653418601,145.0
5495bc,5495bc,5495bc,5495bc,-66918.66856515271,-105500.68601607086,127333.66183726264,28.0,-66918.66856515271,-105500.68601607086,127333.66183726264,28.0,-66918.66856515271,-105500.68601607086,127333.66183726264,28.0
5495e1,5495e1,5495e4,5495e4,-16404.93214532778,-26485.390040163296,31910.811736503412,7.0,-176405.28996060797,-283674.64844301174,341653.4043916458,75.0,-176405.28996060797,-283674.64844301174,341653.4043916458,75.0
5495e3,5495e3,5495e4,5495e4,-7022.484667864419,-11367.024915955648,13666.865078837105,3.0,-176405.28996060797,-283674.64844301174,341653.4043916458,75.0,-176405.28996060797,-283674.64844301174,341653.4043916458,75.0
5495e5,5495e5,5495e4,5495e4,-21156.04077706187,-34095.843358516904,40959.306701866924,9.0,-176405.28996060797,-283674.64844301174,341653.4043916458,75.0,-176405.28996060797,-283674.64844301174,341653.4043916458,75.0
5495e7,5495e7,5495e4,5495e4,0.0,0.0,0.0,0.0,-176405.28996060797,-283674.64844301174,341653.4043916458,75.0,-176405.28996060797,-283674.64844301174,341653.4043916458,75.0
5495e9,5495e9,5495e9,5495e9,-113265.07170565233,-181419.39791031062,218579.0540733983,48.0,-113265.07170565233,-181419.39791031062,218579.0540733983,48.0,-113265.07170565233,-181419.39791031062,218579.0540733983,48.0
5495ea4,5495ea4,5495ea4,5495ea4,-14210.051116358834,-22657.05065663585,27312.333467368888,6.0,-14210.051116358834,-22657.05065663585,27312.333467368888,6.0,-14210.051116358834,-22657.05065663585,27312.333467368888,6.0
5495eac,5495eac,5495eac,5495eac,-66400.38326349703,-105742.80015297366,127404.14223463471,28.0,-66400.38326349703,-105742.80015297366,127404.14223463471,28.0,-66400.38326349703,-105742.80015297366,127404.14223463471,28.0
5495eb04,5495eb04,5495eb04,5495eb04,-66353.37235749036,-105765.1695905102,127410.06755213215,28.0,-66353.37235749036,-105765.1695905102,127410.06755213215,28.0,-66353.37235749036,-105765.1695905102,127410.06755213215,28.0
5495eb1b,5495eb1b,5495eb1b,5495eb1c,-11851.779928030324,-18887.732546271982,22749.345045204434,5.0,-11851.779928030324,-18887.732546271982,22749.345045204434,5.0,-457566.204450068,-728945.9013121909,878179.2267562915,193.0
5495eb1d,5495eb1d,5495eb1d,5495eb1c,-54524.61642424992,-86868.96318823994,104655.76352141786,23.0,-54524.61642424992,-86868.96318823994,104655.76352141786,23.0,-457566.204450068,-728945.9013121909,878179.2267562915,193.0
5495eb1e1,5495eb1e1,5495eb1e1,5495eb1c,-37933.17364486272,-60429.51784575755,72803.3276070364,16.0,-37933.17364486272,-60429.51784575755,72803.3276070364,16.0,-457566.204450068,-728945.9013121909,878179.2267562915,193.0
5495eb1e3,5495eb1e3,5495eb1e3,5495eb1c,-111434.04474947401,-177510.10537931218,213858.3194951712,47.0,-111434.04474947401,-177510.10537931218,213858.3194951712,47.0,-457566.204450068,-728945.9013121909,878179.2267562915,193.0
5495eb1e5,5495eb1e5,5495eb1e5,5495eb1c,-18967.112009479577,-30215.234786571986,36400.995164373366,8.0,-18967.112009479577,-30215.234786571986,36400.995164373366,8.0,-457566.204450068,-728945.9013121909,878179.2267562915,193.0
5495eb1e64,5495eb1e64,5495eb1e7,5495eb1c,-54528.191346173495,-86870.21500516096,104652.86187598718,23.0,-158842.9136764374,-253054.61554991122,304860.1189235022,67.0,-457566.204450068,-728945.9013121909,878179.2267562915,193.0
5495eb1e6c,5495eb1e6c,5495eb1e7,5495eb1c,-66382.83892208895,-105753.24992591058,127404.6124753712,28.0,-158842.9136764374,-253054.61554991122,304860.1189235022,67.0,-457566.204450068,-728945.9013121909,878179.2267562915,193.0
5495eb1e74,5495eb1e74,5495eb1e7,5495eb1c,-21336.73517956552,-33992.29649213992,40951.648495639376,9.0,-158842.9136764374,-253054.61554991122,304860.1189235022,67.0,-457566.204450068,-728945.9013121909,878179.2267562915,193.0
5495eb1e7c,5495eb1e7c,5495eb1e7,5495eb1c,-16595.14822860947,-26438.854126699705,31850.99607650454,7.0,-158842.9136764374,-253054.61554991122,304860.1189235022,67.0,-457566.204450068,-728945.9013121909,878179.2267562915,193.0
5495eb1ec,5495eb1ec,5495eb1ec,5495eb1c,-52157.250205824836,-83095.30299229818,100101.11079710432,22.0,-52157.250205824836,-83095.30299229818,100101.11079710432,22.0,-457566.204450068,-728945.9013121909,878179.2267562915,193.0
5495eb1f4,5495eb1f4,5495eb1f4,5495eb1c,-2371.0303732353354,-3777.107580359449,4549.882023224792,1.0,-2371.0303732353354,-3777.107580359449,4549.882023224792,1.0,-457566.204450068,-728945.9013121909,878179.2267562915,193.0
5495eb1fc,5495eb1fc,5495eb1fc,5495eb1c,-9484.283438473838,-15107.321443468521,18200.364179256863,4.0,-9484.283438473838,-15107.321443468521,18200.364179256863,4.0,-457566.204450068,-728945.9013121909,878179.2267562915,193.0
5495eb3,5495eb3,5495eb3,5495eb3,-28459.510457901128,-45322.271485538644,54597.366184860824,12.0,-28459.510457901128,-45322.271485538644,54597.366184860824,12.0,-28459.510457901128,-45322.271485538644,54597.366184860824,12.0
5495ebc,5495ebc,5495ebc,5495ebc,-111268.70711330228,-177566.80840333804,213897.32749655127,47.0,-111268.70711330228,-177566.80840333804,213897.32749655127,47.0,-111268.70711330228,-177566.80840333804,213897.32749655127,47.0
5495ed,5495ed,5495ed,5495ed,-23704.307277956228,-37821.666367214304,45459.89516360125,10.0,-23704.307277956228,-37821.666367214304,45459.89516360125,10.0,-23704.307277956228,-37821.666367214304,45459.89516360125,10.0
5495f4,5495f4,5495f4,5495f4,-56548.79411166707,-91152.25893048248,108964.13251181079,24.0,-56548.79411166707,-91152.25893048248,108964.13251181079,24.0,-56548.79411166707,-91152.25893048248,108964.13251181079,24.0
5495f9,5495f9,5495f9,5495fc,-82037.5468606589,-133122.45650976495,158967.56281913636,35.0,-82037.5468606589,-133122.45650976495,158967.56281913636,35.0,-304176.8022632615,-494379.14007208275,590789.5032803903,130.0
5495fd,5495fd,5495fd,5495fc,-74797.3950550812,-121626.14411404589,145520.90666631295,32.0,-74797.3950550812,-121626.14411404589,145520.90666631295,32.0,-304176.8022632615,-494379.14007208275,590789.5032803903,130.0
5495fe4,5495fe4,5495ff,5495fc,-35055.83904349557,-57049.985047440634,68184.1732944089,15.0,-147341.86034752146,-239630.53944827188,286301.0337949408,63.0,-304176.8022632615,-494379.14007208275,590789.5032803903,130.0
5495fec,5495fec,5495ff,5495fc,-67846.57323825576,-110271.19651512119,131807.00074528935,29.0,-147341.86034752146,-239630.53944827188,286301.0337949408,63.0,-304176.8022632615,-494379.14007208275,590789.5032803903,130.0
5495ff4,5495ff4,5495ff,5495fc,-44439.448065770135,-72309.35788571007,86309.85975524256,19.0,-147341.86034752146,-239630.53944827188,286301.0337949408,63.0,-304176.8022632615,-494379.14007208275,590789.5032803903,130.0
549604,549604,549604,5497,-81612.89568586052,-132988.2182809258,159298.12325337468,35.0,-81612.89568586052,-132988.2182809258,159298.12325337468,35.0,0.0,0.0,0.0,0.0
549609,549609,54960c,5497,-13985.562576895678,-22765.275735265153,27338.200720684687,6.0,0.0,0.0,0.0,0.0,0.0,0.0,0.0,0.0
54960b,54960b,54960c,5497,-42058.268736916434,-68169.16092922492,82067.92809790748,18.0,0.0,0.0,0.0,0.0,0.0,0.0,0.0,0.0
54960d,54960d,54960c,5497,-46561.150000663874,-75801.21816792175,91225.7193512011,20.0,0.0,0.0,0.0,0.0,0.0,0.0,0.0,0.0
54960e4,54960e4,54960c,5497,-90681.45960132939,-147930.79980311342,177849.2700669315,39.0,0.0,0.0,0.0,0.0,0.0,0.0,0.0,0.0
54960ec,54960ec,54960c,5497,-32587.12371035714,-53096.235114448435,63831.49856278694,14.0,0.0,0.0,0.0,0.0,0.0,0.0,0.0,0.0
54960f4,54960f4,54960c,5497,-55863.545237893886,-91102.09603846096,109358.89955085285,24.0,0.0,0.0,0.0,0.0,0.0,0.0,0.0,0.0
549614,549614,549614,5497,-32409.6126605716,-53200.739000398484,63834.85799076691,14.0,-32409.6126605716,-53200.739000398484,63834.85799076691,14.0,0.0,0.0,0.0,0.0
549619,549619,54961c,5497,-25393.58175429155,-41874.12692566109,50130.660705211674,11.0,-150114.3925387028,-247511.9259907043,296133.507778679,65.0,0.0,0.0,0.0,0.0
54961b,54961b,54961c,5497,-60127.20119474143,-98878.98541802335,118517.24810555499,26.0,-150114.3925387028,-247511.9259907043,296133.507778679,65.0,0.0,0.0,0.0,0.0
54961d,54961d,54961c,5497,-11549.209561755179,-19055.5511776831,22765.005672281062,5.0,-150114.3925387028,-247511.9259907043,296133.507778679,65.0,0.0,0.0,0.0,0.0
54961f,54961f,54961c,5497,-53044.40002791471,-87703.26246933674,104720.5932956314,23.0,-150114.3925387028,-247511.9259907043,296133.507778679,65.0,0.0,0.0,0.0,0.0
54963,54963,54963,5497,-11464.592906040363,-19092.09589969733,22777.146641305862,5.0,-11464.592906040363,-19092.09589969733,22777.146641305862,5.0,0.0,0.0,0.0,0.0
5499,5499,5499,5499,-13101.318536484245,-23060.476917555854,27528.184298399385,6.0,-13101.318536484245,-23060.476917555854,27528.184298399385,6.0,-13101.318536484245,-23060.476917555854,27528.184298399385,6.0
549e4,549e4,549e4,549f,-25491.703084678073,-49882.13974162997,61005.02632034846,13.0,-25491.703084678073,-49882.13974162997,61005.02632034846,13.0,0.0,0.0,0.0,0.0
549f84,549f84,549f84,549f,-7954.60999846214,-15550.843381935834,18556.171059815875,4.0,-7954.60999846214,-15550.843381935834,18556.171059815875,4.0,0.0,0.0,0.0,0.0
549f89,549f89,549f8c,549f,0.0,0.0,0.0,0.0,0.0,0.0,0.0,0.0,0.0,0.0,0.0,0.0
549f8b,549f8b,549f8c,549f,-31653.986115823714,-62194.499273656314,74302.3893389967,16.0,0.0,0.0,0.0,0.0,0.0,0.0,0.0,0.0
549f8d,549f8d,549f8c,549f,-41529.79731905369,-81485.36026313803,97649.84159360178,21.0,0.0,0.0,0.0,0.0,0.0,0.0,0.0,0.0
549f94,549f94,549f94,549f,-51503.95004472635,-100730.2825780143,120993.48489202051,26.0,-51503.95004472635,-100730.2825780143,120993.48489202051,26.0,0.0,0.0,0.0,0.0
549fc4,549fc4,549fd,549f,-43423.791754509664,-84765.12959006279,102833.2769422969,22.0,-141978.60109651738,-277197.7330072302,336779.7984012857,72.0,0.0,0.0,0.0,0.0
549fcc,549fcc,549fd,549f,-92654.96794851994,-180874.84181833372,219913.7813062048,47.0,-141978.60109651738,-277197.7330072302,336779.7984012857,72.0,0.0,0.0,0.0,0.0
549fd4,549fd4,549fd,549f,-5899.841393487772,-11557.761598833731,14032.740152784074,3.0,-141978.60109651738,-277197.7330072302,336779.7984012857,72.0,0.0,0.0,0.0,0.0
549ff,549ff,549ff,549f,-76719.61846722994,-151361.5278107821,181495.76768858708,39.0,-76719.61846722994,-151361.5278107821,181495.76768858708,39.0,0.0,0.0,0.0,0.0
53603,53603,53604,53604,-19425.196947620265,-38517.81418141896,46882.97157632116,10.0,-167418.31122409692,-339662.15962796425,413430.739916143,88.0,-167418.31122409692,-339662.15962796425,413430.739916143,88.0
53604c,53604c,53604,53604,-45788.00906372316,-92486.78809014667,112824.40511379861,24.0,-167418.31122409692,-339662.15962796425,413430.739916143,88.0,-167418.31122409692,-339662.15962796425,413430.739916143,88.0
536054,536054,53604,53604,-90860.89899392161,-185408.79014356068,225580.54482512816,48.0,-167418.31122409692,-339662.15962796425,413430.739916143,88.0,-167418.31122409692,-339662.15962796425,413430.739916143,88.0
53605c,53605c,53604,53604,-9422.601109421987,-19352.744195999538,23482.540342084372,5.0,-167418.31122409692,-339662.15962796425,413430.739916143,88.0,-167418.31122409692,-339662.15962796425,413430.739916143,88.0
53608c,53608c,53609,53609,-14937.796044884068,-31116.110147998428,37501.915490738524,8.0,0.0,0.0,0.0,0.0,-188959.57185337268,-397345.5710592257,478231.9472492105,102.0
536093,536093,53609,53609,-61303.73314859484,-128398.17203421891,154783.68624597523,33.0,0.0,0.0,0.0,0.0,-188959.57185337268,-397345.5710592257,478231.9472492105,102.0
536095,536095,53609,53609,-27797.39931192829,-58413.57662049688,70340.97533595107,15.0,0.0,0.0,0.0,0.0,-188959.57185337268,-397345.5710592257,478231.9472492105,102.0
536097,536097,53609,53609,-84920.64334796548,-179417.71225651153,215605.37017654564,46.0,0.0,0.0,0.0,0.0,-188959.57185337268,-397345.5710592257,478231.9472492105,102.0
5360a24,5360a24,5360b,5360b,-5517.734994642506,-11727.983587255567,14046.949105330677,3.0,-132415.32848049642,-281426.1393016834,337168.3500078831,72.0,-132415.32848049642,-281426.1393016834,337168.3500078831,72.0
5360a29,5360a29,5360b,5360b,-27614.070852395253,-58613.05182824896,70247.18953591368,15.0,-132415.32848049642,-281426.1393016834,337168.3500078831,72.0,-132415.32848049642,-281426.1393016834,337168.3500078831,72.0
5360a2b,5360a2b,5360b,5360b,-38685.756036070205,-82026.76453517978,98362.10165986663,21.0,-132415.32848049642,-281426.1393016834,337168.3500078831,72.0,-132415.32848049642,-281426.1393016834,337168.3500078831,72.0
5360a2f,5360a2f,5360b,5360b,-33116.18189544134,-70354.77780373995,84288.81125547668,18.0,-132415.32848049642,-281426.1393016834,337168.3500078831,72.0,-132415.32848049642,-281426.1393016834,337168.3500078831,72.0
5360a5,5360a5,5360b,5360b,-3665.2858611705797,-7825.444322464882,9364.139733832391,2.0,-132415.32848049642,-281426.1393016834,337168.3500078831,72.0,-132415.32848049642,-281426.1393016834,337168.3500078831,72.0
5360a7,5360a7,5360b,5360b,-12787.812411794055,-27450.763578721828,32738.743578090478,7.0,-132415.32848049642,-281426.1393016834,337168.3500078831,72.0,-132415.32848049642,-281426.1393016834,337168.3500078831,72.0
5360b4,5360b4,5360b,5360b,-1814.3624699151537,-3902.462353202908,4697.725996615261,1.0,-132415.32848049642,-281426.1393016834,337168.3500078831,72.0,-132415.32848049642,-281426.1393016834,337168.3500078831,72.0
5360bc,5360bc,5360b,5360b,-9214.12395906735,-19524.891292869506,23422.68914275726,5.0,-132415.32848049642,-281426.1393016834,337168.3500078831,72.0,-132415.32848049642,-281426.1393016834,337168.3500078831,72.0
5360d,5360d,5360d,5360d,-11031.166602583738,-23304.529446379525,28221.327111270737,6.0,-11031.166602583738,-23304.529446379525,28221.327111270737,6.0,-11031.166602583738,-23304.529446379525,28221.327111270737,6.0
5360e4,5360e4,5360e4,5360f,-5603.053197660824,-11604.16021698649,14115.837823558197,3.0,-5603.053197660824,-11604.16021698649,14115.837823558197,3.0,-291905.77079937415,-605304.5933002252,732248.3840074026,156.0
5360ec,5360ec,5360ec,5360f,-26079.707503774636,-54423.9742288211,65677.02389305597,14.0,-26079.707503774636,-54423.9742288211,65677.02389305597,14.0,-291905.77079937415,-605304.5933002252,732248.3840074026,156.0
5360f1,5360f1,5360f1,5360f,-31831.35898358337,-65923.75330506632,79820.17468655072,17.0,-31831.35898358337,-65923.75330506632,79820.17468655072,17.0,-291905.77079937415,-605304.5933002252,732248.3840074026,156.0
5360f24,5360f24,5360f3,5360f,-57906.937121007664,-120341.05578050033,145504.5310125129,31.0,-145639.89196464096,-302899.67196506116,366044.8179171967,78.0,-291905.77079937415,-605304.5933002252,732248.3840074026,156.0
5360f2c,5360f2c,5360f3,5360f,-69026.43208603594,-143758.97632126318,173597.4579822085,37.0,-145639.89196464096,-302899.67196506116,366044.8179171967,78.0,-291905.77079937415,-605304.5933002252,732248.3840074026,156.0
5360f3c,5360f3c,5360f3,5360f,-18706.52275759738,-38799.63986329762,46942.82892247539,10.0,-145639.89196464096,-302899.67196506116,366044.8179171967,78.0,-291905.77079937415,-605304.5933002252,732248.3840074026,156.0
5360f7,5360f7,5360f7,5360f,-82751.75914971434,-170453.0335842901,206590.52968704092,44.0,-82751.75914971434,-170453.0335842901,206590.52968704092,44.0,-291905.77079937415,-605304.5933002252,732248.3840074026,156.0
53611,53611,53611,53611,-3770.1005925889467,-7679.611576550789,9442.893339496924,2.0,-3770.1005925889467,-7679.611576550789,9442.893339496924,2.0,-3770.1005925889467,-7679.611576550789,9442.893339496924,2.0
5361409,5361409,536141,536144,-37163.193181185205,-76666.34093263691,94747.40236683136,20.0,-150620.07021827414,-310310.95943753683,383835.87368070247,81.0,-337820.911630949,-696945.6963878996,862923.7383072826,182.0
536140b,536140b,536141,536144,-31554.375501377097,-65167.314620129175,80548.00429400594,17.0,-150620.07021827414,-310310.95943753683,383835.87368070247,81.0,-337820.911630949,-696945.6963878996,862923.7383072826,182.0
536140f,536140f,536141,536144,-27888.874978521853,-57468.10204257987,71079.6892169249,15.0,-150620.07021827414,-310310.95943753683,383835.87368070247,81.0,-337820.911630949,-696945.6963878996,862923.7383072826,182.0
536141c,536141c,536141,536144,-54013.62655718997,-111009.20184219086,137460.77780294025,29.0,-150620.07021827414,-310310.95943753683,383835.87368070247,81.0,-337820.911630949,-696945.6963878996,862923.7383072826,182.0
536143,536143,536143,536144,-11189.235931895313,-22953.44083925135,28445.942780585938,6.0,-11189.235931895313,-22953.44083925135,28445.942780585938,6.0,-337820.911630949,-696945.6963878996,862923.7383072826,182.0
536145,536145,536145,536144,-72310.87906473767,-149141.1198762183,185108.26312625394,39.0,-72310.87906473767,-149141.1198762183,185108.26312625394,39.0,-337820.911630949,-696945.6963878996,862923.7383072826,182.0
5361464,5361464,536147,536144,-64788.423735381504,-134074.93958141806,165978.36306097225,35.0,-103700.72641604187,-214540.17623489306,265533.6587197401,56.0,-337820.911630949,-696945.6963878996,862923.7383072826,182.0
536146c,536146c,536147,536144,-9264.009821953732,-19144.68605637281,23715.036202362862,5.0,-103700.72641604187,-214540.17623489306,265533.6587197401,56.0,-337820.911630949,-696945.6963878996,862923.7383072826,182.0
5361474,5361474,536147,536144,-24095.338995443457,-49824.350542623746,61616.69219052538,13.0,-103700.72641604187,-214540.17623489306,265533.6587197401,56.0,-337820.911630949,-696945.6963878996,862923.7383072826,182.0
536147c,536147c,536147,536144,-5552.95386326318,-11496.200054478419,14223.567265879594,3.0,-103700.72641604187,-214540.17623489306,265533.6587197401,56.0,-337820.911630949,-696945.6963878996,862923.7383072826,182.0
536151,536151,536154,536154,-62882.98200491848,-129841.62419336435,161581.66740017507,34.0,-123791.34694187781,-255614.6752643357,318659.8058563088,67.0,-123791.34694187781,-255614.6752643357,318659.8058563088,67.0
536155,536155,536154,536154,-36894.36400791303,-76195.79383340132,95230.81417152414,20.0,-123791.34694187781,-255614.6752643357,318659.8058563088,67.0,-123791.34694187781,-255614.6752643357,318659.8058563088,67.0
536157,536157,536154,536154,-24014.000929046302,-49577.257237570026,61847.32428460958,13.0,-123791.34694187781,-255614.6752643357,318659.8058563088,67.0,-123791.34694187781,-255614.6752643357,318659.8058563088,67.0
53615c,53615c,53615c,53615c,-46302.41779306143,-95519.06128797743,118746.74568533587,25.0,-46302.41779306143,-95519.06128797743,118746.74568533587,25.0,-46302.41779306143,-95519.06128797743,118746.74568533587,25.0
5361624,5361624,536163,536164,-75194.21170666741,-152154.50794752812,190101.12665288773,40.0,-178498.02267896498,-361574.20026167214,451359.0701036511,95.0,-334224.44785601506,-678050.2158455278,845332.3995986178,178.0
536163d,536163d,536163,536164,-50716.10593401376,-102780.42835592337,128273.1066299535,27.0,-178498.02267896498,-361574.20026167214,451359.0701036511,95.0,-334224.44785601506,-678050.2158455278,845332.3995986178,178.0
536163f,536163f,536163,536164,-52587.705038283835,-106639.26395822066,132984.83682080984,28.0,-178498.02267896498,-361574.20026167214,451359.0701036511,95.0,-334224.44785601506,-678050.2158455278,845332.3995986178,178.0
536165,536165,536165,536164,-39428.87386795247,-80029.02086873906,99703.56188376078,21.0,-39428.87386795247,-80029.02086873906,99703.56188376078,21.0,-334224.44785601506,-678050.2158455278,845332.3995986178,178.0
536167,536167,536167,536164,0.0,0.0,0.0,0.0,-116297.55130909762,-236446.9947151165,294269.7676112061,62.0,-334224.44785601506,-678050.2158455278,845332.3995986178,178.0
536168c,536168c,53616c,53616c,-80570.91506080325,-164219.54226319626,203938.03021858993,43.0,-157220.44456295515,-320957.91688434023,398332.72562635643,84.0,-157220.44456295515,-320957.91688434023,398332.72562635643,84.0
5361694,5361694,53616c,53616c,-39294.80883538872,-80263.13805109443,99568.20575939561,21.0,-157220.44456295515,-320957.91688434023,398332.72562635643,84.0,-157220.44456295515,-320957.91688434023,398332.72562635643,84.0
536169c,536169c,53616c,53616c,-37354.72066676316,-76475.23657004959,94826.48964837092,20.0,-157220.44456295515,-320957.91688434023,398332.72562635643,84.0,-157220.44456295515,-320957.91688434023,398332.72562635643,84.0
53617c,53617c,53617c,53617c,-43743.74015087521,-87380.7612346179,109192.79132929118,23.0,-43743.74015087521,-87380.7612346179,109192.79132929118,23.0,-43743.74015087521,-87380.7612346179,109192.79132929118,23.0
536181,536181,536184,53619,-53341.40354411208,-106470.31812864057,132819.91502596348,28.0,-188952.66882095547,-376741.3060148063,469236.3992487406,99.0,-238836.2601714397,-475944.9037509335,592154.5122835924,125.0
536183,536183,536184,53619,-64872.649944349585,-129365.71900441826,161176.30522157744,34.0,-188952.66882095547,-376741.3060148063,469236.3992487406,99.0,-238836.2601714397,-475944.9037509335,592154.5122835924,125.0
536185,536185,536184,53619,-70738.6153324938,-140905.26888174744,175240.1790011996,37.0,-188952.66882095547,-376741.3060148063,469236.3992487406,99.0,-238836.2601714397,-475944.9037509335,592154.5122835924,125.0
536194,536194,536194,53619,-25044.790433712635,-49632.97561538219,61392.12427506504,13.0,-25044.790433712635,-49632.97561538219,61392.12427506504,13.0,-238836.2601714397,-475944.9037509335,592154.5122835924,125.0
53619c,53619c,53619c,53619,-24838.80091677163,-49570.62212074499,61525.98875978668,13.0,-24838.80091677163,-49570.62212074499,61525.98875978668,13.0,-238836.2601714397,-475944.9037509335,592154.5122835924,125.0
5361ac,5361ac,5361b,5361b,-1905.4973317867432,-3845.4791381591704,4708.622223773494,1.0,-143846.28501821024,-288248.6367498279,352899.5741055294,75.0,-143846.28501821024,-288248.6367498279,352899.5741055294,75.0
5361b3,5361b3,5361b,5361b,-9561.929134977236,-19248.99435815294,23511.475708981216,5.0,-143846.28501821024,-288248.6367498279,352899.5741055294,75.0,-143846.28501821024,-288248.6367498279,352899.5741055294,75.0
5361b5,5361b5,5361b,5361b,-76651.96273222829,-153823.1139792325,188166.21661300847,40.0,-143846.28501821024,-288248.6367498279,352899.5741055294,75.0,-143846.28501821024,-288248.6367498279,352899.5741055294,75.0
5361b7,5361b7,5361b,5361b,-51874.10480499681,-103680.78612766939,127079.88953964424,27.0,-143846.28501821024,-288248.6367498279,352899.5741055294,75.0,-143846.28501821024,-288248.6367498279,352899.5741055294,75.0
5361bc,5361bc,5361b,5361b,-3852.791014221159,-7650.263146613952,9433.37002012194,2.0,-143846.28501821024,-288248.6367498279,352899.5741055294,75.0,-143846.28501821024,-288248.6367498279,352899.5741055294,75.0
5361c1,5361c1,5361c1,5361d,-27065.965236720567,-53552.49663684096,65993.59226864329,14.0,-27065.965236720567,-53552.49663684096,65993.59226864329,14.0,0.0,0.0,0.0,0.0
5361c24,5361c24,5361c3,5361d,-15520.397288541857,-30561.866604868002,37720.46700540785,8.0,-110564.0864001201,-217877.13475092335,268665.5911883916,57.0,0.0,0.0,0.0,0.0
5361c2c,5361c2c,5361c3,5361d,-11672.155528115014,-22905.994772954204,28289.70295630104,6.0,-110564.0864001201,-217877.13475092335,268665.5911883916,57.0,0.0,0.0,0.0,0.0
5361c34,5361c34,5361c3,5361d,-15541.05868511814,-30571.373993637004,37704.253617545095,8.0,-110564.0864001201,-217877.13475092335,268665.5911883916,57.0,0.0,0.0,0.0,0.0
5361c3c,5361c3c,5361c3,5361d,-67830.47489834508,-133837.8993794641,164951.1676091376,35.0,-110564.0864001201,-217877.13475092335,268665.5911883916,57.0,0.0,0.0,0.0,0.0
5361c5,5361c5,5361c5,5361d,-23238.432211423253,-45920.31714716692,56535.15169620136,12.0,-23238.432211423253,-45920.31714716692,56535.15169620136,12.0,0.0,0.0,0.0,0.0
5361c64,5361c64,5361c7,5361d,0.0,0.0,0.0,0.0,0.0,0.0,0.0,0.0,0.0,0.0,0.0,0.0
5361c6c,5361c6c,5361c7,5361d,0.0,0.0,0.0,0.0,0.0,0.0,0.0,0.0,0.0,0.0,0.0,0.0
5361c7c,5361c7c,5361c7,5361d,-9646.260124580516,-19162.90751576822,23547.32244720714,5.0,0.0,0.0,0.0,0.0,0.0,0.0,0.0,0.0
5361cc,5361cc,5361cc,5361d,-79046.33773072615,-157296.27927908252,192979.07729399775,41.0,-79046.33773072615,-157296.27927908252,192979.07729399775,41.0,0.0,0.0,0.0,0.0
5361d4,5361d4,5361d4,5361d,-3889.106821441104,-7684.911541636519,9390.207412371243,2.0,-3889.106821441104,-7684.911541636519,9390.207412371243,2.0,0.0,0.0,0.0,0.0
5361dc,5361dc,5361dc,5361d,-29196.905741220813,-57287.94102227721,70698.84496978183,15.0,-29196.905741220813,-57287.94102227721,70698.84496978183,15.0,0.0,0.0,0.0,0.0
5361f,5361f,5361f,5361f,-17454.89927669505,-34348.064395518224,42465.331336234456,9.0,-17454.89927669505,-34348.064395518224,42465.331336234456,9.0,-17454.89927669505,-34348.064395518224,42465.331336234456,9.0
53624,53624,53624,53624,-13437.86821784252,-26509.667479814147,33249.87134792608,7.0,-13437.86821784252,-26509.667479814147,33249.87134792608,7.0,-13437.86821784252,-26509.667479814147,33249.87134792608,7.0
536384,536384,53639,53639,-1858.2599290463572,-3754.255262519976,4800.228180995058,1.0,-148770.75151221862,-301558.0847427648,383019.89970631775,80.0,-148770.75151221862,-301558.0847427648,383019.89970631775,80.0
536389,536389,53639,53639,-38943.67386400311,-79196.3026963976,100555.53994749249,21.0,-148770.75151221862,-301558.0847427648,383019.89970631775,80.0,-148770.75151221862,-301558.0847427648,383019.89970631775,80.0
53638b,53638b,53639,53639,-3706.883578458577,-7544.608876032038,9575.850016643948,2.0,-148770.75151221862,-301558.0847427648,383019.89970631775,80.0,-148770.75151221862,-301558.0847427648,383019.89970631775,80.0
53638f,53638f,53639,53639,-89338.43405523122,-180900.58806553233,229809.47445264837,48.0,-148770.75151221862,-301558.0847427648,383019.89970631775,80.0,-148770.75151221862,-301558.0847427648,383019.89970631775,80.0
536394,536394,53639,53639,-14923.500085479347,-30162.32984228285,38278.80710853789,8.0,-148770.75151221862,-301558.0847427648,383019.89970631775,80.0,-148770.75151221862,-301558.0847427648,383019.89970631775,80.0
5363b,5363b,5363b,5363b,-17134.069588786457,-33795.38258809671,43035.53243972707,9.0,-17134.069588786457,-33795.38258809671,43035.53243972707,9.0,-17134.069588786457,-33795.38258809671,43035.53243972707,9.0
5363c1,5363c1,5363c4,5363c4,-28207.14771705047,-56695.30589264418,71572.98952034743,15.0,-103671.13171218197,-208032.15225696808,262219.0767468796,55.0,-103671.13171218197,-208032.15225696808,262219.0767468796,55.0
5363c3,5363c3,5363c4,5363c4,-20715.828200333028,-41599.180044697234,52456.86455681494,11.0,-103671.13171218197,-208032.15225696808,262219.0767468796,55.0,-103671.13171218197,-208032.15225696808,262219.0767468796,55.0
5363c5,5363c5,5363c4,5363c4,-54748.155794798484,-109737.66631962673,138189.22266971724,29.0,-103671.13171218197,-208032.15225696808,262219.0767468796,55.0,-103671.13171218197,-208032.15225696808,262219.0767468796,55.0
5363cc,5363cc,5363cc,5363cc,-11377.310771346827,-22698.68758237161,28575.46976347687,6.0,-11377.310771346827,-22698.68758237161,28575.46976347687,6.0,-11377.310771346827,-22698.68758237161,28575.46976347687,6.0
5363d04,5363d04,5363d1,5363d4,-20814.872354100353,-41661.40290042671,52368.201927850634,11.0,-128767.09495094336,-257749.33162480468,323529.4362374883,68.0,-350626.2784244615,-701785.5645575663,879625.9371142609,185.0
5363d0c,5363d0c,5363d1,5363d4,-58681.39638484977,-117527.77373738149,147480.3961109794,31.0,-128767.09495094336,-257749.33162480468,323529.4362374883,68.0,-350626.2784244615,-701785.5645575663,879625.9371142609,185.0
5363d14,5363d14,5363d1,5363d4,-39790.16057570761,-79628.12771258169,99880.85609608307,21.0,-128767.09495094336,-257749.33162480468,323529.4362374883,68.0,-350626.2784244615,-701785.5645575663,879625.9371142609,185.0
5363d1c,5363d1c,5363d1,5363d4,-9480.6656362856,-18932.02727441483,23799.982102575173,5.0,-128767.09495094336,-257749.33162480468,323529.4362374883,68.0,-350626.2784244615,-701785.5645575663,879625.9371142609,185.0
5363d5,5363d5,5363d5,5363d4,-58856.837410105945,-117724.36702387291,147253.51243833583,31.0,-58856.837410105945,-117724.36702387291,147253.51243833583,31.0,-350626.2784244615,-701785.5645575663,879625.9371142609,185.0
5363d64,5363d64,5363d7,5363d4,-39815.59395131645,-79717.86557684578,99799.10506490979,21.0,-163002.34606341217,-326311.86590888863,408842.98843843676,86.0,-350626.2784244615,-701785.5645575663,879625.9371142609,185.0
5363d6c,5363d6c,5363d7,5363d4,0.0,0.0,0.0,0.0,-163002.34606341217,-326311.86590888863,408842.98843843676,86.0,-350626.2784244615,-701785.5645575663,879625.9371142609,185.0
5363d8c,5363d8c,5363d9,5363dc,-67735.99098496615,-136803.5691018237,171175.1639898929,36.0,-159963.08609338512,-322830.6835588464,404293.3074960672,85.0,-261809.72950882814,-527659.0440024766,661260.8167071014,139.0
5363d94,5363d94,5363d9,5363dc,-92227.095108419,-186027.11445702266,233118.14350617433,49.0,-159963.08609338512,-322830.6835588464,404293.3074960672,85.0,-261809.72950882814,-527659.0440024766,661260.8167071014,139.0
5363db,5363db,5363db,5363dc,0.0,0.0,0.0,0.0,-101846.643415443,-204828.36044363023,256967.50921103434,54.0,-261809.72950882814,-527659.0440024766,661260.8167071014,139.0
5363ec,5363ec,5363f,5363f,-3755.61846852254,-7556.220360316086,9547.663392440456,2.0,-164090.5043463561,-338531.7876598215,424242.0618646978,89.0,-164090.5043463561,-338531.7876598215,424242.0618646978,89.0
5363f4,5363f4,5363f,5363f,-9236.137008084665,-18932.37720142111,23895.662283519407,5.0,-164090.5043463561,-338531.7876598215,424242.0618646978,89.0,-164090.5043463561,-338531.7876598215,424242.0618646978,89.0
5363f9,5363f9,5363f,5363f,-14756.402185192732,-30411.466557628977,38146.23810531896,8.0,-164090.5043463561,-338531.7876598215,424242.0618646978,89.0,-164090.5043463561,-338531.7876598215,424242.0618646978,89.0
5363fe4,5363fe4,5363f,5363f,-40550.50694325306,-83776.55329141246,104797.83262337028,22.0,-164090.5043463561,-338531.7876598215,424242.0618646978,89.0,-164090.5043463561,-338531.7876598215,424242.0618646978,89.0
5363fec,5363fec,5363f,5363f,-16595.01792510116,-34228.40420430331,42904.4478131889,9.0,-164090.5043463561,-338531.7876598215,424242.0618646978,89.0,-164090.5043463561,-338531.7876598215,424242.0618646978,89.0
5363ff4,5363ff4,5363f,5363f,-53408.92628563602,-110332.24376726065,138239.8742613994,29.0,-164090.5043463561,-338531.7876598215,424242.0618646978,89.0,-164090.5043463561,-338531.7876598215,424242.0618646978,89.0
5363ffc,5363ffc,5363f,5363f,-25787.895530565896,-53294.522277478885,66710.34338546041,14.0,-164090.5043463561,-338531.7876598215,424242.0618646978,89.0,-164090.5043463561,-338531.7876598215,424242.0618646978,89.0
53641,53641,5365,5365,0.0,0.0,0.0,0.0,0.0,0.0,0.0,0.0,-190546.80989119338,-407915.68456864334,511829.2490592272,107.0
53643,53643,5365,5365,-1773.6429417945644,-3818.5955048258047,4781.450848353867,1.0,0.0,0.0,0.0,0.0,-190546.80989119338,-407915.68456864334,511829.2490592272,107.0
53645,53645,5365,5365,-7187.987646386986,-15143.532097297313,19194.813195199324,4.0,0.0,0.0,0.0,0.0,-190546.80989119338,-407915.68456864334,511829.2490592272,107.0
5365c,5365c,5365,5365,-84464.71050455408,-187160.9987360215,235140.34715496429,49.0,0.0,0.0,0.0,0.0,-190546.80989119338,-407915.68456864334,511829.2490592272,107.0
536604,536604,536604,536604,-8530.786577518442,-19211.872527489148,23934.76285800291,5.0,-8530.786577518442,-19211.872527489148,23934.76285800291,5.0,-8530.786577518442,-19211.872527489148,23934.76285800291,5.0
53660c,53660c,53660c,53660c,-17225.190500438384,-38433.64046393246,47802.962221465394,10.0,-17225.190500438384,-38433.64046393246,47802.962221465394,10.0,-17225.190500438384,-38433.64046393246,47802.962221465394,10.0
536611,536611,536614,536614,-6893.1075523531545,-15389.274806158419,19107.362118560897,4.0,-137371.53437678475,-308499.90583941404,381747.5180668272,80.0,-137371.53437678475,-308499.90583941404,381747.5180668272,80.0
536615,536615,536614,536614,-3457.799852163954,-7708.23270079752,9538.64478765941,2.0,-137371.53437678475,-308499.90583941404,381747.5180668272,80.0,-137371.53437678475,-308499.90583941404,381747.5180668272,80.0
5366164,5366164,536614,536614,-32647.660165289362,-73323.28517448828,90613.06101019887,19.0,-137371.53437678475,-308499.90583941404,381747.5180668272,80.0,-137371.53437678475,-308499.90583941404,381747.5180668272,80.0
5366174,5366174,536614,536614,-58332.56796120745,-131072.78609894632,162292.9141381657,34.0,-137371.53437678475,-308499.90583941404,381747.5180668272,80.0,-137371.53437678475,-308499.90583941404,381747.5180668272,80.0
536617c,536617c,536614,536614,-36040.39884577082,-81006.32705902352,100195.5360122423,21.0,-137371.53437678475,-308499.90583941404,381747.5180668272,80.0,-137371.53437678475,-308499.90583941404,381747.5180668272,80.0
536619,536619,536619,53661c,-71903.15460801947,-161974.73739293203,200485.46341332348,42.0,-71903.15460801947,-161974.73739293203,200485.46341332348,42.0,-280022.3636820741,-631802.60200164,783654.2506483595,164.0
53661b,53661b,53661b,53661c,-59847.41106863766,-134828.3334258436,167218.5579382316,35.0,-59847.41106863766,-134828.3334258436,167218.5579382316,35.0,-280022.3636820741,-631802.60200164,783654.2506483595,164.0
53661c4,53661c4,53661d,53661c,-25589.210261800552,-57781.725842415864,71687.9253133715,15.0,-148271.79800541702,-334999.5311828644,415950.2292968044,87.0,-280022.3636820741,-631802.60200164,783654.2506483595,164.0
53661cc,53661cc,53661d,53661c,-57978.57540038713,-130916.5650136156,162545.65715013535,34.0,-148271.79800541702,-334999.5311828644,415950.2292968044,87.0,-280022.3636820741,-631802.60200164,783654.2506483595,164.0
53661d4,53661d4,53661d,53661c,-64704.01234322932,-146301.24032683292,181716.64683329756,38.0,-148271.79800541702,-334999.5311828644,415950.2292968044,87.0,-280022.3636820741,-631802.60200164,783654.2506483595,164.0
536624,536624,536624,53663,-17020.07464479646,-38707.494141106596,47655.2293877553,10.0,-17020.07464479646,-38707.494141106596,47655.2293877553,10.0,0.0,0.0,0.0,0.0
53662c,53662c,53662c,53663,-57689.568463854615,-132169.51477914985,161631.89401547605,34.0,-57689.568463854615,-132169.51477914985,161631.89401547605,34.0,0.0,0.0,0.0,0.0
5366394,5366394,536639,53663,-79136.0780649876,-177935.75541141847,219007.4475052782,46.0,-108371.82047145182,-243731.38347931614,299918.7898697819,63.0,0.0,0.0,0.0,0.0
536639c,536639c,536639,53663,-29235.742406464222,-65795.62806789766,80911.34236450365,17.0,-108371.82047145182,-243731.38347931614,299918.7898697819,63.0,0.0,0.0,0.0,0.0
53663d,53663d,53663d,53663,-15487.56637575473,-34736.56372177377,42910.09669413653,9.0,-15487.56637575473,-34736.56372177377,42910.09669413653,9.0,0.0,0.0,0.0,0.0
53663e4,53663e4,53663f,53663,-32728.549569428906,-73358.63741409083,90555.24542266746,19.0,-167204.22703752964,-374727.653591184,462093.9691947685,97.0,0.0,0.0,0.0,0.0
53663ec,53663ec,53663f,53663,-77500.12207574317,-173898.7518230727,214352.98256022535,45.0,-167204.22703752964,-374727.653591184,462093.9691947685,97.0,0.0,0.0,0.0,0.0
53663f4,53663f4,53663f,53663,-56975.55539235757,-127470.2643540205,157185.74121187566,33.0,-167204.22703752964,-374727.653591184,462093.9691947685,97.0,0.0,0.0,0.0,0.0
536641,536641,536644,536644,0.0,0.0,0.0,0.0,-168181.3443326995,-374743.1748657719,461726.5039693717,97.0,-168181.3443326995,-374743.1748657719,461726.5039693717,97.0
536643,536643,536644,536644,-15640.411445914668,-34735.32145941834,42855.62933644005,9.0,-168181.3443326995,-374743.1748657719,461726.5039693717,97.0,-168181.3443326995,-374743.1748657719,461726.5039693717,97.0
536645,536645,536644,536644,-20831.983853368794,-46431.011123149896,57053.606171823296,12.0,-168181.3443326995,-374743.1748657719,461726.5039693717,97.0,-168181.3443326995,-374743.1748657719,461726.5039693717,97.0
536647,536647,536644,536644,-31209.963013806526,-69592.45163975171,85638.23356941191,18.0,-168181.3443326995,-374743.1748657719,461726.5039693717,97.0,-168181.3443326995,-374743.1748657719,461726.5039693717,97.0
53664c,53664c,53664c,53664c,-72987.1267494303,-162730.9311158697,199478.80589228228,42.0,-72987.1267494303,-162730.9311158697,199478.80589228228,42.0,-72987.1267494303,-162730.9311158697,199478.80589228228,42.0
5366504,5366504,536651,536654,-62808.72774197384,-139316.7667018045,171026.956839869,36.0,-162471.85650213392,-359924.33878381323,441721.71755417914,93.0,-260534.93055450043,-576791.1981863147,707506.8144231307,149.0
536650c,536650c,536651,536654,-80433.94970330971,-178002.70120140925,218479.59384645033,46.0,-162471.85650213392,-359924.33878381323,441721.71755417914,93.0,-260534.93055450043,-576791.1981863147,707506.8144231307,149.0
5366514,5366514,536651,536654,-19229.179056850346,-42604.87088059955,52215.16686785981,11.0,-162471.85650213392,-359924.33878381323,441721.71755417914,93.0,-260534.93055450043,-576791.1981863147,707506.8144231307,149.0
536653,536653,536653,536654,-38430.75478763951,-85313.19597821741,104355.99139476918,22.0,-38430.75478763951,-85313.19597821741,104355.99139476918,22.0,-260534.93055450043,-576791.1981863147,707506.8144231307,149.0
536655,536655,536655,536654,-1747.7835020593086,-3881.9888275663698,4739.7435270546675,1.0,-1747.7835020593086,-3881.9888275663698,4739.7435270546675,1.0,-260534.93055450043,-576791.1981863147,707506.8144231307,149.0
536657,536657,536657,536654,-57884.535762667736,-127671.67459671748,156689.36194712773,33.0,-57884.535762667736,-127671.67459671748,156689.36194712773,33.0,-260534.93055450043,-576791.1981863147,707506.8144231307,149.0
53665c,53665c,53665c,53665c,-20971.6020456818,-46388.62698069173,57036.91964715964,12.0,-20971.6020456818,-46388.62698069173,57036.91964715964,12.0,-20971.6020456818,-46388.62698069173,57036.91964715964,12.0
53667,53667,53667,53667,-87199.84532817978,-192475.18622082015,238377.0968603558,50.0,-87199.84532817978,-192475.18622082015,238377.0968603558,50.0,-87199.84532817978,-192475.18622082015,238377.0968603558,50.0
5366ac,5366ac,5366ac,5366b,0.0,0.0,0.0,0.0,-138756.0472783856,-290141.6715415093,361954.2181715154,76.0,-330444.3194197163,-692657.8528666899,860690.5513867864,181.0
5366b24,5366b24,5366b3,5366b,-41988.79798072244,-88046.75075866973,109346.64507582912,23.0,-109537.63098678047,-229802.83181245968,285158.3036829693,60.0,-330444.3194197163,-692657.8528666899,860690.5513867864,181.0
5366b3c,5366b3c,5366b3,5366b,-67548.83300605803,-141756.08105378994,175811.6586071402,37.0,-109537.63098678047,-229802.83181245968,285158.3036829693,60.0,-330444.3194197163,-692657.8528666899,860690.5513867864,181.0
5366b5,5366b5,5366b5,5366b,-80342.66249554849,-168891.07557158382,208812.40384230312,44.0,-80342.66249554849,-168891.07557158382,208812.40384230312,44.0,-330444.3194197163,-692657.8528666899,860690.5513867864,181.0
5366c4,5366c4,5366c4,5366c4,-74149.51049113237,-157970.0227531607,194367.421439785,41.0,-74149.51049113237,-157970.0227531607,194367.421439785,41.0,-74149.51049113237,-157970.0227531607,194367.421439785,41.0
5366cb,5366cb,5366cb,5366cc,-89433.59850507432,-188319.13284624938,232365.05914369217,49.0,-89433.59850507432,-188319.13284624938,232365.05914369217,49.0,-233192.46106072172,-492509.79901973344,606693.6921921105,128.0
5366cd,5366cd,5366cd,5366cc,-82046.39060726826,-173268.49215426928,213168.14854178132,45.0,-82046.39060726826,-173268.49215426928,213168.14854178132,45.0,-233192.46106072172,-492509.79901973344,606693.6921921105,128.0
5366cf,5366cf,5366cf,5366cc,-61712.471948379156,-130922.1740192148,161160.48450663695,34.0,-61712.471948379156,-130922.1740192148,161160.48450663695,34.0,-233192.46106072172,-492509.79901973344,606693.6921921105,128.0
5366db,5366db,5366dc,5366dc,-73905.83890163276,-158304.4531055973,194188.0491262481,41.0,-134903.1226671129,-289674.9607149327,355255.9527506215,75.0,-134903.1226671129,-289674.9607149327,355255.9527506215,75.0
5366dd,5366dd,5366dc,5366dc,-60997.283765480155,-131370.5076093354,161067.90362437328,34.0,-134903.1226671129,-289674.9607149327,355255.9527506215,75.0,-134903.1226671129,-289674.9607149327,355255.9527506215,75.0
5366e1,5366e1,5366e4,5366f,-24974.260518411902,-54164.73324317736,66317.86675039023,14.0,-142535.34897279096,-309449.16566143284,379076.70395017625,80.0,-243091.7185932973,-530041.7632820772,649452.9902564714,137.0
5366e3,5366e3,5366e4,5366f,-10689.475316973505,-23217.59104046491,28423.75205176223,6.0,-142535.34897279096,-309449.16566143284,379076.70395017625,80.0,-243091.7185932973,-530041.7632820772,649452.9902564714,137.0
5366e5,5366e5,5366e4,5366f,-78240.97978947344,-170217.8891094306,208532.91286541222,44.0,-142535.34897279096,-309449.16566143284,379076.70395017625,80.0,-243091.7185932973,-530041.7632820772,649452.9902564714,137.0
5366e7,5366e7,5366e4,5366f,-28630.633347932104,-61848.952268359964,75802.1722826116,16.0,-142535.34897279096,-309449.16566143284,379076.70395017625,80.0,-243091.7185932973,-530041.7632820772,649452.9902564714,137.0
5366f9,5366f9,5366fc,5366f,-70449.23926801686,-154839.97312503276,189750.05894905786,40.0,-100556.36962050633,-220592.59762064426,270376.2863062952,57.0,-243091.7185932973,-530041.7632820772,649452.9902564714,137.0
5366fb,5366fb,5366fc,5366f,-28345.821829394314,-61877.45726927447,75885.90834011696,16.0,-100556.36962050633,-220592.59762064426,270376.2863062952,57.0,-243091.7185932973,-530041.7632820772,649452.9902564714,137.0
5366ff,5366ff,5366fc,5366f,-1761.3085230951554,-3875.1672263370224,4740.319017120391,1.0,-100556.36962050633,-220592.59762064426,270376.2863062952,57.0,-243091.7185932973,-530041.7632820772,649452.9902564714,137.0
536704,536704,53671,53674,-31609.898363336357,-69935.91653120816,85210.69103545137,18.0,-133338.27908570395,-296465.57351781003,358851.8882185276,76.0,-282714.08209296677,-629272.2011354598,759084.7071426911,161.0
536709,536709,53671,53674,-3510.8816739223917,-7796.953041839333,9446.703400910896,2.0,-133338.27908570395,-296465.57351781003,358851.8882185276,76.0,-282714.08209296677,-629272.2011354598,759084.7071426911,161.0
53670b,53670b,53671,53674,-80625.452442742,-179717.18739447117,217000.40143059354,46.0,-133338.27908570395,-296465.57351781003,358851.8882185276,76.0,-282714.08209296677,-629272.2011354598,759084.7071426911,161.0
53670d,53670d,53671,53674,-7032.175834132678,-15623.420335829884,18865.133893971055,4.0,-133338.27908570395,-296465.57351781003,358851.8882185276,76.0,-282714.08209296677,-629272.2011354598,759084.7071426911,161.0
53670f,53670f,53671,53674,-10559.870771570528,-23392.096214461566,28328.958457600755,6.0,-133338.27908570395,-296465.57351781003,358851.8882185276,76.0,-282714.08209296677,-629272.2011354598,759084.7071426911,161.0
53675,53675,53675,53674,-8969.326895583641,-19524.354987016337,23517.956374084537,5.0,-8969.326895583641,-19524.354987016337,23517.956374084537,5.0,-282714.08209296677,-629272.2011354598,759084.7071426911,161.0
536764,536764,53677,53674,-7046.895672572531,-15721.177127342044,18778.202122686962,4.0,-140406.47611167922,-313282.27263063344,376714.8625500791,80.0,-282714.08209296677,-629272.2011354598,759084.7071426911,161.0
536774,536774,53677,53674,0.0,0.0,0.0,0.0,-140406.47611167922,-313282.27263063344,376714.8625500791,80.0,-282714.08209296677,-629272.2011354598,759084.7071426911,161.0
53677c,53677c,53677,53674,-24589.736092308718,-54949.33751251181,65814.15418127745,14.0,-140406.47611167922,-313282.27263063344,376714.8625500791,80.0,-282714.08209296677,-629272.2011354598,759084.7071426911,161.0
536781,536781,536784,53679,-1740.0278760940616,-3933.071279940556,4700.3198217780655,1.0,-169607.4556026493,-385529.5907041281,460894.7791202928,98.0,-278655.964726278,-632543.8528132369,757867.8294083555,161.0
536785,536785,536784,53679,-70963.7358709776,-161141.4324900083,192948.04317414237,41.0,-169607.4556026493,-385529.5907041281,460894.7791202928,98.0,-278655.964726278,-632543.8528132369,757867.8294083555,161.0
536786c,536786c,536784,53679,-34618.37929908035,-78690.09178129281,94049.65544590513,20.0,-169607.4556026493,-385529.5907041281,460894.7791202928,98.0,-278655.964726278,-632543.8528132369,757867.8294083555,161.0
5367874,5367874,536784,53679,-62285.31255649723,-141764.9951528864,169196.76067846728,36.0,-169607.4556026493,-385529.5907041281,460894.7791202928,98.0,-278655.964726278,-632543.8528132369,757867.8294083555,161.0
536794,536794,536794,53679,-20748.264251545337,-46979.92570181078,56633.20954416349,12.0,-20748.264251545337,-46979.92570181078,56633.20954416349,12.0,-278655.964726278,-632543.8528132369,757867.8294083555,161.0
536799,536799,53679c,53679,-13843.676179110054,-31348.46473087909,37727.583378281226,8.0,-88300.24487208338,-200034.33640729787,240339.84074389908,51.0,-278655.964726278,-632543.8528132369,757867.8294083555,161.0
53679b,53679b,53679c,53679,-72710.81034198457,-164771.9147108486,197898.12735242405,42.0,-88300.24487208338,-200034.33640729787,240339.84074389908,51.0,-278655.964726278,-632543.8528132369,757867.8294083555,161.0
53679f,53679f,53679c,53679,-1745.758350988768,-3913.956965570187,4714.130013193849,1.0,-88300.24487208338,-200034.33640729787,240339.84074389908,51.0,-278655.964726278,-632543.8528132369,757867.8294083555,161.0
5367a4,5367a4,5367a4,5367a4,-13949.856319213839,-31243.076269560042,37775.844828331195,8.0,-13949.856319213839,-31243.076269560042,37775.844828331195,8.0,-13949.856319213839,-31243.076269560042,37775.844828331195,8.0
5367ac,5367ac,5367ac,5367ac,-85600.37617343954,-190599.7463306184,231948.85906344777,49.0,-85600.37617343954,-190599.7463306184,231948.85906344777,49.0,-85600.37617343954,-190599.7463306184,231948.85906344777,49.0
5367b1,5367b1,5367b1,5367b4,-15568.461814886017,-35059.10744678376,42617.49956429712,9.0,-15568.461814886017,-35059.10744678376,42617.49956429712,9.0,-233798.23161774932,-524948.8351498796,639933.5985862445,135.0
5367b24,5367b24,5367b3,5367b4,-20848.352333787905,-46654.26334427321,56865.19451288269,12.0,-157701.9931597607,-353800.7731395284,431368.4212076629,91.0,-233798.23161774932,-524948.8351498796,639933.5985862445,135.0
5367b2c,5367b2c,5367b3,5367b4,-41668.703740125085,-93251.34605105476,113787.53089679123,24.0,-157701.9931597607,-353800.7731395284,431368.4212076629,91.0,-233798.23161774932,-524948.8351498796,639933.5985862445,135.0
5367b34,5367b34,5367b3,5367b4,-32901.33889159963,-73850.51387624943,90091.64057330448,19.0,-157701.9931597607,-353800.7731395284,431368.4212076629,91.0,-233798.23161774932,-524948.8351498796,639933.5985862445,135.0
5367b3c,5367b3c,5367b3,5367b4,-62283.598194248036,-140044.649867951,170624.05522468445,36.0,-157701.9931597607,-353800.7731395284,431368.4212076629,91.0,-233798.23161774932,-524948.8351498796,639933.5985862445,135.0
5367b5,5367b5,5367b5,5367b4,-60527.77664310261,-136088.95456356747,165947.67781428446,35.0,-60527.77664310261,-136088.95456356747,165947.67781428446,35.0,-233798.23161774932,-524948.8351498796,639933.5985862445,135.0
5367bc,5367bc,5367bc,5367bc,0.0,0.0,0.0,0.0,-88088.41944723725,-199290.62067337392,241034.44806310866,51.0,-88088.41944723725,-199290.62067337392,241034.44806310866,51.0
53684,53684,53684,53684,-34113.97907074141,-82701.06146501876,99482.29808858369,21.0,-34113.97907074141,-82701.06146501876,99482.29808858369,21.0,-34113.97907074141,-82701.06146501876,99482.29808858369,21.0
536884,536884,536884,53689,-38604.24555443107,-89450.22185742283,109454.76172248989,23.0,-38604.24555443107,-89450.22185742283,109454.76172248989,23.0,-309169.55771124805,-717996.346010796,882086.2253795983,185.0
53688d,53688d,53688c,53689,0.0,0.0,0.0,0.0,-133339.28533202183,-310796.82476670074,381313.90544660477,80.0,-309169.55771124805,-717996.346010796,882086.2253795983,185.0
53688f,53688f,53688c,53689,-43425.633918884865,-101052.00673278981,123860.31486433992,26.0,-133339.28533202183,-310796.82476670074,381313.90544660477,80.0,-309169.55771124805,-717996.346010796,882086.2253795983,185.0
536891,536891,536894,53689,-43554.0045093315,-100785.74561027353,124032.06730979838,26.0,-105251.58523825611,-244135.52691394972,300700.03036963515,63.0,-309169.55771124805,-717996.346010796,882086.2253795983,185.0
536893,536893,536894,53689,-19999.82791515125,-46545.559825455726,57257.65802859235,12.0,-105251.58523825611,-244135.52691394972,300700.03036963515,63.0,-309169.55771124805,-717996.346010796,882086.2253795983,185.0
536895,536895,536894,53689,-38339.92324676138,-89065.6161640484,109860.54164014982,23.0,-105251.58523825611,-244135.52691394972,300700.03036963515,63.0,-309169.55771124805,-717996.346010796,882086.2253795983,185.0
536897,536897,536894,53689,-3357.8295670119933,-7738.605314172037,9549.7633910946,2.0,-105251.58523825611,-244135.52691394972,300700.03036963515,63.0,-309169.55771124805,-717996.346010796,882086.2253795983,185.0
53689c,53689c,53689c,53689,-31974.441586539073,-73613.77247272282,90617.5278408686,19.0,-31974.441586539073,-73613.77247272282,90617.5278408686,19.0,-309169.55771124805,-717996.346010796,882086.2253795983,185.0
5368a3,5368a3,5368a3,5368a4,-5051.621176795903,-11594.625739759533,14330.159559076672,3.0,-5051.621176795903,-11594.625739759533,14330.159559076672,3.0,-212901.06210637678,-485561.15749927645,602748.5647546411,126.0
5368a4c,5368a4c,5368a5,5368a4,-25269.917714072777,-57832.20640698071,71760.4438827049,15.0,-136605.7224557378,-312133.78018842166,387583.1536824799,81.0,-212901.06210637678,-485561.15749927645,602748.5647546411,126.0
5368a54,5368a54,5368a5,5368a4,-53924.23071996841,-123340.30348131449,153111.89350846453,32.0,-136605.7224557378,-312133.78018842166,387583.1536824799,81.0,-212901.06210637678,-485561.15749927645,602748.5647546411,126.0
5368a5c,5368a5c,5368a5,5368a4,-57411.574021696615,-130961.27030012647,162710.8162913105,34.0,-136605.7224557378,-312133.78018842166,387583.1536824799,81.0,-212901.06210637678,-485561.15749927645,602748.5647546411,126.0
5368a7,5368a7,5368a7,5368a4,-71243.71847384305,-161832.75157109526,200835.25151308466,42.0,-71243.71847384305,-161832.75157109526,200835.25151308466,42.0,-212901.06210637678,-485561.15749927645,602748.5647546411,126.0
5368a84,5368a84,5368a9,5368a9,-66236.8190403057,-150080.99971726476,186615.61811141443,39.0,0.0,0.0,0.0,0.0,-183107.24224630918,-415544.037412935,516946.4152107286,108.0
5368a8c,5368a8c,5368a9,5368a9,-64350.977790514444,-146280.5425008191,181858.60924187375,38.0,0.0,0.0,0.0,0.0,-183107.24224630918,-415544.037412935,516946.4152107286,108.0
5368a94,5368a94,5368a9,5368a9,-52519.44541548901,-119182.49519485119,148472.1878574405,31.0,0.0,0.0,0.0,0.0,-183107.24224630918,-415544.037412935,516946.4152107286,108.0
5368ab,5368ab,5368ab,5368ab,-13591.162408034637,-30732.717330986256,38321.3292933433,8.0,-13591.162408034637,-30732.717330986256,38321.3292933433,8.0,-13591.162408034637,-30732.717330986256,38321.3292933433,8.0
5368ad,5368ad,5368ad,5368ad,-43896.159907655165,-99874.11534473194,124647.33404108185,26.0,-43896.159907655165,-99874.11534473194,124647.33404108185,26.0,-43896.159907655165,-99874.11534473194,124647.33404108185,26.0
5368ae4,5368ae4,5368ae4,5368af,-11812.68489630952,-26914.0690311373,33540.8881505153,7.0,-11812.68489630952,-26914.0690311373,33540.8881505153,7.0,-300981.3912210881,-685017.572462633,852177.5625946335,178.0
5368aec,5368aec,5368aec,5368af,-65975.14969492155,-149991.19810928448,186780.43674014063,39.0,-65975.14969492155,-149991.19810928448,186780.43674014063,39.0,-300981.3912210881,-685017.572462633,852177.5625946335,178.0
5368af1,5368af1,5368af1,5368af,-23666.632307831995,-53871.33612656692,67032.53822839711,14.0,-23666.632307831995,-53871.33612656692,67032.53822839711,14.0,-300981.3912210881,-685017.572462633,852177.5625946335,178.0
5368af3,5368af3,5368af3,5368af,-47352.859668038334,-107739.59805937306,134060.62685829416,28.0,-47352.859668038334,-107739.59805937306,134060.62685829416,28.0,-300981.3912210881,-685017.572462633,852177.5625946335,178.0
5368af44,5368af44,5368af5,5368af,-10146.992610550591,-23095.819164633493,28720.25044445738,6.0,-126858.53109173365,-288748.1008131284,358955.1599521442,75.0,-300981.3912210881,-685017.572462633,852177.5625946335,178.0
5368af4c,5368af4c,5368af5,5368af,-10150.456315837611,-23097.2637938896,28717.86470730242,6.0,-126858.53109173365,-288748.1008131284,358955.1599521442,75.0,-300981.3912210881,-685017.572462633,852177.5625946335,178.0
5368af54,5368af54,5368af5,5368af,0.0,0.0,0.0,0.0,-126858.53109173365,-288748.1008131284,358955.1599521442,75.0,-300981.3912210881,-685017.572462633,852177.5625946335,178.0
5368af5c,5368af5c,5368af5,5368af,-11832.702706801254,-26951.70848576279,33503.58873368507,7.0,-126858.53109173365,-288748.1008131284,358955.1599521442,75.0,-300981.3912210881,-685017.572462633,852177.5625946335,178.0
5368af7,5368af7,5368af7,5368af,-13516.513328047795,-30805.866385536043,38288.988462081004,8.0,-13516.513328047795,-30805.866385536043,38288.988462081004,8.0,-300981.3912210881,-685017.572462633,852177.5625946335,178.0
5368afc,5368afc,5368afc,5368af,-11799.020234205293,-26947.403937606898,33518.92420306111,7.0,-11799.020234205293,-26947.403937606898,33518.92420306111,7.0,-300981.3912210881,-685017.572462633,852177.5625946335,178.0
5368b24,5368b24,5368b4,5368b4,0.0,0.0,0.0,0.0,-139527.24944109106,-319173.1561530696,397848.00409843,83.0,-139527.24944109106,-319173.1561530696,397848.00409843,83.0
5368b2c,5368b2c,5368b4,5368b4,-11800.16055065636,-26871.057897674757,33579.76030032192,7.0,-139527.24944109106,-319173.1561530696,397848.00409843,83.0,-139527.24944109106,-319173.1561530696,397848.00409843,83.0
5368b3c,5368b3c,5368b4,5368b4,-5040.98987059348,-11533.702646595799,14382.971811142666,3.0,-139527.24944109106,-319173.1561530696,397848.00409843,83.0,-139527.24944109106,-319173.1561530696,397848.00409843,83.0
5368b5,5368b5,5368b4,5368b4,-8367.478944999055,-19227.48016030206,23979.844181264154,5.0,-139527.24944109106,-319173.1561530696,397848.00409843,83.0,-139527.24944109106,-319173.1561530696,397848.00409843,83.0
5368b7,5368b7,5368b4,5368b4,-28401.981384867013,-65514.26615565936,81434.92199512808,17.0,-139527.24944109106,-319173.1561530696,397848.00409843,83.0,-139527.24944109106,-319173.1561530696,397848.00409843,83.0
5368b9,5368b9,5368b9,5368bc,-68518.50821920343,-158075.50257462315,196338.25736994276,41.0,-68518.50821920343,-158075.50257462315,196338.25736994276,41.0,-207842.03389569436,-478128.25213335553,593550.9295439612,124.0
5368ba4,5368ba4,5368bb,5368bc,-63757.69252267088,-146511.15359135618,181881.94100295316,38.0,-130973.73580895117,-300737.8005721637,373297.055616236,78.0,-207842.03389569436,-478128.25213335553,593550.9295439612,124.0
5368bac,5368bac,5368bb,5368bc,-57132.545546449495,-131090.1086466225,162705.27984915147,34.0,-130973.73580895117,-300737.8005721637,373297.055616236,78.0,-207842.03389569436,-478128.25213335553,593550.9295439612,124.0
5368bb4,5368bb4,5368bb,5368bc,-8405.640357979208,-19279.858074363114,23924.38127367263,5.0,-130973.73580895117,-300737.8005721637,373297.055616236,78.0,-207842.03389569436,-478128.25213335553,593550.9295439612,124.0
5368bbc,5368bbc,5368bb,5368bc,-1677.8573818516104,-3856.6802598218997,4785.4534904587235,1.0,-130973.73580895117,-300737.8005721637,373297.055616236,78.0,-207842.03389569436,-478128.25213335553,593550.9295439612,124.0
5368bd,5368bd,5368bd,5368bc,-1679.3814539945956,-3866.3486053649976,4777.109955134858,1.0,-1679.3814539945956,-3866.3486053649976,4777.109955134858,1.0,-207842.03389569436,-478128.25213335553,593550.9295439612,124.0
5368bf,5368bf,5368bf,5368bc,-6670.408413545168,-15448.600381203602,19138.50660264761,4.0,-6670.408413545168,-15448.600381203602,19138.50660264761,4.0,-207842.03389569436,-478128.25213335553,593550.9295439612,124.0
5368d,5368d,5368d,5368d,-11658.075558517396,-26936.75970516031,33576.73060125799,7.0,-11658.075558517396,-26936.75970516031,33576.73060125799,7.0,-11658.075558517396,-26936.75970516031,33576.73060125799,7.0
5368f,5368f,5368f,5368f,-66110.74583555188,-155283.29964757475,190945.12911142135,40.0,-66110.74583555188,-155283.29964757475,190945.12911142135,40.0,-66110.74583555188,-155283.29964757475,190945.12911142135,40.0
5369c,5369c,5369c,5369c,-7880.600438936338,-19603.918344532518,23839.46155941323,5.0,-7880.600438936338,-19603.918344532518,23839.46155941323,5.0,-7880.600438936338,-19603.918344532518,23839.46155941323,5.0
536b,536b,536b,536b,-14687.665925623767,-39526.16802927182,47755.5134407926,10.0,-14687.665925623767,-39526.16802927182,47755.5134407926,10.0,-14687.665925623767,-39526.16802927182,47755.5134407926,10.0
536f,536f,536f,536f,-59108.64505068725,-133953.40317322264,168181.34998728943,35.0,-59108.64505068725,-133953.40317322264,168181.34998728943,35.0,-59108.64505068725,-133953.40317322264,168181.34998728943,35.0
531,531,531,531,-4151.0453119457015,-11952.815902609524,14324.80513020747,3.0,-4151.0453119457015,-11952.815902609524,14324.80513020747,3.0,-4151.0453119457015,-11952.815902609524,14324.80513020747,3.0
86341,86341,86344,8635,-9430.650557800382,-138255.44805723158,90747.55308303656,26.0,0.0,0.0,0.0,0.0,0.0,0.0,0.0,0.0
86343,86343,86344,8635,-1549.393524813818,-21274.103670231518,13944.42667405413,4.0,0.0,0.0,0.0,0.0,0.0,0.0,0.0,0.0
86345,86345,86344,8635,0.0,0.0,0.0,0.0,0.0,0.0,0.0,0.0,0.0,0.0,0.0,0.0
86347,86347,86344,8635,-13147.384575920898,-185661.57181322557,122798.06974871228,35.0,0.0,0.0,0.0,0.0,0.0,0.0,0.0,0.0
86354,86354,86354,8635,-13003.813734664716,-157689.98639932481,107216.96118164145,30.0,-13003.813734664716,-157689.98639932481,107216.96118164145,30.0,0.0,0.0,0.0,0.0
8635c,8635c,8635c,8635,0.0,0.0,0.0,0.0,-24021.902211514924,-286691.077937839,188651.00565523046,54.0,0.0,0.0,0.0,0.0
86364,86364,86364,8637,0.0,0.0,0.0,0.0,-39850.055726396145,-481673.3238556467,308500.85708242067,90.0,0.0,0.0,0.0,0.0
8636c,8636c,8636c,8637,0.0,0.0,0.0,0.0,-21698.649379962622,-294353.0484547799,188860.99472852744,55.0,0.0,0.0,0.0,0.0
86374,86374,86374,8637,-2771.1585300878505,-37712.39419059993,23642.918185347295,7.0,-2771.1585300878505,-37712.39419059993,23642.918185347295,7.0,0.0,0.0,0.0,0.0
8637c,8637c,8637c,8637,0.0,0.0,0.0,0.0,-32312.766871864962,-394386.8646793534,244367.53618732723,73.0,0.0,0.0,0.0,0.0
86384,86384,8639,8639,-15780.62476228116,-189772.24913280172,116015.5157472586,35.0,0.0,0.0,0.0,0.0,-58593.14007472212,-775031.9161354336,462876.51068538777,142.0
8638c,8638c,8639,8639,-11513.923726653584,-136758.81338272485,80824.3152602194,25.0,0.0,0.0,0.0,0.0,-58593.14007472212,-775031.9161354336,462876.51068538777,142.0
86394,86394,8639,8639,0.0,0.0,0.0,0.0,0.0,0.0,0.0,0.0,-58593.14007472212,-775031.9161354336,462876.51068538777,142.0
8639c,8639c,8639,8639,-8415.881408641044,-119579.92155882252,72627.05398567299,22.0,0.0,0.0,0.0,0.0,-58593.14007472212,-775031.9161354336,462876.51068538777,142.0
863b,863b,863b,863b,-2109.9617212438225,-32792.19289187914,19526.486648500668,6.0,-2109.9617212438225,-32792.19289187914,19526.486648500668,6.0,-2109.9617212438225,-32792.19289187914,19526.486648500668,6.0
863ec,863ec,863ec,863ec,0.0,0.0,0.0,0.0,-25467.322627560818,-357937.40118857677,206691.5331572348,65.0,-25467.322627560818,-357937.40118857677,206691.5331572348,65.0
863f1,863f1,863f1,863f4,-19103.997079866054,-237706.4847619881,134836.5896388291,43.0,-19103.997079866054,-237706.4847619881,134836.5896388291,43.0,0.0,0.0,0.0,0.0
863f3,863f3,863f3,863f4,-4403.104452008022,-55072.68892125892,31726.475159115864,10.0,-4403.104452008022,-55072.68892125892,31726.475159115864,10.0,0.0,0.0,0.0,0.0
863f5,863f5,863f5,863f4,0.0,0.0,0.0,0.0,-24666.045653794983,-286463.61831460096,164574.12494614546,52.0,0.0,0.0,0.0,0.0
863f64,863f64,863f7,863f4,0.0,0.0,0.0,0.0,0.0,0.0,0.0,0.0,0.0,0.0,0.0,0.0
863f74,863f74,863f7,863f4,-18161.42105225315,-215779.28708014305,121845.89109501033,39.0,0.0,0.0,0.0,0.0,0.0,0.0,0.0,0.0
863f7c,863f7c,863f7,863f4,-14950.18405046605,-171371.00080520273,97031.8275693096,31.0,0.0,0.0,0.0,0.0,0.0,0.0,0.0,0.0
863f84,863f84,863f84,863fc,-16362.509347902213,-188384.38222385803,105666.07730048876,34.0,-16362.509347902213,-188384.38222385803,105666.07730048876,34.0,0.0,0.0,0.0,0.0
863f9d,863f9d,863f9c,863fc,0.0,0.0,0.0,0.0,0.0,0.0,0.0,0.0,0.0,0.0,0.0,0.0
863f9e4,863f9e4,863f9c,863fc,0.0,0.0,0.0,0.0,0.0,0.0,0.0,0.0,0.0,0.0,0.0,0.0
863f9ec,863f9ec,863f9c,863fc,-7904.63092109824,-94136.96325891672,52973.46055276883,17.0,0.0,0.0,0.0,0.0,0.0,0.0,0.0,0.0
863f9fc,863f9fc,863f9c,863fc,-12887.219493027513,-155002.1098815837,87353.47656538388,28.0,0.0,0.0,0.0,0.0,0.0,0.0,0.0,0.0
8661,8661,8664,8664,-18630.06528164647,-111477.93684578284,58833.34314782349,20.0,0.0,0.0,0.0,0.0,-152740.59914210826,-1042215.5078063217,528538.9575108066,185.0
86644,86644,8664,8664,-4521.98140934436,-28136.419110942323,14235.06272754525,5.0,0.0,0.0,0.0,0.0,-152740.59914210826,-1042215.5078063217,528538.9575108066,185.0
86654,86654,8664,8664,-38899.46125882733,-271783.2336560516,134680.6733108125,48.0,0.0,0.0,0.0,0.0,-152740.59914210826,-1042215.5078063217,528538.9575108066,185.0
8665c,8665c,8664,8664,0.0,0.0,0.0,0.0,0.0,0.0,0.0,0.0,-152740.59914210826,-1042215.5078063217,528538.9575108066,185.0
8667,8667,8664,8664,-25781.470501676555,-184058.6063366885,98274.2291555932,33.0,0.0,0.0,0.0,0.0,-152740.59914210826,-1042215.5078063217,528538.9575108066,185.0
86681,86681,86684,86684,-9788.62438167628,-72177.11181627707,39424.79489906586,13.0,0.0,0.0,0.0,0.0,-143515.70297293915,-1106020.1622016653,589390.5078481273,198.0
86683,86683,86684,86684,-705.2045372017831,-5573.193438777588,3005.321045138754,1.0,0.0,0.0,0.0,0.0,-143515.70297293915,-1106020.1622016653,589390.5078481273,198.0
86685,86685,86684,86684,0.0,0.0,0.0,0.0,0.0,0.0,0.0,0.0,-143515.70297293915,-1106020.1622016653,589390.5078481273,198.0
86687,86687,86684,86684,-22890.119011376173,-173103.6106090445,92291.95357910522,31.0,0.0,0.0,0.0,0.0,-143515.70297293915,-1106020.1622016653,589390.5078481273,198.0
86689,86689,8668c,8668c,-8884.860148893615,-67129.44321320172,35491.10744776401,12.0,0.0,0.0,0.0,0.0,-117954.98442146197,-918369.0587125462,484126.86903536593,164.0
8668b,8668b,8668c,8668c,-760.9498052752315,-5611.360312528438,2919.4766596960108,1.0,0.0,0.0,0.0,0.0,-117954.98442146197,-918369.0587125462,484126.86903536593,164.0
8668d,8668d,8668c,8668c,-2917.5846514977325,-22489.36616531555,11625.495275489446,4.0,0.0,0.0,0.0,0.0,-117954.98442146197,-918369.0587125462,484126.86903536593,164.0
8668ec,8668ec,8668c,8668c,-23000.8067560197,-179498.67431035277,93888.69499665646,32.0,0.0,0.0,0.0,0.0,-117954.98442146197,-918369.0587125462,484126.86903536593,164.0
8668f4,8668f4,8668c,8668c,0.0,0.0,0.0,0.0,0.0,0.0,0.0,0.0,-117954.98442146197,-918369.0587125462,484126.86903536593,164.0
8668fc,8668fc,8668c,8668c,-29016.003627197984,-229576.25684167483,121178.06479577199,41.0,0.0,0.0,0.0,0.0,-117954.98442146197,-918369.0587125462,484126.86903536593,164.0
8669b,8669b,8669c,8669c,0.0,0.0,0.0,0.0,0.0,0.0,0.0,0.0,-101063.68162548219,-826229.4537930246,442940.5069933361,148.0
8669d,8669d,8669c,8669c,-20247.81171665219,-167230.1768396676,90303.52288278521,30.0,0.0,0.0,0.0,0.0,-101063.68162548219,-826229.4537930246,442940.5069933361,148.0
8669f,8669f,8669c,8669c,-15120.196207564706,-128156.46850063904,69420.8705695979,23.0,0.0,0.0,0.0,0.0,-101063.68162548219,-826229.4537930246,442940.5069933361,148.0
866f4,866f4,866f,866f,-6673.208531680365,-50961.882122085284,25418.176908027377,9.0,0.0,0.0,0.0,0.0,-115409.60989449163,-908166.5469460903,448333.7481574828,160.0
866f9,866f9,866f,866f,-14995.53999018424,-113600.29765637909,55731.16551494251,20.0,0.0,0.0,0.0,0.0,-115409.60989449163,-908166.5469460903,448333.7481574828,160.0
866fa4,866fa4,866f,866f,-2196.9228583552595,-17003.660958533204,8447.296324034256,3.0,0.0,0.0,0.0,0.0,-115409.60989449163,-908166.5469460903,448333.7481574828,160.0
866fac,866fac,866f,866f,0.0,0.0,0.0,0.0,0.0,0.0,0.0,0.0,-115409.60989449163,-908166.5469460903,448333.7481574828,160.0
866fb4,866fb4,866f,866f,-1432.5065730633255,-11364.04551181175,5582.595885611537,2.0,0.0,0.0,0.0,0.0,-115409.60989449163,-908166.5469460903,448333.7481574828,160.0
866fbc,866fbc,866f,866f,-2948.3933648662837,-22736.868905563475,11125.505276397538,4.0,0.0,0.0,0.0,0.0,-115409.60989449163,-908166.5469460903,448333.7481574828,160.0
866fd,866fd,866f,866f,-2221.0367294337448,-17056.4872925241,8333.72756445909,3.0,0.0,0.0,0.0,0.0,-115409.60989449163,-908166.5469460903,448333.7481574828,160.0
54c004,54c004,54c01,54c01,-120793.6131313258,-185282.7863975233,220306.81551661238,49.0,0.0,0.0,0.0,0.0,-301281.67284841987,-462023.3368314867,547630.793562308,122.0
54c00c,54c00c,54c01,54c01,-103607.96299142909,-159191.44323691298,188477.4723510339,42.0,0.0,0.0,0.0,0.0,-301281.67284841987,-462023.3368314867,547630.793562308,122.0
54c014,54c014,54c01,54c01,-69421.71930519251,-106209.67317150504,125389.25410300352,28.0,0.0,0.0,0.0,0.0,-301281.67284841987,-462023.3368314867,547630.793562308,122.0
54c01c,54c01c,54c01,54c01,-7458.3774204724405,-11339.434025545412,13457.251591658185,3.0,0.0,0.0,0.0,0.0,-301281.67284841987,-462023.3368314867,547630.793562308,122.0
54c03,54c03,54c03,54c03,0.0,0.0,0.0,0.0,-147492.04532536256,-223472.0401986433,263815.7266229467,59.0,-147492.04532536256,-223472.0401986433,263815.7266229467,59.0
54c044,54c044,54c05,54c05,0.0,0.0,0.0,0.0,0.0,0.0,0.0,0.0,0.0,0.0,0.0,0.0
54c04c,54c04c,54c05,54c05,-62519.53044346909,-95021.13046956237,111493.83644335975,25.0,0.0,0.0,0.0,0.0,0.0,0.0,0.0,0.0
54c054,54c054,54c05,54c05,-50065.99958127676,-76156.74346688735,89047.39090241445,20.0,0.0,0.0,0.0,0.0,0.0,0.0,0.0,0.0
54c05c,54c05c,54c05,54c05,-57122.86669524998,-87720.34351616487,102538.18466505283,23.0,0.0,0.0,0.0,0.0,0.0,0.0,0.0,0.0
54c064,54c064,54c07,54c07,-22240.20501580367,-34342.34346904461,40171.458513436526,9.0,-244570.7915457033,-376691.92490089557,442839.36098168464,99.0,-244570.7915457033,-376691.92490089557,442839.36098168464,99.0
54c06c,54c06c,54c07,54c07,0.0,0.0,0.0,0.0,-244570.7915457033,-376691.92490089557,442839.36098168464,99.0,-244570.7915457033,-376691.92490089557,442839.36098168464,99.0
54c074,54c074,54c07,54c07,-27022.717147377156,-41866.393853155656,49278.12832440635,11.0,-244570.7915457033,-376691.92490089557,442839.36098168464,99.0,-244570.7915457033,-376691.92490089557,442839.36098168464,99.0
54c07c,54c07c,54c07,54c07,-24537.146248540765,-38265.84723406386,44638.84437587009,10.0,-244570.7915457033,-376691.92490089557,442839.36098168464,99.0,-244570.7915457033,-376691.92490089557,442839.36098168464,99.0
54c09,54c09,54c09,54c0c,-78541.00932529509,-122696.89128901158,142620.08106415725,32.0,-78541.00932529509,-122696.89128901158,142620.08106415725,32.0,0.0,0.0,0.0,0.0
54c0b,54c0b,54c0b,54c0c,-31670.569706437724,-50319.51535482033,57659.07585498765,13.0,-31670.569706437724,-50319.51535482033,57659.07585498765,13.0,0.0,0.0,0.0,0.0
54c0d,54c0d,54c0d,54c0c,0.0,0.0,0.0,0.0,-131977.26993860837,-204013.92820922082,234470.983935256,53.0,0.0,0.0,0.0,0.0
54c0e1,54c0e1,54c0e1,54c0c,0.0,0.0,0.0,0.0,0.0,0.0,0.0,0.0,0.0,0.0,0.0,0.0
54c0e24,54c0e24,54c0e3,54c0c,0.0,0.0,0.0,0.0,0.0,0.0,0.0,0.0,0.0,0.0,0.0,0.0
54c0e2c,54c0e2c,54c0e3,54c0c,-7498.976626073265,-11495.310879376735,13301.539577986012,3.0,0.0,0.0,0.0,0.0,0.0,0.0,0.0,0.0
54c0e34,54c0e34,54c0e3,54c0c,-14966.079209624124,-22993.75036737611,26618.320737612165,6.0,0.0,0.0,0.0,0.0,0.0,0.0,0.0,0.0
54c0e3c,54c0e3c,54c0e3,54c0c,-42413.87863906601,-65179.63617984024,75386.44764126447,17.0,0.0,0.0,0.0,0.0,0.0,0.0,0.0,0.0
54c0ec,54c0ec,54c0ec,54c0c,-9906.756031074725,-15354.372314587832,17763.316862899304,4.0,-9906.756031074725,-15354.372314587832,17763.316862899304,4.0,0.0,0.0,0.0,0.0
54c0f4,54c0f4,54c0f4,54c0c,-17377.617010650178,-26791.79950447506,31130.55366789914,7.0,-17377.617010650178,-26791.79950447506,31130.55366789914,7.0,0.0,0.0,0.0,0.0
54c0fc,54c0fc,54c0fc,54c0c,-67351.4626172797,-103273.83751759928,119950.80310629883,27.0,-67351.4626172797,-103273.83751759928,119950.80310629883,27.0,0.0,0.0,0.0,0.0
54c104,54c104,54c104,54c104,-55211.36897920191,-84092.31969758212,97599.20749671751,22.0,-55211.36897920191,-84092.31969758212,97599.20749671751,22.0,-55211.36897920191,-84092.31969758212,97599.20749671751,22.0
54c10c,54c10c,54c10c,54c10c,-57944.55092930919,-87932.483022727,101893.50475002828,23.0,-57944.55092930919,-87932.483022727,101893.50475002828,23.0,-57944.55092930919,-87932.483022727,101893.50475002828,23.0
54c119,54c119,54c119,54c119,-2507.0014691754595,-3833.9043950073856,4427.852058636623,1.0,-2507.0014691754595,-3833.9043950073856,4427.852058636623,1.0,-2507.0014691754595,-3833.9043950073856,4427.852058636623,1.0
54c11b,54c11b,54c11b,54c11b,-7529.790104133945,-11486.911319571454,13291.382957349484,3.0,-7529.790104133945,-11486.911319571454,13291.382957349484,3.0,-7529.790104133945,-11486.911319571454,13291.382957349484,3.0
54c11c4,54c11c4,54c11d,54c11d,-92689.0964657448,-141783.27485521673,163931.70566929047,37.0,0.0,0.0,0.0,0.0,-447957.9023439548,-686006.0415744178,793262.5345923045,179.0
54c11cc,54c11cc,54c11d,54c11d,-30066.76269705134,-45947.34114620364,53195.44896993642,12.0,0.0,0.0,0.0,0.0,-447957.9023439548,-686006.0415744178,793262.5345923045,179.0
54c11d4,54c11d4,54c11d,54c11d,-70069.42193114028,-107254.97656287417,124133.03767795282,28.0,0.0,0.0,0.0,0.0,-447957.9023439548,-686006.0415744178,793262.5345923045,179.0
54c11dc,54c11dc,54c11d,54c11d,0.0,0.0,0.0,0.0,0.0,0.0,0.0,0.0,-447957.9023439548,-686006.0415744178,793262.5345923045,179.0
54c11e1,54c11e1,54c11e4,54c11f,0.0,0.0,0.0,0.0,0.0,0.0,0.0,0.0,0.0,0.0,0.0,0.0
54c11e3,54c11e3,54c11e4,54c11f,0.0,0.0,0.0,0.0,0.0,0.0,0.0,0.0,0.0,0.0,0.0,0.0
54c11e5,54c11e5,54c11e4,54c11f,-102536.01103884421,-157315.70673271432,181575.07763733706,41.0,0.0,0.0,0.0,0.0,0.0,0.0,0.0,0.0
54c11e7,54c11e7,54c11e4,54c11f,0.0,0.0,0.0,0.0,0.0,0.0,0.0,0.0,0.0,0.0,0.0,0.0
54c11ec,54c11ec,54c11ec,54c11f,-117619.47801218349,-180290.4704830713,208143.6203599766,47.0,-117619.47801218349,-180290.4704830713,208143.6203599766,47.0,0.0,0.0,0.0,0.0
54c11f4,54c11f4,54c11f4,54c11f,-42542.746188644574,-65281.05690807407,75225.9032824244,17.0,-42542.746188644574,-65281.05690807407,75225.9032824244,17.0,0.0,0.0,0.0,0.0
54c11fc,54c11fc,54c11fc,54c11f,-62473.805290277756,-95990.0798152577,110686.59024370692,25.0,-62473.805290277756,-95990.0798152577,110686.59024370692,25.0,0.0,0.0,0.0,0.0
54c124,54c124,54c124,54c13,-52501.5859190014,-80766.49602834566,92846.23344487214,21.0,-52501.5859190014,-80766.49602834566,92846.23344487214,21.0,-333577.87194627896,-512452.5478167195,586607.3524443766,133.0
54c12c,54c12c,54c12c,54c13,-52482.46623124991,-81048.54924173334,92610.72692387483,21.0,-52482.46623124991,-81048.54924173334,92610.72692387483,21.0,-333577.87194627896,-512452.5478167195,586607.3524443766,133.0
54c131,54c131,54c134,54c13,-117896.8901634818,-181158.96645885325,207230.55514344087,47.0,-203459.46313667303,-312178.0828747634,357012.9881593811,81.0,-333577.87194627896,-512452.5478167195,586607.3524443766,133.0
54c137,54c137,54c134,54c13,-83057.4914163531,-127159.83368283088,145375.59102768794,33.0,-203459.46313667303,-312178.0828747634,357012.9881593811,81.0,-333577.87194627896,-512452.5478167195,586607.3524443766,133.0
54c13c,54c13c,54c13c,54c13,-25134.356659354708,-38459.41967187716,44137.40391624842,10.0,-25134.356659354708,-38459.41967187716,44137.40391624842,10.0,-333577.87194627896,-512452.5478167195,586607.3524443766,133.0
54c15,54c15,54c15,54c15,-68128.15060543409,-104055.20517622995,118831.77055588533,27.0,-68128.15060543409,-104055.20517622995,118831.77055588533,27.0,-68128.15060543409,-104055.20517622995,118831.77055588533,27.0
54c17,54c17,54c17,54c17,-76524.58512436895,-114202.49381276759,132787.39952154778,30.0,-76524.58512436895,-114202.49381276759,132787.39952154778,30.0,-76524.58512436895,-114202.49381276759,132787.39952154778,30.0
54c181,54c181,54c184,54c19,-97650.46384702311,-144091.1152885777,168266.8486388045,38.0,-207972.62870819404,-306927.30690533575,358959.890540878,81.0,-438484.13949271233,-647342.0911067983,758657.9507612421,171.0
54c185,54c185,54c184,54c19,-97485.00175704411,-143889.9105507664,168534.75949471703,38.0,-207972.62870819404,-306927.30690533575,358959.890540878,81.0,-438484.13949271233,-647342.0911067983,758657.9507612421,171.0
54c187,54c187,54c184,54c19,-12837.163104126803,-18946.28106599172,22158.282407356433,5.0,-207972.62870819404,-306927.30690533575,358959.890540878,81.0,-438484.13949271233,-647342.0911067983,758657.9507612421,171.0
54c18c,54c18c,54c18c,54c19,-123107.82382886467,-181665.72113814,212980.78680589172,48.0,-123107.82382886467,-181665.72113814,212980.78680589172,48.0,-438484.13949271233,-647342.0911067983,758657.9507612421,171.0
54c194,54c194,54c194,54c19,-94645.40455896316,-139747.12704236494,164561.08968188686,37.0,-94645.40455896316,-139747.12704236494,164561.08968188686,37.0,-438484.13949271233,-647342.0911067983,758657.9507612421,171.0
54c19c,54c19c,54c19c,54c19,-12758.282396690453,-19001.93602095755,22156.183732585516,5.0,-12758.282396690453,-19001.93602095755,22156.183732585516,5.0,-438484.13949271233,-647342.0911067983,758657.9507612421,171.0
54c1b,54c1b,54c1b,54c1b,-65577.23235551894,-98783.78806922375,115671.82428097876,26.0,-65577.23235551894,-98783.78806922375,115671.82428097876,26.0,-65577.23235551894,-98783.78806922375,115671.82428097876,26.0
54c1c4,54c1c4,54c1c4,54c1d,-104484.07613824189,-154514.9173779903,182864.89857759958,41.0,-104484.07613824189,-154514.9173779903,182864.89857759958,41.0,0.0,0.0,0.0,0.0
54c1cc,54c1cc,54c1cc,54c1d,-2531.344585151222,-3779.201830253481,4460.905877410076,1.0,-2531.344585151222,-3779.201830253481,4460.905877410076,1.0,0.0,0.0,0.0,0.0
54c1d1,54c1d1,54c1d1,54c1d,-5070.3341465540725,-7525.647732587734,8945.128740578002,2.0,-5070.3341465540725,-7525.647732587734,8945.128740578002,2.0,0.0,0.0,0.0,0.0
54c1d3,54c1d3,54c1d3,54c1d,-12652.347054434977,-18822.365807763144,22369.18548811097,5.0,-12652.347054434977,-18822.365807763144,22369.18548811097,5.0,0.0,0.0,0.0,0.0
54c1d5,54c1d5,54c1d5,54c1d,-7595.152182677938,-11287.35753330944,13424.492532090437,3.0,-7595.152182677938,-11287.35753330944,13424.492532090437,3.0,0.0,0.0,0.0,0.0
54c1d64,54c1d64,54c1d64,54c1d,-91369.98281036789,-135220.42410778353,161156.07694476855,36.0,-91369.98281036789,-135220.42410778353,161156.07694476855,36.0,0.0,0.0,0.0,0.0
54c1d74,54c1d74,54c1d74,54c1d,-35564.49756170306,-52609.58593534677,62633.772233084725,14.0,-35564.49756170306,-52609.58593534677,62633.772233084725,14.0,0.0,0.0,0.0,0.0
54c1d79,54c1d79,54c1d7c,54c1d,-20324.96297976152,-30055.225469403063,35795.57919910495,8.0,0.0,0.0,0.0,0.0,0.0,0.0,0.0,0.0
54c1d7b,54c1d7b,54c1d7c,54c1d,0.0,0.0,0.0,0.0,0.0,0.0,0.0,0.0,0.0,0.0,0.0,0.0
54c1d7d,54c1d7d,54c1d7c,54c1d,0.0,0.0,0.0,0.0,0.0,0.0,0.0,0.0,0.0,0.0,0.0,0.0
54c1dc,54c1dc,54c1dc,54c1d,-122167.06780663515,-180593.30166172143,214429.55587502924,48.0,-122167.06780663515,-180593.30166172143,214429.55587502924,48.0,0.0,0.0,0.0,0.0
54c1f,54c1f,54c1f,54c1f,-86875.22809932934,-128315.99185181013,151358.67556631492,34.0,-86875.22809932934,-128315.99185181013,151358.67556631492,34.0,-86875.22809932934,-128315.99185181013,151358.67556631492,34.0
54c24,54c24,54c24,54c24,-15439.087109427002,-22770.14838316522,26540.270922422267,6.0,-15439.087109427002,-22770.14838316522,26540.270922422267,6.0,-15439.087109427002,-22770.14838316522,26540.270922422267,6.0
54c379,54c379,54c34,54c34,-78532.0335852338,-114750.58401798506,131132.75219817026,30.0,-151823.37577578487,-221991.63788900632,253403.34620733466,58.0,-151823.37577578487,-221991.63788900632,253403.34620733466,58.0
54c37f,54c37f,54c34,54c34,-73291.3421905511,-107241.05387102129,122270.59400916443,28.0,-151823.37577578487,-221991.63788900632,253403.34620733466,58.0,-151823.37577578487,-221991.63788900632,253403.34620733466,58.0
54c384,54c384,54c39,54c3c,0.0,0.0,0.0,0.0,-244893.85402563628,-359585.63176297006,411552.2012713381,94.0,0.0,0.0,0.0,0.0
54c38c,54c38c,54c39,54c3c,-2592.524744731638,-3828.0904852472627,4383.410979407585,1.0,-244893.85402563628,-359585.63176297006,411552.2012713381,94.0,0.0,0.0,0.0,0.0
54c394,54c394,54c39,54c3c,-64912.750999279175,-95488.39056219021,109712.70632029246,25.0,-244893.85402563628,-359585.63176297006,411552.2012713381,94.0,0.0,0.0,0.0,0.0
54c3b,54c3b,54c3b,54c3c,-2593.577885758857,-3814.402551289685,4394.705912446792,1.0,-2593.577885758857,-3814.402551289685,4394.705912446792,1.0,0.0,0.0,0.0,0.0
54c3c1,54c3c1,54c3d,54c3c,-49209.93851344375,-72437.5610465936,83570.81505884627,19.0,0.0,0.0,0.0,0.0,0.0,0.0,0.0,0.0
54c3c3,54c3c3,54c3d,54c3c,-38739.470663122804,-57206.04033859428,66025.87410135378,15.0,0.0,0.0,0.0,0.0,0.0,0.0,0.0,0.0
54c3c5,54c3c5,54c3d,54c3c,-77493.16179527575,-114250.77335860365,132182.99273038076,30.0,0.0,0.0,0.0,0.0,0.0,0.0,0.0,0.0
54c3c7,54c3c7,54c3d,54c3c,-5178.983561565104,-7611.095855728492,8809.560809862243,2.0,0.0,0.0,0.0,0.0,0.0,0.0,0.0,0.0
54c3d4,54c3d4,54c3d,54c3c,0.0,0.0,0.0,0.0,0.0,0.0,0.0,0.0,0.0,0.0,0.0,0.0
54c3f,54c3f,54c3f,54c3c,-30874.981168995047,-45983.18519147506,52699.17144539187,12.0,-30874.981168995047,-45983.18519147506,52699.17144539187,12.0,0.0,0.0,0.0,0.0
54c41,54c41,54c41,54c44,0.0,0.0,0.0,0.0,-160668.23956029807,-243919.20227898296,275299.2062682647,63.0,0.0,0.0,0.0,0.0
54c424,54c424,54c43,54c44,0.0,0.0,0.0,0.0,0.0,0.0,0.0,0.0,0.0,0.0,0.0,0.0
54c434,54c434,54c43,54c44,-53729.17600205511,-81735.26497181156,91283.06523613131,21.0,0.0,0.0,0.0,0.0,0.0,0.0,0.0,0.0
54c439,54c439,54c43,54c44,-92195.4710919907,-139703.0666466173,156803.58302327682,36.0,0.0,0.0,0.0,0.0,0.0,0.0,0.0,0.0
54c43b,54c43b,54c43,54c44,-25565.95768838534,-38817.16306680467,43572.754286561816,10.0,0.0,0.0,0.0,0.0,0.0,0.0,0.0,0.0
54c43d,54c43d,54c43,54c44,-30699.400502705397,-46527.68113036522,52322.50246511577,12.0,0.0,0.0,0.0,0.0,0.0,0.0,0.0,0.0
54c45,54c45,54c45,54c44,-66712.73546144378,-101175.02139338873,112922.89197858583,26.0,-66712.73546144378,-101175.02139338873,112922.89197858583,26.0,0.0,0.0,0.0,0.0
54c47,54c47,54c47,54c44,-5173.948472926639,-7722.448753514488,8715.086698715411,2.0,-5173.948472926639,-7722.448753514488,8715.086698715411,2.0,0.0,0.0,0.0,0.0
54c481,54c481,54c484,54c4c,-83708.8421883832,-122701.73912821723,139646.0276847683,32.0,-212192.79811968678,-310609.7758072111,353277.47043817333,81.0,0.0,0.0,0.0,0.0
54c483,54c483,54c484,54c4c,-118033.12575106566,-172540.94312969118,196193.88397721955,45.0,-212192.79811968678,-310609.7758072111,353277.47043817333,81.0,0.0,0.0,0.0,0.0
54c485,54c485,54c484,54c4c,-2617.6883825642044,-3840.58740442817,4357.447538457983,1.0,-212192.79811968678,-310609.7758072111,353277.47043817333,81.0,0.0,0.0,0.0,0.0
54c487,54c487,54c484,54c4c,-7833.141797673706,-11526.506144874624,13080.111237727473,3.0,-212192.79811968678,-310609.7758072111,353277.47043817333,81.0,0.0,0.0,0.0,0.0
54c48c,54c48c,54c48c,54c4c,-5224.9740396585785,-7698.334906697204,8705.987838637911,2.0,-5224.9740396585785,-7698.334906697204,8705.987838637911,2.0,0.0,0.0,0.0,0.0
54c494,54c494,54c494,54c4c,-55270.90153213486,-80697.38167928554,91286.02878339564,21.0,-55270.90153213486,-80697.38167928554,91286.02878339564,21.0,0.0,0.0,0.0,0.0
54c49c,54c49c,54c49c,54c4c,0.0,0.0,0.0,0.0,-163037.56330632925,-237875.5613681541,269927.6912550059,62.0,0.0,0.0,0.0,0.0
54c4b,54c4b,54c4b,54c4c,-13224.275727664906,-19237.779671899654,21674.17848018216,5.0,-13224.275727664906,-19237.779671899654,21674.17848018216,5.0,0.0,0.0,0.0,0.0
54c4d,54c4d,54c4d,54c4c,-84785.69570724889,-123348.3375201346,138421.07953078212,32.0,-84785.69570724889,-123348.3375201346,138421.07953078212,32.0,0.0,0.0,0.0,0.0
54c51,54c51,54c51,54c54,-93854.95969226936,-140114.23696202817,155445.53071689702,36.0,-93854.95969226936,-140114.23696202817,155445.53071689702,36.0,0.0,0.0,0.0,0.0
54c53,54c53,54c53,54c54,-23722.49904802049,-34985.79460971422,38742.6241544744,9.0,-23722.49904802049,-34985.79460971422,38742.6241544744,9.0,0.0,0.0,0.0,0.0
54c55,54c55,54c55,54c54,0.0,0.0,0.0,0.0,-141406.19631756117,-211597.1545752956,231495.36735058334,54.0,0.0,0.0,0.0,0.0
54c564,54c564,54c57,54c54,-59692.672094803274,-90284.97349820317,98779.44229704338,23.0,0.0,0.0,0.0,0.0,0.0,0.0,0.0,0.0
54c56c,54c56c,54c57,54c54,-7785.775513634519,-11764.354101715917,12895.319592850048,3.0,0.0,0.0,0.0,0.0,0.0,0.0,0.0,0.0
54c574,54c574,54c57,54c54,-62013.54163696432,-94080.01225221739,103358.39238538146,24.0,0.0,0.0,0.0,0.0,0.0,0.0,0.0,0.0
54c57c,54c57c,54c57,54c54,0.0,0.0,0.0,0.0,0.0,0.0,0.0,0.0,0.0,0.0,0.0,0.0
54c59,54c59,54c5c,54c5c,-76715.91993701461,-118252.08799513872,129080.47326358112,30.0,-235249.81755922321,-361111.9320577738,397240.7677295012,92.0,-235249.81755922321,-361111.9320577738,397240.7677295012,92.0
54c5b,54c5b,54c5c,54c5c,-110525.61773326555,-168038.2219110222,186003.68132085033,43.0,-235249.81755922321,-361111.9320577738,397240.7677295012,92.0,-235249.81755922321,-361111.9320577738,397240.7677295012,92.0
54c5d,54c5d,54c5c,54c5c,-10159.99955179777,-15645.00797390375,17362.120502555594,4.0,-235249.81755922321,-361111.9320577738,397240.7677295012,92.0,-235249.81755922321,-361111.9320577738,397240.7677295012,92.0
54c5f,54c5f,54c5c,54c5c,-37848.28033714527,-59176.61417770912,64794.492642514095,15.0,-235249.81755922321,-361111.9320577738,397240.7677295012,92.0,-235249.81755922321,-361111.9320577738,397240.7677295012,92.0
54c60c,54c60c,54c61,54c61,-10036.888423036671,-15766.553872485016,17323.74132074267,4.0,-141723.92328971607,-225308.30726200578,247035.13077807927,57.0,-141723.92328971607,-225308.30726200578,247035.13077807927,57.0
54c614,54c614,54c61,54c61,-116782.81941405781,-185776.25752563434,203744.19579179905,47.0,-141723.92328971607,-225308.30726200578,247035.13077807927,57.0,-141723.92328971607,-225308.30726200578,247035.13077807927,57.0
54c61c,54c61c,54c61,54c61,-14904.215452621562,-23765.495863886445,25967.193665537532,6.0,-141723.92328971607,-225308.30726200578,247035.13077807927,57.0,-141723.92328971607,-225308.30726200578,247035.13077807927,57.0
54c624,54c624,54c624,54c624,-14844.290762846544,-23776.384950075415,25991.549853531043,6.0,-14844.290762846544,-23776.384950075415,25991.549853531043,6.0,-14844.290762846544,-23776.384950075415,25991.549853531043,6.0
54c62c,54c62c,54c62c,54c62c,-7357.090279867762,-11914.440318997393,13008.730280840527,3.0,-7357.090279867762,-11914.440318997393,13008.730280840527,3.0,-7357.090279867762,-11914.440318997393,13008.730280840527,3.0
54c639,54c639,54c639,54c639,-66839.36317984082,-106647.90447015112,117254.6481512802,27.0,-66839.36317984082,-106647.90447015112,117254.6481512802,27.0,-66839.36317984082,-106647.90447015112,117254.6481512802,27.0
54c63b,54c63b,54c63b,54c63b,-34636.48171740193,-55362.368254387504,60752.88713225365,14.0,-34636.48171740193,-55362.368254387504,60752.88713225365,14.0,-34636.48171740193,-55362.368254387504,60752.88713225365,14.0
54c63c4,54c63c4,54c63c4,54c63c4,-91679.75987543234,-146252.49208922774,160537.8377851224,37.0,-91679.75987543234,-146252.49208922774,160537.8377851224,37.0,-91679.75987543234,-146252.49208922774,160537.8377851224,37.0
54c63cc,54c63cc,54c63cc,54c63cc,-7430.240797202176,-11867.644756022728,13009.930607770017,3.0,-7430.240797202176,-11867.644756022728,13009.930607770017,3.0,-7430.240797202176,-11867.644756022728,13009.930607770017,3.0
54c63d4,54c63d4,54c63d4,54c63d4,-39688.87817200569,-63269.16548522926,69374.21848164863,16.0,-39688.87817200569,-63269.16548522926,69374.21848164863,16.0,-39688.87817200569,-63269.16548522926,69374.21848164863,16.0
54c63d9,54c63d9,54c63d9,54c63dc,-42192.69417376362,-67181.89563970316,73734.71376241604,17.0,-42192.69417376362,-67181.89563970316,73734.71376241604,17.0,-407065.6806943014,-647996.4393377462,711407.1185440049,164.0
54c63db,54c63db,54c63db,54c63dc,-37191.069163694934,-59301.65887004162,65060.21824446568,15.0,-37191.069163694934,-59301.65887004162,65060.21824446568,15.0,-407065.6806943014,-647996.4393377462,711407.1185440049,164.0
54c63dd,54c63dd,54c63dd,54c63dc,-24806.4195090464,-39507.464017735576,43390.97943865985,10.0,-24806.4195090464,-39507.464017735576,43390.97943865985,10.0,-407065.6806943014,-647996.4393377462,711407.1185440049,164.0
54c63dec,54c63dec,54c63dec,54c63dc,-34739.01210018762,-55322.789092515,60730.40114691858,14.0,-34739.01210018762,-55322.789092515,60730.40114691858,14.0,-407065.6806943014,-647996.4393377462,711407.1185440049,164.0
54c63df1,54c63df1,54c63df4,54c63dc,-17377.478446091274,-27656.94426460803,30364.69296300011,7.0,-183717.95434298355,-292368.5591454663,320995.0569936583,74.0,-407065.6806943014,-647996.4393377462,711407.1185440049,164.0
54c63df3,54c63df3,54c63df4,54c63dc,-14893.918967060268,-23707.41274835971,26026.15740727355,6.0,-183717.95434298355,-292368.5591454663,320995.0569936583,74.0,-407065.6806943014,-647996.4393377462,711407.1185440049,164.0
54c63df5,54c63df5,54c63df4,54c63dc,-29790.335048049747,-47413.49399258526,52052.09866865907,12.0,-183717.95434298355,-292368.5591454663,320995.0569936583,74.0,-407065.6806943014,-647996.4393377462,711407.1185440049,164.0
54c63df7,54c63df7,54c63df4,54c63dc,-121656.22188178226,-193590.7081399133,212552.1079547256,49.0,-183717.95434298355,-292368.5591454663,320995.0569936583,74.0,-407065.6806943014,-647996.4393377462,711407.1185440049,164.0
54c63dfc,54c63dfc,54c63dfc,54c63dc,-84418.53140462528,-134314.07257228464,147495.74895788642,34.0,-84418.53140462528,-134314.07257228464,147495.74895788642,34.0,-407065.6806943014,-647996.4393377462,711407.1185440049,164.0
54c63e1,54c63e1,54c63e4,54c63f,-67051.68528124622,-106622.10151765551,117156.85486094376,27.0,-186216.02422208904,-296122.45689051296,325503.3545957598,75.0,-471371.0626591644,-750108.1143490756,824886.0073025142,190.0
54c63e3,54c63e3,54c63e4,54c63f,-84423.2547305751,-134223.31148222872,147575.6451655033,34.0,-186216.02422208904,-296122.45689051296,325503.3545957598,75.0,-471371.0626591644,-750108.1143490756,824886.0073025142,190.0
54c63e5,54c63e5,54c63e4,54c63f,-19853.546084417918,-31581.15940447745,34730.552079019864,8.0,-186216.02422208904,-296122.45689051296,325503.3545957598,75.0,-471371.0626591644,-750108.1143490756,824886.0073025142,190.0
54c63e7,54c63e7,54c63e4,54c63f,-14887.538125849758,-23695.884486151226,26040.302490292917,6.0,-186216.02422208904,-296122.45689051296,325503.3545957598,75.0,-471371.0626591644,-750108.1143490756,824886.0073025142,190.0
54c63ec,54c63ec,54c63ec,54c63f,-64447.71640623493,-102695.82255382625,112865.98711327184,26.0,-64447.71640623493,-102695.82255382625,112865.98711327184,26.0,-471371.0626591644,-750108.1143490756,824886.0073025142,190.0
54c63f1,54c63f1,54c63f4,54c63f,-84339.80587340875,-134195.23558990684,147648.87386562358,34.0,-173551.5283085639,-276302.54579987546,304017.34460956807,70.0,-471371.0626591644,-750108.1143490756,824886.0073025142,190.0
54c63f3,54c63f3,54c63f4,54c63f,-71857.42839897743,-114486.76224262356,125957.42564204801,29.0,-173551.5283085639,-276302.54579987546,304017.34460956807,70.0,-471371.0626591644,-750108.1143490756,824886.0073025142,190.0
54c63f5,54c63f5,54c63f4,54c63f,-12394.035246202682,-19728.567675074093,21723.61209725729,5.0,-173551.5283085639,-276302.54579987546,304017.34460956807,70.0,-471371.0626591644,-750108.1143490756,824886.0073025142,190.0
54c63f7,54c63f7,54c63f4,54c63f,-4960.258789974971,-7891.980292270904,8687.433004639286,2.0,-173551.5283085639,-276302.54579987546,304017.34460956807,70.0,-471371.0626591644,-750108.1143490756,824886.0073025142,190.0
54c63fc,54c63fc,54c63fc,54c63f,-47155.79372227664,-74987.289104861,82499.32098391441,19.0,-47155.79372227664,-74987.289104861,82499.32098391441,19.0,-471371.0626591644,-750108.1143490756,824886.0073025142,190.0
54c644,54c644,54c65,54c65,-111413.0761460314,-177411.01772536754,195720.89926863278,45.0,-146013.883087692,-232475.42779052144,256764.06252342806,59.0,-146013.883087692,-232475.42779052144,256764.06252342806,59.0
54c64c,54c64c,54c65,54c65,-14816.02247133762,-23637.442347981894,26134.011618342392,6.0,-146013.883087692,-232475.42779052144,256764.06252342806,59.0,-146013.883087692,-232475.42779052144,256764.06252342806,59.0
54c654,54c654,54c65,54c65,-19784.784470323004,-31426.967717172014,34909.15163645288,8.0,-146013.883087692,-232475.42779052144,256764.06252342806,59.0,-146013.883087692,-232475.42779052144,256764.06252342806,59.0
54c67,54c67,54c67,54c67,-67531.53537257815,-106310.57248349913,117164.33793519667,27.0,-67531.53537257815,-106310.57248349913,117164.33793519667,27.0,-67531.53537257815,-106310.57248349913,117164.33793519667,27.0
54c69,54c69,54c69,54c6c,-65461.218522914816,-101219.11818413108,113613.77180715078,26.0,-65461.218522914816,-101219.11818413108,113613.77180715078,26.0,-274732.41304710304,-422672.7062992107,477604.3703022323,109.0
54c6a4,54c6a4,54c6b,54c6c,-12709.393544379376,-19335.94971331342,21893.74668782451,5.0,-147050.5667772438,-223958.67258294005,254484.59723827586,58.0,-274732.41304710304,-422672.7062992107,477604.3703022323,109.0
54c6ac,54c6ac,54c6b,54c6c,-91322.39680714539,-139019.30953612967,157918.13437247134,36.0,-147050.5667772438,-223958.67258294005,254484.59723827586,58.0,-274732.41304710304,-422672.7062992107,477604.3703022323,109.0
54c6b4,54c6b4,54c6b,54c6c,-43018.77642571907,-65603.41333349697,74672.71617798004,17.0,-147050.5667772438,-223958.67258294005,254484.59723827586,58.0,-274732.41304710304,-422672.7062992107,477604.3703022323,109.0
54c6d,54c6d,54c6d,54c6c,-24898.10048191654,-38783.4160988864,43987.564546990296,10.0,-24898.10048191654,-38783.4160988864,43987.564546990296,10.0,-274732.41304710304,-422672.7062992107,477604.3703022323,109.0
54c6f,54c6f,54c6f,54c6c,-37322.52726502785,-58711.499433253106,65518.43670981539,15.0,-37322.52726502785,-58711.499433253106,65518.43670981539,15.0,-274732.41304710304,-422672.7062992107,477604.3703022323,109.0
54c704,54c704,54c71,54c71,-4920.008025816005,-7832.529299645073,8763.790179757689,2.0,-163929.48554654056,-262507.835660195,293978.5526350588,67.0,-163929.48554654056,-262507.835660195,293978.5526350588,67.0
54c70c,54c70c,54c71,54c71,-75713.987538785,-121779.62168756084,135808.1485482,31.0,-163929.48554654056,-262507.835660195,293978.5526350588,67.0,-163929.48554654056,-262507.835660195,293978.5526350588,67.0
54c714,54c714,54c71,54c71,-83295.48998193958,-132895.68467298904,149406.61390710098,34.0,-163929.48554654056,-262507.835660195,293978.5526350588,67.0,-163929.48554654056,-262507.835660195,293978.5526350588,67.0
54c73,54c73,54c73,54c73,0.0,0.0,0.0,0.0,-138217.7286918413,-217582.63036206402,246663.09382994857,56.0,-138217.7286918413,-217582.63036206402,246663.09382994857,56.0
54c75,54c75,54c75,54c75,-56157.404021801056,-89738.41707061956,101317.69932683757,23.0,-56157.404021801056,-89738.41707061956,101317.69932683757,23.0,-56157.404021801056,-89738.41707061956,101317.69932683757,23.0
54c764,54c764,54c77,54c77,-9699.35250393807,-15655.172523888523,17614.600446452576,4.0,-231864.2493723026,-377604.9707192735,421577.49165839993,96.0,-231864.2493723026,-377604.9707192735,421577.49165839993,96.0
54c76c,54c76c,54c77,54c77,-2435.052832609051,-3919.7932685504957,4392.663379307171,1.0,-231864.2493723026,-377604.9707192735,421577.49165839993,96.0,-231864.2493723026,-377604.9707192735,421577.49165839993,96.0
54c774,54c774,54c77,54c77,-53400.467068985534,-86541.66368891457,96459.14865703745,22.0,-231864.2493723026,-377604.9707192735,421577.49165839993,96.0,-231864.2493723026,-377604.9707192735,421577.49165839993,96.0
54c779,54c779,54c77,54c77,-79567.70526607905,-129937.3840657198,144870.60801454596,33.0,-231864.2493723026,-377604.9707192735,421577.49165839993,96.0,-231864.2493723026,-377604.9707192735,421577.49165839993,96.0
54c77d,54c77d,54c77,54c77,-74709.05036972207,-121876.08018514302,136277.38103809452,31.0,-231864.2493723026,-377604.9707192735,421577.49165839993,96.0,-231864.2493723026,-377604.9707192735,421577.49165839993,96.0
54c77f,54c77f,54c77,54c77,-12052.621330968826,-19674.87698705708,21963.090122962185,5.0,-231864.2493723026,-377604.9707192735,421577.49165839993,96.0,-231864.2493723026,-377604.9707192735,421577.49165839993,96.0
54c783,54c783,54c784,54c79,-103648.53241662928,-169551.47747492767,188572.84746809056,43.0,-238320.99396473242,-390825.1618501018,433910.78881692083,99.0,-430720.01251194277,-707419.2280459275,783944.3441835318,179.0
54c785,54c785,54c784,54c79,-50563.16941440617,-82912.82671280226,92026.67083954248,21.0,-238320.99396473242,-390825.1618501018,433910.78881692083,99.0,-430720.01251194277,-707419.2280459275,783944.3441835318,179.0
54c787,54c787,54c784,54c79,-84109.29213369696,-138360.85766237177,153311.27050928774,35.0,-238320.99396473242,-390825.1618501018,433910.78881692083,99.0,-430720.01251194277,-707419.2280459275,783944.3441835318,179.0
54c789,54c789,54c78c,54c79,-52798.95694338014,-87099.34686468984,96288.16922742118,22.0,-155948.23499190528,-257555.24631272285,284318.6452718963,65.0,-430720.01251194277,-707419.2280459275,783944.3441835318,179.0
54c78b,54c78b,54c78c,54c79,-100749.67308668487,-166489.6151230653,183660.09416066858,42.0,-155948.23499190528,-257555.24631272285,284318.6452718963,65.0,-430720.01251194277,-707419.2280459275,783944.3441835318,179.0
54c78d,54c78d,54c78c,54c79,-2399.6049618402867,-3966.284324967669,4370.381883806572,1.0,-155948.23499190528,-257555.24631272285,284318.6452718963,65.0,-430720.01251194277,-707419.2280459275,783944.3441835318,179.0
54c79c,54c79c,54c79c,54c79,-36450.78355530515,-59038.81988310302,65714.91009471462,15.0,-36450.78355530515,-59038.81988310302,65714.91009471462,15.0,-430720.01251194277,-707419.2280459275,783944.3441835318,179.0
54c7a1,54c7a1,54c7b,54c7b,-34076.658470925286,-55122.05009030103,61285.66109116978,14.0,-200272.89186673728,-323115.826254058,358345.26268070535,82.0,-200272.89186673728,-323115.826254058,358345.26268070535,82.0
54c7a5,54c7a5,54c7b,54c7b,-7320.734632300561,-11823.417947019574,13111.880374428561,3.0,-200272.89186673728,-323115.826254058,358345.26268070535,82.0,-200272.89186673728,-323115.826254058,358345.26268070535,82.0
54c7a7,54c7a7,54c7b,54c7b,-85418.72868610003,-137686.9762364651,153193.93369879134,35.0,-200272.89186673728,-323115.826254058,358345.26268070535,82.0,-200272.89186673728,-323115.826254058,358345.26268070535,82.0
54c7b4,54c7b4,54c7b,54c7b,-73456.77007741142,-118483.3819802723,130753.78751631566,30.0,-200272.89186673728,-323115.826254058,358345.26268070535,82.0,-200272.89186673728,-323115.826254058,358345.26268070535,82.0
54c7d,54c7d,54c7d,54c7d,-2453.2694102637415,-3953.3653087552293,4352.255170124139,1.0,-2453.2694102637415,-3953.3653087552293,4352.255170124139,1.0,-2453.2694102637415,-3953.3653087552293,4352.255170124139,1.0
54c7f4,54c7f4,54c7f4,54c7f,-74424.92230414187,-123115.87738237133,135315.0069401708,31.0,-74424.92230414187,-123115.87738237133,135315.0069401708,31.0,-248993.2008586714,-414232.1188495055,453245.5182634571,104.0
54c7fb,54c7fb,54c7fc,54c7f,-69518.08207829358,-115530.25321354519,126316.93724154733,29.0,-174568.27855452953,-291116.2414671341,317930.51132328634,73.0,-248993.2008586714,-414232.1188495055,453245.5182634571,104.0
54c7ff,54c7ff,54c7fc,54c7f,-105050.19647623594,-175585.98825358896,191613.57408173895,44.0,-174568.27855452953,-291116.2414671341,317930.51132328634,73.0,-248993.2008586714,-414232.1188495055,453245.5182634571,104.0
54c801,54c801,54c804,54c81,-42916.30571664421,-71980.49777640497,78282.03156240865,18.0,-155005.33585686292,-260165.91303513298,282451.19626889424,65.0,-329534.22779639985,-552903.8109967733,598911.1333993251,138.0
54c803,54c803,54c804,54c81,-57213.80752606154,-96069.12323356955,104292.8606376738,24.0,-155005.33585686292,-260165.91303513298,282451.19626889424,65.0,-329534.22779639985,-552903.8109967733,598911.1333993251,138.0
54c805,54c805,54c804,54c81,-54875.22261415719,-92116.29202515846,99876.30406881182,23.0,-155005.33585686292,-260165.91303513298,282451.19626889424,65.0,-329534.22779639985,-552903.8109967733,598911.1333993251,138.0
54c811,54c811,54c814,54c81,-71732.0231698929,-120285.75327249683,130063.94655226216,30.0,-136312.85123409936,-228627.71678029204,247030.87795151185,57.0,-329534.22779639985,-552903.8109967733,598911.1333993251,138.0
54c817,54c817,54c814,54c81,-64580.82806420643,-108341.96350779527,116966.93139924968,27.0,-136312.85123409936,-228627.71678029204,247030.87795151185,57.0,-329534.22779639985,-552903.8109967733,598911.1333993251,138.0
54c81c,54c81c,54c81c,54c81,-38216.04070543761,-64110.18118134822,69429.05917891898,16.0,-38216.04070543761,-64110.18118134822,69429.05917891898,16.0,-329534.22779639985,-552903.8109967733,598911.1333993251,138.0
54c824,54c824,54c824,54c83,-33327.26192676697,-56432.1491430062,60500.39275102595,14.0,-33327.26192676697,-56432.1491430062,60500.39275102595,14.0,-416933.16491848737,-705619.8169655333,755860.9018536143,175.0
54c82c,54c82c,54c82c,54c83,-99885.7333805349,-169506.91930897586,181357.40467244372,42.0,-99885.7333805349,-169506.91930897586,181357.40467244372,42.0,-416933.16491848737,-705619.8169655333,755860.9018536143,175.0
54c831,54c831,54c834,54c83,-49976.361867963926,-84764.0366226172,90650.43563342061,21.0,-138006.54248850563,-234224.10996670325,250274.1904302374,58.0,-416933.16491848737,-705619.8169655333,755860.9018536143,175.0
54c833,54c833,54c834,54c83,-88030.1806205417,-149460.07334408606,159623.75479681676,37.0,-138006.54248850563,-234224.10996670325,250274.1904302374,58.0,-416933.16491848737,-705619.8169655333,755860.9018536143,175.0
54c83b,54c83b,54c83c,54c83,-90678.52539472426,-152997.49558960446,164258.20832877213,38.0,-145713.62712267993,-245456.638546848,263728.91399990715,61.0,-416933.16491848737,-705619.8169655333,755860.9018536143,175.0
54c83d,54c83d,54c83c,54c83,-11964.916485879665,-20092.48620769219,21630.451436512278,5.0,-145713.62712267993,-245456.638546848,263728.91399990715,61.0,-416933.16491848737,-705619.8169655333,755860.9018536143,175.0
54c83f,54c83f,54c83c,54c83,-43070.185242075975,-72366.65674955133,77840.25423462273,18.0,-145713.62712267993,-245456.638546848,263728.91399990715,61.0,-416933.16491848737,-705619.8169655333,755860.9018536143,175.0
54c85,54c85,54c85,54c85,-7234.128469111951,-12101.503280310551,12904.603124907213,3.0,-7234.128469111951,-12101.503280310551,12904.603124907213,3.0,-7234.128469111951,-12101.503280310551,12904.603124907213,3.0
54c8a4,54c8a4,54c8b,54c8c,-59528.3404846642,-95383.23226041562,103624.83979637203,24.0,-154197.47977023094,-246567.08362235109,267309.5238681476,62.0,-382712.84382213955,-615396.9069100237,661385.9897695356,154.0
54c8ac,54c8ac,54c8b,54c8c,-17488.801064058538,-27789.7729987417,30178.918390707753,7.0,-154197.47977023094,-246567.08362235109,267309.5238681476,62.0,-382712.84382213955,-615396.9069100237,661385.9897695356,154.0
54c8b4,54c8b4,54c8b,54c8c,-52381.89324577342,-83552.77151858745,90416.53022657597,21.0,-154197.47977023094,-246567.08362235109,267309.5238681476,62.0,-382712.84382213955,-615396.9069100237,661385.9897695356,154.0
54c8bc,54c8bc,54c8b,54c8c,-24798.444975734783,-39841.30684460632,43089.23545449178,10.0,-154197.47977023094,-246567.08362235109,267309.5238681476,62.0,-382712.84382213955,-615396.9069100237,661385.9897695356,154.0
54c8d,54c8d,54c8d,54c8c,0.0,0.0,0.0,0.0,-226075.09501942794,-364811.14519479004,389777.03959493974,91.0,-382712.84382213955,-615396.9069100237,661385.9897695356,154.0
54c94,54c94,54c94,54c94,-29771.14488030768,-48202.54801971118,51333.37846262646,12.0,-29771.14488030768,-48202.54801971118,51333.37846262646,12.0,-29771.14488030768,-48202.54801971118,51333.37846262646,12.0
54c984,54c984,54c984,54c99,-57312.18043167619,-98059.23533764812,102368.92696423459,24.0,-57312.18043167619,-98059.23533764812,102368.92696423459,24.0,0.0,0.0,0.0,0.0
54c989,54c989,54c98c,54c99,-31037.44311685788,-53082.566744679425,55485.00953159319,13.0,-131026.76396720015,-224422.2934769789,235054.2911108423,55.0,0.0,0.0,0.0,0.0
54c98d,54c98d,54c98c,54c99,-64206.66657858262,-110154.6007853134,115470.32911185734,27.0,-131026.76396720015,-224422.2934769789,235054.2911108423,55.0,0.0,0.0,0.0,0.0
54c98f,54c98f,54c98c,54c99,-35782.65427175967,-61185.125946986074,64098.95246739181,15.0,-131026.76396720015,-224422.2934769789,235054.2911108423,55.0,0.0,0.0,0.0,0.0
54c991,54c991,54c991,54c99,-31013.644618057246,-52970.742488593765,55605.057636514255,13.0,-31013.644618057246,-52970.742488593765,55605.057636514255,13.0,0.0,0.0,0.0,0.0
54c9924,54c9924,54c993,54c99,-9528.889038401921,-16299.74625617404,17115.916411657352,4.0,-173777.33741385897,-297517.46549384744,312390.02380200976,73.0,0.0,0.0,0.0,0.0
54c992c,54c992c,54c993,54c99,-80878.3301046163,-138633.27034824184,145469.11730219473,34.0,-173777.33741385897,-297517.46549384744,312390.02380200976,73.0,0.0,0.0,0.0,0.0
54c9934,54c9934,54c993,54c99,-40453.54863563387,-69264.54133102903,72776.17496594854,17.0,-173777.33741385897,-297517.46549384744,312390.02380200976,73.0,0.0,0.0,0.0,0.0
54c993c,54c993c,54c993,54c99,-42916.56963520688,-73319.90755840251,77028.8151222092,18.0,-173777.33741385897,-297517.46549384744,312390.02380200976,73.0,0.0,0.0,0.0,0.0
54c995,54c995,54c995,54c99,-119095.94178536549,-203461.26209344514,214228.93698917044,50.0,-119095.94178536549,-203461.26209344514,214228.93698917044,50.0,0.0,0.0,0.0,0.0
54c99c,54c99c,54c99c,54c99,-2407.637492041769,-4059.189181150642,4279.721723222415,1.0,-2407.637492041769,-4059.189181150642,4279.721723222415,1.0,0.0,0.0,0.0,0.0
54c9c1,54c9c1,54c9c4,54c9d,-83213.35532974784,-142308.43579132782,150154.21666079675,35.0,-192328.65442539463,-329126.73957826436,347842.5269844556,81.0,-310824.20577156084,-531684.0823150687,563257.5428761416,131.0
54c9c3,54c9c3,54c9c4,54c9d,-23746.353762038827,-40634.26554086016,42941.150294406754,10.0,-192328.65442539463,-329126.73957826436,347842.5269844556,81.0,-310824.20577156084,-531684.0823150687,563257.5428761416,131.0
54c9c5,54c9c5,54c9c4,54c9d,-85368.94533360796,-146184.03824607638,154747.16002925215,36.0,-192328.65442539463,-329126.73957826436,347842.5269844556,81.0,-310824.20577156084,-531684.0823150687,563257.5428761416,131.0
54c9d4,54c9d4,54c9d4,54c9d,-113755.68088722938,-194440.207991082,206812.41377821955,48.0,-113755.68088722938,-194440.207991082,206812.41377821955,48.0,-310824.20577156084,-531684.0823150687,563257.5428761416,131.0
54c9dc,54c9dc,54c9dc,54c9d,-4739.870458936844,-8117.134745722324,8602.60211346643,2.0,-4739.870458936844,-8117.134745722324,8602.60211346643,2.0,-310824.20577156084,-531684.0823150687,563257.5428761416,131.0
54c9f,54c9f,54c9f,54c9f,-57017.02783689927,-97825.35814419595,102756.74278926422,24.0,-57017.02783689927,-97825.35814419595,102756.74278926422,24.0,-57017.02783689927,-97825.35814419595,102756.74278926422,24.0
54cb,54cb,54cb,54cb,-112404.09865555883,-192381.03062576958,200041.97785739813,47.0,-112404.09865555883,-192381.03062576958,200041.97785739813,47.0,-112404.09865555883,-192381.03062576958,200041.97785739813,47.0
54cec,54cec,54cec,54cec,-117333.81943299013,-189030.2991588425,200406.46305770907,47.0,-117333.81943299013,-189030.2991588425,200406.46305770907,47.0,-117333.81943299013,-189030.2991588425,200406.46305770907,47.0
54cf04,54cf04,54cf1,54cf1,-43318.29357586018,-67773.57286418228,72530.71796791354,17.0,-193728.2461985667,-302258.4838812131,324892.61598958017,76.0,-193728.2461985667,-302258.4838812131,324892.61598958017,76.0
54cf0c,54cf0c,54cf1,54cf1,0.0,0.0,0.0,0.0,-193728.2461985667,-302258.4838812131,324892.61598958017,76.0,-193728.2461985667,-302258.4838812131,324892.61598958017,76.0
54cf14,54cf14,54cf1,54cf1,-2540.1196966870248,-3975.0162044756594,4282.147969224788,1.0,-193728.2461985667,-302258.4838812131,324892.61598958017,76.0,-193728.2461985667,-302258.4838812131,324892.61598958017,76.0
54cf3,54cf3,54cf3,54cf3,-62418.88311136781,-99947.69085103745,107158.04556750398,25.0,-62418.88311136781,-99947.69085103745,107158.04556750398,25.0,-62418.88311136781,-99947.69085103745,107158.04556750398,25.0
54cf5,54cf5,54cf5,54cf5,-42660.35794630481,-67639.6119581436,73043.83335124073,17.0,-42660.35794630481,-67639.6119581436,73043.83335124073,17.0,-42660.35794630481,-67639.6119581436,73043.83335124073,17.0
54cf6c,54cf6c,54cf6c,54cf7,-7616.247078910342,-11911.103607520836,12861.79719890236,3.0,-7616.247078910342,-11911.103607520836,12861.79719890236,3.0,0.0,0.0,0.0,0.0
54cf74,54cf74,54cf74,54cf7,0.0,0.0,0.0,0.0,-199015.07143003927,-309615.47899719316,333885.03061306383,78.0,0.0,0.0,0.0,0.0
54cf79,54cf79,54cf79,54cf7,-41007.71321607489,-63248.463045825236,68621.97124264305,16.0,-41007.71321607489,-63248.463045825236,68621.97124264305,16.0,0.0,0.0,0.0,0.0
54cf7b,54cf7b,54cf7b,54cf7,0.0,0.0,0.0,0.0,-148242.9817218286,-229347.89226678343,248932.67120335277,58.0,0.0,0.0,0.0,0.0
54cf7c4,54cf7c4,54cf7d,54cf7,-97188.25407691939,-150108.13473780832,163198.01644825094,38.0,-202033.91615441217,-312009.8452354638,339341.6531132548,79.0,0.0,0.0,0.0,0.0
54cf7cc,54cf7cc,54cf7d,54cf7,-40884.57097258863,-63218.26051860149,68723.20825157556,16.0,-202033.91615441217,-312009.8452354638,339341.6531132548,79.0,0.0,0.0,0.0,0.0
54cf7d4,54cf7d4,54cf7d,54cf7,-10223.385407967009,-15791.502726735906,17191.474919717886,4.0,-202033.91615441217,-312009.8452354638,339341.6531132548,79.0,0.0,0.0,0.0,0.0
54cf7dc,54cf7dc,54cf7d,54cf7,-53737.7056969371,-82891.94725231803,90228.95349371043,21.0,-202033.91615441217,-312009.8452354638,339341.6531132548,79.0,0.0,0.0,0.0,0.0
54cf7f,54cf7f,54cf7f,54cf7,-48687.48173117528,-74978.91737047562,81612.44050243717,19.0,-48687.48173117528,-74978.91737047562,81612.44050243717,19.0,0.0,0.0,0.0,0.0
54cf9,54cf9,54cfc,54cfc,-77321.03868549304,-118663.72617664572,128339.78928048047,30.0,-255823.2371773022,-391867.96776509535,422851.6591402936,99.0,-255823.2371773022,-391867.96776509535,422851.6591402936,99.0
54cfb,54cfb,54cfc,54cfc,-74043.00061862238,-115627.51757991839,123628.00966973926,29.0,-255823.2371773022,-391867.96776509535,422851.6591402936,99.0,-255823.2371773022,-391867.96776509535,422851.6591402936,99.0
54cff,54cff,54cfc,54cfc,-101863.55506512552,-153609.5915048458,166627.7761635489,39.0,-255823.2371773022,-391867.96776509535,422851.6591402936,99.0,-255823.2371773022,-391867.96776509535,422851.6591402936,99.0
54d01,54d01,54d4,54d4,-131868.611438807,-196722.14634660826,213037.76758563652,50.0,-201099.76997138673,-298624.67650357063,323769.8410173305,76.0,-201099.76997138673,-298624.67650357063,323769.8410173305,76.0
54d07,54d07,54d4,54d4,-69231.15853257972,-101902.53015696243,110732.07343169399,26.0,-201099.76997138673,-298624.67650357063,323769.8410173305,76.0,-201099.76997138673,-298624.67650357063,323769.8410173305,76.0
54da9,54da9,54dc,54dc,-2665.5132147959384,-3908.9936954116565,4266.680292763635,1.0,0.0,0.0,0.0,0.0,-298210.43593672704,-436430.62401095615,479325.21652559284,112.0
54daa4,54daa4,54dc,54dc,0.0,0.0,0.0,0.0,0.0,0.0,0.0,0.0,-298210.43593672704,-436430.62401095615,479325.21652559284,112.0
54dab4,54dab4,54dc,54dc,-2642.2201903567816,-3904.4858127043235,4285.2556672547635,1.0,0.0,0.0,0.0,0.0,-298210.43593672704,-436430.62401095615,479325.21652559284,112.0
54dabc,54dabc,54dc,54dc,-47963.10347010734,-70113.02456818703,77037.50688005218,18.0,0.0,0.0,0.0,0.0,-298210.43593672704,-436430.62401095615,479325.21652559284,112.0
54dad,54dad,54dc,54dc,-103726.04463656759,-151382.6701424294,167514.62984984307,39.0,0.0,0.0,0.0,0.0,-298210.43593672704,-436430.62401095615,479325.21652559284,112.0
54ea789,54ea789,54ea79,54ea4,-58370.12381896423,-86345.42036475835,103001.82603144413,23.0,0.0,0.0,0.0,0.0,0.0,0.0,0.0,0.0
54ea78d,54ea78d,54ea79,54ea4,-40597.47613636652,-60043.18984428534,71677.31115676006,16.0,0.0,0.0,0.0,0.0,0.0,0.0,0.0,0.0
54ea78f,54ea78f,54ea79,54ea4,0.0,0.0,0.0,0.0,0.0,0.0,0.0,0.0,0.0,0.0,0.0,0.0
54ea794,54ea794,54ea79,54ea4,-7609.567231464827,-11255.546012419201,13443.026017584534,3.0,0.0,0.0,0.0,0.0,0.0,0.0,0.0,0.0
54ea7c4,54ea7c4,54ea7d,54ea4,-76030.31096583935,-112455.95792406405,134550.46272006512,30.0,-179917.4609948691,-266071.40071059216,318510.03480848257,71.0,0.0,0.0,0.0,0.0
54ea7cc,54ea7cc,54ea7d,54ea4,-5075.325281405135,-7489.595459154907,8972.516127867693,2.0,-179917.4609948691,-266071.40071059216,318510.03480848257,71.0,0.0,0.0,0.0,0.0
54ea7d4,54ea7d4,54ea7d,54ea4,-30396.0046975277,-44943.98290370965,53861.35466351199,12.0,-179917.4609948691,-266071.40071059216,318510.03480848257,71.0,0.0,0.0,0.0,0.0
54ea7dc,54ea7dc,54ea7d,54ea4,-68415.82005009693,-101181.86442366356,121125.70129703778,27.0,-179917.4609948691,-266071.40071059216,318510.03480848257,71.0,0.0,0.0,0.0,0.0
54ea7f,54ea7f,54ea7f,54ea4,-60844.003725403265,-90010.77601962947,107590.72520487243,24.0,-60844.003725403265,-90010.77601962947,107590.72520487243,24.0,0.0,0.0,0.0,0.0
54ea84,54ea84,54ea84,54ea9,-55692.72971775397,-82375.43233646048,98782.83491035776,22.0,-55692.72971775397,-82375.43233646048,98782.83491035776,22.0,0.0,0.0,0.0,0.0
54ea884,54ea884,54ea89,54ea9,-63258.13753597218,-93577.3675511362,112295.5000746488,25.0,-187099.23864733748,-276912.1567972292,332540.2057161132,74.0,0.0,0.0,0.0,0.0
54ea88c,54ea88c,54ea89,54ea9,-63198.98205973524,-93548.642691249,112352.7286665988,25.0,-187099.23864733748,-276912.1567972292,332540.2057161132,74.0,0.0,0.0,0.0,0.0
54ea894,54ea894,54ea89,54ea9,-60642.119051630056,-89786.14655484396,107891.97697486563,24.0,-187099.23864733748,-276912.1567972292,332540.2057161132,74.0,0.0,0.0,0.0,0.0
54ea8c4,54ea8c4,54ea8d,54ea9,-78227.97460937053,-115887.5645520934,139489.09916435814,31.0,-206828.11019278105,-306427.03188052285,369120.66914134735,82.0,0.0,0.0,0.0,0.0
54ea8d4,54ea8d4,54ea8d,54ea9,-88244.66681759447,-130745.74654028937,157609.88180989103,35.0,-206828.11019278105,-306427.03188052285,369120.66914134735,82.0,0.0,0.0,0.0,0.0
54ea8dc,54ea8dc,54ea8d,54ea9,-40355.4687658161,-59793.72078814007,72021.68816709812,16.0,-206828.11019278105,-306427.03188052285,369120.66914134735,82.0,0.0,0.0,0.0,0.0
54ea8f,54ea8f,54ea8f,54ea9,-17664.748040940678,-26187.953443652692,31480.873043604814,7.0,-17664.748040940678,-26187.953443652692,31480.873043604814,7.0,0.0,0.0,0.0,0.0
54ea93,54ea93,54ea94,54ea9,-90611.8136174383,-134497.76456155334,162185.56434378907,36.0,-168378.95946210538,-250434.2174877406,301891.5029716949,67.0,0.0,0.0,0.0,0.0
54ea95,54ea95,54ea94,54ea9,-75263.98292955144,-112184.99136952792,135205.8869905383,30.0,-168378.95946210538,-250434.2174877406,301891.5029716949,67.0,0.0,0.0,0.0,0.0
54ea97,54ea97,54ea94,54ea9,-2503.1629151156867,-3751.4615566593525,4500.051637367504,1.0,-168378.95946210538,-250434.2174877406,301891.5029716949,67.0,0.0,0.0,0.0,0.0
54eaa4,54eaa4,54eab,54eab,-12450.220384413702,-18832.24726058932,22474.033079354114,5.0,-199116.84292542253,-300174.0930795519,360584.0741527267,80.0,-199116.84292542253,-300174.0930795519,360584.0741527267,80.0
54eaac,54eaac,54eab,54eab,-44517.6583077792,-67835.33959353887,81040.8507883692,18.0,-199116.84292542253,-300174.0930795519,360584.0741527267,80.0,-199116.84292542253,-300174.0930795519,360584.0741527267,80.0
54eab4,54eab4,54eab,54eab,-14879.358680505378,-22518.612871744288,27069.306728193904,6.0,-199116.84292542253,-300174.0930795519,360584.0741527267,80.0,-199116.84292542253,-300174.0930795519,360584.0741527267,80.0
54eabc,54eabc,54eab,54eab,0.0,0.0,0.0,0.0,-199116.84292542253,-300174.0930795519,360584.0741527267,80.0,-199116.84292542253,-300174.0930795519,360584.0741527267,80.0
54eac4,54eac4,54eac4,54ead,-47623.357913210966,-70790.80789011784,85869.51263616783,19.0,-47623.357913210966,-70790.80789011784,85869.51263616783,19.0,-470923.4676309533,-699497.476482812,850609.381873167,188.0
54ead4,54ead4,54ead4,54ead,-42322.08032253422,-63218.85151555274,77088.6057387146,17.0,-42322.08032253422,-63218.85151555274,77088.6057387146,17.0,-470923.4676309533,-699497.476482812,850609.381873167,188.0
54ead9,54ead9,54ead9,54ead,-70074.11677215114,-104000.20737834286,126869.76366786472,28.0,-70074.11677215114,-104000.20737834286,126869.76366786472,28.0,-470923.4676309533,-699497.476482812,850609.381873167,188.0
54eadb,54eadb,54eadb,54ead,-17515.841149737633,-26045.198162510118,31681.856039702638,7.0,-17515.841149737633,-26045.198162510118,31681.856039702638,7.0,-470923.4676309533,-699497.476482812,850609.381873167,188.0
54eadc4,54eadc4,54eadc4,54ead,-55136.05521762069,-81839.8117803771,99537.4340566884,22.0,-55136.05521762069,-81839.8117803771,99537.4340566884,22.0,-470923.4676309533,-699497.476482812,850609.381873167,188.0
54eadd04,54eadd04,54eadd4,54ead,-22568.797349538832,-33492.68311518933,40702.08297174958,9.0,-238252.01625569857,-353602.5997559113,429562.2097340289,95.0,-470923.4676309533,-699497.476482812,850609.381873167,188.0
54eadd0c,54eadd0c,54eadd4,54ead,-65208.82936323265,-96761.241466749,117574.4182079869,26.0,-238252.01625569857,-353602.5997559113,429562.2097340289,95.0,-470923.4676309533,-699497.476482812,850609.381873167,188.0
54eadd14,54eadd14,54eadd4,54ead,-87774.64240162612,-130269.7042231669,158265.16935169924,35.0,-238252.01625569857,-353602.5997559113,429562.2097340289,95.0,-470923.4676309533,-699497.476482812,850609.381873167,188.0
54eadd1c,54eadd1c,54eadd4,54ead,-2507.6846183432185,-3722.0079955161846,4521.938463304854,1.0,-238252.01625569857,-353602.5997559113,429562.2097340289,95.0,-470923.4676309533,-699497.476482812,850609.381873167,188.0
54eadd3,54eadd3,54eadd4,54ead,-52666.7252237109,-78186.29226467077,94937.87830199154,21.0,-238252.01625569857,-353602.5997559113,429562.2097340289,95.0,-470923.4676309533,-699497.476482812,850609.381873167,188.0
54eadd5,54eadd5,54eadd4,54ead,-7525.337299246907,-11170.670690619092,13560.722437296758,3.0,-238252.01625569857,-353602.5997559113,429562.2097340289,95.0,-470923.4676309533,-699497.476482812,850609.381873167,188.0
54eae9,54eae9,54eaf,54eaf,-113063.57752899498,-167765.4263742558,203139.42329767495,45.0,0.0,0.0,0.0,0.0,-279128.2744092664,-414074.7999322004,500734.98479804234,111.0
54eaeb,54eaeb,54eaf,54eaf,-50243.7039072285,-74647.98915895814,90217.21787333314,20.0,0.0,0.0,0.0,0.0,-279128.2744092664,-414074.7999322004,500734.98479804234,111.0
54eaed,54eaed,54eaf,54eaf,-110783.7667768751,-164206.48390319676,198355.60438857542,44.0,0.0,0.0,0.0,0.0,-279128.2744092664,-414074.7999322004,500734.98479804234,111.0
54eaef,54eaef,54eaf,54eaf,-5037.226196167878,-7454.900495789671,9022.739238458837,2.0,0.0,0.0,0.0,0.0,-279128.2744092664,-414074.7999322004,500734.98479804234,111.0
54eb24,54eb24,54eb24,54eb4,-32515.39903575566,-48260.79388241713,58934.818682717996,13.0,-32515.39903575566,-48260.79388241713,58934.818682717996,13.0,-488596.3620870119,-726229.3095779045,890593.9723222712,196.0
54eb29,54eb29,54eb2c,54eb4,-27463.984077110683,-40802.998034867946,49921.985341077816,11.0,0.0,0.0,0.0,0.0,-488596.3620870119,-726229.3095779045,890593.9723222712,196.0
54eb2b,54eb2b,54eb2c,54eb4,-67156.48097323363,-100290.03297739898,122563.61237038704,27.0,0.0,0.0,0.0,0.0,-488596.3620870119,-726229.3095779045,890593.9723222712,196.0
54eb2d,54eb2d,54eb2c,54eb4,-27391.093059145966,-40768.49196086382,49990.15902630822,11.0,0.0,0.0,0.0,0.0,-488596.3620870119,-726229.3095779045,890593.9723222712,196.0
54eb2f,54eb2f,54eb2c,54eb4,0.0,0.0,0.0,0.0,0.0,0.0,0.0,0.0,-488596.3620870119,-726229.3095779045,890593.9723222712,196.0
54eb34,54eb34,54eb34,54eb4,0.0,0.0,0.0,0.0,-166814.09628669563,-247872.13824115854,304860.36164252803,67.0,-488596.3620870119,-726229.3095779045,890593.9723222712,196.0
80964,80964,8094,8094,-4863.761484999808,-8770.09713238195,7860.539765742709,2.0,-199524.92645576742,-361638.64821942966,330188.1250019772,83.0,-199524.92645576742,-361638.64821942966,330188.1250019772,83.0
80974,80974,8094,8094,-36799.022057135684,-65018.28235755053,59591.49735122996,15.0,-199524.92645576742,-361638.64821942966,330188.1250019772,83.0,-199524.92645576742,-361638.64821942966,330188.1250019772,83.0
8097d,8097d,8094,8094,-2414.2452414453674,-4373.527968175702,3953.9127652770417,1.0,-199524.92645576742,-361638.64821942966,330188.1250019772,83.0,-199524.92645576742,-361638.64821942966,330188.1250019772,83.0
8097e4,8097e4,8094,8094,-95697.83395476689,-174616.3057344788,159042.9307672903,40.0,-199524.92645576742,-361638.64821942966,330188.1250019772,83.0,-199524.92645576742,-361638.64821942966,330188.1250019772,83.0
8097fc,8097fc,8094,8094,-59750.06371741965,-108860.43502684268,99739.24435243715,25.0,-199524.92645576742,-361638.64821942966,330188.1250019772,83.0,-199524.92645576742,-361638.64821942966,330188.1250019772,83.0
80981,80981,80981,80984,-67067.33797566604,-121250.90412049179,112350.07918144045,28.0,-67067.33797566604,-121250.90412049179,112350.07918144045,28.0,-303264.5270628283,-544499.2491656735,505916.316827286,126.0
80983,80983,80983,80984,-69905.20353220066,-125429.38872423285,116261.25357304329,29.0,-69905.20353220066,-125429.38872423285,116261.25357304329,29.0,-303264.5270628283,-544499.2491656735,505916.316827286,126.0
809844,809844,80985,80984,-108531.55167279996,-194386.88728852995,180634.63567213074,45.0,-161545.53839474212,-289170.98086775,269240.1142317261,67.0,-303264.5270628283,-544499.2491656735,505916.316827286,126.0
80985c,80985c,80985,80984,-53013.98672194214,-94784.09357922012,88605.47855959533,22.0,-161545.53839474212,-289170.98086775,269240.1142317261,67.0,-303264.5270628283,-544499.2491656735,505916.316827286,126.0
80987,80987,80987,80984,-4746.447160219528,-8647.975453198713,8064.869841076015,2.0,-4746.447160219528,-8647.975453198713,8064.869841076015,2.0,-303264.5270628283,-544499.2491656735,505916.316827286,126.0
80989,80989,80989,80989,-49744.49596304005,-90491.25378655091,85069.92381567352,21.0,-49744.49596304005,-90491.25378655091,85069.92381567352,21.0,-49744.49596304005,-90491.25378655091,85069.92381567352,21.0
8098b,8098b,8098b,8098b,-89605.93876342295,-162688.4157551959,155288.64510602682,38.0,-89605.93876342295,-162688.4157551959,155288.64510602682,38.0,-89605.93876342295,-162688.4157551959,155288.64510602682,38.0
8098c4,8098c4,8098c4,8098d,-28640.69863421956,-51397.286899847415,48815.460846188456,12.0,-28640.69863421956,-51397.286899847415,48815.460846188456,12.0,-427358.5402626947,-761512.6855240224,723537.7932364307,178.0
8098d4,8098d4,8098d4,8098d,-23995.051781185233,-42665.508787455095,40778.244130923624,10.0,-23995.051781185233,-42665.508787455095,40778.244130923624,10.0,-427358.5402626947,-761512.6855240224,723537.7932364307,178.0
8098d9,8098d9,8098d9,8098d,-72057.37440949661,-128227.22263235369,122050.3527894565,30.0,-72057.37440949661,-128227.22263235369,122050.3527894565,30.0,-427358.5402626947,-761512.6855240224,723537.7932364307,178.0
8098dc4,8098dc4,8098dd,8098d,-64830.90769361996,-115510.59692409834,109746.00109997683,27.0,-232838.93128524808,-415158.4467102772,394129.96263119025,97.0,-427358.5402626947,-761512.6855240224,723537.7932364307,178.0
8098dd4,8098dd4,8098dd,8098d,-93558.38010153646,-166976.97748828624,158437.78081501232,39.0,-232838.93128524808,-415158.4467102772,394129.96263119025,97.0,-427358.5402626947,-761512.6855240224,723537.7932364307,178.0
8098ddc,8098ddc,8098dd,8098d,-74449.64349009166,-132670.8722978926,125946.1807162011,31.0,-232838.93128524808,-415158.4467102772,394129.96263119025,97.0,-427358.5402626947,-761512.6855240224,723537.7932364307,178.0
8098df,8098df,8098df,8098d,-69826.48415254516,-124064.22049408892,117763.77283867175,29.0,-69826.48415254516,-124064.22049408892,117763.77283867175,29.0,-427358.5402626947,-761512.6855240224,723537.7932364307,178.0
8098e4,8098e4,8098e4,8098f,-40910.06003177017,-72819.68431955163,68949.79424479835,17.0,-40910.06003177017,-72819.68431955163,68949.79424479835,17.0,-384147.0431584907,-686523.7333886399,648236.0024611034,160.0
8098ec,8098ec,8098ec,8098f,0.0,0.0,0.0,0.0,-153204.78993937696,-274310.9852358706,259879.5037597959,64.0,-384147.0431584907,-686523.7333886399,648236.0024611034,160.0
8098f4,8098f4,8098f4,8098f,-76896.21512257386,-137479.8754478254,129422.39180213869,32.0,-76896.21512257386,-137479.8754478254,129422.39180213869,32.0,-384147.0431584907,-686523.7333886399,648236.0024611034,160.0
8098fc,8098fc,8098fc,8098f,-113135.97806476966,-201913.1883853923,189984.3126543704,47.0,-113135.97806476966,-201913.1883853923,189984.3126543704,47.0,-384147.0431584907,-686523.7333886399,648236.0024611034,160.0
809904,809904,809904,809904,-65648.8675064381,-115807.36842653701,108943.97288532124,27.0,-65648.8675064381,-115807.36842653701,108943.97288532124,27.0,-65648.8675064381,-115807.36842653701,108943.97288532124,27.0
809909,809909,80990c,80990c,-53694.33193723779,-94349.4497308272,88659.66419135322,22.0,0.0,0.0,0.0,0.0,-427847.2566723487,-749981.1428031778,705361.0392999973,175.0
80990b,80990b,80990c,80990c,0.0,0.0,0.0,0.0,0.0,0.0,0.0,0.0,-427847.2566723487,-749981.1428031778,705361.0392999973,175.0
80990d,80990d,80990c,80990c,-58764.39756850538,-102766.35339993917,96775.60073942028,24.0,0.0,0.0,0.0,0.0,-427847.2566723487,-749981.1428031778,705361.0392999973,175.0
80990f,80990f,80990c,80990c,0.0,0.0,0.0,0.0,0.0,0.0,0.0,0.0,-427847.2566723487,-749981.1428031778,705361.0392999973,175.0
809911,809911,809911,809911,-21945.562408236263,-38516.38505837656,36368.25703352978,9.0,-21945.562408236263,-38516.38505837656,36368.25703352978,9.0,-21945.562408236263,-38516.38505837656,36368.25703352978,9.0
809912c,809912c,809913,809913,-22031.051004928635,-38495.02858256402,36339.171119749044,9.0,-163717.99926841212,-286502.4665618222,270776.8524205293,67.0,-163717.99926841212,-286502.4665618222,270776.8524205293,67.0
8099134,8099134,809913,809913,-66015.99536254084,-115440.20130376889,109111.76122819309,27.0,-163717.99926841212,-286502.4665618222,270776.8524205293,67.0,-163717.99926841212,-286502.4665618222,270776.8524205293,67.0
809913c,809913c,809913,809913,-75670.95290094266,-132567.23667548932,125325.92007258718,31.0,-163717.99926841212,-286502.4665618222,270776.8524205293,67.0,-163717.99926841212,-286502.4665618222,270776.8524205293,67.0
8099144,8099144,8099144,809915,-92739.84513697177,-162406.9633192729,153736.46393948636,38.0,-92739.84513697177,-162406.9633192729,153736.46393948636,38.0,0.0,0.0,0.0,0.0
8099149,8099149,809914c,809915,-65967.70806179705,-115395.09210134551,109188.66164101522,27.0,-166145.73320262454,-290578.76369574387,275039.24326670496,68.0,0.0,0.0,0.0,0.0
809914b,809914b,809914c,809915,-21999.748625249333,-38462.17800035871,36392.882324447346,9.0,-166145.73320262454,-290578.76369574387,275039.24326670496,68.0,0.0,0.0,0.0,0.0
809914d,809914d,809914c,809915,-24443.606129091695,-42719.31208936075,40454.24249890613,10.0,-166145.73320262454,-290578.76369574387,275039.24326670496,68.0,0.0,0.0,0.0,0.0
809914f,809914f,809914c,809915,-53734.67038648645,-94002.1815046789,89003.45680233632,22.0,-166145.73320262454,-290578.76369574387,275039.24326670496,68.0,0.0,0.0,0.0,0.0
8099154,8099154,8099154,809915,0.0,0.0,0.0,0.0,-202731.88955876703,-354476.19719215785,335960.1205967666,83.0,0.0,0.0,0.0,0.0
809915c,809915c,809915c,809915,-60992.47989877274,-106792.52107237841,101212.00253627353,25.0,-60992.47989877274,-106792.52107237841,101212.00253627353,25.0,0.0,0.0,0.0,0.0
80991c,80991c,80991c,80991c,-21762.830066352613,-38503.84823635024,36491.131611418816,9.0,-21762.830066352613,-38503.84823635024,36491.131611418816,9.0,-21762.830066352613,-38503.84823635024,36491.131611418816,9.0
809924,809924,809924,809924,-116076.65357481659,-205186.70648675342,194790.58707686176,48.0,-116076.65357481659,-205186.70648675342,194790.58707686176,48.0,-116076.65357481659,-205186.70648675342,194790.58707686176,48.0
809934,809934,809934,809934,0.0,0.0,0.0,0.0,-165305.1090303063,-289658.48864023085,276512.50740566,68.0,-165305.1090303063,-289658.48864023085,276512.50740566,68.0
8099384,8099384,8099384,809939,0.0,0.0,0.0,0.0,-126763.09220299535,-221588.76208365697,211149.765258445,52.0,0.0,0.0,0.0,0.0
809938c,809938c,809938c,809939,0.0,0.0,0.0,0.0,0.0,0.0,0.0,0.0,0.0,0.0,0.0,0.0
8099394,8099394,8099394,809939,0.0,0.0,0.0,0.0,-192347.40080616486,-336911.63698657235,320645.6917060052,79.0,0.0,0.0,0.0,0.0
8099399,8099399,809939c,809939,-48649.57888703774,-85271.83320818795,81227.05163895046,20.0,-206855.99083062168,-362332.75380967534,345234.01437691157,85.0,0.0,0.0,0.0,0.0
809939b,809939b,809939c,809939,-77902.68994187072,-136412.41495544696,129948.95161511337,32.0,-206855.99083062168,-362332.75380967534,345234.01437691157,85.0,0.0,0.0,0.0,0.0
809939d,809939d,809939c,809939,-60841.80051028019,-106548.1267926399,101559.67334062811,25.0,-206855.99083062168,-362332.75380967534,345234.01437691157,85.0,0.0,0.0,0.0,0.0
809939f,809939f,809939c,809939,-19461.921491432982,-34100.378853400536,32498.33778221956,8.0,-206855.99083062168,-362332.75380967534,345234.01437691157,85.0,0.0,0.0,0.0,0.0
80993b,80993b,80993b,80993b,0.0,0.0,0.0,0.0,-172564.96325363332,-302738.7750419435,288415.47905310645,71.0,-172564.96325363332,-302738.7750419435,288415.47905310645,71.0
80993d,80993d,80993d,80993d,-85076.38776588677,-149503.89726212912,141890.91914392877,35.0,-85076.38776588677,-149503.89726212912,141890.91914392877,35.0,-85076.38776588677,-149503.89726212912,141890.91914392877,35.0
80993e4,80993e4,80993e4,80993f,-68257.7549150856,-119541.54078056231,113459.52394762753,28.0,-68257.7549150856,-119541.54078056231,113459.52394762753,28.0,0.0,0.0,0.0,0.0
80993ec,80993ec,80993ec,80993f,0.0,0.0,0.0,0.0,0.0,0.0,0.0,0.0,0.0,0.0,0.0,0.0
80993f4,80993f4,80993f4,80993f,0.0,0.0,0.0,0.0,0.0,0.0,0.0,0.0,0.0,0.0,0.0,0.0
80993fc,80993fc,80993fc,80993f,0.0,0.0,0.0,0.0,0.0,0.0,0.0,0.0,0.0,0.0,0.0,0.0
8099404,8099404,809941,809941,0.0,0.0,0.0,0.0,0.0,0.0,0.0,0.0,0.0,0.0,0.0,0.0
809940c,809940c,809941,809941,0.0,0.0,0.0,0.0,0.0,0.0,0.0,0.0,0.0,0.0,0.0,0.0
8099414,8099414,809941,809941,-97883.73021834674,-170554.39255193732,162091.25789221915,40.0,0.0,0.0,0.0,0.0,0.0,0.0,0.0,0.0
809941c,809941c,809941,809941,-9788.888322022545,-17061.944555731498,16201.967875569937,4.0,0.0,0.0,0.0,0.0,0.0,0.0,0.0,0.0
8099441,8099441,809945,809945,-83284.84458495422,-144872.51397706254,137830.85071095751,34.0,0.0,0.0,0.0,0.0,-301430.2325876018,-523936.4906619295,498710.99621636665,123.0
8099443,8099443,809945,809945,-61222.37611056446,-106504.70511477735,101376.34703862316,25.0,0.0,0.0,0.0,0.0,-301430.2325876018,-523936.4906619295,498710.99621636665,123.0
8099445,8099445,809945,809945,-58810.78027829432,-102224.19751377338,97320.1064915497,24.0,0.0,0.0,0.0,0.0,-301430.2325876018,-523936.4906619295,498710.99621636665,123.0
8099447,8099447,809945,809945,-2451.373463023893,-4259.978658223589,4053.77640058492,1.0,0.0,0.0,0.0,0.0,-301430.2325876018,-523936.4906619295,498710.99621636665,123.0
809944c,809944c,809945,809945,-56442.51418024997,-97942.43425692694,93238.94569117465,23.0,0.0,0.0,0.0,0.0,-301430.2325876018,-523936.4906619295,498710.99621636665,123.0
8099454,8099454,809945,809945,-22071.467987775373,-38320.54580120164,36498.71274870315,9.0,0.0,0.0,0.0,0.0,-301430.2325876018,-523936.4906619295,498710.99621636665,123.0
809945c,809945c,809945,809945,-17146.875982739573,-29812.115339964104,28392.257134773547,7.0,0.0,0.0,0.0,0.0,-301430.2325876018,-523936.4906619295,498710.99621636665,123.0
8099464,8099464,8099464,809947,-39094.40585044803,-68148.46821169597,64949.132482991656,16.0,-39094.40585044803,-68148.46821169597,64949.132482991656,16.0,0.0,0.0,0.0,0.0
809946c,809946c,809946c,809947,0.0,0.0,0.0,0.0,-136999.6837505859,-238651.41961907677,227081.58346810844,56.0,0.0,0.0,0.0,0.0
8099474,8099474,8099474,809947,0.0,0.0,0.0,0.0,0.0,0.0,0.0,0.0,0.0,0.0,0.0,0.0
809947c,809947c,809947c,809947,0.0,0.0,0.0,0.0,-134264.61107619887,-234319.8413219164,223273.87081572457,55.0,0.0,0.0,0.0,0.0
8099484,8099484,8099484,809949,-36612.06322259763,-63879.500884661604,60923.398406142136,15.0,-36612.06322259763,-63879.500884661604,60923.398406142136,15.0,-471407.63970859384,-821338.0197545439,784287.0134427659,193.0
8099489,8099489,809948c,809949,-80611.8589093937,-140501.2367582765,134027.50206702118,33.0,-180789.3920338027,-315006.41281658574,300592.13837419124,74.0,-471407.63970859384,-821338.0197545439,784287.0134427659,193.0
809948d,809948d,809948c,809949,-43996.33597172655,-76605.1942553232,73123.5017916403,18.0,-180789.3920338027,-315006.41281658574,300592.13837419124,74.0,-471407.63970859384,-821338.0197545439,784287.0134427659,193.0
809948f,809948f,809948c,809949,-51293.45916401576,-89386.33248958056,85317.90823524089,21.0,-180789.3920338027,-315006.41281658574,300592.13837419124,74.0,-471407.63970859384,-821338.0197545439,784287.0134427659,193.0
8099494,8099494,8099494,809949,0.0,0.0,0.0,0.0,-210091.43608699678,-365863.0108200342,349582.0975133211,86.0,-471407.63970859384,-821338.0197545439,784287.0134427659,193.0
809949c,809949c,809949c,809949,-43914.74836519675,-76589.0952332623,73189.37914911142,18.0,-43914.74836519675,-76589.0952332623,73189.37914911142,18.0,-471407.63970859384,-821338.0197545439,784287.0134427659,193.0
80994b,80994b,80994b,80994b,0.0,0.0,0.0,0.0,-134337.81630632447,-233876.53123977172,223694.21472215853,55.0,-134337.81630632447,-233876.53123977172,223694.21472215853,55.0
80994d,80994d,80994d,80994d,0.0,0.0,0.0,0.0,-215245.0569573716,-374038.6832010321,357898.86145780655,88.0,-215245.0569573716,-374038.6832010321,357898.86145780655,88.0
80994f,80994f,80994f,80994f,0.0,0.0,0.0,0.0,-173664.73935111557,-301999.8093624759,288530.0620024085,71.0,-173664.73935111557,-301999.8093624759,288530.0620024085,71.0
8099524,8099524,809954,809954,-29415.71766321858,-50983.78664946653,48788.25128583693,12.0,-144626.83970859574,-250578.69143832594,239971.4924501606,59.0,-144626.83970859574,-250578.69143832594,239971.4924501606,59.0
809952c,809952c,809954,809954,-112758.27127995269,-195350.33750987207,187114.2210284207,46.0,-144626.83970859574,-250578.69143832594,239971.4924501606,59.0,-144626.83970859574,-250578.69143832594,239971.4924501606,59.0
8099534,8099534,809954,809954,-2452.8507654244613,-4244.567278987405,4069.020135902934,1.0,-144626.83970859574,-250578.69143832594,239971.4924501606,59.0,-144626.83970859574,-250578.69143832594,239971.4924501606,59.0
80995c,80995c,80995c,80995c,-100854.5885412633,-174629.45345074224,166024.80866451614,41.0,-100854.5885412633,-174629.45345074224,166024.80866451614,41.0,-100854.5885412633,-174629.45345074224,166024.80866451614,41.0
809964,809964,809964,809964,-27107.043746630072,-46916.23211623946,44445.82440265535,11.0,-27107.043746630072,-46916.23211623946,44445.82440265535,11.0,-27107.043746630072,-46916.23211623946,44445.82440265535,11.0
80996b,80996b,80996b,80996c,-63633.95873865365,-111064.43175313555,105138.37514425397,26.0,-63633.95873865365,-111064.43175313555,105138.37514425397,26.0,-311619.21942766284,-542741.4614378221,512831.92874789913,127.0
80996c4,80996c4,80996d,80996c,-66234.31224039772,-115369.2738585061,109054.45797228238,27.0,-134845.297860963,-235099.96069372556,222100.7193652787,55.0,-311619.21942766284,-542741.4614378221,512831.92874789913,127.0
80996cc,80996cc,80996d,80996c,-17142.234609364095,-29923.722542778167,28277.418330514032,7.0,-134845.297860963,-235099.96069372556,222100.7193652787,55.0,-311619.21942766284,-542741.4614378221,512831.92874789913,127.0
80996d4,80996d4,80996d,80996c,-51468.751011201224,-89806.96429244129,84768.8430624823,21.0,-134845.297860963,-235099.96069372556,222100.7193652787,55.0,-311619.21942766284,-542741.4614378221,512831.92874789913,127.0
80996f,80996f,80996f,80996c,-113139.96282804619,-196577.0689909608,185592.83423836637,46.0,-113139.96282804619,-196577.0689909608,185592.83423836637,46.0,-311619.21942766284,-542741.4614378221,512831.92874789913,127.0
8099704,8099704,809971,809974,0.0,0.0,0.0,0.0,0.0,0.0,0.0,0.0,0.0,0.0,0.0,0.0
809970c,809970c,809971,809974,-110848.93737369771,-192528.04381178133,181217.3103526898,45.0,0.0,0.0,0.0,0.0,0.0,0.0,0.0,0.0
8099714,8099714,809971,809974,-14776.575086881976,-25672.925118040806,24161.63800275093,6.0,0.0,0.0,0.0,0.0,0.0,0.0,0.0,0.0
809971c,809971c,809971,809974,-4919.914347968783,-8552.164825603752,8063.121629702844,2.0,0.0,0.0,0.0,0.0,0.0,0.0,0.0,0.0
809973,809973,809973,809974,-73583.98418098108,-128380.68482676969,120973.42332519799,30.0,-73583.98418098108,-128380.68482676969,120973.42332519799,30.0,0.0,0.0,0.0,0.0
809975,809975,809975,809974,-39253.68638070699,-68536.387486407,64442.9013067037,16.0,-39253.68638070699,-68536.387486407,64442.9013067037,16.0,0.0,0.0,0.0,0.0
809977,809977,809977,809974,-91190.93669539622,-158407.02528047198,148858.2880827462,37.0,-91190.93669539622,-158407.02528047198,148858.2880827462,37.0,0.0,0.0,0.0,0.0
80997c,80997c,80997c,80997c,-24684.99404100068,-42749.633240264724,40275.17980211058,10.0,-24684.99404100068,-42749.633240264724,40275.17980211058,10.0,-24684.99404100068,-42749.633240264724,40275.17980211058,10.0
809984,809984,809984,80999,-12373.34167109129,-21438.35824378702,20050.95796663213,5.0,-12373.34167109129,-21438.35824378702,20050.95796663213,5.0,0.0,0.0,0.0,0.0
809994,809994,809994,80999,0.0,0.0,0.0,0.0,-130832.89546306108,-227678.8058566054,212277.3758273743,53.0,0.0,0.0,0.0,0.0
809999,809999,809999,80999,-4921.908651123392,-8590.739284852503,8020.786340537059,2.0,-4921.908651123392,-8590.739284852503,8020.786340537059,2.0,0.0,0.0,0.0,0.0
80999a4,80999a4,80999b,80999,-22225.10309616659,-38642.91825588464,36062.993906477495,9.0,0.0,0.0,0.0,0.0,0.0,0.0,0.0,0.0
80999ac,80999ac,80999b,80999,0.0,0.0,0.0,0.0,0.0,0.0,0.0,0.0,0.0,0.0,0.0,0.0
80999b4,80999b4,80999b,80999,-96400.66390584125,-167292.98444401563,156387.28312016913,39.0,0.0,0.0,0.0,0.0,0.0,0.0,0.0,0.0
80999bc,80999bc,80999b,80999,-2468.7158019872845,-4291.149232601736,4010.1413543960334,1.0,0.0,0.0,0.0,0.0,0.0,0.0,0.0,0.0
80999cc,80999cc,80999d,80999,-66686.22748039008,-115753.62411735312,108369.62065825255,27.0,-138219.25410129016,-240032.24772073084,224876.3967927241,56.0,0.0,0.0,0.0,0.0
80999d4,80999d4,80999d,80999,-27152.989265132735,-47139.40186185968,44180.90082743892,11.0,-138219.25410129016,-240032.24772073084,224876.3967927241,56.0,0.0,0.0,0.0,0.0
80999dc,80999dc,80999d,80999,-44380.03735576733,-77139.22174151806,72325.8753070326,18.0,-138219.25410129016,-240032.24772073084,224876.3967927241,56.0,0.0,0.0,0.0,0.0
80999f,80999f,80999f,80999,-39352.23148742494,-68603.716314316,64311.01996175329,16.0,-39352.23148742494,-68603.716314316,64311.01996175329,16.0,0.0,0.0,0.0,0.0
8099a1,8099a1,8099a4,8099b,0.0,0.0,0.0,0.0,-240482.0300227358,-420545.02740132314,393870.57623639377,98.0,-378167.73281497636,-661496.1835139092,618090.5174303636,154.0
8099a3,8099a3,8099a4,8099b,-56508.90659983585,-98776.24001286134,92314.54140006202,23.0,-240482.0300227358,-420545.02740132314,393870.57623639377,98.0,-378167.73281497636,-661496.1835139092,618090.5174303636,154.0
8099bc,8099bc,8099bc,8099b,0.0,0.0,0.0,0.0,-137685.70279224054,-240951.1561125861,224219.94119396986,56.0,-378167.73281497636,-661496.1835139092,618090.5174303636,154.0
8099c4,8099c4,8099c4,8099d,-51558.82865005696,-90573.12617983237,83894.35964159737,21.0,-51558.82865005696,-90573.12617983237,83894.35964159737,21.0,-390515.3075234642,-687300.6978715141,633453.2581874039,159.0
8099cc,8099cc,8099cc,8099d,-39235.202255276905,-69097.52408186921,63852.219618666975,16.0,-39235.202255276905,-69097.52408186921,63852.219618666975,16.0,-390515.3075234642,-687300.6978715141,633453.2581874039,159.0
8099d1,8099d1,8099d4,8099d,-85848.8097232448,-151340.38666822563,139457.89607316238,35.0,-188910.571823894,-333125.99826993514,306588.30881984433,77.0,-390515.3075234642,-687300.6978715141,633453.2581874039,159.0
8099d7,8099d7,8099d4,8099d,-100613.89917829861,-177460.22991230342,163144.33779956782,41.0,-188910.571823894,-333125.99826993514,306588.30881984433,77.0,-390515.3075234642,-687300.6978715141,633453.2581874039,159.0
8099dc,8099dc,8099dc,8099d,-110810.70479423642,-194504.04933987744,179118.3701072951,45.0,-110810.70479423642,-194504.04933987744,179118.3701072951,45.0,-390515.3075234642,-687300.6978715141,633453.2581874039,159.0
8099e4,8099e4,8099f,8099f,-109097.65450196866,-190159.23239735048,174696.61980873524,44.0,-160993.1557206714,-280666.7957231652,258454.09809738162,65.0,-160993.1557206714,-280666.7957231652,258454.09809738162,65.0
8099ec,8099ec,8099f,8099f,-51895.50121870279,-90507.56332581464,83757.47828864635,21.0,-160993.1557206714,-280666.7957231652,258454.09809738162,65.0,-160993.1557206714,-280666.7957231652,258454.09809738162,65.0
809e4,809e4,809e4,809e4,-16636.706182069134,-29395.967267872256,29120.282844357163,7.0,-16636.706182069134,-29395.967267872256,29120.282844357163,7.0,-16636.706182069134,-29395.967267872256,29120.282844357163,7.0
809e9,809e9,809e9,809e9,-39148.46103026712,-67545.51428535761,65543.69533603992,16.0,-39148.46103026712,-67545.51428535761,65543.69533603992,16.0,-39148.46103026712,-67545.51428535761,65543.69533603992,16.0
809ea3,809ea3,809ea4,809ea4,-29334.425848083254,-50739.16651573378,49091.263352862836,12.0,-132042.66140478506,-228537.9313273294,220669.01786411554,54.0,-132042.66140478506,-228537.9313273294,220669.01786411554,54.0
809ea5,809ea5,809ea4,809ea4,-102708.2355567018,-177798.7648115956,171577.7545112527,42.0,-132042.66140478506,-228537.9313273294,220669.01786411554,54.0,-132042.66140478506,-228537.9313273294,220669.01786411554,54.0
809ead,809ead,809eac,809eac,-117722.09897890504,-203607.03840942218,195459.60238136176,48.0,-171633.08100982674,-296844.8132008417,285157.7705056645,70.0,-171633.08100982674,-296844.8132008417,285157.7705056645,70.0
809eaf,809eaf,809eac,809eac,-53910.98203092165,-93237.77479141958,89698.1681243027,22.0,-171633.08100982674,-296844.8132008417,285157.7705056645,70.0,-171633.08100982674,-296844.8132008417,285157.7705056645,70.0
809eb04,809eb04,809eb4,809eb4,-68347.55565752476,-118681.49702030202,114305.2009825445,28.0,-224566.1461778009,-390258.09488777834,375260.15625542373,92.0,-224566.1461778009,-390258.09488777834,375260.15625542373,92.0
809eb14,809eb14,809eb4,809eb4,-19529.55800626579,-33937.98315440447,32627.50140536245,8.0,-224566.1461778009,-390258.09488777834,375260.15625542373,92.0,-224566.1461778009,-390258.09488777834,375260.15625542373,92.0
809eb1c,809eb1c,809eb4,809eb4,-51281.450438742635,-89056.99378090486,85668.81241882262,21.0,-224566.1461778009,-390258.09488777834,375260.15625542373,92.0,-224566.1461778009,-390258.09488777834,375260.15625542373,92.0
809eb3,809eb3,809eb4,809eb4,-78091.40300056027,-135844.7249352978,130429.46402169636,32.0,-224566.1461778009,-390258.09488777834,375260.15625542373,92.0,-224566.1461778009,-390258.09488777834,375260.15625542373,92.0
809eb5,809eb5,809eb4,809eb4,-7316.179074707421,-12736.895996869154,12229.177426997783,3.0,-224566.1461778009,-390258.09488777834,375260.15625542373,92.0,-224566.1461778009,-390258.09488777834,375260.15625542373,92.0
809ebc,809ebc,809ebc,809ebc,-41510.430119708675,-72011.44432222418,69438.27742739517,17.0,-41510.430119708675,-72011.44432222418,69438.27742739517,17.0,-41510.430119708675,-72011.44432222418,69438.27742739517,17.0
809ed,809ed,809ed,809ed,-50637.192620618516,-89208.55455920374,85893.93110089056,21.0,-50637.192620618516,-89208.55455920374,85893.93110089056,21.0,-50637.192620618516,-89208.55455920374,85893.93110089056,21.0
809ef,809ef,809ef,809ef,-2411.5058160714975,-4231.19860863522,4107.475034983676,1.0,-2411.5058160714975,-4231.19860863522,4107.475034983676,1.0,-2411.5058160714975,-4231.19860863522,4107.475034983676,1.0
809f4,809f4,809f4,809f4,-93081.8545190082,-165439.16294449588,160318.49646174262,39.0,-93081.8545190082,-165439.16294449588,160318.49646174262,39.0,-93081.8545190082,-165439.16294449588,160318.49646174262,39.0
809fac,809fac,809fac,809fac,-85327.71643154947,-151818.12815820918,149247.2558125774,36.0,-85327.71643154947,-151818.12815820918,149247.2558125774,36.0,-85327.71643154947,-151818.12815820918,149247.2558125774,36.0
809fb1,809fb1,809fb1,809fb1,0.0,0.0,0.0,0.0,-189119.8343970981,-336937.2563509439,332387.3919733806,80.0,-189119.8343970981,-336937.2563509439,332387.3919733806,80.0
809fb3,809fb3,809fb3,809fb3,0.0,0.0,0.0,0.0,-172960.34552011066,-307488.895095548,303047.9359475779,73.0,-172960.34552011066,-307488.895095548,303047.9359475779,73.0
809fb5,809fb5,809fb5,809fb5,-4730.073117646654,-8418.623150604275,8313.374918303089,2.0,-4730.073117646654,-8418.623150604275,8313.374918303089,2.0,-4730.073117646654,-8418.623150604275,8313.374918303089,2.0
809fb6c,809fb6c,809fb6c,809fb7,-21255.91613828054,-37896.26966156645,37414.28346016963,9.0,-21255.91613828054,-37896.26966156645,37414.28346016963,9.0,0.0,0.0,0.0,0.0
809fb71,809fb71,809fb71,809fb7,-9437.662747852293,-16839.96995781911,16636.765688716012,4.0,-9437.662747852293,-16839.96995781911,16636.765688716012,4.0,0.0,0.0,0.0,0.0
809fb744,809fb744,809fb744,809fb7,-54241.353409947005,-96855.84955365538,95649.35615440864,23.0,-54241.353409947005,-96855.84955365538,95649.35615440864,23.0,0.0,0.0,0.0,0.0
809fb74c,809fb74c,809fb74c,809fb7,-35379.6961832868,-63179.86374319149,62364.0630284833,15.0,-35379.6961832868,-63179.86374319149,62364.0630284833,15.0,0.0,0.0,0.0,0.0
809fb754,809fb754,809fb754,809fb7,-23575.95080233448,-42119.50107960873,41582.41782118454,10.0,-23575.95080233448,-42119.50107960873,41582.41782118454,10.0,0.0,0.0,0.0,0.0
809fb759,809fb759,809fb759,809fb7,-68361.67789060142,-122137.48187443418,120603.06333283904,29.0,-68361.67789060142,-122137.48187443418,120603.06333283904,29.0,0.0,0.0,0.0,0.0
809fb75b,809fb75b,809fb75b,809fb7,-30647.92103291333,-54749.66838600049,54063.36121921902,13.0,-30647.92103291333,-54749.66838600049,54063.36121921902,13.0,0.0,0.0,0.0,0.0
809fb75d,809fb75d,809fb75d,809fb7,-30649.434769745963,-54746.967507116424,54065.23808135548,13.0,-30649.434769745963,-54746.967507116424,54065.23808135548,13.0,0.0,0.0,0.0,0.0
809fb75e1,809fb75e1,809fb75f,809fb7,0.0,0.0,0.0,0.0,0.0,0.0,0.0,0.0,0.0,0.0,0.0,0.0
809fb75e5,809fb75e5,809fb75f,809fb7,-28285.157318634796,-50535.96869439556,49909.8206163223,12.0,0.0,0.0,0.0,0.0,0.0,0.0,0.0,0.0
809fb75e7,809fb75e7,809fb75f,809fb7,0.0,0.0,0.0,0.0,0.0,0.0,0.0,0.0,0.0,0.0,0.0,0.0
809fb75ec,809fb75ec,809fb75f,809fb7,-82504.29592327973,-147402.15082041078,145561.30896990313,35.0,0.0,0.0,0.0,0.0,0.0,0.0,0.0,0.0
809fb75f4,809fb75f4,809fb75f,809fb7,-28284.442044507454,-50537.33548139085,49908.842010609136,12.0,0.0,0.0,0.0,0.0,0.0,0.0,0.0,0.0
809fb75fc,809fb75fc,809fb75f,809fb7,-54210.12819870853,-96861.49623278403,95661.33991162918,23.0,0.0,0.0,0.0,0.0,0.0,0.0,0.0,0.0
809fb77,809fb77,809fb77,809fb7,0.0,0.0,0.0,0.0,-143803.7918979004,-256853.80039016312,253734.24014397533,61.0,0.0,0.0,0.0,0.0
809fb7c,809fb7c,809fb7c,809fb7,-4713.78606086811,-8418.74780102738,8322.494485794341,2.0,-4713.78606086811,-8418.74780102738,8322.494485794341,2.0,0.0,0.0,0.0,0.0
809fb83,809fb83,809fb84,809fbc,0.0,0.0,0.0,0.0,0.0,0.0,0.0,0.0,0.0,0.0,0.0,0.0
809fb85,809fb85,809fb84,809fbc,0.0,0.0,0.0,0.0,0.0,0.0,0.0,0.0,0.0,0.0,0.0,0.0
809fb8c,809fb8c,809fb8c,809fbc,-23485.3664685127,-42106.79628197123,41646.493176330594,10.0,-23485.3664685127,-42106.79628197123,41646.493176330594,10.0,0.0,0.0,0.0,0.0
809fb94,809fb94,809fb94,809fbc,-7054.9573660488095,-12637.198319942785,12483.451672922207,3.0,-7054.9573660488095,-12637.198319942785,12483.451672922207,3.0,0.0,0.0,0.0,0.0
809fb99,809fb99,809fb99,809fbc,-9415.111478068633,-16851.99815377671,16637.364098698883,4.0,-9415.111478068633,-16851.99815377671,16637.364098698883,4.0,0.0,0.0,0.0,0.0
809fb9b,809fb9b,809fb9b,809fbc,0.0,0.0,0.0,0.0,-134158.6364027002,-240044.610675648,237183.79390975673,57.0,0.0,0.0,0.0,0.0
809fb9c4,809fb9c4,809fb9d,809fbc,0.0,0.0,0.0,0.0,0.0,0.0,0.0,0.0,0.0,0.0,0.0,0.0
809fb9cc,809fb9cc,809fb9d,809fbc,0.0,0.0,0.0,0.0,0.0,0.0,0.0,0.0,0.0,0.0,0.0,0.0
809fb9d4,809fb9d4,809fb9d,809fbc,-84806.91770433141,-151576.7493756413,149788.50290513528,36.0,0.0,0.0,0.0,0.0,0.0,0.0,0.0,0.0
809fb9dc,809fb9dc,809fb9d,809fbc,-87181.91043424686,-155815.79392700564,153909.46896266332,37.0,0.0,0.0,0.0,0.0,0.0,0.0,0.0,0.0
809fb9f,809fb9f,809fb9f,809fbc,-110760.48647191394,-197964.75861318773,195460.56623864704,47.0,-110760.48647191394,-197964.75861318773,195460.56623864704,47.0,0.0,0.0,0.0,0.0
809fbb,809fbb,809fbb,809fbc,-28277.656880986913,-50582.14740980284,49867.25574390887,12.0,-28277.656880986913,-50582.14740980284,49867.25574390887,12.0,0.0,0.0,0.0,0.0
809fbd,809fbd,809fbd,809fbc,-7045.995360661602,-12647.621157249261,12477.956828233568,3.0,-7045.995360661602,-12647.621157249261,12477.956828233568,3.0,0.0,0.0,0.0,0.0
809fbf,809fbf,809fbf,809fbc,-42229.690228782754,-75799.95995681648,74980.65185379899,18.0,-42229.690228782754,-75799.95995681648,74980.65185379899,18.0,0.0,0.0,0.0,0.0
809fd,809fd,809fd,809fd,0.0,0.0,0.0,0.0,-190212.49219561415,-340878.5858200613,337535.4093866101,81.0,-190212.49219561415,-340878.5858200613,337535.4093866101,81.0
809ff,809ff,809ff,809ff,-55972.92316305463,-101037.77827048823,100190.23373378784,24.0,-55972.92316305463,-101037.77827048823,100190.23373378784,24.0,-55972.92316305463,-101037.77827048823,100190.23373378784,24.0
80c1,80c1,80c1,80c1,-84326.339550594,-164093.12263605013,136260.08276778852,36.0,-84326.339550594,-164093.12263605013,136260.08276778852,36.0,-84326.339550594,-164093.12263605013,136260.08276778852,36.0
80c58c,80c58c,80c5,80c5,-78921.69507962957,-163681.5245678931,129236.78810792498,35.0,-142602.87683550207,-294525.61873092083,232420.44578358115,63.0,-142602.87683550207,-294525.61873092083,232420.44578358115,63.0
80c594,80c594,80c5,80c5,-63681.181755872516,-130844.09416302768,103183.65767565621,28.0,-142602.87683550207,-294525.61873092083,232420.44578358115,63.0,-142602.87683550207,-294525.61873092083,232420.44578358115,63.0
80c64,80c64,80c64,80c64,-81160.76685703162,-166419.73249481525,135355.4556502861,36.0,-81160.76685703162,-166419.73249481525,135355.4556502861,36.0,-81160.76685703162,-166419.73249481525,135355.4556502861,36.0
80c6c,80c6c,80c6c,80c6c,-23009.72185025517,-46143.43342404913,37420.37817099752,10.0,-23009.72185025517,-46143.43342404913,37420.37817099752,10.0,-23009.72185025517,-46143.43342404913,37420.37817099752,10.0
80c704,80c704,80c704,80c71,-59545.93747269883,-119402.56405329416,98162.83395481115,26.0,-59545.93747269883,-119402.56405329416,98162.83395481115,26.0,-296082.4112405405,-591938.714346533,487229.57054698956,129.0
80c70c,80c70c,80c70c,80c71,-107143.83766580586,-215635.67034132974,178000.5610100864,47.0,-107143.83766580586,-215635.67034132974,178000.5610100864,47.0,-296082.4112405405,-591938.714346533,487229.57054698956,129.0
80c714,80c714,80c714,80c71,-18462.57797996103,-36643.09204693964,30235.082384239875,8.0,-18462.57797996103,-36643.09204693964,30235.082384239875,8.0,-296082.4112405405,-591938.714346533,487229.57054698956,129.0
80c71c,80c71c,80c71c,80c71,-110930.05812207478,-220257.38790496948,180831.09319785205,48.0,-110930.05812207478,-220257.38790496948,180831.09319785205,48.0,-296082.4112405405,-591938.714346533,487229.57054698956,129.0
80c73,80c73,80c73,80c73,0.0,0.0,0.0,0.0,-125323.77947878907,-246970.1182854964,204104.97069077683,54.0,-125323.77947878907,-246970.1182854964,204104.97069077683,54.0
80c744,80c744,80c744,80c75,-37046.85026727926,-73067.63410805305,60659.90720752346,16.0,-37046.85026727926,-73067.63410805305,60659.90720752346,16.0,-248158.74302882902,-487309.60754429875,407009.6513051658,107.0
80c74c,80c74c,80c74c,80c75,-11707.529011559835,-22809.080129106267,18905.646129514625,5.0,-11707.529011559835,-22809.080129106267,18905.646129514625,5.0,-248158.74302882902,-487309.60754429875,407009.6513051658,107.0
80c754,80c754,80c754,80c75,-106835.79997798071,-209405.01211135072,174995.74449892697,46.0,-106835.79997798071,-209405.01211135072,174995.74449892697,46.0,-248158.74302882902,-487309.60754429875,407009.6513051658,107.0
80c75c,80c75c,80c75c,80c75,-92568.56377200913,-182027.88119578874,152448.35346920078,40.0,-92568.56377200913,-182027.88119578874,152448.35346920078,40.0,-248158.74302882902,-487309.60754429875,407009.6513051658,107.0
80c77,80c77,80c77,80c77,-112152.69359268328,-223626.34334247565,186732.20985271974,49.0,-112152.69359268328,-223626.34334247565,186732.20985271974,49.0,-112152.69359268328,-223626.34334247565,186732.20985271974,49.0
80c78c,80c78c,80c79,80c79,-2236.1769648232466,-4576.025562090659,3827.434619528359,1.0,-158881.19850787707,-320693.54611872067,266086.44541969534,70.0,-158881.19850787707,-320693.54611872067,266086.44541969534,70.0
80c799,80c799,80c79,80c79,-45319.80915339,-91670.30785410269,76016.90638964713,20.0,-158881.19850787707,-320693.54611872067,266086.44541969534,70.0,-158881.19850787707,-320693.54611872067,266086.44541969534,70.0
80c79f,80c79f,80c79,80c79,-111325.21238966381,-224447.2127025274,186242.10441051982,49.0,-158881.19850787707,-320693.54611872067,266086.44541969534,70.0,-158881.19850787707,-320693.54611872067,266086.44541969534,70.0
80c7a4,80c7a4,80c7a4,80c7b,-99948.58075358199,-201725.03354225447,167029.77561739605,44.0,-99948.58075358199,-201725.03354225447,167029.77561739605,44.0,-348245.9174872123,-707214.8672309779,584117.6849672493,154.0
80c7ac,80c7ac,80c7ac,80c7b,-36451.002033343364,-73572.04266450586,60410.590336025205,16.0,-36451.002033343364,-73572.04266450586,60410.590336025205,16.0,-348245.9174872123,-707214.8672309779,584117.6849672493,154.0
80c7b4,80c7b4,80c7b4,80c7b,-27038.55825748032,-55253.5753589792,45396.94817301218,12.0,-27038.55825748032,-55253.5753589792,45396.94817301218,12.0,-348245.9174872123,-707214.8672309779,584117.6849672493,154.0
80c7b9,80c7b9,80c7bc,80c7b,-94499.98814834202,-193013.18319711415,159423.85904175133,42.0,-184807.7764428066,-376664.2156652384,311280.3708408159,82.0,-348245.9174872123,-707214.8672309779,584117.6849672493,154.0
80c7bb,80c7bb,80c7bc,80c7b,-4509.473827678592,-9186.70587551723,7591.316963231302,2.0,-184807.7764428066,-376664.2156652384,311280.3708408159,82.0,-348245.9174872123,-707214.8672309779,584117.6849672493,154.0
80c7bd,80c7bd,80c7bc,80c7b,-85798.31446678595,-174464.32659260702,144265.19483583324,38.0,-184807.7764428066,-376664.2156652384,311280.3708408159,82.0,-348245.9174872123,-707214.8672309779,584117.6849672493,154.0
80c7c5,80c7c5,80c7d,80c7d,-33508.39037299644,-69040.57231642224,56949.80064583951,15.0,-167556.1382375305,-345191.8289860417,284752.5349547934,75.0,-167556.1382375305,-345191.8289860417,284752.5349547934,75.0
80c7c7,80c7c7,80c7d,80c7d,-80739.05114059981,-165496.5293572081,136734.84668167582,36.0,-167556.1382375305,-345191.8289860417,284752.5349547934,75.0,-167556.1382375305,-345191.8289860417,284752.5349547934,75.0
80c7cc,80c7cc,80c7d,80c7d,-2251.3605080507737,-4608.610892123494,3779.1314660206644,1.0,-167556.1382375305,-345191.8289860417,284752.5349547934,75.0,-167556.1382375305,-345191.8289860417,284752.5349547934,75.0
80c7d4,80c7d4,80c7d,80c7d,-44368.84699071137,-92229.61161735114,75901.21604322904,20.0,-167556.1382375305,-345191.8289860417,284752.5349547934,75.0,-167556.1382375305,-345191.8289860417,284752.5349547934,75.0
80c7dc,80c7dc,80c7d,80c7d,-6688.489225172128,-13816.504802936692,11387.540118028406,3.0,-167556.1382375305,-345191.8289860417,284752.5349547934,75.0,-167556.1382375305,-345191.8289860417,284752.5349547934,75.0
80c84,80c84,80c84,80c84,-79314.40156331932,-166164.0160330444,136756.31353856545,36.0,-79314.40156331932,-166164.0160330444,136756.31353856545,36.0,-79314.40156331932,-166164.0160330444,136756.31353856545,36.0
80c884,80c884,80c884,80c884,-17753.759459008434,-37030.37081191155,30187.695421252844,8.0,-17753.759459008434,-37030.37081191155,30187.695421252844,8.0,-17753.759459008434,-37030.37081191155,30187.695421252844,8.0
80c88c,80c88c,80c88c,80c88c,-87950.59310667525,-185292.28059489728,151244.837252586,40.0,-87950.59310667525,-185292.28059489728,151244.837252586,40.0,-87950.59310667525,-185292.28059489728,151244.837252586,40.0
80c891,80c891,80c891,80c891,-48496.63026305794,-102028.87279150619,82967.6071207827,22.0,-48496.63026305794,-102028.87279150619,82967.6071207827,22.0,-48496.63026305794,-102028.87279150619,82967.6071207827,22.0
80c8924,80c8924,80c8924,80c8924,-30768.36147821855,-64940.98445464895,52835.287776565936,14.0,-30768.36147821855,-64940.98445464895,52835.287776565936,14.0,-30768.36147821855,-64940.98445464895,52835.287776565936,14.0
80c8929,80c8929,80c892c,80c892c,-8781.18207703488,-18554.285831375295,15101.83310256416,4.0,-129442.62680380276,-273786.0312647158,222662.8373831381,59.0,-129442.62680380276,-273786.0312647158,222662.8373831381,59.0
80c892d,80c892d,80c892c,80c892c,-59207.16867928927,-125302.78462848737,101900.21065702311,27.0,-129442.62680380276,-273786.0312647158,222662.8373831381,59.0,-129442.62680380276,-273786.0312647158,222662.8373831381,59.0
80c892f,80c892f,80c892c,80c892c,-61454.27604747861,-129928.96080485314,105660.79362355085,28.0,-129442.62680380276,-273786.0312647158,222662.8373831381,59.0,-129442.62680380276,-273786.0312647158,222662.8373831381,59.0
80c8931,80c8931,80c8931,80c8934,0.0,0.0,0.0,0.0,-206406.31748881986,-436268.71025786706,354566.0670992161,94.0,0.0,0.0,0.0,0.0
80c8933,80c8933,80c8933,80c8934,0.0,0.0,0.0,0.0,-155765.8251330994,-329565.4815603219,267836.7828737184,71.0,0.0,0.0,0.0,0.0
80c8935,80c8935,80c8935,80c8934,0.0,0.0,0.0,0.0,-133855.18617251306,-283217.5987256328,230010.97592053007,61.0,0.0,0.0,0.0,0.0
80c8937,80c8937,80c8937,80c8934,0.0,0.0,0.0,0.0,-173510.74490080203,-366735.7551822848,297858.2739613579,79.0,0.0,0.0,0.0,0.0
80c893c,80c893c,80c893c,80c893c,-43943.78016557417,-92827.30590655589,75418.40790296924,20.0,-43943.78016557417,-92827.30590655589,75418.40790296924,20.0,-43943.78016557417,-92827.30590655589,75418.40790296924,20.0
80c8944,80c8944,80c8944,80c8944,-6594.206159908167,-13929.625918527718,11304.412634745695,3.0,-6594.206159908167,-13929.625918527718,11304.412634745695,3.0,-6594.206159908167,-13929.625918527718,11304.412634745695,3.0
80c8949,80c8949,80c894c,80c894c,-52732.57225500814,-111437.98902561149,90446.38099777745,24.0,-206439.71264934645,-436566.7224234612,354179.5611642741,94.0,-206439.71264934645,-436566.7224234612,354179.5611642741,94.0
80c894b,80c894b,80c894c,80c894c,-50470.25186651903,-106814.17133898752,86691.78495552081,23.0,-206439.71264934645,-436566.7224234612,354179.5611642741,94.0,-206439.71264934645,-436566.7224234612,354179.5611642741,94.0
80c894d,80c894d,80c894c,80c894c,-50492.3591448053,-106839.5069388807,86647.6790218166,23.0,-206439.71264934645,-436566.7224234612,354179.5611642741,94.0,-206439.71264934645,-436566.7224234612,354179.5611642741,94.0
80c894f,80c894f,80c894c,80c894c,-52744.529383014014,-111475.05511998151,90393.71618915926,24.0,-206439.71264934645,-436566.7224234612,354179.5611642741,94.0,-206439.71264934645,-436566.7224234612,354179.5611642741,94.0
80c8951,80c8951,80c8954,80c8954,-98926.43822617138,-209061.44753958454,169414.0472117441,45.0,0.0,0.0,0.0,0.0,-243932.00203119914,-515774.8142956455,417827.50642977486,111.0
80c8953,80c8953,80c8954,80c8954,-54904.31403317328,-116163.39795684781,94128.51106399775,25.0,0.0,0.0,0.0,0.0,-243932.00203119914,-515774.8142956455,417827.50642977486,111.0
80c8955,80c8955,80c8954,80c8954,-46125.413313436395,-97606.80402448028,79028.08905904059,21.0,0.0,0.0,0.0,0.0,-243932.00203119914,-515774.8142956455,417827.50642977486,111.0
80c8957,80c8957,80c8954,80c8954,-43975.836458418074,-92943.16477473284,75256.85909499244,20.0,0.0,0.0,0.0,0.0,-243932.00203119914,-515774.8142956455,417827.50642977486,111.0
80c895c,80c895c,80c895c,80c895c,-94616.6151991972,-199797.58438064784,161799.4782059256,43.0,-94616.6151991972,-199797.58438064784,161799.4782059256,43.0,-94616.6151991972,-199797.58438064784,161799.4782059256,43.0
80c8979,80c8979,80c897,80c897,-4422.924909916037,-9285.199271832578,7522.088949440524,2.0,-117174.8379449225,-246121.89394419704,199275.3999101524,53.0,-117174.8379449225,-246121.89394419704,199275.3999101524,53.0
80c897d,80c897d,80c897,80c897,-11049.5116274902,-23221.652540986463,18799.121522847745,5.0,-117174.8379449225,-246121.89394419704,199275.3999101524,53.0,-117174.8379449225,-246121.89394419704,199275.3999101524,53.0
80c897f,80c897f,80c897,80c897,-101702.40140751627,-213615.042131378,172954.18943786414,46.0,-117174.8379449225,-246121.89394419704,199275.3999101524,53.0,-117174.8379449225,-246121.89394419704,199275.3999101524,53.0
80c899,80c899,80c89c,80c89c,-77473.49825554287,-162501.14246645864,131581.46152321438,35.0,-172955.03223043366,-361685.54904915305,293628.4863463463,78.0,-172955.03223043366,-361685.54904915305,293628.4863463463,78.0
80c89b,80c89b,80c89c,80c89c,-26552.45570486741,-55616.18324336633,45240.79785194824,12.0,-172955.03223043366,-361685.54904915305,293628.4863463463,78.0,-172955.03223043366,-361685.54904915305,293628.4863463463,78.0
80c89d,80c89d,80c89c,80c89c,-66706.36629560744,-138929.98613791753,113046.43172783383,30.0,-172955.03223043366,-361685.54904915305,293628.4863463463,78.0,-172955.03223043366,-361685.54904915305,293628.4863463463,78.0
80c89f,80c89f,80c89c,80c89c,-2222.7119744159663,-4638.23720141056,3759.7952433498886,1.0,-172955.03223043366,-361685.54904915305,293628.4863463463,78.0,-172955.03223043366,-361685.54904915305,293628.4863463463,78.0
80c8a1,80c8a1,80c8a4,80c8a4,-17785.779072791025,-37162.12399465503,30006.445130839304,8.0,-192891.72036553218,-404129.35832897836,326643.2802261041,87.0,-192891.72036553218,-404129.35832897836,326643.2802261041,87.0
80c8a24,80c8a24,80c8a4,80c8a4,-4443.246858171346,-9287.465862907477,7507.299610274958,2.0,-192891.72036553218,-404129.35832897836,326643.2802261041,87.0,-192891.72036553218,-404129.35832897836,326643.2802261041,87.0
80c8a2c,80c8a2c,80c8a4,80c8a4,0.0,0.0,0.0,0.0,-192891.72036553218,-404129.35832897836,326643.2802261041,87.0,-192891.72036553218,-404129.35832897836,326643.2802261041,87.0
80c8a3c,80c8a3c,80c8a4,80c8a4,-31105.006315896346,-65033.34871181135,52523.646793497915,14.0,-192891.72036553218,-404129.35832897836,326643.2802261041,87.0,-192891.72036553218,-404129.35832897836,326643.2802261041,87.0
80c8a5,80c8a5,80c8a4,80c8a4,-15555.745738493673,-32545.87481391171,26223.700643865603,7.0,-192891.72036553218,-404129.35832897836,326643.2802261041,87.0,-192891.72036553218,-404129.35832897836,326643.2802261041,87.0
80c8a7,80c8a7,80c8a4,80c8a4,-2225.6920039912275,-4648.384249393367,3745.473548570141,1.0,-192891.72036553218,-404129.35832897836,326643.2802261041,87.0,-192891.72036553218,-404129.35832897836,326643.2802261041,87.0
80c8ac,80c8ac,80c8ac,80c8ac,-4454.061304904735,-9313.875220647697,7468.044697108315,2.0,-4454.061304904735,-9313.875220647697,7468.044697108315,2.0,-4454.061304904735,-9313.875220647697,7468.044697108315,2.0
80c8b4,80c8b4,80c8b4,80c8b4,-55064.229606550914,-116471.33085640235,93653.34396210554,25.0,-55064.229606550914,-116471.33085640235,93653.34396210554,25.0,-55064.229606550914,-116471.33085640235,93653.34396210554,25.0
80c8b84,80c8b84,80c8b9,80c8b9,-101232.47565669696,-214183.95283105643,172525.7476315458,46.0,0.0,0.0,0.0,0.0,-321318.2293033324,-679600.073540468,547822.4000020155,146.0
80c8b89,80c8b89,80c8b9,80c8b9,-52797.075829268804,-111722.25012991685,90057.23142840796,24.0,0.0,0.0,0.0,0.0,-321318.2293033324,-679600.073540468,547822.4000020155,146.0
80c8b8b,80c8b8b,80c8b9,80c8b9,-59385.350526795046,-125652.30796901754,101364.72268603511,27.0,0.0,0.0,0.0,0.0,-321318.2293033324,-679600.073540468,547822.4000020155,146.0
80c8b8d,80c8b8d,80c8b9,80c8b9,-55046.56907255994,-116328.12824323509,93841.55377146132,25.0,0.0,0.0,0.0,0.0,-321318.2293033324,-679600.073540468,547822.4000020155,146.0
80c8b8f,80c8b8f,80c8b9,80c8b9,-46238.866505344835,-97746.2160184406,78789.12024764367,21.0,0.0,0.0,0.0,0.0,-321318.2293033324,-679600.073540468,547822.4000020155,146.0
80c8b9c,80c8b9c,80c8b9,80c8b9,-6617.891712666844,-13967.218348801522,11244.024236921508,3.0,0.0,0.0,0.0,0.0,-321318.2293033324,-679600.073540468,547822.4000020155,146.0
80c8bb,80c8bb,80c8bb,80c8bb,-37610.149479149775,-79074.13066480085,63743.19598152548,17.0,-37610.149479149775,-79074.13066480085,63743.19598152548,17.0,-37610.149479149775,-79074.13066480085,63743.19598152548,17.0
80c8bc4,80c8bc4,80c8bc4,80c8bc4,-6621.035633765255,-13945.520581366989,11269.077623072611,3.0,-6621.035633765255,-13945.520581366989,11269.077623072611,3.0,-6621.035633765255,-13945.520581366989,11269.077623072611,3.0
80c8bcc,80c8bcc,80c8bcc,80c8bcc,-103949.73663666379,-218432.67097606603,176477.7066832496,47.0,-103949.73663666379,-218432.67097606603,176477.7066832496,47.0,-103949.73663666379,-218432.67097606603,176477.7066832496,47.0
80c8bd1,80c8bd1,80c8bd1,80c8bd4,-61861.08780397206,-130107.62730169373,105202.55337570416,28.0,-61861.08780397206,-130107.62730169373,105202.55337570416,28.0,-285155.0380283491,-599290.8281858228,484758.8397616892,129.0
80c8bd3,80c8bd3,80c8bd3,80c8bd4,-46454.450363781565,-97563.97976543083,78888.11518793089,21.0,-46454.450363781565,-97563.97976543083,78888.11518793089,21.0,-285155.0380283491,-599290.8281858228,484758.8397616892,129.0
80c8bd5,80c8bd5,80c8bd5,80c8bd4,-79626.3942365852,-167212.3599722669,135292.21166549384,36.0,-79626.3942365852,-167212.3599722669,135292.21166549384,36.0,-285155.0380283491,-599290.8281858228,484758.8397616892,129.0
80c8bd7,80c8bd7,80c8bd7,80c8bd4,-97213.10562401032,-204406.86114643136,165375.95953256023,44.0,-97213.10562401032,-204406.86114643136,165375.95953256023,44.0,-285155.0380283491,-599290.8281858228,484758.8397616892,129.0
80c8bd9,80c8bd9,80c8bdc,80c8bdc,-11042.414633476306,-23230.799748825695,18791.988967724345,5.0,-163406.6679733801,-343886.81988810806,278046.0325135545,74.0,-163406.6679733801,-343886.81988810806,278046.0325135545,74.0
80c8bda4,80c8bda4,80c8bdc,80c8bdc,-35334.870982221575,-74346.7494510115,60124.74125422964,16.0,-163406.6679733801,-343886.81988810806,278046.0325135545,74.0,-163406.6679733801,-343886.81988810806,278046.0325135545,74.0
80c8bdac,80c8bdac,80c8bdc,80c8bdc,-59644.913918480685,-125475.71116865792,101431.06109655801,27.0,-163406.6679733801,-343886.81988810806,278046.0325135545,74.0,-163406.6679733801,-343886.81988810806,278046.0325135545,74.0
80c8bdb4,80c8bdb4,80c8bdc,80c8bdc,-26489.071545215636,-55769.99911541073,45088.36566805753,12.0,-163406.6679733801,-343886.81988810806,278046.0325135545,74.0,-163406.6679733801,-343886.81988810806,278046.0325135545,74.0
80c8bdbc,80c8bdbc,80c8bdc,80c8bdc,-17659.042049675678,-37176.49044006664,30063.44933119012,8.0,-163406.6679733801,-343886.81988810806,278046.0325135545,74.0,-163406.6679733801,-343886.81988810806,278046.0325135545,74.0
80c8bdd,80c8bdd,80c8bdc,80c8bdc,-13236.354844310239,-27887.06996413553,22546.4261957948,6.0,-163406.6679733801,-343886.81988810806,278046.0325135545,74.0,-163406.6679733801,-343886.81988810806,278046.0325135545,74.0
80c8be1,80c8be1,80c8be4,80c8be4,-13214.591765697489,-27884.70542991253,22562.11148303026,6.0,0.0,0.0,0.0,0.0,-284039.0989713875,-599641.0323434619,484980.90001376614,129.0
80c8be3,80c8be3,80c8be4,80c8be4,-107866.95788804685,-227744.9201557613,184263.30701161228,49.0,0.0,0.0,0.0,0.0,-284039.0989713875,-599641.0323434619,484980.90001376614,129.0
80c8be5,80c8be5,80c8be4,80c8be4,0.0,0.0,0.0,0.0,0.0,0.0,0.0,0.0,-284039.0989713875,-599641.0323434619,484980.90001376614,129.0
80c8be7,80c8be7,80c8be4,80c8be4,-24239.630032781883,-51130.58562783436,41345.66020570158,11.0,0.0,0.0,0.0,0.0,-284039.0989713875,-599641.0323434619,484980.90001376614,129.0
80c8bec,80c8bec,80c8bec,80c8bec,-101295.78665758873,-213928.79241482372,172804.95015784187,46.0,-101295.78665758873,-213928.79241482372,172804.95015784187,46.0,-101295.78665758873,-213928.79241482372,172804.95015784187,46.0
80c8bf1,80c8bf1,80c8bf4,80c8bf4,-59407.42702356089,-125570.07177209572,101453.6555675929,27.0,0.0,0.0,0.0,0.0,0.0,0.0,0.0,0.0
80c8bf3,80c8bf3,80c8bf4,80c8bf4,0.0,0.0,0.0,0.0,0.0,0.0,0.0,0.0,0.0,0.0,0.0,0.0
80c8bf5,80c8bf5,80c8bf4,80c8bf4,0.0,0.0,0.0,0.0,0.0,0.0,0.0,0.0,0.0,0.0,0.0,0.0
80c8bf7,80c8bf7,80c8bf4,80c8bf4,0.0,0.0,0.0,0.0,0.0,0.0,0.0,0.0,0.0,0.0,0.0,0.0
80c8bf9,80c8bf9,80c8bfc,80c8bfc,-52729.04894326111,-111609.19984342979,90237.08435035762,24.0,0.0,0.0,0.0,0.0,-224220.3866621591,-474230.9991691836,383569.98362677783,102.0
80c8bfb,80c8bfb,80c8bfc,80c8bfc,-61593.57450448361,-130187.18336132345,105261.079467589,28.0,0.0,0.0,0.0,0.0,-224220.3866621591,-474230.9991691836,383569.98362677783,102.0
80c8bfd,80c8bfd,80c8bfc,80c8bfc,-50575.1094816878,-106910.61075306417,86511.6099827967,23.0,0.0,0.0,0.0,0.0,-224220.3866621591,-474230.9991691836,383569.98362677783,102.0
80c8bff,80c8bff,80c8bfc,80c8bfc,-59322.65373272659,-125524.00521136622,101560.20982603444,27.0,0.0,0.0,0.0,0.0,-224220.3866621591,-474230.9991691836,383569.98362677783,102.0
80c8c04,80c8c04,80c8c04,80c8c04,0.0,0.0,0.0,0.0,0.0,0.0,0.0,0.0,-241343.1574318805,-511563.63470686384,413753.667693508,110.0
80c8c09,80c8c09,80c8c0c,80c8c0c,0.0,0.0,0.0,0.0,0.0,0.0,0.0,0.0,0.0,0.0,0.0,0.0
80c8c0b,80c8c0b,80c8c0c,80c8c0c,0.0,0.0,0.0,0.0,0.0,0.0,0.0,0.0,0.0,0.0,0.0,0.0
80c8c0d,80c8c0d,80c8c0c,80c8c0c,-76806.83000292254,-162883.87292061214,131499.0541360263,35.0,0.0,0.0,0.0,0.0,0.0,0.0,0.0,0.0
80c8c0f,80c8c0f,80c8c0c,80c8c0c,0.0,0.0,0.0,0.0,0.0,0.0,0.0,0.0,0.0,0.0,0.0,0.0
80c8c11,80c8c11,80c8c14,80c8c14,0.0,0.0,0.0,0.0,0.0,0.0,0.0,0.0,0.0,0.0,0.0,0.0
80c8c13,80c8c13,80c8c14,80c8c14,0.0,0.0,0.0,0.0,0.0,0.0,0.0,0.0,0.0,0.0,0.0,0.0
80c8c15,80c8c15,80c8c14,80c8c14,-74477.12694885343,-158267.66145605576,127774.24854692438,34.0,0.0,0.0,0.0,0.0,0.0,0.0,0.0,0.0
80c8c17,80c8c17,80c8c14,80c8c14,-78832.79246465793,-167546.15129477487,135343.99585672768,36.0,0.0,0.0,0.0,0.0,0.0,0.0,0.0,0.0
80c8c1c,80c8c1c,80c8c1c,80c8c1c,0.0,0.0,0.0,0.0,0.0,0.0,0.0,0.0,-229990.2492952862,-488420.928006784,395033.50512976135,105.0
80c8c24,80c8c24,80c8c24,80c8c24,0.0,0.0,0.0,0.0,0.0,0.0,0.0,0.0,-222974.9667911998,-474635.4362368774,383795.67617028236,102.0
80c8c2c,80c8c2c,80c8c2c,80c8c2c,0.0,0.0,0.0,0.0,-150549.25681631805,-321123.9856606093,259734.67345407172,69.0,-150549.25681631805,-321123.9856606093,259734.67345407172,69.0
80c8c31,80c8c31,80c8c34,80c8c34,0.0,0.0,0.0,0.0,0.0,0.0,0.0,0.0,0.0,0.0,0.0,0.0
80c8c33,80c8c33,80c8c34,80c8c34,-74178.80740873032,-158311.86575168368,127892.96772169872,34.0,0.0,0.0,0.0,0.0,0.0,0.0,0.0,0.0
80c8c35,80c8c35,80c8c34,80c8c34,-74197.47906573037,-158346.22787944146,127839.58580631168,34.0,0.0,0.0,0.0,0.0,0.0,0.0,0.0,0.0
80c8c37,80c8c37,80c8c34,80c8c34,0.0,0.0,0.0,0.0,0.0,0.0,0.0,0.0,0.0,0.0,0.0,0.0
80c8c39,80c8c39,80c8c3c,80c8c3c,0.0,0.0,0.0,0.0,0.0,0.0,0.0,0.0,0.0,0.0,0.0,0.0
80c8c3b,80c8c3b,80c8c3c,80c8c3c,0.0,0.0,0.0,0.0,0.0,0.0,0.0,0.0,0.0,0.0,0.0,0.0
80c8c3d,80c8c3d,80c8c3c,80c8c3c,-107183.83955653253,-228069.73052319264,184260.19151482824,49.0,0.0,0.0,0.0,0.0,0.0,0.0,0.0,0.0
80c8c3f,80c8c3f,80c8c3c,80c8c3c,0.0,0.0,0.0,0.0,0.0,0.0,0.0,0.0,0.0,0.0,0.0,0.0
80c8c41,80c8c41,80c8c44,80c8c44,0.0,0.0,0.0,0.0,0.0,0.0,0.0,0.0,0.0,0.0,0.0,0.0
80c8c43,80c8c43,80c8c44,80c8c44,0.0,0.0,0.0,0.0,0.0,0.0,0.0,0.0,0.0,0.0,0.0,0.0
80c8c45,80c8c45,80c8c44,80c8c44,0.0,0.0,0.0,0.0,0.0,0.0,0.0,0.0,0.0,0.0,0.0,0.0
80c8c47,80c8c47,80c8c44,80c8c44,0.0,0.0,0.0,0.0,0.0,0.0,0.0,0.0,0.0,0.0,0.0,0.0
80c8c4c,80c8c4c,80c8c4c,80c8c4c,0.0,0.0,0.0,0.0,0.0,0.0,0.0,0.0,-351715.6123047013,-750040.1790792282,604865.9144227526,161.0
80c8c54,80c8c54,80c8c54,80c8c54,0.0,0.0,0.0,0.0,-192325.40915179957,-410185.30970233143,330281.6519959908,88.0,-192325.40915179957,-410185.30970233143,330281.6519959908,88.0
80c8c59,80c8c59,80c8c59,80c8c5c,0.0,0.0,0.0,0.0,-179434.22124307678,-382196.62575058534,307659.8680111491,82.0,0.0,0.0,0.0,0.0
80c8c5b,80c8c5b,80c8c5b,80c8c5c,-107210.57208494695,-228323.51505690516,183930.04324703597,49.0,-107210.57208494695,-228323.51505690516,183930.04324703597,49.0,0.0,0.0,0.0,0.0
80c8c5d,80c8c5d,80c8c5d,80c8c5c,0.0,0.0,0.0,0.0,0.0,0.0,0.0,0.0,0.0,0.0,0.0,0.0
80c8c5f,80c8c5f,80c8c5f,80c8c5c,0.0,0.0,0.0,0.0,-197144.0766158051,-419431.17285123013,337622.1236678846,90.0,0.0,0.0,0.0,0.0
80c8c61,80c8c61,80c8c64,80c8c64,-63589.56517696189,-135134.02027590657,108771.069868829,29.0,0.0,0.0,0.0,0.0,-265453.92871183355,-563716.5130104807,453907.95926490787,121.0
80c8c63,80c8c63,80c8c64,80c8c64,-81214.25429569714,-172383.9783912439,138763.755836671,37.0,0.0,0.0,0.0,0.0,-265453.92871183355,-563716.5130104807,453907.95926490787,121.0
80c8c65,80c8c65,80c8c64,80c8c64,-70221.29331824942,-149051.3898617951,120068.97849218198,32.0,0.0,0.0,0.0,0.0,-265453.92871183355,-563716.5130104807,453907.95926490787,121.0
80c8c67,80c8c67,80c8c64,80c8c64,-50428.81592092507,-107147.12448153495,86304.15506722585,23.0,0.0,0.0,0.0,0.0,-265453.92871183355,-563716.5130104807,453907.95926490787,121.0
80c8c6c,80c8c6c,80c8c6c,80c8c6c,0.0,0.0,0.0,0.0,0.0,0.0,0.0,0.0,0.0,0.0,0.0,0.0
80c8c71,80c8c71,80c8c74,80c8c74,-79053.0144047578,-167626.83868060212,135115.4423133743,36.0,0.0,0.0,0.0,0.0,-274564.7728629176,-581929.2632266174,469241.2499860355,125.0
80c8c73,80c8c73,80c8c74,80c8c74,-76828.48656269291,-162927.1832635867,131432.73305519216,35.0,0.0,0.0,0.0,0.0,-274564.7728629176,-581929.2632266174,469241.2499860355,125.0
80c8c75,80c8c75,80c8c74,80c8c74,-50543.35499553481,-107049.41784797474,86358.38332561168,23.0,0.0,0.0,0.0,0.0,-274564.7728629176,-581929.2632266174,469241.2499860355,125.0
80c8c77,80c8c77,80c8c74,80c8c74,-68139.91689993217,-144325.8234344541,116334.69129185732,31.0,0.0,0.0,0.0,0.0,-274564.7728629176,-581929.2632266174,469241.2499860355,125.0
80c8c79,80c8c79,80c8c79,80c8c7c,0.0,0.0,0.0,0.0,-138506.71789810763,-293377.3667815454,236318.29380000095,63.0,-386853.3823991532,-819713.9880370798,660092.0652262836,176.0
80c8c7b,80c8c7b,80c8c7b,80c8c7c,-83467.17201294492,-176979.58686086038,142558.9674133747,38.0,-83467.17201294492,-176979.58686086038,142558.9674133747,38.0,-386853.3823991532,-819713.9880370798,660092.0652262836,176.0
80c8c7d,80c8c7d,80c8c7d,80c8c7c,-52725.21114182791,-111805.53922974867,89995.9491705927,24.0,-52725.21114182791,-111805.53922974867,89995.9491705927,24.0,-386853.3823991532,-819713.9880370798,660092.0652262836,176.0
80c8c7f,80c8c7f,80c8c7f,80c8c7c,0.0,0.0,0.0,0.0,-112154.28134627275,-237551.49516492538,191218.8548423153,51.0,-386853.3823991532,-819713.9880370798,660092.0652262836,176.0
80c8c81,80c8c81,80c8c84,80c8c9,-50594.877146559316,-107156.99756062415,86194.63614412125,23.0,-173711.3062130302,-368126.7030598158,296019.8349148268,79.0,-322994.04268456926,-685117.8288705308,550810.4824938462,147.0
80c8c83,80c8c83,80c8c84,80c8c9,-46197.43093284454,-97866.82315237983,78663.60724807328,21.0,-173711.3062130302,-368126.7030598158,296019.8349148268,79.0,-322994.04268456926,-685117.8288705308,550810.4824938462,147.0
80c8c85,80c8c85,80c8c84,80c8c9,-30774.626373070878,-65248.96806736064,52450.79620579268,14.0,-173711.3062130302,-368126.7030598158,296019.8349148268,79.0,-322994.04268456926,-685117.8288705308,550810.4824938462,147.0
80c8c87,80c8c87,80c8c84,80c8c9,-46144.3717605555,-97853.91427945107,78710.79531683949,21.0,-173711.3062130302,-368126.7030598158,296019.8349148268,79.0,-322994.04268456926,-685117.8288705308,550810.4824938462,147.0
80c8c8c,80c8c8c,80c8c8c,80c8c9,-103144.33555568616,-219071.2953744754,176158.37662207533,47.0,-103144.33555568616,-219071.2953744754,176158.37662207533,47.0,-322994.04268456926,-685117.8288705308,550810.4824938462,147.0
80c8c94,80c8c94,80c8c94,80c8c9,-26353.157752973933,-55960.818546825,44931.30059042988,12.0,-26353.157752973933,-55960.818546825,44931.30059042988,12.0,-322994.04268456926,-685117.8288705308,550810.4824938462,147.0
80c8c9c,80c8c9c,80c8c9c,80c8c9,-19785.243162878927,-41959.01188941459,33700.97036651436,9.0,-19785.243162878927,-41959.01188941459,33700.97036651436,9.0,-322994.04268456926,-685117.8288705308,550810.4824938462,147.0
80c8cb,80c8cb,80c8cb,80c8cb,-63716.40691496487,-135388.23090245647,108380.00824085719,29.0,-63716.40691496487,-135388.23090245647,108380.00824085719,29.0,-63716.40691496487,-135388.23090245647,108380.00824085719,29.0
80c8cc4,80c8cc4,80c8cd,80c8cd,-98703.06000932441,-210015.49756832563,168361.0447592078,45.0,0.0,0.0,0.0,0.0,-247495.3857206078,-527533.2412388737,422782.5933656629,113.0
80c8cd4,80c8cd4,80c8cd,80c8cd,-39396.41342139764,-84070.18219497593,67314.23679054098,18.0,0.0,0.0,0.0,0.0,-247495.3857206078,-527533.2412388737,422782.5933656629,113.0
80c8cdc,80c8cdc,80c8cd,80c8cd,-109395.91228988569,-233447.56147557206,187107.31181591412,50.0,0.0,0.0,0.0,0.0,-247495.3857206078,-527533.2412388737,422782.5933656629,113.0
80c8ce4,80c8ce4,80c8ce4,80c8ce4,0.0,0.0,0.0,0.0,-192452.5524412845,-410615.78892370115,329672.1320545337,88.0,-192452.5524412845,-410615.78892370115,329672.1320545337,88.0
80c8ce9,80c8ce9,80c8cec,80c8cec,-2190.869397378909,-4665.403048127845,3744.844297407493,1.0,-214833.24140033007,-457086.1326452654,367073.45074612414,98.0,-214833.24140033007,-457086.1326452654,367073.45074612414,98.0
80c8ceb,80c8ceb,80c8cec,80c8cec,-17546.292727387576,-37322.05417502427,29948.89090593985,8.0,-214833.24140033007,-457086.1326452654,367073.45074612414,98.0,-214833.24140033007,-457086.1326452654,367073.45074612414,98.0
80c8cec4,80c8cec4,80c8cec,80c8cec,-39453.436047192445,-83960.85336013192,67417.21927571297,18.0,-214833.24140033007,-457086.1326452654,367073.45074612414,98.0,-214833.24140033007,-457086.1326452654,367073.45074612414,98.0
80c8cecc,80c8cecc,80c8cec,80c8cec,-35089.68022412116,-74626.56346393623,59921.34115648817,16.0,-214833.24140033007,-457086.1326452654,367073.45074612414,98.0,-214833.24140033007,-457086.1326452654,367073.45074612414,98.0
80c8ced4,80c8ced4,80c8cec,80c8cec,-39469.22907651512,-83944.24389436892,67428.65737058247,18.0,-214833.24140033007,-457086.1326452654,367073.45074612414,98.0,-214833.24140033007,-457086.1326452654,367073.45074612414,98.0
80c8cedc,80c8cedc,80c8cec,80c8cec,-67943.87747122675,-144580.93750844026,116132.40094011587,31.0,-214833.24140033007,-457086.1326452654,367073.45074612414,98.0,-214833.24140033007,-457086.1326452654,367073.45074612414,98.0
80c8cef,80c8cef,80c8cec,80c8cec,-13139.856456508101,-27986.077195235906,22480.096799877287,6.0,-214833.24140033007,-457086.1326452654,367073.45074612414,98.0,-214833.24140033007,-457086.1326452654,367073.45074612414,98.0
80c8cf1,80c8cf1,80c8cf4,80c8cf4,-32844.24278589806,-69947.05621418926,56225.96741740627,15.0,0.0,0.0,0.0,0.0,-245320.1767212064,-522159.7262381186,419910.771783536,112.0
80c8cf3,80c8cf3,80c8cf4,80c8cf4,-35070.681244638865,-74600.41256218975,59965.00983945927,16.0,0.0,0.0,0.0,0.0,-245320.1767212064,-522159.7262381186,419910.771783536,112.0
80c8cf5,80c8cf5,80c8cf4,80c8cf4,-78895.23945077494,-167818.30938697592,134969.90495111296,36.0,0.0,0.0,0.0,0.0,-245320.1767212064,-522159.7262381186,419910.771783536,112.0
80c8cf7,80c8cf7,80c8cf4,80c8cf4,-98510.01323989453,-209793.94807476364,168749.88957555752,45.0,0.0,0.0,0.0,0.0,-245320.1767212064,-522159.7262381186,419910.771783536,112.0
80c8cf9,80c8cf9,80c8cfc,80c8cfc,-87494.72510790316,-186510.3116836001,150007.2659248087,40.0,0.0,0.0,0.0,0.0,-317059.3304989765,-676221.6966983036,543688.4091461299,145.0
80c8cfb,80c8cfb,80c8cfc,80c8cfc,-100637.58821656698,-214536.7207106637,172435.45830407,46.0,0.0,0.0,0.0,0.0,-317059.3304989765,-676221.6966983036,543688.4091461299,145.0
80c8cfd,80c8cfd,80c8cfc,80c8cfc,-61185.77480102905,-130609.76927476886,104975.02139199575,28.0,0.0,0.0,0.0,0.0,-317059.3304989765,-676221.6966983036,543688.4091461299,145.0
80c8cff,80c8cff,80c8cfc,80c8cfc,-67741.24237347732,-144564.89502927088,116270.66352525531,31.0,0.0,0.0,0.0,0.0,-317059.3304989765,-676221.6966983036,543688.4091461299,145.0
80c8d04,80c8d04,80c8d04,80c8d04,0.0,0.0,0.0,0.0,-202967.53940208445,-433814.6248555452,348811.9878310378,93.0,-202967.53940208445,-433814.6248555452,348811.9878310378,93.0
80c8d09,80c8d09,80c8d0c,80c8d0c,-61004.70289289698,-130630.4018911303,105054.70127710732,28.0,0.0,0.0,0.0,0.0,-270139.7675781835,-578571.8358305168,465174.3225878279,124.0
80c8d0b,80c8d0b,80c8d0c,80c8d0c,-69678.94997056942,-149297.87973110177,120078.69982148401,32.0,0.0,0.0,0.0,0.0,-270139.7675781835,-578571.8358305168,465174.3225878279,124.0
80c8d0d,80c8d0d,80c8d0c,80c8d0c,-23956.93352662769,-51331.83576854573,41260.97469615652,11.0,0.0,0.0,0.0,0.0,-270139.7675781835,-578571.8358305168,465174.3225878279,124.0
80c8d0f,80c8d0f,80c8d0c,80c8d0c,0.0,0.0,0.0,0.0,0.0,0.0,0.0,0.0,-270139.7675781835,-578571.8358305168,465174.3225878279,124.0
80c8d11,80c8d11,80c8d14,80c8d14,-80658.12488637744,-172700.6688399822,138694.32799320828,37.0,0.0,0.0,0.0,0.0,-220136.50694733125,-471478.8300126993,378554.7257120024,101.0
80c8d13,80c8d13,80c8d14,80c8d14,-50108.83498630545,-107361.72904836465,86223.79541496739,23.0,0.0,0.0,0.0,0.0,-220136.50694733125,-471478.8300126993,378554.7257120024,101.0
80c8d15,80c8d15,80c8d14,80c8d14,-26138.020817092147,-56029.49845948393,44971.36363466505,12.0,0.0,0.0,0.0,0.0,-220136.50694733125,-471478.8300126993,378554.7257120024,101.0
80c8d17,80c8d17,80c8d14,80c8d14,-63231.52625755619,-135386.9336648685,108665.23866916168,29.0,0.0,0.0,0.0,0.0,-220136.50694733125,-471478.8300126993,378554.7257120024,101.0
80c8d19,80c8d19,80c8d1c,80c8d1c,-48020.71811111446,-102698.78414154603,82416.08042076758,22.0,0.0,0.0,0.0,0.0,0.0,0.0,0.0,0.0
80c8d1b,80c8d1b,80c8d1c,80c8d1c,-91633.92967824676,-196021.84547480068,157413.4097118112,42.0,0.0,0.0,0.0,0.0,0.0,0.0,0.0,0.0
80c8d1d,80c8d1d,80c8d1c,80c8d1c,-69899.34943262691,-149336.25474848892,119902.75534062997,32.0,0.0,0.0,0.0,0.0,0.0,0.0,0.0,0.0
80c8d1f,80c8d1f,80c8d1c,80c8d1c,0.0,0.0,0.0,0.0,0.0,0.0,0.0,0.0,0.0,0.0,0.0,0.0
80c8d3,80c8d3,80c8d3,80c8d3,-63396.933337826835,-135440.81421756578,108501.56636051406,29.0,-63396.933337826835,-135440.81421756578,108501.56636051406,29.0,-63396.933337826835,-135440.81421756578,108501.56636051406,29.0
80c8d5,80c8d5,80c8d5,80c8d5,-80434.964580412,-172938.22557795673,138527.76934092556,37.0,-80434.964580412,-172938.22557795673,138527.76934092556,37.0,-80434.964580412,-172938.22557795673,138527.76934092556,37.0
80c8d7,80c8d7,80c8d7,80c8d7,0.0,0.0,0.0,0.0,-132597.5708201005,-284819.9303985279,228757.32638774294,61.0,-132597.5708201005,-284819.9303985279,228757.32638774294,61.0
80c8d9,80c8d9,80c8d9,80c8d9,-47674.76401506777,-102616.19415602065,82719.21909340155,22.0,-47674.76401506777,-102616.19415602065,82719.21909340155,22.0,-47674.76401506777,-102616.19415602065,82719.21909340155,22.0
80c8da4,80c8da4,80c8da4,80c8db,-43563.65322595936,-93264.63990457525,75098.70257654611,20.0,-43563.65322595936,-93264.63990457525,75098.70257654611,20.0,-407741.5778873878,-871697.0231706274,702334.5174593225,187.0
80c8dac,80c8dac,80c8dac,80c8db,0.0,0.0,0.0,0.0,-178900.30075703104,-382312.0946590332,307827.2654441982,82.0,-407741.5778873878,-871697.0231706274,702334.5174593225,187.0
80c8db4,80c8db4,80c8db4,80c8db,0.0,0.0,0.0,0.0,-146119.30700232697,-312230.88494886,251730.82897774212,67.0,-407741.5778873878,-871697.0231706274,702334.5174593225,187.0
80c8dbc,80c8dbc,80c8dbc,80c8db,-39158.316902070444,-83889.403658159,67677.72046083598,18.0,-39158.316902070444,-83889.403658159,67677.72046083598,18.0,-407741.5778873878,-871697.0231706274,702334.5174593225,187.0
80c8dc4,80c8dc4,80c8dd,80c8dd,-34799.88213578906,-74544.52398164714,60191.8457756196,16.0,0.0,0.0,0.0,0.0,-254733.79554226986,-544769.9632033907,440419.4954303573,117.0
80c8dcc,80c8dcc,80c8dd,80c8dd,-56662.21334400838,-121108.18204708661,97779.71634234855,26.0,0.0,0.0,0.0,0.0,-254733.79554226986,-544769.9632033907,440419.4954303573,117.0
80c8dd4,80c8dd4,80c8dd,80c8dd,0.0,0.0,0.0,0.0,0.0,0.0,0.0,0.0,-254733.79554226986,-544769.9632033907,440419.4954303573,117.0
80c8ddc,80c8ddc,80c8dd,80c8dd,-41319.07627872834,-88458.66733735582,71559.0568369454,19.0,0.0,0.0,0.0,0.0,-254733.79554226986,-544769.9632033907,440419.4954303573,117.0
80c8df,80c8df,80c8df,80c8df,-49920.24269158054,-107181.2613326035,86557.0531249008,23.0,-49920.24269158054,-107181.2613326035,86557.0531249008,23.0,-49920.24269158054,-107181.2613326035,86557.0531249008,23.0
80c8e1,80c8e1,80c8e1,80c8e4,-43319.71753216266,-93096.0576415551,75448.14600107854,20.0,-43319.71753216266,-93096.0576415551,75448.14600107854,20.0,-367252.0347490962,-786483.3817699158,637066.1616045048,169.0
80c8e64,80c8e64,80c8e7,80c8e4,-8707.358018268704,-18604.224006377946,15083.130138656361,4.0,0.0,0.0,0.0,0.0,-367252.0347490962,-786483.3817699158,637066.1616045048,169.0
80c8e6c,80c8e6c,80c8e7,80c8e4,-4344.878467899791,-9303.249951983928,7545.235786660864,2.0,0.0,0.0,0.0,0.0,-367252.0347490962,-786483.3817699158,637066.1616045048,169.0
80c8e74,80c8e74,80c8e7,80c8e4,0.0,0.0,0.0,0.0,0.0,0.0,0.0,0.0,-367252.0347490962,-786483.3817699158,637066.1616045048,169.0
80c8e79,80c8e79,80c8e7,80c8e4,-32629.597018909266,-69801.38391565185,56531.14680089841,15.0,0.0,0.0,0.0,0.0,-367252.0347490962,-786483.3817699158,637066.1616045048,169.0
80c8e7b,80c8e7b,80c8e7,80c8e4,-17404.142237088952,-37221.530811752215,30156.220899750566,8.0,0.0,0.0,0.0,0.0,-367252.0347490962,-786483.3817699158,637066.1616045048,169.0
80c8e7d,80c8e7d,80c8e7,80c8e4,-54435.029035171865,-116296.87333297946,94236.19387400115,25.0,0.0,0.0,0.0,0.0,-367252.0347490962,-786483.3817699158,637066.1616045048,169.0
80c8e7f,80c8e7f,80c8e7,80c8e4,-28306.786950916365,-60487.29580614022,48986.539691428305,13.0,0.0,0.0,0.0,0.0,-367252.0347490962,-786483.3817699158,637066.1616045048,169.0
80c8e81,80c8e81,80c8e84,80c8e84,-74130.64956119192,-158192.59341494658,128068.35759390856,34.0,-189714.38554099575,-404720.85297395673,327770.1968176935,87.0,-189714.38554099575,-404720.85297395673,327770.1968176935,87.0
80c8e83,80c8e83,80c8e84,80c8e84,-56728.95316523535,-120947.93535051905,97939.24324386306,26.0,-189714.38554099575,-404720.85297395673,327770.1968176935,87.0,-189714.38554099575,-404720.85297395673,327770.1968176935,87.0
80c8e85,80c8e85,80c8e84,80c8e84,-4362.672548369763,-9302.427807953101,7535.976046562295,2.0,-189714.38554099575,-404720.85297395673,327770.1968176935,87.0,-189714.38554099575,-404720.85297395673,327770.1968176935,87.0
80c8e87,80c8e87,80c8e84,80c8e84,-54492.110266198746,-116277.89640053794,94226.61993335959,25.0,-189714.38554099575,-404720.85297395673,327770.1968176935,87.0,-189714.38554099575,-404720.85297395673,327770.1968176935,87.0
80c8e8c,80c8e8c,80c8e8c,80c8e8c,-54495.56976562355,-116247.63953036687,94261.94267075503,25.0,-54495.56976562355,-116247.63953036687,94261.94267075503,25.0,-54495.56976562355,-116247.63953036687,94261.94267075503,25.0
80c8e94,80c8e94,80c8e94,80c8e94,0.0,0.0,0.0,0.0,-113584.9180610312,-241692.28962210467,196056.0877910317,52.0,-113584.9180610312,-241692.28962210467,196056.0877910317,52.0
80c8e99,80c8e99,80c8e9c,80c8e9c,-74316.72777608637,-158079.50010404803,128100.1541763946,34.0,0.0,0.0,0.0,0.0,-262215.4290786668,-558042.345869338,452022.3457723014,120.0
80c8e9b,80c8e9b,80c8e9c,80c8e9c,-37113.31756070858,-79052.50993966595,64060.44649242883,17.0,0.0,0.0,0.0,0.0,-262215.4290786668,-558042.345869338,452022.3457723014,120.0
80c8e9d,80c8e9d,80c8e9c,80c8e9c,-67699.15940767642,-144192.10391187583,116757.067921967,31.0,0.0,0.0,0.0,0.0,-262215.4290786668,-558042.345869338,452022.3457723014,120.0
80c8e9f,80c8e9f,80c8e9c,80c8e9c,-83086.22433419547,-176718.2319137482,143104.677181511,38.0,0.0,0.0,0.0,0.0,-262215.4290786668,-558042.345869338,452022.3457723014,120.0
80c8ea4,80c8ea4,80c8ea4,80c8ea4,0.0,0.0,0.0,0.0,-155444.8674795658,-330093.10115965054,267373.09481385833,71.0,-155444.8674795658,-330093.10115965054,267373.09481385833,71.0
80c8ea9,80c8ea9,80c8eac,80c8eac,-52619.15463787979,-111570.47601734694,90349.05110175711,24.0,-219303.85962801788,-464807.2576185896,376507.01483058115,100.0,-219303.85962801788,-464807.2576185896,376507.01483058115,100.0
80c8eab,80c8eab,80c8eac,80c8eac,-54863.547707787504,-116205.70976647563,94100.04919595785,25.0,-219303.85962801788,-464807.2576185896,376507.01483058115,100.0,-219303.85962801788,-464807.2576185896,376507.01483058115,100.0
80c8ead,80c8ead,80c8eac,80c8eac,-57032.976698003644,-120832.26346389101,97905.44494753068,26.0,-219303.85962801788,-464807.2576185896,376507.01483058115,100.0,-219303.85962801788,-464807.2576185896,376507.01483058115,100.0
80c8eaf,80c8eaf,80c8eac,80c8eac,-54788.180584346934,-116198.80837087611,94152.46958533554,25.0,-219303.85962801788,-464807.2576185896,376507.01483058115,100.0,-219303.85962801788,-464807.2576185896,376507.01483058115,100.0
80c8eb1,80c8eb1,80c8eb4,80c8eb4,-50395.590981754154,-106864.13411952139,86673.642333376,23.0,0.0,0.0,0.0,0.0,-267435.6811950016,-566738.6559263475,459807.89413642825,122.0
80c8eb3,80c8eb3,80c8eb4,80c8eb4,-59215.53114784232,-125440.80951829537,101725.38363096426,27.0,0.0,0.0,0.0,0.0,-267435.6811950016,-566738.6559263475,459807.89413642825,122.0
80c8eb5,80c8eb5,80c8eb4,80c8eb4,-109622.22514189419,-232237.55587073002,188475.63800111468,50.0,0.0,0.0,0.0,0.0,-267435.6811950016,-566738.6559263475,459807.89413642825,122.0
80c8eb7,80c8eb7,80c8eb4,80c8eb4,-48202.33392351096,-102196.15641780064,82933.2301709733,22.0,0.0,0.0,0.0,0.0,-267435.6811950016,-566738.6559263475,459807.89413642825,122.0
80c8eb9,80c8eb9,80c8ebc,80c8ebc,-13132.394758345863,-27875.92803401564,22620.873847365194,6.0,-164108.62666692483,-348533.3389468467,282683.95531579957,75.0,-164108.62666692483,-348533.3389468467,282683.95531579957,75.0
80c8ebb,80c8ebb,80c8ebc,80c8ebc,-65676.40463070374,-139409.74863150675,113058.87470534684,30.0,-164108.62666692483,-348533.3389468467,282683.95531579957,75.0,-164108.62666692483,-348533.3389468467,282683.95531579957,75.0
80c8ebd,80c8ebd,80c8ebc,80c8ebc,-72181.68036044837,-153369.23015048815,124378.15257455179,33.0,-164108.62666692483,-348533.3389468467,282683.95531579957,75.0,-164108.62666692483,-348533.3389468467,282683.95531579957,75.0
80c8ebf,80c8ebf,80c8ebc,80c8ebc,-13118.146917426802,-27878.43213083603,22626.054188535658,6.0,-164108.62666692483,-348533.3389468467,282683.95531579957,75.0,-164108.62666692483,-348533.3389468467,282683.95531579957,75.0
80c8ec4,80c8ec4,80c8ec4,80c8ed,0.0,0.0,0.0,0.0,-126857.84700053217,-269377.98931865004,218829.86532120043,58.0,-365668.86256972264,-775451.1695329822,630054.9163064092,167.0
80c8ec9,80c8ec9,80c8ecc,80c8ed,-67889.45286456993,-143960.4829269001,116932.26070323512,31.0,-190596.46245372138,-403969.6167122733,328184.9432487189,87.0,-365668.86256972264,-775451.1695329822,630054.9163064092,167.0
80c8ecb,80c8ecb,80c8ecc,80c8ed,-50416.99900865873,-106800.66783838245,86739.39357203007,23.0,-190596.46245372138,-403969.6167122733,328184.9432487189,87.0,-365668.86256972264,-775451.1695329822,630054.9163064092,167.0
80c8ecd,80c8ecd,80c8ecc,80c8ed,-30685.998770010734,-64990.942512755006,52821.75892514069,14.0,-190596.46245372138,-403969.6167122733,328184.9432487189,87.0,-365668.86256972264,-775451.1695329822,630054.9163064092,167.0
80c8ecf,80c8ecf,80c8ecc,80c8ed,-41604.011810481956,-88217.52343423573,71691.53004831307,19.0,-190596.46245372138,-403969.6167122733,328184.9432487189,87.0,-365668.86256972264,-775451.1695329822,630054.9163064092,167.0
80c8ed4,80c8ed4,80c8ed4,80c8ed,-48214.55311546917,-102103.56350205874,83040.1077364898,22.0,-48214.55311546917,-102103.56350205874,83040.1077364898,22.0,-365668.86256972264,-775451.1695329822,630054.9163064092,167.0
80c8f4,80c8f4,80c8f4,80c8f4,-6543.088814040323,-13920.421507620804,11345.370456976874,3.0,-6543.088814040323,-13920.421507620804,11345.370456976874,3.0,-6543.088814040323,-13920.421507620804,11345.370456976874,3.0
80c8fc,80c8fc,80c8fc,80c8fc,-2157.196501839285,-4640.691285176457,3794.764917332439,1.0,-2157.196501839285,-4640.691285176457,3794.764917332439,1.0,-2157.196501839285,-4640.691285176457,3794.764917332439,1.0
80c904,80c904,80c904,80c904,-79376.46761948954,-172058.30555518364,140223.64370136528,37.0,-79376.46761948954,-172058.30555518364,140223.64370136528,37.0,-79376.46761948954,-172058.30555518364,140223.64370136528,37.0
80c909,80c909,80c90c,80c90c,-36252.604973026915,-79035.15796102215,64572.676400729986,17.0,-200314.47744420145,-437001.53921432316,357147.6662994579,94.0,-200314.47744420145,-437001.53921432316,357147.6662994579,94.0
80c90b,80c90b,80c90c,80c90c,-87158.37100261505,-190572.6581242471,155938.59434738418,41.0,-200314.47744420145,-437001.53921432316,357147.6662994579,94.0,-200314.47744420145,-437001.53921432316,357147.6662994579,94.0
80c90d,80c90d,80c90c,80c90c,-2126.17272044651,-4653.73666673828,3796.297897842344,1.0,-200314.47744420145,-437001.53921432316,357147.6662994579,94.0,-200314.47744420145,-437001.53921432316,357147.6662994579,94.0
80c90f,80c90f,80c90c,80c90c,-74777.32874811297,-162739.98646231563,132840.09765350132,35.0,-200314.47744420145,-437001.53921432316,357147.6662994579,94.0,-200314.47744420145,-437001.53921432316,357147.6662994579,94.0
80c911,80c911,80c911,80c914,-29945.65843732158,-65203.430840634166,52984.5315116566,14.0,-29945.65843732158,-65203.430840634166,52984.5315116566,14.0,-302432.4049588522,-661922.6698692003,537442.3425306822,142.0
80c912c,80c912c,80c913,80c914,-31896.714500398408,-69890.876088673,56838.00893732275,15.0,-112714.68514548354,-246984.33421805888,200775.372032114,53.0,-302432.4049588522,-661922.6698692003,537442.3425306822,142.0
80c9134,80c9134,80c913,80c914,-80817.97064508512,-177093.45812938586,143937.3630947913,38.0,-112714.68514548354,-246984.33421805888,200775.372032114,53.0,-302432.4049588522,-661922.6698692003,537442.3425306822,142.0
80c9144,80c9144,80c915,80c914,-14938.205928685398,-32632.185064093726,26474.295934442467,7.0,-157636.0860259523,-345074.8261188564,279899.44691434724,74.0,-302432.4049588522,-661922.6698692003,537442.3425306822,142.0
80c9149,80c9149,80c915,80c914,-4260.248124826039,-9325.798735569646,7565.631258119352,2.0,-157636.0860259523,-345074.8261188564,279899.44691434724,74.0,-302432.4049588522,-661922.6698692003,537442.3425306822,142.0
80c914b,80c914b,80c915,80c914,-17029.54036542438,-37303.70059381501,30268.347169395205,8.0,-157636.0860259523,-345074.8261188564,279899.44691434724,74.0,-302432.4049588522,-661922.6698692003,537442.3425306822,142.0
80c914d,80c914d,80c915,80c914,-55360.87647416178,-121251.85463096987,98345.4818830789,26.0,-157636.0860259523,-345074.8261188564,279899.44691434724,74.0,-302432.4049588522,-661922.6698692003,537442.3425306822,142.0
80c914f,80c914f,80c915,80c914,-63916.7264674263,-139896.92072157867,113464.88949546254,30.0,-157636.0860259523,-345074.8261188564,279899.44691434724,74.0,-302432.4049588522,-661922.6698692003,537442.3425306822,142.0
80c9154,80c9154,80c915,80c914,-2130.4886654283982,-4664.366372829466,3780.801173848772,1.0,-157636.0860259523,-345074.8261188564,279899.44691434724,74.0,-302432.4049588522,-661922.6698692003,537442.3425306822,142.0
80c917,80c917,80c917,80c914,-2135.9753500948855,-4660.078691651009,3782.992072564346,1.0,-2135.9753500948855,-4660.078691651009,3782.992072564346,1.0,-302432.4049588522,-661922.6698692003,537442.3425306822,142.0
80c91c,80c91c,80c91c,80c91c,-66760.42176484574,-144233.65011385895,117245.02441549861,31.0,-66760.42176484574,-144233.65011385895,117245.02441549861,31.0,-66760.42176484574,-144233.65011385895,117245.02441549861,31.0
80c924,80c924,80c924,80c924,-69114.62784171841,-149337.33655733545,120355.24478068856,32.0,-69114.62784171841,-149337.33655733545,120355.24478068856,32.0,-69114.62784171841,-149337.33655733545,120355.24478068856,32.0
80c929,80c929,80c929,80c929,-99499.86678946906,-214891.93969459343,172653.20208013605,46.0,-99499.86678946906,-214891.93969459343,172653.20208013605,46.0,-99499.86678946906,-214891.93969459343,172653.20208013605,46.0
80c92b,80c92b,80c92b,80c92b,0.0,0.0,0.0,0.0,-119116.0286152193,-257278.22865438336,205920.49185087738,55.0,-119116.0286152193,-257278.22865438336,205920.49185087738,55.0
80c92c4,80c92c4,80c92c4,80c92d,-56174.25327540014,-121589.93617273218,97462.87619915478,26.0,-56174.25327540014,-121589.93617273218,97462.87619915478,26.0,0.0,0.0,0.0,0.0
80c92c9,80c92c9,80c92cc,80c92d,-45384.08215906359,-98245.28390789336,78665.30513607424,21.0,-123132.63596909495,-266694.5978812204,213514.50929386576,57.0,0.0,0.0,0.0,0.0
80c92cb,80c92cb,80c92cc,80c92d,-12971.284476237633,-28077.49807742956,22463.992717373927,6.0,-123132.63596909495,-266694.5978812204,213514.50929386576,57.0,0.0,0.0,0.0,0.0
80c92cd,80c92cd,80c92cc,80c92d,-4320.948684621384,-9358.545151578437,7490.397017740366,2.0,-123132.63596909495,-266694.5978812204,213514.50929386576,57.0,0.0,0.0,0.0,0.0
80c92cf,80c92cf,80c92cc,80c92d,-60456.32064917234,-131013.27074431902,104894.81442267723,28.0,-123132.63596909495,-266694.5978812204,213514.50929386576,57.0,0.0,0.0,0.0,0.0
80c92d1,80c92d1,80c92d1,80c92d,0.0,0.0,0.0,0.0,-163934.7580801197,-355679.51936209033,284717.2024679555,76.0,0.0,0.0,0.0,0.0
80c92d3,80c92d3,80c92d3,80c92d,-69024.07557957366,-149778.93004534434,119857.64843608394,32.0,-69024.07557957366,-149778.93004534434,119857.64843608394,32.0,0.0,0.0,0.0,0.0
80c92d5,80c92d5,80c92d5,80c92d,-28027.134097842856,-60854.20188782676,48692.03272043442,13.0,-28027.134097842856,-60854.20188782676,48692.03272043442,13.0,0.0,0.0,0.0,0.0
80c92d7,80c92d7,80c92d7,80c92d,0.0,0.0,0.0,0.0,-125071.77020731368,-271457.58400872536,217282.67740906033,58.0,0.0,0.0,0.0,0.0
80c92dc,80c92dc,80c92dc,80c92d,-6468.696004401294,-14033.708857697511,11248.055430944849,3.0,-6468.696004401294,-14033.708857697511,11248.055430944849,3.0,0.0,0.0,0.0,0.0
80c92f,80c92f,80c92f,80c92f,-8626.914431606758,-18697.77168593687,15013.50764471816,4.0,-8626.914431606758,-18697.77168593687,15013.50764471816,4.0,-8626.914431606758,-18697.77168593687,15013.50764471816,4.0
80c934,80c934,80c934,80c934,-6438.89190063057,-14036.899403729069,11261.13943292869,3.0,-6438.89190063057,-14036.899403729069,11261.13943292869,3.0,-6438.89190063057,-14036.899403729069,11261.13943292869,3.0
80c939,80c939,80c93c,80c93c,-27764.30835593981,-60759.31105561555,48960.35722071051,13.0,-115664.42816061885,-252285.0252518987,203306.76731558994,54.0,-115664.42816061885,-252285.0252518987,203306.76731558994,54.0
80c93b,80c93b,80c93c,80c93c,-85767.5980684004,-186858.396627908,150570.40017832565,40.0,-115664.42816061885,-252285.0252518987,203306.76731558994,54.0,-115664.42816061885,-252285.0252518987,203306.76731558994,54.0
80c93f,80c93f,80c93c,80c93c,-2132.521736278627,-4667.317568375235,3776.0099165537836,1.0,-115664.42816061885,-252285.0252518987,203306.76731558994,54.0,-115664.42816061885,-252285.0252518987,203306.76731558994,54.0
80c941,80c941,80c95,80c95,-82910.5305074633,-182145.4584885404,147261.24027538873,39.0,-176477.20451108186,-387844.5084564657,313137.08469029126,83.0,-176477.20451108186,-387844.5084564657,313137.08469029126,83.0
80c943,80c943,80c95,80c95,-21196.43068537752,-46707.54864658452,37790.09437984137,10.0,-176477.20451108186,-387844.5084564657,313137.08469029126,83.0,-176477.20451108186,-387844.5084564657,313137.08469029126,83.0
80c945,80c945,80c95,80c95,-4246.2905683457775,-9357.639608794885,7534.096130749708,2.0,-176477.20451108186,-387844.5084564657,313137.08469029126,83.0,-176477.20451108186,-387844.5084564657,313137.08469029126,83.0
80c947,80c947,80c95,80c95,-59628.6593169126,-130895.27029178334,105514.0492415139,28.0,-176477.20451108186,-387844.5084564657,313137.08469029126,83.0,-176477.20451108186,-387844.5084564657,313137.08469029126,83.0
80c94c,80c94c,80c95,80c95,-6387.269052974119,-14047.663815176602,11277.128025173144,3.0,-176477.20451108186,-387844.5084564657,313137.08469029126,83.0,-176477.20451108186,-387844.5084564657,313137.08469029126,83.0
80c954,80c954,80c95,80c95,-2108.024380008496,-4690.927605585934,3760.476637624418,1.0,-176477.20451108186,-387844.5084564657,313137.08469029126,83.0,-176477.20451108186,-387844.5084564657,313137.08469029126,83.0
80c964,80c964,80c964,80c97,-16817.039109245226,-37389.99212225918,30280.684513701664,8.0,-16817.039109245226,-37389.99212225918,30280.684513701664,8.0,0.0,0.0,0.0,0.0
80c969,80c969,80c969,80c97,-23324.17297831563,-51361.04051171241,41585.891168411894,11.0,-23324.17297831563,-51361.04051171241,41585.891168411894,11.0,0.0,0.0,0.0,0.0
80c96a4,80c96a4,80c96a4,80c97,-2124.168914039346,-4666.198377968589,3782.0962774299733,1.0,-2124.168914039346,-4666.198377968589,3782.0962774299733,1.0,0.0,0.0,0.0,0.0
80c96b1,80c96b1,80c96b1,80c97,-42494.88575452479,-93299.2704534963,75665.92245012094,20.0,-42494.88575452479,-93299.2704534963,75665.92245012094,20.0,0.0,0.0,0.0,0.0
80c96b3,80c96b3,80c96b3,80c97,-76566.28191527497,-167908.90190569626,136192.96886473935,36.0,-76566.28191527497,-167908.90190569626,136192.96886473935,36.0,0.0,0.0,0.0,0.0
80c96b44,80c96b44,80c96b5,80c97,-14882.99081569817,-32645.96976368055,26488.396296207964,7.0,-131845.28097646518,-289119.1859338866,234635.73349661595,62.0,0.0,0.0,0.0,0.0
80c96b4c,80c96b4c,80c96b5,80c97,-61675.44678435533,-135237.838254755,109739.91360158849,29.0,-131845.28097646518,-289119.1859338866,234635.73349661595,62.0,0.0,0.0,0.0,0.0
80c96b54,80c96b54,80c96b5,80c97,-38278.91944717076,-83931.26465255432,68127.43265675944,18.0,-131845.28097646518,-289119.1859338866,234635.73349661595,62.0,0.0,0.0,0.0,0.0
80c96b5c,80c96b5c,80c96b5,80c97,-17007.92392924091,-37304.1132628967,30279.990942060125,8.0,-131845.28097646518,-289119.1859338866,234635.73349661595,62.0,0.0,0.0,0.0,0.0
80c96bc,80c96bc,80c96bc,80c97,-33955.68594177862,-74653.95900581186,60537.37691602521,16.0,-33955.68594177862,-74653.95900581186,60537.37691602521,16.0,0.0,0.0,0.0,0.0
80c96d,80c96d,80c96d,80c97,-82897.19421356561,-181806.55276591782,147686.95224082863,39.0,-82897.19421356561,-181806.55276591782,147686.95224082863,39.0,0.0,0.0,0.0,0.0
80c974,80c974,80c974,80c97,-19017.948144787348,-41913.06534168568,34196.141102537375,9.0,-19017.948144787348,-41913.06534168568,34196.141102537375,9.0,0.0,0.0,0.0,0.0
80c97c,80c97c,80c97c,80c97,-8366.012358031336,-18629.187248330876,15244.63964184913,4.0,-8366.012358031336,-18629.187248330876,15244.63964184913,4.0,0.0,0.0,0.0,0.0
80c9c,80c9c,80c9c,80c9c,-56814.380411308346,-125500.29958228717,103012.17088535042,27.0,-56814.380411308346,-125500.29958228717,103012.17088535042,27.0,-56814.380411308346,-125500.29958228717,103012.17088535042,27.0
80cb,80cb,80cb,80cb,-62417.48922350506,-139773.4331616286,114446.65931662172,30.0,-62417.48922350506,-139773.4331616286,114446.65931662172,30.0,-62417.48922350506,-139773.4331616286,114446.65931662172,30.0
80ce3,80ce3,80ce4,80ce4,-2176.1063319936575,-4742.370859081984,3655.7123787935698,1.0,0.0,0.0,0.0,0.0,-229297.42997816342,-502042.94310066145,389154.10922835855,106.0
80ce5,80ce5,80ce4,80ce4,0.0,0.0,0.0,0.0,0.0,0.0,0.0,0.0,-229297.42997816342,-502042.94310066145,389154.10922835855,106.0
80ce7,80ce7,80ce4,80ce4,-94846.72296762177,-208530.53831517333,161557.57684331964,44.0,0.0,0.0,0.0,0.0,-229297.42997816342,-502042.94310066145,389154.10922835855,106.0
80ceb,80ceb,80ceb,80cec,-2118.4170154353606,-4692.439388129089,3752.742339559975,1.0,-2118.4170154353606,-4692.439388129089,3752.742339559975,1.0,-301907.97161685704,-656346.3566908392,523083.95722157025,140.0
80cec4,80cec4,80cec4,80cec,-49387.499011228,-108049.91425249787,85779.1797439402,23.0,-49387.499011228,-108049.91425249787,85779.1797439402,23.0,-301907.97161685704,-656346.3566908392,523083.95722157025,140.0
80cec9,80cec9,80cecc,80cec,-12898.989944942965,-28161.8723534557,22399.91220462937,6.0,-109712.24196133755,-239137.37187063094,190657.8982760268,51.0,-301907.97161685704,-656346.3566908392,523083.95722157025,140.0
80cecd,80cecd,80cecc,80cec,-47354.15678085467,-103093.78836208113,82308.51153203232,22.0,-109712.24196133755,-239137.37187063094,190657.8982760268,51.0,-301907.97161685704,-656346.3566908392,523083.95722157025,140.0
80cecf,80cecf,80cecc,80cec,-49459.095235539935,-107881.71115509418,85949.47453936511,23.0,-109712.24196133755,-239137.37187063094,190657.8982760268,51.0,-301907.97161685704,-656346.3566908392,523083.95722157025,140.0
80ced4,80ced4,80ced4,80cec,0.0,0.0,0.0,0.0,-114637.83710584466,-248122.30508786158,198267.5132961621,53.0,-301907.97161685704,-656346.3566908392,523083.95722157025,140.0
80cedc,80cedc,80cedc,80cec,-26051.976523011486,-56344.32609171971,44626.62356588125,12.0,-26051.976523011486,-56344.32609171971,44626.62356588125,12.0,-301907.97161685704,-656346.3566908392,523083.95722157025,140.0
80cf1,80cf1,80cf1,80cf4,-19811.91339937001,-42271.64200977041,33291.957987194924,9.0,-19811.91339937001,-42271.64200977041,33291.957987194924,9.0,-442018.09068044845,-931259.6081477407,738072.7448916524,199.0
80cf3,80cf3,80cf3,80cf4,-63791.2230536336,-135468.02165523576,108235.72773414553,29.0,-63791.2230536336,-135468.02165523576,108235.72773414553,29.0,-442018.09068044845,-931259.6081477407,738072.7448916524,199.0
80cf44,80cf44,80cf5,80cf4,0.0,0.0,0.0,0.0,-188534.69504431548,-397537.9287202294,315718.837125881,85.0,-442018.09068044845,-931259.6081477407,738072.7448916524,199.0
80cf4c,80cf4c,80cf5,80cf4,-70784.39052607419,-149513.2152850484,119160.5870932927,32.0,-188534.69504431548,-397537.9287202294,315718.837125881,85.0,-442018.09068044845,-931259.6081477407,738072.7448916524,199.0
80cf64,80cf64,80cf7,80cf4,-94030.35677977113,-196608.75690505432,155253.1909934371,42.0,-169880.25918312938,-355982.01576250506,280826.22204443085,76.0,-442018.09068044845,-931259.6081477407,738072.7448916524,199.0
80cf6c,80cf6c,80cf7,80cf4,-60173.57343810838,-126505.08748923062,99827.4778044566,27.0,-169880.25918312938,-355982.01576250506,280826.22204443085,76.0,-442018.09068044845,-931259.6081477407,738072.7448916524,199.0
80cf7c,80cf7c,80cf7,80cf4,-15676.328965249875,-32868.17136822013,25745.553246537183,7.0,-169880.25918312938,-355982.01576250506,280826.22204443085,76.0,-442018.09068044845,-931259.6081477407,738072.7448916524,199.0
80cfc,80cfc,80cfc,80cfc,-11273.517414128777,-23526.68932359881,18279.619535161564,5.0,-11273.517414128777,-23526.68932359881,18279.619535161564,5.0,-11273.517414128777,-23526.68932359881,18279.619535161564,5.0
881,881,881,881,9094.958016624241,-120988.9277439524,112772.45620989204,26.0,9094.958016624241,-120988.9277439524,112772.45620989204,26.0,9094.958016624241,-120988.9277439524,112772.45620989204,26.0
