index,config_1,config_2,config_3,config_1_x,config_1_y,config_1_z,config_1_points,config_2_x,config_2_y,config_2_z,config_2_points,config_3_x,config_3_y,config_3_z,config_3_points
86d8c,86d8c,86d9,86d9,0.0,0.0,0.0,0.0,0.0,0.0,0.0,0.0,0.0,0.0,0.0,0.0
86d94,86d94,86d9,86d9,0.0,0.0,0.0,0.0,0.0,0.0,0.0,0.0,0.0,0.0,0.0,0.0
86d9c,86d9c,86d9,86d9,0.0,0.0,0.0,0.0,0.0,0.0,0.0,0.0,0.0,0.0,0.0,0.0
86db,86db,86db,86db,-15818.756218402697,-46221.06173066273,30018.798917450426,9.0,-15818.756218402697,-46221.06173066273,30018.798917450426,9.0,-15818.756218402697,-46221.06173066273,30018.798917450426,9.0
86dd,86dd,86dd,86dd,0.0,0.0,0.0,0.0,-80620.49594481301,-269570.99922451755,174886.58506004693,52.0,-80620.49594481301,-269570.99922451755,174886.58506004693,52.0
86de04,86de04,86de1,86df,0.0,0.0,0.0,0.0,0.0,0.0,0.0,0.0,0.0,0.0,0.0,0.0
86de15,86de15,86de1,86df,-34385.936809699735,-113411.48530521,74839.01071070299,22.0,0.0,0.0,0.0,0.0,0.0,0.0,0.0,0.0
86de164,86de164,86de1,86df,-42011.69491096465,-139228.20030270246,91871.94722050407,27.0,0.0,0.0,0.0,0.0,0.0,0.0,0.0,0.0
86de174,86de174,86de1,86df,-26384.797360183373,-87713.74270416515,57797.74982814239,17.0,0.0,0.0,0.0,0.0,0.0,0.0,0.0,0.0
86de17c,86de17c,86de1,86df,0.0,0.0,0.0,0.0,0.0,0.0,0.0,0.0,0.0,0.0,0.0,0.0
86de1c,86de1c,86de1,86df,0.0,0.0,0.0,0.0,0.0,0.0,0.0,0.0,0.0,0.0,0.0,0.0
86de3,86de3,86de3,86df,0.0,0.0,0.0,0.0,0.0,0.0,0.0,0.0,0.0,0.0,0.0,0.0
86de5,86de5,86de5,86df,-32993.092646057514,-107903.01771720125,71891.81878692142,21.0,-32993.092646057514,-107903.01771720125,71891.81878692142,21.0,0.0,0.0,0.0,0.0
86de7,86de7,86de7,86df,-17296.363632014156,-56714.87017695835,37357.670680265684,11.0,-17296.363632014156,-56714.87017695835,37357.670680265684,11.0,0.0,0.0,0.0,0.0
86dec,86dec,86dec,86df,0.0,0.0,0.0,0.0,-123325.2267393174,-389667.4442241249,259605.0584464901,76.0,0.0,0.0,0.0,0.0
86df4,86df4,86df4,86df,0.0,0.0,0.0,0.0,-121439.02374153813,-383445.4823107724,257944.77757966495,75.0,0.0,0.0,0.0,0.0
86dfc,86dfc,86dfc,86df,-23559.149439376662,-76621.55987756333,52024.78322002584,15.0,-23559.149439376662,-76621.55987756333,52024.78322002584,15.0,0.0,0.0,0.0,0.0
86e04,86e04,86e1,86e1,0.0,0.0,0.0,0.0,0.0,0.0,0.0,0.0,0.0,0.0,0.0,0.0
86e0c,86e0c,86e1,86e1,-60432.33241942267,-206292.74475533405,136870.63775978255,40.0,0.0,0.0,0.0,0.0,0.0,0.0,0.0,0.0
86e1c,86e1c,86e1,86e1,0.0,0.0,0.0,0.0,0.0,0.0,0.0,0.0,0.0,0.0,0.0,0.0
86e264,86e264,86e3,86e3,-55373.09588410336,-216410.03478851527,147311.87841004803,42.0,0.0,0.0,0.0,0.0,-212595.34069937537,-825581.1559708384,558813.4737311273,160.0
86e26c,86e26c,86e3,86e3,0.0,0.0,0.0,0.0,0.0,0.0,0.0,0.0,-212595.34069937537,-825581.1559708384,558813.4737311273,160.0
86e27c,86e27c,86e3,86e3,-1314.6247968311832,-5140.201449117621,3527.0162794808753,1.0,0.0,0.0,0.0,0.0,-212595.34069937537,-825581.1559708384,558813.4737311273,160.0
86e34,86e34,86e3,86e3,-26364.104459514587,-104216.00792054961,68408.7348416613,20.0,0.0,0.0,0.0,0.0,-212595.34069937537,-825581.1559708384,558813.4737311273,160.0
86e3c,86e3c,86e3,86e3,-12174.273470355472,-46736.66794909522,30905.47974160577,9.0,0.0,0.0,0.0,0.0,-212595.34069937537,-825581.1559708384,558813.4737311273,160.0
86e5,86e5,86e5,86e5,0.0,0.0,0.0,0.0,0.0,0.0,0.0,0.0,0.0,0.0,0.0,0.0
86e64,86e64,86e64,86e7,-5823.261028046172,-21008.73667053054,13196.84059504133,4.0,-5823.261028046172,-21008.73667053054,13196.84059504133,4.0,0.0,0.0,0.0,0.0
86e6c,86e6c,86e6c,86e7,-14251.068999586463,-52199.16325802875,33631.458112560635,10.0,-14251.068999586463,-52199.16325802875,33631.458112560635,10.0,0.0,0.0,0.0,0.0
86e71,86e71,86e71,86e7,-8987.170266129258,-31342.060892770256,19953.233761798387,6.0,-8987.170266129258,-31342.060892770256,19953.233761798387,6.0,0.0,0.0,0.0,0.0
86e73,86e73,86e73,86e7,-61141.40120656896,-213183.84872431133,138005.96757545232,41.0,-61141.40120656896,-213183.84872431133,138005.96757545232,41.0,0.0,0.0,0.0,0.0
86e744,86e744,86e744,86e7,0.0,0.0,0.0,0.0,-80465.37829670844,-275644.719575912,177656.6900433506,53.0,0.0,0.0,0.0,0.0
86e74c,86e74c,86e74c,86e7,-3042.5920993359655,-10384.688051420924,6727.54708496674,2.0,-3042.5920993359655,-10384.688051420924,6727.54708496674,2.0,0.0,0.0,0.0,0.0
86e754,86e754,86e754,86e7,0.0,0.0,0.0,0.0,-90587.3214083902,-306087.98383020586,198486.47031504303,59.0,0.0,0.0,0.0,0.0
86e7584,86e7584,86e75c,86e7,-23075.80947284508,-77893.87903414977,50326.37836654892,15.0,-132030.0102823205,-446776.07958652807,288376.14556966815,86.0,0.0,0.0,0.0,0.0
86e758c,86e758c,86e75c,86e7,-33839.68442328999,-114272.95926317683,73769.95875462073,22.0,-132030.0102823205,-446776.07958652807,288376.14556966815,86.0,0.0,0.0,0.0,0.0
86e7594,86e7594,86e75c,86e7,-29200.154525416878,-98696.9930921093,63711.49700720611,19.0,-132030.0102823205,-446776.07958652807,288376.14556966815,86.0,0.0,0.0,0.0,0.0
86e759c,86e759c,86e75c,86e7,-12274.949865122646,-41549.11067399185,26846.621834547826,8.0,-132030.0102823205,-446776.07958652807,288376.14556966815,86.0,0.0,0.0,0.0,0.0
86e75b,86e75b,86e75c,86e7,-13768.076344334157,-46752.7001518241,30205.86918418851,9.0,-132030.0102823205,-446776.07958652807,288376.14556966815,86.0,0.0,0.0,0.0,0.0
86e75d,86e75d,86e75c,86e7,-19871.33565131172,-67610.43737127623,43515.82042255606,13.0,-132030.0102823205,-446776.07958652807,288376.14556966815,86.0,0.0,0.0,0.0,0.0
86e77,86e77,86e77,86e7,-47280.93498087513,-161432.1861671899,103493.47032104166,31.0,-47280.93498087513,-161432.1861671899,103493.47032104166,31.0,0.0,0.0,0.0,0.0
86e7c,86e7c,86e7c,86e7,-2968.12004100981,-10478.648235990193,6614.16167251548,2.0,-2968.12004100981,-10478.648235990193,6614.16167251548,2.0,0.0,0.0,0.0,0.0
86ed,86ed,86ed,86ec,0.0,0.0,0.0,0.0,-117011.34742108735,-480689.3401010999,277047.88015428005,89.0,0.0,0.0,0.0,0.0
86ee4,86ee4,86ee4,86ec,-48340.09440436156,-193565.97295031065,113132.01359193485,36.0,-48340.09440436156,-193565.97295031065,113132.01359193485,36.0,0.0,0.0,0.0,0.0
86eec,86eec,86eec,86ec,-5571.023349521806,-21357.29657854703,12738.31439127467,4.0,-5571.023349521806,-21357.29657854703,12738.31439127467,4.0,0.0,0.0,0.0,0.0
86ef4,86ef4,86ef4,86ec,-21972.202745016435,-84953.41688165735,51875.678711163586,16.0,-21972.202745016435,-84953.41688165735,51875.678711163586,16.0,0.0,0.0,0.0,0.0
86ef9,86ef9,86efc,86ec,0.0,0.0,0.0,0.0,0.0,0.0,0.0,0.0,0.0,0.0,0.0,0.0
86efb,86efb,86efc,86ec,0.0,0.0,0.0,0.0,0.0,0.0,0.0,0.0,0.0,0.0,0.0,0.0
86efd,86efd,86efc,86ec,-10420.311743949866,-42749.64588302105,25721.94116475779,8.0,0.0,0.0,0.0,0.0,0.0,0.0,0.0,0.0
86eff,86eff,86efc,86ec,-48586.499771216004,-196942.11192811758,120084.8900625001,37.0,0.0,0.0,0.0,0.0,0.0,0.0,0.0,0.0
86f1,86f1,86f4,86f4,0.0,0.0,0.0,0.0,0.0,0.0,0.0,0.0,0.0,0.0,0.0,0.0
86f3,86f3,86f4,86f4,0.0,0.0,0.0,0.0,0.0,0.0,0.0,0.0,0.0,0.0,0.0,0.0
86f5,86f5,86f4,86f4,-13755.674362295487,-70785.76034534746,40740.11829348681,13.0,0.0,0.0,0.0,0.0,0.0,0.0,0.0,0.0
86f7,86f7,86f4,86f4,-48758.59076638056,-243251.42351251346,143666.03874020054,45.0,0.0,0.0,0.0,0.0,0.0,0.0,0.0,0.0
86f9,86f9,86f9,86fc,-32697.822279024072,-164087.86253478483,104930.66473254474,31.0,-32697.822279024072,-164087.86253478483,104930.66473254474,31.0,0.0,0.0,0.0,0.0
86fb,86fb,86fb,86fc,0.0,0.0,0.0,0.0,-77906.88637301177,-348511.5812306578,221956.76932336504,66.0,0.0,0.0,0.0,0.0
86fd,86fd,86fd,86fc,-57704.56746767499,-250038.9404327387,166323.84342458405,48.0,-57704.56746767499,-250038.9404327387,166323.84342458405,48.0,0.0,0.0,0.0,0.0
86fe0c,86fe0c,86fe4,86fc,-9900.902755159745,-46731.269890493255,31716.373173661686,9.0,0.0,0.0,0.0,0.0,0.0,0.0,0.0,0.0
86fe12b,86fe12b,86fe4,86fc,-52431.719282954495,-249300.45881550093,169171.46982958683,48.0,0.0,0.0,0.0,0.0,0.0,0.0,0.0,0.0
86fe12d,86fe12d,86fe4,86fc,-8721.411602789525,-41551.400364780304,28198.621906787062,8.0,0.0,0.0,0.0,0.0,0.0,0.0,0.0,0.0
86fe134,86fe134,86fe4,86fc,-3263.0219515082617,-15582.176713402721,10576.209813982778,3.0,0.0,0.0,0.0,0.0,0.0,0.0,0.0,0.0
86fe13c,86fe13c,86fe4,86fc,-2172.9951051500907,-10381.181730186461,7061.739918500703,2.0,0.0,0.0,0.0,0.0,0.0,0.0,0.0,0.0
86fe3,86fe3,86fe4,86fc,-1046.6238473638728,-5197.632841312954,3532.5549533887943,1.0,0.0,0.0,0.0,0.0,0.0,0.0,0.0,0.0
86fe5,86fe5,86fe4,86fc,-20367.677001196058,-98942.6824105137,66696.1078465157,19.0,0.0,0.0,0.0,0.0,0.0,0.0,0.0,0.0
86fe7,86fe7,86fe4,86fc,-32784.72161901695,-155899.64378800488,105599.2696471859,30.0,0.0,0.0,0.0,0.0,0.0,0.0,0.0,0.0
86fec,86fec,86fec,86fc,-21375.774957372905,-104652.30486472078,69472.58601204545,20.0,-21375.774957372905,-104652.30486472078,69472.58601204545,20.0,0.0,0.0,0.0,0.0
86ff4,86ff4,86ff4,86fc,0.0,0.0,0.0,0.0,-83298.82327748479,-425149.0827300775,280384.5385155113,81.0,0.0,0.0,0.0,0.0
86ffc,86ffc,86ffc,86fc,-7092.694923540478,-36403.32409850009,24766.11311719596,7.0,-7092.694923540478,-36403.32409850009,24766.11311719596,7.0,0.0,0.0,0.0,0.0
87004,87004,8701,8701,-7005.534739131159,-36118.921105401394,25203.87883586938,7.0,0.0,0.0,0.0,0.0,0.0,0.0,0.0,0.0
8700c,8700c,8701,8701,-39816.48176205711,-204598.93719462425,146618.17286999445,40.0,0.0,0.0,0.0,0.0,0.0,0.0,0.0,0.0
87011,87011,8701,8701,-50401.0397426602,-245681.53851094673,174981.44570444647,48.0,0.0,0.0,0.0,0.0,0.0,0.0,0.0,0.0
87013,87013,8701,8701,-14474.052739100156,-71470.16845693838,51362.22340577666,14.0,0.0,0.0,0.0,0.0,0.0,0.0,0.0,0.0
87015,87015,8701,8701,0.0,0.0,0.0,0.0,0.0,0.0,0.0,0.0,0.0,0.0,0.0,0.0
87017,87017,8701,8701,-6436.43422628245,-30685.500381359012,21867.79998635665,6.0,0.0,0.0,0.0,0.0,0.0,0.0,0.0,0.0
8701c,8701c,8701,8701,-15009.655829181953,-72123.80297712795,50283.011318805984,14.0,0.0,0.0,0.0,0.0,0.0,0.0,0.0,0.0
87024,87024,87024,87024,-9071.006026478693,-41147.87038586859,28674.948376152235,8.0,-9071.006026478693,-41147.87038586859,28674.948376152235,8.0,-9071.006026478693,-41147.87038586859,28674.948376152235,8.0
8702c4,8702c4,8702c4,8702c4,-7256.065461480408,-30759.653543112378,21504.017274331687,6.0,-7256.065461480408,-30759.653543112378,21504.017274331687,6.0,-7256.065461480408,-30759.653543112378,21504.017274331687,6.0
8702dc4,8702dc4,8702dc4,8702dd,-44510.54500530216,-189341.28901430112,133176.7951901701,37.0,-44510.54500530216,-189341.28901430112,133176.7951901701,37.0,0.0,0.0,0.0,0.0
8702dd9,8702dd9,8702ddc,8702dd,-25189.660684804127,-107500.98233091488,75558.5917088699,21.0,0.0,0.0,0.0,0.0,0.0,0.0,0.0,0.0
8702ddb,8702ddb,8702ddc,8702dd,-21615.197230533515,-92144.23652883984,64755.717215979246,18.0,0.0,0.0,0.0,0.0,0.0,0.0,0.0,0.0
8702ddd,8702ddd,8702ddc,8702dd,0.0,0.0,0.0,0.0,0.0,0.0,0.0,0.0,0.0,0.0,0.0,0.0
8702ddf,8702ddf,8702ddc,8702dd,0.0,0.0,0.0,0.0,0.0,0.0,0.0,0.0,0.0,0.0,0.0,0.0
8702de04,8702de04,8702de1,8702de1,-28759.753503412634,-122816.9185561398,86420.93941634333,24.0,0.0,0.0,0.0,0.0,-133063.31261429444,-567978.1219859623,399751.60490300896,111.0
8702de0c,8702de0c,8702de1,8702de1,-27583.67455805146,-117697.077877646,82816.1704048539,23.0,0.0,0.0,0.0,0.0,-133063.31261429444,-567978.1219859623,399751.60490300896,111.0
8702de14,8702de14,8702de1,8702de1,-38378.61096108651,-163731.38458521236,115251.99775794537,32.0,0.0,0.0,0.0,0.0,-133063.31261429444,-567978.1219859623,399751.60490300896,111.0
8702de1c,8702de1c,8702de1,8702de1,-38341.27359174383,-163732.74096696425,115262.49732386638,32.0,0.0,0.0,0.0,0.0,-133063.31261429444,-567978.1219859623,399751.60490300896,111.0
8702de24,8702de24,8702de3,8702de3,-34743.06574138668,-148364.1844348177,104484.30698363323,29.0,-106670.89559917674,-455300.87434386706,320677.1931689193,89.0,-106670.89559917674,-455300.87434386706,320677.1931689193,89.0
8702de2c,8702de2c,8702de3,8702de3,-19165.520876689647,-81847.87088855392,57659.219497683676,16.0,-106670.89559917674,-455300.87434386706,320677.1931689193,89.0,-106670.89559917674,-455300.87434386706,320677.1931689193,89.0
8702de34,8702de34,8702de3,8702de3,-16785.882074556303,-71613.72602581933,50450.96621227597,14.0,-106670.89559917674,-455300.87434386706,320677.1931689193,89.0,-106670.89559917674,-455300.87434386706,320677.1931689193,89.0
8702de3c,8702de3c,8702de3,8702de3,-35976.4269065441,-153475.09299467606,108082.70047532645,30.0,-106670.89559917674,-455300.87434386706,320677.1931689193,89.0,-106670.89559917674,-455300.87434386706,320677.1931689193,89.0
8702de5,8702de5,8702de5,8702de5,0.0,0.0,0.0,0.0,-78043.93129037376,-332502.09740667924,234186.25613605487,65.0,-78043.93129037376,-332502.09740667924,234186.25613605487,65.0
8702de64,8702de64,8702de64,8702de7,-40842.939631984875,-173952.73239491644,122450.21673633246,34.0,-40842.939631984875,-173952.73239491644,122450.21673633246,34.0,-168128.2690807177,-716331.961871776,504143.3830038239,140.0
8702de6c,8702de6c,8702de6c,8702de7,-39611.33000306019,-168840.19480319307,118853.57417392758,33.0,-39611.33000306019,-168840.19480319307,118853.57417392758,33.0,-168128.2690807177,-716331.961871776,504143.3830038239,140.0
8702de74,8702de74,8702de74,8702de7,-43217.021005784685,-184214.46826836636,129621.13464817444,36.0,-43217.021005784685,-184214.46826836636,129621.13464817444,36.0,-168128.2690807177,-716331.961871776,504143.3830038239,140.0
8702de7c,8702de7c,8702de7c,8702de7,-44456.97843988794,-189324.56640530014,133218.4574453895,37.0,-44456.97843988794,-189324.56640530014,133218.4574453895,37.0,-168128.2690807177,-716331.961871776,504143.3830038239,140.0
8702de84,8702de84,8702dec,8702dec,-27655.826256608663,-117685.60388223983,82808.41279451938,23.0,0.0,0.0,0.0,0.0,-191283.4035516468,-813464.0731165233,572569.9655810972,159.0
8702de8c,8702de8c,8702dec,8702dec,-44486.98304480889,-189293.9840960767,133251.8954690236,37.0,0.0,0.0,0.0,0.0,-191283.4035516468,-813464.0731165233,572569.9655810972,159.0
8702de94,8702de94,8702dec,8702dec,-8422.919704174346,-35811.96187658858,25208.24683737818,7.0,0.0,0.0,0.0,0.0,-191283.4035516468,-813464.0731165233,572569.9655810972,159.0
8702de9c,8702de9c,8702dec,8702dec,-39718.08914067139,-168848.65997252602,118805.9105606814,33.0,0.0,0.0,0.0,0.0,-191283.4035516468,-813464.0731165233,572569.9655810972,159.0
8702deb,8702deb,8702dec,8702dec,-26496.64103363917,-112556.24833544128,79211.48453222627,22.0,0.0,0.0,0.0,0.0,-191283.4035516468,-813464.0731165233,572569.9655810972,159.0
8702def,8702def,8702dec,8702dec,-36072.98737517804,-153462.41935977363,108068.510418734,30.0,0.0,0.0,0.0,0.0,-191283.4035516468,-813464.0731165233,572569.9655810972,159.0
8702dfc,8702dfc,8702dfc,8702dfc,-16782.09666763604,-71596.41053357368,50476.78635650715,14.0,-16782.09666763604,-71596.41053357368,50476.78635650715,14.0,-16782.09666763604,-71596.41053357368,50476.78635650715,14.0
8702f,8702f,8702f,8702f,0.0,0.0,0.0,0.0,0.0,0.0,0.0,0.0,-169797.47616293386,-726803.1348519861,511250.91651436384,142.0
87034,87034,87034,87034,0.0,0.0,0.0,0.0,-114358.93619569273,-484123.4382489358,344763.86126152554,95.0,-114358.93619569273,-484123.4382489358,344763.86126152554,95.0
8703c,8703c,8703c,8703c,-5546.325659761812,-25423.59298521012,18374.35327911604,5.0,-5546.325659761812,-25423.59298521012,18374.35327911604,5.0,-5546.325659761812,-25423.59298521012,18374.35327911604,5.0
8705,8705,8705,8705,-48937.685188972006,-216839.0285225604,160092.89997233485,43.0,-48937.685188972006,-216839.0285225604,160092.89997233485,43.0,-48937.685188972006,-216839.0285225604,160092.89997233485,43.0
8707,8707,8707,8707,0.0,0.0,0.0,0.0,-53180.48007646609,-261504.19606498053,196299.89584667725,52.0,-53180.48007646609,-261504.19606498053,196299.89584667725,52.0
87084,87084,8709,870c,-42193.52576483333,-219220.024025993,169538.11501850738,44.0,0.0,0.0,0.0,0.0,0.0,0.0,0.0,0.0
8708c,8708c,8709,870c,-25606.09486481486,-124691.2296919395,95731.85903796318,25.0,0.0,0.0,0.0,0.0,0.0,0.0,0.0,0.0
87094,87094,8709,870c,0.0,0.0,0.0,0.0,0.0,0.0,0.0,0.0,0.0,0.0,0.0,0.0
87099,87099,8709,870c,-20367.678767742436,-103473.10458023928,82331.79366542133,21.0,0.0,0.0,0.0,0.0,0.0,0.0,0.0,0.0
8709b,8709b,8709,870c,-20751.649484638176,-104003.812108139,81563.76426974124,21.0,0.0,0.0,0.0,0.0,0.0,0.0,0.0,0.0
8709d,8709d,8709,870c,-27363.699553974107,-143972.46221651603,112512.57680139384,29.0,0.0,0.0,0.0,0.0,0.0,0.0,0.0,0.0
8709f,8709f,8709,870c,0.0,0.0,0.0,0.0,0.0,0.0,0.0,0.0,0.0,0.0,0.0,0.0
870b,870b,870b,870c,0.0,0.0,0.0,0.0,0.0,0.0,0.0,0.0,0.0,0.0,0.0,0.0
870f,870f,870f,870c,-25704.885558447793,-114490.35707874535,87764.1283872789,23.0,-25704.885558447793,-114490.35707874535,87764.1283872789,23.0,0.0,0.0,0.0,0.0
8711,8711,8711,8714,0.0,0.0,0.0,0.0,0.0,0.0,0.0,0.0,0.0,0.0,0.0,0.0
87164,87164,87164,8714,-54451.46817740552,-185393.41690360496,145861.9803224214,38.0,-54451.46817740552,-185393.41690360496,145861.9803224214,38.0,0.0,0.0,0.0,0.0
8716c,8716c,8716c,8714,-1365.1635032089603,-4891.1790529678065,3847.3951202069993,1.0,-1365.1635032089603,-4891.1790529678065,3847.3951202069993,1.0,0.0,0.0,0.0,0.0
87171,87171,87171,8714,-24657.723866814176,-88557.88344280257,68560.40810391912,18.0,-24657.723866814176,-88557.88344280257,68560.40810391912,18.0,0.0,0.0,0.0,0.0
87173,87173,87173,8714,-9497.99453216021,-34468.62298516637,26657.082220685454,7.0,-9497.99453216021,-34468.62298516637,26657.082220685454,7.0,0.0,0.0,0.0,0.0
87175,87175,87175,8714,-49828.246109127285,-182793.32240835938,140252.95034642948,37.0,-49828.246109127285,-182793.32240835938,140252.95034642948,37.0,0.0,0.0,0.0,0.0
871764c,871764c,871764,8714,-6883.600021429911,-24703.348994950506,18897.205808021958,5.0,-132068.9394466652,-474116.4732126163,363106.7118958958,96.0,0.0,0.0,0.0,0.0
8717654,8717654,871764,8714,0.0,0.0,0.0,0.0,-132068.9394466652,-474116.4732126163,363106.7118958958,96.0,0.0,0.0,0.0,0.0
871765c,871765c,871764,8714,-37085.18277885094,-133324.66578011468,102172.1708944751,27.0,-132068.9394466652,-474116.4732126163,363106.7118958958,96.0,0.0,0.0,0.0,0.0
87176c,87176c,87176c,8714,0.0,0.0,0.0,0.0,-134356.61720056707,-483341.0895867306,371689.70764647244,98.0,0.0,0.0,0.0,0.0
871774,871774,871774,8714,0.0,0.0,0.0,0.0,-80406.15825441392,-286005.75503055746,219725.69320629057,58.0,0.0,0.0,0.0,0.0
87177c,87177c,87177c,8714,-34589.17786939291,-123517.53948844064,94422.3854045406,25.0,-34589.17786939291,-123517.53948844064,94422.3854045406,25.0,0.0,0.0,0.0,0.0
8717c,8717c,8717c,8714,0.0,0.0,0.0,0.0,0.0,0.0,0.0,0.0,0.0,0.0,0.0,0.0
87181,87181,87181,87181,0.0,0.0,0.0,0.0,0.0,0.0,0.0,0.0,-159701.37169384406,-544946.7367768206,410686.0428131996,110.0
87183,87183,87183,87183,0.0,0.0,0.0,0.0,0.0,0.0,0.0,0.0,0.0,0.0,0.0,0.0
871844,871844,871844,871844,-42734.699514983484,-148982.77291409892,111841.93723287316,30.0,-42734.699514983484,-148982.77291409892,111841.93723287316,30.0,-42734.699514983484,-148982.77291409892,111841.93723287316,30.0
87184c,87184c,87184c,87184c,0.0,0.0,0.0,0.0,-98895.58114171488,-348051.98831130564,260708.72817774315,70.0,-98895.58114171488,-348051.98831130564,260708.72817774315,70.0
8718501,8718501,8718501,8718501,-17065.640788313365,-59698.89880896736,44606.3872938452,12.0,-17065.640788313365,-59698.89880896736,44606.3872938452,12.0,-17065.640788313365,-59698.89880896736,44606.3872938452,12.0
8718503,8718503,8718503,8718503,-39780.80650550492,-139307.84501245746,104082.55285613476,28.0,-39780.80650550492,-139307.84501245746,104082.55285613476,28.0,-39780.80650550492,-139307.84501245746,104082.55285613476,28.0
87185041,87185041,87185041,8718505,-61119.67619491023,-213952.13044250253,159810.27656156826,43.0,-61119.67619491023,-213952.13044250253,159810.27656156826,43.0,0.0,0.0,0.0,0.0
87185043,87185043,87185043,8718505,-5685.321374338615,-19903.598539690294,14864.72118664981,4.0,-5685.321374338615,-19903.598539690294,14864.72118664981,4.0,0.0,0.0,0.0,0.0
87185045,87185045,87185045,8718505,-25578.761091785866,-89566.59926823735,66892.68482453322,18.0,-25578.761091785866,-89566.59926823735,66892.68482453322,18.0,0.0,0.0,0.0,0.0
871850464,871850464,871850464,8718505,-52571.28156626092,-184103.94481912508,137511.3445625357,37.0,-52571.28156626092,-184103.94481912508,137511.3445625357,37.0,0.0,0.0,0.0,0.0
87185046c,87185046c,87185046c,8718505,-41208.33193086721,-144296.56932200285,107779.19945356162,29.0,-41208.33193086721,-144296.56932200285,107779.19945356162,29.0,0.0,0.0,0.0,0.0
871850474,871850474,871850474,8718505,-68208.31675229935,-238831.50228536507,178398.23498226743,48.0,-68208.31675229935,-238831.50228536507,178398.23498226743,48.0,0.0,0.0,0.0,0.0
87185047c,87185047c,87185047c,8718505,-15629.163397426995,-54732.34915909065,40883.484867633415,11.0,-15629.163397426995,-54732.34915909065,40883.484867633415,11.0,0.0,0.0,0.0,0.0
8718504c,8718504c,8718504c,8718505,-21305.96455281406,-74640.83401684163,55744.920786467985,15.0,-21305.96455281406,-74640.83401684163,55744.920786467985,15.0,0.0,0.0,0.0,0.0
87185054,87185054,87185054,8718505,-4259.810453666703,-14930.151391060881,11146.854789022225,3.0,-4259.810453666703,-14930.151391060881,11146.854789022225,3.0,0.0,0.0,0.0,0.0
8718505c,8718505c,8718505c,8718505,-5685.581226326299,-19905.256223369244,14862.401832909438,4.0,-5685.581226326299,-19905.256223369244,14862.401832909438,4.0,0.0,0.0,0.0,0.0
8718507,8718507,8718507,8718507,0.0,0.0,0.0,0.0,-86782.64010748532,-303528.25074851385,226657.98635656602,61.0,-86782.64010748532,-303528.25074851385,226657.98635656602,61.0
871850c,871850c,871850c,871850c,0.0,0.0,0.0,0.0,0.0,0.0,0.0,0.0,-183514.24242610676,-642141.5138452427,478989.38580896484,129.0
8718514,8718514,8718514,8718514,-12771.756179653943,-44805.97515288346,33422.69334516734,9.0,-12771.756179653943,-44805.97515288346,33422.69334516734,9.0,-12771.756179653943,-44805.97515288346,33422.69334516734,9.0
871851c,871851c,871851c,871851c,-48218.051371227586,-169176.6767959934,126396.29749693723,34.0,-48218.051371227586,-169176.6767959934,126396.29749693723,34.0,-48218.051371227586,-169176.6767959934,126396.29749693723,34.0
871857,871857,871857,871857,-69598.72457377572,-244119.99372534337,181706.93679728734,49.0,-69598.72457377572,-244119.99372534337,181706.93679728734,49.0,-69598.72457377572,-244119.99372534337,181706.93679728734,49.0
871859,871859,87185c,87185c,-17158.37733365402,-59757.14016073342,44492.66093258738,12.0,0.0,0.0,0.0,0.0,-224255.8487896614,-781348.3494878707,582838.2198298229,157.0
87185b,87185b,87185c,87185c,0.0,0.0,0.0,0.0,0.0,0.0,0.0,0.0,-224255.8487896614,-781348.3494878707,582838.2198298229,157.0
87185d,87185d,87185c,87185c,-10033.448739589508,-34830.66128442119,25981.778805771857,7.0,0.0,0.0,0.0,0.0,-224255.8487896614,-781348.3494878707,582838.2198298229,157.0
87185f,87185f,87185c,87185c,-10075.49879232286,-34852.76175510367,25935.821177882128,7.0,0.0,0.0,0.0,0.0,-224255.8487896614,-781348.3494878707,582838.2198298229,157.0
87187,87187,87187,87187,0.0,0.0,0.0,0.0,0.0,0.0,0.0,0.0,-205844.76159659668,-704884.5731619098,528407.6411353496,142.0
87189,87189,8718c,8718c,0.0,0.0,0.0,0.0,0.0,0.0,0.0,0.0,0.0,0.0,0.0,0.0
8718b,8718b,8718c,8718c,0.0,0.0,0.0,0.0,0.0,0.0,0.0,0.0,0.0,0.0,0.0,0.0
8718d,8718d,8718c,8718c,-21557.37119597405,-75244.37726153056,54829.3294274284,15.0,0.0,0.0,0.0,0.0,0.0,0.0,0.0,0.0
8718f,8718f,8718c,8718c,0.0,0.0,0.0,0.0,0.0,0.0,0.0,0.0,0.0,0.0,0.0,0.0
87194,87194,87194,87194,0.0,0.0,0.0,0.0,0.0,0.0,0.0,0.0,0.0,0.0,0.0,0.0
8719c,8719c,8719c,8719c,0.0,0.0,0.0,0.0,-138596.15010500382,-498019.31196842616,372368.34563194396,100.0,-138596.15010500382,-498019.31196842616,372368.34563194396,100.0
871b,871b,871b,871b,0.0,0.0,0.0,0.0,0.0,0.0,0.0,0.0,-236726.48793093796,-942482.7248779675,689161.493637817,187.0
871d,871d,871d,871d,0.0,0.0,0.0,0.0,0.0,0.0,0.0,0.0,0.0,0.0,0.0,0.0
871f,871f,871f,871f,0.0,0.0,0.0,0.0,0.0,0.0,0.0,0.0,-168211.6842276138,-593935.5972342617,417778.1881050966,117.0
8721,8721,8721,8721,0.0,0.0,0.0,0.0,0.0,0.0,0.0,0.0,0.0,0.0,0.0,0.0
872209,872209,872209,872209,-20892.5259231156,-70015.04253830868,51156.49738465144,14.0,-20892.5259231156,-70015.04253830868,51156.49738465144,14.0,-20892.5259231156,-70015.04253830868,51156.49738465144,14.0
87220a4,87220a4,87220a4,87220b,-13371.39121959493,-44993.83012687139,32932.217010367465,9.0,-13371.39121959493,-44993.83012687139,32932.217010367465,9.0,-245761.93693380768,-824395.7338950754,604175.9361974169,165.0
87220ac,87220ac,87220ac,87220b,-34188.27275612841,-114909.32743166201,84255.48390082936,23.0,-34188.27275612841,-114909.32743166201,84255.48390082936,23.0,-245761.93693380768,-824395.7338950754,604175.9361974169,165.0
87220b1,87220b1,87220b1,87220b,-35739.94073005875,-119914.47816666486,87879.87308939558,24.0,-35739.94073005875,-119914.47816666486,87879.87308939558,24.0,-245761.93693380768,-824395.7338950754,604175.9361974169,165.0
87220b3,87220b3,87220b3,87220b,-34234.39603601882,-114898.62183866526,84251.36089855162,23.0,-34234.39603601882,-114898.62183866526,84251.36089855162,23.0,-245761.93693380768,-824395.7338950754,604175.9361974169,165.0
87220b5,87220b5,87220b5,87220b,-50700.80600863925,-169844.70027325125,124514.89956360092,34.0,-50700.80600863925,-169844.70027325125,124514.89956360092,34.0,-245761.93693380768,-824395.7338950754,604175.9361974169,165.0
87220b7,87220b7,87220b7,87220b,-50704.06044698145,-169869.34516261364,124479.9485604088,34.0,-50704.06044698145,-169869.34516261364,124479.9485604088,34.0,-245761.93693380768,-824395.7338950754,604175.9361974169,165.0
87220bc,87220bc,87220bc,87220b,-26823.069736386085,-89965.43089534697,65862.15317426302,18.0,-26823.069736386085,-89965.43089534697,65862.15317426302,18.0,-245761.93693380768,-824395.7338950754,604175.9361974169,165.0
87220c4,87220c4,87220c4,87220c4,-58302.26697467315,-194933.05326265778,142614.73187008765,39.0,-58302.26697467315,-194933.05326265778,142614.73187008765,39.0,-58302.26697467315,-194933.05326265778,142614.73187008765,39.0
87220c9,87220c9,87220c9,87220cc,0.0,0.0,0.0,0.0,-82130.02858746005,-274779.94951681024,201332.15925508237,55.0,0.0,0.0,0.0,0.0
87220ca4,87220ca4,87220cb,87220cc,-20895.658547299805,-69933.13633645617,51267.138356258685,14.0,-128428.44144827742,-429552.8845067283,314948.03384050174,86.0,0.0,0.0,0.0,0.0
87220cac,87220cac,87220cb,87220cc,-5967.54446117652,-19977.70492430644,14653.18281791428,4.0,-128428.44144827742,-429552.8845067283,314948.03384050174,86.0,0.0,0.0,0.0,0.0
87220cb4,87220cb4,87220cb,87220cc,-22400.311196575873,-74914.10095700057,54943.58887138589,15.0,-128428.44144827742,-429552.8845067283,314948.03384050174,86.0,0.0,0.0,0.0,0.0
87220cbc,87220cbc,87220cb,87220cc,0.0,0.0,0.0,0.0,-128428.44144827742,-429552.8845067283,314948.03384050174,86.0,0.0,0.0,0.0,0.0
87220cc4,87220cc4,87220cd,87220cc,-38858.77446242669,-129864.3215739199,95204.65610131709,26.0,-109131.267730119,-364573.00294384593,267356.8429271898,73.0,0.0,0.0,0.0,0.0
87220ccc,87220ccc,87220cd,87220cc,-8966.990547546386,-29964.758312386974,21975.837789059384,6.0,-109131.267730119,-364573.00294384593,267356.8429271898,73.0,0.0,0.0,0.0,0.0
87220cd4,87220cd4,87220cd,87220cc,-52333.19171178967,-174777.79190758002,128204.55518483688,35.0,-109131.267730119,-364573.00294384593,267356.8429271898,73.0,0.0,0.0,0.0,0.0
87220cdc,87220cdc,87220cd,87220cc,-8972.311008356248,-29966.13114995907,21971.793851976407,6.0,-109131.267730119,-364573.00294384593,267356.8429271898,73.0,0.0,0.0,0.0,0.0
87220cf,87220cf,87220cf,87220cc,-11957.823671863449,-39962.84338702105,29286.955423764848,8.0,-11957.823671863449,-39962.84338702105,29286.955423764848,8.0,0.0,0.0,0.0,0.0
87220d4,87220d4,87220d4,87220d4,0.0,0.0,0.0,0.0,-86875.03386586346,-289643.28928042884,212375.63590995217,58.0,-86875.03386586346,-289643.28928042884,212375.63590995217,58.0
87220dc,87220dc,87220dc,87220dc,0.0,0.0,0.0,0.0,-104911.53722149903,-349781.84471416986,256000.02027616903,70.0,-104911.53722149903,-349781.84471416986,256000.02027616903,70.0
87220f,87220f,87220f,87220f,0.0,0.0,0.0,0.0,-91412.40446948519,-305058.6725696793,222749.6221196917,61.0,-91412.40446948519,-305058.6725696793,222749.6221196917,61.0
872214,872214,872214,872214,-25608.846052714296,-84872.1763091224,62220.05237025598,17.0,-25608.846052714296,-84872.1763091224,62220.05237025598,17.0,-25608.846052714296,-84872.1763091224,62220.05237025598,17.0
87221c,87221c,87221c,87221c,0.0,0.0,0.0,0.0,-87490.1051923475,-290447.40410205856,211020.52707741343,58.0,-87490.1051923475,-290447.40410205856,211020.52707741343,58.0
87223,87223,87223,87223,-50668.979821802226,-164750.11026322606,120383.51784627257,33.0,-50668.979821802226,-164750.11026322606,120383.51784627257,33.0,-50668.979821802226,-164750.11026322606,120383.51784627257,33.0
872264,872264,872264,87227,-10489.433051100616,-34867.54504619193,25751.19139056079,7.0,-10489.433051100616,-34867.54504619193,25751.19139056079,7.0,0.0,0.0,0.0,0.0
87226c,87226c,87226c,87227,-60113.134896734584,-199538.5106792882,146677.78743052608,40.0,-60113.134896734584,-199538.5106792882,146677.78743052608,40.0,0.0,0.0,0.0,0.0
872271,872271,872271,87227,-38829.46110038116,-129647.33768039936,95511.80560858344,26.0,-38829.46110038116,-129647.33768039936,95511.80560858344,26.0,0.0,0.0,0.0,0.0
8722724,8722724,872273,87227,-41921.38243358531,-139697.9553192638,102710.47904266474,28.0,0.0,0.0,0.0,0.0,0.0,0.0,0.0,0.0
872272c,872272c,872273,87227,-61380.998797620145,-204672.70722369733,150242.55330712558,41.0,0.0,0.0,0.0,0.0,0.0,0.0,0.0,0.0
8722734,8722734,872273,87227,-67207.9856404348,-224692.88312871876,164895.23594539377,45.0,0.0,0.0,0.0,0.0,0.0,0.0,0.0,0.0
872273c,872273c,872273,87227,-46293.51644974358,-154690.44886714112,113730.05486863834,31.0,0.0,0.0,0.0,0.0,0.0,0.0,0.0,0.0
8722744,8722744,872275,87227,-65444.59907216866,-219563.05857449627,161526.5487340054,44.0,0.0,0.0,0.0,0.0,0.0,0.0,0.0,0.0
872274c,872274c,872275,87227,0.0,0.0,0.0,0.0,0.0,0.0,0.0,0.0,0.0,0.0,0.0,0.0
8722754,8722754,872275,87227,-5941.275434526998,-19979.01658013406,14662.065636606147,4.0,0.0,0.0,0.0,0.0,0.0,0.0,0.0,0.0
872275c,872275c,872275,87227,-8914.351547691867,-29947.175944570557,22021.17352413186,6.0,0.0,0.0,0.0,0.0,0.0,0.0,0.0,0.0
872277,872277,872277,87227,0.0,0.0,0.0,0.0,-112990.20431624244,-379160.78511381295,279135.62645544455,76.0,0.0,0.0,0.0,0.0
87227c,87227c,87227c,87227,-25196.526718449826,-84694.04870047276,62629.701623330315,17.0,-25196.526718449826,-84694.04870047276,62629.701623330315,17.0,0.0,0.0,0.0,0.0
8722c,8722c,8722c,8722c,0.0,0.0,0.0,0.0,-132664.73179743552,-440862.7473546964,330981.5969727916,89.0,-132664.73179743552,-440862.7473546964,330981.5969727916,89.0
87234,87234,87234,87234,-57804.35831044257,-177964.6766873069,132632.7767205093,36.0,-57804.35831044257,-177964.6766873069,132632.7767205093,36.0,-57804.35831044257,-177964.6766873069,132632.7767205093,36.0
8723c,8723c,8723c,8723c,0.0,0.0,0.0,0.0,0.0,0.0,0.0,0.0,0.0,0.0,0.0,0.0
8725,8725,8725,8725,0.0,0.0,0.0,0.0,0.0,0.0,0.0,0.0,0.0,0.0,0.0,0.0
8727,8727,8727,8727,0.0,0.0,0.0,0.0,-166374.71713189397,-495700.2127168263,352683.31764613354,99.0,-166374.71713189397,-495700.2127168263,352683.31764613354,99.0
873a4,873a4,873b,873c,0.0,0.0,0.0,0.0,0.0,0.0,0.0,0.0,0.0,0.0,0.0,0.0
873b4,873b4,873b,873c,0.0,0.0,0.0,0.0,0.0,0.0,0.0,0.0,0.0,0.0,0.0,0.0
873b84,873b84,873b,873c,0.0,0.0,0.0,0.0,0.0,0.0,0.0,0.0,0.0,0.0,0.0,0.0
873b89,873b89,873b,873c,-4766.6040146814885,-14549.233164127325,11441.463121958117,3.0,0.0,0.0,0.0,0.0,0.0,0.0,0.0,0.0
873b8f,873b8f,873b,873c,0.0,0.0,0.0,0.0,0.0,0.0,0.0,0.0,0.0,0.0,0.0,0.0
873b94,873b94,873b,873c,-20777.790127752967,-63032.29052021196,49546.76353012509,13.0,0.0,0.0,0.0,0.0,0.0,0.0,0.0,0.0
873bb,873bb,873b,873c,-34374.86129035125,-101562.91798442912,80021.1204150851,21.0,0.0,0.0,0.0,0.0,0.0,0.0,0.0,0.0
873d,873d,873d,873c,0.0,0.0,0.0,0.0,0.0,0.0,0.0,0.0,0.0,0.0,0.0,0.0
87a1,87a1,87a1,87a1,0.0,0.0,0.0,0.0,0.0,0.0,0.0,0.0,0.0,0.0,0.0,0.0
87a24,87a24,87a3,87a3,0.0,0.0,0.0,0.0,0.0,0.0,0.0,0.0,0.0,0.0,0.0,0.0
87a2c,87a2c,87a3,87a3,-27679.4849314291,-194842.90039782634,161903.8678451386,40.0,0.0,0.0,0.0,0.0,0.0,0.0,0.0,0.0
87a34,87a34,87a3,87a3,0.0,0.0,0.0,0.0,0.0,0.0,0.0,0.0,0.0,0.0,0.0,0.0
87a3c,87a3c,87a3,87a3,0.0,0.0,0.0,0.0,0.0,0.0,0.0,0.0,0.0,0.0,0.0,0.0
87a44,87a44,87a44,87a5,0.0,0.0,0.0,0.0,0.0,0.0,0.0,0.0,0.0,0.0,0.0,0.0
87a49,87a49,87a49,87a5,0.0,0.0,0.0,0.0,0.0,0.0,0.0,0.0,0.0,0.0,0.0,0.0
87a4ac,87a4ac,87a4b,87a5,-26060.129541857987,-188160.6756472859,150093.162526689,38.0,0.0,0.0,0.0,0.0,0.0,0.0,0.0,0.0
87a4b4,87a4b4,87a4b,87a5,0.0,0.0,0.0,0.0,0.0,0.0,0.0,0.0,0.0,0.0,0.0,0.0
87a4bc,87a4bc,87a4b,87a5,0.0,0.0,0.0,0.0,0.0,0.0,0.0,0.0,0.0,0.0,0.0,0.0
87a4d,87a4d,87a4d,87a5,0.0,0.0,0.0,0.0,0.0,0.0,0.0,0.0,0.0,0.0,0.0,0.0
87a4f,87a4f,87a4f,87a5,0.0,0.0,0.0,0.0,-43558.01846526923,-298228.2140894873,235128.3480151417,60.0,0.0,0.0,0.0,0.0
87a54,87a54,87a54,87a5,0.0,0.0,0.0,0.0,0.0,0.0,0.0,0.0,0.0,0.0,0.0,0.0
87a5c,87a5c,87a5c,87a5,0.0,0.0,0.0,0.0,0.0,0.0,0.0,0.0,0.0,0.0,0.0,0.0
87a64,87a64,87a7,87a7,0.0,0.0,0.0,0.0,0.0,0.0,0.0,0.0,0.0,0.0,0.0,0.0
87a6c,87a6c,87a7,87a7,0.0,0.0,0.0,0.0,0.0,0.0,0.0,0.0,0.0,0.0,0.0,0.0
87a74,87a74,87a7,87a7,0.0,0.0,0.0,0.0,0.0,0.0,0.0,0.0,0.0,0.0,0.0,0.0
87a7c,87a7c,87a7,87a7,-10609.335779725187,-59848.873393544236,46372.5466266033,12.0,0.0,0.0,0.0,0.0,0.0,0.0,0.0,0.0
87a9,87a9,87a9,87a9,-14442.612552042185,-81050.0260108812,60103.85674856775,16.0,-14442.612552042185,-81050.0260108812,60103.85674856775,16.0,-14442.612552042185,-81050.0260108812,60103.85674856775,16.0
87aa4,87aa4,87ab,87ab,-41172.81023260651,-230541.93816755764,165374.51584599272,45.0,0.0,0.0,0.0,0.0,-166469.45826303313,-965322.9079437475,689161.5003305816,188.0
87aac,87aac,87ab,87ab,-28323.40994463262,-155016.88328902304,108156.90344767849,30.0,0.0,0.0,0.0,0.0,-166469.45826303313,-965322.9079437475,689161.5003305816,188.0
87ab4,87ab4,87ab,87ab,-6037.980303410067,-36237.66263034327,25283.172300918246,7.0,0.0,0.0,0.0,0.0,-166469.45826303313,-965322.9079437475,689161.5003305816,188.0
87abc,87abc,87ab,87ab,0.0,0.0,0.0,0.0,0.0,0.0,0.0,0.0,-166469.45826303313,-965322.9079437475,689161.5003305816,188.0
87ac4,87ac4,87ac4,87ad,0.0,0.0,0.0,0.0,-66046.45439897763,-420213.03049027256,303285.84071052604,82.0,0.0,0.0,0.0,0.0
87acc,87acc,87acc,87ad,0.0,0.0,0.0,0.0,-58927.07062256541,-382954.41726471897,268589.7936479827,74.0,0.0,0.0,0.0,0.0
87ad4,87ad4,87ad4,87ad,0.0,0.0,0.0,0.0,-40105.770550581066,-280545.3479631667,195047.54394438965,54.0,0.0,0.0,0.0,0.0
87adc,87adc,87adc,87ad,-13984.293965494504,-97687.23099825716,70101.74584106996,19.0,-13984.293965494504,-97687.23099825716,70101.74584106996,19.0,0.0,0.0,0.0,0.0
87af,87af,87af,87af,0.0,0.0,0.0,0.0,-43425.617155445,-298905.28636169166,223732.40645447295,59.0,-43425.617155445,-298905.28636169166,223732.40645447295,59.0
87b04,87b04,87b04,87b04,0.0,0.0,0.0,0.0,0.0,0.0,0.0,0.0,0.0,0.0,0.0,0.0
87b09,87b09,87b0c,87b0c,-26829.201319155676,-217336.7247821438,164605.0645006995,43.0,0.0,0.0,0.0,0.0,0.0,0.0,0.0,0.0
87b0b,87b0b,87b0c,87b0c,0.0,0.0,0.0,0.0,0.0,0.0,0.0,0.0,0.0,0.0,0.0,0.0
87b0d,87b0d,87b0c,87b0c,-574.5495757076046,-5074.281789167532,3809.3713705616037,1.0,0.0,0.0,0.0,0.0,0.0,0.0,0.0,0.0
87b0f4c,87b0f4c,87b0c,87b0c,-4371.571723672201,-35478.28180003428,26666.060362179294,7.0,0.0,0.0,0.0,0.0,0.0,0.0,0.0,0.0
87b0f54,87b0f54,87b0c,87b0c,0.0,0.0,0.0,0.0,0.0,0.0,0.0,0.0,0.0,0.0,0.0,0.0
87b0f5c,87b0f5c,87b0c,87b0c,-11316.452093527358,-91261.70139966629,68515.10452112966,18.0,0.0,0.0,0.0,0.0,0.0,0.0,0.0,0.0
87b0fc,87b0fc,87b0c,87b0c,-3784.0298294996046,-30497.4956730727,22733.565030674912,6.0,0.0,0.0,0.0,0.0,0.0,0.0,0.0,0.0
87b104,87b104,87b11,87b14,0.0,0.0,0.0,0.0,0.0,0.0,0.0,0.0,0.0,0.0,0.0,0.0
87b109,87b109,87b11,87b14,-22154.310913275684,-178676.8529399872,131553.08150425233,35.0,0.0,0.0,0.0,0.0,0.0,0.0,0.0,0.0
87b10a1,87b10a1,87b11,87b14,-8245.750561836214,-66385.95816965573,48832.16507118439,13.0,0.0,0.0,0.0,0.0,0.0,0.0,0.0,0.0
87b10a3,87b10a3,87b11,87b14,-26572.527149547717,-214490.04722915735,157760.08328461077,42.0,0.0,0.0,0.0,0.0,0.0,0.0,0.0,0.0
87b10a5,87b10a5,87b11,87b14,-10755.308844662974,-86833.94551673287,63832.81052321093,17.0,0.0,0.0,0.0,0.0,0.0,0.0,0.0,0.0
87b10a7,87b10a7,87b11,87b14,-5711.181860017773,-45967.133276905835,33796.08003672979,9.0,0.0,0.0,0.0,0.0,0.0,0.0,0.0,0.0
87b10ac,87b10ac,87b11,87b14,-6989.523746926561,-56197.62465406094,41283.57620392011,11.0,0.0,0.0,0.0,0.0,0.0,0.0,0.0,0.0
87b10bc,87b10bc,87b11,87b14,-1890.6983919922668,-15322.83944141561,11266.92486728466,3.0,0.0,0.0,0.0,0.0,0.0,0.0,0.0,0.0
87b10d,87b10d,87b11,87b14,-627.304857951134,-5108.094784149623,3755.477256090331,1.0,0.0,0.0,0.0,0.0,0.0,0.0,0.0,0.0
87b114,87b114,87b11,87b14,-30523.703896351653,-255162.4274327167,188241.26368263635,50.0,0.0,0.0,0.0,0.0,0.0,0.0,0.0,0.0
87b11c,87b11c,87b11,87b14,-1215.90585250908,-10191.876508489546,7550.247592150126,2.0,0.0,0.0,0.0,0.0,0.0,0.0,0.0,0.0
87b13,87b13,87b13,87b14,-23325.416043621746,-199069.7434803898,146847.22332755785,39.0,-23325.416043621746,-199069.7434803898,146847.22332755785,39.0,0.0,0.0,0.0,0.0
87b15,87b15,87b15,87b14,0.0,0.0,0.0,0.0,-40965.426327424975,-353829.4249415025,257629.71498372013,69.0,0.0,0.0,0.0,0.0
87b17,87b17,87b17,87b14,-23053.952174060734,-189689.29642878714,138034.13183887457,37.0,-23053.952174060734,-189689.29642878714,138034.13183887457,37.0,0.0,0.0,0.0,0.0
87b18c,87b18c,87b18c,87b1c,0.0,0.0,0.0,0.0,-54055.82902226287,-415053.8938802675,301856.3890344632,81.0,0.0,0.0,0.0,0.0
87b191,87b191,87b194,87b1c,-6585.6842367586005,-51176.76825961409,37370.338879450595,10.0,0.0,0.0,0.0,0.0,0.0,0.0,0.0,0.0
87b1929,87b1929,87b194,87b1c,-26626.227202542766,-204773.4607703904,149340.14180533905,40.0,0.0,0.0,0.0,0.0,0.0,0.0,0.0,0.0
87b192b,87b192b,87b194,87b1c,0.0,0.0,0.0,0.0,0.0,0.0,0.0,0.0,0.0,0.0,0.0,0.0
87b192d,87b192d,87b194,87b1c,-18005.88933403995,-138195.5303793564,100835.07910552254,27.0,0.0,0.0,0.0,0.0,0.0,0.0,0.0,0.0
87b192f,87b192f,87b194,87b1c,-13983.869269662495,-107486.73539406179,78429.16622659436,21.0,0.0,0.0,0.0,0.0,0.0,0.0,0.0,0.0
87b19c,87b19c,87b19c,87b1c,-10878.17847359616,-86965.72226301697,63632.24847230105,17.0,-10878.17847359616,-86965.72226301697,63632.24847230105,17.0,0.0,0.0,0.0,0.0
87b1b,87b1b,87b1b,87b1c,0.0,0.0,0.0,0.0,0.0,0.0,0.0,0.0,0.0,0.0,0.0,0.0
87b1d,87b1d,87b1d,87b1c,-1375.7763519184623,-10169.897470758562,7552.445772842713,2.0,-1375.7763519184623,-10169.897470758562,7552.445772842713,2.0,0.0,0.0,0.0,0.0
87b1f,87b1f,87b1f,87b1c,-28965.7292796444,-220365.5427899199,160157.34936299952,43.0,-28965.7292796444,-220365.5427899199,160157.34936299952,43.0,0.0,0.0,0.0,0.0
87b204,87b204,87b204,87b204,0.0,0.0,0.0,0.0,-35814.42789219999,-267134.07167857466,192642.99155509553,52.0,-35814.42789219999,-267134.07167857466,192642.99155509553,52.0
87b20c,87b20c,87b20c,87b20c,-20125.824111990034,-149173.0164381688,107136.89121747317,29.0,-20125.824111990034,-149173.0164381688,107136.89121747317,29.0,-20125.824111990034,-149173.0164381688,107136.89121747317,29.0
87b2104,87b2104,87b211,87b211,-25348.629031785415,-190297.51779734678,136790.60712986224,37.0,0.0,0.0,0.0,0.0,-71660.21670435563,-540105.7769294373,388139.7797979938,105.0
87b210c,87b210c,87b211,87b211,-15658.166131557942,-118285.41832565235,85060.91325111502,23.0,0.0,0.0,0.0,0.0,-71660.21670435563,-540105.7769294373,388139.7797979938,105.0
87b2114,87b2114,87b211,87b211,-28599.41709850404,-216088.71528786738,155203.28773073846,42.0,0.0,0.0,0.0,0.0,-71660.21670435563,-540105.7769294373,388139.7797979938,105.0
87b213,87b213,87b213,87b213,-21173.876218460242,-159616.62031266544,114371.97446220352,31.0,-21173.876218460242,-159616.62031266544,114371.97446220352,31.0,-21173.876218460242,-159616.62031266544,114371.97446220352,31.0
87b2144,87b2144,87b215,87b215,-33918.91750891494,-257438.20684758335,184524.93356870685,50.0,0.0,0.0,0.0,0.0,-82035.67045284173,-623175.2356060947,446315.125729873,121.0
87b214c,87b214c,87b215,87b215,0.0,0.0,0.0,0.0,0.0,0.0,0.0,0.0,-82035.67045284173,-623175.2356060947,446315.125729873,121.0
87b2154,87b2154,87b215,87b215,-676.3107039222742,-5152.268420872749,3685.985225243724,1.0,0.0,0.0,0.0,0.0,-82035.67045284173,-623175.2356060947,446315.125729873,121.0
87b215c,87b215c,87b215,87b215,-7429.815398220026,-56629.22084508066,40611.441599456506,11.0,0.0,0.0,0.0,0.0,-82035.67045284173,-623175.2356060947,446315.125729873,121.0
87b2164,87b2164,87b2164,87b217,-2692.1575449208713,-20582.783384467562,14783.008276142249,4.0,-2692.1575449208713,-20582.783384467562,14783.008276142249,4.0,0.0,0.0,0.0,0.0
87b216c,87b216c,87b216c,87b217,0.0,0.0,0.0,0.0,-37971.509234533514,-288162.94663260086,206905.13384079855,56.0,0.0,0.0,0.0,0.0
87b2171,87b2171,87b2171,87b217,-1354.9362752043442,-10288.731780583332,7393.589014749967,2.0,-1354.9362752043442,-10288.731780583332,7393.589014749967,2.0,0.0,0.0,0.0,0.0
87b21724,87b21724,87b21724,87b217,-31870.455850121718,-241786.51375497883,173742.10818414413,47.0,-31870.455850121718,-241786.51375497883,173742.10818414413,47.0,0.0,0.0,0.0,0.0
87b21729,87b21729,87b2172c,87b217,-14255.687090312227,-108030.56058226775,77628.95392170202,21.0,-50914.6977269255,-385806.6579907554,277269.3215513631,75.0,0.0,0.0,0.0,0.0
87b2172b,87b2172b,87b2172c,87b217,-7469.835251848464,-56587.56173385194,40662.1389720228,11.0,-50914.6977269255,-385806.6579907554,277269.3215513631,75.0,0.0,0.0,0.0,0.0
87b2172d,87b2172d,87b2172c,87b217,-3395.5056824282588,-25719.94443623725,18485.09742184292,5.0,-50914.6977269255,-385806.6579907554,277269.3215513631,75.0,0.0,0.0,0.0,0.0
87b2172f,87b2172f,87b2172c,87b217,-25793.66970233655,-195468.59123839843,140493.13123579533,38.0,-50914.6977269255,-385806.6579907554,277269.3215513631,75.0,0.0,0.0,0.0,0.0
87b21734,87b21734,87b21734,87b217,-3394.2338450158463,-25717.983291736706,18488.059283166367,5.0,-3394.2338450158463,-25717.983291736706,18488.059283166367,5.0,0.0,0.0,0.0,0.0
87b2173c,87b2173c,87b2173c,87b217,-4068.458994567903,-30861.874381680984,22186.109564051938,6.0,-4068.458994567903,-30861.874381680984,22186.109564051938,6.0,0.0,0.0,0.0,0.0
87b2175,87b2175,87b2175,87b217,-16952.286593693643,-128564.73481106682,92478.77693840241,25.0,-16952.286593693643,-128564.73481106682,92478.77693840241,25.0,0.0,0.0,0.0,0.0
87b2177,87b2177,87b2177,87b217,-2031.4428814906682,-15428.318099453441,11097.207669182313,3.0,-2031.4428814906682,-15428.318099453441,11097.207669182313,3.0,0.0,0.0,0.0,0.0
87b217c,87b217c,87b217c,87b217,-3367.3461465457303,-25717.921081294495,18493.059059066945,5.0,-3367.3461465457303,-25717.921081294495,18493.059059066945,5.0,0.0,0.0,0.0,0.0
87b219,87b219,87b219,87b21c,0.0,0.0,0.0,0.0,-39174.22181684635,-298139.2073611491,214761.01386236446,58.0,0.0,0.0,0.0,0.0
87b21b,87b21b,87b21b,87b21c,0.0,0.0,0.0,0.0,-51941.790197775714,-390618.74708059046,281363.4580006565,76.0,0.0,0.0,0.0,0.0
87b21d,87b21d,87b21d,87b21c,0.0,0.0,0.0,0.0,-42341.575985566276,-318275.19962429174,230076.21225945538,62.0,0.0,0.0,0.0,0.0
87b21e4,87b21e4,87b21f,87b21c,-15548.461940239884,-118044.44359233163,85415.06193119755,23.0,0.0,0.0,0.0,0.0,0.0,0.0,0.0,0.0
87b21ec,87b21ec,87b21f,87b21c,-14194.020823471647,-107826.28119699303,77923.69572738568,21.0,0.0,0.0,0.0,0.0,0.0,0.0,0.0,0.0
87b21f4,87b21f4,87b21f,87b21c,0.0,0.0,0.0,0.0,0.0,0.0,0.0,0.0,0.0,0.0,0.0,0.0
87b21fc,87b21fc,87b21f,87b21c,-14806.462757551839,-112922.23269427252,81699.31493495946,22.0,0.0,0.0,0.0,0.0,0.0,0.0,0.0,0.0
87b224,87b224,87b224,87b23,0.0,0.0,0.0,0.0,-56695.78763013786,-436418.97539022414,315570.62034105364,85.0,0.0,0.0,0.0,0.0
87b22c,87b22c,87b22c,87b23,-5877.838736799735,-46212.34290390829,33431.128138697684,9.0,-5877.838736799735,-46212.34290390829,33431.128138697684,9.0,0.0,0.0,0.0,0.0
87b23b,87b23b,87b23c,87b23,-27176.34527060243,-211009.74982398227,151550.97331841537,41.0,0.0,0.0,0.0,0.0,0.0,0.0,0.0,0.0
87b23d,87b23d,87b23c,87b23,0.0,0.0,0.0,0.0,0.0,0.0,0.0,0.0,0.0,0.0,0.0,0.0
87b23f,87b23f,87b23c,87b23,-3331.875599299311,-25743.761800343822,18463.50751116263,5.0,0.0,0.0,0.0,0.0,0.0,0.0,0.0,0.0
87b241,87b241,87b241,87b25,-8733.354697653926,-67058.78919898503,47817.50782253348,13.0,-8733.354697653926,-67058.78919898503,47817.50782253348,13.0,0.0,0.0,0.0,0.0
87b2421,87b2421,87b2424,87b25,-20178.227032566683,-154797.16697291675,110278.97934152132,30.0,0.0,0.0,0.0,0.0,0.0,0.0,0.0,0.0
87b2423,87b2423,87b2424,87b25,-4026.451755447513,-30958.98658410415,22058.103781048754,6.0,0.0,0.0,0.0,0.0,0.0,0.0,0.0,0.0
87b2425,87b2425,87b2424,87b25,-17450.51593332309,-134198.2149987852,95524.81982118913,26.0,0.0,0.0,0.0,0.0,0.0,0.0,0.0,0.0
87b2427,87b2427,87b2424,87b25,-32981.286922603365,-252892.79906843486,180037.39158748314,49.0,0.0,0.0,0.0,0.0,0.0,0.0,0.0,0.0
87b2429,87b2429,87b242c,87b25,0.0,0.0,0.0,0.0,0.0,0.0,0.0,0.0,0.0,0.0,0.0,0.0
87b242b,87b242b,87b242c,87b25,-30284.221552266015,-232380.98858453153,165155.05150222676,45.0,0.0,0.0,0.0,0.0,0.0,0.0,0.0,0.0
87b242d,87b242d,87b242c,87b25,-2012.7010001064777,-15491.488471138751,11012.29290013976,3.0,0.0,0.0,0.0,0.0,0.0,0.0,0.0,0.0
87b242f,87b242f,87b242c,87b25,-10744.020400558962,-82603.4583388869,58755.52185366855,16.0,0.0,0.0,0.0,0.0,0.0,0.0,0.0,0.0
87b243c,87b243c,87b243c,87b25,-2678.402785163755,-20647.399274714247,14695.139028334379,4.0,-2678.402785163755,-20647.399274714247,14695.139028334379,4.0,0.0,0.0,0.0,0.0
87b24c,87b24c,87b24c,87b25,-5871.653747525832,-46461.365963674725,33085.22504701669,9.0,-5871.653747525832,-46461.365963674725,33085.22504701669,9.0,0.0,0.0,0.0,0.0
87b25c,87b25c,87b25c,87b25,0.0,0.0,0.0,0.0,-41570.69965676772,-320612.19034889067,226950.58080904715,62.0,0.0,0.0,0.0,0.0
87b2681,87b2681,87b2684,87b2684,-19557.75947030158,-149738.9575235799,106450.5560184477,29.0,0.0,0.0,0.0,0.0,-83696.1476484201,-640163.6727775173,455294.8987626642,124.0
87b26824,87b26824,87b2684,87b2684,-14837.824902807772,-113581.66759434156,80774.27902062782,22.0,0.0,0.0,0.0,0.0,-83696.1476484201,-640163.6727775173,455294.8987626642,124.0
87b2682c,87b2682c,87b2684,87b2684,-18883.943284825964,-144540.29946720527,102829.29950431871,28.0,0.0,0.0,0.0,0.0,-83696.1476484201,-640163.6727775173,455294.8987626642,124.0
87b26834,87b26834,87b2684,87b2684,-6076.734980027471,-46458.08245891461,33052.83431022746,9.0,0.0,0.0,0.0,0.0,-83696.1476484201,-640163.6727775173,455294.8987626642,124.0
87b2683c,87b2683c,87b2684,87b2684,-10132.176154293542,-77442.6189324491,55069.72120122776,15.0,0.0,0.0,0.0,0.0,-83696.1476484201,-640163.6727775173,455294.8987626642,124.0
87b2685,87b2685,87b2684,87b2684,-14207.70885616378,-108402.04680102694,77118.20870781477,21.0,0.0,0.0,0.0,0.0,-83696.1476484201,-640163.6727775173,455294.8987626642,124.0
87b268c,87b268c,87b268c,87b268c,-3397.2456214478852,-25816.172689703202,18350.143363408777,5.0,-3397.2456214478852,-25816.172689703202,18350.143363408777,5.0,-3397.2456214478852,-25816.172689703202,18350.143363408777,5.0
87b2694,87b2694,87b2694,87b2694,0.0,0.0,0.0,0.0,-43413.26716787915,-330246.8302179376,235176.40435577312,64.0,-43413.26716787915,-330246.8302179376,235176.40435577312,64.0
87b2699,87b2699,87b2699,87b2699,-24347.924950000637,-185749.16879669696,132320.6093995405,36.0,-24347.924950000637,-185749.16879669696,132320.6093995405,36.0,-24347.924950000637,-185749.16879669696,132320.6093995405,36.0
87b269a4,87b269a4,87b269b,87b269b,-8126.752605430988,-61925.76629231093,44091.72018922361,12.0,-37899.041522088584,-289005.6926270225,205739.72873248308,56.0,-37899.041522088584,-289005.6926270225,205739.72873248308,56.0
87b269ac,87b269ac,87b269b,87b269b,-9482.634988933822,-72255.24080669317,51428.118733194155,14.0,-37899.041522088584,-289005.6926270225,205739.72873248308,56.0,-37899.041522088584,-289005.6926270225,205739.72873248308,56.0
87b269b4,87b269b4,87b269b,87b269b,-8792.70902112432,-67095.17345680014,47755.56740225239,13.0,-37899.041522088584,-289005.6926270225,205739.72873248308,56.0,-37899.041522088584,-289005.6926270225,205739.72873248308,56.0
87b269bc,87b269bc,87b269b,87b269b,-11496.944906599454,-87729.51207121828,62464.32240781292,17.0,-37899.041522088584,-289005.6926270225,205739.72873248308,56.0,-37899.041522088584,-289005.6926270225,205739.72873248308,56.0
87b269c4,87b269c4,87b269c4,87b269d,-12830.014713618832,-98051.66937569344,69815.19652942728,19.0,-12830.014713618832,-98051.66937569344,69815.19652942728,19.0,-75560.6334943382,-578045.0364983657,411475.8555703958,112.0
87b269cc,87b269cc,87b269cc,87b269d,-13505.801867884144,-103227.65073871432,73467.99718682379,20.0,-13505.801867884144,-103227.65073871432,73467.99718682379,20.0,-75560.6334943382,-578045.0364983657,411475.8555703958,112.0
87b269d4,87b269d4,87b269d4,87b269d,-25625.551372685244,-196137.34426703976,139588.9557945246,38.0,-25625.551372685244,-196137.34426703976,139588.9557945246,38.0,-75560.6334943382,-578045.0364983657,411475.8555703958,112.0
87b269dc,87b269dc,87b269dc,87b269d,-23599.265540149965,-180628.37211691824,128603.7060596202,35.0,-23599.265540149965,-180628.37211691824,128603.7060596202,35.0,-75560.6334943382,-578045.0364983657,411475.8555703958,112.0
87b269f,87b269f,87b269f,87b269f,0.0,0.0,0.0,0.0,-38463.159018933075,-294108.3340643221,209516.0591691197,57.0,-38463.159018933075,-294108.3340643221,209516.0591691197,57.0
87b26b,87b26b,87b26b,87b26b,0.0,0.0,0.0,0.0,-37926.575049186074,-288774.8678865121,206058.40728837752,56.0,-37926.575049186074,-288774.8678865121,206058.40728837752,56.0
87b26d,87b26d,87b26d,87b26d,-13072.369430062012,-97971.31578344751,69883.00891464205,19.0,-13072.369430062012,-97971.31578344751,69883.00891464205,19.0,-13072.369430062012,-97971.31578344751,69883.00891464205,19.0
87b27c,87b27c,87b27c,87b27c,-16695.417833712876,-123930.94228309492,87989.08329724282,24.0,-16695.417833712876,-123930.94228309492,87989.08329724282,24.0,-16695.417833712876,-123930.94228309492,87989.08329724282,24.0
87b29,87b29,87b2c,87b2c,0.0,0.0,0.0,0.0,0.0,0.0,0.0,0.0,0.0,0.0,0.0,0.0
87b2b,87b2b,87b2c,87b2c,-23283.80000317521,-177103.13593266293,122531.86298982204,34.0,0.0,0.0,0.0,0.0,0.0,0.0,0.0,0.0
87b2d,87b2d,87b2c,87b2c,0.0,0.0,0.0,0.0,0.0,0.0,0.0,0.0,0.0,0.0,0.0,0.0
87b2f,87b2f,87b2c,87b2c,0.0,0.0,0.0,0.0,0.0,0.0,0.0,0.0,0.0,0.0,0.0,0.0
87b31,87b31,87b31,87b34,0.0,0.0,0.0,0.0,0.0,0.0,0.0,0.0,0.0,0.0,0.0,0.0
87b33,87b33,87b33,87b34,0.0,0.0,0.0,0.0,0.0,0.0,0.0,0.0,0.0,0.0,0.0,0.0
87b35,87b35,87b35,87b34,0.0,0.0,0.0,0.0,0.0,0.0,0.0,0.0,0.0,0.0,0.0,0.0
87b364,87b364,87b364,87b34,0.0,0.0,0.0,0.0,-36947.71439357216,-322420.73416438233,225181.21853682163,62.0,0.0,0.0,0.0,0.0
87b369,87b369,87b369,87b34,0.0,0.0,0.0,0.0,0.0,0.0,0.0,0.0,0.0,0.0,0.0,0.0
87b36b,87b36b,87b36b,87b34,0.0,0.0,0.0,0.0,-48890.28852161595,-415995.13327859226,290399.9661803371,80.0,0.0,0.0,0.0,0.0
87b36c1,87b36c1,87b36d,87b34,0.0,0.0,0.0,0.0,0.0,0.0,0.0,0.0,0.0,0.0,0.0,0.0
87b36c3,87b36c3,87b36d,87b34,-7300.12365172664,-62353.09913981413,43631.680521333445,12.0,0.0,0.0,0.0,0.0,0.0,0.0,0.0,0.0
87b36c5,87b36c5,87b36d,87b34,-12809.248741264204,-109114.3393394958,76354.86222190276,21.0,0.0,0.0,0.0,0.0,0.0,0.0,0.0,0.0
87b36c7,87b36c7,87b36d,87b34,-19527.877656500834,-166316.58646907832,116281.38931259308,32.0,0.0,0.0,0.0,0.0,0.0,0.0,0.0,0.0
87b36cc,87b36cc,87b36d,87b34,-22068.501256839045,-187067.42329544257,130855.17960822317,36.0,0.0,0.0,0.0,0.0,0.0,0.0,0.0,0.0
87b36f,87b36f,87b36f,87b34,0.0,0.0,0.0,0.0,-59879.31117337565,-514477.3902584776,359927.191641936,99.0,0.0,0.0,0.0,0.0
87b374,87b374,87b374,87b34,0.0,0.0,0.0,0.0,0.0,0.0,0.0,0.0,0.0,0.0,0.0,0.0
87b39,87b39,87b3c,87b3c,0.0,0.0,0.0,0.0,0.0,0.0,0.0,0.0,0.0,0.0,0.0,0.0
87b3b,87b3b,87b3c,87b3c,0.0,0.0,0.0,0.0,0.0,0.0,0.0,0.0,0.0,0.0,0.0,0.0
87b3d,87b3d,87b3c,87b3c,0.0,0.0,0.0,0.0,0.0,0.0,0.0,0.0,0.0,0.0,0.0,0.0
87b3f,87b3f,87b3c,87b3c,-17678.612379548853,-154320.0330328474,111370.231343146,30.0,0.0,0.0,0.0,0.0,0.0,0.0,0.0,0.0
87b44,87b44,87b44,87b5,0.0,0.0,0.0,0.0,0.0,0.0,0.0,0.0,0.0,0.0,0.0,0.0
87b4c,87b4c,87b4c,87b5,0.0,0.0,0.0,0.0,0.0,0.0,0.0,0.0,0.0,0.0,0.0,0.0
87b54,87b54,87b54,87b5,0.0,0.0,0.0,0.0,0.0,0.0,0.0,0.0,0.0,0.0,0.0,0.0
87b5b,87b5b,87b5c,87b5,0.0,0.0,0.0,0.0,0.0,0.0,0.0,0.0,0.0,0.0,0.0,0.0
87b5c4,87b5c4,87b5c,87b5,0.0,0.0,0.0,0.0,0.0,0.0,0.0,0.0,0.0,0.0,0.0,0.0
87b5cc,87b5cc,87b5c,87b5,-21944.82813049245,-221948.27305381847,159084.06203088397,43.0,0.0,0.0,0.0,0.0,0.0,0.0,0.0,0.0
87b5dd,87b5dd,87b5c,87b5,-493.096129794845,-5155.0520605800375,3711.070949088456,1.0,0.0,0.0,0.0,0.0,0.0,0.0,0.0,0.0
87b5dfd,87b5dfd,87b5c,87b5,-3894.4861926988106,-41171.62479643649,29790.50964979984,8.0,0.0,0.0,0.0,0.0,0.0,0.0,0.0,0.0
87b5dfe4,87b5dfe4,87b5c,87b5,-1946.6721112112648,-20584.158659396755,14897.614908162735,4.0,0.0,0.0,0.0,0.0,0.0,0.0,0.0,0.0
87b5dff044,87b5dff044,87b5c,87b5,-20937.683886555365,-221247.9558070498,160191.7881211206,43.0,0.0,0.0,0.0,0.0,0.0,0.0,0.0,0.0
87b5dff05c,87b5dff05c,87b5c,87b5,-7790.887567596282,-82323.95969824462,59607.42010612682,16.0,0.0,0.0,0.0,0.0,0.0,0.0,0.0,0.0
87b5dff07,87b5dff07,87b5c,87b5,-486.8797724152618,-5145.267039521363,3725.443370782244,1.0,0.0,0.0,0.0,0.0,0.0,0.0,0.0,0.0
87b5f,87b5f,87b5c,87b5,0.0,0.0,0.0,0.0,0.0,0.0,0.0,0.0,0.0,0.0,0.0,0.0
87b61,87b61,87b61,87b64,0.0,0.0,0.0,0.0,0.0,0.0,0.0,0.0,0.0,0.0,0.0,0.0
87b63,87b63,87b63,87b64,0.0,0.0,0.0,0.0,0.0,0.0,0.0,0.0,0.0,0.0,0.0,0.0
87b64c,87b64c,87b65,87b64,0.0,0.0,0.0,0.0,0.0,0.0,0.0,0.0,0.0,0.0,0.0,0.0
87b654,87b654,87b65,87b64,-22595.29641180315,-229845.9307200897,169866.125096574,45.0,0.0,0.0,0.0,0.0,0.0,0.0,0.0,0.0
87b65c,87b65c,87b65,87b64,-22824.114233141343,-230069.9268443297,169531.9179337127,45.0,0.0,0.0,0.0,0.0,0.0,0.0,0.0,0.0
87b67,87b67,87b67,87b64,0.0,0.0,0.0,0.0,0.0,0.0,0.0,0.0,0.0,0.0,0.0,0.0
87b689,87b689,87b689,87b68c,-15617.989042889103,-153832.56854751776,112349.41406406603,30.0,-15617.989042889103,-153832.56854751776,112349.41406406603,30.0,0.0,0.0,0.0,0.0
87b68b,87b68b,87b68b,87b68c,0.0,0.0,0.0,0.0,-38423.45370864759,-379152.58803702553,277554.33274660213,74.0,0.0,0.0,0.0,0.0
87b68d,87b68d,87b68d,87b68c,0.0,0.0,0.0,0.0,0.0,0.0,0.0,0.0,0.0,0.0,0.0,0.0
87b68f,87b68f,87b68f,87b68c,-11046.05094307015,-107663.19180212343,78655.56001402493,21.0,-11046.05094307015,-107663.19180212343,78655.56001402493,21.0,0.0,0.0,0.0,0.0
87b691,87b691,87b691,87b694,0.0,0.0,0.0,0.0,-32548.41671404977,-312648.8941837558,228529.48063153325,61.0,0.0,0.0,0.0,0.0
87b6924,87b6924,87b6924,87b694,-20205.81648611631,-194684.01924719728,142483.1804885939,38.0,-20205.81648611631,-194684.01924719728,142483.1804885939,38.0,0.0,0.0,0.0,0.0
87b6929,87b6929,87b692c,87b694,-11130.215317465547,-107552.06588216843,78795.63707947907,21.0,-37673.353018214126,-363556.93588484224,266495.784983856,71.0,0.0,0.0,0.0,0.0
87b692b,87b692b,87b692c,87b694,-10595.161068793734,-102397.79259479811,75088.85166408437,20.0,-37673.353018214126,-363556.93588484224,266495.784983856,71.0,0.0,0.0,0.0,0.0
87b692d,87b692d,87b692c,87b694,-9033.41638492187,-87035.24882249482,63825.55378356564,17.0,-37673.353018214126,-363556.93588484224,266495.784983856,71.0,0.0,0.0,0.0,0.0
87b692f,87b692f,87b692c,87b694,-6914.5602470329795,-66571.82858538096,48785.74245672693,13.0,-37673.353018214126,-363556.93588484224,266495.784983856,71.0,0.0,0.0,0.0,0.0
87b6934,87b6934,87b6934,87b694,-24620.37779886841,-235524.9073431707,172655.0488160494,46.0,-24620.37779886841,-235524.9073431707,172655.0488160494,46.0,0.0,0.0,0.0,0.0
87b693c,87b693c,87b693c,87b694,-26737.341616855218,-256157.73595183424,187463.87773616877,50.0,-26737.341616855218,-256157.73595183424,187463.87773616877,50.0,0.0,0.0,0.0,0.0
87b695,87b695,87b695,87b694,0.0,0.0,0.0,0.0,0.0,0.0,0.0,0.0,0.0,0.0,0.0,0.0
87b697,87b697,87b697,87b694,0.0,0.0,0.0,0.0,-35687.52234899716,-338292.5544403651,247170.95511731567,66.0,0.0,0.0,0.0,0.0
87b69c,87b69c,87b69c,87b69c,-3804.219448653671,-35934.568078534765,26136.789191454198,7.0,-3804.219448653671,-35934.568078534765,26136.789191454198,7.0,-3804.219448653671,-35934.568078534765,26136.789191454198,7.0
87b6b,87b6b,87b6b,87b6b,0.0,0.0,0.0,0.0,0.0,0.0,0.0,0.0,-81643.13610446971,-753416.4853722729,550270.5165870248,147.0
87b6d,87b6d,87b6d,87b6d,-25174.009776851442,-235216.643704436,172994.49530933148,46.0,-25174.009776851442,-235216.643704436,172994.49530933148,46.0,-25174.009776851442,-235216.643704436,172994.49530933148,46.0
87b6e4,87b6e4,87b6e4,87b6e4,0.0,0.0,0.0,0.0,-42872.54410532819,-413190.6746724852,306177.41808302,81.0,-42872.54410532819,-413190.6746724852,306177.41808302,81.0
87b6e9,87b6e9,87b6e9,87b6e9,-11275.567814694807,-107353.63708570338,79045.16925978304,21.0,-11275.567814694807,-107353.63708570338,79045.16925978304,21.0,-11275.567814694807,-107353.63708570338,79045.16925978304,21.0
87b6ea4,87b6ea4,87b6ea4,87b6eb,-2163.3253241306325,-20461.559258479832,15035.978835967635,4.0,-2163.3253241306325,-20461.559258479832,15035.978835967635,4.0,0.0,0.0,0.0,0.0
87b6eac,87b6eac,87b6eac,87b6eb,-1630.35214220708,-15346.75530954189,11275.053457708427,3.0,-1630.35214220708,-15346.75530954189,11275.053457708427,3.0,0.0,0.0,0.0,0.0
87b6eb1,87b6eb1,87b6eb1,87b6eb,-4846.072609616118,-46050.934704678046,33817.11047821596,9.0,-4846.072609616118,-46050.934704678046,33817.11047821596,9.0,0.0,0.0,0.0,0.0
87b6eb3,87b6eb3,87b6eb3,87b6eb,-9695.435737671318,-92123.20248974825,67604.68863399906,18.0,-9695.435737671318,-92123.20248974825,67604.68863399906,18.0,0.0,0.0,0.0,0.0
87b6eb5,87b6eb5,87b6eb5,87b6eb,-6980.3219273895975,-66533.34710354163,48828.854262293484,13.0,-6980.3219273895975,-66533.34710354163,48828.854262293484,13.0,0.0,0.0,0.0,0.0
87b6eb64,87b6eb64,87b6eb7,87b6eb,-6978.2962322805215,-66519.28809777221,48848.29514665667,13.0,-52637.886415135734,-501403.2220017551,368304.2853801233,98.0,0.0,0.0,0.0,0.0
87b6eb6c,87b6eb6c,87b6eb7,87b6eb,-6991.174103943757,-66516.34105799417,48850.46694687525,13.0,-52637.886415135734,-501403.2220017551,368304.2853801233,98.0,0.0,0.0,0.0,0.0
87b6eb74,87b6eb74,87b6eb7,87b6eb,-15048.16483765156,-143252.5172987761,105236.09359197135,28.0,-52637.886415135734,-501403.2220017551,368304.2853801233,98.0,0.0,0.0,0.0,0.0
87b6eb7c,87b6eb7c,87b6eb7,87b6eb,-23620.251241259895,-225115.07554721268,165369.42969461996,44.0,-52637.886415135734,-501403.2220017551,368304.2853801233,98.0,0.0,0.0,0.0,0.0
87b6ebc,87b6ebc,87b6ebc,87b6eb,0.0,0.0,0.0,0.0,-36016.90521880973,-342722.34925546363,251895.94033352894,67.0,0.0,0.0,0.0,0.0
87b6ec4,87b6ec4,87b6ec4,87b6ec4,0.0,0.0,0.0,0.0,-49189.273462703524,-470583.72611709835,345952.3322648141,92.0,-49189.273462703524,-470583.72611709835,345952.3322648141,92.0
87b6ec9,87b6ec9,87b6ecc,87b6ecc,-23551.105641710423,-225132.4254005358,165355.6668349775,44.0,0.0,0.0,0.0,0.0,-71118.24790371566,-680586.5830491467,499736.1274006093,133.0
87b6ecb,87b6ecb,87b6ecc,87b6ecc,-21421.509139832753,-204711.25498608794,150259.8597353272,40.0,0.0,0.0,0.0,0.0,-71118.24790371566,-680586.5830491467,499736.1274006093,133.0
87b6ecd,87b6ecd,87b6ecc,87b6ecc,-9605.531054096191,-92123.49153605869,67617.12728023551,18.0,0.0,0.0,0.0,0.0,-71118.24790371566,-680586.5830491467,499736.1274006093,133.0
87b6ecf,87b6ecf,87b6ecc,87b6ecc,-16540.1020680763,-158619.41112646423,116503.47355006912,31.0,0.0,0.0,0.0,0.0,-71118.24790371566,-680586.5830491467,499736.1274006093,133.0
87b6ed1,87b6ed1,87b6ed4,87b6ed4,-15954.40267421559,-153505.0802522461,112749.38634648317,30.0,-50464.86918738364,-486163.899305545,356960.0175418079,95.0,-50464.86918738364,-486163.899305545,356960.0175418079,95.0
87b6ed3,87b6ed3,87b6ed4,87b6ed4,-19152.108041956366,-184252.9863677412,135234.43701536,36.0,-50464.86918738364,-486163.899305545,356960.0175418079,95.0,-50464.86918738364,-486163.899305545,356960.0175418079,95.0
87b6ed5,87b6ed5,87b6ed4,87b6ed4,-3708.3987825831946,-35827.876256315605,26296.557496057692,7.0,-50464.86918738364,-486163.899305545,356960.0175418079,95.0,-50464.86918738364,-486163.899305545,356960.0175418079,95.0
87b6ed7,87b6ed7,87b6ed4,87b6ed4,-11649.959688628503,-112577.95642924233,82679.63668390698,22.0,-50464.86918738364,-486163.899305545,356960.0175418079,95.0,-50464.86918738364,-486163.899305545,356960.0175418079,95.0
87b6edc,87b6edc,87b6edc,87b6edc,-9541.224766862186,-92090.40515081804,67671.27791181182,18.0,-9541.224766862186,-92090.40515081804,67671.27791181182,18.0,-9541.224766862186,-92090.40515081804,67671.27791181182,18.0
87b6ef,87b6ef,87b6ef,87b6ef,0.0,0.0,0.0,0.0,-37308.579874127056,-357835.984558704,263536.0047816302,70.0,-37308.579874127056,-357835.984558704,263536.0047816302,70.0
87b6f1,87b6f1,87b6f1,87b6f4,0.0,0.0,0.0,0.0,-29815.03145336396,-291243.70603067114,214858.67788960546,57.0,0.0,0.0,0.0,0.0
87b6f24,87b6f24,87b6f3,87b6f4,-18430.189763806724,-179061.5260226349,131604.49302631314,35.0,0.0,0.0,0.0,0.0,0.0,0.0,0.0,0.0
87b6f2c,87b6f2c,87b6f3,87b6f4,0.0,0.0,0.0,0.0,0.0,0.0,0.0,0.0,0.0,0.0,0.0,0.0
87b6f34,87b6f34,87b6f3,87b6f4,0.0,0.0,0.0,0.0,0.0,0.0,0.0,0.0,0.0,0.0,0.0,0.0
87b6f3c,87b6f3c,87b6f3,87b6f4,-6811.885368004395,-66493.39195415477,48907.004978328965,13.0,0.0,0.0,0.0,0.0,0.0,0.0,0.0,0.0
87b6f5,87b6f5,87b6f5,87b6f4,0.0,0.0,0.0,0.0,-30487.638080393805,-301950.2163997547,221786.98698976482,59.0,0.0,0.0,0.0,0.0
87b6f7,87b6f7,87b6f7,87b6f4,-3630.971942751411,-35789.349181618185,26359.744428914568,7.0,-3630.971942751411,-35789.349181618185,26359.744428914568,7.0,0.0,0.0,0.0,0.0
87b6fc,87b6fc,87b6fc,87b6fc,-4172.74618468886,-40845.95886924259,30198.33301704579,8.0,-4172.74618468886,-40845.95886924259,30198.33301704579,8.0,-4172.74618468886,-40845.95886924259,30198.33301704579,8.0
87b711,87b711,87b74,87b74,-26417.30152617398,-254091.6227480713,190299.60753160433,50.0,0.0,0.0,0.0,0.0,0.0,0.0,0.0,0.0
87b713,87b713,87b74,87b74,0.0,0.0,0.0,0.0,0.0,0.0,0.0,0.0,0.0,0.0,0.0,0.0
87b715,87b715,87b74,87b74,-1068.4441321742875,-10151.533678943051,7626.519661569386,2.0,0.0,0.0,0.0,0.0,0.0,0.0,0.0,0.0
87b717,87b717,87b74,87b74,-1073.5268757600656,-10162.81265698752,7610.765432215642,2.0,0.0,0.0,0.0,0.0,0.0,0.0,0.0,0.0
87b71c,87b71c,87b74,87b74,-25386.998974646078,-244422.38800157444,182021.68475657902,48.0,0.0,0.0,0.0,0.0,0.0,0.0,0.0,0.0
87b73,87b73,87b74,87b74,-8297.082002646639,-76157.73594477528,57130.00553900861,15.0,0.0,0.0,0.0,0.0,0.0,0.0,0.0,0.0
87b75,87b75,87b74,87b74,-19713.651010718626,-181904.75114913448,138297.65455193463,36.0,0.0,0.0,0.0,0.0,0.0,0.0,0.0,0.0
87b77,87b77,87b74,87b74,-17135.198277162024,-166890.61582970788,126712.38970009024,33.0,0.0,0.0,0.0,0.0,0.0,0.0,0.0,0.0
87b79,87b79,87b79,87b7c,0.0,0.0,0.0,0.0,0.0,0.0,0.0,0.0,0.0,0.0,0.0,0.0
87b7b,87b7b,87b7b,87b7c,-23943.3168974672,-243980.41368437602,182808.29080162695,48.0,-23943.3168974672,-243980.41368437602,182808.29080162695,48.0,0.0,0.0,0.0,0.0
87b7d,87b7d,87b7d,87b7c,0.0,0.0,0.0,0.0,0.0,0.0,0.0,0.0,0.0,0.0,0.0,0.0
87b7f,87b7f,87b7f,87b7c,0.0,0.0,0.0,0.0,0.0,0.0,0.0,0.0,0.0,0.0,0.0,0.0
87b81,87b81,87b81,87b84,0.0,0.0,0.0,0.0,0.0,0.0,0.0,0.0,0.0,0.0,0.0,0.0
87b824,87b824,87b83,87b84,0.0,0.0,0.0,0.0,0.0,0.0,0.0,0.0,0.0,0.0,0.0,0.0
87b82c,87b82c,87b83,87b84,0.0,0.0,0.0,0.0,0.0,0.0,0.0,0.0,0.0,0.0,0.0,0.0
87b834,87b834,87b83,87b84,-7480.829031720846,-75560.4941435146,58028.71797049107,15.0,0.0,0.0,0.0,0.0,0.0,0.0,0.0,0.0
87b83c,87b83c,87b83,87b84,-19838.328505392157,-206470.5398165943,158769.18836287054,41.0,0.0,0.0,0.0,0.0,0.0,0.0,0.0,0.0
87b85,87b85,87b85,87b84,0.0,0.0,0.0,0.0,0.0,0.0,0.0,0.0,0.0,0.0,0.0,0.0
87b87,87b87,87b87,87b84,0.0,0.0,0.0,0.0,-32407.386744792537,-351752.8363725132,272228.9426019359,70.0,0.0,0.0,0.0,0.0
87b89,87b89,87b8c,87b8c,0.0,0.0,0.0,0.0,0.0,0.0,0.0,0.0,0.0,0.0,0.0,0.0
87b8b,87b8b,87b8c,87b8c,0.0,0.0,0.0,0.0,0.0,0.0,0.0,0.0,0.0,0.0,0.0,0.0
87b8d,87b8d,87b8c,87b8c,-18931.042252057177,-193804.3220001604,154331.4288539339,39.0,0.0,0.0,0.0,0.0,0.0,0.0,0.0,0.0
87b8f,87b8f,87b8c,87b8c,0.0,0.0,0.0,0.0,0.0,0.0,0.0,0.0,0.0,0.0,0.0,0.0
87b91,87b91,87b94,87b94,0.0,0.0,0.0,0.0,0.0,0.0,0.0,0.0,0.0,0.0,0.0,0.0
87b93,87b93,87b94,87b94,0.0,0.0,0.0,0.0,0.0,0.0,0.0,0.0,0.0,0.0,0.0,0.0
87b95,87b95,87b94,87b94,0.0,0.0,0.0,0.0,0.0,0.0,0.0,0.0,0.0,0.0,0.0,0.0
87b97,87b97,87b94,87b94,-3795.559525671538,-34998.184197084745,27379.024714372426,7.0,0.0,0.0,0.0,0.0,0.0,0.0,0.0,0.0
87b9c,87b9c,87b9c,87b9c,0.0,0.0,0.0,0.0,-52116.49857015367,-492229.26071764383,380542.27928839234,98.0,-52116.49857015367,-492229.26071764383,380542.27928839234,98.0
87ba4,87ba4,87ba4,87ba4,0.0,0.0,0.0,0.0,-44905.8207779306,-371210.6849755236,287142.7503408793,74.0,-44905.8207779306,-371210.6849755236,287142.7503408793,74.0
87ba9,87ba9,87ba9,87ba9,0.0,0.0,0.0,0.0,0.0,0.0,0.0,0.0,0.0,0.0,0.0,0.0
87bab,87bab,87bab,87bab,-1338.387759413787,-10078.135257632992,7681.071951255259,2.0,-1338.387759413787,-10078.135257632992,7681.071951255259,2.0,-1338.387759413787,-10078.135257632992,7681.071951255259,2.0
87bad,87bad,87bad,87bad,-31685.14696836294,-240032.43234552085,186813.01233692252,48.0,-31685.14696836294,-240032.43234552085,186813.01233692252,48.0,-31685.14696836294,-240032.43234552085,186813.01233692252,48.0
87bae04,87bae04,87bae1,87bae1,-17555.173239781354,-134929.36757852166,105241.67801926199,27.0,-49297.29233711454,-379925.0774445461,296096.38000825635,76.0,-49297.29233711454,-379925.0774445461,296096.38000825635,76.0
87bae0c,87bae0c,87bae1,87bae1,-8466.634512723045,-65003.87760854744,50620.942726678244,13.0,-49297.29233711454,-379925.0774445461,296096.38000825635,76.0,-49297.29233711454,-379925.0774445461,296096.38000825635,76.0
87bae14,87bae14,87bae1,87bae1,-21981.162139284133,-169998.4042611933,132435.35334899262,34.0,-49297.29233711454,-379925.0774445461,296096.38000825635,76.0,-49297.29233711454,-379925.0774445461,296096.38000825635,76.0
87bae24,87bae24,87bae24,87bae3,-29573.956502930283,-229886.8582319139,179346.94174812126,46.0,-29573.956502930283,-229886.8582319139,179346.94174812126,46.0,0.0,0.0,0.0,0.0
87bae2c,87bae2c,87bae2c,87bae3,-12791.146974882628,-99960.54368570268,77975.48503212762,20.0,-12791.146974882628,-99960.54368570268,77975.48503212762,20.0,0.0,0.0,0.0,0.0
87bae34,87bae34,87bae34,87bae3,-23044.321120699315,-180043.1405419704,140206.0708429387,36.0,-23044.321120699315,-180043.1405419704,140206.0708429387,36.0,0.0,0.0,0.0,0.0
87bae39,87bae39,87bae39,87bae3,-11558.76185165208,-90017.01316560485,70102.86861771706,18.0,-11558.76185165208,-90017.01316560485,70102.86861771706,18.0,0.0,0.0,0.0,0.0
87bae3b,87bae3b,87bae3b,87bae3,-13495.236618255964,-105004.74091192234,81804.42407412652,21.0,-13495.236618255964,-105004.74091192234,81804.42407412652,21.0,0.0,0.0,0.0,0.0
87bae3c1,87bae3c1,87bae3d,87bae3,0.0,0.0,0.0,0.0,-57309.58175110824,-445018.89346723445,346677.40851747856,89.0,0.0,0.0,0.0,0.0
87bae3c3,87bae3c3,87bae3d,87bae3,-3218.9307177131495,-25002.2554955341,19474.843596791427,5.0,-57309.58175110824,-445018.89346723445,346677.40851747856,89.0,0.0,0.0,0.0,0.0
87bae3c5,87bae3c5,87bae3d,87bae3,-1287.3676836873628,-10000.140353007762,7790.9492287198755,2.0,-57309.58175110824,-445018.89346723445,346677.40851747856,89.0,0.0,0.0,0.0,0.0
87bae3c7,87bae3c7,87bae3d,87bae3,-643.2634150690992,-4999.843148976235,3895.8354423854307,1.0,-57309.58175110824,-445018.89346723445,346677.40851747856,89.0,0.0,0.0,0.0,0.0
87bae3cc,87bae3cc,87bae3d,87bae3,-3862.072236171387,-29997.020078076563,23377.217417873217,6.0,-57309.58175110824,-445018.89346723445,346677.40851747856,89.0,0.0,0.0,0.0,0.0
87bae3d4,87bae3d4,87bae3d,87bae3,-5155.33325719334,-39994.690085786715,31170.362464514023,8.0,-57309.58175110824,-445018.89346723445,346677.40851747856,89.0,0.0,0.0,0.0,0.0
87bae3dc,87bae3dc,87bae3d,87bae3,-10317.216059947355,-79999.69082637175,62326.40928259432,16.0,-57309.58175110824,-445018.89346723445,346677.40851747856,89.0,0.0,0.0,0.0,0.0
87bae3f,87bae3f,87bae3f,87bae3,-15452.621532312462,-120018.88644478066,93468.60927653305,24.0,-15452.621532312462,-120018.88644478066,93468.60927653305,24.0,0.0,0.0,0.0,0.0
87bae5,87bae5,87bae5,87bae5,-21794.730792674578,-170133.47323222837,132292.6225625581,34.0,-21794.730792674578,-170133.47323222837,132292.6225625581,34.0,-21794.730792674578,-170133.47323222837,132292.6225625581,34.0
87bae7,87bae7,87bae7,87bae7,-8413.124633925443,-65043.83163353482,50578.51631474787,13.0,-8413.124633925443,-65043.83163353482,50578.51631474787,13.0,-8413.124633925443,-65043.83163353482,50578.51631474787,13.0
87baec,87baec,87baec,87baec,-19986.25275027597,-155469.77910302844,120151.63444346758,31.0,-19986.25275027597,-155469.77910302844,120151.63444346758,31.0,-19986.25275027597,-155469.77910302844,120151.63444346758,31.0
87baf4,87baf4,87baf4,87baf4,-8214.88918230884,-65159.82068710729,50461.62252017901,13.0,-8214.88918230884,-65159.82068710729,50461.62252017901,13.0,-8214.88918230884,-65159.82068710729,50461.62252017901,13.0
87bafc,87bafc,87bafc,87bafc,0.0,0.0,0.0,0.0,0.0,0.0,0.0,0.0,-84369.79026119111,-665005.6051588715,518306.07941347896,133.0
87bb1,87bb1,87bb4,87bb4,0.0,0.0,0.0,0.0,0.0,0.0,0.0,0.0,0.0,0.0,0.0,0.0
87bb3,87bb3,87bb4,87bb4,0.0,0.0,0.0,0.0,0.0,0.0,0.0,0.0,0.0,0.0,0.0,0.0
87bb5,87bb5,87bb4,87bb4,0.0,0.0,0.0,0.0,0.0,0.0,0.0,0.0,0.0,0.0,0.0,0.0
87bb7,87bb7,87bb4,87bb4,0.0,0.0,0.0,0.0,0.0,0.0,0.0,0.0,0.0,0.0,0.0,0.0
87bbc,87bbc,87bbc,87bbc,0.0,0.0,0.0,0.0,0.0,0.0,0.0,0.0,0.0,0.0,0.0,0.0
87bc1,87bc1,87bc4,87bc4,0.0,0.0,0.0,0.0,0.0,0.0,0.0,0.0,0.0,0.0,0.0,0.0
87bc3,87bc3,87bc4,87bc4,0.0,0.0,0.0,0.0,0.0,0.0,0.0,0.0,0.0,0.0,0.0,0.0
87bc5,87bc5,87bc4,87bc4,0.0,0.0,0.0,0.0,0.0,0.0,0.0,0.0,0.0,0.0,0.0,0.0
87bc7,87bc7,87bc4,87bc4,-27597.562439730707,-227237.09795436464,183001.1527762293,46.0,0.0,0.0,0.0,0.0,0.0,0.0,0.0,0.0
87bcb,87bcb,87bcc,87bcc,-21170.546280373426,-157941.84406476378,127161.43421056139,32.0,0.0,0.0,0.0,0.0,-109689.10145078252,-826656.0797528009,670971.0896440648,168.0
87bcd,87bcd,87bcc,87bcc,0.0,0.0,0.0,0.0,0.0,0.0,0.0,0.0,-109689.10145078252,-826656.0797528009,670971.0896440648,168.0
87bcf,87bcf,87bcc,87bcc,-16854.94778584603,-132724.18031590924,108120.65116620898,27.0,0.0,0.0,0.0,0.0,-109689.10145078252,-826656.0797528009,670971.0896440648,168.0
87bd4,87bd4,87bd4,87bd4,0.0,0.0,0.0,0.0,0.0,0.0,0.0,0.0,-77780.62769733011,-590050.3994553664,489953.6873581304,121.0
87bd9,87bd9,87bd9,87bd9,0.0,0.0,0.0,0.0,0.0,0.0,0.0,0.0,-95299.08755531447,-798767.7400631497,666773.8745333112,164.0
87bdb,87bdb,87bdb,87bdb,0.0,0.0,0.0,0.0,0.0,0.0,0.0,0.0,-59863.43509063404,-498949.5139345912,412019.943008207,102.0
87bdc4,87bdc4,87bdc4,87bdd,-10838.872421991595,-92940.2406847807,76795.2311949388,19.0,-10838.872421991595,-92940.2406847807,76795.2311949388,19.0,0.0,0.0,0.0,0.0
87bdc9,87bdc9,87bdc9,87bdd,0.0,0.0,0.0,0.0,-31683.11085560246,-269507.4894404687,221688.67986825542,55.0,0.0,0.0,0.0,0.0
87bdcb,87bdcb,87bdcb,87bdd,-16082.368697453765,-137378.26462101666,112654.03467666396,28.0,-16082.368697453765,-137378.26462101666,112654.03467666396,28.0,0.0,0.0,0.0,0.0
87bdcc4,87bdcc4,87bdcc4,87bdd,0.0,0.0,0.0,0.0,-29096.688548402286,-250129.577474809,205335.1378550551,51.0,0.0,0.0,0.0,0.0
87bdccc,87bdccc,87bdccc,87bdd,-8575.815927976224,-73604.92278794613,60344.550937226246,15.0,-8575.815927976224,-73604.92278794613,60344.550937226246,15.0,0.0,0.0,0.0,0.0
87bdcd4,87bdcd4,87bdcd4,87bdd,-9652.73491227843,-83421.56432648224,68396.67723083158,17.0,-9652.73491227843,-83421.56432648224,68396.67723083158,17.0,0.0,0.0,0.0,0.0
87bdcd9,87bdcd9,87bdcdc,87bdd,-23221.431870124383,-201120.4300453994,165053.66397015168,41.0,-54438.81336962627,-470865.1712236619,386519.79670564795,96.0,0.0,0.0,0.0,0.0
87bdcdb,87bdcdb,87bdcdc,87bdd,-6249.932743755917,-53958.29133349053,44280.93473292951,11.0,-54438.81336962627,-470865.1712236619,386519.79670564795,96.0,0.0,0.0,0.0,0.0
87bdcdd,87bdcdd,87bdcdc,87bdd,-9664.344697831795,-83369.9007323382,68458.00592772895,17.0,-54438.81336962627,-470865.1712236619,386519.79670564795,96.0,0.0,0.0,0.0,0.0
87bdcdf,87bdcdf,87bdcdc,87bdd,-15303.104057914179,-132416.54911243374,108727.1920748378,27.0,-54438.81336962627,-470865.1712236619,386519.79670564795,96.0,0.0,0.0,0.0,0.0
87bdcf,87bdcf,87bdcf,87bdd,-25595.19340644175,-220565.83388741652,181355.53762812316,45.0,-25595.19340644175,-220565.83388741652,181355.53762812316,45.0,0.0,0.0,0.0,0.0
87bdd1,87bdd1,87bdd4,87bdd,-20302.08162435627,-176461.6917018187,145097.93021126147,36.0,0.0,0.0,0.0,0.0,0.0,0.0,0.0,0.0
87bdd24,87bdd24,87bdd4,87bdd,0.0,0.0,0.0,0.0,0.0,0.0,0.0,0.0,0.0,0.0,0.0,0.0
87bdd2c,87bdd2c,87bdd4,87bdd,-22001.90986939181,-191377.5648711655,156931.68895614665,39.0,0.0,0.0,0.0,0.0,0.0,0.0,0.0,0.0
87bdd3c,87bdd3c,87bdd4,87bdd,-3921.477024320695,-34334.416444089526,28189.85007207907,7.0,0.0,0.0,0.0,0.0,0.0,0.0,0.0,0.0
87bdd5,87bdd5,87bdd4,87bdd,-14949.775335719749,-132459.59180231168,108723.90894918327,27.0,0.0,0.0,0.0,0.0,0.0,0.0,0.0,0.0
87bdf,87bdf,87bdf,87bdf,-13679.813324456922,-116866.53785470047,97645.60689932859,24.0,-13679.813324456922,-116866.53785470047,97645.60689932859,24.0,-13679.813324456922,-116866.53785470047,97645.60689932859,24.0
87be4,87be4,87be4,87be4,0.0,0.0,0.0,0.0,0.0,0.0,0.0,0.0,0.0,0.0,0.0,0.0
87be9,87be9,87bec,87bec,0.0,0.0,0.0,0.0,0.0,0.0,0.0,0.0,0.0,0.0,0.0,0.0
87beb,87beb,87bec,87bec,0.0,0.0,0.0,0.0,0.0,0.0,0.0,0.0,0.0,0.0,0.0,0.0
87bed,87bed,87bec,87bec,-21675.639559657284,-207691.8301685458,167315.27083304035,42.0,0.0,0.0,0.0,0.0,0.0,0.0,0.0,0.0
87bef,87bef,87bec,87bec,0.0,0.0,0.0,0.0,0.0,0.0,0.0,0.0,0.0,0.0,0.0,0.0
87bf01,87bf01,87bf04,87bf1,-2451.229613340079,-24597.026115403845,20092.823454064503,5.0,0.0,0.0,0.0,0.0,0.0,0.0,0.0,0.0
87bf024,87bf024,87bf04,87bf1,-11809.719979725214,-118111.19923184163,96384.49796283932,24.0,0.0,0.0,0.0,0.0,0.0,0.0,0.0,0.0
87bf02c,87bf02c,87bf04,87bf1,-5900.705108669084,-59092.38766588229,48147.643720315406,12.0,0.0,0.0,0.0,0.0,0.0,0.0,0.0,0.0
87bf034,87bf034,87bf04,87bf1,0.0,0.0,0.0,0.0,0.0,0.0,0.0,0.0,0.0,0.0,0.0,0.0
87bf03c,87bf03c,87bf04,87bf1,-11731.384122153147,-118126.9499043815,96374.76349614165,24.0,0.0,0.0,0.0,0.0,0.0,0.0,0.0,0.0
87bf05,87bf05,87bf04,87bf1,0.0,0.0,0.0,0.0,0.0,0.0,0.0,0.0,0.0,0.0,0.0,0.0
87bf0c,87bf0c,87bf0c,87bf1,0.0,0.0,0.0,0.0,-33892.79041783841,-354497.24368567526,289136.82696447754,72.0,0.0,0.0,0.0,0.0
87bf14,87bf14,87bf14,87bf1,0.0,0.0,0.0,0.0,-33435.59248215312,-350109.93206666416,284460.65829692694,71.0,0.0,0.0,0.0,0.0
87bf1c,87bf1c,87bf1c,87bf1,0.0,0.0,0.0,0.0,0.0,0.0,0.0,0.0,0.0,0.0,0.0,0.0
87bf3,87bf3,87bf3,87bf3,-6749.713230228991,-69242.69679379511,55816.054988600576,14.0,-6749.713230228991,-69242.69679379511,55816.054988600576,14.0,-6749.713230228991,-69242.69679379511,55816.054988600576,14.0
87bf44,87bf44,87bf5,87bf5,-22814.375037924357,-247256.43418637055,199544.64656666576,50.0,0.0,0.0,0.0,0.0,0.0,0.0,0.0,0.0
87bf4c,87bf4c,87bf5,87bf5,0.0,0.0,0.0,0.0,0.0,0.0,0.0,0.0,0.0,0.0,0.0,0.0
87bf54,87bf54,87bf5,87bf5,-10714.807757760038,-118904.37591073492,95533.3545745227,24.0,0.0,0.0,0.0,0.0,0.0,0.0,0.0,0.0
87bf5c,87bf5c,87bf5,87bf5,-20142.329643496774,-222547.74594205568,179613.45040993165,45.0,0.0,0.0,0.0,0.0,0.0,0.0,0.0,0.0
87bf61,87bf61,87bf64,87bf64,0.0,0.0,0.0,0.0,0.0,0.0,0.0,0.0,0.0,0.0,0.0,0.0
87bf65,87bf65,87bf64,87bf64,0.0,0.0,0.0,0.0,0.0,0.0,0.0,0.0,0.0,0.0,0.0,0.0
87bf67,87bf67,87bf64,87bf64,0.0,0.0,0.0,0.0,0.0,0.0,0.0,0.0,0.0,0.0,0.0,0.0
87bf684,87bf684,87bf69,87bf69,-11805.627075393108,-128381.2452354838,104007.47667727864,26.0,0.0,0.0,0.0,0.0,-70433.55321563246,-764952.8232168709,620527.9344297885,155.0
87bf68b,87bf68b,87bf69,87bf69,-14923.82218142213,-162831.4568862003,132156.8638991069,33.0,0.0,0.0,0.0,0.0,-70433.55321563246,-764952.8232168709,620527.9344297885,155.0
87bf68d,87bf68d,87bf69,87bf69,-9989.949428557402,-108551.37429212223,88103.57690877162,22.0,0.0,0.0,0.0,0.0,-70433.55321563246,-764952.8232168709,620527.9344297885,155.0
87bf68f,87bf68f,87bf69,87bf69,-7267.1293295791365,-78972.34252148922,64043.22453299574,16.0,0.0,0.0,0.0,0.0,-70433.55321563246,-764952.8232168709,620527.9344297885,155.0
87bf694,87bf694,87bf69,87bf69,-22373.9373823959,-241792.87963420013,196192.76759682072,49.0,0.0,0.0,0.0,0.0,-70433.55321563246,-764952.8232168709,620527.9344297885,155.0
87bf6b,87bf6b,87bf6b,87bf6b,-22194.21821723222,-236894.03971394384,192112.99060866522,48.0,-22194.21821723222,-236894.03971394384,192112.99060866522,48.0,-22194.21821723222,-236894.03971394384,192112.99060866522,48.0
87bf6d,87bf6d,87bf6d,87bf6d,0.0,0.0,0.0,0.0,-42441.35703689411,-453663.8248412856,368699.679470091,92.0,-42441.35703689411,-453663.8248412856,368699.679470091,92.0
87bf6e4,87bf6e4,87bf6e4,87bf6e4,-10050.77148826072,-108459.40192364059,88209.86199510728,22.0,-10050.77148826072,-108459.40192364059,88209.86199510728,22.0,-10050.77148826072,-108459.40192364059,88209.86199510728,22.0
87bf6e9,87bf6e9,87bf6ec,87bf6ec,-6861.180218443281,-73973.8518114333,60112.2927269483,15.0,-35609.06193923395,-384694.6226749187,312554.1282673565,78.0,-35609.06193923395,-384694.6226749187,312554.1282673565,78.0
87bf6eb,87bf6eb,87bf6ec,87bf6ec,-8695.653020806572,-93723.16628895358,76113.43056221303,19.0,-35609.06193923395,-384694.6226749187,312554.1282673565,78.0,-35609.06193923395,-384694.6226749187,312554.1282673565,78.0
87bf6ed,87bf6ed,87bf6ec,87bf6ec,-5926.038832409658,-64127.05402166537,52079.469817952064,13.0,-35609.06193923395,-384694.6226749187,312554.1282673565,78.0,-35609.06193923395,-384694.6226749187,312554.1282673565,78.0
87bf6ef,87bf6ef,87bf6ec,87bf6ec,-14126.18986757445,-152870.55055286645,124248.93516024307,31.0,-35609.06193923395,-384694.6226749187,312554.1282673565,78.0,-35609.06193923395,-384694.6226749187,312554.1282673565,78.0
87bf6f1,87bf6f1,87bf6f1,87bf6f4,-6803.490261139831,-73976.47948009547,60115.61606850614,15.0,-6803.490261139831,-73976.47948009547,60115.61606850614,15.0,0.0,0.0,0.0,0.0
87bf6f24,87bf6f24,87bf6f3,87bf6f4,-2725.2087839386345,-29594.7762877393,24040.66475502959,6.0,-30848.94711234386,-335460.87531474273,272399.2650415844,68.0,0.0,0.0,0.0,0.0
87bf6f2c,87bf6f2c,87bf6f3,87bf6f4,-5908.149478555901,-64132.50199865343,52074.79441312845,13.0,-30848.94711234386,-335460.87531474273,272399.2650415844,68.0,0.0,0.0,0.0,0.0
87bf6f34,87bf6f34,87bf6f3,87bf6f4,-19947.99993912708,-217069.74725191458,176251.42260307286,44.0,-30848.94711234386,-335460.87531474273,272399.2650415844,68.0,0.0,0.0,0.0,0.0
87bf6f3c,87bf6f3c,87bf6f3,87bf6f4,-2267.5889107222456,-24663.849776435334,20032.383270353374,5.0,-30848.94711234386,-335460.87531474273,272399.2650415844,68.0,0.0,0.0,0.0,0.0
87bf6f44,87bf6f44,87bf6f5,87bf6f4,-4976.527718387325,-54258.59345427451,44074.92842804935,11.0,0.0,0.0,0.0,0.0,0.0,0.0,0.0,0.0
87bf6f4c,87bf6f4c,87bf6f5,87bf6f4,-10414.911490204802,-113467.11450679577,92134.26554199733,23.0,0.0,0.0,0.0,0.0,0.0,0.0,0.0,0.0
87bf6f54,87bf6f54,87bf6f5,87bf6f4,-9489.70174752435,-103597.48621716494,84128.39891366489,21.0,0.0,0.0,0.0,0.0,0.0,0.0,0.0,0.0
87bf6f5c,87bf6f5c,87bf6f5,87bf6f4,0.0,0.0,0.0,0.0,0.0,0.0,0.0,0.0,0.0,0.0,0.0,0.0
87bf6f7,87bf6f7,87bf6f7,87bf6f4,-12653.115315943247,-138089.70809770282,112220.75159997649,28.0,-12653.115315943247,-138089.70809770282,112220.75159997649,28.0,0.0,0.0,0.0,0.0
87bf6fc,87bf6fc,87bf6fc,87bf6fc,-8144.868390565564,-88741.26837938187,72178.44285464674,18.0,-8144.868390565564,-88741.26837938187,72178.44285464674,18.0,-8144.868390565564,-88741.26837938187,72178.44285464674,18.0
87bf74,87bf74,87bf74,87bf74,-23122.374849514646,-246245.9125488853,200755.18258953033,50.0,-23122.374849514646,-246245.9125488853,200755.18258953033,50.0,-23122.374849514646,-246245.9125488853,200755.18258953033,50.0
87bf7c,87bf7c,87bf7c,87bf7c,-5750.526074706761,-64008.47200705306,52244.7096010135,13.0,-5750.526074706761,-64008.47200705306,52244.7096010135,13.0,-5750.526074706761,-64008.47200705306,52244.7096010135,13.0
87bf9,87bf9,87bfc,87bfc,-13240.128969203173,-147001.54083639098,121432.62572828351,30.0,0.0,0.0,0.0,0.0,0.0,0.0,0.0,0.0
87bfb,87bfb,87bfc,87bfc,-8802.548957862655,-88322.99279986687,72612.84095176333,18.0,0.0,0.0,0.0,0.0,0.0,0.0,0.0,0.0
87bfd,87bfd,87bfc,87bfc,0.0,0.0,0.0,0.0,0.0,0.0,0.0,0.0,0.0,0.0,0.0,0.0
87bff,87bff,87bfc,87bfc,0.0,0.0,0.0,0.0,0.0,0.0,0.0,0.0,0.0,0.0,0.0,0.0
86401,86401,86404,86404,-5681.534774883353,-61072.793540154,33899.75352515567,11.0,0.0,0.0,0.0,0.0,-56055.2970892341,-598553.0074151922,334703.6450132086,108.0
86405,86405,86404,86404,-23718.679816883392,-249042.66103634448,140032.898047846,45.0,0.0,0.0,0.0,0.0,-56055.2970892341,-598553.0074151922,334703.6450132086,108.0
86407,86407,86404,86404,-25566.87261173926,-277327.3424043406,154627.88254168935,50.0,0.0,0.0,0.0,0.0,-56055.2970892341,-598553.0074151922,334703.6450132086,108.0
864084,864084,864084,86409,-6937.489924156298,-77352.68927812352,43863.605744954686,14.0,-6937.489924156298,-77352.68927812352,43863.605744954686,14.0,0.0,0.0,0.0,0.0
86408c,86408c,86408c,86409,-21360.27807537985,-232080.10343206892,131464.30083044968,42.0,-21360.27807537985,-232080.10343206892,131464.30083044968,42.0,0.0,0.0,0.0,0.0
864094,864094,864094,86409,0.0,0.0,0.0,0.0,-35559.25132863841,-380550.21349709365,217174.2640184481,69.0,0.0,0.0,0.0,0.0
864099,864099,864099,86409,0.0,0.0,0.0,0.0,-25948.388941667516,-286839.9464256394,163719.87525060648,52.0,0.0,0.0,0.0,0.0
86409b,86409b,86409b,86409,-7982.7173795425715,-88306.37470363619,50291.49923754505,16.0,-7982.7173795425715,-88306.37470363619,50291.49923754505,16.0,0.0,0.0,0.0,0.0
86409d,86409d,86409d,86409,0.0,0.0,0.0,0.0,-38950.95146183283,-436098.28539175383,248237.18050989835,79.0,0.0,0.0,0.0,0.0
86409f,86409f,86409f,86409,-7388.596611830768,-82725.32227677462,47271.76532799792,15.0,-7388.596611830768,-82725.32227677462,47271.76532799792,15.0,0.0,0.0,0.0,0.0
8640a1,8640a1,8640a4,8640a4,-17656.370767254317,-198342.21401142454,113810.96215071435,36.0,-42999.57832970166,-479202.25157541595,275208.6442978796,87.0,-42999.57832970166,-479202.25157541595,275208.6442978796,87.0
8640a3,8640a3,8640a4,8640a4,-10456.031727514974,-115695.32247379968,66372.71308189518,21.0,-42999.57832970166,-479202.25157541595,275208.6442978796,87.0,-42999.57832970166,-479202.25157541595,275208.6442978796,87.0
8640a5,8640a5,8640a4,8640a4,-10477.480641195745,-115602.97503935502,66530.09529481425,21.0,-42999.57832970166,-479202.25157541595,275208.6442978796,87.0,-42999.57832970166,-479202.25157541595,275208.6442978796,87.0
8640a7,8640a7,8640a4,8640a4,-4409.695193736625,-49561.74005083677,28494.87377045576,9.0,-42999.57832970166,-479202.25157541595,275208.6442978796,87.0,-42999.57832970166,-479202.25157541595,275208.6442978796,87.0
8640ac,8640ac,8640ac,8640ac,0.0,0.0,0.0,0.0,-32921.99525311134,-362784.75738360774,210029.14633705968,66.0,-32921.99525311134,-362784.75738360774,210029.14633705968,66.0
8640b1,8640b1,8640b4,8640b4,-5052.94195509236,-54976.18143981154,31797.20057563474,10.0,0.0,0.0,0.0,0.0,-53182.23521329035,-571412.3893942734,331176.5915763473,104.0
8640b3,8640b3,8640b4,8640b4,-14194.893430904332,-153831.32983033,89200.81894120984,28.0,0.0,0.0,0.0,0.0,-53182.23521329035,-571412.3893942734,331176.5915763473,104.0
8640b5,8640b5,8640b4,8640b4,0.0,0.0,0.0,0.0,0.0,0.0,0.0,0.0,-53182.23521329035,-571412.3893942734,331176.5915763473,104.0
8640b7,8640b7,8640b4,8640b4,-2563.0420937869167,-27497.75494075058,15876.016711295273,5.0,0.0,0.0,0.0,0.0,-53182.23521329035,-571412.3893942734,331176.5915763473,104.0
8640b84,8640b84,8640b9,8640b9,-518.2369654745977,-5502.875979710414,3168.523241072923,1.0,-37258.71008994032,-396341.9378986368,227908.07343165553,72.0,-37258.71008994032,-396341.9378986368,227908.07343165553,72.0
8640b89,8640b89,8640b9,8640b9,-4147.66653043209,-44032.47249605904,25331.450471446537,8.0,-37258.71008994032,-396341.9378986368,227908.07343165553,72.0,-37258.71008994032,-396341.9378986368,227908.07343165553,72.0
8640b8b,8640b8b,8640b9,8640b9,-16082.810092398657,-170659.0748350057,98099.82388302068,31.0,-37258.71008994032,-396341.9378986368,227908.07343165553,72.0,-37258.71008994032,-396341.9378986368,227908.07343165553,72.0
8640b8d,8640b8d,8640b9,8640b9,-9309.28552079028,-99099.63663503963,56953.30647212249,18.0,-37258.71008994032,-396341.9378986368,227908.07343165553,72.0,-37258.71008994032,-396341.9378986368,227908.07343165553,72.0
8640b8f,8640b8f,8640b9,8640b9,-1033.8562783726368,-11007.212934536132,6334.936088056693,2.0,-37258.71008994032,-396341.9378986368,227908.07343165553,72.0,-37258.71008994032,-396341.9378986368,227908.07343165553,72.0
8640b94,8640b94,8640b9,8640b9,-2571.1393111169486,-27526.923125653153,15824.07962062864,5.0,-37258.71008994032,-396341.9378986368,227908.07343165553,72.0,-37258.71008994032,-396341.9378986368,227908.07343165553,72.0
8640b9c,8640b9c,8640b9,8640b9,-3595.715391355113,-38513.741892632745,22195.953655307552,7.0,-37258.71008994032,-396341.9378986368,227908.07343165553,72.0,-37258.71008994032,-396341.9378986368,227908.07343165553,72.0
8640bb,8640bb,8640bb,8640bb,-6091.5625631922585,-66058.27412118885,38001.58277896403,12.0,-6091.5625631922585,-66058.27412118885,38001.58277896403,12.0,-6091.5625631922585,-66058.27412118885,38001.58277896403,12.0
8640bd,8640bd,8640bd,8640bd,-10693.851210763269,-115677.70369507036,66365.54707001908,21.0,-10693.851210763269,-115677.70369507036,66365.54707001908,21.0,-10693.851210763269,-115677.70369507036,66365.54707001908,21.0
8640be4,8640be4,8640be4,8640be4,-21095.16263146243,-225865.35820709326,129503.69358986005,41.0,-21095.16263146243,-225865.35820709326,129503.69358986005,41.0,-21095.16263146243,-225865.35820709326,129503.69358986005,41.0
8640bec,8640bec,8640bec,8640bec,-13898.357033323291,-148696.22433033155,85359.22043527952,27.0,-13898.357033323291,-148696.22433033155,85359.22043527952,27.0,-13898.357033323291,-148696.22433033155,85359.22043527952,27.0
8640bf1,8640bf1,8640bf1,8640bf1,-9833.534982247664,-104642.49972931884,60051.22398238765,19.0,-9833.534982247664,-104642.49972931884,60051.22398238765,19.0,-9833.534982247664,-104642.49972931884,60051.22398238765,19.0
8640bf21,8640bf21,8640bf21,8640bf24,-3096.825880647213,-33042.068261392466,18970.042310486126,6.0,-3096.825880647213,-33042.068261392466,18970.042310486126,6.0,-62487.560698480724,-666325.1676773272,382597.2415685858,121.0
8640bf23,8640bf23,8640bf23,8640bf24,-22733.05310561651,-242305.10290500315,139115.8057673893,44.0,-22733.05310561651,-242305.10290500315,139115.8057673893,44.0,-62487.560698480724,-666325.1676773272,382597.2415685858,121.0
8640bf25,8640bf25,8640bf25,8640bf24,-7232.567999091165,-77092.0180500044,44273.04273654552,14.0,-7232.567999091165,-77092.0180500044,44273.04273654552,14.0,-62487.560698480724,-666325.1676773272,382597.2415685858,121.0
8640bf264,8640bf264,8640bf27,8640bf24,-1032.5030554646196,-11013.209858618986,6324.7259648435665,2.0,-29425.113713125844,-313885.9784609271,180238.3507541648,57.0,-62487.560698480724,-666325.1676773272,382597.2415685858,121.0
8640bf26b,8640bf26b,8640bf27,8640bf24,-1548.9668207355319,-16520.332397252274,9486.152930683013,3.0,-29425.113713125844,-313885.9784609271,180238.3507541648,57.0,-62487.560698480724,-666325.1676773272,382597.2415685858,121.0
8640bf26d,8640bf26d,8640bf27,8640bf24,-20649.30605172472,-220271.66948784183,126481.63022404572,40.0,-29425.113713125844,-313885.9784609271,180238.3507541648,57.0,-62487.560698480724,-666325.1676773272,382597.2415685858,121.0
8640bf26f,8640bf26f,8640bf27,8640bf24,-5162.146499270992,-55067.416885581304,31621.308543837535,10.0,-29425.113713125844,-313885.9784609271,180238.3507541648,57.0,-62487.560698480724,-666325.1676773272,382597.2415685858,121.0
8640bf274,8640bf274,8640bf27,8640bf24,-516.1193813877841,-5506.817511889295,3162.01435869332,1.0,-29425.113713125844,-313885.9784609271,180238.3507541648,57.0,-62487.560698480724,-666325.1676773272,382597.2415685858,121.0
8640bf27c,8640bf27c,8640bf27,8640bf24,-516.0719045421929,-5506.532319743402,3162.518732061675,1.0,-29425.113713125844,-313885.9784609271,180238.3507541648,57.0,-62487.560698480724,-666325.1676773272,382597.2415685858,121.0
8640bf2c,8640bf2c,8640bf2c,8640bf2c,-24274.24472358691,-258794.71495124348,148656.72121840107,47.0,-24274.24472358691,-258794.71495124348,148656.72121840107,47.0,-24274.24472358691,-258794.71495124348,148656.72121840107,47.0
8640bf34,8640bf34,8640bf34,8640bf34,-20691.052293385037,-220251.16006831246,126510.5199136748,40.0,-20691.052293385037,-220251.16006831246,126510.5199136748,40.0,-20691.052293385037,-220251.16006831246,126510.5199136748,40.0
8640bf384,8640bf384,8640bf39,8640bf3c,-14497.69060994861,-154180.72029079584,88546.53523988296,28.0,-44515.56431884273,-473558.29134775646,271960.8852261465,86.0,-95727.82251084037,-1018727.2707500971,584991.6450925553,185.0
8640bf38c,8640bf38c,8640bf39,8640bf3c,-2071.2039699072648,-22026.63796976961,12648.05849413705,4.0,-44515.56431884273,-473558.29134775646,271960.8852261465,86.0,-95727.82251084037,-1018727.2707500971,584991.6450925553,185.0
8640bf394,8640bf394,8640bf39,8640bf3c,-4657.738377619866,-49559.633419159094,28459.062022718783,9.0,-44515.56431884273,-473558.29134775646,271960.8852261465,86.0,-95727.82251084037,-1018727.2707500971,584991.6450925553,185.0
8640bf39c,8640bf39c,8640bf39,8640bf3c,-23288.93136136699,-247791.29966803183,142307.22946940776,45.0,-44515.56431884273,-473558.29134775646,271960.8852261465,86.0,-95727.82251084037,-1018727.2707500971,584991.6450925553,185.0
8640bf3b,8640bf3b,8640bf3b,8640bf3c,-24304.370221964553,-258809.49475826652,148626.06627097714,47.0,-24304.370221964553,-258809.49475826652,148626.06627097714,47.0,-95727.82251084037,-1018727.2707500971,584991.6450925553,185.0
8640bf3d,8640bf3d,8640bf3d,8640bf3c,-13965.443152956126,-148687.54138697023,85363.4080152938,27.0,-13965.443152956126,-148687.54138697023,85363.4080152938,27.0,-95727.82251084037,-1018727.2707500971,584991.6450925553,185.0
8640bf3f,8640bf3f,8640bf3f,8640bf3c,-12942.444817076957,-137671.94325710397,79041.28558013774,25.0,-12942.444817076957,-137671.94325710397,79041.28558013774,25.0,-95727.82251084037,-1018727.2707500971,584991.6450925553,185.0
8640bf44,8640bf44,8640bf44,8640bf5,-15550.002568376778,-165197.0003273488,94862.67035123924,30.0,-15550.002568376778,-165197.0003273488,94862.67035123924,30.0,-60686.94084140376,-644240.6414155085,370005.6962622289,117.0
8640bf4c,8640bf4c,8640bf4c,8640bf5,0.0,0.0,0.0,0.0,-26441.55742561828,-280817.0772617094,161296.49877464358,51.0,-60686.94084140376,-644240.6414155085,370005.6962622289,117.0
8640bf54,8640bf54,8640bf54,8640bf5,-12981.504777517905,-137653.9721129945,79066.17559238245,25.0,-12981.504777517905,-137653.9721129945,79066.17559238245,25.0,-60686.94084140376,-644240.6414155085,370005.6962622289,117.0
8640bf5c,8640bf5c,8640bf5c,8640bf5,-5713.876069890788,-60572.591713456175,34780.351543963654,11.0,-5713.876069890788,-60572.591713456175,34780.351543963654,11.0,-60686.94084140376,-644240.6414155085,370005.6962622289,117.0
8640bf7,8640bf7,8640bf7,8640bf7,-25437.43691945358,-269868.31409382954,154854.85049647646,49.0,-25437.43691945358,-269868.31409382954,154854.85049647646,49.0,-25437.43691945358,-269868.31409382954,154854.85049647646,49.0
8640bf81,8640bf81,8640bf84,8640bfc,-18711.442324759955,-198301.00513957138,113714.17369259195,36.0,0.0,0.0,0.0,0.0,-88341.02573877377,-936465.9343559099,536908.9900537395,170.0
8640bf83,8640bf83,8640bf84,8640bfc,-8830.809492578097,-93642.06895199856,53699.33305331874,17.0,0.0,0.0,0.0,0.0,-88341.02573877377,-936465.9343559099,536908.9900537395,170.0
8640bf85,8640bf85,8640bf84,8640bfc,-2597.1984517561064,-27543.40156571015,15791.118300033439,5.0,0.0,0.0,0.0,0.0,-88341.02573877377,-936465.9343559099,536908.9900537395,170.0
8640bf87,8640bf87,8640bf84,8640bfc,0.0,0.0,0.0,0.0,0.0,0.0,0.0,0.0,-88341.02573877377,-936465.9343559099,536908.9900537395,170.0
8640bf8c,8640bf8c,8640bf8c,8640bfc,-8318.833413133641,-88142.14357893408,50524.610906453,16.0,-8318.833413133641,-88142.14357893408,50524.610906453,16.0,-88341.02573877377,-936465.9343559099,536908.9900537395,170.0
8640bf9c,8640bf9c,8640bf9c,8640bfc,-7263.361791341802,-77120.8982997365,44217.668434550724,14.0,-7263.361791341802,-77120.8982997365,44217.668434550724,14.0,-88341.02573877377,-936465.9343559099,536908.9900537395,170.0
8640bfb,8640bfb,8640bfb,8640bfc,-1033.5759725571156,-11017.908862612192,6316.360987709463,2.0,-1033.5759725571156,-11017.908862612192,6316.360987709463,2.0,-88341.02573877377,-936465.9343559099,536908.9900537395,170.0
8640bfd,8640bfd,8640bfd,8640bfc,-518.0067051265406,-5509.763088663946,3156.5697980430773,1.0,-518.0067051265406,-5509.763088663946,3156.5697980430773,1.0,-88341.02573877377,-936465.9343559099,536908.9900537395,170.0
8640bff,8640bff,8640bff,8640bfc,-1558.210142023573,-16531.260410879673,9465.579001786427,3.0,-1558.210142023573,-16531.260410879673,9465.579001786427,3.0,-88341.02573877377,-936465.9343559099,536908.9900537395,170.0
8640c004,8640c004,8640c01,8640c04,-3126.488432132882,-33060.43777450176,18933.135809525626,6.0,-37040.28326585112,-391228.8236495801,224011.09201949203,71.0,-77683.68808019486,-820911.8922381324,470321.11325206875,149.0
8640c00c,8640c00c,8640c01,8640c04,-1041.841177665377,-11019.18297975079,6312.779502485692,2.0,-37040.28326585112,-391228.8236495801,224011.09201949203,71.0,-77683.68808019486,-820911.8922381324,470321.11325206875,149.0
8640c019,8640c019,8640c01,8640c04,-13048.563168160375,-137755.31316663534,78878.41526828367,25.0,-37040.28326585112,-391228.8236495801,224011.09201949203,71.0,-77683.68808019486,-820911.8922381324,470321.11325206875,149.0
8640c01b,8640c01b,8640c01,8640c04,-3129.8148575005334,-33061.33107159846,18931.026364922134,6.0,-37040.28326585112,-391228.8236495801,224011.09201949203,71.0,-77683.68808019486,-820911.8922381324,470321.11325206875,149.0
8640c01d,8640c01d,8640c01,8640c04,-15127.650194578155,-159801.46985702633,91491.12953382335,29.0,-37040.28326585112,-391228.8236495801,224011.09201949203,71.0,-77683.68808019486,-820911.8922381324,470321.11325206875,149.0
8640c01f,8640c01f,8640c01,8640c04,-1565.9254358138019,-16531.08880006754,9464.605540451597,3.0,-37040.28326585112,-391228.8236495801,224011.09201949203,71.0,-77683.68808019486,-820911.8922381324,470321.11325206875,149.0
8640c03,8640c03,8640c03,8640c04,-1045.7398353385852,-11018.830139914415,6312.75082716832,2.0,-1045.7398353385852,-11018.830139914415,6312.75082716832,2.0,-77683.68808019486,-820911.8922381324,470321.11325206875,149.0
8640c05,8640c05,8640c05,8640c04,-3138.0661829675773,-33051.8011868293,18946.294176421266,6.0,-3138.0661829675773,-33051.8011868293,18946.294176421266,6.0,-77683.68808019486,-820911.8922381324,470321.11325206875,149.0
8640c064,8640c064,8640c07,8640c04,-5735.629313548496,-60594.74473940774,34738.15746612672,11.0,-36459.59879603757,-385612.43726180855,221050.97622898704,70.0,-77683.68808019486,-820911.8922381324,470321.11325206875,149.0
8640c06c,8640c06c,8640c07,8640c04,-3127.951175574865,-33054.674613257,18942.95423681959,6.0,-36459.59879603757,-385612.43726180855,221050.97622898704,70.0,-77683.68808019486,-820911.8922381324,470321.11325206875,149.0
8640c074,8640c074,8640c07,8640c04,-11454.494394898342,-121198.40525475547,69463.52708635267,22.0,-36459.59879603757,-385612.43726180855,221050.97622898704,70.0,-77683.68808019486,-820911.8922381324,470321.11325206875,149.0
8640c07c,8640c07c,8640c07,8640c04,-16141.523912015875,-170764.6126543884,97906.33743968811,31.0,-36459.59879603757,-385612.43726180855,221050.97622898704,70.0,-77683.68808019486,-820911.8922381324,470321.11325206875,149.0
8640c09,8640c09,8640c0c,8640c0c,-17190.670629127202,-181742.93191148428,104289.15615347457,33.0,-48485.61760831136,-512132.42825660383,293990.24978157965,93.0,-48485.61760831136,-512132.42825660383,293990.24978157965,93.0
8640c0b,8640c0b,8640c0c,8640c0c,-17182.1210592112,-181699.5693335278,104366.09495821719,33.0,-48485.61760831136,-512132.42825660383,293990.24978157965,93.0,-48485.61760831136,-512132.42825660383,293990.24978157965,93.0
8640c0d,8640c0d,8640c0c,8640c0c,-3657.190679372842,-38541.60620082831,22137.46687661602,7.0,-48485.61760831136,-512132.42825660383,293990.24978157965,93.0,-48485.61760831136,-512132.42825660383,293990.24978157965,93.0
8640c0f,8640c0f,8640c0c,8640c0c,-10455.635240600117,-110148.32081076349,63197.53179327185,20.0,-48485.61760831136,-512132.42825660383,293990.24978157965,93.0,-48485.61760831136,-512132.42825660383,293990.24978157965,93.0
8640c11,8640c11,8640c14,8640c14,-6303.220471549787,-66084.16219693153,37921.98925237644,12.0,0.0,0.0,0.0,0.0,-60529.31784192454,-633210.9264609334,363565.0856522367,115.0
8640c13,8640c13,8640c14,8640c14,-13131.533162371757,-137639.00410455492,79067.45730899357,25.0,0.0,0.0,0.0,0.0,-60529.31784192454,-633210.9264609334,363565.0856522367,115.0
8640c15,8640c15,8640c14,8640c14,-21076.42068275555,-220227.20066991972,126488.60827119579,40.0,0.0,0.0,0.0,0.0,-60529.31784192454,-633210.9264609334,363565.0856522367,115.0
8640c17,8640c17,8640c14,8640c14,-20018.143525247444,-209260.55948952722,120087.030819671,38.0,0.0,0.0,0.0,0.0,-60529.31784192454,-633210.9264609334,363565.0856522367,115.0
8640c1c,8640c1c,8640c1c,8640c1c,-16303.798585455032,-170783.3861030151,97846.67918471083,31.0,-16303.798585455032,-170783.3861030151,97846.67918471083,31.0,-16303.798585455032,-170783.3861030151,97846.67918471083,31.0
8640c24,8640c24,8640c24,8640c3,-21766.91450568109,-225868.67321248684,129386.68824861603,41.0,-21766.91450568109,-225868.67321248684,129386.68824861603,41.0,-79713.26643025767,-826107.2489790849,473773.91736629314,150.0
8640c2c,8640c2c,8640c2c,8640c3,-13915.668319884302,-143212.91369262504,82067.57196964431,26.0,-13915.668319884302,-143212.91369262504,82067.57196964431,26.0,-79713.26643025767,-826107.2489790849,473773.91736629314,150.0
8640c34,8640c34,8640c34,8640c3,-9084.698881694261,-93603.88438985177,53723.54078761562,17.0,-9084.698881694261,-93603.88438985177,53723.54078761562,17.0,-79713.26643025767,-826107.2489790849,473773.91736629314,150.0
8640c39,8640c39,8640c3c,8640c3,-3184.9600573535186,-33031.08576538146,18974.574956721226,6.0,-34945.984722998015,-363421.7776841212,208596.11636041713,66.0,-79713.26643025767,-826107.2489790849,473773.91736629314,150.0
8640c3b,8640c3b,8640c3c,8640c3,-5314.690890159334,-55069.29825244643,31592.7468610705,10.0,-34945.984722998015,-363421.7776841212,208596.11636041713,66.0,-79713.26643025767,-826107.2489790849,473773.91736629314,150.0
8640c3d,8640c3d,8640c3c,8640c3,-17985.48718165276,-187230.50347235368,107438.42330791197,34.0,-34945.984722998015,-363421.7776841212,208596.11636041713,66.0,-79713.26643025767,-826107.2489790849,473773.91736629314,150.0
8640c3f,8640c3f,8640c3c,8640c3,-8460.846593832403,-88090.89019393972,50590.37123471346,16.0,-34945.984722998015,-363421.7776841212,208596.11636041713,66.0,-79713.26643025767,-826107.2489790849,473773.91736629314,150.0
8640c5,8640c5,8640c5,8640c5,0.0,0.0,0.0,0.0,-29171.218355197678,-302649.03451002995,174173.9511349886,55.0,-29171.218355197678,-302649.03451002995,174173.9511349886,55.0
8640c64,8640c64,8640c7,8640c7,-1053.7122885066105,-11004.336110491413,6336.6623413933285,2.0,-36035.98089747401,-379778.6854714972,218442.96100694934,69.0,-36035.98089747401,-379778.6854714972,218442.96100694934,69.0
8640c6c,8640c6c,8640c7,8640c7,-8943.240556926401,-93569.19976043416,53807.630840382975,17.0,-36035.98089747401,-379778.6854714972,218442.96100694934,69.0,-36035.98089747401,-379778.6854714972,218442.96100694934,69.0
8640c74,8640c74,8640c7,8640c7,-23953.22376198531,-253196.9041934036,145621.0269596849,46.0,-36035.98089747401,-379778.6854714972,218442.96100694934,69.0,-36035.98089747401,-379778.6854714972,218442.96100694934,69.0
8640c7c,8640c7c,8640c7,8640c7,-2085.804290055682,-22008.245407167982,12677.640865488136,4.0,-36035.98089747401,-379778.6854714972,218442.96100694934,69.0,-36035.98089747401,-379778.6854714972,218442.96100694934,69.0
8640c9,8640c9,8640c9,8640cc,-11483.700480460036,-120923.23421554806,69936.63381295768,22.0,-11483.700480460036,-120923.23421554806,69936.63381295768,22.0,-86736.07675694748,-900798.906654625,522244.0989468361,164.0
8640cb,8640cb,8640cb,8640cc,-18863.267578488063,-197701.26243128354,114728.81378086246,36.0,-18863.267578488063,-197701.26243128354,114728.81378086246,36.0,-86736.07675694748,-900798.906654625,522244.0989468361,164.0
8640cc4,8640cc4,8640cd,8640cc,-6876.986394513878,-71413.61689679515,41382.004092819676,13.0,-46295.270713994105,-477739.49428376544,277210.1232251438,87.0,-86736.07675694748,-900798.906654625,522244.0989468361,164.0
8640ccc,8640ccc,8640cd,8640cc,-4760.446434393608,-49421.46084882958,28681.476737522204,9.0,-46295.270713994105,-477739.49428376544,277210.1232251438,87.0,-86736.07675694748,-900798.906654625,522244.0989468361,164.0
8640cd4,8640cd4,8640cd,8640cc,0.0,0.0,0.0,0.0,-46295.270713994105,-477739.49428376544,277210.1232251438,87.0,-86736.07675694748,-900798.906654625,522244.0989468361,164.0
8640cdc,8640cdc,8640cd,8640cc,-7454.362279262246,-76914.17965597611,44544.726794831746,14.0,-46295.270713994105,-477739.49428376544,277210.1232251438,87.0,-86736.07675694748,-900798.906654625,522244.0989468361,164.0
8640cf,8640cf,8640cf,8640cc,-10093.837984005288,-104434.91572402793,60368.52812787211,19.0,-10093.837984005288,-104434.91572402793,60368.52812787211,19.0,-86736.07675694748,-900798.906654625,522244.0989468361,164.0
8640d4,8640d4,8640d4,8640d4,0.0,0.0,0.0,0.0,-35599.84867158288,-362534.8529563341,210023.5352095471,66.0,-35599.84867158288,-362534.8529563341,210023.5352095471,66.0
8640d9,8640d9,8640dc,8640dc,-10438.790789463908,-104511.29264025963,60177.3823912976,19.0,-53668.91347401037,-544908.0186181538,313072.8979147625,99.0,-53668.91347401037,-544908.0186181538,313072.8979147625,99.0
8640db,8640db,8640dc,8640dc,-14042.349082002856,-143073.46241044812,82288.89368592022,26.0,-53668.91347401037,-544908.0186181538,313072.8979147625,99.0,-53668.91347401037,-544908.0186181538,313072.8979147625,99.0
8640dd,8640dd,8640dc,8640dc,-24813.292944570978,-253278.23897218384,145335.22807789964,46.0,-53668.91347401037,-544908.0186181538,313072.8979147625,99.0,-53668.91347401037,-544908.0186181538,313072.8979147625,99.0
8640df,8640df,8640dc,8640dc,-4374.480657972637,-44045.0245952623,25271.393759644903,8.0,-53668.91347401037,-544908.0186181538,313072.8979147625,99.0,-53668.91347401037,-544908.0186181538,313072.8979147625,99.0
8640e1,8640e1,8640e4,8640f,-12048.502490355482,-121269.07983984466,69239.29053181219,22.0,0.0,0.0,0.0,0.0,0.0,0.0,0.0,0.0
8640e3,8640e3,8640e4,8640f,-12661.328157137876,-126849.5651354963,72255.46138922259,23.0,0.0,0.0,0.0,0.0,0.0,0.0,0.0,0.0
8640e5,8640e5,8640e4,8640f,-2174.925000124808,-22060.846825262135,12570.788333321054,4.0,0.0,0.0,0.0,0.0,0.0,0.0,0.0,0.0
8640e7,8640e7,8640e4,8640f,0.0,0.0,0.0,0.0,0.0,0.0,0.0,0.0,0.0,0.0,0.0,0.0
8640ec,8640ec,8640ec,8640f,0.0,0.0,0.0,0.0,-35438.16798348462,-369293.6694710702,211124.50869636267,67.0,0.0,0.0,0.0,0.0
8640fc,8640fc,8640fc,8640f,0.0,0.0,0.0,0.0,-37510.74188118316,-381240.70791965426,215629.87005498764,69.0,0.0,0.0,0.0,0.0
86411,86411,86414,86414,-22538.599989592505,-220644.16811211722,125505.17755326052,40.0,0.0,0.0,0.0,0.0,0.0,0.0,0.0,0.0
864121,864121,86414,86414,-8902.578101556788,-88074.40910872724,50543.2238624954,16.0,0.0,0.0,0.0,0.0,0.0,0.0,0.0,0.0
864123,864123,86414,86414,-7315.177543816776,-71574.0134680608,41028.23915198511,13.0,0.0,0.0,0.0,0.0,0.0,0.0,0.0,0.0
864125,864125,86414,86414,-6749.3029650381895,-66009.8016476897,37974.68590205879,12.0,0.0,0.0,0.0,0.0,0.0,0.0,0.0,0.0
864127,864127,86414,86414,-26119.0809518472,-258538.3306125592,148789.99743185885,47.0,0.0,0.0,0.0,0.0,0.0,0.0,0.0,0.0
86412c,86412c,86414,86414,-18378.479346593027,-181239.07181521365,104960.96870283845,33.0,0.0,0.0,0.0,0.0,0.0,0.0,0.0,0.0
864134,864134,86414,86414,-6877.633293703691,-65900.67526401239,38140.768256466785,12.0,0.0,0.0,0.0,0.0,0.0,0.0,0.0,0.0
86413c,86413c,86414,86414,-4038.958145367075,-38505.276691349834,22134.287961066733,7.0,0.0,0.0,0.0,0.0,0.0,0.0,0.0,0.0
86415,86415,86414,86414,-22834.267082944345,-208877.7771897843,120250.10904793371,38.0,0.0,0.0,0.0,0.0,0.0,0.0,0.0,0.0
86417,86417,86414,86414,-2974.9317118752897,-27609.46698991567,15607.904972108488,5.0,0.0,0.0,0.0,0.0,0.0,0.0,0.0,0.0
8641c,8641c,8641c,8641c,-26533.085989743857,-249258.42471849354,139136.366887828,45.0,-26533.085989743857,-249258.42471849354,139136.366887828,45.0,-26533.085989743857,-249258.42471849354,139136.366887828,45.0
86424,86424,86424,8643,-31328.5796726153,-266045.20152322116,147499.5219098,48.0,-31328.5796726153,-266045.20152322116,147499.5219098,48.0,0.0,0.0,0.0,0.0
8642c,8642c,8642c,8643,-16691.251165205133,-127365.7818538844,70504.79257520603,23.0,-16691.251165205133,-127365.7818538844,70504.79257520603,23.0,0.0,0.0,0.0,0.0
86431,86431,86434,8643,-9747.774335105056,-77087.22839802437,43796.26931833393,14.0,0.0,0.0,0.0,0.0,0.0,0.0,0.0,0.0
86433,86433,86434,8643,-5787.730563466429,-44008.59721140475,25049.411372577564,8.0,0.0,0.0,0.0,0.0,0.0,0.0,0.0,0.0
86435,86435,86434,8643,0.0,0.0,0.0,0.0,0.0,0.0,0.0,0.0,0.0,0.0,0.0,0.0
86437,86437,86434,8643,-11987.153371859456,-93339.82731859024,53613.388084506114,17.0,0.0,0.0,0.0,0.0,0.0,0.0,0.0,0.0
8643c,8643c,8643c,8643,0.0,0.0,0.0,0.0,-40961.08083120753,-346125.0720457865,199044.62132349264,63.0,0.0,0.0,0.0,0.0
86444,86444,86444,86444,0.0,0.0,0.0,0.0,0.0,0.0,0.0,0.0,-72157.63728185683,-612330.9264509202,359155.37476541067,112.0
86449,86449,86449,86449,0.0,0.0,0.0,0.0,-60728.827011332476,-475534.8643714752,278210.9258848976,87.0,-60728.827011332476,-475534.8643714752,278210.9258848976,87.0
8644a4,8644a4,8644a4,8644a4,-13810.998636017765,-103822.72701661017,60687.63084886774,19.0,-13810.998636017765,-103822.72701661017,60687.63084886774,19.0,-13810.998636017765,-103822.72701661017,60687.63084886774,19.0
8644ac,8644ac,8644ac,8644ac,0.0,0.0,0.0,0.0,-46439.86366927839,-344193.8061351103,201182.89494692974,63.0,-46439.86366927839,-344193.8061351103,201182.89494692974,63.0
8644b04,8644b04,8644b1,8644b1,0.0,0.0,0.0,0.0,0.0,0.0,0.0,0.0,-96102.63017963764,-715167.6984302651,419356.56680552603,131.0
8644b0c,8644b0c,8644b1,8644b1,-13905.560059921807,-103697.97104270675,60879.109277184405,19.0,0.0,0.0,0.0,0.0,-96102.63017963764,-715167.6984302651,419356.56680552603,131.0
8644b14,8644b14,8644b1,8644b1,-30875.375320674535,-229210.70743810086,134571.4748039786,42.0,0.0,0.0,0.0,0.0,-96102.63017963764,-715167.6984302651,419356.56680552603,131.0
8644b1c,8644b1c,8644b1,8644b1,-12519.97976335889,-92827.64296878265,54375.6969023847,17.0,0.0,0.0,0.0,0.0,-96102.63017963764,-715167.6984302651,419356.56680552603,131.0
8644b24,8644b24,8644b3,8644b3,-7402.345612939669,-54592.41002575385,31997.641188950387,10.0,0.0,0.0,0.0,0.0,-75651.31033957336,-556614.0935729987,326731.30186355097,102.0
8644b2c,8644b2c,8644b3,8644b3,-1484.4645871595399,-10917.267238592438,6400.675939803996,2.0,0.0,0.0,0.0,0.0,-75651.31033957336,-556614.0935729987,326731.30186355097,102.0
8644b34,8644b34,8644b3,8644b3,-33460.1460507716,-245540.7610471319,144167.9488815522,45.0,0.0,0.0,0.0,0.0,-75651.31033957336,-556614.0935729987,326731.30186355097,102.0
8644b3c,8644b3c,8644b3,8644b3,-33304.354088702545,-245563.6552615206,144165.03585324436,45.0,0.0,0.0,0.0,0.0,-75651.31033957336,-556614.0935729987,326731.30186355097,102.0
8644b41,8644b41,8644b44,8644b44,-7383.96804441124,-54551.88337642717,32070.925124214766,10.0,0.0,0.0,0.0,0.0,-79149.66200736898,-583589.592680969,343322.82575199223,107.0
8644b43,8644b43,8644b44,8644b44,-18459.191054236348,-136343.87141721277,80238.40856761948,25.0,0.0,0.0,0.0,0.0,-79149.66200736898,-583589.592680969,343322.82575199223,107.0
8644b45,8644b45,8644b44,8644b44,0.0,0.0,0.0,0.0,0.0,0.0,0.0,0.0,-79149.66200736898,-583589.592680969,343322.82575199223,107.0
8644b47,8644b47,8644b44,8644b44,-13327.61791361417,-98194.70362175127,57717.02100160276,18.0,0.0,0.0,0.0,0.0,-79149.66200736898,-583589.592680969,343322.82575199223,107.0
8644b49,8644b49,8644b49,8644b49,-23769.034023427455,-174556.67290788196,102610.46483547117,32.0,-23769.034023427455,-174556.67290788196,102610.46483547117,32.0,-23769.034023427455,-174556.67290788196,102610.46483547117,32.0
8644b4b,8644b4b,8644b4b,8644b4b,-19361.516363715356,-141823.43382689336,83366.16740933173,26.0,-19361.516363715356,-141823.43382689336,83366.16740933173,26.0,-19361.516363715356,-141823.43382689336,83366.16740933173,26.0
8644b4d,8644b4d,8644b4d,8644b4d,-33487.593474458896,-245408.4681092361,144386.680741361,45.0,-33487.593474458896,-245408.4681092361,144386.680741361,45.0,-33487.593474458896,-245408.4681092361,144386.680741361,45.0
8644b4e4,8644b4e4,8644b4e4,8644b4f,-23772.023616258,-174504.71586001694,102698.11117095538,32.0,-23772.023616258,-174504.71586001694,102698.11117095538,32.0,-106903.0875753738,-785292.2701937032,462122.15849393466,144.0
8644b4ec,8644b4ec,8644b4ec,8644b4f,-12629.298723640362,-92717.31093459109,54538.42352515244,17.0,-12629.298723640362,-92717.31093459109,54538.42352515244,17.0,-106903.0875753738,-785292.2701937032,462122.15849393466,144.0
8644b4f4,8644b4f4,8644b4f4,8644b4f,-4451.775302188685,-32725.172690347506,19247.749924085445,6.0,-4451.775302188685,-32725.172690347506,19247.749924085445,6.0,-106903.0875753738,-785292.2701937032,462122.15849393466,144.0
8644b4f9,8644b4f9,8644b4fc,8644b4f,-2224.735341555671,-16360.821258369964,9627.141754673492,3.0,-66049.98993328674,-485345.07070874766,285637.8738737414,89.0,-106903.0875753738,-785292.2701937032,462122.15849393466,144.0
8644b4fb,8644b4fb,8644b4fc,8644b4f,-12619.360403312243,-92708.96433650193,54554.911099277306,17.0,-66049.98993328674,-485345.07070874766,285637.8738737414,89.0,-106903.0875753738,-785292.2701937032,462122.15849393466,144.0
8644b4fc4,8644b4fc4,8644b4fc,8644b4f,-12615.826509717132,-92706.3025544539,54560.25146891029,17.0,-66049.98993328674,-485345.07070874766,285637.8738737414,89.0,-106903.0875753738,-785292.2701937032,462122.15849393466,144.0
8644b4fcc,8644b4fcc,8644b4fc,8644b4f,-14844.220965069586,-109066.87707088453,64186.96657387654,20.0,-66049.98993328674,-485345.07070874766,285637.8738737414,89.0,-106903.0875753738,-785292.2701937032,462122.15849393466,144.0
8644b4fd4,8644b4fd4,8644b4fc,8644b4f,-1484.3947865924895,-10906.453504627512,6419.100916213098,2.0,-66049.98993328674,-485345.07070874766,285637.8738737414,89.0,-106903.0875753738,-785292.2701937032,462122.15849393466,144.0
8644b4fdc,8644b4fdc,8644b4fc,8644b4f,-21519.985711451838,-158142.4753009013,93079.69754264454,29.0,-66049.98993328674,-485345.07070874766,285637.8738737414,89.0,-106903.0875753738,-785292.2701937032,462122.15849393466,144.0
8644b4ff,8644b4ff,8644b4fc,8644b4f,-741.4662155877924,-5453.176683008539,3209.804518146134,1.0,-66049.98993328674,-485345.07070874766,285637.8738737414,89.0,-106903.0875753738,-785292.2701937032,462122.15849393466,144.0
8644b501,8644b501,8644b501,8644b504,-1483.1131400943977,-10905.835967563547,6420.446201646625,2.0,-1483.1131400943977,-10905.835967563547,6420.446201646625,2.0,0.0,0.0,0.0,0.0
8644b503,8644b503,8644b503,8644b504,-5935.911027356438,-43624.00746551917,25679.858454674722,8.0,-5935.911027356438,-43624.00746551917,25679.858454674722,8.0,0.0,0.0,0.0,0.0
8644b5044,8644b5044,8644b505,8644b504,-8162.089316794292,-59979.51546419414,35315.692690726646,11.0,0.0,0.0,0.0,0.0,0.0,0.0,0.0,0.0
8644b504c,8644b504c,8644b505,8644b504,-14843.196254304285,-109053.16134135815,64210.50360585416,20.0,0.0,0.0,0.0,0.0,0.0,0.0,0.0,0.0
8644b5054,8644b5054,8644b505,8644b504,-28944.03631012834,-212648.40250517768,125219.46400078584,39.0,0.0,0.0,0.0,0.0,0.0,0.0,0.0,0.0
8644b505c,8644b505c,8644b505,8644b504,-23741.194914662272,-174481.4499711299,102744.76372477313,32.0,0.0,0.0,0.0,0.0,0.0,0.0,0.0,0.0
8644b5064,8644b5064,8644b507,8644b504,-34114.24211434417,-250819.61344239203,147694.47381999542,46.0,-69708.50494707678,-512547.5190163512,301805.93667620537,94.0,0.0,0.0,0.0,0.0
8644b506c,8644b506c,8644b507,8644b504,-19283.607816011223,-141770.3303755143,83474.4811588576,26.0,-69708.50494707678,-512547.5190163512,301805.93667620537,94.0,0.0,0.0,0.0,0.0
8644b5074,8644b5074,8644b507,8644b504,-4448.469385597133,-32716.396112786133,19263.427987390558,6.0,-69708.50494707678,-512547.5190163512,301805.93667620537,94.0,0.0,0.0,0.0,0.0
8644b507c,8644b507c,8644b507,8644b504,-11862.18563112426,-87241.17908565883,51373.55370996177,16.0,-69708.50494707678,-512547.5190163512,301805.93667620537,94.0,0.0,0.0,0.0,0.0
8644b5081,8644b5081,8644b5084,8644b5084,-1482.5851709637168,-10905.029759579458,6421.937376763828,2.0,-40776.6073223844,-299883.4492048701,176610.27255144116,55.0,-40776.6073223844,-299883.4492048701,176610.27255144116,55.0
8644b5083,8644b5083,8644b5084,8644b5084,-12602.40971721087,-92691.03229741585,54589.28882880023,17.0,-40776.6073223844,-299883.4492048701,176610.27255144116,55.0,-40776.6073223844,-299883.4492048701,176610.27255144116,55.0
8644b5085,8644b5085,8644b5084,8644b5084,-17794.055124886123,-130857.62533708158,77067.18688537882,24.0,-40776.6073223844,-299883.4492048701,176610.27255144116,55.0,-40776.6073223844,-299883.4492048701,176610.27255144116,55.0
8644b5087,8644b5087,8644b5084,8644b5084,-8897.557309323707,-65429.76181079313,38531.85946049829,12.0,-40776.6073223844,-299883.4492048701,176610.27255144116,55.0,-40776.6073223844,-299883.4492048701,176610.27255144116,55.0
8644b508c,8644b508c,8644b508c,8644b508c,-25955.53570249704,-190834.49995310183,112387.5053637779,35.0,-25955.53570249704,-190834.49995310183,112387.5053637779,35.0,-25955.53570249704,-190834.49995310183,112387.5053637779,35.0
8644b5094,8644b5094,8644b5094,8644b5094,-24473.417986345692,-179925.78417406592,105971.71863070801,33.0,-24473.417986345692,-179925.78417406592,105971.71863070801,33.0,-24473.417986345692,-179925.78417406592,105971.71863070801,33.0
8644b5099,8644b5099,8644b5099,8644b509c,-5189.733176887557,-38165.704039710596,22479.848930179323,7.0,-5189.733176887557,-38165.704039710596,22479.848930179323,7.0,-81546.18007109818,-599754.8277374983,353242.66430227703,110.0
8644b509b,8644b509b,8644b509b,8644b509c,-11862.400361096144,-87237.12644457424,51380.385630704564,16.0,-11862.400361096144,-87237.12644457424,51380.385630704564,16.0,-81546.18007109818,-599754.8277374983,353242.66430227703,110.0
8644b509c4,8644b509c4,8644b509d,8644b509c,-6671.827027881615,-49070.891022647964,28901.632857049633,9.0,-47444.51131006676,-348949.8824215106,205520.3802889579,64.0,-81546.18007109818,-599754.8277374983,353242.66430227703,110.0
8644b509cc,8644b509cc,8644b509d,8644b509c,-29653.89790250081,-218093.8192354851,128449.74642854996,40.0,-47444.51131006676,-348949.8824215106,205520.3802889579,64.0,-81546.18007109818,-599754.8277374983,353242.66430227703,110.0
8644b509d4,8644b509d4,8644b509d,8644b509c,-8153.77491079577,-59975.85562808729,35323.82800618294,11.0,-47444.51131006676,-348949.8824215106,205520.3802889579,64.0,-81546.18007109818,-599754.8277374983,353242.66430227703,110.0
8644b509dc,8644b509dc,8644b509d,8644b509c,-2965.011468888569,-21809.31653529019,12845.172997175358,4.0,-47444.51131006676,-348949.8824215106,205520.3802889579,64.0,-81546.18007109818,-599754.8277374983,353242.66430227703,110.0
8644b509f,8644b509f,8644b509f,8644b509c,-17049.535223047696,-125402.11483170289,73862.04945243515,23.0,-17049.535223047696,-125402.11483170289,73862.04945243515,23.0,-81546.18007109818,-599754.8277374983,353242.66430227703,110.0
8644b50a4,8644b50a4,8644b50b,8644b50b,-17048.977307968365,-125399.88179365997,73865.96929518538,23.0,-52639.70182800352,-387099.22223817516,228026.75109313685,71.0,-52639.70182800352,-387099.22223817516,228026.75109313685,71.0
8644b50ac,8644b50ac,8644b50b,8644b50b,-8895.275438813076,-65424.00609893943,38542.15808505071,12.0,-52639.70182800352,-387099.22223817516,228026.75109313685,71.0,-52639.70182800352,-387099.22223817516,228026.75109313685,71.0
8644b50b4,8644b50b4,8644b50b,8644b50b,-4448.821353214256,-32711.763715110155,19271.21209190996,6.0,-52639.70182800352,-387099.22223817516,228026.75109313685,71.0,-52639.70182800352,-387099.22223817516,228026.75109313685,71.0
8644b50bc,8644b50bc,8644b50b,8644b50b,-22246.62772800783,-163563.57063046566,96347.41162099085,30.0,-52639.70182800352,-387099.22223817516,228026.75109313685,71.0,-52639.70182800352,-387099.22223817516,228026.75109313685,71.0
8644b50d,8644b50d,8644b50d,8644b50d,-12615.189686428059,-92685.0364671766,54596.516825466024,17.0,-12615.189686428059,-92685.0364671766,54596.516825466024,17.0,-12615.189686428059,-92685.0364671766,54596.516825466024,17.0
8644b50e4,8644b50e4,8644b50f,8644b50f,-14100.086829110407,-103592.34204420229,61014.05654259485,19.0,-61578.72249653834,-452541.45986918366,266527.8540134057,83.0,-61578.72249653834,-452541.45986918366,266527.8540134057,83.0
8644b50ec,8644b50ec,8644b50f,8644b50f,-22255.339732902557,-163567.15715410322,96339.31055577954,30.0,-61578.72249653834,-452541.45986918366,266527.8540134057,83.0,-61578.72249653834,-452541.45986918366,266527.8540134057,83.0
8644b50f4,8644b50f4,8644b50f,8644b50f,-22254.738549386366,-163572.59482041307,96330.21667359462,30.0,-61578.72249653834,-452541.45986918366,266527.8540134057,83.0,-61578.72249653834,-452541.45986918366,266527.8540134057,83.0
8644b50fc,8644b50fc,8644b50f,8644b50f,-2968.55738513901,-21809.36585046508,12844.27024143671,4.0,-61578.72249653834,-452541.45986918366,266527.8540134057,83.0,-61578.72249653834,-452541.45986918366,266527.8540134057,83.0
8644b511,8644b511,8644b514,8644b514,0.0,0.0,0.0,0.0,0.0,0.0,0.0,0.0,-81690.5302753463,-599740.7105792278,353233.27725481783,110.0
8644b513,8644b513,8644b514,8644b514,-17075.017934776148,-125395.83877438286,73866.81780102331,23.0,0.0,0.0,0.0,0.0,-81690.5302753463,-599740.7105792278,353233.27725481783,110.0
8644b515,8644b515,8644b514,8644b514,-3714.4785956360874,-27259.64754893282,16057.960390185826,5.0,0.0,0.0,0.0,0.0,-81690.5302753463,-599740.7105792278,353233.27725481783,110.0
8644b517,8644b517,8644b514,8644b514,-19319.864560022826,-141756.92852903323,83488.85639905898,26.0,0.0,0.0,0.0,0.0,-81690.5302753463,-599740.7105792278,353233.27725481783,110.0
8644b51c,8644b51c,8644b51c,8644b51c,0.0,0.0,0.0,0.0,-40850.76085224882,-299891.59266994,176579.30386104714,55.0,-40850.76085224882,-299891.59266994,176579.30386104714,55.0
8644b524,8644b524,8644b524,8644b53,-9668.461844088784,-70883.55959973698,41733.80016102807,13.0,-9668.461844088784,-70883.55959973698,41733.80016102807,13.0,0.0,0.0,0.0,0.0
8644b52c,8644b52c,8644b52c,8644b53,-5960.266782612152,-43619.65321298661,25681.613299209148,8.0,-5960.266782612152,-43619.65321298661,25681.613299209148,8.0,0.0,0.0,0.0,0.0
8644b534,8644b534,8644b534,8644b53,-7447.9216637652935,-54518.94627792237,32112.119978175197,10.0,-7447.9216637652935,-54518.94627792237,32112.119978175197,10.0,0.0,0.0,0.0,0.0
8644b539,8644b539,8644b539,8644b53,-21577.32954189896,-158102.98153971965,93133.49779777203,29.0,-21577.32954189896,-158102.98153971965,93133.49779777203,29.0,0.0,0.0,0.0,0.0
8644b53a4,8644b53a4,8644b53b,8644b53,-8185.948518157602,-59972.18807243979,35322.61361073342,11.0,-57285.55792785636,-419807.2225460032,247258.78497693964,77.0,0.0,0.0,0.0,0.0
8644b53ac,8644b53ac,8644b53b,8644b53,-2232.6536927900834,-16356.472757317304,9632.69612097225,3.0,-57285.55792785636,-419807.2225460032,247258.78497693964,77.0,0.0,0.0,0.0,0.0
8644b53b4,8644b53b4,8644b53b,8644b53,-11159.73113105069,-81782.96368183315,48163.281704726665,15.0,-57285.55792785636,-419807.2225460032,247258.78497693964,77.0,0.0,0.0,0.0,0.0
8644b53bc,8644b53bc,8644b53b,8644b53,-35707.224585857984,-261695.59803441295,154140.19354050735,48.0,-57285.55792785636,-419807.2225460032,247258.78497693964,77.0,0.0,0.0,0.0,0.0
8644b53c1,8644b53c1,8644b53d,8644b53,-34954.54489321225,-256244.43592302286,150929.5647313926,47.0,0.0,0.0,0.0,0.0,0.0,0.0,0.0,0.0
8644b53c3,8644b53c3,8644b53d,8644b53,-8180.318092125915,-59972.30589928536,35323.717947939316,11.0,0.0,0.0,0.0,0.0,0.0,0.0,0.0,0.0
8644b53c5,8644b53c5,8644b53d,8644b53,-1487.1971457311208,-10904.15632329701,6422.354088811742,2.0,0.0,0.0,0.0,0.0,0.0,0.0,0.0,0.0
8644b53c7,8644b53c7,8644b53d,8644b53,-5949.819143529796,-43616.54309889929,25689.317243944613,8.0,0.0,0.0,0.0,0.0,0.0,0.0,0.0,0.0
8644b53cc,8644b53cc,8644b53d,8644b53,-9667.672917814414,-70878.22647111284,41743.040009548495,13.0,0.0,0.0,0.0,0.0,0.0,0.0,0.0,0.0
8644b53d4,8644b53d4,8644b53d,8644b53,-6691.0382179437165,-49070.05391973509,28898.6127406358,9.0,0.0,0.0,0.0,0.0,0.0,0.0,0.0,0.0
8644b53dc,8644b53dc,8644b53d,8644b53,-14867.768971486885,-109041.50029873864,64224.620731066265,20.0,0.0,0.0,0.0,0.0,0.0,0.0,0.0,0.0
8644b53f,8644b53f,8644b53f,8644b53,-5204.8776843482465,-38162.991216963535,22480.953024338858,7.0,-5204.8776843482465,-38162.991216963535,22480.953024338858,7.0,0.0,0.0,0.0,0.0
8644b55,8644b55,8644b55,8644b55,-37207.57002925255,-272550.093643498,160643.7767222103,50.0,-37207.57002925255,-272550.093643498,160643.7767222103,50.0,-37207.57002925255,-272550.093643498,160643.7767222103,50.0
8644b564,8644b564,8644b57,8644b57,-5939.491058799642,-43606.6949811457,25708.41864058624,8.0,0.0,0.0,0.0,0.0,-83083.45298928488,-610551.3317983759,359836.1622293638,112.0
8644b56c,8644b56c,8644b57,8644b57,-24499.512997191094,-179897.3564547193,106013.94209687068,33.0,0.0,0.0,0.0,0.0,-83083.45298928488,-610551.3317983759,359836.1622293638,112.0
8644b574,8644b574,8644b57,8644b57,-37078.09489666245,-272579.3839195985,160624.0218827378,50.0,0.0,0.0,0.0,0.0,-83083.45298928488,-610551.3317983759,359836.1622293638,112.0
8644b57c,8644b57c,8644b57,8644b57,-15566.3540366317,-114467.89644291248,67489.77960916913,21.0,0.0,0.0,0.0,0.0,-83083.45298928488,-610551.3317983759,359836.1622293638,112.0
8644b584,8644b584,8644b584,8644b584,-34805.95835996571,-256201.807021323,151036.23239661136,47.0,-34805.95835996571,-256201.807021323,151036.23239661136,47.0,-34805.95835996571,-256201.807021323,151036.23239661136,47.0
8644b58c,8644b58c,8644b58c,8644b58c,-8873.480445658804,-65413.254161287114,38565.42404460693,12.0,-8873.480445658804,-65413.254161287114,38565.42404460693,12.0,-8873.480445658804,-65413.254161287114,38565.42404460693,12.0
8644b594,8644b594,8644b594,8644b594,-36248.96415620286,-267132.3788562951,157423.95498378813,49.0,-36248.96415620286,-267132.3788562951,157423.95498378813,49.0,-36248.96415620286,-267132.3788562951,157423.95498378813,49.0
8644b599,8644b599,8644b599,8644b599,-11845.442005002382,-87229.66134186144,51396.96953794299,16.0,-11845.442005002382,-87229.66134186144,51396.96953794299,16.0,-11845.442005002382,-87229.66134186144,51396.96953794299,16.0
8644b59a3,8644b59a3,8644b59a4,8644b59b,-12584.07728611465,-92677.16388166058,54617.057300073444,17.0,-54036.26053303649,-397964.56397123897,234535.88802772376,73.0,-85133.01493537957,-626926.36017484,369479.6253051798,115.0
8644b59a5,8644b59a5,8644b59a4,8644b59b,-20727.251394657073,-152643.1426822382,89960.09389398796,28.0,-54036.26053303649,-397964.56397123897,234535.88802772376,73.0,-85133.01493537957,-626926.36017484,369479.6253051798,115.0
8644b59a7,8644b59a7,8644b59a4,8644b59b,-20724.93185226476,-152644.2574073402,89958.73683366235,28.0,-54036.26053303649,-397964.56397123897,234535.88802772376,73.0,-85133.01493537957,-626926.36017484,369479.6253051798,115.0
8644b59ac,8644b59ac,8644b59ac,8644b59b,-3701.394837730366,-27257.33501459596,16064.905608675524,5.0,-3701.394837730366,-27257.33501459596,16064.905608675524,5.0,-85133.01493537957,-626926.36017484,369479.6253051798,115.0
8644b59b4,8644b59b4,8644b59b4,8644b59b,-19991.490117952755,-147188.87402900204,86750.82541301679,27.0,-19991.490117952755,-147188.87402900204,86750.82541301679,27.0,-85133.01493537957,-626926.36017484,369479.6253051798,115.0
8644b59bc,8644b59bc,8644b59bc,8644b59b,-7403.8694466599745,-54515.587160002935,32128.006255763783,10.0,-7403.8694466599745,-54515.587160002935,32128.006255763783,10.0,-85133.01493537957,-626926.36017484,369479.6253051798,115.0
8644b59c4,8644b59c4,8644b59d,8644b59d,-10370.09829792219,-76321.60968761792,44978.49006035939,14.0,-71858.81568911493,-528788.4175262459,311653.82540033147,97.0,-71858.81568911493,-528788.4175262459,311653.82540033147,97.0
8644b59cc,8644b59cc,8644b59d,8644b59d,-21479.147923998175,-158090.1056417117,93178.03967006777,29.0,-71858.81568911493,-528788.4175262459,311653.82540033147,97.0,-71858.81568911493,-528788.4175262459,311653.82540033147,97.0
8644b59d4,8644b59d4,8644b59d,8644b59d,-25190.823403926304,-185346.6267985874,109241.9560342254,34.0,-71858.81568911493,-528788.4175262459,311653.82540033147,97.0,-71858.81568911493,-528788.4175262459,311653.82540033147,97.0
8644b59dc,8644b59dc,8644b59d,8644b59d,-14818.746063268238,-109030.07539832893,64255.339635678974,20.0,-71858.81568911493,-528788.4175262459,311653.82540033147,97.0,-71858.81568911493,-528788.4175262459,311653.82540033147,97.0
8644b59e4,8644b59e4,8644b59f,8644b59f,-8150.8972884640425,-59968.042766250794,35337.75385275614,11.0,-39266.63713416293,-288942.71951044817,170255.2566605852,53.0,-39266.63713416293,-288942.71951044817,170255.2566605852,53.0
8644b59ec,8644b59ec,8644b59f,8644b59f,-16297.832150917315,-119937.17942164406,70674.56523322644,22.0,-39266.63713416293,-288942.71951044817,170255.2566605852,53.0,-39266.63713416293,-288942.71951044817,170255.2566605852,53.0
8644b59f4,8644b59f4,8644b59f,8644b59f,-5184.890819479741,-38163.156173235184,22485.29121990831,7.0,-39266.63713416293,-288942.71951044817,170255.2566605852,53.0,-39266.63713416293,-288942.71951044817,170255.2566605852,53.0
8644b59fc,8644b59fc,8644b59f,8644b59f,-9633.016875301832,-70874.34114931815,41757.64635469429,13.0,-39266.63713416293,-288942.71951044817,170255.2566605852,53.0,-39266.63713416293,-288942.71951044817,170255.2566605852,53.0
8644b5a004,8644b5a004,8644b5a01,8644b5a1,-2223.3889114639323,-16355.799497247757,9635.981668458624,3.0,-42240.73315214159,-310762.29054474115,183080.930604233,57.0,-144504.57936626818,-1063143.4940534928,626314.377380565,195.0
8644b5a00c,8644b5a00c,8644b5a01,8644b5a1,-1482.2621706010027,-10903.947047347072,6423.850104389727,2.0,-42240.73315214159,-310762.29054474115,183080.930604233,57.0,-144504.57936626818,-1063143.4940534928,626314.377380565,195.0
8644b5a014,8644b5a014,8644b5a01,8644b5a1,-34088.76193466711,-250790.94977658783,147749.02179576465,46.0,-42240.73315214159,-310762.29054474115,183080.930604233,57.0,-144504.57936626818,-1063143.4940534928,626314.377380565,195.0
8644b5a01c,8644b5a01c,8644b5a01,8644b5a1,-4446.320135409544,-32711.59422355852,19272.077035619994,6.0,-42240.73315214159,-310762.29054474115,183080.930604233,57.0,-144504.57936626818,-1063143.4940534928,626314.377380565,195.0
8644b5a03,8644b5a03,8644b5a03,8644b5a1,-19266.456484796174,-141750.77216685857,83511.64804170113,26.0,-19266.456484796174,-141750.77216685857,83511.64804170113,26.0,-144504.57936626818,-1063143.4940534928,626314.377380565,195.0
8644b5a05,8644b5a05,8644b5a05,8644b5a1,-2964.018090265571,-21808.109601577904,12847.451201601896,4.0,-2964.018090265571,-21808.109601577904,12847.451201601896,4.0,-144504.57936626818,-1063143.4940534928,626314.377380565,195.0
8644b5a064,8644b5a064,8644b5a07,8644b5a1,-10375.286206086339,-76328.639791471,44965.362191976215,14.0,-47429.581144406984,-348929.09988925036,205559.10802556228,64.0,-144504.57936626818,-1063143.4940534928,626314.377380565,195.0
8644b5a06c,8644b5a06c,8644b5a07,8644b5a1,-28901.75629830383,-212628.317297699,125263.3293323608,39.0,-47429.581144406984,-348929.09988925036,205559.10802556228,64.0,-144504.57936626818,-1063143.4940534928,626314.377380565,195.0
8644b5a074,8644b5a074,8644b5a07,8644b5a1,-5929.1580447571,-43616.01664638228,25694.987391060014,8.0,-47429.581144406984,-348929.09988925036,205559.10802556228,64.0,-144504.57936626818,-1063143.4940534928,626314.377380565,195.0
8644b5a07c,8644b5a07c,8644b5a07,8644b5a1,-2223.3805952597168,-16356.126153698056,9635.429110165243,3.0,-47429.581144406984,-348929.09988925036,205559.10802556228,64.0,-144504.57936626818,-1063143.4940534928,626314.377380565,195.0
8644b5a0c,8644b5a0c,8644b5a0c,8644b5a1,-20750.940937348765,-152659.5991813374,89926.70165872811,28.0,-20750.940937348765,-152659.5991813374,89926.70165872811,28.0,-144504.57936626818,-1063143.4940534928,626314.377380565,195.0
8644b5a14,8644b5a14,8644b5a14,8644b5a1,-5926.418290480531,-43617.54999193819,25693.016526705913,8.0,-5926.418290480531,-43617.54999193819,25693.016526705913,8.0,-144504.57936626818,-1063143.4940534928,626314.377380565,195.0
8644b5a1c,8644b5a1c,8644b5a1c,8644b5a1,-5926.431266828577,-43616.07267778937,25695.521322032662,8.0,-5926.431266828577,-43616.07267778937,25695.521322032662,8.0,-144504.57936626818,-1063143.4940534928,626314.377380565,195.0
8644b5a3,8644b5a3,8644b5a3,8644b5a3,-23699.800850175547,-174467.1241256482,102778.64190467019,32.0,-23699.800850175547,-174467.1241256482,102778.64190467019,32.0,-23699.800850175547,-174467.1241256482,102778.64190467019,32.0
8644b5a5,8644b5a5,8644b5a5,8644b5a5,-29623.170409823364,-218097.08465558407,128451.2916968709,40.0,-29623.170409823364,-218097.08465558407,128451.2916968709,40.0,-29623.170409823364,-218097.08465558407,128451.2916968709,40.0
8644b5a61,8644b5a61,8644b5a64,8644b5a64,-2963.2383790525587,-21810.237763324963,12844.017948503082,4.0,-48156.51675247578,-354412.344474929,208721.21813848632,65.0,-48156.51675247578,-354412.344474929,208721.21813848632,65.0
8644b5a63,8644b5a63,8644b5a64,8644b5a64,-20004.826340229123,-147218.34304823785,86697.7302093418,27.0,-48156.51675247578,-354412.344474929,208721.21813848632,65.0,-48156.51675247578,-354412.344474929,208721.21813848632,65.0
8644b5a65,8644b5a65,8644b5a64,8644b5a64,-10372.621108197838,-76334.25367569951,44956.44625659788,14.0,-48156.51675247578,-354412.344474929,208721.21813848632,65.0,-48156.51675247578,-354412.344474929,208721.21813848632,65.0
8644b5a67,8644b5a67,8644b5a64,8644b5a64,-14815.830924996262,-109049.50998766662,64223.02372404356,20.0,-48156.51675247578,-354412.344474929,208721.21813848632,65.0,-48156.51675247578,-354412.344474929,208721.21813848632,65.0
8644b5a6c,8644b5a6c,8644b5a6c,8644b5a6c,-8889.014119611453,-65428.60386567504,38535.79730307033,12.0,-8889.014119611453,-65428.60386567504,38535.79730307033,12.0,-8889.014119611453,-65428.60386567504,38535.79730307033,12.0
8644b5a74,8644b5a74,8644b5a74,8644b5a74,-28163.62725069371,-207189.5238185722,122028.33616683242,38.0,-28163.62725069371,-207189.5238185722,122028.33616683242,38.0,-28163.62725069371,-207189.5238185722,122028.33616683242,38.0
8644b5a79,8644b5a79,8644b5a7c,8644b5a7c,-8152.515655811115,-59976.444066497555,35323.11953934573,11.0,-71883.77418988613,-528888.9041861814,311477.50655311806,97.0,-71883.77418988613,-528888.9041861814,311477.50655311806,97.0
8644b5a7b,8644b5a7b,8644b5a7c,8644b5a7c,-30382.441357277326,-223549.15361888905,131658.8704983099,41.0,-71883.77418988613,-528888.9041861814,311477.50655311806,97.0,-71883.77418988613,-528888.9041861814,311477.50655311806,97.0
8644b5a7d,8644b5a7d,8644b5a7c,8644b5a7c,-22231.48268231416,-163575.68249739942,96330.34354676341,30.0,-71883.77418988613,-528888.9041861814,311477.50655311806,97.0,-71883.77418988613,-528888.9041861814,311477.50655311806,97.0
8644b5a7f,8644b5a7f,8644b5a7c,8644b5a7c,-11117.334494483528,-81787.62400339532,48165.17296869905,15.0,-71883.77418988613,-528888.9041861814,311477.50655311806,97.0,-71883.77418988613,-528888.9041861814,311477.50655311806,97.0
8644b5a84,8644b5a84,8644b5ac,8644b5ac,-28161.055928453206,-207198.52923704754,122013.63822677331,38.0,0.0,0.0,0.0,0.0,-76303.9385520125,-561627.8672029247,330709.1421107452,103.0
8644b5a8c,8644b5a8c,8644b5ac,8644b5ac,-5927.3973202752195,-43621.02685242766,25686.887253456436,8.0,0.0,0.0,0.0,0.0,-76303.9385520125,-561627.8672029247,330709.1421107452,103.0
8644b5a94,8644b5a94,8644b5ac,8644b5ac,-7409.650741370217,-54528.23216278157,32105.20651944484,10.0,0.0,0.0,0.0,0.0,-76303.9385520125,-561627.8672029247,330709.1421107452,103.0
8644b5a9c,8644b5a9c,8644b5ac,8644b5ac,-2223.2566644039534,-16358.25127571976,9631.849415446854,3.0,0.0,0.0,0.0,0.0,-76303.9385520125,-561627.8672029247,330709.1421107452,103.0
8644b5ab,8644b5ab,8644b5ac,8644b5ac,-5928.293892297925,-43624.299559486404,25681.121807665266,8.0,0.0,0.0,0.0,0.0,-76303.9385520125,-561627.8672029247,330709.1421107452,103.0
8644b5ad,8644b5ad,8644b5ac,8644b5ac,-1481.25407048211,-10905.975168890627,6420.638945239078,2.0,0.0,0.0,0.0,0.0,-76303.9385520125,-561627.8672029247,330709.1421107452,103.0
8644b5af,8644b5af,8644b5ac,8644b5ac,-25173.029934729864,-185391.55294657097,109169.79994271949,34.0,0.0,0.0,0.0,0.0,-76303.9385520125,-561627.8672029247,330709.1421107452,103.0
8644b5b4,8644b5b4,8644b5b4,8644b5b4,-34033.34730831476,-250831.87658056832,147692.309780965,46.0,-34033.34730831476,-250831.87658056832,147692.309780965,46.0,-34033.34730831476,-250831.87658056832,147692.309780965,46.0
8644b5bc,8644b5bc,8644b5bc,8644b5bc,-24407.60946496954,-179930.46595990146,105978.9460695854,33.0,-24407.60946496954,-179930.46595990146,105978.9460695854,33.0,-24407.60946496954,-179930.46595990146,105978.9460695854,33.0
8644b5d,8644b5d,8644b5d,8644b5d,0.0,0.0,0.0,0.0,-40605.606941839505,-299912.18421369034,176600.86857974407,55.0,-40605.606941839505,-299912.18421369034,176600.86857974407,55.0
8644b5e4,8644b5e4,8644b5f,8644b5f,-6636.436325862313,-49065.70094094443,28918.587283708806,9.0,-50930.57182042868,-376155.3099538829,221722.95800651205,69.0,-50930.57182042868,-376155.3099538829,221722.95800651205,69.0
8644b5ec,8644b5ec,8644b5f,8644b5f,-17727.715010399606,-130843.89790497979,77105.77279647211,24.0,-50930.57182042868,-376155.3099538829,221722.95800651205,69.0,-50930.57182042868,-376155.3099538829,221722.95800651205,69.0
8644b5f4,8644b5f4,8644b5f,8644b5f,-14769.098074686992,-109024.9243899514,64275.50690488965,20.0,-50930.57182042868,-376155.3099538829,221722.95800651205,69.0,-50930.57182042868,-376155.3099538829,221722.95800651205,69.0
8644b5fc,8644b5fc,8644b5f,8644b5f,-11797.322409479762,-87220.7867180073,51423.091021441476,16.0,-50930.57182042868,-376155.3099538829,221722.95800651205,69.0,-50930.57182042868,-376155.3099538829,221722.95800651205,69.0
8644b64,8644b64,8644b64,8644b7,0.0,0.0,0.0,0.0,-42647.73507283153,-316246.58643925283,186314.7468917818,58.0,-121782.0943810601,-905277.795358276,533040.3514893926,166.0
8644b6c,8644b6c,8644b6c,8644b7,-30912.22781243039,-229110.14897963777,134734.15597207553,42.0,-30912.22781243039,-229110.14897963777,134734.15597207553,42.0,-121782.0943810601,-905277.795358276,533040.3514893926,166.0
8644b74,8644b74,8644b74,8644b7,-11702.388532010502,-87293.06807746546,51322.02596734448,16.0,-11702.388532010502,-87293.06807746546,51322.02596734448,16.0,-121782.0943810601,-905277.795358276,533040.3514893926,166.0
8644b7c,8644b7c,8644b7c,8644b7,-36519.74296378769,-272627.99186191976,160669.4226581907,50.0,-36519.74296378769,-272627.99186191976,160669.4226581907,50.0,-121782.0943810601,-905277.795358276,533040.3514893926,166.0
8644bc,8644bc,8644bc,8644bc,0.0,0.0,0.0,0.0,-69505.03171266908,-523909.54673516756,307835.1548598218,96.0,-69505.03171266908,-523909.54673516756,307835.1548598218,96.0
8644c4,8644c4,8644c4,8644c4,0.0,0.0,0.0,0.0,-63105.680097284334,-473906.86149464117,280452.42213102034,87.0,-63105.680097284334,-473906.86149464117,280452.42213102034,87.0
8644c84,8644c84,8644c84,8644c9,-14619.360618300681,-109012.02469976139,64331.582509433036,20.0,-14619.360618300681,-109012.02469976139,64331.582509433036,20.0,-124716.65036831584,-926372.1436000179,547104.9767168412,170.0
8644c8c,8644c8c,8644c8c,8644c9,-24122.4382124939,-179779.29402678172,106300.28482937906,33.0,-24122.4382124939,-179779.29402678172,106300.28482937906,33.0,-124716.65036831584,-926372.1436000179,547104.9767168412,170.0
8644c94,8644c94,8644c94,8644c9,-24231.795405924724,-179758.75830387202,106310.1428499622,33.0,-24231.795405924724,-179758.75830387202,106310.1428499622,33.0,-124716.65036831584,-926372.1436000179,547104.9767168412,170.0
8644c99,8644c99,8644c9c,8644c9,-11032.647090037335,-81738.95985537376,48267.14613399439,15.0,-61743.05613159653,-457822.0665696028,270162.96652806696,84.0,-124716.65036831584,-926372.1436000179,547104.9767168412,170.0
8644c9b,8644c9b,8644c9c,8644c9,-4403.700347228361,-32697.250061586088,19306.17381471955,6.0,-61743.05613159653,-457822.0665696028,270162.96652806696,84.0,-124716.65036831584,-926372.1436000179,547104.9767168412,170.0
8644c9d,8644c9d,8644c9c,8644c9,-16875.53698083805,-125367.15823876797,73961.27909207082,23.0,-61743.05613159653,-457822.0665696028,270162.96652806696,84.0,-124716.65036831584,-926372.1436000179,547104.9767168412,170.0
8644c9f,8644c9f,8644c9c,8644c9,-29431.17171349279,-218018.69841387495,128628.36748728222,40.0,-61743.05613159653,-457822.0665696028,270162.96652806696,84.0,-124716.65036831584,-926372.1436000179,547104.9767168412,170.0
8644ca1,8644ca1,8644ca1,8644ca4,-33206.42460043647,-245262.57494311407,144699.17421057817,45.0,-33206.42460043647,-245262.57494311407,144699.17421057817,45.0,-142641.37100048646,-1051799.911898947,620723.7643797537,193.0
8644ca3,8644ca3,8644ca3,8644ca4,-20660.696493134667,-152574.7866760096,90091.26431471088,28.0,-20660.696493134667,-152574.7866760096,90091.26431471088,28.0,-142641.37100048646,-1051799.911898947,620723.7643797537,193.0
8644ca5,8644ca5,8644ca5,8644ca4,-28855.533803099388,-212505.6035102536,125482.03072397543,39.0,-28855.533803099388,-212505.6035102536,125482.03072397543,39.0,-142641.37100048646,-1051799.911898947,620723.7643797537,193.0
8644ca64,8644ca64,8644ca7,8644ca4,-7401.111379664362,-54496.91773670183,32160.29861965649,10.0,-59918.71610381592,-441456.9467695698,260451.29513048922,81.0,-142641.37100048646,-1051799.911898947,620723.7643797537,193.0
8644ca6c,8644ca6c,8644ca7,8644ca4,-28099.65369218308,-207095.89472068206,122201.89512426346,38.0,-59918.71610381592,-441456.9467695698,260451.29513048922,81.0,-142641.37100048646,-1051799.911898947,620723.7643797537,193.0
8644ca74,8644ca74,8644ca7,8644ca4,-11089.70159960124,-81756.9873558178,48223.52070459331,15.0,-59918.71610381592,-441456.9467695698,260451.29513048922,81.0,-142641.37100048646,-1051799.911898947,620723.7643797537,193.0
8644ca7c,8644ca7c,8644ca7,8644ca4,-13328.24943236723,-98107.14695636816,57865.580681975945,18.0,-59918.71610381592,-441456.9467695698,260451.29513048922,81.0,-142641.37100048646,-1051799.911898947,620723.7643797537,193.0
8644ca9,8644ca9,8644cac,8644cac,-28926.456813189612,-212547.73037961475,125394.32055599541,39.0,0.0,0.0,0.0,0.0,-103243.93176430977,-757456.4859555918,447028.99821964046,139.0
8644cab,8644cab,8644cac,8644cac,-29752.140203837287,-217985.92600765638,128610.07069114565,40.0,0.0,0.0,0.0,0.0,-103243.93176430977,-757456.4859555918,447028.99821964046,139.0
8644cad,8644cad,8644cac,8644cac,-23799.754060735533,-174359.0483736891,102938.8192764736,32.0,0.0,0.0,0.0,0.0,-103243.93176430977,-757456.4859555918,447028.99821964046,139.0
8644caf,8644caf,8644cac,8644cac,-20765.580686547335,-152563.78119463168,90085.78769602581,28.0,0.0,0.0,0.0,0.0,-103243.93176430977,-757456.4859555918,447028.99821964046,139.0
8644cb1,8644cb1,8644cb4,8644cb4,-15570.343351797734,-114395.31209599592,67611.81697431803,21.0,0.0,0.0,0.0,0.0,-78721.59402344312,-577306.2801961856,341448.0846364618,106.0
8644cb3,8644cb3,8644cb4,8644cb4,-7438.778279763476,-54472.074325542104,32193.678085318872,10.0,0.0,0.0,0.0,0.0,-78721.59402344312,-577306.2801961856,341448.0846364618,106.0
8644cb5,8644cb5,8644cb4,8644cb4,-35692.09246788582,-261397.0852312874,154649.3697336023,48.0,0.0,0.0,0.0,0.0,-78721.59402344312,-577306.2801961856,341448.0846364618,106.0
8644cb7,8644cb7,8644cb4,8644cb4,-20020.379923996094,-147041.80854336015,86993.21984322264,27.0,0.0,0.0,0.0,0.0,-78721.59402344312,-577306.2801961856,341448.0846364618,106.0
8644cb9,8644cb9,8644cbc,8644cbc,-19962.357917478654,-147050.71278772462,86991.5028863956,27.0,-67218.62783841981,-495686.1147888036,293088.12398398813,91.0,-67218.62783841981,-495686.1147888036,293088.12398398813,91.0
8644cbb,8644cbb,8644cbc,8644cbc,-20709.42457840659,-152531.77355745283,90152.89088301841,28.0,-67218.62783841981,-495686.1147888036,293088.12398398813,91.0,-67218.62783841981,-495686.1147888036,293088.12398398813,91.0
8644cbd,8644cbd,8644cbc,8644cbc,-15491.129723403954,-114404.96402682266,67613.6813442678,21.0,-67218.62783841981,-495686.1147888036,293088.12398398813,91.0,-67218.62783841981,-495686.1147888036,293088.12398398813,91.0
8644cbf,8644cbf,8644cbc,8644cbc,-11055.715619130608,-81698.66441680345,48330.04887030631,15.0,-67218.62783841981,-495686.1147888036,293088.12398398813,91.0,-67218.62783841981,-495686.1147888036,293088.12398398813,91.0
8644cc1,8644cc1,8644cc4,8644cd,-11058.275703788802,-81678.67282198512,48363.24215200443,15.0,-63464.16449909218,-468224.5042580947,277380.42728867865,86.0,-131643.30559224368,-968971.1187500651,574291.200575402,178.0
8644cc3,8644cc3,8644cc4,8644cd,-22842.762434170872,-168763.37803705723,100019.41131262932,31.0,-63464.16449909218,-468224.5042580947,277380.42728867865,86.0,-131643.30559224368,-968971.1187500651,574291.200575402,178.0
8644cc5,8644cc5,8644cc4,8644cd,-9605.94296296134,-70767.2912078622,41945.01736859236,13.0,-63464.16449909218,-468224.5042580947,277380.42728867865,86.0,-131643.30559224368,-968971.1187500651,574291.200575402,178.0
8644cc7,8644cc7,8644cc4,8644cd,-19957.183398171168,-147015.16219119,87052.75645545265,27.0,-63464.16449909218,-468224.5042580947,277380.42728867865,86.0,-131643.30559224368,-968971.1187500651,574291.200575402,178.0
8644ccc,8644ccc,8644ccc,8644cd,-33380.40041490364,-244981.26266256906,145135.01657867053,45.0,-33380.40041490364,-244981.26266256906,145135.01657867053,45.0,-131643.30559224368,-968971.1187500651,574291.200575402,178.0
8644cd4,8644cd4,8644cd4,8644cd,-20771.409198448928,-152370.39230449594,90411.14546193642,28.0,-20771.409198448928,-152370.39230449594,90411.14546193642,28.0,-131643.30559224368,-968971.1187500651,574291.200575402,178.0
8644cdc,8644cdc,8644cdc,8644cd,-14027.331479798924,-103394.95952490547,61364.61124611633,19.0,-14027.331479798924,-103394.95952490547,61364.61124611633,19.0,-131643.30559224368,-968971.1187500651,574291.200575402,178.0
8644ce4,8644ce4,8644ce4,8644cf,0.0,0.0,0.0,0.0,-47670.3899353231,-353758.4604144008,209938.50429438308,65.0,0.0,0.0,0.0,0.0
8644cec,8644cec,8644cec,8644cf,-34520.55493025482,-255896.1323008047,151618.79189411364,47.0,-34520.55493025482,-255896.1323008047,151618.79189411364,47.0,0.0,0.0,0.0,0.0
8644cf1,8644cf1,8644cf4,8644cf,-10953.873774302723,-81665.89467321694,48408.55869032627,15.0,-45229.02544940341,-337591.7755259722,200032.81790448746,62.0,0.0,0.0,0.0,0.0
8644cf3,8644cf3,8644cf4,8644cf,-6577.919359762627,-49011.79302293233,29023.181293453505,9.0,-45229.02544940341,-337591.7755259722,200032.81790448746,62.0,0.0,0.0,0.0,0.0
8644cf5,8644cf5,8644cf4,8644cf,-9481.459892293848,-70795.04334263521,41926.506561691174,13.0,-45229.02544940341,-337591.7755259722,200032.81790448746,62.0,0.0,0.0,0.0,0.0
8644cf7,8644cf7,8644cf4,8644cf,-18215.772423044218,-136119.04448718773,80674.5713590165,25.0,-45229.02544940341,-337591.7755259722,200032.81790448746,62.0,0.0,0.0,0.0,0.0
8644cfc,8644cfc,8644cfc,8644cf,-24078.1332974043,-179618.67085363466,106581.48445024231,33.0,-24078.1332974043,-179618.67085363466,106581.48445024231,33.0,0.0,0.0,0.0,0.0
8644d04,8644d04,8644d04,8644d1,0.0,0.0,0.0,0.0,-40825.34452481993,-304608.17741172,181208.74847655746,56.0,-137500.70292109,-1022583.3769704318,608293.2005781537,188.0
8644d0c,8644d0c,8644d0c,8644d1,-19669.532151024363,-146836.76737478378,87418.54233934233,27.0,-19669.532151024363,-146836.76737478378,87418.54233934233,27.0,-137500.70292109,-1022583.3769704318,608293.2005781537,188.0
8644d14,8644d14,8644d14,8644d1,-18339.464674563886,-135929.24931183708,80966.0243146744,25.0,-18339.464674563886,-135929.24931183708,80966.0243146744,25.0,-137500.70292109,-1022583.3769704318,608293.2005781537,188.0
8644d19,8644d19,8644d1c,8644d1,-13214.11228633249,-97909.29335384758,58225.74470331363,18.0,-58666.361570681824,-435209.18287209107,258699.88544757955,80.0,-137500.70292109,-1022583.3769704318,608293.2005781537,188.0
8644d1b,8644d1b,8644d1c,8644d1,-5860.294540657122,-43515.07636461043,25881.252586130893,8.0,-58666.361570681824,-435209.18287209107,258699.88544757955,80.0,-137500.70292109,-1022583.3769704318,608293.2005781537,188.0
8644d1d,8644d1d,8644d1c,8644d1,-23438.568960071367,-174095.94796513833,103465.65140874156,32.0,-58666.361570681824,-435209.18287209107,258699.88544757955,80.0,-137500.70292109,-1022583.3769704318,608293.2005781537,188.0
8644d1f,8644d1f,8644d1c,8644d1,-16153.38578362085,-119688.86518849469,71127.23674939347,22.0,-58666.361570681824,-435209.18287209107,258699.88544757955,80.0,-137500.70292109,-1022583.3769704318,608293.2005781537,188.0
8644d24,8644d24,8644d3,8644d3,-27301.443427805716,-201265.8261392507,119641.40794323345,37.0,-51030.81293182547,-375297.29081249086,223149.22027088888,69.0,-51030.81293182547,-375297.29081249086,223149.22027088888,69.0
8644d2c,8644d2c,8644d3,8644d3,-18542.406205416824,-135972.0756508487,80847.80605948645,25.0,-51030.81293182547,-375297.29081249086,223149.22027088888,69.0,-51030.81293182547,-375297.29081249086,223149.22027088888,69.0
8644d34,8644d34,8644d3,8644d3,-4451.667993305124,-32621.375342936823,19423.171214331887,6.0,-51030.81293182547,-375297.29081249086,223149.22027088888,69.0,-51030.81293182547,-375297.29081249086,223149.22027088888,69.0
8644d3c,8644d3c,8644d3,8644d3,-735.2953052978187,-5438.013679454621,3236.835053837133,1.0,-51030.81293182547,-375297.29081249086,223149.22027088888,69.0,-51030.81293182547,-375297.29081249086,223149.22027088888,69.0
8644d5,8644d5,8644d5,8644d5,-7377.098277172291,-54323.751625122306,32457.399340929143,10.0,-7377.098277172291,-54323.751625122306,32457.399340929143,10.0,-7377.098277172291,-54323.751625122306,32457.399340929143,10.0
8644d7,8644d7,8644d7,8644d7,-32916.660603216245,-244481.11109436266,146081.17497171243,45.0,-32916.660603216245,-244481.11109436266,146081.17497171243,45.0,-32916.660603216245,-244481.11109436266,146081.17497171243,45.0
8644dc,8644dc,8644dc,8644dc,-26669.83179326558,-201214.52506456675,119869.74701434291,37.0,-26669.83179326558,-201214.52506456675,119869.74701434291,37.0,-26669.83179326558,-201214.52506456675,119869.74701434291,37.0
8644e4,8644e4,8644f,8644f,-35303.46704366708,-271944.0504592228,162093.85824687796,50.0,-70057.00193882358,-544297.5281407359,323616.10564566543,100.0,-70057.00193882358,-544297.5281407359,323616.10564566543,100.0
8644ec,8644ec,8644f,8644f,-16216.211376124756,-125392.54576457082,74065.58352305542,23.0,-70057.00193882358,-544297.5281407359,323616.10564566543,100.0,-70057.00193882358,-544297.5281407359,323616.10564566543,100.0
8644f4,8644f4,8644f,8644f,-5533.086873931626,-43603.93163648721,25803.58516088051,8.0,-70057.00193882358,-544297.5281407359,323616.10564566543,100.0,-70057.00193882358,-544297.5281407359,323616.10564566543,100.0
8644fc,8644fc,8644f,8644f,-13004.236645100107,-103357.00028045493,61653.078714851516,19.0,-70057.00193882358,-544297.5281407359,323616.10564566543,100.0,-70057.00193882358,-544297.5281407359,323616.10564566543,100.0
86451,86451,86451,86454,-13862.395056020194,-108404.3763757719,65514.430096468495,20.0,-13862.395056020194,-108404.3763757719,65514.430096468495,20.0,0.0,0.0,0.0,0.0
86453,86453,86453,86454,0.0,0.0,0.0,0.0,-72097.96735184029,-537037.2385273327,322816.8748100846,99.0,0.0,0.0,0.0,0.0
86455,86455,86455,86454,0.0,0.0,0.0,0.0,-52944.2195415201,-394687.476328414,240251.19859619992,73.0,0.0,0.0,0.0,0.0
86457,86457,86457,86454,-31090.157338360295,-243153.69729379236,148672.51362836378,45.0,-31090.157338360295,-243153.69729379236,148672.51362836378,45.0,0.0,0.0,0.0,0.0
8645c,8645c,8645c,8645c,0.0,0.0,0.0,0.0,-45524.149797819075,-385256.4586166835,232627.32606390596,71.0,-45524.149797819075,-385256.4586166835,232627.32606390596,71.0
86464,86464,86464,86464,0.0,0.0,0.0,0.0,-40978.897871717694,-390449.6380304763,237243.069998157,72.0,-40978.897871717694,-390449.6380304763,237243.069998157,72.0
864681,864681,864681,864681,-11529.853216661937,-103464.47245680437,61766.20309786565,19.0,-11529.853216661937,-103464.47245680437,61766.20309786565,19.0,-11529.853216661937,-103464.47245680437,61766.20309786565,19.0
8646824,8646824,8646824,864683,-1217.6348572116815,-10896.17572672428,6492.282195370459,2.0,-1217.6348572116815,-10896.17572672428,6492.282195370459,2.0,0.0,0.0,0.0,0.0
8646834,8646834,8646834,864683,-18810.974977562844,-168968.9696375107,100510.62404995936,31.0,-18810.974977562844,-168968.9696375107,100510.62404995936,31.0,0.0,0.0,0.0,0.0
8646838c,8646838c,8646838c,864683,-604.4339499730677,-5449.069297966741,3245.3130073620996,1.0,-604.4339499730677,-5449.069297966741,3245.3130073620996,1.0,0.0,0.0,0.0,0.0
86468394,86468394,86468394,864683,-25421.65149702728,-228862.98985740755,136293.05104738165,42.0,-25421.65149702728,-228862.98985740755,136293.05104738165,42.0,0.0,0.0,0.0,0.0
86468399,86468399,8646839c,864683,-19983.257913674843,-179837.85025563993,107057.26570068221,33.0,-59939.32353832272,-539526.0858097784,321152.6889214515,99.0,0.0,0.0,0.0,0.0
8646839b,8646839b,8646839c,864683,-2421.024716769629,-21798.414294679507,12977.049860936173,4.0,-59939.32353832272,-539526.0858097784,321152.6889214515,99.0,0.0,0.0,0.0,0.0
8646839d,8646839d,8646839c,864683,-16944.996327941106,-152594.58534237184,90830.20463379975,28.0,-59939.32353832272,-539526.0858097784,321152.6889214515,99.0,0.0,0.0,0.0,0.0
8646839f,8646839f,8646839c,864683,-20590.044579937156,-185295.23591708703,110288.16872603339,34.0,-59939.32353832272,-539526.0858097784,321152.6889214515,99.0,0.0,0.0,0.0,0.0
864683b,864683b,864683b,864683,-14552.106087199718,-130790.47701580919,77857.46506910413,24.0,-14552.106087199718,-130790.47701580919,77857.46506910413,24.0,0.0,0.0,0.0,0.0
864683f,864683f,864683f,864683,-5446.819233127303,-49038.16028278358,29212.34293851103,9.0,-5446.819233127303,-49038.16028278358,29212.34293851103,9.0,0.0,0.0,0.0,0.0
864685,864685,864685,864685,-10841.173120017587,-98096.28179057463,58400.90221804341,18.0,-10841.173120017587,-98096.28179057463,58400.90221804341,18.0,-10841.173120017587,-98096.28179057463,58400.90221804341,18.0
864687,864687,864687,864687,-1203.2133332431606,-10894.803932200419,6497.270420908875,2.0,-1203.2133332431606,-10894.803932200419,6497.270420908875,2.0,-1203.2133332431606,-10894.803932200419,6497.270420908875,2.0
864694,864694,864694,864694,-1779.745369488377,-16368.846639341118,9705.719589635775,3.0,-1779.745369488377,-16368.846639341118,9705.719589635775,3.0,-1779.745369488377,-16368.846639341118,9705.719589635775,3.0
8646b,8646b,8646b,8646b,0.0,0.0,0.0,0.0,-46508.17650522746,-421493.0181462667,246650.13428839832,77.0,-46508.17650522746,-421493.0181462667,246650.13428839832,77.0
8646d,8646d,8646d,8646d,0.0,0.0,0.0,0.0,-33849.11091893928,-328620.3617466039,192316.0424029208,60.0,-33849.11091893928,-328620.3617466039,192316.0424029208,60.0
86471,86471,86471,86471,0.0,0.0,0.0,0.0,-32785.184001603426,-338126.7982299335,201549.20752903426,62.0,-32785.184001603426,-338126.7982299335,201549.20752903426,62.0
864724,864724,864724,86473,-2696.1781419125286,-27366.453431465703,16079.493371296083,5.0,-2696.1781419125286,-27366.453431465703,16079.493371296083,5.0,0.0,0.0,0.0,0.0
86472c,86472c,86472c,86473,-14048.497455983406,-142614.53326845713,83080.50384659975,26.0,-14048.497455983406,-142614.53326845713,83080.50384659975,26.0,0.0,0.0,0.0,0.0
864731,864731,864731,86473,-15323.378190836424,-158963.86780993416,92906.7123377849,29.0,-15323.378190836424,-158963.86780993416,92906.7123377849,29.0,0.0,0.0,0.0,0.0
864733,864733,864733,86473,-10091.564002099134,-104270.09974840895,60653.14827333153,19.0,-10091.564002099134,-104270.09974840895,60653.14827333153,19.0,0.0,0.0,0.0,0.0
864735,864735,864735,86473,0.0,0.0,0.0,0.0,-31310.697637232086,-329247.3600571361,191673.90731647745,60.0,0.0,0.0,0.0,0.0
864736c,864736c,864737,86473,-18877.170728055113,-197396.8816415435,115249.4779077514,36.0,-33016.059387151094,-345404.0478918352,201759.01181312784,63.0,0.0,0.0,0.0,0.0
8647374,8647374,864737,86473,-14138.88865909598,-148007.16625029178,86509.53390537639,27.0,-33016.059387151094,-345404.0478918352,201759.01181312784,63.0,0.0,0.0,0.0,0.0
86473c,86473c,86473c,86473,-8382.706544458537,-87613.62471396304,51425.20066994449,16.0,-8382.706544458537,-87613.62471396304,51425.20066994449,16.0,0.0,0.0,0.0,0.0
86475,86475,86475,86475,-22249.072832118214,-241252.75758055525,141008.2120999129,44.0,-22249.072832118214,-241252.75758055525,141008.2120999129,44.0,-22249.072832118214,-241252.75758055525,141008.2120999129,44.0
86477,86477,86477,86477,-490.2395650029412,-5462.27969112347,3242.363162035255,1.0,-490.2395650029412,-5462.27969112347,3242.363162035255,1.0,-490.2395650029412,-5462.27969112347,3242.363162035255,1.0
8647c,8647c,8647c,8647c,-14555.39106943511,-152084.39889162235,92087.24230066001,28.0,-14555.39106943511,-152084.39889162235,92087.24230066001,28.0,-14555.39106943511,-152084.39889162235,92087.24230066001,28.0
86484,86484,86484,8649,-14302.30069015459,-150677.30433483093,94410.96986507837,28.0,-14302.30069015459,-150677.30433483093,94410.96986507837,28.0,0.0,0.0,0.0,0.0
8648c,8648c,8648c,8649,0.0,0.0,0.0,0.0,0.0,0.0,0.0,0.0,0.0,0.0,0.0,0.0
86494,86494,86494,8649,0.0,0.0,0.0,0.0,0.0,0.0,0.0,0.0,0.0,0.0,0.0,0.0
8649c,8649c,8649c,8649,0.0,0.0,0.0,0.0,0.0,0.0,0.0,0.0,0.0,0.0,0.0,0.0
864a4,864a4,864a4,864b,0.0,0.0,0.0,0.0,-28890.611395884716,-301990.17160999647,199599.74235152453,57.0,0.0,0.0,0.0,0.0
864ac,864ac,864ac,864b,-10173.922180667169,-105285.50900527555,71044.01090538852,20.0,-10173.922180667169,-105285.50900527555,71044.01090538852,20.0,0.0,0.0,0.0,0.0
864b1,864b1,864b4,864b,-1076.8495415346156,-10538.440311728235,7081.008641411743,2.0,0.0,0.0,0.0,0.0,0.0,0.0,0.0,0.0
864b3,864b3,864b4,864b,0.0,0.0,0.0,0.0,0.0,0.0,0.0,0.0,0.0,0.0,0.0,0.0
864b5,864b5,864b4,864b,0.0,0.0,0.0,0.0,0.0,0.0,0.0,0.0,0.0,0.0,0.0,0.0
864b7,864b7,864b4,864b,0.0,0.0,0.0,0.0,0.0,0.0,0.0,0.0,0.0,0.0,0.0,0.0
864bc,864bc,864bc,864b,-24232.479211992377,-228074.47020128445,149813.29328715874,43.0,-24232.479211992377,-228074.47020128445,149813.29328715874,43.0,0.0,0.0,0.0,0.0
864c04,864c04,864c04,864c04,0.0,0.0,0.0,0.0,-46077.6930566567,-403557.2660225911,263561.17436113954,76.0,-46077.6930566567,-403557.2660225911,263561.17436113954,76.0
864c0c,864c0c,864c0c,864c0c,-3610.4487016990715,-31792.03006385068,20915.593140023957,6.0,-3610.4487016990715,-31792.03006385068,20915.593140023957,6.0,-3610.4487016990715,-31792.03006385068,20915.593140023957,6.0
864c11,864c11,864c14,864c14,-18461.122945662813,-158971.8584839177,104488.76664373717,30.0,0.0,0.0,0.0,0.0,-66770.77615331314,-572158.6889439535,376316.98534492217,108.0
864c13,864c13,864c14,864c14,-19679.577049668143,-169438.6259715966,111656.45811892967,32.0,0.0,0.0,0.0,0.0,-66770.77615331314,-572158.6889439535,376316.98534492217,108.0
864c15,864c15,864c14,864c14,-4969.839086218651,-42355.03952275727,27912.273489282125,8.0,0.0,0.0,0.0,0.0,-66770.77615331314,-572158.6889439535,376316.98534492217,108.0
864c17,864c17,864c14,864c14,-23660.237071763524,-201393.1649656819,132259.48709297323,38.0,0.0,0.0,0.0,0.0,-66770.77615331314,-572158.6889439535,376316.98534492217,108.0
864c184,864c184,864c19,864c19,-8125.089293112184,-68939.32544730457,45177.65024261882,13.0,-53650.194462838204,-456207.1772380446,298660.9975364599,86.0,-53650.194462838204,-456207.1772380446,298660.9975364599,86.0
864c18c,864c18c,864c19,864c19,-14394.826070213254,-122039.89529807019,79818.73045445165,23.0,-53650.194462838204,-456207.1772380446,298660.9975364599,86.0,-53650.194462838204,-456207.1772380446,298660.9975364599,86.0
864c194,864c194,864c19,864c19,-15568.793045292447,-132646.53380812687,86781.93391476276,25.0,-53650.194462838204,-456207.1772380446,298660.9975364599,86.0,-53650.194462838204,-456207.1772380446,298660.9975364599,86.0
864c19c,864c19c,864c19,864c19,-15561.486054220315,-132581.42268454298,86882.68292462661,25.0,-53650.194462838204,-456207.1772380446,298660.9975364599,86.0,-53650.194462838204,-456207.1772380446,298660.9975364599,86.0
864c1b,864c1b,864c1b,864c1b,-17241.38025773092,-148549.92847707664,97252.29135715244,28.0,-17241.38025773092,-148549.92847707664,97252.29135715244,28.0,-17241.38025773092,-148549.92847707664,97252.29135715244,28.0
864c1c4,864c1c4,864c1d,864c1d,-15455.884480733548,-132741.33937652648,86657.06428621913,25.0,0.0,0.0,0.0,0.0,-72860.44319312854,-626692.6292956321,408802.25834054494,118.0
864c1cc,864c1cc,864c1d,864c1d,-15363.489617617355,-132747.9774882207,86663.32723647913,25.0,0.0,0.0,0.0,0.0,-72860.44319312854,-626692.6292956321,408802.25834054494,118.0
864c1d4,864c1d4,864c1d,864c1d,-5529.436653046194,-47807.08767775379,31171.74035587071,9.0,0.0,0.0,0.0,0.0,-72860.44319312854,-626692.6292956321,408802.25834054494,118.0
864c1d9,864c1d9,864c1d,864c1d,-9268.821031637308,-79686.36428584547,51931.365349517975,15.0,0.0,0.0,0.0,0.0,-72860.44319312854,-626692.6292956321,408802.25834054494,118.0
864c1db,864c1db,864c1d,864c1d,-6175.435991369487,-53112.57475548713,34639.48090472958,10.0,0.0,0.0,0.0,0.0,-72860.44319312854,-626692.6292956321,408802.25834054494,118.0
864c1dd,864c1dd,864c1d,864c1d,-11149.220592812206,-95599.88133497842,62349.31681161931,18.0,0.0,0.0,0.0,0.0,-72860.44319312854,-626692.6292956321,408802.25834054494,118.0
864c1df,864c1df,864c1d,864c1d,-9918.154825912428,-84997.40437682022,55389.96339610908,16.0,0.0,0.0,0.0,0.0,-72860.44319312854,-626692.6292956321,408802.25834054494,118.0
864c1e1,864c1e1,864c1e4,864c1f,-13054.690668359379,-111556.016486512,72697.39240782942,21.0,-39852.377832574275,-339936.65510613215,221608.83184207464,64.0,0.0,0.0,0.0,0.0
864c1e3,864c1e3,864c1e4,864c1f,-9354.684904397636,-79677.6568857259,51929.328649123774,15.0,-39852.377832574275,-339936.65510613215,221608.83184207464,64.0,0.0,0.0,0.0,0.0
864c1e5,864c1e5,864c1e4,864c1f,-11850.233079697236,-100905.40662849785,65807.07773342964,19.0,-39852.377832574275,-339936.65510613215,221608.83184207464,64.0,0.0,0.0,0.0,0.0
864c1e7,864c1e7,864c1e4,864c1f,-5592.769180120033,-47797.57510539636,31175.03305169177,9.0,-39852.377832574275,-339936.65510613215,221608.83184207464,64.0,0.0,0.0,0.0,0.0
864c1e9,864c1e9,864c1ec,864c1f,-13666.834808439025,-116808.24050110385,76252.82123347251,22.0,-38579.33274150899,-329165.81825147243,214915.09892433035,62.0,0.0,0.0,0.0,0.0
864c1eb,864c1eb,864c1ec,864c1f,-3104.7400862437603,-26541.91595554377,17338.716944448228,5.0,-38579.33274150899,-329165.81825147243,214915.09892433035,62.0,0.0,0.0,0.0,0.0
864c1ed,864c1ed,864c1ec,864c1f,-6231.796864566551,-53080.33369029355,34678.78416462065,10.0,-38579.33274150899,-329165.81825147243,214915.09892433035,62.0,0.0,0.0,0.0,0.0
864c1ef,864c1ef,864c1ec,864c1f,-15575.960982259632,-132735.32810453125,86644.77658178892,25.0,-38579.33274150899,-329165.81825147243,214915.09892433035,62.0,0.0,0.0,0.0,0.0
864c1f4,864c1f4,864c1f4,864c1f,0.0,0.0,0.0,0.0,-35700.2697342108,-302580.06576470955,197602.85963299617,57.0,0.0,0.0,0.0,0.0
864c1fc,864c1fc,864c1fc,864c1f,-30069.158569161744,-254932.7605274814,166204.44339417643,48.0,-30069.158569161744,-254932.7605274814,166204.44339417643,48.0,0.0,0.0,0.0,0.0
864c201,864c201,864c204,864c204,-7553.505351420532,-63740.14493241172,41533.87564699344,12.0,-40353.115805570604,-339883.6036560262,221599.58557977597,64.0,-40353.115805570604,-339883.6036560262,221599.58557977597,64.0
864c203,864c203,864c204,864c204,-13222.862383934293,-111512.74797335314,72733.37373576325,21.0,-40353.115805570604,-339883.6036560262,221599.58557977597,64.0,-40353.115805570604,-339883.6036560262,221599.58557977597,64.0
864c205,864c205,864c204,864c204,-10101.34932073482,-84959.71421105036,55414.67628768805,16.0,-40353.115805570604,-339883.6036560262,221599.58557977597,64.0,-40353.115805570604,-339883.6036560262,221599.58557977597,64.0
864c207,864c207,864c204,864c204,-9475.398749480963,-79670.99653921099,51917.659909331225,15.0,-40353.115805570604,-339883.6036560262,221599.58557977597,64.0,-40353.115805570604,-339883.6036560262,221599.58557977597,64.0
864c209,864c209,864c20c,864c20c,-10138.930622102545,-84979.58897173849,55377.324878669875,16.0,-41276.413000479275,-345200.58476002817,224998.90997010202,65.0,-41276.413000479275,-345200.58476002817,224998.90997010202,65.0
864c20b,864c20b,864c20c,864c20c,-21619.356613570326,-180572.95704431264,117676.524982945,34.0,-41276.413000479275,-345200.58476002817,224998.90997010202,65.0,-41276.413000479275,-345200.58476002817,224998.90997010202,65.0
864c20d,864c20d,864c20c,864c20c,-5718.099459468661,-47789.26506388283,31165.035168251597,9.0,-41276.413000479275,-345200.58476002817,224998.90997010202,65.0,-41276.413000479275,-345200.58476002817,224998.90997010202,65.0
864c20f,864c20f,864c20c,864c20c,-3800.026305337736,-31858.773680094215,20780.02494023557,6.0,-41276.413000479275,-345200.58476002817,224998.90997010202,65.0,-41276.413000479275,-345200.58476002817,224998.90997010202,65.0
864c211,864c211,864c214,864c214,-7599.633163158145,-63703.95104594498,41580.963283313904,12.0,-38716.0821374188,-323775.92778675637,211434.79803329412,61.0,-38716.0821374188,-323775.92778675637,211434.79803329412,61.0
864c213,864c213,864c214,864c214,-10160.311193321284,-84933.99227377004,55443.319678293774,16.0,-38716.0821374188,-323775.92778675637,211434.79803329412,61.0,-38716.0821374188,-323775.92778675637,211434.79803329412,61.0
864c215,864c215,864c214,864c214,-16525.481865498343,-137986.11881358697,90141.06835228755,26.0,-38716.0821374188,-323775.92778675637,211434.79803329412,61.0,-38716.0821374188,-323775.92778675637,211434.79803329412,61.0
864c217,864c217,864c214,864c214,-4430.655915441028,-37151.86565345443,24269.446719398882,7.0,-38716.0821374188,-323775.92778675637,211434.79803329412,61.0,-38716.0821374188,-323775.92778675637,211434.79803329412,61.0
864c219,864c219,864c21c,864c21c,-6311.198516580253,-53075.65648956114,34671.58352361326,10.0,-57334.16572913203,-483066.7714800345,315409.2720408467,91.0,-57334.16572913203,-483066.7714800345,315409.2720408467,91.0
864c21b,864c21b,864c21c,864c21c,-14521.356409156777,-122101.68419325216,79701.2417567145,23.0,-57334.16572913203,-483066.7714800345,315409.2720408467,91.0,-57334.16572913203,-483066.7714800345,315409.2720408467,91.0
864c21d,864c21d,864c21c,864c21c,-21400.28045353759,-180505.48970272846,117819.99094264672,34.0,-57334.16572913203,-483066.7714800345,315409.2720408467,91.0,-57334.16572913203,-483066.7714800345,315409.2720408467,91.0
864c21f,864c21f,864c21c,864c21c,-15101.330349857399,-127383.94109449275,83216.45581787227,24.0,-57334.16572913203,-483066.7714800345,315409.2720408467,91.0,-57334.16572913203,-483066.7714800345,315409.2720408467,91.0
864c224,864c224,864c23,864c23,-17625.891470197486,-148559.91057260687,97168.1243509807,28.0,-56905.956172756596,-477355.3209449839,312522.75776811957,90.0,-56905.956172756596,-477355.3209449839,312522.75776811957,90.0
864c22c,864c22c,864c23,864c23,-6292.456263195305,-53025.4845796741,34751.66151872593,10.0,-56905.956172756596,-477355.3209449839,312522.75776811957,90.0,-56905.956172756596,-477355.3209449839,312522.75776811957,90.0
864c234,864c234,864c23,864c23,-19028.46369781459,-159062.07748170762,104249.45455718854,30.0,-56905.956172756596,-477355.3209449839,312522.75776811957,90.0,-56905.956172756596,-477355.3209449839,312522.75776811957,90.0
864c23c,864c23c,864c23,864c23,-13959.144741549213,-116707.84831099531,76353.51734122433,22.0,-56905.956172756596,-477355.3209449839,312522.75776811957,90.0,-56905.956172756596,-477355.3209449839,312522.75776811957,90.0
864c244,864c244,864c25,864c25,-11484.26204232193,-95482.41924310842,62468.37920964635,18.0,0.0,0.0,0.0,0.0,-76135.98666845105,-631069.2071004659,413214.5554968532,119.0
864c24c,864c24c,864c25,864c25,-20388.650380100407,-169664.7749567902,111184.8520001424,32.0,0.0,0.0,0.0,0.0,-76135.98666845105,-631069.2071004659,413214.5554968532,119.0
864c254,864c254,864c25,864c25,-21809.191401354576,-180260.06243906298,118120.36417859151,34.0,0.0,0.0,0.0,0.0,-76135.98666845105,-631069.2071004659,413214.5554968532,119.0
864c25c,864c25c,864c25,864c25,-22453.882844674124,-185661.95046150414,121440.96010847298,35.0,0.0,0.0,0.0,0.0,-76135.98666845105,-631069.2071004659,413214.5554968532,119.0
864c264,864c264,864c264,864c27,-28245.82671688898,-233517.64261986778,152490.78778296465,44.0,-28245.82671688898,-233517.64261986778,152490.78778296465,44.0,0.0,0.0,0.0,0.0
864c26c,864c26c,864c26c,864c27,-27421.110490634026,-228223.54784982064,149038.72466198733,43.0,-27421.110490634026,-228223.54784982064,149038.72466198733,43.0,0.0,0.0,0.0,0.0
864c271,864c271,864c274,864c27,-13427.714838333104,-111497.62153024573,72719.03193092874,21.0,-46618.22632426256,-387642.29814057186,252711.22950304078,73.0,0.0,0.0,0.0,0.0
864c273,864c273,864c274,864c27,-11470.559041775114,-95574.96193274643,62329.22836726941,18.0,-46618.22632426256,-387642.29814057186,252711.22950304078,73.0,0.0,0.0,0.0,0.0
864c275,864c275,864c274,864c27,-8287.457350558076,-69041.26332295018,44992.11238563562,13.0,-46618.22632426256,-387642.29814057186,252711.22950304078,73.0,0.0,0.0,0.0,0.0
864c277,864c277,864c274,864c27,-13432.495093596277,-111528.4513546295,72670.856819207,21.0,-46618.22632426256,-387642.29814057186,252711.22950304078,73.0,0.0,0.0,0.0,0.0
864c27c,864c27c,864c27c,864c27,-28892.861868669013,-238938.72222088245,155781.04218385764,45.0,-28892.861868669013,-238938.72222088245,155781.04218385764,45.0,0.0,0.0,0.0,0.0
864c284,864c284,864c284,864c29,0.0,0.0,0.0,0.0,-36233.99532555228,-297327.5269580514,193837.2925102886,56.0,-111541.8886819161,-913031.6112398107,595599.3486177615,172.0
864c28c,864c28c,864c28c,864c29,-21333.169071682398,-175127.9477055715,114356.18118335816,33.0,-21333.169071682398,-175127.9477055715,114356.18118335816,33.0,-111541.8886819161,-913031.6112398107,595599.3486177615,172.0
864c294,864c294,864c294,864c29,-22109.557501739266,-180417.41915922295,117823.90794345307,34.0,-22109.557501739266,-180417.41915922295,117823.90794345307,34.0,-111541.8886819161,-913031.6112398107,595599.3486177615,172.0
864c29c,864c29c,864c29c,864c29,-31865.166782942175,-260158.71741696485,169581.9669806617,49.0,-31865.166782942175,-260158.71741696485,169581.9669806617,49.0,-111541.8886819161,-913031.6112398107,595599.3486177615,172.0
864c2a3,864c2a3,864c2a4,864c2b,-4570.083264616004,-37155.15955949794,24238.530249103573,7.0,-44562.3296648144,-361000.98618274374,235328.48559501063,68.0,0.0,0.0,0.0,0.0
864c2a5,864c2a5,864c2a4,864c2b,-9178.143722424262,-74317.48230692209,48458.90053551033,14.0,-44562.3296648144,-361000.98618274374,235328.48559501063,68.0,0.0,0.0,0.0,0.0
864c2a7,864c2a7,864c2a4,864c2b,-30160.65309238078,-244218.36312178668,159171.74035769238,46.0,-44562.3296648144,-361000.98618274374,235328.48559501063,68.0,0.0,0.0,0.0,0.0
864c2ac,864c2ac,864c2ac,864c2b,-20411.547648501026,-164568.75630655428,107271.81543086917,31.0,-20411.547648501026,-164568.75630655428,107271.81543086917,31.0,0.0,0.0,0.0,0.0
864c2b4,864c2b4,864c2b4,864c2b,0.0,0.0,0.0,0.0,-37518.28450557569,-302430.5865632719,197494.85091103293,57.0,0.0,0.0,0.0,0.0
864c2bc,864c2bc,864c2bc,864c2b,-30089.204261519608,-244078.4557641906,159399.6804546135,46.0,-30089.204261519608,-244078.4557641906,159399.6804546135,46.0,0.0,0.0,0.0,0.0
864c2c4,864c2c4,864c2c4,864c2d,-24848.97563670113,-201513.75789453476,131857.2425342057,38.0,-24848.97563670113,-201513.75789453476,131857.2425342057,38.0,-92312.37382136432,-747524.5775511097,489540.6624816149,141.0
864c2cc,864c2cc,864c2cc,864c2d,-12507.486253853242,-100763.60905964991,65902.63919184158,19.0,-12507.486253853242,-100763.60905964991,65902.63919184158,19.0,-92312.37382136432,-747524.5775511097,489540.6624816149,141.0
864c2d4,864c2d4,864c2d4,864c2d,-11834.756860261507,-95410.69326069238,62512.53431634851,18.0,-11834.756860261507,-95410.69326069238,62512.53431634851,18.0,-92312.37382136432,-747524.5775511097,489540.6624816149,141.0
864c2d9,864c2d9,864c2dc,864c2d,-12435.53160603097,-100700.1111343217,66013.2247577993,19.0,-43121.15507054845,-349836.5173362326,229268.2464392191,66.0,-92312.37382136432,-747524.5775511097,489540.6624816149,141.0
864c2db,864c2db,864c2dc,864c2d,-7194.727576899411,-58315.025518921255,38196.25325388397,11.0,-43121.15507054845,-349836.5173362326,229268.2464392191,66.0,-92312.37382136432,-747524.5775511097,489540.6624816149,141.0
864c2dd,864c2dd,864c2dc,864c2d,-9787.324265355477,-79520.71003632722,52089.914896493094,15.0,-43121.15507054845,-349836.5173362326,229268.2464392191,66.0,-92312.37382136432,-747524.5775511097,489540.6624816149,141.0
864c2df,864c2df,864c2dc,864c2d,-13703.57162226259,-111300.67064666249,72968.85353104277,21.0,-43121.15507054845,-349836.5173362326,229268.2464392191,66.0,-92312.37382136432,-747524.5775511097,489540.6624816149,141.0
864c2e4,864c2e4,864c2f,864c2f,-30557.158430266187,-249165.80220459602,163234.25316629178,47.0,-64271.615780957014,-524939.146232564,343697.7355993998,99.0,-64271.615780957014,-524939.146232564,343697.7355993998,99.0
864c2ec,864c2ec,864c2f,864c2f,-19503.604826219304,-159102.15963904065,104100.37243169252,30.0,-64271.615780957014,-524939.146232564,343697.7355993998,99.0,-64271.615780957014,-524939.146232564,343697.7355993998,99.0
864c2f4,864c2f4,864c2f,864c2f,-10339.759875748308,-84859.7912261908,55523.70149155133,16.0,-64271.615780957014,-524939.146232564,343697.7355993998,99.0,-64271.615780957014,-524939.146232564,343697.7355993998,99.0
864c2fc,864c2fc,864c2f,864c2f,-3871.092648723215,-31811.39316273657,20839.40850986424,6.0,-64271.615780957014,-524939.146232564,343697.7355993998,99.0,-64271.615780957014,-524939.146232564,343697.7355993998,99.0
864c31,864c31,864c31,864c34,-10348.830592798646,-84752.42005047406,55685.738318128104,16.0,-10348.830592798646,-84752.42005047406,55685.738318128104,16.0,-121746.21253930472,-984938.0797464043,647546.6238042086,186.0
864c324,864c324,864c33,864c34,-26129.83316785559,-211934.0974924973,139085.4824863334,40.0,0.0,0.0,0.0,0.0,-121746.21253930472,-984938.0797464043,647546.6238042086,186.0
864c32c,864c32c,864c33,864c34,-17101.40187625926,-137740.2492204598,90409.27412858952,26.0,0.0,0.0,0.0,0.0,-121746.21253930472,-984938.0797464043,647546.6238042086,186.0
864c334,864c334,864c33,864c34,-24307.78119922204,-195886.98948872436,128859.57091592414,37.0,0.0,0.0,0.0,0.0,-121746.21253930472,-984938.0797464043,647546.6238042086,186.0
864c33c,864c33c,864c33,864c34,-10454.004865520363,-84722.49952306456,55711.650885868716,16.0,0.0,0.0,0.0,0.0,-121746.21253930472,-984938.0797464043,647546.6238042086,186.0
864c35,864c35,864c35,864c34,-26942.34312546127,-216980.280216009,142916.1633610262,41.0,-26942.34312546127,-216980.280216009,142916.1633610262,41.0,-121746.21253930472,-984938.0797464043,647546.6238042086,186.0
864c37,864c37,864c37,864c34,-6462.017712187544,-52921.54375517519,34878.74370833854,10.0,-6462.017712187544,-52921.54375517519,34878.74370833854,10.0,-121746.21253930472,-984938.0797464043,647546.6238042086,186.0
864c39,864c39,864c39,864c3c,-21710.475639145596,-179958.86025093778,118596.80573363614,34.0,-21710.475639145596,-179958.86025093778,118596.80573363614,34.0,0.0,0.0,0.0,0.0
864c3a4,864c3a4,864c3b,864c3c,-5760.979384475301,-47671.96354406638,31336.31881290019,9.0,-43361.608425166254,-360257.1646171509,236688.58484399485,68.0,0.0,0.0,0.0,0.0
864c3ac,864c3ac,864c3b,864c3c,-10882.911090103204,-90099.31014635637,59111.03818761862,17.0,-43361.608425166254,-360257.1646171509,236688.58484399485,68.0,0.0,0.0,0.0,0.0
864c3b4,864c3b4,864c3b,864c3c,-7644.263729684951,-63595.03276387365,41739.20197115795,12.0,-43361.608425166254,-360257.1646171509,236688.58484399485,68.0,0.0,0.0,0.0,0.0
864c3bc,864c3bc,864c3b,864c3c,-19073.4542209028,-158890.85816285445,104502.02587231806,30.0,-43361.608425166254,-360257.1646171509,236688.58484399485,68.0,0.0,0.0,0.0,0.0
864c3c4,864c3c4,864c3d,864c3c,-12676.172189600415,-105933.51494738445,69665.66931314698,20.0,-51191.53350771552,-429199.44465035136,281915.8433874431,81.0,0.0,0.0,0.0,0.0
864c3cc,864c3cc,864c3d,864c3c,-20278.4015582794,-169594.20608551204,111312.60627131637,32.0,-51191.53350771552,-429199.44465035136,281915.8433874431,81.0,0.0,0.0,0.0,0.0
864c3d4,864c3d4,864c3d,864c3c,-11943.587821457351,-100692.24964713585,66115.9668161163,19.0,-51191.53350771552,-429199.44465035136,281915.8433874431,81.0,0.0,0.0,0.0,0.0
864c3dc,864c3dc,864c3d,864c3c,-6293.371938378353,-52979.47397031907,34821.600986863414,10.0,-51191.53350771552,-429199.44465035136,281915.8433874431,81.0,0.0,0.0,0.0,0.0
864c3f,864c3f,864c3f,864c3c,-18277.36575593259,-153487.86466082864,101209.62638034462,29.0,-18277.36575593259,-153487.86466082864,101209.62638034462,29.0,0.0,0.0,0.0,0.0
864c5,864c5,864c5,864c5,0.0,0.0,0.0,0.0,-42864.140013574746,-348634.39762036153,231139.2974384856,66.0,-42864.140013574746,-348634.39762036153,231139.2974384856,66.0
864c7,864c7,864c7,864c7,0.0,0.0,0.0,0.0,-31101.365280397185,-269404.1694088004,178962.23454848691,51.0,-31101.365280397185,-269404.1694088004,178962.23454848691,51.0
864c9,864c9,864cc,864cc,0.0,0.0,0.0,0.0,0.0,0.0,0.0,0.0,0.0,0.0,0.0,0.0
864cb,864cb,864cc,864cc,0.0,0.0,0.0,0.0,0.0,0.0,0.0,0.0,0.0,0.0,0.0,0.0
864cd,864cd,864cc,864cc,0.0,0.0,0.0,0.0,0.0,0.0,0.0,0.0,0.0,0.0,0.0,0.0
864cf,864cf,864cc,864cc,-9694.606215045505,-78704.72235853468,53331.52903275661,15.0,0.0,0.0,0.0,0.0,0.0,0.0,0.0,0.0
864d1,864d1,864d1,864d4,0.0,0.0,0.0,0.0,0.0,0.0,0.0,0.0,0.0,0.0,0.0,0.0
864d24,864d24,864d3,864d4,0.0,0.0,0.0,0.0,0.0,0.0,0.0,0.0,0.0,0.0,0.0,0.0
864d284,864d284,864d3,864d4,-13708.213502294073,-109867.58944516578,75108.43707501645,21.0,0.0,0.0,0.0,0.0,0.0,0.0,0.0,0.0
864d28c,864d28c,864d3,864d4,-19043.608985228042,-151718.91656421285,103704.8278090175,29.0,0.0,0.0,0.0,0.0,0.0,0.0,0.0,0.0
864d294,864d294,864d3,864d4,0.0,0.0,0.0,0.0,0.0,0.0,0.0,0.0,0.0,0.0,0.0,0.0
864d29c,864d29c,864d3,864d4,0.0,0.0,0.0,0.0,0.0,0.0,0.0,0.0,0.0,0.0,0.0,0.0
864d2f,864d2f,864d3,864d4,0.0,0.0,0.0,0.0,0.0,0.0,0.0,0.0,0.0,0.0,0.0,0.0
864d5,864d5,864d5,864d4,0.0,0.0,0.0,0.0,-61008.35056062521,-465017.03581341443,318666.5557267287,89.0,0.0,0.0,0.0,0.0
864d7,864d7,864d7,864d4,-2830.14595147853,-21010.82777757478,14141.071212399487,4.0,-2830.14595147853,-21010.82777757478,14141.071212399487,4.0,0.0,0.0,0.0,0.0
864d9,864d9,864d9,864d9,-9144.49170747606,-68642.79165508927,45433.43154240712,13.0,-9144.49170747606,-68642.79165508927,45433.43154240712,13.0,-9144.49170747606,-68642.79165508927,45433.43154240712,13.0
864db,864db,864db,864db,0.0,0.0,0.0,0.0,-58863.59535363935,-465009.94075379876,307614.8164742037,88.0,-58863.59535363935,-465009.94075379876,307614.8164742037,88.0
864dc4,864dc4,864dc4,864dc4,-1354.5746464420613,-10585.049697520404,6962.807262329947,2.0,-1354.5746464420613,-10585.049697520404,6962.807262329947,2.0,-1354.5746464420613,-10585.049697520404,6962.807262329947,2.0
864dc9,864dc9,864dc9,864dcc,-6674.501714160239,-52894.86608851006,34879.19907717424,10.0,-6674.501714160239,-52894.86608851006,34879.19907717424,10.0,0.0,0.0,0.0,0.0
864dca1,864dca1,864dca4,864dcc,-10635.239951446463,-84607.6816611363,55851.66517935452,16.0,-65673.17305687202,-523569.6173986343,345517.0649933185,99.0,0.0,0.0,0.0,0.0
864dca3,864dca3,864dca4,864dcc,-2658.651197779561,-21155.82415518231,13957.031307546371,4.0,-65673.17305687202,-523569.6173986343,345517.0649933185,99.0,0.0,0.0,0.0,0.0
864dca5,864dca5,864dca4,864dcc,-15910.60062129884,-126943.89491569664,83736.47810413087,24.0,-65673.17305687202,-523569.6173986343,345517.0649933185,99.0,0.0,0.0,0.0,0.0
864dca7,864dca7,864dca4,864dcc,0.0,0.0,0.0,0.0,-65673.17305687202,-523569.6173986343,345517.0649933185,99.0,0.0,0.0,0.0,0.0
864dca9,864dca9,864dcac,864dcc,0.0,0.0,0.0,0.0,-54871.48661446177,-438981.8816013089,289666.7427950741,83.0,0.0,0.0,0.0,0.0
864dcab,864dcab,864dcac,864dcc,-8571.10427048061,-68757.56798464527,45371.81078433684,13.0,-54871.48661446177,-438981.8816013089,289666.7427950741,83.0,0.0,0.0,0.0,0.0
864dcad,864dcad,864dcac,864dcc,-3955.5835993935075,-31740.104737847545,20932.037438101994,6.0,-54871.48661446177,-438981.8816013089,289666.7427950741,83.0,0.0,0.0,0.0,0.0
864dcaf,864dcaf,864dcac,864dcc,-7276.299651863189,-58187.23666026679,38375.26525608703,11.0,-54871.48661446177,-438981.8816013089,289666.7427950741,83.0,0.0,0.0,0.0,0.0
864dcb4,864dcb4,864dcb4,864dcc,-23760.47529431045,-190513.2224011571,125476.95703481084,36.0,-23760.47529431045,-190513.2224011571,125476.95703481084,36.0,0.0,0.0,0.0,0.0
864dcbc,864dcbc,864dcbc,864dcc,-9296.265147996874,-74084.64967878684,48791.75201281846,14.0,-9296.265147996874,-74084.64967878684,48791.75201281846,14.0,0.0,0.0,0.0,0.0
864dcd,864dcd,864dcd,864dcc,-25808.306870546778,-206515.5826642661,135728.54971550722,39.0,-25808.306870546778,-206515.5826642661,135728.54971550722,39.0,0.0,0.0,0.0,0.0
864dcf,864dcf,864dcf,864dcc,-6035.602968890213,-47656.690538719115,31307.831161461225,9.0,-6035.602968890213,-47656.690538719115,31307.831161461225,9.0,0.0,0.0,0.0,0.0
864dd1,864dd1,864dd1,864dd4,-16120.51934922557,-127232.36274773157,83257.11739944268,24.0,-16120.51934922557,-127232.36274773157,83257.11739944268,24.0,0.0,0.0,0.0,0.0
864dd3,864dd3,864dd3,864dd4,-27905.32794612722,-222675.4744400585,145730.0043503826,42.0,-27905.32794612722,-222675.4744400585,145730.0043503826,42.0,0.0,0.0,0.0,0.0
864dd5,864dd5,864dd5,864dd4,0.0,0.0,0.0,0.0,-37157.45760606161,-297178.593508129,193890.76223103516,56.0,0.0,0.0,0.0,0.0
864dd64,864dd64,864dd7,864dd4,-15416.985585426357,-122076.66648793551,79571.23754580083,23.0,-65246.28030576267,-514742.29523760854,335696.53478647274,97.0,0.0,0.0,0.0,0.0
864dd6c,864dd6c,864dd7,864dd4,-9371.709624449673,-74264.4906358069,48503.06856285451,14.0,-65246.28030576267,-514742.29523760854,335696.53478647274,97.0,0.0,0.0,0.0,0.0
864dd74,864dd74,864dd7,864dd4,-8089.973866854298,-63655.26154511352,41563.013988318264,12.0,-65246.28030576267,-514742.29523760854,335696.53478647274,97.0,0.0,0.0,0.0,0.0
864dd7c,864dd7c,864dd7,864dd4,-32367.611229032344,-254745.87656875263,166059.2146894991,48.0,-65246.28030576267,-514742.29523760854,335696.53478647274,97.0,0.0,0.0,0.0,0.0
864dd9,864dd9,864dd9,864ddc,-27896.27029652454,-217514.76312384792,141917.16573623323,41.0,-27896.27029652454,-217514.76312384792,141917.16573623323,41.0,0.0,0.0,0.0,0.0
864dda4,864dda4,864ddb,864ddc,-7464.620020534151,-58318.23274274372,38139.51928122883,11.0,0.0,0.0,0.0,0.0,0.0,0.0,0.0,0.0
864dda9,864dda9,864ddb,864ddc,-676.7858814639434,-5298.733827715841,3472.050377420861,1.0,0.0,0.0,0.0,0.0,0.0,0.0,0.0,0.0
864ddab4,864ddab4,864ddb,864ddc,0.0,0.0,0.0,0.0,0.0,0.0,0.0,0.0,0.0,0.0,0.0,0.0
864ddabc,864ddabc,864ddb,864ddc,-8122.698032831967,-63577.4344288031,41675.605012142296,12.0,0.0,0.0,0.0,0.0,0.0,0.0,0.0,0.0
864ddaf,864ddaf,864ddb,864ddc,-1356.9421057564207,-10597.70600987372,6943.078921597422,2.0,0.0,0.0,0.0,0.0,0.0,0.0,0.0,0.0
864ddb4,864ddb4,864ddb,864ddc,-5451.310760979242,-42384.060714391526,27778.02464293735,8.0,0.0,0.0,0.0,0.0,0.0,0.0,0.0,0.0
864ddbc,864ddbc,864ddb,864ddc,-17011.917734707666,-132516.98940746184,86708.92287863465,25.0,0.0,0.0,0.0,0.0,0.0,0.0,0.0,0.0
864ddd,864ddd,864ddd,864ddc,-13061.983222059669,-100678.35953549795,65925.32180693652,19.0,-13061.983222059669,-100678.35953549795,65925.32180693652,19.0,0.0,0.0,0.0,0.0
864ddf,864ddf,864ddf,864ddc,-20628.9394086155,-159132.0880386994,103837.34306340969,30.0,-20628.9394086155,-159132.0880386994,103837.34306340969,30.0,0.0,0.0,0.0,0.0
864df,864df,864df,864df,0.0,0.0,0.0,0.0,-35782.15190566084,-270000.52409220923,177180.0644741664,51.0,-35782.15190566084,-270000.52409220923,177180.0644741664,51.0
864e1,864e1,864e1,864e1,0.0,0.0,0.0,0.0,-64681.62019800648,-488854.7852648063,316839.500270405,92.0,-64681.62019800648,-488854.7852648063,316839.500270405,92.0
864e3,864e3,864e3,864e3,-10832.922722027482,-80039.8800622322,51077.56323797068,15.0,-10832.922722027482,-80039.8800622322,51077.56323797068,15.0,-10832.922722027482,-80039.8800622322,51077.56323797068,15.0
864e5,864e5,864e5,864e5,-27224.67226326116,-213473.78988973307,136496.04863182694,40.0,-27224.67226326116,-213473.78988973307,136496.04863182694,40.0,-27224.67226326116,-213473.78988973307,136496.04863182694,40.0
864e61,864e61,864e64,864e64,-5994.21992352413,-47953.19637595041,30859.839317010134,9.0,-60274.25160836805,-479058.50638886564,309267.93322537,90.0,-60274.25160836805,-479058.50638886564,309267.93322537,90.0
864e63,864e63,864e64,864e64,-26652.004716435236,-212878.58628267888,137535.33450732502,40.0,-60274.25160836805,-479058.50638886564,309267.93322537,90.0,-60274.25160836805,-479058.50638886564,309267.93322537,90.0
864e65,864e65,864e64,864e64,-21529.14234935218,-170304.62867915188,109985.11832555404,32.0,-60274.25160836805,-479058.50638886564,309267.93322537,90.0,-60274.25160836805,-479058.50638886564,309267.93322537,90.0
864e67,864e67,864e64,864e64,-6098.884619056509,-47922.09505108447,30887.641075480824,9.0,-60274.25160836805,-479058.50638886564,309267.93322537,90.0,-60274.25160836805,-479058.50638886564,309267.93322537,90.0
864e6c,864e6c,864e6c,864e6c,0.0,0.0,0.0,0.0,-61127.377386792614,-473667.8549287846,305635.88863319956,89.0,-61127.377386792614,-473667.8549287846,305635.88863319956,89.0
864e704,864e704,864e704,864e704,-4753.840227661902,-37217.182208695565,24107.678301046824,7.0,-4753.840227661902,-37217.182208695565,24107.678301046824,7.0,-4753.840227661902,-37217.182208695565,24107.678301046824,7.0
864e70c,864e70c,864e70c,864e70c,-6795.537440792182,-53139.86307049173,34481.16511361707,10.0,-6795.537440792182,-53139.86307049173,34481.16511361707,10.0,-6795.537440792182,-53139.86307049173,34481.16511361707,10.0
864e7104,864e7104,864e711,864e714,-2729.9898600737015,-21261.973422125066,13780.845040513435,4.0,-51928.742799664426,-403920.1291104669,261912.86045260768,76.0,0.0,0.0,0.0,0.0
864e710c,864e710c,864e711,864e714,-4099.911233688435,-31892.813518267518,20670.517140743315,6.0,-51928.742799664426,-403920.1291104669,261912.86045260768,76.0,0.0,0.0,0.0,0.0
864e7111,864e7111,864e711,864e714,-682.985323235529,-5314.843623838365,3446.1168627989064,1.0,-51928.742799664426,-403920.1291104669,261912.86045260768,76.0,0.0,0.0,0.0,0.0
864e7113,864e7113,864e711,864e714,-3417.738124253952,-26574.08808012206,17230.227383819394,5.0,-51928.742799664426,-403920.1291104669,261912.86045260768,76.0,0.0,0.0,0.0,0.0
864e7115,864e7115,864e711,864e714,-32804.98615924525,-255100.6440676727,165427.5835778822,48.0,-51928.742799664426,-403920.1291104669,261912.86045260768,76.0,0.0,0.0,0.0,0.0
864e7117,864e7117,864e711,864e714,-6828.919193747677,-53146.00095197976,34465.10921396431,10.0,-51928.742799664426,-403920.1291104669,261912.86045260768,76.0,0.0,0.0,0.0,0.0
864e711c,864e711c,864e711,864e714,-1364.212905419878,-10629.765446461482,6892.461232886096,2.0,-51928.742799664426,-403920.1291104669,261912.86045260768,76.0,0.0,0.0,0.0,0.0
864e713,864e713,864e713,864e714,-18447.659963374244,-143480.41150541822,93075.1578369605,27.0,-18447.659963374244,-143480.41150541822,93075.1578369605,27.0,0.0,0.0,0.0,0.0
864e7144,864e7144,864e715,864e714,-29403.39160115963,-228506.9883826947,148224.32409155095,43.0,-39677.701662766456,-308214.52144761017,199933.53038831727,58.0,0.0,0.0,0.0,0.0
864e714c,864e714c,864e715,864e714,-1368.3294508816139,-10626.618953702999,6896.495968632184,2.0,-39677.701662766456,-308214.52144761017,199933.53038831727,58.0,0.0,0.0,0.0,0.0
864e715c,864e715c,864e715,864e714,-7535.95007079966,-58454.54839422621,37916.16197642081,11.0,-39677.701662766456,-308214.52144761017,199933.53038831727,58.0,0.0,0.0,0.0,0.0
864e717,864e717,864e717,864e714,0.0,0.0,0.0,0.0,-34908.759643666504,-271053.6502369608,175741.976712002,51.0,0.0,0.0,0.0,0.0
864e71c,864e71c,864e71c,864e71c,-27353.34256849552,-212673.88567891676,137714.2491497932,40.0,-27353.34256849552,-212673.88567891676,137714.2491497932,40.0,-27353.34256849552,-212673.88567891676,137714.2491497932,40.0
864e724,864e724,864e724,864e73,0.0,0.0,0.0,0.0,-39161.639910635524,-303025.22860427515,196260.4762254488,57.0,-134030.15250873793,-1036426.5827536009,671774.4879261807,195.0
864e72c,864e72c,864e72c,864e73,-5531.6027273779,-42531.000181537944,27536.510469463363,8.0,-5531.6027273779,-42531.000181537944,27536.510469463363,8.0,-134030.15250873793,-1036426.5827536009,671774.4879261807,195.0
864e734,864e734,864e734,864e73,-6920.2882026951975,-53139.41417821078,34457.03491216216,10.0,-6920.2882026951975,-53139.41417821078,34457.03491216216,10.0,-134030.15250873793,-1036426.5827536009,671774.4879261807,195.0
864e73b,864e73b,864e73c,864e73,-2068.0008970894783,-15944.729256706009,10334.251756902162,3.0,0.0,0.0,0.0,0.0,-134030.15250873793,-1036426.5827536009,671774.4879261807,195.0
864e73c4,864e73c4,864e73c,864e73,-28167.455169568668,-217886.16005575692,141292.5702503567,41.0,0.0,0.0,0.0,0.0,-134030.15250873793,-1036426.5827536009,671774.4879261807,195.0
864e73cc,864e73cc,864e73c,864e73,-23360.021451090455,-180706.0649383721,117138.30298802833,34.0,0.0,0.0,0.0,0.0,-134030.15250873793,-1036426.5827536009,671774.4879261807,195.0
864e73d4,864e73d4,864e73c,864e73,-3433.0169864227278,-26575.372419708387,17225.208259706746,5.0,0.0,0.0,0.0,0.0,-134030.15250873793,-1036426.5827536009,671774.4879261807,195.0
864e73dc,864e73dc,864e73c,864e73,-13722.523818147956,-106287.07415183962,68924.96932193328,20.0,0.0,0.0,0.0,0.0,-134030.15250873793,-1036426.5827536009,671774.4879261807,195.0
864e73f,864e73f,864e73c,864e73,-11665.603345710048,-90331.53896719395,58605.163742179204,17.0,0.0,0.0,0.0,0.0,-134030.15250873793,-1036426.5827536009,671774.4879261807,195.0
864e75,864e75,864e75,864e75,0.0,0.0,0.0,0.0,-47494.726513311296,-366329.6020737257,238316.23524337253,69.0,-47494.726513311296,-366329.6020737257,238316.23524337253,69.0
864e764,864e764,864e764,864e77,-11604.753177981915,-90247.9691952491,58745.82146930023,17.0,-11604.753177981915,-90247.9691952491,58745.82146930023,17.0,-92809.46341545015,-722292.89892336,469496.6824700978,136.0
864e769,864e769,864e76c,864e77,-3425.659358332223,-26553.137779523415,17260.925397188825,5.0,-49292.330398323254,-382457.88791161485,248422.02721703216,72.0,-92809.46341545015,-722292.89892336,469496.6824700978,136.0
864e76a4,864e76a4,864e76c,864e77,0.0,0.0,0.0,0.0,-49292.330398323254,-382457.88791161485,248422.02721703216,72.0,-92809.46341545015,-722292.89892336,469496.6824700978,136.0
864e76ac,864e76ac,864e76c,864e77,-3424.9426918556815,-26561.77464958473,17247.774260263763,5.0,-49292.330398323254,-382457.88791161485,248422.02721703216,72.0,-92809.46341545015,-722292.89892336,469496.6824700978,136.0
864e76b4,864e76b4,864e76c,864e77,-2051.655011483822,-15937.904605374075,10348.028124272136,3.0,-49292.330398323254,-382457.88791161485,248422.02721703216,72.0,-92809.46341545015,-722292.89892336,469496.6824700978,136.0
864e76d,864e76d,864e76c,864e77,-3411.565700923815,-26562.013572009484,17250.057161401022,5.0,-49292.330398323254,-382457.88791161485,248422.02721703216,72.0,-92809.46341545015,-722292.89892336,469496.6824700978,136.0
864e76f,864e76f,864e76c,864e77,-1364.9968179765474,-10622.415792429474,6903.627856992034,2.0,-49292.330398323254,-382457.88791161485,248422.02721703216,72.0,-92809.46341545015,-722292.89892336,469496.6824700978,136.0
864e774,864e774,864e774,864e77,-10870.240923881498,-84998.09832367668,55209.93675830662,16.0,-10870.240923881498,-84998.09832367668,55209.93675830662,16.0,-92809.46341545015,-722292.89892336,469496.6824700978,136.0
864e77c,864e77c,864e77c,864e77,-21042.13891526349,-164588.94349281953,107118.89702545878,31.0,-21042.13891526349,-164588.94349281953,107118.89702545878,31.0,-92809.46341545015,-722292.89892336,469496.6824700978,136.0
864e784,864e784,864e79,864e79,-11475.327026015224,-90257.97983680274,58755.86638052967,17.0,0.0,0.0,0.0,0.0,-69202.24255763205,-546995.3986023098,355842.17999861867,103.0
864e78c,864e78c,864e79,864e79,0.0,0.0,0.0,0.0,0.0,0.0,0.0,0.0,-69202.24255763205,-546995.3986023098,355842.17999861867,103.0
864e794,864e794,864e79,864e79,-16103.520543608194,-127504.71613791281,82842.7414637902,24.0,0.0,0.0,0.0,0.0,-69202.24255763205,-546995.3986023098,355842.17999861867,103.0
864e79c,864e79c,864e79,864e79,-4046.5568160289567,-31875.95448791465,20707.002850888304,6.0,0.0,0.0,0.0,0.0,-69202.24255763205,-546995.3986023098,355842.17999861867,103.0
864e7b,864e7b,864e7b,864e7b,-18864.96387602883,-148839.9514447508,96504.61152263978,28.0,-18864.96387602883,-148839.9514447508,96504.61152263978,28.0,-18864.96387602883,-148839.9514447508,96504.61152263978,28.0
864e7c4,864e7c4,864e7d,864e7d,-12667.840967487109,-101010.8060935117,65492.30594977023,19.0,0.0,0.0,0.0,0.0,-86976.94778372464,-696577.919116735,451414.2332062541,131.0
864e7cc,864e7cc,864e7d,864e7d,-6675.172903363788,-53184.63316892174,34435.62112472447,10.0,0.0,0.0,0.0,0.0,-86976.94778372464,-696577.919116735,451414.2332062541,131.0
864e7d4,864e7d4,864e7d,864e7d,-31851.106202889026,-255286.07167233955,165327.89988980614,48.0,0.0,0.0,0.0,0.0,-86976.94778372464,-696577.919116735,451414.2332062541,131.0
864e7dc,864e7dc,864e7d,864e7d,0.0,0.0,0.0,0.0,0.0,0.0,0.0,0.0,-86976.94778372464,-696577.919116735,451414.2332062541,131.0
864e7e4,864e7e4,864e7f,864e7f,-7950.894084635779,-63764.5865841762,41422.03221151043,12.0,0.0,0.0,0.0,0.0,-71051.14595377009,-568331.76245428,369679.19646294817,107.0
864e7ec,864e7ec,864e7f,864e7f,-8666.874942160739,-69065.05005584564,44883.98554561489,13.0,0.0,0.0,0.0,0.0,-71051.14595377009,-568331.76245428,369679.19646294817,107.0
864e7f4,864e7f4,864e7f,864e7f,-19995.132555544173,-159330.85096071076,103656.40644388965,30.0,0.0,0.0,0.0,0.0,-71051.14595377009,-568331.76245428,369679.19646294817,107.0
864e7fc,864e7fc,864e7f,864e7f,0.0,0.0,0.0,0.0,0.0,0.0,0.0,0.0,-71051.14595377009,-568331.76245428,369679.19646294817,107.0
864e804,864e804,864e81,864e81,0.0,0.0,0.0,0.0,0.0,0.0,0.0,0.0,-92691.47107022518,-748996.1723154939,487214.18541588093,141.0
864e80c,864e80c,864e81,864e81,-7257.2761328205015,-58443.60649710097,37987.31903862436,11.0,0.0,0.0,0.0,0.0,-92691.47107022518,-748996.1723154939,487214.18541588093,141.0
864e814,864e814,864e81,864e81,-20948.127884170408,-170046.6922014581,110495.26004320243,32.0,0.0,0.0,0.0,0.0,-92691.47107022518,-748996.1723154939,487214.18541588093,141.0
864e81c,864e81c,864e81,864e81,-21617.99660919413,-175281.91116745278,114066.4331844236,33.0,0.0,0.0,0.0,0.0,-92691.47107022518,-748996.1723154939,487214.18541588093,141.0
864e824,864e824,864e824,864e824,-29279.688504557173,-239045.73402990153,155544.45891836303,45.0,-29279.688504557173,-239045.73402990153,155544.45891836303,45.0,-29279.688504557173,-239045.73402990153,155544.45891836303,45.0
864e829,864e829,864e82c,864e82c,-7773.505862217934,-63735.85365758071,41499.85443405087,12.0,-46566.00934477606,-382475.11109140795,248920.9983310355,72.0,-46566.00934477606,-382475.11109140795,248920.9983310355,72.0
864e82b,864e82b,864e82c,864e82c,-18743.119993891665,-154041.87928630467,100278.49659685956,29.0,-46566.00934477606,-382475.11109140795,248920.9983310355,72.0,-46566.00934477606,-382475.11109140795,248920.9983310355,72.0
864e82d,864e82d,864e82c,864e82c,-13567.601104751568,-111570.11766466168,72581.74545856848,21.0,-46566.00934477606,-382475.11109140795,248920.9983310355,72.0,-46566.00934477606,-382475.11109140795,248920.9983310355,72.0
864e82f,864e82f,864e82c,864e82c,-6481.782383914891,-53127.26048286086,34560.90184155655,10.0,-46566.00934477606,-382475.11109140795,248920.9983310355,72.0,-46566.00934477606,-382475.11109140795,248920.9983310355,72.0
864e831,864e831,864e834,864e834,-15555.300721778032,-127537.22320472423,82897.4462165912,24.0,-63433.22067717258,-520863.21747146087,338380.9839011695,98.0,-63433.22067717258,-520863.21747146087,338380.9839011695,98.0
864e833,864e833,864e834,864e834,-14212.943681250548,-116914.8948117674,75989.07651943329,22.0,-63433.22067717258,-520863.21747146087,338380.9839011695,98.0,-63433.22067717258,-520863.21747146087,338380.9839011695,98.0
864e835,864e835,864e834,864e834,-10983.512364753216,-90367.69566008031,58681.17651736958,17.0,-63433.22067717258,-520863.21747146087,338380.9839011695,98.0,-63433.22067717258,-520863.21747146087,338380.9839011695,98.0
864e837,864e837,864e834,864e834,-22681.463909390783,-186043.4037948889,120813.28464777546,35.0,-63433.22067717258,-520863.21747146087,338380.9839011695,98.0,-63433.22067717258,-520863.21747146087,338380.9839011695,98.0
864e83c,864e83c,864e83c,864e83c,0.0,0.0,0.0,0.0,-35799.1993248502,-292293.5824766264,189912.8021864496,55.0,-35799.1993248502,-292293.5824766264,189912.8021864496,55.0
864e844,864e844,864e844,864e85,-32567.4791956017,-265872.2670667173,172411.3425848028,50.0,-32567.4791956017,-265872.2670667173,172411.3425848028,50.0,-93730.57376432867,-765892.9219931581,496277.621300544,144.0
864e84c,864e84c,864e84c,864e85,-13617.786354848375,-111667.06858519407,72423.07115722627,21.0,-13617.786354848375,-111667.06858519407,72423.07115722627,21.0,-93730.57376432867,-765892.9219931581,496277.621300544,144.0
864e854,864e854,864e854,864e85,-10352.38712568689,-85122.45838314848,55117.79536961973,16.0,-10352.38712568689,-85122.45838314848,55117.79536961973,16.0,-93730.57376432867,-765892.9219931581,496277.621300544,144.0
864e85c,864e85c,864e85c,864e85,0.0,0.0,0.0,0.0,-37192.92108819172,-303231.1279580982,196325.4121888952,57.0,-93730.57376432867,-765892.9219931581,496277.621300544,144.0
864e864,864e864,864e864,864e864,0.0,0.0,0.0,0.0,-37340.01766969145,-303215.50624130666,196321.61625794094,57.0,-37340.01766969145,-303215.50624130666,196321.61625794094,57.0
864e86c,864e86c,864e86c,864e86c,-23606.145864764614,-191401.8626557093,124146.66297545703,36.0,-23606.145864764614,-191401.8626557093,124146.66297545703,36.0,-23606.145864764614,-191401.8626557093,124146.66297545703,36.0
864e871,864e871,864e871,864e874,-13837.900886326086,-111664.97824902966,72384.57037581915,21.0,-13837.900886326086,-111664.97824902966,72384.57037581915,21.0,-101056.46130720244,-813534.9156620686,527365.1817393082,153.0
864e873,864e873,864e873,864e874,-1974.3930742510017,-15947.286893781788,10348.602941042911,3.0,-1974.3930742510017,-15947.286893781788,10348.602941042911,3.0,-101056.46130720244,-813534.9156620686,527365.1817393082,153.0
864e875,864e875,864e875,864e874,-1981.8730870720715,-15947.796863354055,10346.387307004783,3.0,-1981.8730870720715,-15947.796863354055,10346.387307004783,3.0,-101056.46130720244,-813534.9156620686,527365.1817393082,153.0
864e8764,864e8764,864e8764,864e874,-7268.84153262439,-58484.70643750474,37921.803363578234,11.0,-7268.84153262439,-58484.70643750474,37921.803363578234,11.0,-101056.46130720244,-813534.9156620686,527365.1817393082,153.0
864e876c,864e876c,864e876c,864e874,-4618.718577578894,-37219.40462933205,24130.504693096416,7.0,-4618.718577578894,-37219.40462933205,24130.504693096416,7.0,-101056.46130720244,-813534.9156620686,527365.1817393082,153.0
864e8774,864e8774,864e8774,864e874,-11886.610704902247,-95712.73230025613,62039.19194409486,18.0,-11886.610704902247,-95712.73230025613,62039.19194409486,18.0,-101056.46130720244,-813534.9156620686,527365.1817393082,153.0
864e8779,864e8779,864e877c,864e874,-1982.7464723659205,-15952.38956277819,10339.137362151221,3.0,-59488.12344444776,-478558.0102888103,310194.1211146718,90.0,-101056.46130720244,-813534.9156620686,527365.1817393082,153.0
864e877a4,864e877a4,864e877c,864e874,-31713.527001235398,-255230.27314729552,165440.47592099622,48.0,-59488.12344444776,-478558.0102888103,310194.1211146718,90.0,-101056.46130720244,-813534.9156620686,527365.1817393082,153.0
864e877ac,864e877ac,864e877c,864e874,-3964.0803526298164,-31903.205147222016,20680.97387580301,6.0,-59488.12344444776,-478558.0102888103,310194.1211146718,90.0,-101056.46130720244,-813534.9156620686,527365.1817393082,153.0
864e877b4,864e877b4,864e877c,864e874,-2643.8382194440314,-21268.435235876714,13787.669564276459,4.0,-59488.12344444776,-478558.0102888103,310194.1211146718,90.0,-101056.46130720244,-813534.9156620686,527365.1817393082,153.0
864e877d,864e877d,864e877c,864e874,-3306.072251315499,-26586.40205396676,17233.018883399465,5.0,-59488.12344444776,-478558.0102888103,310194.1211146718,90.0,-101056.46130720244,-813534.9156620686,527365.1817393082,153.0
864e877f,864e877f,864e877c,864e874,-15877.859147457091,-127617.30514167112,82712.84550804546,24.0,-59488.12344444776,-478558.0102888103,310194.1211146718,90.0,-101056.46130720244,-813534.9156620686,527365.1817393082,153.0
864e87c,864e87c,864e87c,864e87c,-21748.843844102514,-175516.79967816925,113679.7248663649,33.0,-21748.843844102514,-175516.79967816925,113679.7248663649,33.0,-21748.843844102514,-175516.79967816925,113679.7248663649,33.0
864e884,864e884,864e89,864e8c,-3299.94739574232,-26610.697392845148,17196.654861554383,5.0,0.0,0.0,0.0,0.0,0.0,0.0,0.0,0.0
864e88c,864e88c,864e89,864e8c,0.0,0.0,0.0,0.0,0.0,0.0,0.0,0.0,0.0,0.0,0.0,0.0
864e894,864e894,864e89,864e8c,-22980.654221148627,-186345.42832095118,120290.13505511264,35.0,0.0,0.0,0.0,0.0,0.0,0.0,0.0,0.0
864e89c,864e89c,864e89,864e8c,-5282.505990910266,-42595.18427512805,27486.167858023713,8.0,0.0,0.0,0.0,0.0,0.0,0.0,0.0,0.0
864e8b,864e8b,864e8b,864e8c,-5290.825956522445,-42635.323635741144,27422.245357019343,8.0,-5290.825956522445,-42635.323635741144,27422.245357019343,8.0,0.0,0.0,0.0,0.0
864e8d,864e8d,864e8d,864e8c,-9742.181819747922,-79922.0730019365,51480.530297745856,15.0,-9742.181819747922,-79922.0730019365,51480.530297745856,15.0,0.0,0.0,0.0,0.0
864e8e4,864e8e4,864e8f,864e8c,-23326.00084064307,-191710.61423445656,123722.49467642512,36.0,0.0,0.0,0.0,0.0,0.0,0.0,0.0,0.0
864e8ec,864e8ec,864e8f,864e8c,-11738.338121932751,-95856.28914242628,61845.469583644146,18.0,0.0,0.0,0.0,0.0,0.0,0.0,0.0,0.0
864e8f4,864e8f4,864e8f,864e8c,-23511.40207099342,-191608.7450138224,123845.14221631875,36.0,0.0,0.0,0.0,0.0,0.0,0.0,0.0,0.0
864e8fc,864e8fc,864e8f,864e8c,-16832.749255062292,-138404.6219889765,89439.86890938351,26.0,0.0,0.0,0.0,0.0,0.0,0.0,0.0,0.0
864e904,864e904,864e904,864e91,0.0,0.0,0.0,0.0,-41209.853856706126,-340684.94206129585,220207.02392543782,64.0,-120167.39256343404,-995625.5770655472,643173.5478098614,187.0
864e90c,864e90c,864e90c,864e91,-30075.897432045487,-250206.76565952026,161724.37041966675,47.0,-30075.897432045487,-250206.76565952026,161724.37041966675,47.0,-120167.39256343404,-995625.5770655472,643173.5478098614,187.0
864e914,864e914,864e914,864e91,-14730.183972313187,-122485.47015073517,79071.54682369782,23.0,-14730.183972313187,-122485.47015073517,79071.54682369782,23.0,-120167.39256343404,-995625.5770655472,643173.5478098614,187.0
864e91c,864e91c,864e91c,864e91,0.0,0.0,0.0,0.0,-34151.45730236925,-282248.39919399604,182170.60664105896,53.0,-120167.39256343404,-995625.5770655472,643173.5478098614,187.0
864e93,864e93,864e93,864e93,-2569.794997286378,-21315.992115908655,13728.094169248014,4.0,-2569.794997286378,-21315.992115908655,13728.094169248014,4.0,-2569.794997286378,-21315.992115908655,13728.094169248014,4.0
864e95,864e95,864e95,864e95,-10165.94385331501,-85294.87642651424,54885.433060830816,16.0,-10165.94385331501,-85294.87642651424,54885.433060830816,16.0,-10165.94385331501,-85294.87642651424,54885.433060830816,16.0
864e964,864e964,864e964,864e97,-14536.291988960113,-122504.67021254421,79077.68609346608,23.0,-14536.291988960113,-122504.67021254421,79077.68609346608,23.0,-125046.68953140872,-1048911.755782541,677786.7121276648,197.0
864e96c,864e96c,864e96c,864e97,-12098.385519914347,-101192.2190857545,65319.70592188853,19.0,-12098.385519914347,-101192.2190857545,65319.70592188853,19.0,-125046.68953140872,-1048911.755782541,677786.7121276648,197.0
864e971,864e971,864e974,864e97,-13340.176322389923,-111813.62914178926,72248.41096373356,21.0,0.0,0.0,0.0,0.0,-125046.68953140872,-1048911.755782541,677786.7121276648,197.0
864e973,864e973,864e974,864e97,-17845.307361961026,-149087.6636626527,96316.038215981,28.0,0.0,0.0,0.0,0.0,-125046.68953140872,-1048911.755782541,677786.7121276648,197.0
864e975,864e975,864e974,864e97,-15284.139982710476,-127758.30821733098,82606.94278704857,24.0,0.0,0.0,0.0,0.0,-125046.68953140872,-1048911.755782541,677786.7121276648,197.0
864e977,864e977,864e974,864e97,-19054.271668236976,-159703.2899831978,103259.72522665214,30.0,0.0,0.0,0.0,0.0,-125046.68953140872,-1048911.755782541,677786.7121276648,197.0
864e97c,864e97c,864e97c,864e97,0.0,0.0,0.0,0.0,-32888.11668723586,-276851.97547927167,178958.20291889488,52.0,-125046.68953140872,-1048911.755782541,677786.7121276648,197.0
864e984,864e984,864e984,864e984,-29060.28147056686,-244786.20079443572,158502.76366225927,46.0,-29060.28147056686,-244786.20079443572,158502.76366225927,46.0,-29060.28147056686,-244786.20079443572,158502.76366225927,46.0
864e9884,864e9884,864e9884,864e989,-3151.0298926613814,-26600.230914644817,17240.723617580938,5.0,-3151.0298926613814,-26600.230914644817,17240.723617580938,5.0,-68730.41066489002,-579810.1892692078,375956.285978177,109.0
864e988c,864e988c,864e988c,864e989,-2524.6862094350718,-21279.63279651142,13792.724005668437,4.0,-2524.6862094350718,-21279.63279651142,13792.724005668437,4.0,-68730.41066489002,-579810.1892692078,375956.285978177,109.0
864e9894,864e9894,864e9894,864e989,-29013.749442566103,-244685.05329083855,158667.40196832028,46.0,-29013.749442566103,-244685.05329083855,158667.40196832028,46.0,-68730.41066489002,-579810.1892692078,375956.285978177,109.0
864e9899,864e9899,864e989c,864e989,-13239.081849902583,-111704.61702952624,72435.394453484,21.0,-34040.945120227436,-287245.272267213,186255.43638660733,54.0,-68730.41066489002,-579810.1892692078,375956.285978177,109.0
864e989b,864e989b,864e989c,864e989,-19542.167550799975,-164902.10055589868,106921.24979354591,31.0,-34040.945120227436,-287245.272267213,186255.43638660733,54.0,-68730.41066489002,-579810.1892692078,375956.285978177,109.0
864e989d,864e989d,864e989c,864e989,-630.0059630576312,-5319.438238842907,3449.1190816388366,1.0,-34040.945120227436,-287245.272267213,186255.43638660733,54.0,-68730.41066489002,-579810.1892692078,375956.285978177,109.0
864e989f,864e989f,864e989c,864e989,-629.6897564672495,-5319.116442945219,3449.6730579386,1.0,-34040.945120227436,-287245.272267213,186255.43638660733,54.0,-68730.41066489002,-579810.1892692078,375956.285978177,109.0
864e98b,864e98b,864e98b,864e98b,-18905.951127040316,-159545.53782403943,103530.49459278316,30.0,-18905.951127040316,-159545.53782403943,103530.49459278316,30.0,-18905.951127040316,-159545.53782403943,103530.49459278316,30.0
864e98c4,864e98c4,864e98d,864e98d,-16432.10470969219,-138283.99601394136,89700.5872527108,26.0,-63254.32578919426,-531845.415175115,345017.20124303584,100.0,-63254.32578919426,-531845.415175115,345017.20124303584,100.0
864e98cc,864e98cc,864e98d,864e98d,-5055.053780183514,-42542.41247629229,27610.392261472676,8.0,-63254.32578919426,-531845.415175115,345017.20124303584,100.0,-63254.32578919426,-531845.415175115,345017.20124303584,100.0
864e98d4,864e98d4,864e98d,864e98d,-6329.866222522407,-53177.05034729278,34512.45295195067,10.0,-63254.32578919426,-531845.415175115,345017.20124303584,100.0,-63254.32578919426,-531845.415175115,345017.20124303584,100.0
864e98d9,864e98d9,864e98d,864e98d,-633.1481160650023,-5318.371180877599,3450.1890636907706,1.0,-63254.32578919426,-531845.415175115,345017.20124303584,100.0,-63254.32578919426,-531845.415175115,345017.20124303584,100.0
864e98db,864e98db,864e98d,864e98d,-2531.0010182436217,-21273.431748672636,13801.129841672999,4.0,-63254.32578919426,-531845.415175115,345017.20124303584,100.0,-63254.32578919426,-531845.415175115,345017.20124303584,100.0
864e98dd,864e98dd,864e98d,864e98d,-27207.91164755192,-228701.70504638433,148343.2273860388,43.0,-63254.32578919426,-531845.415175115,345017.20124303584,100.0,-63254.32578919426,-531845.415175115,345017.20124303584,100.0
864e98df,864e98df,864e98d,864e98d,-5065.240294935617,-42548.44836165394,27599.22248549913,8.0,-63254.32578919426,-531845.415175115,345017.20124303584,100.0,-63254.32578919426,-531845.415175115,345017.20124303584,100.0
864e98f,864e98f,864e98f,864e98f,-19614.11628976664,-164890.6079854355,106925.79705204732,31.0,-19614.11628976664,-164890.6079854355,106925.79705204732,31.0,-19614.11628976664,-164890.6079854355,106925.79705204732,31.0
864e9904,864e9904,864e9904,864e9904,-10145.172432119554,-85112.47184537591,55171.72628394305,16.0,-10145.172432119554,-85112.47184537591,55171.72628394305,16.0,-10145.172432119554,-85112.47184537591,55171.72628394305,16.0
864e990c,864e990c,864e990c,864e990c,-6352.691583749546,-53196.81728979062,34477.77885406289,10.0,-6352.691583749546,-53196.81728979062,34477.77885406289,10.0,-6352.691583749546,-53196.81728979062,34477.77885406289,10.0
864e9911,864e9911,864e9911,864e9914,-7618.216661118556,-63828.870691794305,41385.53472455156,12.0,-7618.216661118556,-63828.870691794305,41385.53472455156,12.0,-69839.0021915916,-585071.5733723242,379407.14198625536,110.0
864e9913,864e9913,864e9913,864e9914,-6986.646855298055,-58509.456824104476,37936.66235388402,11.0,-6986.646855298055,-58509.456824104476,37936.66235388402,11.0,-69839.0021915916,-585071.5733723242,379407.14198625536,110.0
864e9915,864e9915,864e9915,864e9914,-15876.668572933018,-132969.145276088,86230.69924848482,25.0,-15876.668572933018,-132969.145276088,86230.69924848482,25.0,-69839.0021915916,-585071.5733723242,379407.14198625536,110.0
864e99164,864e99164,864e9917,864e9914,-13332.925641383044,-111693.55286022145,72435.24328607274,21.0,-39357.47010224196,-329764.1005803375,213854.24565933502,62.0,-69839.0021915916,-585071.5733723242,379407.14198625536,110.0
864e9916c,864e9916c,864e9917,864e9914,-10793.535858533152,-90420.38850528491,58635.241762471225,17.0,-39357.47010224196,-329764.1005803375,213854.24565933502,62.0,-69839.0021915916,-585071.5733723242,379407.14198625536,110.0
864e99174,864e99174,864e9917,864e9914,-3173.089427263627,-26594.331179103865,17245.77863326727,5.0,-39357.47010224196,-329764.1005803375,213854.24565933502,62.0,-69839.0021915916,-585071.5733723242,379407.14198625536,110.0
864e9917c,864e9917c,864e9917,864e9914,-12057.919175062136,-101055.82803572725,65537.98197752378,19.0,-39357.47010224196,-329764.1005803375,213854.24565933502,62.0,-69839.0021915916,-585071.5733723242,379407.14198625536,110.0
864e99184,864e99184,864e9919,864e991c,-26005.68574307856,-218066.4910867111,141428.7268251962,41.0,-51373.7045900079,-430819.238586395,279400.9594684922,81.0,-91306.93645969933,-765910.3137914827,496702.68083270197,144.0
864e9918c,864e9918c,864e9919,864e991c,-17756.332063300782,-148925.28778760118,96583.32039098225,28.0,-51373.7045900079,-430819.238586395,279400.9594684922,81.0,-91306.93645969933,-765910.3137914827,496702.68083270197,144.0
864e99194,864e99194,864e9919,864e991c,-2536.4138907202314,-21275.901372046214,13796.328330305401,4.0,-51373.7045900079,-430819.238586395,279400.9594684922,81.0,-91306.93645969933,-765910.3137914827,496702.68083270197,144.0
864e9919c,864e9919c,864e9919,864e991c,-5075.272892908324,-42551.558340036514,27592.583922008307,8.0,-51373.7045900079,-430819.238586395,279400.9594684922,81.0,-91306.93645969933,-765910.3137914827,496702.68083270197,144.0
864e991b,864e991b,864e991b,864e991c,-3171.8539079752404,-26595.146208503833,17244.749028537266,5.0,-3171.8539079752404,-26595.146208503833,17244.749028537266,5.0,-91306.93645969933,-765910.3137914827,496702.68083270197,144.0
864e991d,864e991d,864e991d,864e991c,-5071.118841378355,-42552.86020254785,27591.339946061766,8.0,-5071.118841378355,-42552.86020254785,27591.339946061766,8.0,-91306.93645969933,-765910.3137914827,496702.68083270197,144.0
864e991f,864e991f,864e991f,864e991c,-31690.259120337825,-265943.068794036,172465.63238961075,50.0,-31690.259120337825,-265943.068794036,172465.63238961075,50.0,-91306.93645969933,-765910.3137914827,496702.68083270197,144.0
864e9921,864e9921,864e9921,864e9924,-11406.89714685826,-95733.36204910502,62097.39197005659,18.0,-11406.89714685826,-95733.36204910502,62097.39197005659,18.0,-86866.17386183506,-728611.2894525696,472661.53905349504,137.0
864e9923,864e9923,864e9923,864e9924,-24099.141038742873,-202102.45268226648,131093.2243034437,38.0,-24099.141038742873,-202102.45268226648,131093.2243034437,38.0,-86866.17386183506,-728611.2894525696,472661.53905349504,137.0
864e99244,864e99244,864e9925,864e9924,-15851.209693609007,-132956.77847781414,86254.44861843922,25.0,-37416.149434272054,-313774.79738582845,203564.09010030728,59.0,-86866.17386183506,-728611.2894525696,472661.53905349504,137.0
864e9924c,864e9924c,864e9925,864e9924,-12686.185998242188,-106364.83834011227,69003.50061328609,20.0,-37416.149434272054,-313774.79738582845,203564.09010030728,59.0,-86866.17386183506,-728611.2894525696,472661.53905349504,137.0
864e99254,864e99254,864e9925,864e9924,-6976.739818626197,-58498.72766939178,37955.02721568602,11.0,-37416.149434272054,-313774.79738582845,203564.09010030728,59.0,-86866.17386183506,-728611.2894525696,472661.53905349504,137.0
864e9925c,864e9925c,864e9925,864e9924,-1902.0139237946569,-15954.45289851023,10351.113652895898,3.0,-37416.149434272054,-313774.79738582845,203564.09010030728,59.0,-86866.17386183506,-728611.2894525696,472661.53905349504,137.0
864e9927,864e9927,864e9927,864e9924,-13943.98624196189,-117000.67733536953,75906.83267968758,22.0,-13943.98624196189,-117000.67733536953,75906.83267968758,22.0,-86866.17386183506,-728611.2894525696,472661.53905349504,137.0
864e992c,864e992c,864e992c,864e992c,-10776.420059518687,-90400.9903272005,58668.290548017525,17.0,-10776.420059518687,-90400.9903272005,58668.290548017525,17.0,-10776.420059518687,-90400.9903272005,58668.290548017525,17.0
864e9934,864e9934,864e9934,864e9934,-6348.815697420762,-53175.822746534206,34510.86361268991,10.0,-6348.815697420762,-53175.822746534206,34510.86361268991,10.0,-6348.815697420762,-53175.822746534206,34510.86361268991,10.0
864e9939,864e9939,864e993c,864e993c,-12066.014669835173,-101044.0933636182,65554.58305106315,19.0,-38092.72147940005,-319099.58412301,206996.40253173397,60.0,-38092.72147940005,-319099.58412301,206996.40253173397,60.0
864e993b,864e993b,864e993c,864e993c,-2537.9945538629117,-21272.493463468167,13801.29178506729,4.0,-38092.72147940005,-319099.58412301,206996.40253173397,60.0,-38092.72147940005,-319099.58412301,206996.40253173397,60.0
864e993d,864e993d,864e993c,864e993c,-17137.68520711522,-143598.87435639356,93142.8635719693,27.0,-38092.72147940005,-319099.58412301,206996.40253173397,60.0,-38092.72147940005,-319099.58412301,206996.40253173397,60.0
864e993f,864e993f,864e993c,864e993c,-6351.027048586738,-53184.12293953009,34497.66412363424,10.0,-38092.72147940005,-319099.58412301,206996.40253173397,60.0,-38092.72147940005,-319099.58412301,206996.40253173397,60.0
864e995,864e995,864e995,864e995,-22914.92045203055,-191438.75305011933,124219.27930149848,36.0,-22914.92045203055,-191438.75305011933,124219.27930149848,36.0,-22914.92045203055,-191438.75305011933,124219.27930149848,36.0
864e997,864e997,864e997,864e997,-23550.474617248,-196806.48690311745,127592.91806628255,37.0,-23550.474617248,-196806.48690311745,127592.91806628255,37.0,-23550.474617248,-196806.48690311745,127592.91806628255,37.0
864e9984,864e9984,864e99c,864e99c,-15290.815714783597,-127685.23278850917,82718.61930509283,24.0,0.0,0.0,0.0,0.0,-72510.26386728606,-606587.5950958324,392808.03174579045,114.0
864e998c,864e998c,864e99c,864e99c,-6371.784710354441,-53207.30318625451,34458.06932445592,10.0,0.0,0.0,0.0,0.0,-72510.26386728606,-606587.5950958324,392808.03174579045,114.0
864e9994,864e9994,864e99c,864e99c,-13356.275891117632,-111740.3341643942,72358.74984943736,21.0,0.0,0.0,0.0,0.0,-72510.26386728606,-606587.5950958324,392808.03174579045,114.0
864e999c,864e999c,864e99c,864e99c,-5725.829103055378,-47882.4616496676,31020.231068122666,9.0,0.0,0.0,0.0,0.0,-72510.26386728606,-606587.5950958324,392808.03174579045,114.0
864e99b,864e99b,864e99c,864e99c,-13335.089612246924,-111734.29198158687,72371.98523723411,21.0,0.0,0.0,0.0,0.0,-72510.26386728606,-606587.5950958324,392808.03174579045,114.0
864e99d,864e99d,864e99c,864e99c,-12064.77391685121,-101119.1339766761,65438.99889464934,19.0,0.0,0.0,0.0,0.0,-72510.26386728606,-606587.5950958324,392808.03174579045,114.0
864e99f,864e99f,864e99c,864e99c,-6365.69491887687,-53218.83734874392,34441.37806679827,10.0,0.0,0.0,0.0,0.0,-72510.26386728606,-606587.5950958324,392808.03174579045,114.0
864e9a1,864e9a1,864e9a4,864e9b,-8307.509031021415,-69183.39687573332,44769.532143809265,13.0,-61436.4297777254,-510791.1354378258,330746.2973930605,96.0,0.0,0.0,0.0,0.0
864e9a3,864e9a3,864e9a4,864e9b,-18521.33113742286,-154286.85089821852,99942.53210441828,29.0,-61436.4297777254,-510791.1354378258,330746.2973930605,96.0,0.0,0.0,0.0,0.0
864e9a5,864e9a5,864e9a4,864e9b,-18581.145108137414,-154285.65918580195,99933.26772493217,29.0,-61436.4297777254,-510791.1354378258,330746.2973930605,96.0,0.0,0.0,0.0,0.0
864e9a7,864e9a7,864e9a4,864e9b,-16026.444501143715,-133035.2284780721,86100.96541990085,25.0,-61436.4297777254,-510791.1354378258,330746.2973930605,96.0,0.0,0.0,0.0,0.0
864e9ac,864e9ac,864e9ac,864e9b,0.0,0.0,0.0,0.0,-32815.115977507376,-271357.40067574015,175676.60248895097,51.0,0.0,0.0,0.0,0.0
864e9b4,864e9b4,864e9b4,864e9b,-18652.034834569593,-154214.74872162708,100029.45974009093,29.0,-18652.034834569593,-154214.74872162708,100029.45974009093,29.0,0.0,0.0,0.0,0.0
864e9b9,864e9b9,864e9bc,864e9b,-3842.652238421025,-31906.465470059207,20698.854447094443,6.0,-40876.942610304766,-340381.09599076526,220738.31324879348,64.0,0.0,0.0,0.0,0.0
864e9bb,864e9bb,864e9bc,864e9b,-3840.2182605939647,-31913.854186397853,20687.91260736547,6.0,-40876.942610304766,-340381.09599076526,220738.31324879348,64.0,0.0,0.0,0.0,0.0
864e9bd,864e9bd,864e9bc,864e9b,-19152.83188781131,-159569.76921582897,103447.73993500722,30.0,-40876.942610304766,-340381.09599076526,220738.31324879348,64.0,0.0,0.0,0.0,0.0
864e9bf,864e9bf,864e9bc,864e9b,-14041.240223478468,-116991.00711847928,75903.80625932636,22.0,-40876.942610304766,-340381.09599076526,220738.31324879348,64.0,0.0,0.0,0.0,0.0
864e9c4,864e9c4,864e9c4,864e9d,0.0,0.0,0.0,0.0,-35161.540653746706,-292357.11331247166,189934.13765758625,55.0,-126857.20546502288,-1052183.3627174566,684176.5489758367,198.0
864e9cc,864e9cc,864e9cc,864e9d,0.0,0.0,0.0,0.0,-34103.350549237424,-281690.80417470203,183040.59270715615,53.0,-126857.20546502288,-1052183.3627174566,684176.5489758367,198.0
864e9d4,864e9d4,864e9d4,864e9d,-17993.37584239697,-148746.33667278144,96814.92619672118,28.0,-17993.37584239697,-148746.33667278144,96814.92619672118,28.0,-126857.20546502288,-1052183.3627174566,684176.5489758367,198.0
864e9d9,864e9d9,864e9dc,864e9d,-12792.161064253241,-106243.54944979196,69170.58496446304,20.0,-39598.93841964178,-329389.1085575016,214386.89241437317,62.0,-126857.20546502288,-1052183.3627174566,684176.5489758367,198.0
864e9db,864e9db,864e9dc,864e9d,-5756.955977107477,-47821.54446049206,31108.315161568007,9.0,-39598.93841964178,-329389.1085575016,214386.89241437317,62.0,-126857.20546502288,-1052183.3627174566,684176.5489758367,198.0
864e9dd,864e9dd,864e9dc,864e9d,-8296.156860866007,-69076.60650448229,44936.2258684661,13.0,-39598.93841964178,-329389.1085575016,214386.89241437317,62.0,-126857.20546502288,-1052183.3627174566,684176.5489758367,198.0
864e9df,864e9df,864e9dc,864e9d,-12753.664517415058,-106247.40814273528,69171.76641987605,20.0,-39598.93841964178,-329389.1085575016,214386.89241437317,62.0,-126857.20546502288,-1052183.3627174566,684176.5489758367,198.0
864e9e4,864e9e4,864e9e4,864e9e4,0.0,0.0,0.0,0.0,-35531.25568088639,-297542.1507650276,193637.9468653079,56.0,-35531.25568088639,-297542.1507650276,193637.9468653079,56.0
864e9e9,864e9e9,864e9e9,864e9ec,-11451.234992417236,-95675.10931608625,62178.95493466581,18.0,-11451.234992417236,-95675.10931608625,62178.95493466581,18.0,-71739.11131890208,-600725.0554986548,390222.2760109716,113.0
864e9eb,864e9eb,864e9eb,864e9ec,-14631.217728831767,-122279.4425183536,79408.08699811496,23.0,-14631.217728831767,-122279.4425183536,79408.08699811496,23.0,-71739.11131890208,-600725.0554986548,390222.2760109716,113.0
864e9ed,864e9ed,864e9ed,864e9ec,-30440.937095921574,-255202.4519470456,165722.19913150225,48.0,-30440.937095921574,-255202.4519470456,165722.19913150225,48.0,-71739.11131890208,-600725.0554986548,390222.2760109716,113.0
864e9ef,864e9ef,864e9ef,864e9ec,-15215.721501731505,-127568.05171716944,82913.03494668858,24.0,-15215.721501731505,-127568.05171716944,82913.03494668858,24.0,-71739.11131890208,-600725.0554986548,390222.2760109716,113.0
864e9f04,864e9f04,864e9f1,864e9f4,-3794.5559776723476,-31891.014492749222,20731.51343775025,6.0,-36652.097229116225,-308300.4603831201,200378.08850843168,58.0,-85857.77316984367,-722997.2011639094,469735.576413128,136.0
864e9f0c,864e9f0c,864e9f1,864e9f4,-8214.300231039255,-69099.93671453057,44915.39031863902,13.0,-36652.097229116225,-308300.4603831201,200378.08850843168,58.0,-85857.77316984367,-722997.2011639094,469735.576413128,136.0
864e9f14,864e9f14,864e9f1,864e9f4,-15790.00629516798,-132891.53611537113,86366.14458531993,25.0,-36652.097229116225,-308300.4603831201,200378.08850843168,58.0,-85857.77316984367,-722997.2011639094,469735.576413128,136.0
864e9f1c,864e9f1c,864e9f1,864e9f4,-8853.234725236642,-74417.97306046914,48365.04016672249,14.0,-36652.097229116225,-308300.4603831201,200378.08850843168,58.0,-85857.77316984367,-722997.2011639094,469735.576413128,136.0
864e9f3,864e9f3,864e9f3,864e9f4,-13908.709901120545,-116968.843857232,75962.34247646005,22.0,-13908.709901120545,-116968.843857232,75962.34247646005,22.0,-85857.77316984367,-722997.2011639094,469735.576413128,136.0
864e9f5,864e9f5,864e9f5,864e9f4,-20798.389714519064,-175464.78957894113,113937.59181263809,33.0,-20798.389714519064,-175464.78957894113,113937.59181263809,33.0,-85857.77316984367,-722997.2011639094,469735.576413128,136.0
864e9f7,864e9f7,864e9f7,864e9f4,-14498.576325087839,-122263.10734461619,79457.55361559818,23.0,-14498.576325087839,-122263.10734461619,79457.55361559818,23.0,-85857.77316984367,-722997.2011639094,469735.576413128,136.0
864e9f9,864e9f9,864e9fc,864e9fc,-12600.135372473746,-106286.86625155369,69139.27651947737,20.0,-49844.232627932215,-419775.48564523284,273175.2594186383,79.0,-49844.232627932215,-419775.48564523284,273175.2594186383,79.0
864e9fb,864e9fb,864e9fc,864e9fc,-14526.254024913591,-122226.51801333755,79508.77405395891,23.0,-49844.232627932215,-419775.48564523284,273175.2594186383,79.0,-49844.232627932215,-419775.48564523284,273175.2594186383,79.0
864e9fd,864e9fd,864e9fc,864e9fc,-12639.240496150496,-106253.97410308305,69182.68236382965,20.0,-49844.232627932215,-419775.48564523284,273175.2594186383,79.0,-49844.232627932215,-419775.48564523284,273175.2594186383,79.0
864e9ff,864e9ff,864e9fc,864e9fc,-10078.602734394384,-85008.12727725855,55344.52648137236,16.0,-49844.232627932215,-419775.48564523284,273175.2594186383,79.0,-49844.232627932215,-419775.48564523284,273175.2594186383,79.0
864ea04,864ea04,864ea04,864ea04,0.0,0.0,0.0,0.0,-40111.52199475262,-340096.9367566805,221315.95856160013,64.0,-40111.52199475262,-340096.9367566805,221315.95856160013,64.0
864ea0c,864ea0c,864ea0c,864ea0c,0.0,0.0,0.0,0.0,-35545.73695474072,-302924.04997128516,197103.06121931656,57.0,-35545.73695474072,-302924.04997128516,197103.06121931656,57.0
864ea11,864ea11,864ea14,864ea14,-16860.130733267022,-143534.2257016649,93293.04123932452,27.0,-46752.40155949255,-398753.6658755521,259088.9234800555,75.0,-46752.40155949255,-398753.6658755521,259088.9234800555,75.0
864ea13,864ea13,864ea14,864ea14,-11819.862597543104,-101010.34886024929,65651.35905880124,19.0,-46752.40155949255,-398753.6658755521,259088.9234800555,75.0,-46752.40155949255,-398753.6658755521,259088.9234800555,75.0
864ea15,864ea15,864ea14,864ea14,-8713.929899326682,-74445.65192688954,48347.73860736494,14.0,-46752.40155949255,-398753.6658755521,259088.9234800555,75.0,-46752.40155949255,-398753.6658755521,259088.9234800555,75.0
864ea17,864ea17,864ea14,864ea14,-9358.478329355732,-79763.4393867484,51796.78457456479,15.0,-46752.40155949255,-398753.6658755521,259088.9234800555,75.0,-46752.40155949255,-398753.6658755521,259088.9234800555,75.0
864ea19,864ea19,864ea19,864ea1c,0.0,0.0,0.0,0.0,-34446.58692665844,-292447.45132527966,189926.09811802892,55.0,-117233.1036298034,-994223.982571025,645877.7376999911,187.0
864ea1b,864ea1b,864ea1b,864ea1c,0.0,0.0,0.0,0.0,-40069.38846808935,-340233.70074098255,221113.3162309886,64.0,-117233.1036298034,-994223.982571025,645877.7376999911,187.0
864ea1d,864ea1d,864ea1d,864ea1c,-11306.343307194225,-95685.69319788323,62189.182610191085,18.0,-11306.343307194225,-95685.69319788323,62189.182610191085,18.0,-117233.1036298034,-994223.982571025,645877.7376999911,187.0
864ea1f,864ea1f,864ea1f,864ea1c,-31410.784927861372,-265857.1373068797,172649.1407407823,50.0,-31410.784927861372,-265857.1373068797,172649.1407407823,50.0,-117233.1036298034,-994223.982571025,645877.7376999911,187.0
864ea24,864ea24,864ea24,864ea3,0.0,0.0,0.0,0.0,-37636.19139326909,-319145.8818962816,207008.5057850489,60.0,0.0,0.0,0.0,0.0
864ea2c,864ea2c,864ea2c,864ea3,-13823.10689345146,-117068.77651576458,75823.889111508,22.0,-13823.10689345146,-117068.77651576458,75823.889111508,22.0,0.0,0.0,0.0,0.0
864ea31,864ea31,864ea34,864ea3,-10617.833767314216,-90466.85634089042,58595.63092469947,17.0,-46161.02284973836,-393842.8215702214,255002.87178569782,74.0,0.0,0.0,0.0,0.0
864ea33,864ea33,864ea34,864ea3,-13748.04287683024,-117096.11530288745,75795.32490072149,22.0,-46161.02284973836,-393842.8215702214,255002.87178569782,74.0,0.0,0.0,0.0,0.0
864ea35,864ea35,864ea34,864ea3,-11210.570918101957,-95811.54220134421,62012.50874317591,18.0,-46161.02284973836,-393842.8215702214,255002.87178569782,74.0,0.0,0.0,0.0,0.0
864ea37,864ea37,864ea34,864ea3,-10584.57528749194,-90468.30772509934,58599.407217100954,17.0,-46161.02284973836,-393842.8215702214,255002.87178569782,74.0,0.0,0.0,0.0,0.0
864ea3c,864ea3c,864ea3c,864ea3,0.0,0.0,0.0,0.0,-33694.12908468148,-287251.2167910716,186309.29893062141,54.0,0.0,0.0,0.0,0.0
864ea44,864ea44,864ea44,864ea5,0.0,0.0,0.0,0.0,-35288.213813042814,-303234.0608799134,196672.17228610103,57.0,0.0,0.0,0.0,0.0
864ea49,864ea49,864ea4c,864ea5,-8691.523718552027,-74506.75111426142,48257.56799369979,14.0,-47110.340913484455,-404519.1634500895,261899.32414165954,76.0,0.0,0.0,0.0,0.0
864ea4b,864ea4b,864ea4c,864ea5,-14278.913104591218,-122433.1125787888,79235.24781777272,23.0,-47110.340913484455,-404519.1634500895,261899.32414165954,76.0,0.0,0.0,0.0,0.0
864ea4d,864ea4d,864ea4c,864ea5,-10527.200194127767,-90497.75449425777,58564.26294725405,17.0,-47110.340913484455,-404519.1634500895,261899.32414165954,76.0,0.0,0.0,0.0,0.0
864ea4f,864ea4f,864ea4c,864ea5,-13612.70389621344,-117081.54526278151,75842.24538293293,22.0,-47110.340913484455,-404519.1634500895,261899.32414165954,76.0,0.0,0.0,0.0,0.0
864ea54,864ea54,864ea54,864ea5,-19082.64135239313,-164988.65403830117,106870.70401423262,31.0,-19082.64135239313,-164988.65403830117,106870.70401423262,31.0,0.0,0.0,0.0,0.0
864ea5c,864ea5c,864ea5c,864ea5,-28326.646891731714,-244743.87149164517,158700.8166372356,46.0,-28326.646891731714,-244743.87149164517,158700.8166372356,46.0,0.0,0.0,0.0,0.0
864ea64,864ea64,864ea64,864ea7,0.0,0.0,0.0,0.0,-32627.91526130195,-281834.3029161027,183088.6509763685,53.0,-93884.2114540981,-808116.817449827,525279.288249002,152.0
864ea6c,864ea6c,864ea6c,864ea7,0.0,0.0,0.0,0.0,-34673.28229621617,-297765.3965798813,193450.2177464414,56.0,-93884.2114540981,-808116.817449827,525279.288249002,152.0
864ea74,864ea74,864ea74,864ea7,-19197.463327862228,-164742.55925183115,107229.17491365838,31.0,-19197.463327862228,-164742.55925183115,107229.17491365838,31.0,-93884.2114540981,-808116.817449827,525279.288249002,152.0
864ea7c,864ea7c,864ea7c,864ea7,-7385.550568717748,-63774.55870201167,41511.24461253369,12.0,-7385.550568717748,-63774.55870201167,41511.24461253369,12.0,-93884.2114540981,-808116.817449827,525279.288249002,152.0
864ea9,864ea9,864eac,864eac,-30525.431466168735,-265805.5201219745,172887.16694449526,50.0,0.0,0.0,0.0,0.0,-67617.80167451035,-590298.5123999647,383511.72008286003,111.0
864eab,864eab,864eac,864eac,-12063.854856737757,-106310.7812378116,69198.13201787815,20.0,0.0,0.0,0.0,0.0,-67617.80167451035,-590298.5123999647,383511.72008286003,111.0
864ead,864ead,864eac,864eac,-5431.54584083799,-47908.60445579431,31032.776726089392,9.0,0.0,0.0,0.0,0.0,-67617.80167451035,-590298.5123999647,383511.72008286003,111.0
864eaf,864eaf,864eac,864eac,-19596.969510765888,-170273.60658438428,110393.64439439727,32.0,0.0,0.0,0.0,0.0,-67617.80167451035,-590298.5123999647,383511.72008286003,111.0
864eb4,864eb4,864eb4,864eb4,-8530.372239412887,-74589.0939930365,48158.94515918478,14.0,-8530.372239412887,-74589.0939930365,48158.94515918478,14.0,-8530.372239412887,-74589.0939930365,48158.94515918478,14.0
864ebc,864ebc,864ebc,864ebc,-29900.604549912678,-255610.95818929956,165189.93536682188,48.0,-29900.604549912678,-255610.95818929956,165189.93536682188,48.0,-29900.604549912678,-255610.95818929956,165189.93536682188,48.0
864ed,864ed,864ed,864ed,-26061.030923875085,-224455.61435218056,143319.93907627006,42.0,-26061.030923875085,-224455.61435218056,143319.93907627006,42.0,-26061.030923875085,-224455.61435218056,143319.93907627006,42.0
864ee4,864ee4,864ef,864ef,-16758.790979454458,-139064.36297321407,88424.46230868086,26.0,0.0,0.0,0.0,0.0,-80433.45276131014,-667744.1247307821,426452.34011296165,125.0
864ee9,864ee9,864ef,864ef,-634.1925402012465,-5339.184229902262,3417.6987448857335,1.0,0.0,0.0,0.0,0.0,-80433.45276131014,-667744.1247307821,426452.34011296165,125.0
864eed,864eed,864ef,864ef,-1288.2339338423662,-10675.210784368719,6836.614719189125,2.0,0.0,0.0,0.0,0.0,-80433.45276131014,-667744.1247307821,426452.34011296165,125.0
864eee4,864eee4,864ef,864ef,-3223.1448649739696,-26695.938823259945,17078.70064630475,5.0,0.0,0.0,0.0,0.0,-80433.45276131014,-667744.1247307821,426452.34011296165,125.0
864eeec,864eeec,864ef,864ef,-3852.7046796916957,-32038.21228195478,20492.45308651401,6.0,0.0,0.0,0.0,0.0,-80433.45276131014,-667744.1247307821,426452.34011296165,125.0
864eef4,864eef4,864ef,864ef,-25680.831423785465,-213675.84741737985,136479.77552632167,40.0,0.0,0.0,0.0,0.0,-80433.45276131014,-667744.1247307821,426452.34011296165,125.0
864eefc,864eefc,864ef,864ef,-15494.723206942406,-128222.14406122133,81845.54420655529,24.0,0.0,0.0,0.0,0.0,-80433.45276131014,-667744.1247307821,426452.34011296165,125.0
864ef4,864ef4,864ef,864ef,-2632.4661297115567,-21331.154272284763,13692.617041601112,4.0,0.0,0.0,0.0,0.0,-80433.45276131014,-667744.1247307821,426452.34011296165,125.0
864efc,864efc,864ef,864ef,-663.1301632852574,-5344.222736950491,3404.305340899976,1.0,0.0,0.0,0.0,0.0,-80433.45276131014,-667744.1247307821,426452.34011296165,125.0
864f4,864f4,864f4,864f4,0.0,0.0,0.0,0.0,0.0,0.0,0.0,0.0,-69734.87639667779,-601409.7553013948,377607.6388235737,112.0
864f81,864f81,864fc,864fc,-9459.218384875861,-75468.39927803754,46590.06534883154,14.0,0.0,0.0,0.0,0.0,-136141.81487936,-1065361.063177227,661605.9301676772,198.0
864f83,864f83,864fc,864fc,-33687.16654624516,-269348.23035835853,166706.53441476863,50.0,0.0,0.0,0.0,0.0,-136141.81487936,-1065361.063177227,661605.9301676772,198.0
864f85,864f85,864fc,864fc,-19772.443879936745,-156214.65078147192,96654.07325046507,29.0,0.0,0.0,0.0,0.0,-136141.81487936,-1065361.063177227,661605.9301676772,198.0
864f87,864f87,864fc,864fc,-10230.911428768446,-80851.70037736611,49910.143613112494,15.0,0.0,0.0,0.0,0.0,-136141.81487936,-1065361.063177227,661605.9301676772,198.0
864f8c,864f8c,864fc,864fc,-9010.01628097012,-70028.14111814919,43295.914736494065,13.0,0.0,0.0,0.0,0.0,-136141.81487936,-1065361.063177227,661605.9301676772,198.0
864f94,864f94,864fc,864fc,-689.5582235017706,-5379.243056612575,3343.352617353414,1.0,0.0,0.0,0.0,0.0,-136141.81487936,-1065361.063177227,661605.9301676772,198.0
864f9c,864f9c,864fc,864fc,-3370.461896983211,-26900.879074205157,16724.98485539565,5.0,0.0,0.0,0.0,0.0,-136141.81487936,-1065361.063177227,661605.9301676772,198.0
864fb,864fb,864fc,864fc,-18286.13966340894,-144821.88443201303,91005.24912389899,27.0,0.0,0.0,0.0,0.0,-136141.81487936,-1065361.063177227,661605.9301676772,198.0
864fd,864fd,864fc,864fc,-13670.114829497046,-101859.13441362814,63958.661634020355,19.0,0.0,0.0,0.0,0.0,-136141.81487936,-1065361.063177227,661605.9301676772,198.0
864ff,864ff,864fc,864fc,-17965.783745172706,-134488.80028738492,83416.95057333709,25.0,0.0,0.0,0.0,0.0,-136141.81487936,-1065361.063177227,661605.9301676772,198.0
86504,86504,8651,8651,0.0,0.0,0.0,0.0,0.0,0.0,0.0,0.0,0.0,0.0,0.0,0.0
8650c,8650c,8651,8651,-36631.84238480244,-235640.53795180237,147350.51003320634,44.0,0.0,0.0,0.0,0.0,0.0,0.0,0.0,0.0
86514,86514,8651,8651,0.0,0.0,0.0,0.0,0.0,0.0,0.0,0.0,0.0,0.0,0.0,0.0
8651c,8651c,8651,8651,0.0,0.0,0.0,0.0,0.0,0.0,0.0,0.0,0.0,0.0,0.0,0.0
86524,86524,8653,8653,0.0,0.0,0.0,0.0,0.0,0.0,0.0,0.0,-82130.05016980923,-557838.9344184563,371622.1991344118,106.0
8652c,8652c,8653,8653,-5244.656068309419,-36685.07885344481,24810.03921085711,7.0,0.0,0.0,0.0,0.0,-82130.05016980923,-557838.9344184563,371622.1991344118,106.0
86534,86534,8653,8653,-29985.909437556835,-198757.40242085885,134934.8486316179,38.0,0.0,0.0,0.0,0.0,-82130.05016980923,-557838.9344184563,371622.1991344118,106.0
8653c,8653c,8653,8653,-5642.699133264956,-36946.969207390226,24330.01860699878,7.0,0.0,0.0,0.0,0.0,-82130.05016980923,-557838.9344184563,371622.1991344118,106.0
8655,8655,8655,8655,0.0,0.0,0.0,0.0,-61926.21930154396,-357668.3512913404,236448.20260346078,68.0,-61926.21930154396,-357668.3512913404,236448.20260346078,68.0
86564,86564,86564,86564,-31785.55116626571,-174574.16285163388,112761.94981718926,33.0,-31785.55116626571,-174574.16285163388,112761.94981718926,33.0,-31785.55116626571,-174574.16285163388,112761.94981718926,33.0
86568d,86568d,86568d,8656c,-33741.2837318379,-196138.27334386605,126327.62011298919,37.0,-33741.2837318379,-196138.27334386605,126327.62011298919,37.0,0.0,0.0,0.0,0.0
86568e1,86568e1,86568f,8656c,-16368.079942604758,-95383.61757829726,61523.41978059047,18.0,-79230.2787766937,-460950.8327540471,297440.2260817029,87.0,0.0,0.0,0.0,0.0
86568e3,86568e3,86568f,8656c,-11820.436954091454,-68869.86768045268,44462.1950690895,13.0,-79230.2787766937,-460950.8327540471,297440.2260817029,87.0,0.0,0.0,0.0,0.0
86568e5,86568e5,86568f,8656c,-9107.497366236728,-52977.76308328284,34196.27678396982,10.0,-79230.2787766937,-460950.8327540471,297440.2260817029,87.0,0.0,0.0,0.0,0.0
86568e7,86568e7,86568f,8656c,-17315.52623259601,-100683.25193135394,64930.39298734041,19.0,-79230.2787766937,-460950.8327540471,297440.2260817029,87.0,0.0,0.0,0.0,0.0
86568ec,86568ec,86568f,8656c,-14606.522953027197,-84775.15546127196,54688.196956621825,16.0,-79230.2787766937,-460950.8327540471,297440.2260817029,87.0,0.0,0.0,0.0,0.0
86568f4,86568f4,86568f,8656c,-1826.371904049438,-10593.175712943334,6841.637706099038,2.0,-79230.2787766937,-460950.8327540471,297440.2260817029,87.0,0.0,0.0,0.0,0.0
86568fc,86568fc,86568f,8656c,-8185.843424088114,-47668.001306445134,30798.106797991913,9.0,-79230.2787766937,-460950.8327540471,297440.2260817029,87.0,0.0,0.0,0.0,0.0
865694,865694,865694,8656c,0.0,0.0,0.0,0.0,-65247.629128536486,-381645.11151944636,245981.64210681187,72.0,0.0,0.0,0.0,0.0
86569c,86569c,86569c,8656c,-5419.90847630425,-31740.990290731945,20600.099548609684,6.0,-5419.90847630425,-31740.990290731945,20600.099548609684,6.0,0.0,0.0,0.0,0.0
8656b,8656b,8656b,8656c,-32401.505925845042,-196172.00413681846,126623.99259076036,37.0,-32401.505925845042,-196172.00413681846,126623.99259076036,37.0,0.0,0.0,0.0,0.0
8656f,8656f,8656f,8656c,-14685.602162351737,-84942.00142946551,54407.29422269434,16.0,-14685.602162351737,-84942.00142946551,54407.29422269434,16.0,0.0,0.0,0.0,0.0
86574,86574,86574,86574,-3565.5804936252002,-21371.649032172987,13415.060876751922,4.0,-3565.5804936252002,-21371.649032172987,13415.060876751922,4.0,-3565.5804936252002,-21371.649032172987,13415.060876751922,4.0
86579,86579,8657c,8657c,-1872.584922662813,-10700.841706669176,6659.160890048472,2.0,-84735.63636891487,-459652.3363869035,285902.79020591604,86.0,-84735.63636891487,-459652.3363869035,285902.79020591604,86.0
8657b,8657b,8657c,8657c,-935.1999794849472,-5323.946721583197,3372.053592959684,1.0,-84735.63636891487,-459652.3363869035,285902.79020591604,86.0,-84735.63636891487,-459652.3363869035,285902.79020591604,86.0
8657e5,8657e5,8657c,8657c,0.0,0.0,0.0,0.0,-84735.63636891487,-459652.3363869035,285902.79020591604,86.0,-84735.63636891487,-459652.3363869035,285902.79020591604,86.0
8657e7,8657e7,8657c,8657c,-10861.665869393026,-58767.75577895664,36602.38989645282,11.0,-84735.63636891487,-459652.3363869035,285902.79020591604,86.0,-84735.63636891487,-459652.3363869035,285902.79020591604,86.0
8657ec,8657ec,8657c,8657c,-17700.09989469661,-96209.69471314645,59845.46674560424,18.0,-84735.63636891487,-459652.3363869035,285902.79020591604,86.0,-84735.63636891487,-459652.3363869035,285902.79020591604,86.0
8657fc,8657fc,8657c,8657c,-1982.7044782221637,-10696.854888208472,6633.640771908981,2.0,-84735.63636891487,-459652.3363869035,285902.79020591604,86.0,-84735.63636891487,-459652.3363869035,285902.79020591604,86.0
86584,86584,8659,8659,-10497.949300258808,-59060.217818052246,36235.08267625515,11.0,0.0,0.0,0.0,0.0,-128450.2358781324,-763806.2853144747,454950.00281548814,141.0
8658c,8658c,8659,8659,-11648.315316591721,-64993.406888854,38535.08660898709,12.0,0.0,0.0,0.0,0.0,-128450.2358781324,-763806.2853144747,454950.00281548814,141.0
86594,86594,8659,8659,0.0,0.0,0.0,0.0,0.0,0.0,0.0,0.0,-128450.2358781324,-763806.2853144747,454950.00281548814,141.0
8659c,8659c,8659,8659,-38248.5648360082,-231681.88948046794,141101.81826824293,43.0,0.0,0.0,0.0,0.0,-128450.2358781324,-763806.2853144747,454950.00281548814,141.0
865a4,865a4,865a4,865a4,-33195.36909189267,-216219.96335616554,130727.23933772939,40.0,-33195.36909189267,-216219.96335616554,130727.23933772939,40.0,-33195.36909189267,-216219.96335616554,130727.23933772939,40.0
865a9,865a9,865ac,865ac,-22086.441850830626,-151021.39003352556,92341.25195291471,28.0,0.0,0.0,0.0,0.0,0.0,0.0,0.0,0.0
865ab,865ab,865ac,865ac,-23840.69576424701,-172859.7057157486,105427.65490838108,32.0,0.0,0.0,0.0,0.0,0.0,0.0,0.0,0.0
865ad,865ad,865ac,865ac,0.0,0.0,0.0,0.0,0.0,0.0,0.0,0.0,0.0,0.0,0.0,0.0
865af,865af,865ac,865ac,0.0,0.0,0.0,0.0,0.0,0.0,0.0,0.0,0.0,0.0,0.0,0.0
865b04,865b04,865b1,865b1,-27267.685006738182,-184579.84931903196,110038.48278395756,34.0,0.0,0.0,0.0,0.0,-155799.54258558806,-1071157.3610878089,635285.4093627847,197.0
865b0c,865b0c,865b1,865b1,-19294.396488675444,-130583.85714988975,77170.272004089,24.0,0.0,0.0,0.0,0.0,-155799.54258558806,-1071157.3610878089,635285.4093627847,197.0
865b14,865b14,865b1,865b1,0.0,0.0,0.0,0.0,0.0,0.0,0.0,0.0,-155799.54258558806,-1071157.3610878089,635285.4093627847,197.0
865b1c,865b1c,865b1,865b1,0.0,0.0,0.0,0.0,0.0,0.0,0.0,0.0,-155799.54258558806,-1071157.3610878089,635285.4093627847,197.0
865b24,865b24,865b24,865b24,-10753.855813163857,-76063.174946609,45324.656883605014,14.0,-10753.855813163857,-76063.174946609,45324.656883605014,14.0,-10753.855813163857,-76063.174946609,45324.656883605014,14.0
865b2b,865b2b,865b2c,865b2c,-8978.89550423046,-65194.43416140106,38909.98991343599,12.0,-74816.58332630023,-543685.0758707584,323583.5395322155,100.0,-74816.58332630023,-543685.0758707584,323583.5395322155,100.0
865b2c4,865b2c4,865b2c,865b2c,-19484.89169603608,-141332.4243643365,84167.43069532563,26.0,-74816.58332630023,-543685.0758707584,323583.5395322155,100.0,-74816.58332630023,-543685.0758707584,323583.5395322155,100.0
865b2cc,865b2cc,865b2c,865b2c,-6712.084197618484,-48930.10940089206,29130.091215935216,9.0,-74816.58332630023,-543685.0758707584,323583.5395322155,100.0,-74816.58332630023,-543685.0758707584,323583.5395322155,100.0
865b2d4,865b2d4,865b2c,865b2c,-25368.62585078427,-184914.68877222706,109930.62042183828,34.0,-74816.58332630023,-543685.0758707584,323583.5395322155,100.0,-74816.58332630023,-543685.0758707584,323583.5395322155,100.0
865b2dc,865b2dc,865b2c,865b2c,-11243.212205768607,-81572.51846422115,48499.56875610778,15.0,-74816.58332630023,-543685.0758707584,323583.5395322155,100.0,-74816.58332630023,-543685.0758707584,323583.5395322155,100.0
865b2f,865b2f,865b2c,865b2c,-1513.7596731004733,-10875.926326403272,6463.881391886396,2.0,-74816.58332630023,-543685.0758707584,323583.5395322155,100.0,-74816.58332630023,-543685.0758707584,323583.5395322155,100.0
865b304,865b304,865b31,865b31,-23542.35662043425,-168629.85993720422,100082.36592473887,31.0,0.0,0.0,0.0,0.0,-85492.35706658113,-614941.129704072,364456.8929018163,113.0
865b30c,865b30c,865b31,865b31,-21232.483215146563,-152398.43270040088,90256.65490609183,28.0,0.0,0.0,0.0,0.0,-85492.35706658113,-614941.129704072,364456.8929018163,113.0
865b314,865b314,865b31,865b31,-36947.32289849182,-266708.905073508,157978.62055084782,49.0,0.0,0.0,0.0,0.0,-85492.35706658113,-614941.129704072,364456.8929018163,113.0
865b31c,865b31c,865b31,865b31,-3770.19433250847,-27203.931992958976,16139.251520137721,5.0,0.0,0.0,0.0,0.0,-85492.35706658113,-614941.129704072,364456.8929018163,113.0
865b324,865b324,865b33,865b33,-16484.879250374386,-119704.0734773719,71025.50633464566,22.0,0.0,0.0,0.0,0.0,-85180.59932607395,-620410.316351943,367885.29251498973,114.0
865b32c,865b32c,865b33,865b33,-34309.88355639078,-250305.53582047165,148518.96441441466,46.0,0.0,0.0,0.0,0.0,-85180.59932607395,-620410.316351943,367885.29251498973,114.0
865b334,865b334,865b33,865b33,-20129.314012808307,-146973.69238663217,87083.13573477937,27.0,0.0,0.0,0.0,0.0,-85180.59932607395,-620410.316351943,367885.29251498973,114.0
865b33c,865b33c,865b33,865b33,-14256.522506500467,-103427.0146674672,61257.68603114994,19.0,0.0,0.0,0.0,0.0,-85180.59932607395,-620410.316351943,367885.29251498973,114.0
865b344,865b344,865b35,865b35,-7514.4206010181415,-54454.023545174496,32206.643170246367,10.0,0.0,0.0,0.0,0.0,-134520.45360026212,-980542.777633409,579264.7866100317,180.0
865b34c,865b34c,865b35,865b35,0.0,0.0,0.0,0.0,0.0,0.0,0.0,0.0,-134520.45360026212,-980542.777633409,579264.7866100317,180.0
865b354,865b354,865b35,865b35,0.0,0.0,0.0,0.0,0.0,0.0,0.0,0.0,-134520.45360026212,-980542.777633409,579264.7866100317,180.0
865b35c,865b35c,865b35,865b35,-18781.880899020714,-136218.92125471676,80375.61835202489,25.0,0.0,0.0,0.0,0.0,-134520.45360026212,-980542.777633409,579264.7866100317,180.0
865b364,865b364,865b37,865b37,-15111.678436851033,-108962.37249769832,64301.93760204045,20.0,0.0,0.0,0.0,0.0,-87824.14972749603,-631738.5955942819,373321.29724223114,116.0
865b36c,865b36c,865b37,865b37,-27939.467545837262,-201468.0503434205,119152.75265024608,37.0,0.0,0.0,0.0,0.0,-87824.14972749603,-631738.5955942819,373321.29724223114,116.0
865b374,865b374,865b37,865b37,-21235.20650505504,-152443.90361146597,90179.18992406268,28.0,0.0,0.0,0.0,0.0,-87824.14972749603,-631738.5955942819,373321.29724223114,116.0
865b37c,865b37c,865b37,865b37,-23537.79723975271,-168864.26914169712,99687.4170658819,31.0,0.0,0.0,0.0,0.0,-87824.14972749603,-631738.5955942819,373321.29724223114,116.0
865b3c,865b3c,865b3c,865b3c,0.0,0.0,0.0,0.0,0.0,0.0,0.0,0.0,-77813.50884786181,-549708.1490457915,325302.0823262448,101.0
865b44,865b44,865b44,865b44,0.0,0.0,0.0,0.0,-57582.77475738965,-409067.92118359584,240135.06034770524,75.0,-57582.77475738965,-409067.92118359584,240135.06034770524,75.0
865b484,865b484,865b49,865b49,-10630.764061262922,-76305.08099405508,44945.665114233976,14.0,0.0,0.0,0.0,0.0,-81705.03910064358,-588793.7668862112,346532.77834685147,108.0
865b48c,865b48c,865b49,865b49,-8350.222048508565,-59972.91049102356,35282.90980759223,11.0,0.0,0.0,0.0,0.0,-81705.03910064358,-588793.7668862112,346532.77834685147,108.0
865b494,865b494,865b49,865b49,-37038.21958309294,-267185.4835722276,157149.85837895446,49.0,0.0,0.0,0.0,0.0,-81705.03910064358,-588793.7668862112,346532.77834685147,108.0
865b49c,865b49c,865b49,865b49,-25685.833407779148,-185330.29182890497,109154.34504607081,34.0,0.0,0.0,0.0,0.0,-81705.03910064358,-588793.7668862112,346532.77834685147,108.0
865b4a4,865b4a4,865b4a4,865b4b,-15030.832387623548,-109021.87019739473,64219.97617868861,20.0,-15030.832387623548,-109021.87019739473,64219.97617868861,20.0,0.0,0.0,0.0,0.0
865b4ac,865b4ac,865b4ac,865b4b,0.0,0.0,0.0,0.0,-64238.8323082033,-468813.02595876507,276205.5448136782,86.0,0.0,0.0,0.0,0.0
865b4b1,865b4b1,865b4b4,865b4b,-17215.37475699425,-125421.59568299734,73790.46764469032,23.0,0.0,0.0,0.0,0.0,0.0,0.0,0.0,0.0
865b4b3,865b4b3,865b4b4,865b4b,-32843.456837444195,-239938.86853940284,141182.1781803305,44.0,0.0,0.0,0.0,0.0,0.0,0.0,0.0,0.0
865b4b5,865b4b5,865b4b4,865b4b,-5976.407287287002,-43637.28748888627,25647.881759503645,8.0,0.0,0.0,0.0,0.0,0.0,0.0,0.0,0.0
865b4b7,865b4b7,865b4b4,865b4b,-28450.07290336008,-207270.72054138692,121823.82510694,38.0,0.0,0.0,0.0,0.0,0.0,0.0,0.0,0.0
865b4b9,865b4b9,865b4bc,865b4b,-15015.303233574006,-109082.84233186238,64120.00539791868,20.0,-49612.62844104524,-359937.635301606,211642.24248556665,66.0,0.0,0.0,0.0,0.0
865b4bb,865b4bb,865b4bc,865b4b,-11263.331296655575,-81795.85593117648,48117.248163030934,15.0,-49612.62844104524,-359937.635301606,211642.24248556665,66.0,0.0,0.0,0.0,0.0
865b4bd,865b4bd,865b4bc,865b4b,-8277.987852195338,-59982.36166224376,35283.86706699658,11.0,-49612.62844104524,-359937.635301606,211642.24248556665,66.0,0.0,0.0,0.0,0.0
865b4bf,865b4bf,865b4bc,865b4b,-15056.006058620318,-109076.57537632328,64121.12185762049,20.0,-49612.62844104524,-359937.635301606,211642.24248556665,66.0,0.0,0.0,0.0,0.0
865b4c1,865b4c1,865b4c4,865b4d,-15070.50068247829,-109103.74501992865,64071.473768872456,20.0,-48167.31620016297,-349173.96984958823,204970.8753488078,64.0,-117846.21230830082,-856636.3680373877,502775.2310097013,157.0
865b4c3,865b4c3,865b4c4,865b4d,-14313.463503698573,-103674.67771091484,60824.22582443226,19.0,-48167.31620016297,-349173.96984958823,204970.8753488078,64.0,-117846.21230830082,-856636.3680373877,502775.2310097013,157.0
865b4c5,865b4c5,865b4c4,865b4d,-6764.61640582224,-49112.641834095484,28808.996973213958,9.0,-48167.31620016297,-349173.96984958823,204970.8753488078,64.0,-117846.21230830082,-856636.3680373877,502775.2310097013,157.0
865b4c7,865b4c7,865b4c4,865b4d,-12018.735608163868,-87282.90528464923,51266.17878228913,16.0,-48167.31620016297,-349173.96984958823,204970.8753488078,64.0,-117846.21230830082,-856636.3680373877,502775.2310097013,157.0
865b4c9,865b4c9,865b4cc,865b4d,-21722.881724636496,-158205.3021167124,92925.67282643825,29.0,-47877.57632391068,-349178.9636887568,205030.24911206306,64.0,-117846.21230830082,-856636.3680373877,502775.2310097013,157.0
865b4cb,865b4cb,865b4cc,865b4d,-15681.049310245768,-114573.45585588657,67283.79311852522,21.0,-47877.57632391068,-349178.9636887568,205030.24911206306,64.0,-117846.21230830082,-856636.3680373877,502775.2310097013,157.0
865b4cd,865b4cd,865b4cc,865b4d,-5230.798592441318,-38200.85457703323,22410.517863974503,7.0,-47877.57632391068,-349178.9636887568,205030.24911206306,64.0,-117846.21230830082,-856636.3680373877,502775.2310097013,157.0
865b4cf,865b4cf,865b4cc,865b4d,-5242.846696587108,-38199.351139124614,22410.265303125085,7.0,-47877.57632391068,-349178.9636887568,205030.24911206306,64.0,-117846.21230830082,-856636.3680373877,502775.2310097013,157.0
865b4dc,865b4dc,865b4dc,865b4d,-17310.417780690113,-125528.30704029858,73586.49516832689,23.0,-17310.417780690113,-125528.30704029858,73586.49516832689,23.0,-117846.21230830082,-856636.3680373877,502775.2310097013,157.0
865b4f,865b4f,865b4f,865b4f,0.0,0.0,0.0,0.0,-55207.6301612856,-398242.4233148844,233790.14595994834,73.0,-55207.6301612856,-398242.4233148844,233790.14595994834,73.0
865b54,865b54,865b54,865b54,-36960.03305988108,-267733.9507885952,156231.79820350275,49.0,-36960.03305988108,-267733.9507885952,156231.79820350275,49.0,-36960.03305988108,-267733.9507885952,156231.79820350275,49.0
865b5c,865b5c,865b5c,865b5c,-38831.907102104684,-273099.5852398181,159320.52450681434,50.0,-38831.907102104684,-273099.5852398181,159320.52450681434,50.0,-38831.907102104684,-273099.5852398181,159320.52450681434,50.0
865b7,865b7,865b7,865b7,0.0,0.0,0.0,0.0,-66216.1630706023,-452787.86953744316,264990.6590994858,83.0,-66216.1630706023,-452787.86953744316,264990.6590994858,83.0
865b9,865b9,865bc,865bc,-33933.21398540601,-223515.7278709539,130843.74836012066,41.0,0.0,0.0,0.0,0.0,0.0,0.0,0.0,0.0
865bb,865bb,865bc,865bc,0.0,0.0,0.0,0.0,0.0,0.0,0.0,0.0,0.0,0.0,0.0,0.0
865bd,865bd,865bc,865bc,-41686.03250924826,-266359.04112541,157388.28810191553,49.0,0.0,0.0,0.0,0.0,0.0,0.0,0.0,0.0
865bf,865bf,865bc,865bc,-33139.547039749894,-206953.63383659878,121175.12121548997,38.0,0.0,0.0,0.0,0.0,0.0,0.0,0.0,0.0
865c1,865c1,865c1,865c1,-15626.32805147187,-98425.25364299925,56738.996906904926,18.0,-15626.32805147187,-98425.25364299925,56738.996906904926,18.0,-15626.32805147187,-98425.25364299925,56738.996906904926,18.0
865c3,865c3,865c3,865c3,-6039.964976691488,-38413.80746027527,21835.43931798321,7.0,-6039.964976691488,-38413.80746027527,21835.43931798321,7.0,-6039.964976691488,-38413.80746027527,21835.43931798321,7.0
865c41,865c41,865c44,865c44,-5919.947026586031,-38387.9489902565,21913.857297030318,7.0,0.0,0.0,0.0,0.0,-98192.17532729563,-641591.0967359063,366540.64265071857,117.0
865c424,865c424,865c44,865c44,-16805.657625888067,-109643.3844011946,62704.050277307884,20.0,0.0,0.0,0.0,0.0,-98192.17532729563,-641591.0967359063,366540.64265071857,117.0
865c42c,865c42c,865c44,865c44,-34327.49152166928,-224799.51884311516,128523.01505176084,41.0,0.0,0.0,0.0,0.0,-98192.17532729563,-641591.0967359063,366540.64265071857,117.0
865c434,865c434,865c44,865c44,-21802.91439160095,-142583.22187664793,81445.25627856658,26.0,0.0,0.0,0.0,0.0,-98192.17532729563,-641591.0967359063,366540.64265071857,117.0
865c43c,865c43c,865c44,865c44,-8403.2325760352,-54847.874958748995,31306.091185812533,10.0,0.0,0.0,0.0,0.0,-98192.17532729563,-641591.0967359063,366540.64265071857,117.0
865c45,865c45,865c44,865c44,-9237.792022287427,-60356.926801518726,34395.70348699062,11.0,0.0,0.0,0.0,0.0,-98192.17532729563,-641591.0967359063,366540.64265071857,117.0
865c47,865c47,865c44,865c44,-1695.1401632286565,-10972.22086442453,6252.669073249806,2.0,0.0,0.0,0.0,0.0,-98192.17532729563,-641591.0967359063,366540.64265071857,117.0
865c54,865c54,865c54,865c54,-9049.362708762957,-60437.52461605478,34304.126638907546,11.0,-9049.362708762957,-60437.52461605478,34304.126638907546,11.0,-9049.362708762957,-60437.52461605478,34304.126638907546,11.0
865c589,865c589,865c589,865c589,-13115.91942081429,-87841.3639445361,50028.43371800016,16.0,-13115.91942081429,-87841.3639445361,50028.43371800016,16.0,-13115.91942081429,-87841.3639445361,50028.43371800016,16.0
865c58a4,865c58a4,865c58a4,865c58a4,-8196.338986871668,-54891.08932976471,31285.19822913689,10.0,-8196.338986871668,-54891.08932976471,31285.19822913689,10.0,-8196.338986871668,-54891.08932976471,31285.19822913689,10.0
865c58a9,865c58a9,865c58a9,865c58a9,-16377.820719811178,-109774.77520683045,62587.27469096869,20.0,-16377.820719811178,-109774.77520683045,62587.27469096869,20.0,-16377.820719811178,-109774.77520683045,62587.27469096869,20.0
865c58aa4,865c58aa4,865c58aa4,865c58ab,-11463.909368411967,-76840.07399926455,43815.21905888366,14.0,-11463.909368411967,-76840.07399926455,43815.21905888366,14.0,-109750.05873698083,-735454.6430766974,419393.6087007659,134.0
865c58aac,865c58aac,865c58aac,865c58ab,-25385.20025615688,-170140.90909500927,97027.91043679843,31.0,-25385.20025615688,-170140.90909500927,97027.91043679843,31.0,-109750.05873698083,-735454.6430766974,419393.6087007659,134.0
865c58ab1,865c58ab1,865c58ab4,865c58ab,-22933.726372575704,-153676.6381729577,87635.04736342846,28.0,-46688.485349852905,-312840.2433721397,178402.00488272062,57.0,-109750.05873698083,-735454.6430766974,419393.6087007659,134.0
865c58ab3,865c58ab3,865c58ab4,865c58ab,-5733.263812589464,-38418.82759219378,21909.387843197175,7.0,-46688.485349852905,-312840.2433721397,178402.00488272062,57.0,-109750.05873698083,-735454.6430766974,419393.6087007659,134.0
865c58ab5,865c58ab5,865c58ab4,865c58ab,-9010.67225710558,-60371.91660096998,34429.63258110018,11.0,-46688.485349852905,-312840.2433721397,178402.00488272062,57.0,-109750.05873698083,-735454.6430766974,419393.6087007659,134.0
865c58ab7,865c58ab7,865c58ab4,865c58ab,-9010.822907582165,-60372.861006018225,34427.93709499482,11.0,-46688.485349852905,-312840.2433721397,178402.00488272062,57.0,-109750.05873698083,-735454.6430766974,419393.6087007659,134.0
865c58abc,865c58abc,865c58abc,865c58ab,-26212.46376255908,-175633.41661028366,100148.47432236312,32.0,-26212.46376255908,-175633.41661028366,100148.47432236312,32.0,-109750.05873698083,-735454.6430766974,419393.6087007659,134.0
865c58ac4,865c58ac4,865c58ac4,865c58ad,-7374.447662155812,-49396.79895955657,28166.358959593468,9.0,-7374.447662155812,-49396.79895955657,28166.358959593468,9.0,-134395.31601425167,-900091.3544050453,513298.59935970535,164.0
865c58ac9,865c58ac9,865c58acc,865c58ad,-25399.15488927925,-170141.02450197973,97024.0561288197,31.0,-63911.22032585196,-428093.50923477055,244129.80405055342,78.0,-134395.31601425167,-900091.3544050453,513298.59935970535,164.0
865c58acb,865c58acb,865c58acc,865c58ad,-13108.880323368103,-87813.4312393041,50079.290642283726,16.0,-63911.22032585196,-428093.50923477055,244129.80405055342,78.0,-134395.31601425167,-900091.3544050453,513298.59935970535,164.0
865c58acd,865c58acd,865c58acc,865c58ad,-17208.743424039705,-115254.96888393736,65728.4750032105,21.0,-63911.22032585196,-428093.50923477055,244129.80405055342,78.0,-134395.31601425167,-900091.3544050453,513298.59935970535,164.0
865c58acf,865c58acf,865c58acc,865c58ad,-8194.441689164913,-54884.084609549405,31297.982276239523,10.0,-63911.22032585196,-428093.50923477055,244129.80405055342,78.0,-134395.31601425167,-900091.3544050453,513298.59935970535,164.0
865c58ad1,865c58ad1,865c58ad4,865c58ad,-7376.005960244307,-49395.412340099436,28168.382616323343,9.0,-62290.110650627656,-417112.56036106305,237872.79823984316,76.0,-134395.31601425167,-900091.3544050453,513298.59935970535,164.0
865c58ad3,865c58ad3,865c58ad4,865c58ad,-33602.21015925287,-225021.3329666584,128326.4048810573,41.0,-62290.110650627656,-417112.56036106305,237872.79823984316,76.0,-134395.31601425167,-900091.3544050453,513298.59935970535,164.0
865c58ad5,865c58ad5,865c58ad4,865c58ad,-21311.894531130474,-142695.81505430525,81378.0107424625,26.0,-62290.110650627656,-417112.56036106305,237872.79823984316,76.0,-134395.31601425167,-900091.3544050453,513298.59935970535,164.0
865c58adc,865c58adc,865c58adc,865c58ad,-819.5373756162555,-5488.485849655022,3129.638109715249,1.0,-819.5373756162555,-5488.485849655022,3129.638109715249,1.0,-134395.31601425167,-900091.3544050453,513298.59935970535,164.0
865c58af,865c58af,865c58af,865c58af,-18031.23857943186,-120752.30644405403,68841.81431093946,22.0,-18031.23857943186,-120752.30644405403,68841.81431093946,22.0,-18031.23857943186,-120752.30644405403,68841.81431093946,22.0
865c58b4,865c58b4,865c58b4,865c58b4,-9021.733299537636,-60372.03034837772,34426.53599652038,11.0,-9021.733299537636,-60372.03034837772,34426.53599652038,11.0,-9021.733299537636,-60372.03034837772,34426.53599652038,11.0
865c58bc,865c58bc,865c58bc,865c58bc,-5740.069842181145,-38423.06154073608,21900.17903359546,7.0,-5740.069842181145,-38423.06154073608,21900.17903359546,7.0,-5740.069842181145,-38423.06154073608,21900.17903359546,7.0
865c58d,865c58d,865c58d,865c58d,-4109.488072961513,-27442.594066476002,15644.80593080512,5.0,-4109.488072961513,-27442.594066476002,15644.80593080512,5.0,-4109.488072961513,-27442.594066476002,15644.80593080512,5.0
865c594,865c594,865c594,865c594,-1652.369745892936,-10978.177257479862,6253.662855501403,2.0,-1652.369745892936,-10978.177257479862,6253.662855501403,2.0,-1652.369745892936,-10978.177257479862,6253.662855501403,2.0
865c59c,865c59c,865c59c,865c59c,-1649.9418002433313,-10984.217046849302,6243.690585441329,2.0,-1649.9418002433313,-10984.217046849302,6243.690585441329,2.0,-1649.9418002433313,-10984.217046849302,6243.690585441329,2.0
865c5b,865c5b,865c5b,865c5b,-26587.213224048886,-175619.22419913465,100074.51380836504,32.0,-26587.213224048886,-175619.22419913465,100074.51380836504,32.0,-26587.213224048886,-175619.22419913465,100074.51380836504,32.0
865c5d,865c5d,865c5d,865c5d,-33249.45785052606,-219360.3211336594,125375.82742059129,40.0,-33249.45785052606,-219360.3211336594,125375.82742059129,40.0,-33249.45785052606,-219360.3211336594,125375.82742059129,40.0
865c5e4,865c5e4,865c5e4,865c5e4,-17306.186814828874,-115157.65201403592,65873.29571460023,21.0,-17306.186814828874,-115157.65201403592,65873.29571460023,21.0,-17306.186814828874,-115157.65201403592,65873.29571460023,21.0
865c5ec,865c5ec,865c5ec,865c5ec,-6589.458572636546,-43890.97037606103,25058.048177308217,8.0,-6589.458572636546,-43890.97037606103,25058.048177308217,8.0,-6589.458572636546,-43890.97037606103,25058.048177308217,8.0
865c5f1,865c5f1,865c5f1,865c5f1,-7399.059324283154,-49375.51645303434,28197.20267578128,9.0,-7399.059324283154,-49375.51645303434,28197.20267578128,9.0,-7399.059324283154,-49375.51645303434,28197.20267578128,9.0
865c5f3,865c5f3,865c5f3,865c5f3,-5750.79073144476,-38410.17973994547,21919.954071082007,7.0,-5750.79073144476,-38410.17973994547,21919.954071082007,7.0,-5750.79073144476,-38410.17973994547,21919.954071082007,7.0
865c5f44,865c5f44,865c5f44,865c5f5,-8201.251996835375,-54872.980823372294,31315.662859702185,10.0,-8201.251996835375,-54872.980823372294,31315.662859702185,10.0,-160567.99321428465,-1075679.9208255748,613536.1154821205,196.0
865c5f4c,865c5f4c,865c5f4c,865c5f5,-14763.025243334634,-98784.44823034173,56345.06027287114,18.0,-14763.025243334634,-98784.44823034173,56345.06027287114,18.0,-160567.99321428465,-1075679.9208255748,613536.1154821205,196.0
865c5f51,865c5f51,865c5f51,865c5f5,-6555.123721922401,-43903.52205233675,25045.065463489438,8.0,-6555.123721922401,-43903.52205233675,25045.065463489438,8.0,-160567.99321428465,-1075679.9208255748,613536.1154821205,196.0
865c5f53,865c5f53,865c5f53,865c5f5,-30318.382902555462,-203064.80283200927,115813.87437502778,37.0,-30318.382902555462,-203064.80283200927,115813.87437502778,37.0,-160567.99321428465,-1075679.9208255748,613536.1154821205,196.0
865c5f544,865c5f544,865c5f544,865c5f5,-819.0617023073881,-5488.0262624278175,3130.5684468468853,1.0,-819.0617023073881,-5488.0262624278175,3130.5684468468853,1.0,-160567.99321428465,-1075679.9208255748,613536.1154821205,196.0
865c5f54c,865c5f54c,865c5f54c,865c5f5,-16381.759057543994,-109765.78109722973,62602.016871576896,20.0,-16381.759057543994,-109765.78109722973,62602.016871576896,20.0,-160567.99321428465,-1075679.9208255748,613536.1154821205,196.0
865c5f551,865c5f551,865c5f554,865c5f5,-1637.8040254264656,-10976.499503093873,6260.436816717645,2.0,-68787.19838669106,-461020.25598100544,262925.7365908006,84.0,-160567.99321428465,-1075679.9208255748,613536.1154821205,196.0
865c5f5524,865c5f5524,865c5f554,865c5f5,-1637.8507187060577,-10976.569718410174,6260.301490924125,2.0,-68787.19838669106,-461020.25598100544,262925.7365908006,84.0,-160567.99321428465,-1075679.9208255748,613536.1154821205,196.0
865c5f552c,865c5f552c,865c5f554,865c5f5,-36032.5494479185,-241487.025079451,137722.30812904052,44.0,-68787.19838669106,-461020.25598100544,262925.7365908006,84.0,-160567.99321428465,-1075679.9208255748,613536.1154821205,196.0
865c5f5534,865c5f5534,865c5f554,865c5f5,-22109.70634370343,-148185.42350317512,84511.36715142116,27.0,-68787.19838669106,-461020.25598100544,262925.7365908006,84.0,-160567.99321428465,-1075679.9208255748,613536.1154821205,196.0
865c5f553c,865c5f553c,865c5f554,865c5f5,-2456.564072236451,-16464.940838554434,9390.356452449209,3.0,-68787.19838669106,-461020.25598100544,262925.7365908006,84.0,-160567.99321428465,-1075679.9208255748,613536.1154821205,196.0
865c5f555,865c5f555,865c5f554,865c5f5,-2456.364606501699,-16465.054389029297,9390.209531379285,3.0,-68787.19838669106,-461020.25598100544,262925.7365908006,84.0,-160567.99321428465,-1075679.9208255748,613536.1154821205,196.0
865c5f557,865c5f557,865c5f554,865c5f5,-2456.359172198465,-16464.742949291496,9390.757018868657,3.0,-68787.19838669106,-461020.25598100544,262925.7365908006,84.0,-160567.99321428465,-1075679.9208255748,613536.1154821205,196.0
865c5f55c,865c5f55c,865c5f55c,865c5f5,-1637.660035078431,-10976.247014127757,6260.9171527857025,2.0,-1637.660035078431,-10976.247014127757,6260.9171527857025,2.0,-160567.99321428465,-1075679.9208255748,613536.1154821205,196.0
865c5f57,865c5f57,865c5f57,865c5f5,-9827.123805757614,-65854.42101480975,37570.56450489045,12.0,-9827.123805757614,-65854.42101480975,37570.56450489045,12.0,-160567.99321428465,-1075679.9208255748,613536.1154821205,196.0
865c5f5c,865c5f5c,865c5f5c,865c5f5,-3277.406362258301,-21949.435517914237,12526.648944129367,4.0,-3277.406362258301,-21949.435517914237,12526.648944129367,4.0,-160567.99321428465,-1075679.9208255748,613536.1154821205,196.0
865c5f7,865c5f7,865c5f7,865c5f7,-27845.141038572187,-186534.0556914342,106543.17540981503,34.0,-27845.141038572187,-186534.0556914342,106543.17540981503,34.0,-27845.141038572187,-186534.0556914342,106543.17540981503,34.0
865c5fc,865c5fc,865c5fc,865c5fc,-15573.311507055541,-104208.82946271947,59589.362606991584,19.0,-15573.311507055541,-104208.82946271947,59589.362606991584,19.0,-15573.311507055541,-104208.82946271947,59589.362606991584,19.0
865c601,865c601,865c61,865c61,-23750.37997266566,-159000.68473879687,91053.18937233122,29.0,0.0,0.0,0.0,0.0,-118227.46302929266,-789247.7465079798,452525.21484679205,144.0
865c603,865c603,865c61,865c61,-13917.948515425469,-93184.64921443253,53416.76123296765,17.0,0.0,0.0,0.0,0.0,-118227.46302929266,-789247.7465079798,452525.21484679205,144.0
865c605,865c605,865c61,865c61,-12313.921304583377,-82217.5337234429,47131.07997575301,15.0,0.0,0.0,0.0,0.0,-118227.46302929266,-789247.7465079798,452525.21484679205,144.0
865c607,865c607,865c61,865c61,-11492.7220872895,-76757.68907249608,43951.86028441421,14.0,0.0,0.0,0.0,0.0,-118227.46302929266,-789247.7465079798,452525.21484679205,144.0
865c60c,865c60c,865c61,865c61,-15660.64674692762,-104142.0841086201,59683.07853418448,19.0,0.0,0.0,0.0,0.0,-118227.46302929266,-789247.7465079798,452525.21484679205,144.0
865c614,865c614,865c61,865c61,-24691.99358844452,-164364.97721000167,94367.54589619522,30.0,0.0,0.0,0.0,0.0,-118227.46302929266,-789247.7465079798,452525.21484679205,144.0
865c61c,865c61c,865c61,865c61,-16399.850813956527,-109580.12844018958,62921.699550946236,20.0,0.0,0.0,0.0,0.0,-118227.46302929266,-789247.7465079798,452525.21484679205,144.0
865c63,865c63,865c63,865c63,0.0,0.0,0.0,0.0,-70400.81830407502,-470834.90512075723,271219.3763780191,86.0,-70400.81830407502,-470834.90512075723,271219.3763780191,86.0
865c65,865c65,865c65,865c65,-41493.317382364585,-273753.7299039627,157516.84046168547,50.0,-41493.317382364585,-273753.7299039627,157516.84046168547,50.0,-41493.317382364585,-273753.7299039627,157516.84046168547,50.0
865c664,865c664,865c67,865c67,-28275.439414203574,-186251.89549235738,106922.78410309568,34.0,0.0,0.0,0.0,0.0,-115332.09885236375,-761574.6013861909,436963.40700522065,139.0
865c66c,865c66c,865c67,865c67,0.0,0.0,0.0,0.0,0.0,0.0,0.0,0.0,-115332.09885236375,-761574.6013861909,436963.40700522065,139.0
865c674,865c674,865c67,865c67,-25679.113446910116,-169904.1549939937,97364.83285682986,31.0,0.0,0.0,0.0,0.0,-115332.09885236375,-761574.6013861909,436963.40700522065,139.0
865c67c,865c67c,865c67,865c67,-14983.720708226236,-98642.29655484774,56535.51366956884,18.0,0.0,0.0,0.0,0.0,-115332.09885236375,-761574.6013861909,436963.40700522065,139.0
865c6c,865c6c,865c6c,865c6c,-20143.13332104215,-131446.56375069745,75470.10251638212,24.0,-20143.13332104215,-131446.56375069745,75470.10251638212,24.0,-20143.13332104215,-131446.56375069745,75470.10251638212,24.0
865c74,865c74,865c74,865c74,-28479.04595589167,-185832.78936443146,107595.79398891491,34.0,-28479.04595589167,-185832.78936443146,107595.79398891491,34.0,-28479.04595589167,-185832.78936443146,107595.79398891491,34.0
865c7c,865c7c,865c7c,865c7c,0.0,0.0,0.0,0.0,-62510.109509281574,-415702.6393193658,240270.33449204187,76.0,-62510.109509281574,-415702.6393193658,240270.33449204187,76.0
865c84,865c84,865c84,865c84,0.0,0.0,0.0,0.0,-72201.97733216551,-486842.97370570357,281570.5699906978,89.0,-72201.97733216551,-486842.97370570357,281570.5699906978,89.0
865c89,865c89,865c89,865c8c,0.0,0.0,0.0,0.0,-61028.55391325035,-410731.85253064847,236415.19963334463,75.0,0.0,0.0,0.0,0.0
865c8a4,865c8a4,865c8b,865c8c,-16310.107726076527,-109591.74527867445,62924.791574957104,20.0,-76470.60361304719,-515250.93176698056,295498.9470805976,94.0,0.0,0.0,0.0,0.0
865c8ac,865c8ac,865c8b,865c8c,-22850.86118345599,-153508.47725314667,87950.83374020841,28.0,-76470.60361304719,-515250.93176698056,295498.9470805976,94.0,0.0,0.0,0.0,0.0
865c8b4,865c8b4,865c8b,865c8c,-15414.7347211569,-104180.62777819196,59679.834532760775,19.0,-76470.60361304719,-515250.93176698056,295498.9470805976,94.0,0.0,0.0,0.0,0.0
865c8bc,865c8bc,865c8b,865c8c,-21894.89998235775,-147970.0814569673,84943.48723267126,27.0,-76470.60361304719,-515250.93176698056,295498.9470805976,94.0,0.0,0.0,0.0,0.0
865c8c4,865c8c4,865c8d,865c8c,-28244.319352395763,-191843.7304148223,110093.98592261056,35.0,0.0,0.0,0.0,0.0,0.0,0.0,0.0,0.0
865c8cc,865c8cc,865c8d,865c8c,-16147.125377614133,-109664.00671814213,62840.873510544916,20.0,0.0,0.0,0.0,0.0,0.0,0.0,0.0,0.0
865c8d4,865c8d4,865c8d,865c8c,-36104.85762034633,-246774.91999211858,141395.981072206,45.0,0.0,0.0,0.0,0.0,0.0,0.0,0.0,0.0
865c8dc,865c8dc,865c8d,865c8c,-15247.42129567244,-104151.87903557833,59772.92074872452,19.0,0.0,0.0,0.0,0.0,0.0,0.0,0.0,0.0
865c8f,865c8f,865c8f,865c8c,-16862.782501719154,-115003.54580421737,66256.38476432802,21.0,-16862.782501719154,-115003.54580421737,66256.38476432802,21.0,0.0,0.0,0.0,0.0
865c94,865c94,865c94,865c94,0.0,0.0,0.0,0.0,-60368.46384531178,-416665.1411685278,239148.29105323518,76.0,-60368.46384531178,-416665.1411685278,239148.29105323518,76.0
865c9c,865c9c,865c9c,865c9c,0.0,0.0,0.0,0.0,-53678.09960956672,-371940.9290455951,215558.35803858555,68.0,-53678.09960956672,-371940.9290455951,215558.35803858555,68.0
865ca4,865ca4,865ca4,865cb,0.0,0.0,0.0,0.0,-51160.43336266066,-361347.60121292545,208852.10676211058,66.0,0.0,0.0,0.0,0.0
865ca84,865ca84,865cac,865cb,0.0,0.0,0.0,0.0,0.0,0.0,0.0,0.0,0.0,0.0,0.0,0.0
865ca8c,865ca8c,865cac,865cb,-1528.088717446376,-10944.201863701594,6344.162770280878,2.0,0.0,0.0,0.0,0.0,0.0,0.0,0.0,0.0
865ca94,865ca94,865cac,865cb,-757.8451346166617,-5472.417875379289,3173.0216637843037,1.0,0.0,0.0,0.0,0.0,0.0,0.0,0.0,0.0
865ca9c,865ca9c,865cac,865cb,-11364.389449361774,-82054.15603579595,47651.437842405525,15.0,0.0,0.0,0.0,0.0,0.0,0.0,0.0,0.0
865cab,865cab,865cac,865cb,-6794.889552564721,-49254.88037717905,28557.92817380808,9.0,0.0,0.0,0.0,0.0,0.0,0.0,0.0,0.0
865cad,865cad,865cac,865cb,-3008.704137892004,-21909.61937502506,12663.024682210116,4.0,0.0,0.0,0.0,0.0,0.0,0.0,0.0,0.0
865caf,865caf,865cac,865cb,-758.8988809242984,-5477.628449667113,3163.7655073672495,1.0,0.0,0.0,0.0,0.0,0.0,0.0,0.0,0.0
865cb4,865cb4,865cb4,865cb,-9901.17914662882,-71335.91390906775,40900.07470008759,13.0,-9901.17914662882,-71335.91390906775,40900.07470008759,13.0,0.0,0.0,0.0,0.0
865cb9,865cb9,865cbc,865cb,-16936.730325738197,-120716.72327112708,69181.3264416497,22.0,0.0,0.0,0.0,0.0,0.0,0.0,0.0,0.0
865cbb,865cbb,865cbc,865cb,-9272.057335904847,-65774.37673835165,37850.819679166,12.0,0.0,0.0,0.0,0.0,0.0,0.0,0.0,0.0
865cbd,865cbd,865cbc,865cb,0.0,0.0,0.0,0.0,0.0,0.0,0.0,0.0,0.0,0.0,0.0,0.0
865cd,865cd,865cd,865cd,-4649.613000869214,-32954.17694199469,18804.91196559123,6.0,-4649.613000869214,-32954.17694199469,18804.91196559123,6.0,-4649.613000869214,-32954.17694199469,18804.91196559123,6.0
865ce4,865ce4,865ce4,865ce4,-4003.4651553591452,-27491.74009491802,15585.892709070973,5.0,-4003.4651553591452,-27491.74009491802,15585.892709070973,5.0,-4003.4651553591452,-27491.74009491802,15585.892709070973,5.0
865cec,865cec,865cec,865cec,-26237.360272043665,-181104.13498366086,103513.67585643832,33.0,-26237.360272043665,-181104.13498366086,103513.67585643832,33.0,-26237.360272043665,-181104.13498366086,103513.67585643832,33.0
865cf3,865cf3,865cf3,865cf3,0.0,0.0,0.0,0.0,-59648.76040155962,-405999.18194148946,232112.2557878726,74.0,-59648.76040155962,-405999.18194148946,232112.2557878726,74.0
865cf44,865cf44,865cf44,865cf5,-12980.842226140461,-87809.508928916,50119.50052173885,16.0,-12980.842226140461,-87809.508928916,50119.50052173885,16.0,-160665.63251987624,-1080814.9360979018,617472.8935557937,197.0
865cf4c,865cf4c,865cf4c,865cf5,-28392.12593736247,-191988.93354472145,109802.45962283632,35.0,-28392.12593736247,-191988.93354472145,109802.45962283632,35.0,-160665.63251987624,-1080814.9360979018,617472.8935557937,197.0
865cf54,865cf54,865cf54,865cf5,-28567.211903430758,-191961.06146873065,109805.77905747856,35.0,-28567.211903430758,-191961.06146873065,109805.77905747856,35.0,-160665.63251987624,-1080814.9360979018,617472.8935557937,197.0
865cf59,865cf59,865cf5c,865cf5,0.0,0.0,0.0,0.0,0.0,0.0,0.0,0.0,-160665.63251987624,-1080814.9360979018,617472.8935557937,197.0
865cf5b,865cf5b,865cf5c,865cf5,-13051.156603086887,-87789.64712843955,50136.0330702843,16.0,0.0,0.0,0.0,0.0,-160665.63251987624,-1080814.9360979018,617472.8935557937,197.0
865cf5d,865cf5d,865cf5c,865cf5,-2448.2119298969837,-16463.049506606483,9395.852045227206,3.0,0.0,0.0,0.0,0.0,-160665.63251987624,-1080814.9360979018,617472.8935557937,197.0
865cf5f,865cf5f,865cf5c,865cf5,-27817.088908156984,-186582.66109664273,106465.36649074344,34.0,0.0,0.0,0.0,0.0,-160665.63251987624,-1080814.9360979018,617472.8935557937,197.0
865cf64,865cf64,865cf7,865cf7,0.0,0.0,0.0,0.0,0.0,0.0,0.0,0.0,-82558.48745046412,-554521.5284554298,315825.71713936044,101.0
865cf6c,865cf6c,865cf7,865cf7,-9760.784161836393,-65882.29549072716,37538.96842046534,12.0,0.0,0.0,0.0,0.0,-82558.48745046412,-554521.5284554298,315825.71713936044,101.0
865cf74,865cf74,865cf7,865cf7,-4881.3394750368425,-32959.030506181254,18737.81882400719,6.0,0.0,0.0,0.0,0.0,-82558.48745046412,-554521.5284554298,315825.71713936044,101.0
865cf7c,865cf7c,865cf7,865cf7,-25358.41392411142,-170258.40720195696,96828.5895102302,31.0,0.0,0.0,0.0,0.0,-82558.48745046412,-554521.5284554298,315825.71713936044,101.0
865cfc,865cfc,865cfc,865cfc,-28518.363124712352,-192333.4448378298,109164.89960128754,35.0,-28518.363124712352,-192333.4448378298,109164.89960128754,35.0,-28518.363124712352,-192333.4448378298,109164.89960128754,35.0
865d4,865d4,865d4,865d4,0.0,0.0,0.0,0.0,-56410.98119078411,-386568.7471529415,215101.247408438,70.0,-56410.98119078411,-386568.7471529415,215101.247408438,70.0
865dc,865dc,865dc,865dc,-5215.135558897427,-33078.87500986568,18433.26025318925,6.0,-5215.135558897427,-33078.87500986568,18433.26025318925,6.0,-5215.135558897427,-33078.87500986568,18433.26025318925,6.0
865f,865f,865f,865f,0.0,0.0,0.0,0.0,-81720.22788856091,-476343.1268987118,271334.92449892766,87.0,-81720.22788856091,-476343.1268987118,271334.92449892766,87.0
87c01,87c01,87c01,87c04,0.0,0.0,0.0,0.0,-33810.30984008202,-395498.7870709177,329767.3558626905,81.0,0.0,0.0,0.0,0.0
87c064,87c064,87c064,87c04,0.0,0.0,0.0,0.0,-24651.7313719782,-289884.8807431866,238016.61657000144,59.0,0.0,0.0,0.0,0.0
87c07a4,87c07a4,87c07b,87c04,-2125.128906190591,-24541.48017702162,20197.607954737836,5.0,0.0,0.0,0.0,0.0,0.0,0.0,0.0,0.0
87c07ac,87c07ac,87c07b,87c04,-12682.92933830612,-147250.85121676076,121190.37558353067,30.0,0.0,0.0,0.0,0.0,0.0,0.0,0.0,0.0
87c07b1,87c07b1,87c07b,87c04,-11417.754085596054,-132566.98959410196,109020.90505261224,27.0,0.0,0.0,0.0,0.0,0.0,0.0,0.0,0.0
87c07b5,87c07b5,87c07b,87c04,-4642.887590218168,-54027.63722773265,44393.89719988914,11.0,0.0,0.0,0.0,0.0,0.0,0.0,0.0,0.0
87c07b7,87c07b7,87c07b,87c04,-10571.493610650134,-122778.95395711584,100906.72518094038,25.0,0.0,0.0,0.0,0.0,0.0,0.0,0.0,0.0
87c07bc,87c07bc,87c07b,87c04,-6375.5638572948255,-73657.31111350213,60552.84350633677,15.0,0.0,0.0,0.0,0.0,0.0,0.0,0.0,0.0
87c07d,87c07d,87c07d,87c04,0.0,0.0,0.0,0.0,-37639.75583814741,-437326.8121304293,358942.718389613,89.0,0.0,0.0,0.0,0.0
87c084,87c084,87c084,87c084,-18227.271748224484,-211734.56186124307,172877.4546986153,43.0,-18227.271748224484,-211734.56186124307,172877.4546986153,43.0,-18227.271748224484,-211734.56186124307,172877.4546986153,43.0
87c089,87c089,87c08c,87c08c,-12088.451751389011,-142699.33591896627,116733.6397400167,29.0,0.0,0.0,0.0,0.0,-81194.64333127244,-960343.8982150205,783946.0729085503,195.0
87c08b,87c08b,87c08c,87c08c,-6600.977970708187,-78751.26734481537,64386.64615078346,16.0,0.0,0.0,0.0,0.0,-81194.64333127244,-960343.8982150205,783946.0729085503,195.0
87c08d,87c08d,87c08c,87c08c,-11542.75602411478,-137965.6554578138,112492.66544598225,28.0,0.0,0.0,0.0,0.0,-81194.64333127244,-960343.8982150205,783946.0729085503,195.0
87c08ec,87c08ec,87c08c,87c08c,0.0,0.0,0.0,0.0,0.0,0.0,0.0,0.0,-81194.64333127244,-960343.8982150205,783946.0729085503,195.0
87c08f4,87c08f4,87c08c,87c08c,-20167.133337163425,-236427.1003452736,192910.0850378705,48.0,0.0,0.0,0.0,0.0,-81194.64333127244,-960343.8982150205,783946.0729085503,195.0
87c08fc,87c08fc,87c08c,87c08c,-2100.69858876522,-24643.27121255203,20075.856888776463,5.0,0.0,0.0,0.0,0.0,-81194.64333127244,-960343.8982150205,783946.0729085503,195.0
87c091,87c091,87c091,87c094,-17507.372659488094,-207188.21010663846,168424.60125286836,42.0,-17507.372659488094,-207188.21010663846,168424.60125286836,42.0,0.0,0.0,0.0,0.0
87c0924,87c0924,87c093,87c094,-10738.633242861257,-128222.54513323747,104318.41702110294,26.0,0.0,0.0,0.0,0.0,0.0,0.0,0.0,0.0
87c092c,87c092c,87c093,87c094,-12685.524417930541,-152896.49513080023,124372.38592902765,31.0,0.0,0.0,0.0,0.0,0.0,0.0,0.0,0.0
87c0934,87c0934,87c093,87c094,-11880.191472267741,-143093.02131480892,116272.21463666348,29.0,0.0,0.0,0.0,0.0,0.0,0.0,0.0,0.0
87c093c,87c093c,87c093,87c094,0.0,0.0,0.0,0.0,0.0,0.0,0.0,0.0,0.0,0.0,0.0,0.0
87c0944,87c0944,87c095,87c094,-11580.902111295452,-138241.51702812078,112149.58490339911,28.0,0.0,0.0,0.0,0.0,0.0,0.0,0.0,0.0
87c094c,87c094c,87c095,87c094,-16410.030134853485,-197496.59645976068,160216.74646767334,40.0,0.0,0.0,0.0,0.0,0.0,0.0,0.0,0.0
87c0954,87c0954,87c095,87c094,0.0,0.0,0.0,0.0,0.0,0.0,0.0,0.0,0.0,0.0,0.0,0.0
87c095c,87c095c,87c095,87c094,-11999.165706219992,-143261.59630388767,116052.20858299237,29.0,0.0,0.0,0.0,0.0,0.0,0.0,0.0,0.0
87c097,87c097,87c097,87c094,0.0,0.0,0.0,0.0,-25920.01451689074,-306190.7293615705,248198.23319047742,62.0,0.0,0.0,0.0,0.0
87c09c,87c09c,87c09c,87c09c,0.0,0.0,0.0,0.0,-27862.730889295468,-320727.90492061723,260478.13053171118,65.0,-27862.730889295468,-320727.90492061723,260478.13053171118,65.0
87c0a4,87c0a4,87c0b,87c0b,0.0,0.0,0.0,0.0,0.0,0.0,0.0,0.0,0.0,0.0,0.0,0.0
87c0b4,87c0b4,87c0b,87c0b,-8398.329305319561,-99175.5565952799,79558.55710067767,20.0,0.0,0.0,0.0,0.0,0.0,0.0,0.0,0.0
87c0bb,87c0bb,87c0b,87c0b,-4187.348429487138,-49512.98028976596,39873.621936875374,10.0,0.0,0.0,0.0,0.0,0.0,0.0,0.0,0.0
87c0bd,87c0bd,87c0b,87c0b,0.0,0.0,0.0,0.0,0.0,0.0,0.0,0.0,0.0,0.0,0.0,0.0
87c0bf,87c0bf,87c0b,87c0b,-18199.927550025917,-217491.49412674087,175920.33677104453,44.0,0.0,0.0,0.0,0.0,0.0,0.0,0.0,0.0
87c0c1,87c0c1,87c0d,87c0d,0.0,0.0,0.0,0.0,0.0,0.0,0.0,0.0,-60016.965316558024,-732396.3799846116,590820.1284801775,148.0
87c0c3,87c0c3,87c0d,87c0d,-4407.724504094717,-54381.488037993746,43983.92251374083,11.0,0.0,0.0,0.0,0.0,-60016.965316558024,-732396.3799846116,590820.1284801775,148.0
87c0c5,87c0c5,87c0d,87c0d,-401.49373937339385,-4948.127423990251,3993.067856032127,1.0,0.0,0.0,0.0,0.0,-60016.965316558024,-732396.3799846116,590820.1284801775,148.0
87c0c7,87c0c7,87c0d,87c0d,-8109.606853986915,-99004.2482707093,79801.57205364395,20.0,0.0,0.0,0.0,0.0,-60016.965316558024,-732396.3799846116,590820.1284801775,148.0
87c0cc,87c0cc,87c0d,87c0d,-13827.99095514791,-168664.21364604533,135214.2393363626,34.0,0.0,0.0,0.0,0.0,-60016.965316558024,-732396.3799846116,590820.1284801775,148.0
87c0e4,87c0e4,87c0e4,87c0e4,-11393.685404394,-143104.2669703503,116307.04873248244,29.0,-11393.685404394,-143104.2669703503,116307.04873248244,29.0,-11393.685404394,-143104.2669703503,116307.04873248244,29.0
87c0e84,87c0e84,87c0e9,87c0e9,0.0,0.0,0.0,0.0,0.0,0.0,0.0,0.0,-62101.05216347194,-770666.4006347399,624506.7832910529,156.0
87c0e8c,87c0e8c,87c0e9,87c0e9,-12277.140728572947,-153080.0452856999,124187.4459089102,31.0,0.0,0.0,0.0,0.0,-62101.05216347194,-770666.4006347399,624506.7832910529,156.0
87c0e94,87c0e94,87c0e9,87c0e9,-9596.127817404507,-118516.6867117282,96132.2251281506,24.0,0.0,0.0,0.0,0.0,-62101.05216347194,-770666.4006347399,624506.7832910529,156.0
87c0e9c,87c0e9c,87c0e9,87c0e9,-16386.726345634976,-202562.0173693373,164108.11989693285,41.0,0.0,0.0,0.0,0.0,-62101.05216347194,-770666.4006347399,624506.7832910529,156.0
87c0ea4,87c0ea4,87c0ea4,87c0eb,0.0,0.0,0.0,0.0,-22960.53032297969,-281596.03227180627,228150.36501613556,57.0,0.0,0.0,0.0,0.0
87c0eac,87c0eac,87c0eac,87c0eb,-18713.687160353777,-227235.98685188915,184123.64538164288,46.0,-18713.687160353777,-227235.98685188915,184123.64538164288,46.0,0.0,0.0,0.0,0.0
87c0eb4,87c0eb4,87c0eb4,87c0eb,0.0,0.0,0.0,0.0,-21522.198240411744,-261672.42935703747,212322.73037651926,53.0,0.0,0.0,0.0,0.0
87c0ebc,87c0ebc,87c0ebc,87c0eb,-18129.35862927282,-222192.3533453444,180266.83011661313,45.0,-18129.35862927282,-222192.3533453444,180266.83011661313,45.0,0.0,0.0,0.0,0.0
87c0ec4,87c0ec4,87c0ec4,87c0ed,0.0,0.0,0.0,0.0,-20556.493230346703,-251694.66908420037,204453.33509212517,51.0,-61503.622086216914,-749982.1730790776,609532.1824700825,152.0
87c0ecc,87c0ecc,87c0ecc,87c0ed,0.0,0.0,0.0,0.0,-21138.00642470285,-256599.88092855192,208481.1044635154,52.0,-61503.622086216914,-749982.1730790776,609532.1824700825,152.0
87c0ed4,87c0ed4,87c0ed4,87c0ed,-9749.697080671736,-118385.26408489498,96278.60180831797,24.0,-9749.697080671736,-118385.26408489498,96278.60180831797,24.0,-61503.622086216914,-749982.1730790776,609532.1824700825,152.0
87c0edc,87c0edc,87c0edc,87c0ed,-10059.425350495625,-123302.35898143047,100319.14110612402,25.0,-10059.425350495625,-123302.35898143047,100319.14110612402,25.0,-61503.622086216914,-749982.1730790776,609532.1824700825,152.0
87c0ee1,87c0ee1,87c0ee4,87c0ef,-8393.318644003331,-103558.35975395562,84292.93676923552,21.0,-27918.744384341786,-345238.64561188366,280928.10223326273,70.0,0.0,0.0,0.0,0.0
87c0ee3,87c0ee3,87c0ee4,87c0ef,-8755.189159279966,-108493.87639113073,88305.524352848,22.0,-27918.744384341786,-345238.64561188366,280928.10223326273,70.0,0.0,0.0,0.0,0.0
87c0ee5,87c0ee5,87c0ee4,87c0ef,-5571.360112314514,-69057.62601392214,56174.68936634381,14.0,-27918.744384341786,-345238.64561188366,280928.10223326273,70.0,0.0,0.0,0.0,0.0
87c0ee7,87c0ee7,87c0ee4,87c0ef,-5198.876468743976,-64128.78345287524,52154.95174483546,13.0,-27918.744384341786,-345238.64561188366,280928.10223326273,70.0,0.0,0.0,0.0,0.0
87c0eec,87c0eec,87c0eec,87c0ef,-13969.342706769121,-172723.25329064444,140335.23895522192,35.0,-13969.342706769121,-172723.25329064444,140335.23895522192,35.0,0.0,0.0,0.0,0.0
87c0ef4,87c0ef4,87c0ef4,87c0ef,-14642.967885845914,-182593.03099440187,148366.90006529944,37.0,-14642.967885845914,-182593.03099440187,148366.90006529944,37.0,0.0,0.0,0.0,0.0
87c0ef9,87c0ef9,87c0efc,87c0ef,-7096.699691532702,-88794.0200261116,72224.22505734321,18.0,-32048.196732916665,-399535.91135118814,325043.57381320436,81.0,0.0,0.0,0.0,0.0
87c0efb,87c0efb,87c0efc,87c0ef,-13480.408678924796,-167716.9056105937,136422.402674011,34.0,-32048.196732916665,-399535.91135118814,325043.57381320436,81.0,0.0,0.0,0.0,0.0
87c0efd,87c0efd,87c0efc,87c0ef,-6736.069778656114,-83840.63084954652,68233.51443580998,17.0,-32048.196732916665,-399535.91135118814,325043.57381320436,81.0,0.0,0.0,0.0,0.0
87c0eff,87c0eff,87c0efc,87c0ef,-4735.018583803055,-59184.35486493635,48163.43164604014,12.0,-32048.196732916665,-399535.91135118814,325043.57381320436,81.0,0.0,0.0,0.0,0.0
87c0f1,87c0f1,87c0f4,87c0f4,-17930.143313585206,-221773.23024886847,180802.0393977568,45.0,-35260.24673528074,-433647.1108310307,353601.2161401813,88.0,-35260.24673528074,-433647.1108310307,353601.2161401813,88.0
87c0f3,87c0f3,87c0f4,87c0f4,-15322.008547879755,-187253.4244354949,152685.88989978435,38.0,-35260.24673528074,-433647.1108310307,353601.2161401813,88.0,-35260.24673528074,-433647.1108310307,353601.2161401813,88.0
87c0f5,87c0f5,87c0f4,87c0f4,-1609.811571747944,-19696.499664040984,16090.131849581474,4.0,-35260.24673528074,-433647.1108310307,353601.2161401813,88.0,-35260.24673528074,-433647.1108310307,353601.2161401813,88.0
87c0f7,87c0f7,87c0f4,87c0f4,-398.2833020678392,-4923.956482626346,4023.1549930587257,1.0,-35260.24673528074,-433647.1108310307,353601.2161401813,88.0,-35260.24673528074,-433647.1108310307,353601.2161401813,88.0
87c74,87c74,87c74,87c7,0.0,0.0,0.0,0.0,0.0,0.0,0.0,0.0,0.0,0.0,0.0,0.0
87c79,87c79,87c7c,87c7,-20874.62794352965,-241080.0542818545,186984.26956187625,48.0,0.0,0.0,0.0,0.0,0.0,0.0,0.0,0.0
87c7b,87c7b,87c7c,87c7,0.0,0.0,0.0,0.0,0.0,0.0,0.0,0.0,0.0,0.0,0.0,0.0
87c7c1,87c7c1,87c7c,87c7,-9953.529818531748,-120881.311725607,93103.8553903733,24.0,0.0,0.0,0.0,0.0,0.0,0.0,0.0,0.0
87c7c24,87c7c24,87c7c,87c7,-9551.106923152594,-115967.49318967473,89063.43436617803,23.0,0.0,0.0,0.0,0.0,0.0,0.0,0.0,0.0
87c7c2c,87c7c2c,87c7c,87c7,0.0,0.0,0.0,0.0,0.0,0.0,0.0,0.0,0.0,0.0,0.0,0.0
87c7c3c,87c7c3c,87c7c,87c7,-412.7984158808674,-5042.121783264914,3872.5132046578133,1.0,0.0,0.0,0.0,0.0,0.0,0.0,0.0,0.0
87c7c7,87c7c7,87c7c,87c7,-1225.4483277144598,-15116.704862214097,11631.47668255593,3.0,0.0,0.0,0.0,0.0,0.0,0.0,0.0,0.0
87c7f,87c7f,87c7c,87c7,0.0,0.0,0.0,0.0,0.0,0.0,0.0,0.0,0.0,0.0,0.0,0.0
87c804,87c804,87c84,87c9,-13600.487057724955,-156772.74234575627,119348.55028136741,31.0,0.0,0.0,0.0,0.0,0.0,0.0,0.0,0.0
87c80c,87c80c,87c84,87c9,0.0,0.0,0.0,0.0,0.0,0.0,0.0,0.0,0.0,0.0,0.0,0.0
87c814,87c814,87c84,87c9,0.0,0.0,0.0,0.0,0.0,0.0,0.0,0.0,0.0,0.0,0.0,0.0
87c81c,87c81c,87c84,87c9,-1310.804916118938,-15222.326623111097,11483.479253442749,3.0,0.0,0.0,0.0,0.0,0.0,0.0,0.0,0.0
87c83,87c83,87c84,87c9,0.0,0.0,0.0,0.0,0.0,0.0,0.0,0.0,0.0,0.0,0.0,0.0
87c85,87c85,87c84,87c9,-5402.652352471733,-66133.85299909281,49566.0478670028,13.0,0.0,0.0,0.0,0.0,0.0,0.0,0.0,0.0
87c87,87c87,87c84,87c9,0.0,0.0,0.0,0.0,0.0,0.0,0.0,0.0,0.0,0.0,0.0,0.0
87c99,87c99,87c9c,87c9,-820.3754400220968,-10256.246842529456,7516.339593069917,2.0,0.0,0.0,0.0,0.0,0.0,0.0,0.0,0.0
87c9b,87c9b,87c9c,87c9,-2097.2386368757147,-25624.353501452355,18807.916705812815,5.0,0.0,0.0,0.0,0.0,0.0,0.0,0.0,0.0
87c9d,87c9d,87c9c,87c9,-3963.0199297714657,-45978.03083013451,34030.50337766965,9.0,0.0,0.0,0.0,0.0,0.0,0.0,0.0,0.0
87c9ec,87c9ec,87c9c,87c9,-1740.4101179646882,-20500.185595468025,15038.264967990504,4.0,0.0,0.0,0.0,0.0,0.0,0.0,0.0,0.0
87c9f4,87c9f4,87c9c,87c9,-12586.97062336358,-149108.10462938488,108371.2047947587,29.0,0.0,0.0,0.0,0.0,0.0,0.0,0.0,0.0
87c9f9,87c9f9,87c9c,87c9,-9398.322101410586,-107997.89084763885,78410.49969143371,21.0,0.0,0.0,0.0,0.0,0.0,0.0,0.0,0.0
87c9fb,87c9fb,87c9c,87c9,0.0,0.0,0.0,0.0,0.0,0.0,0.0,0.0,0.0,0.0,0.0,0.0
87c9fd,87c9fd,87c9c,87c9,-12128.191122639439,-138773.9493208416,100918.91091895255,27.0,0.0,0.0,0.0,0.0,0.0,0.0,0.0,0.0
87c9ff,87c9ff,87c9c,87c9,-17133.84044028117,-195476.14126310422,141799.48849024472,38.0,0.0,0.0,0.0,0.0,0.0,0.0,0.0,0.0
87cb,87cb,87cb,87cb,0.0,0.0,0.0,0.0,0.0,0.0,0.0,0.0,-85271.41534085022,-992319.3763693094,710139.0148792979,192.0
8744,8744,8744,875,-38808.412286654806,-128512.91556347754,117476.1812037999,28.0,-38808.412286654806,-128512.91556347754,117476.1812037999,28.0,0.0,0.0,0.0,0.0
8751,8751,8754,875,0.0,0.0,0.0,0.0,0.0,0.0,0.0,0.0,0.0,0.0,0.0,0.0
8753,8753,8754,875,-32907.393764063294,-85011.72029731056,79642.99374125701,19.0,0.0,0.0,0.0,0.0,0.0,0.0,0.0,0.0
8755,8755,8754,875,0.0,0.0,0.0,0.0,0.0,0.0,0.0,0.0,0.0,0.0,0.0,0.0
8757,8757,8754,875,0.0,0.0,0.0,0.0,0.0,0.0,0.0,0.0,0.0,0.0,0.0,0.0
875c,875c,875c,875,0.0,0.0,0.0,0.0,0.0,0.0,0.0,0.0,0.0,0.0,0.0,0.0
54a01,54a01,54a04,54a1,-33355.32806141802,-66327.86378596404,78857.07424728744,17.0,0.0,0.0,0.0,0.0,0.0,0.0,0.0,0.0
54a021,54a021,54a04,54a1,-19748.10356378175,-38977.16100023717,46365.596366493744,10.0,0.0,0.0,0.0,0.0,0.0,0.0,0.0,0.0
54a025,54a025,54a04,54a1,-3959.785709576229,-7797.509883236327,9267.034797905479,2.0,0.0,0.0,0.0,0.0,0.0,0.0,0.0,0.0
54a026c,54a026c,54a04,54a1,-29681.956157852313,-58438.58233691142,69545.72359433776,15.0,0.0,0.0,0.0,0.0,0.0,0.0,0.0,0.0
54a0274,54a0274,54a04,54a1,0.0,0.0,0.0,0.0,0.0,0.0,0.0,0.0,0.0,0.0,0.0,0.0
54a027c,54a027c,54a04,54a1,-79346.64818637625,-155649.21200353446,185529.06659017052,40.0,0.0,0.0,0.0,0.0,0.0,0.0,0.0,0.0
54a02c,54a02c,54a04,54a1,-3976.5869320423435,-7799.769511722891,9257.933471058921,2.0,0.0,0.0,0.0,0.0,0.0,0.0,0.0,0.0
54a034,54a034,54a04,54a1,0.0,0.0,0.0,0.0,0.0,0.0,0.0,0.0,0.0,0.0,0.0,0.0
54a05,54a05,54a04,54a1,0.0,0.0,0.0,0.0,0.0,0.0,0.0,0.0,0.0,0.0,0.0,0.0
54a07,54a07,54a04,54a1,0.0,0.0,0.0,0.0,0.0,0.0,0.0,0.0,0.0,0.0,0.0,0.0
54a0c,54a0c,54a0c,54a1,0.0,0.0,0.0,0.0,0.0,0.0,0.0,0.0,0.0,0.0,0.0,0.0
54a14,54a14,54a14,54a1,-97791.76533296224,-194331.30576082447,223888.14723505682,49.0,-97791.76533296224,-194331.30576082447,223888.14723505682,49.0,0.0,0.0,0.0,0.0
54a1c,54a1c,54a1c,54a1,-9981.220167415904,-19568.581263878274,23069.235480035386,5.0,-9981.220167415904,-19568.581263878274,23069.235480035386,5.0,0.0,0.0,0.0,0.0
54a24,54a24,54a3,54a3,-14732.667218260016,-27301.413020512868,32038.51522860683,7.0,0.0,0.0,0.0,0.0,0.0,0.0,0.0,0.0
54a2c,54a2c,54a3,54a3,0.0,0.0,0.0,0.0,0.0,0.0,0.0,0.0,0.0,0.0,0.0,0.0
54a34,54a34,54a3,54a3,0.0,0.0,0.0,0.0,0.0,0.0,0.0,0.0,0.0,0.0,0.0,0.0
54a3c,54a3c,54a3,54a3,-39467.66583928442,-74969.40486585913,86454.36079531164,19.0,0.0,0.0,0.0,0.0,0.0,0.0,0.0,0.0
54a44,54a44,54a5,54a5,0.0,0.0,0.0,0.0,0.0,0.0,0.0,0.0,0.0,0.0,0.0,0.0
54a49,54a49,54a5,54a5,0.0,0.0,0.0,0.0,0.0,0.0,0.0,0.0,0.0,0.0,0.0,0.0
54a4d,54a4d,54a5,54a5,-27728.183935974244,-51935.2887886324,58253.98023282263,13.0,0.0,0.0,0.0,0.0,0.0,0.0,0.0,0.0
54a4f,54a4f,54a5,54a5,0.0,0.0,0.0,0.0,0.0,0.0,0.0,0.0,0.0,0.0,0.0,0.0
54a54,54a54,54a5,54a5,0.0,0.0,0.0,0.0,0.0,0.0,0.0,0.0,0.0,0.0,0.0,0.0
54a5c,54a5c,54a5,54a5,-6154.2683607145245,-12124.016075977404,13432.722880058373,3.0,0.0,0.0,0.0,0.0,0.0,0.0,0.0,0.0
54a7,54a7,54a7,54a7,0.0,0.0,0.0,0.0,0.0,0.0,0.0,0.0,0.0,0.0,0.0,0.0
54a9,54a9,54a9,54a9,0.0,0.0,0.0,0.0,0.0,0.0,0.0,0.0,-236841.56877694465,-510925.96051629976,544906.5965303369,123.0
54ab,54ab,54ab,54ab,0.0,0.0,0.0,0.0,0.0,0.0,0.0,0.0,0.0,0.0,0.0,0.0
54ac4,54ac4,54ad,54ad,0.0,0.0,0.0,0.0,0.0,0.0,0.0,0.0,0.0,0.0,0.0,0.0
54ac9,54ac9,54ad,54ad,0.0,0.0,0.0,0.0,0.0,0.0,0.0,0.0,0.0,0.0,0.0,0.0
54acb,54acb,54ad,54ad,0.0,0.0,0.0,0.0,0.0,0.0,0.0,0.0,0.0,0.0,0.0,0.0
54ad4,54ad4,54ad,54ad,-8210.889886586543,-16892.386958492723,17223.813219253956,4.0,0.0,0.0,0.0,0.0,0.0,0.0,0.0,0.0
54adc,54adc,54ad,54ad,-40796.48213143014,-84072.49516732465,86620.62382976596,20.0,0.0,0.0,0.0,0.0,0.0,0.0,0.0,0.0
54ae1,54ae1,54ae1,54ae1,-20647.21460732383,-41567.029220095836,43644.550868177466,10.0,-20647.21460732383,-41567.029220095836,43644.550868177466,10.0,-20647.21460732383,-41567.029220095836,43644.550868177466,10.0
54ae3,54ae3,54ae3,54ae3,0.0,0.0,0.0,0.0,-139788.29016700195,-276340.5661483788,293772.2432713455,67.0,-139788.29016700195,-276340.5661483788,293772.2432713455,67.0
54ae41,54ae41,54ae44,54ae44,-14416.076507275122,-29034.134091297004,30628.313943404002,7.0,0.0,0.0,0.0,0.0,0.0,0.0,0.0,0.0
54ae43,54ae43,54ae44,54ae44,-16466.840170539173,-33151.97066711363,35036.18396820797,8.0,0.0,0.0,0.0,0.0,0.0,0.0,0.0,0.0
54ae444,54ae444,54ae44,54ae44,-43234.9545848872,-86960.07126155208,92025.89329343873,21.0,0.0,0.0,0.0,0.0,0.0,0.0,0.0,0.0
54ae44c,54ae44c,54ae44,54ae44,-94483.23828303185,-190568.55900294092,201604.69932539883,46.0,0.0,0.0,0.0,0.0,0.0,0.0,0.0,0.0
54ae454,54ae454,54ae44,54ae44,0.0,0.0,0.0,0.0,0.0,0.0,0.0,0.0,0.0,0.0,0.0,0.0
54ae45c,54ae45c,54ae44,54ae44,-102964.35985666791,-206940.61449344028,219199.2217731907,50.0,0.0,0.0,0.0,0.0,0.0,0.0,0.0,0.0
54ae47,54ae47,54ae44,54ae44,-33015.76001833562,-66216.07547805426,70116.81208793279,16.0,0.0,0.0,0.0,0.0,0.0,0.0,0.0,0.0
54ae49,54ae49,54ae4c,54ae4c,-14455.531060303225,-28921.14383226886,30716.490778758136,7.0,0.0,0.0,0.0,0.0,-360606.7486515639,-723023.9293765163,768283.1922899638,175.0
54ae4b,54ae4b,54ae4c,54ae4c,-49635.31577797702,-99058.5634030156,105372.82007268345,24.0,0.0,0.0,0.0,0.0,-360606.7486515639,-723023.9293765163,768283.1922899638,175.0
54ae4d,54ae4d,54ae4c,54ae4c,-99002.40459746707,-198113.73246382907,210874.90076404344,48.0,0.0,0.0,0.0,0.0,-360606.7486515639,-723023.9293765163,768283.1922899638,175.0
54ae4f,54ae4f,54ae4c,54ae4c,0.0,0.0,0.0,0.0,0.0,0.0,0.0,0.0,-360606.7486515639,-723023.9293765163,768283.1922899638,175.0
54ae504,54ae504,54ae504,54ae504,0.0,0.0,0.0,0.0,-133416.56665646672,-268915.6998264037,285264.89473921753,65.0,-133416.56665646672,-268915.6998264037,285264.89473921753,65.0
54ae509,54ae509,54ae509,54ae50c,-38951.48614121337,-78630.67552233701,83384.04687769487,19.0,-38951.48614121337,-78630.67552233701,83384.04687769487,19.0,-374933.8261125606,-757217.9230398245,803340.3973372476,183.0
54ae50b,54ae50b,54ae50b,54ae50c,-96241.49719253235,-194528.95225999044,206297.90136218377,47.0,-96241.49719253235,-194528.95225999044,206297.90136218377,47.0,-374933.8261125606,-757217.9230398245,803340.3973372476,183.0
54ae50c4,54ae50c4,54ae50d,54ae50c,-43020.32102976997,-86892.33565156748,92190.31968298058,21.0,-151579.67980778348,-306173.9326233828,324885.52994988183,74.0,-374933.8261125606,-757217.9230398245,803340.3973372476,183.0
54ae50cc,54ae50cc,54ae50d,54ae50c,-49144.9070440589,-99309.45839007311,105366.53771977525,24.0,-151579.67980778348,-306173.9326233828,324885.52994988183,74.0,-374933.8261125606,-757217.9230398245,803340.3973372476,183.0
54ae50d4,54ae50d4,54ae50d,54ae50c,-14334.34152198326,-28961.755052218872,30735.017466563128,7.0,-151579.67980778348,-306173.9326233828,324885.52994988183,74.0,-374933.8261125606,-757217.9230398245,803340.3973372476,183.0
54ae50dc,54ae50dc,54ae50d,54ae50c,-45080.11021197135,-91010.38352952336,96593.65508056288,22.0,-151579.67980778348,-306173.9326233828,324885.52994988183,74.0,-374933.8261125606,-757217.9230398245,803340.3973372476,183.0
54ae50f,54ae50f,54ae50f,54ae50c,-88161.1629710314,-177884.36263411422,188772.919147487,43.0,-88161.1629710314,-177884.36263411422,188772.919147487,43.0,-374933.8261125606,-757217.9230398245,803340.3973372476,183.0
54ae511,54ae511,54ae511,54ae514,-71772.36461898538,-144739.1836670337,153693.66639821476,35.0,-71772.36461898538,-144739.1836670337,153693.66639821476,35.0,-276761.9477075483,-558196.5302490691,592931.4096869378,135.0
54ae513,54ae513,54ae513,54ae514,-73754.65873935564,-148887.96484447573,158104.21805212338,36.0,-73754.65873935564,-148887.96484447573,158104.21805212338,36.0,-276761.9477075483,-558196.5302490691,592931.4096869378,135.0
54ae515,54ae515,54ae515,54ae514,-63537.9020297587,-128160.90823608906,136178.07696179542,31.0,-63537.9020297587,-128160.90823608906,136178.07696179542,31.0,-276761.9477075483,-558196.5302490691,592931.4096869378,135.0
54ae517,54ae517,54ae517,54ae514,-67697.0223194486,-136408.47350147064,144955.44827480422,33.0,-67697.0223194486,-136408.47350147064,144955.44827480422,33.0,-276761.9477075483,-558196.5302490691,592931.4096869378,135.0
54ae51c,54ae51c,54ae51c,54ae51c,0.0,0.0,0.0,0.0,0.0,0.0,0.0,0.0,-258819.7876707813,-520864.809120724,553276.6423625788,126.0
54ae524,54ae524,54ae524,54ae53,0.0,0.0,0.0,0.0,-119200.22306879211,-239617.68539759403,254791.27672366594,58.0,0.0,0.0,0.0,0.0
54ae52c,54ae52c,54ae52c,54ae53,-41122.776401138384,-82534.80678123226,87936.47527593178,20.0,-41122.776401138384,-82534.80678123226,87936.47527593178,20.0,0.0,0.0,0.0,0.0
54ae531,54ae531,54ae534,54ae53,-36965.40290452266,-74312.40181605898,79134.73169438067,18.0,0.0,0.0,0.0,0.0,0.0,0.0,0.0,0.0
54ae533,54ae533,54ae534,54ae53,-45179.97387767067,-90801.34556375117,96743.60894178237,22.0,0.0,0.0,0.0,0.0,0.0,0.0,0.0,0.0
54ae535,54ae535,54ae534,54ae53,-53353.899253026684,-107315.5874748058,114347.7102139846,26.0,0.0,0.0,0.0,0.0,0.0,0.0,0.0,0.0
54ae537,54ae537,54ae534,54ae53,-88209.10797023404,-177558.70161732554,189056.90333735355,43.0,0.0,0.0,0.0,0.0,0.0,0.0,0.0,0.0
54ae53c,54ae53c,54ae53c,54ae53,-41002.99664943728,-82640.54688062362,87893.08533723782,20.0,-41002.99664943728,-82640.54688062362,87893.08533723782,20.0,0.0,0.0,0.0,0.0
54ae541,54ae541,54ae541,54ae544,-69634.8092742736,-140510.89830621632,149430.3676111867,34.0,-69634.8092742736,-140510.89830621632,149430.3676111867,34.0,-378772.7640019774,-764435.18306208,813236.906003729,185.0
54ae543,54ae543,54ae543,54ae544,-59333.85400561792,-119867.96698618715,127464.29371886495,29.0,-59333.85400561792,-119867.96698618715,127464.29371886495,29.0,-378772.7640019774,-764435.18306208,813236.906003729,185.0
54ae545,54ae545,54ae545,54ae544,0.0,0.0,0.0,0.0,-137134.54512772878,-276835.36395112897,294556.7802630476,67.0,-378772.7640019774,-764435.18306208,813236.906003729,185.0
54ae5464,54ae5464,54ae547,54ae544,-53254.76835306144,-107411.41172461152,114303.94264648359,26.0,-112669.55559435714,-227220.9538185476,241785.46441062973,55.0,-378772.7640019774,-764435.18306208,813236.906003729,185.0
54ae546c,54ae546c,54ae547,54ae544,-22530.52887795653,-45450.417328426585,48352.817307312005,11.0,-112669.55559435714,-227220.9538185476,241785.46441062973,55.0,-378772.7640019774,-764435.18306208,813236.906003729,185.0
54ae5474,54ae5474,54ae547,54ae544,-12292.260961729913,-24790.971221695203,26373.07676162685,6.0,-112669.55559435714,-227220.9538185476,241785.46441062973,55.0,-378772.7640019774,-764435.18306208,813236.906003729,185.0
54ae547c,54ae547c,54ae547,54ae544,-24591.997401609253,-49568.15354381425,52755.627695207295,12.0,-112669.55559435714,-227220.9538185476,241785.46441062973,55.0,-378772.7640019774,-764435.18306208,813236.906003729,185.0
54ae549,54ae549,54ae549,54ae54c,-94268.35801003978,-189970.68201726692,202268.46622049145,46.0,-94268.35801003978,-189970.68201726692,202268.46622049145,46.0,-305256.3899126887,-615253.4944714294,655297.429362221,149.0
54ae54b,54ae54b,54ae54b,54ae54c,-69692.33131388012,-140354.1158169025,149550.84454622757,34.0,-69692.33131388012,-140354.1158169025,149550.84454622757,34.0,-305256.3899126887,-615253.4944714294,655297.429362221,149.0
54ae54d,54ae54d,54ae54d,54ae54c,-69634.98402561623,-140370.1371878608,149562.52077391182,34.0,-69634.98402561623,-140370.1371878608,149562.52077391182,34.0,-305256.3899126887,-615253.4944714294,655297.429362221,149.0
54ae54f,54ae54f,54ae54f,54ae54c,-71660.71656315259,-144558.55944939912,153915.59782159017,35.0,-71660.71656315259,-144558.55944939912,153915.59782159017,35.0,-305256.3899126887,-615253.4944714294,655297.429362221,149.0
54ae551,54ae551,54ae554,54ae554,-65449.53262147204,-132180.66766935732,140742.80292486172,32.0,-177922.4955655522,-359292.4243868944,382722.30433057697,87.0,-177922.4955655522,-359292.4243868944,382722.30433057697,87.0
54ae553,54ae553,54ae554,54ae554,-63418.1450313232,-127994.66198417997,136390.094100542,31.0,-177922.4955655522,-359292.4243868944,382722.30433057697,87.0,-177922.4955655522,-359292.4243868944,382722.30433057697,87.0
54ae555,54ae555,54ae554,54ae554,-28618.215649942762,-57806.545408816135,61603.510843598226,14.0,-177922.4955655522,-359292.4243868944,382722.30433057697,87.0,-177922.4955655522,-359292.4243868944,382722.30433057697,87.0
54ae557,54ae557,54ae554,54ae554,-20436.60226281422,-41310.54932454095,43985.89646157499,10.0,-177922.4955655522,-359292.4243868944,382722.30433057697,87.0,-177922.4955655522,-359292.4243868944,382722.30433057697,87.0
54ae559,54ae559,54ae559,54ae55c,-12261.123203555202,-24794.146375009837,26384.584041869224,6.0,-12261.123203555202,-24794.146375009837,26384.584041869224,6.0,-280050.6345518591,-566243.3532244263,602303.1875045891,137.0
54ae55a4,54ae55a4,54ae55b,54ae55c,-26578.235994021616,-53715.65439834088,57165.49749448306,13.0,-126778.44861008362,-256204.3510328296,272605.14270481723,62.0,-280050.6345518591,-566243.3532244263,602303.1875045891,137.0
54ae55ac,54ae55ac,54ae55b,54ae55c,-38859.74329097758,-78504.55787884844,83545.52988790737,19.0,-126778.44861008362,-256204.3510328296,272605.14270481723,62.0,-280050.6345518591,-566243.3532244263,602303.1875045891,137.0
54ae55b4,54ae55b4,54ae55b,54ae55c,-42944.05483179567,-86788.1105832725,92323.95718865196,21.0,-126778.44861008362,-256204.3510328296,272605.14270481723,62.0,-280050.6345518591,-566243.3532244263,602303.1875045891,137.0
54ae55bc,54ae55bc,54ae55b,54ae55c,-18396.41449328876,-37196.0281723678,39570.158133774865,9.0,-126778.44861008362,-256204.3510328296,272605.14270481723,62.0,-280050.6345518591,-566243.3532244263,602303.1875045891,137.0
54ae55d,54ae55d,54ae55d,54ae55c,-96090.9997246299,-194285.19388613565,206597.5465452994,47.0,-96090.9997246299,-194285.19388613565,206597.5465452994,47.0,-280050.6345518591,-566243.3532244263,602303.1875045891,137.0
54ae55f,54ae55f,54ae55f,54ae55c,-44920.0630135904,-90959.66193045105,96715.91421260317,22.0,-44920.0630135904,-90959.66193045105,96715.91421260317,22.0,-280050.6345518591,-566243.3532244263,602303.1875045891,137.0
54ae561,54ae561,54ae564,54ae564,-59205.19503115851,-119944.97321668138,127451.67849458852,29.0,-149067.01217634976,-301974.95791216,320769.2793083226,73.0,-149067.01217634976,-301974.95791216,320769.2793083226,73.0
54ae563,54ae563,54ae564,54ae564,-20401.085060429952,-41382.31834682028,43934.89228025301,10.0,-149067.01217634976,-301974.95791216,320769.2793083226,73.0,-149067.01217634976,-301974.95791216,320769.2793083226,73.0
54ae565,54ae565,54ae564,54ae564,-44946.13670440165,-91018.11956408409,96648.78137991013,22.0,-149067.01217634976,-301974.95791216,320769.2793083226,73.0,-149067.01217634976,-301974.95791216,320769.2793083226,73.0
54ae567,54ae567,54ae564,54ae564,-24514.595380359617,-49629.54678457429,52733.927153570956,12.0,-149067.01217634976,-301974.95791216,320769.2793083226,73.0,-149067.01217634976,-301974.95791216,320769.2793083226,73.0
54ae56c,54ae56c,54ae56c,54ae56c,0.0,0.0,0.0,0.0,-112555.29587675675,-227482.41855990322,241592.74016957698,55.0,-112555.29587675675,-227482.41855990322,241592.74016957698,55.0
54ae571,54ae571,54ae574,54ae574,-49061.166540514365,-99324.5832297257,105391.30241578864,24.0,-159525.58199435988,-322823.93909363745,342468.00551546435,78.0,-159525.58199435988,-322823.93909363745,342468.00551546435,78.0
54ae573,54ae573,54ae574,54ae574,-49111.882194216494,-99308.14788112786,105383.16826627347,24.0,-159525.58199435988,-322823.93909363745,342468.00551546435,78.0,-159525.58199435988,-322823.93909363745,342468.00551546435,78.0
54ae575,54ae575,54ae574,54ae574,-42958.04658407427,-86931.56909908529,92182.37035906942,21.0,-159525.58199435988,-322823.93909363745,342468.00551546435,78.0,-159525.58199435988,-322823.93909363745,342468.00551546435,78.0
54ae577,54ae577,54ae574,54ae574,-18394.486675554734,-37259.63888369859,39511.1644743329,9.0,-159525.58199435988,-322823.93909363745,342468.00551546435,78.0,-159525.58199435988,-322823.93909363745,342468.00551546435,78.0
54ae579,54ae579,54ae57c,54ae57c,-18376.638998580558,-37259.12725269802,39519.95127766022,9.0,0.0,0.0,0.0,0.0,-273443.9814302028,-554710.5469713593,588518.613510618,134.0
54ae57b,54ae57b,54ae57c,54ae57c,-71480.1810948265,-144861.18624311037,153714.88964194874,35.0,0.0,0.0,0.0,0.0,-273443.9814302028,-554710.5469713593,588518.613510618,134.0
54ae57d,54ae57d,54ae57c,54ae57c,0.0,0.0,0.0,0.0,0.0,0.0,0.0,0.0,-273443.9814302028,-554710.5469713593,588518.613510618,134.0
54ae57f,54ae57f,54ae57c,54ae57c,-71382.70213370207,-144926.31613879805,153698.79483859788,35.0,0.0,0.0,0.0,0.0,-273443.9814302028,-554710.5469713593,588518.613510618,134.0
54ae59,54ae59,54ae5c,54ae5c,-83793.97725381194,-169833.7619388869,179906.70163916552,41.0,0.0,0.0,0.0,0.0,0.0,0.0,0.0,0.0
54ae5b,54ae5b,54ae5c,54ae5c,0.0,0.0,0.0,0.0,0.0,0.0,0.0,0.0,0.0,0.0,0.0,0.0
54ae5d,54ae5d,54ae5c,54ae5c,-81862.19636387158,-165865.07587665418,175302.4637136825,40.0,0.0,0.0,0.0,0.0,0.0,0.0,0.0,0.0
54ae7,54ae7,54ae7,54ae7,-86430.07995942341,-174588.29104509967,183436.2094399174,42.0,-86430.07995942341,-174588.29104509967,183436.2094399174,42.0,-86430.07995942341,-174588.29104509967,183436.2094399174,42.0
54ae9,54ae9,54ae9,54ae9,-52674.74099291646,-108242.29393484992,113787.31362764077,26.0,-52674.74099291646,-108242.29393484992,113787.31362764077,26.0,-52674.74099291646,-108242.29393484992,113787.31362764077,26.0
54aeb,54aeb,54aeb,54aeb,-3962.737836127264,-8367.146638581893,8754.78213292986,2.0,-3962.737836127264,-8367.146638581893,8754.78213292986,2.0,-3962.737836127264,-8367.146638581893,8754.78213292986,2.0
54aef1,54aef1,54aef1,54aef1,-2028.8792932945187,-4145.812122578548,4391.542301651998,1.0,-2028.8792932945187,-4145.812122578548,4391.542301651998,1.0,-2028.8792932945187,-4145.812122578548,4391.542301651998,1.0
54aef3,54aef3,54aef3,54aef3,-16207.89140712552,-33241.48400635649,35072.09940096976,8.0,-16207.89140712552,-33241.48400635649,35072.09940096976,8.0,-16207.89140712552,-33241.48400635649,35072.09940096976,8.0
54aef5,54aef5,54aef5,54aef5,0.0,0.0,0.0,0.0,-115894.0762310757,-236669.75228025398,249864.10203393523,57.0,-115894.0762310757,-236669.75228025398,249864.10203393523,57.0
54aef64,54aef64,54aef64,54aef64,0.0,0.0,0.0,0.0,-164906.94337442185,-335877.2332637208,355389.28836225625,81.0,-164906.94337442185,-335877.2332637208,355389.28836225625,81.0
54aef6c,54aef6c,54aef6c,54aef6c,-30465.63275426313,-62219.99027343342,65827.1336760607,15.0,-30465.63275426313,-62219.99027343342,65827.1336760607,15.0,-30465.63275426313,-62219.99027343342,65827.1336760607,15.0
54aef71,54aef71,54aef74,54aef74,-22363.72557779396,-45598.62183719472,48290.67688485711,11.0,0.0,0.0,0.0,0.0,-207358.60645383687,-422721.33465383097,447889.3307135636,102.0
54aef73,54aef73,54aef74,54aef74,-34533.93047559713,-70476.00651378336,74638.98947623705,17.0,0.0,0.0,0.0,0.0,-207358.60645383687,-422721.33465383097,447889.3307135636,102.0
54aef75,54aef75,54aef74,54aef74,-8127.599327196215,-16578.36869393655,17565.189164794385,4.0,0.0,0.0,0.0,0.0,-207358.60645383687,-422721.33465383097,447889.3307135636,102.0
54aef77,54aef77,54aef74,54aef74,0.0,0.0,0.0,0.0,0.0,0.0,0.0,0.0,-207358.60645383687,-422721.33465383097,447889.3307135636,102.0
54aef79,54aef79,54aef79,54aef7c,0.0,0.0,0.0,0.0,-126182.75344708918,-256882.57973972248,272243.0183772116,62.0,-364442.0266617829,-741712.0759540548,785863.4604312282,179.0
54aef7b,54aef7b,54aef7b,54aef7c,-69180.7734048825,-140933.5376295965,149243.1317013202,34.0,-69180.7734048825,-140933.5376295965,149243.1317013202,34.0,-364442.0266617829,-741712.0759540548,785863.4604312282,179.0
54aef7d,54aef7d,54aef7d,54aef7c,-48872.66219098255,-99475.3003179083,105336.72103186249,24.0,-48872.66219098255,-99475.3003179083,105336.72103186249,24.0,-364442.0266617829,-741712.0759540548,785863.4604312282,179.0
54aef7f,54aef7f,54aef7f,54aef7c,0.0,0.0,0.0,0.0,-120205.83761882863,-244420.65826682743,259040.58932083394,59.0,-364442.0266617829,-741712.0759540548,785863.4604312282,179.0
54aef804,54aef804,54aef81,54aef81,-8154.575977700412,-16565.926716368842,17564.424599541642,4.0,-126347.73706100894,-256752.98716238968,272288.74515399063,62.0,-126347.73706100894,-256752.98716238968,272288.74515399063,62.0
54aef80c,54aef80c,54aef81,54aef81,-44847.04150574027,-91096.91544659734,96620.57373031545,22.0,-126347.73706100894,-256752.98716238968,272288.74515399063,62.0,-126347.73706100894,-256752.98716238968,272288.74515399063,62.0
54aef814,54aef814,54aef81,54aef81,-40751.58477925102,-82819.87471723587,87841.20826101348,20.0,-126347.73706100894,-256752.98716238968,272288.74515399063,62.0,-126347.73706100894,-256752.98716238968,272288.74515399063,62.0
54aef81c,54aef81c,54aef81,54aef81,-32594.534798317225,-66270.27028218764,70262.53856312009,16.0,-126347.73706100894,-256752.98716238968,272288.74515399063,62.0,-126347.73706100894,-256752.98716238968,272288.74515399063,62.0
54aef824,54aef824,54aef83,54aef83,-28506.002775160163,-57987.56833214623,61485.29336254831,14.0,-113998.30910787561,-231939.40954234253,245963.32988962604,56.0,-113998.30910787561,-231939.40954234253,245963.32988962604,56.0
54aef82c,54aef82c,54aef83,54aef83,-30526.952619260814,-62133.2316746713,65880.65798320585,15.0,-113998.30910787561,-231939.40954234253,245963.32988962604,56.0,-113998.30910787561,-231939.40954234253,245963.32988962604,56.0
54aef834,54aef834,54aef83,54aef83,-40709.25095688353,-82830.06970701867,87851.22446183085,20.0,-113998.30910787561,-231939.40954234253,245963.32988962604,56.0,-113998.30910787561,-231939.40954234253,245963.32988962604,56.0
54aef83c,54aef83c,54aef83,54aef83,-14256.102756571112,-28988.53982850634,30746.154082041037,7.0,-113998.30910787561,-231939.40954234253,245963.32988962604,56.0,-113998.30910787561,-231939.40954234253,245963.32988962604,56.0
54aef844,54aef844,54aef85,54aef85,-16294.001134560047,-33123.89121881982,35143.38553477532,8.0,-201603.55721391068,-409861.2431587197,434959.6885549022,99.0,-201603.55721391068,-409861.2431587197,434959.6885549022,99.0
54aef84c,54aef84c,54aef85,54aef85,-44787.406690165626,-91093.8210334391,96651.14801758587,22.0,-201603.55721391068,-409861.2431587197,434959.6885549022,99.0,-201603.55721391068,-409861.2431587197,434959.6885549022,99.0
54aef854,54aef854,54aef85,54aef85,-71261.74962509026,-144896.93138324813,153782.605266711,35.0,-201603.55721391068,-409861.2431587197,434959.6885549022,99.0,-201603.55721391068,-409861.2431587197,434959.6885549022,99.0
54aef85c,54aef85c,54aef85,54aef85,-69260.39976409476,-140746.59952321262,149382.54973583002,34.0,-201603.55721391068,-409861.2431587197,434959.6885549022,99.0,-201603.55721391068,-409861.2431587197,434959.6885549022,99.0
54aef87,54aef87,54aef87,54aef87,-87653.99351285334,-178007.68570118773,188892.80799987903,43.0,-87653.99351285334,-178007.68570118773,188892.80799987903,43.0,-87653.99351285334,-178007.68570118773,188892.80799987903,43.0
54aef89,54aef89,54aef89,54aef8c,0.0,0.0,0.0,0.0,-130475.36307593205,-264845.09475306177,281227.4543795715,64.0,0.0,0.0,0.0,0.0
54aef8b,54aef8b,54aef8b,54aef8c,-34666.951507686965,-70323.8457812515,74720.79825333122,17.0,-34666.951507686965,-70323.8457812515,74720.79825333122,17.0,0.0,0.0,0.0,0.0
54aef8d,54aef8d,54aef8d,54aef8c,-93717.88333481735,-190307.45255630734,202207.68557402838,46.0,-93717.88333481735,-190307.45255630734,202207.68557402838,46.0,0.0,0.0,0.0,0.0
54aef8e4,54aef8e4,54aef8f,54aef8c,-79424.62456164967,-161398.2400866196,171404.05907965652,39.0,0.0,0.0,0.0,0.0,0.0,0.0,0.0,0.0
54aef8ec,54aef8ec,54aef8f,54aef8c,-32601.847246609002,-66209.65362852413,70316.27182802066,16.0,0.0,0.0,0.0,0.0,0.0,0.0,0.0,0.0
54aef8f4,54aef8f4,54aef8f,54aef8c,-65190.990697243375,-132446.27471757412,140613.03681673846,32.0,0.0,0.0,0.0,0.0,0.0,0.0,0.0,0.0
54aef8fc,54aef8fc,54aef8f,54aef8c,-44799.88338062786,-91061.51395890424,96675.80633262651,22.0,0.0,0.0,0.0,0.0,0.0,0.0,0.0,0.0
54aef91,54aef91,54aef94,54aef94,-101761.89941896255,-206956.58702645995,219745.00447660484,50.0,0.0,0.0,0.0,0.0,-230019.74852812677,-467615.1569452975,496706.6568264258,113.0
54aef93,54aef93,54aef94,54aef94,0.0,0.0,0.0,0.0,0.0,0.0,0.0,0.0,-230019.74852812677,-467615.1569452975,496706.6568264258,113.0
54aef95,54aef95,54aef94,54aef94,-10171.943519558181,-20685.050416559774,21986.45222306861,5.0,0.0,0.0,0.0,0.0,-230019.74852812677,-467615.1569452975,496706.6568264258,113.0
54aef97,54aef97,54aef94,54aef94,-10167.641112980693,-20700.1180068779,21974.258038782875,5.0,0.0,0.0,0.0,0.0,-230019.74852812677,-467615.1569452975,496706.6568264258,113.0
54aef9c,54aef9c,54aef9c,54aef9c,-95626.07316273953,-194605.48307722466,206511.7973994117,47.0,-95626.07316273953,-194605.48307722466,206511.7973994117,47.0,-95626.07316273953,-194605.48307722466,206511.7973994117,47.0
54aefd,54aefd,54aefd,54aefd,0.0,0.0,0.0,0.0,-105636.81914109875,-214957.96374283772,228885.6040630832,52.0,-105636.81914109875,-214957.96374283772,228885.6040630832,52.0
54aefec,54aefec,54aefec,54aefec,0.0,0.0,0.0,0.0,-144548.70894155232,-293636.5136497733,312243.81979222974,71.0,-144548.70894155232,-293636.5136497733,312243.81979222974,71.0
54aeff1,54aeff1,54aeff4,54aeff4,-46891.91404633084,-95072.67018945559,101164.79041603423,23.0,0.0,0.0,0.0,0.0,-220215.4633246704,-446530.28506109695,474925.99492003216,108.0
54aeff3,54aeff3,54aeff4,54aeff4,-77436.9504855274,-157146.29869649222,167093.27460841023,38.0,0.0,0.0,0.0,0.0,-220215.4633246704,-446530.28506109695,474925.99492003216,108.0
54aeff5,54aeff5,54aeff4,54aeff4,-67316.50205150826,-136448.7132618963,145094.71892028046,33.0,0.0,0.0,0.0,0.0,-220215.4633246704,-446530.28506109695,474925.99492003216,108.0
54aeff7,54aeff7,54aeff4,54aeff4,-28570.096741303874,-57862.60291325284,61573.2109753073,14.0,0.0,0.0,0.0,0.0,-220215.4633246704,-446530.28506109695,474925.99492003216,108.0
54aeff9,54aeff9,54aeff9,54aeffc,-102052.1799058146,-206582.35501922073,219962.4158872397,50.0,-102052.1799058146,-206582.35501922073,219962.4158872397,50.0,-324477.12306324346,-656873.46605842,699557.9527853952,159.0
54aeffb,54aeffb,54aeffb,54aeffc,0.0,0.0,0.0,0.0,-116252.73271205908,-235526.1021386128,250776.52025463854,57.0,-324477.12306324346,-656873.46605842,699557.9527853952,159.0
54aeffd,54aeffd,54aeffd,54aeffc,-14281.767297969081,-28915.679081585622,30802.800475757394,7.0,-14281.767297969081,-28915.679081585622,30802.800475757394,7.0,-324477.12306324346,-656873.46605842,699557.9527853952,159.0
54aefff,54aefff,54aefff,54aeffc,-91890.4431474007,-185849.32981900094,198016.21616775938,45.0,-91890.4431474007,-185849.32981900094,198016.21616775938,45.0,-324477.12306324346,-656873.46605842,699557.9527853952,159.0
54af004,54af004,54af4,54af4,0.0,0.0,0.0,0.0,0.0,0.0,0.0,0.0,0.0,0.0,0.0,0.0
54af00c,54af00c,54af4,54af4,-63336.475461610615,-127867.6410430732,136547.08795030558,31.0,0.0,0.0,0.0,0.0,0.0,0.0,0.0,0.0
54af014,54af014,54af4,54af4,-26506.92106340191,-53643.062057524075,57266.68246020678,13.0,0.0,0.0,0.0,0.0,0.0,0.0,0.0,0.0
54af01c,54af01c,54af4,54af4,0.0,0.0,0.0,0.0,0.0,0.0,0.0,0.0,0.0,0.0,0.0,0.0
54af03,54af03,54af4,54af4,0.0,0.0,0.0,0.0,0.0,0.0,0.0,0.0,0.0,0.0,0.0,0.0
54af05,54af05,54af4,54af4,-63055.844671743864,-127813.43598660582,136727.5782169264,31.0,0.0,0.0,0.0,0.0,0.0,0.0,0.0,0.0
54af0c,54af0c,54af4,54af4,-4094.9938358756644,-8225.13254112538,8828.204094214285,2.0,0.0,0.0,0.0,0.0,0.0,0.0,0.0,0.0
54af1c,54af1c,54af4,54af4,-26323.312323289952,-53675.8269742139,57320.59471664511,13.0,0.0,0.0,0.0,0.0,0.0,0.0,0.0,0.0
54af3,54af3,54af4,54af4,-56312.48750303455,-115353.01198898087,123873.84250460909,28.0,0.0,0.0,0.0,0.0,0.0,0.0,0.0,0.0
54af9,54af9,54af9,54af9,0.0,0.0,0.0,0.0,-105882.33176321028,-208256.48584622412,225813.82743938593,51.0,-105882.33176321028,-208256.48584622412,225813.82743938593,51.0
54afa9,54afa9,54afa9,54afa9,-53343.746398963805,-107060.08632793638,114591.68752122407,26.0,-53343.746398963805,-107060.08632793638,114591.68752122407,26.0,-53343.746398963805,-107060.08632793638,114591.68752122407,26.0
54afaa4,54afaa4,54afaa4,54afab,0.0,0.0,0.0,0.0,-161713.02306614636,-325795.43818630424,347889.16047615965,79.0,0.0,0.0,0.0,0.0
54afaa9,54afaa9,54afaa9,54afab,-42937.88045540994,-86659.41608704797,92447.63368448327,21.0,-42937.88045540994,-86659.41608704797,92447.63368448327,21.0,0.0,0.0,0.0,0.0
54afaaa4,54afaaa4,54afaab,54afab,-32705.7515722444,-66041.09472390109,70426.44660128701,16.0,-169689.3717791826,-342627.8693312395,365286.82645778765,83.0,0.0,0.0,0.0,0.0
54afaaac,54afaaac,54afaab,54afab,-36788.45178174892,-74313.38366430963,79216.22814247414,18.0,-169689.3717791826,-342627.8693312395,365286.82645778765,83.0,0.0,0.0,0.0,0.0
54afaab4,54afaab4,54afaab,54afab,-65432.93499989974,-132103.703006277,140822.7601047092,32.0,-169689.3717791826,-342627.8693312395,365286.82645778765,83.0,0.0,0.0,0.0,0.0
54afaabc,54afaabc,54afaab,54afab,-34762.233425289545,-70169.68793675177,74821.39160931727,17.0,-169689.3717791826,-342627.8693312395,365286.82645778765,83.0,0.0,0.0,0.0,0.0
54afaad,54afaad,54afaad,54afab,-79804.8363706633,-160968.02410432926,171631.8637389076,39.0,-79804.8363706633,-160968.02410432926,171631.8637389076,39.0,0.0,0.0,0.0,0.0
54afaaf,54afaaf,54afaaf,54afab,-79846.65741765292,-160898.23798003758,171677.84277859892,39.0,-79846.65741765292,-160898.23798003758,171677.84277859892,39.0,0.0,0.0,0.0,0.0
54afab4,54afab4,54afab4,54afab,0.0,0.0,0.0,0.0,-127085.22647928033,-255784.02754773872,272856.88329518866,62.0,0.0,0.0,0.0,0.0
54afabc,54afabc,54afabc,54afab,0.0,0.0,0.0,0.0,-157919.6998886719,-317475.90804634744,339008.91745394765,77.0,0.0,0.0,0.0,0.0
54afac1,54afac1,54afad,54afad,-53412.14082499903,-107148.60131998487,114477.04218940037,26.0,0.0,0.0,0.0,0.0,0.0,0.0,0.0,0.0
54afac3,54afac3,54afad,54afad,-12332.862234437149,-24724.15308985807,26416.81024789071,6.0,0.0,0.0,0.0,0.0,0.0,0.0,0.0,0.0
54afac5,54afac5,54afad,54afad,0.0,0.0,0.0,0.0,0.0,0.0,0.0,0.0,0.0,0.0,0.0,0.0
54afac7,54afac7,54afad,54afad,-59562.6528442451,-119554.99671197905,127651.38093568818,29.0,0.0,0.0,0.0,0.0,0.0,0.0,0.0,0.0
54afacc,54afacc,54afad,54afad,0.0,0.0,0.0,0.0,0.0,0.0,0.0,0.0,0.0,0.0,0.0,0.0
54afad4,54afad4,54afad,54afad,-67868.17548865805,-136109.55974790436,145156.25491983906,33.0,0.0,0.0,0.0,0.0,0.0,0.0,0.0,0.0
54afaf,54afaf,54afaf,54afaf,-16441.551816811,-32956.038083415435,35232.358692755275,8.0,-16441.551816811,-32956.038083415435,35232.358692755275,8.0,-16441.551816811,-32956.038083415435,35232.358692755275,8.0
54afb4,54afb4,54afb4,54afb4,-24847.454876860298,-49442.01828076677,52754.23812121416,12.0,-24847.454876860298,-49442.01828076677,52754.23812121416,12.0,-24847.454876860298,-49442.01828076677,52754.23812121416,12.0
54afd,54afd,54afd,54afd,0.0,0.0,0.0,0.0,0.0,0.0,0.0,0.0,-254385.28590009295,-501124.36845588643,536934.859821472,122.0
54aff,54aff,54aff,54aff,-71554.41510153831,-138567.9093879772,150335.0952903952,34.0,-71554.41510153831,-138567.9093879772,150335.0952903952,34.0,-71554.41510153831,-138567.9093879772,150335.0952903952,34.0
54b4,54b4,54b4,54b4,0.0,0.0,0.0,0.0,0.0,0.0,0.0,0.0,0.0,0.0,0.0,0.0
54b84,54b84,54b84,54b84,-45355.909079097524,-75360.81765039361,83165.20412125828,19.0,-45355.909079097524,-75360.81765039361,83165.20412125828,19.0,-45355.909079097524,-75360.81765039361,83165.20412125828,19.0
54b89,54b89,54b89,54b89,0.0,0.0,0.0,0.0,0.0,0.0,0.0,0.0,-407379.32222863036,-668170.3513613159,748753.8135447162,170.0
54b8b,54b8b,54b8b,54b8b,0.0,0.0,0.0,0.0,0.0,0.0,0.0,0.0,0.0,0.0,0.0,0.0
54b8c61,54b8c61,54b8c4,54b8d,-30903.059212605276,-50869.56589817919,57593.02354169964,13.0,0.0,0.0,0.0,0.0,0.0,0.0,0.0,0.0
54b8c63,54b8c63,54b8c4,54b8d,-97552.71820273079,-160399.7573163833,181622.57222627947,41.0,0.0,0.0,0.0,0.0,0.0,0.0,0.0,0.0
54b8c65,54b8c65,54b8c4,54b8d,-61847.30910604773,-101757.71895392636,115147.51243730611,26.0,0.0,0.0,0.0,0.0,0.0,0.0,0.0,0.0
54b8c67,54b8c67,54b8c4,54b8d,-23774.73688356392,-39138.75451014137,44293.28467244493,10.0,0.0,0.0,0.0,0.0,0.0,0.0,0.0,0.0
54b8c74,54b8c74,54b8c4,54b8d,-4762.029355048448,-7829.010807519686,8853.737871942234,2.0,0.0,0.0,0.0,0.0,0.0,0.0,0.0,0.0
54b8c7c,54b8c7c,54b8c4,54b8d,0.0,0.0,0.0,0.0,0.0,0.0,0.0,0.0,0.0,0.0,0.0,0.0
54b8c84,54b8c84,54b8cc,54b8d,-59556.269240226546,-97741.53078715428,110762.07744145386,25.0,0.0,0.0,0.0,0.0,0.0,0.0,0.0,0.0
54b8c8c,54b8c8c,54b8cc,54b8d,0.0,0.0,0.0,0.0,0.0,0.0,0.0,0.0,0.0,0.0,0.0,0.0
54b8c94,54b8c94,54b8cc,54b8d,-4763.127238866262,-7811.980232928893,8868.17885790948,2.0,0.0,0.0,0.0,0.0,0.0,0.0,0.0,0.0
54b8c9c,54b8c9c,54b8cc,54b8d,-2383.1438697985864,-3907.2696619782205,4432.112612976283,1.0,0.0,0.0,0.0,0.0,0.0,0.0,0.0,0.0
54b8cd,54b8cd,54b8cc,54b8d,-16621.128430494748,-27325.863352938813,31079.45446172411,7.0,0.0,0.0,0.0,0.0,0.0,0.0,0.0,0.0
54b8cf,54b8cf,54b8cc,54b8d,-78417.00168250305,-129020.9815655757,146309.92673735632,33.0,0.0,0.0,0.0,0.0,0.0,0.0,0.0,0.0
54b8d4,54b8d4,54b8d4,54b8d,0.0,0.0,0.0,0.0,-139552.61112880547,-230393.85965353742,262176.6144164073,59.0,0.0,0.0,0.0,0.0
54b94,54b94,54b94,54b94,-74664.84875015357,-125805.30293646996,141992.43813470984,32.0,-74664.84875015357,-125805.30293646996,141992.43813470984,32.0,-74664.84875015357,-125805.30293646996,141992.43813470984,32.0
54b9c,54b9c,54b9c,54b9c,-13764.942518082296,-24038.501557702315,26341.690249996358,6.0,-13764.942518082296,-24038.501557702315,26341.690249996358,6.0,-13764.942518082296,-24038.501557702315,26341.690249996358,6.0
54bb,54bb,54bb,54bb,0.0,0.0,0.0,0.0,-132887.3623248686,-237556.9036080468,268374.8275853822,60.0,-132887.3623248686,-237556.9036080468,268374.8275853822,60.0
54bc4,54bc4,54bd,54bd,0.0,0.0,0.0,0.0,0.0,0.0,0.0,0.0,0.0,0.0,0.0,0.0
54bcc,54bcc,54bd,54bd,-96632.41629442495,-172917.95988312687,198346.59009404786,44.0,0.0,0.0,0.0,0.0,0.0,0.0,0.0,0.0
54bd4,54bd4,54bd,54bd,-59896.37165456557,-103934.78188269961,123286.11401231159,27.0,0.0,0.0,0.0,0.0,0.0,0.0,0.0,0.0
54bdc,54bdc,54bd,54bd,0.0,0.0,0.0,0.0,0.0,0.0,0.0,0.0,0.0,0.0,0.0,0.0
54be4,54be4,54be4,54be4,0.0,0.0,0.0,0.0,0.0,0.0,0.0,0.0,0.0,0.0,0.0,0.0
54bec,54bec,54bec,54bec,0.0,0.0,0.0,0.0,0.0,0.0,0.0,0.0,0.0,0.0,0.0,0.0
54bf1,54bf1,54bf4,54bf4,0.0,0.0,0.0,0.0,0.0,0.0,0.0,0.0,0.0,0.0,0.0,0.0
54bf3,54bf3,54bf4,54bf4,0.0,0.0,0.0,0.0,0.0,0.0,0.0,0.0,0.0,0.0,0.0,0.0
54bf5,54bf5,54bf4,54bf4,0.0,0.0,0.0,0.0,0.0,0.0,0.0,0.0,0.0,0.0,0.0,0.0
54bf7,54bf7,54bf4,54bf4,-115743.374406908,-185205.35144711798,214058.15448009112,48.0,0.0,0.0,0.0,0.0,0.0,0.0,0.0,0.0
54bf9,54bf9,54bf9,54bf9,-70359.2121862592,-110735.19030576725,130089.2810649726,29.0,-70359.2121862592,-110735.19030576725,130089.2810649726,29.0,-70359.2121862592,-110735.19030576725,130089.2810649726,29.0
54bfb,54bfb,54bfb,54bfb,-117836.68027636418,-187694.35772664432,219865.87702891906,49.0,-117836.68027636418,-187694.35772664432,219865.87702891906,49.0,-117836.68027636418,-187694.35772664432,219865.87702891906,49.0
54bfd,54bfd,54bfd,54bfd,-31275.958438006728,-49496.887221518504,58579.058742593435,13.0,-31275.958438006728,-49496.887221518504,58579.058742593435,13.0,-31275.958438006728,-49496.887221518504,58579.058742593435,13.0
54bfe4,54bfe4,54bfe4,54bfe4,0.0,0.0,0.0,0.0,-173047.814307865,-269033.5981890364,319825.2229992126,71.0,-173047.814307865,-269033.5981890364,319825.2229992126,71.0
54bfec,54bfec,54bfec,54bfec,0.0,0.0,0.0,0.0,0.0,0.0,0.0,0.0,-399291.4370912709,-623396.5536844884,737322.7568119483,164.0
54bff4,54bff4,54bff4,54bff4,0.0,0.0,0.0,0.0,-178473.77486769867,-277192.6837684602,328045.753043592,73.0,-178473.77486769867,-277192.6837684602,328045.753043592,73.0
54bff9,54bff9,54bff9,54bffc,-19646.85912852337,-30280.463051743776,35983.85769620561,8.0,-19646.85912852337,-30280.463051743776,35983.85769620561,8.0,0.0,0.0,0.0,0.0
54bffd,54bffd,54bffd,54bffc,-53877.802903803626,-83252.64808065954,99053.59389384263,22.0,-53877.802903803626,-83252.64808065954,99053.59389384263,22.0,0.0,0.0,0.0,0.0
54bffe4,54bffe4,54bffe4,54bffc,-68767.389857962,-105832.11042474472,126067.34431255775,28.0,-68767.389857962,-105832.11042474472,126067.34431255775,28.0,0.0,0.0,0.0,0.0
54bffec,54bffec,54bffec,54bffc,-98225.1660114077,-151265.3088178034,180039.50705146516,40.0,-98225.1660114077,-151265.3088178034,180039.50705146516,40.0,0.0,0.0,0.0,0.0
54bfff04,54bfff04,54bfff1,54bffc,-22116.791584148523,-34023.05916617923,40509.86254187581,9.0,-233496.98441681333,-359180.7155694641,427540.50790466054,95.0,0.0,0.0,0.0,0.0
54bfff0c,54bfff0c,54bfff1,54bffc,-49168.73550781942,-75603.50973196907,90013.5875481719,20.0,-233496.98441681333,-359180.7155694641,427540.50790466054,95.0,0.0,0.0,0.0,0.0
54bfff14,54bfff14,54bfff1,54bffc,-122906.68906671664,-189047.85380785353,225009.41585245848,50.0,-233496.98441681333,-359180.7155694641,427540.50790466054,95.0,0.0,0.0,0.0,0.0
54bfff1c,54bfff1c,54bfff1,54bffc,-39304.76825812881,-60506.29286346224,72007.64196215424,16.0,-233496.98441681333,-359180.7155694641,427540.50790466054,95.0,0.0,0.0,0.0,0.0
54bfff3,54bfff3,54bfff3,54bffc,-36849.95462777713,-56741.43321319603,67492.11003897343,15.0,-36849.95462777713,-56741.43321319603,67492.11003897343,15.0,0.0,0.0,0.0,0.0
54bfff5,54bfff5,54bfff5,54bffc,-7377.189881740265,-11344.867514274792,13497.363667935606,3.0,-7377.189881740265,-11344.867514274792,13497.363667935606,3.0,0.0,0.0,0.0,0.0
54bfff7,54bfff7,54bfff7,54bffc,-78688.7210193053,-120979.9337745402,143999.47081886244,32.0,-78688.7210193053,-120979.9337745402,143999.47081886244,32.0,0.0,0.0,0.0,0.0
54bfffc,54bfffc,54bfffc,54bffc,-19669.770455128382,-30232.10688809531,36011.99689632594,8.0,-19669.770455128382,-30232.10688809531,36011.99689632594,8.0,0.0,0.0,0.0,0.0
80a4,80a4,80a4,80a4,0.0,0.0,0.0,0.0,0.0,0.0,0.0,0.0,0.0,0.0,0.0,0.0
80a9,80a9,80ac,80ac,0.0,0.0,0.0,0.0,0.0,0.0,0.0,0.0,0.0,0.0,0.0,0.0
80aac,80aac,80ac,80ac,0.0,0.0,0.0,0.0,0.0,0.0,0.0,0.0,0.0,0.0,0.0,0.0
80ab4,80ab4,80ac,80ac,0.0,0.0,0.0,0.0,0.0,0.0,0.0,0.0,0.0,0.0,0.0,0.0
80abc,80abc,80ac,80ac,0.0,0.0,0.0,0.0,0.0,0.0,0.0,0.0,0.0,0.0,0.0,0.0
80ad,80ad,80ac,80ac,-29564.640655117506,-66106.57298835482,62358.18243504159,15.0,0.0,0.0,0.0,0.0,0.0,0.0,0.0,0.0
80af,80af,80ac,80ac,-96327.69609880778,-206206.40010993351,194566.79968689967,47.0,0.0,0.0,0.0,0.0,0.0,0.0,0.0,0.0
80b1,80b1,80b4,80b4,0.0,0.0,0.0,0.0,0.0,0.0,0.0,0.0,0.0,0.0,0.0,0.0
80b3,80b3,80b4,80b4,0.0,0.0,0.0,0.0,0.0,0.0,0.0,0.0,0.0,0.0,0.0,0.0
80b5,80b5,80b4,80b4,-8089.116971316005,-18232.533156543534,15860.195651475033,4.0,0.0,0.0,0.0,0.0,0.0,0.0,0.0,0.0
80b7,80b7,80b4,80b4,-82821.11014051255,-178569.63539228364,151613.4306917152,39.0,0.0,0.0,0.0,0.0,0.0,0.0,0.0,0.0
80b84,80b84,80b9,80bc,-37325.47856935627,-77295.04137024349,66049.76857359045,17.0,0.0,0.0,0.0,0.0,0.0,0.0,0.0,0.0
80b8c,80b8c,80b9,80bc,0.0,0.0,0.0,0.0,0.0,0.0,0.0,0.0,0.0,0.0,0.0,0.0
80bb,80bb,80bb,80bc,0.0,0.0,0.0,0.0,-120581.74170467086,-244739.75206084482,219840.80173362597,55.0,0.0,0.0,0.0,0.0
80bd,80bd,80bd,80bc,0.0,0.0,0.0,0.0,0.0,0.0,0.0,0.0,0.0,0.0,0.0,0.0
80bf,80bf,80bf,80bc,0.0,0.0,0.0,0.0,0.0,0.0,0.0,0.0,0.0,0.0,0.0,0.0
5341,5341,5341,5341,0.0,0.0,0.0,0.0,-91185.83330203056,-251817.90611946536,290328.3918680226,62.0,-91185.83330203056,-251817.90611946536,290328.3918680226,62.0
53424,53424,53424,5343,0.0,0.0,0.0,0.0,-101700.79907913125,-260624.18104886136,305324.88064889883,65.0,0.0,0.0,0.0,0.0
5342c,5342c,5342c,5343,-56642.99174222945,-139037.9719613003,164868.28150243565,35.0,-56642.99174222945,-139037.9719613003,164868.28150243565,35.0,0.0,0.0,0.0,0.0
5343544,5343544,53434,5343,-78694.23992718213,-194771.77704975609,222238.5198716306,48.0,0.0,0.0,0.0,0.0,0.0,0.0,0.0,0.0
534354c,534354c,53434,5343,-44372.98677410467,-109535.37905135074,124991.86783257194,27.0,0.0,0.0,0.0,0.0,0.0,0.0,0.0,0.0
5343554,5343554,53434,5343,0.0,0.0,0.0,0.0,0.0,0.0,0.0,0.0,0.0,0.0,0.0,0.0
534355c,534355c,53434,5343,-68819.04711360707,-170498.38918175333,194408.22436499002,42.0,0.0,0.0,0.0,0.0,0.0,0.0,0.0,0.0
534357,534357,53434,5343,-70263.97344737205,-174648.77812146582,199025.6850660053,43.0,0.0,0.0,0.0,0.0,0.0,0.0,0.0,0.0
5343c,5343c,5343c,5343,0.0,0.0,0.0,0.0,-103376.97647726815,-272656.4740623839,311733.1138100778,67.0,0.0,0.0,0.0,0.0
53444,53444,53444,5345,0.0,0.0,0.0,0.0,0.0,0.0,0.0,0.0,0.0,0.0,0.0,0.0
5344c,5344c,5344c,5345,0.0,0.0,0.0,0.0,0.0,0.0,0.0,0.0,0.0,0.0,0.0,0.0
53451,53451,53454,5345,-12565.962489000098,-33138.667718553304,36628.625086045184,8.0,0.0,0.0,0.0,0.0,0.0,0.0,0.0,0.0
53453,53453,53454,5345,-58109.75667612422,-148831.18197117434,164549.8474456139,36.0,0.0,0.0,0.0,0.0,0.0,0.0,0.0,0.0
53455,53455,53454,5345,0.0,0.0,0.0,0.0,0.0,0.0,0.0,0.0,0.0,0.0,0.0,0.0
53457,53457,53454,5345,0.0,0.0,0.0,0.0,0.0,0.0,0.0,0.0,0.0,0.0,0.0,0.0
5345c,5345c,5345c,5345,0.0,0.0,0.0,0.0,0.0,0.0,0.0,0.0,0.0,0.0,0.0,0.0
5347,5347,5347,5347,0.0,0.0,0.0,0.0,0.0,0.0,0.0,0.0,0.0,0.0,0.0,0.0
53481,53481,53481,53481,-10977.449671842012,-33778.55415664198,36554.602618113415,8.0,-10977.449671842012,-33778.55415664198,36554.602618113415,8.0,-10977.449671842012,-33778.55415664198,36554.602618113415,8.0
534864,534864,534864,534864,0.0,0.0,0.0,0.0,-141580.86472772225,-421432.3872948673,456340.8093544393,100.0,-141580.86472772225,-421432.3872948673,456340.8093544393,100.0
53487a4,53487a4,53487a4,53487b,-1409.2412002854876,-4210.468517445695,4568.998493400277,1.0,-1409.2412002854876,-4210.468517445695,4568.998493400277,1.0,-236936.46084050107,-707690.7225000621,767228.779540534,168.0
53487ac,53487ac,53487ac,53487b,-61930.655990703126,-185370.02566849263,200958.46855472942,44.0,-61930.655990703126,-185370.02566849263,200958.46855472942,44.0,-236936.46084050107,-707690.7225000621,767228.779540534,168.0
53487b1,53487b1,53487b4,53487b,-36676.770115024614,-109512.72028996734,118745.32211489907,26.0,0.0,0.0,0.0,0.0,-236936.46084050107,-707690.7225000621,767228.779540534,168.0
53487b3,53487b3,53487b4,53487b,-49355.92366049551,-147457.19740448726,159821.19635515384,35.0,0.0,0.0,0.0,0.0,-236936.46084050107,-707690.7225000621,767228.779540534,168.0
53487b5,53487b5,53487b4,53487b,-38123.4985610416,-113742.90622087636,123284.54781077795,27.0,0.0,0.0,0.0,0.0,-236936.46084050107,-707690.7225000621,767228.779540534,168.0
53487b7,53487b7,53487b4,53487b,-46616.38774774396,-138976.33754354555,150714.06745537155,33.0,0.0,0.0,0.0,0.0,-236936.46084050107,-707690.7225000621,767228.779540534,168.0
53487bc,53487bc,53487bc,53487b,-2823.983565206803,-8421.066855247125,9136.178756201927,2.0,-2823.983565206803,-8421.066855247125,9136.178756201927,2.0,-236936.46084050107,-707690.7225000621,767228.779540534,168.0
53487c4,53487c4,53487c4,53487d,-28327.434913188245,-84192.86625518791,91351.07416736311,20.0,-28327.434913188245,-84192.86625518791,91351.07416736311,20.0,0.0,0.0,0.0,0.0
53487c9,53487c9,53487cc,53487d,-62220.51324187052,-185285.11874944338,200947.2396221384,44.0,0.0,0.0,0.0,0.0,0.0,0.0,0.0,0.0
53487cb,53487cb,53487cc,53487d,-19798.05662354946,-58974.14342359833,63919.3152263781,14.0,0.0,0.0,0.0,0.0,0.0,0.0,0.0,0.0
53487cd,53487cd,53487cc,53487d,-28313.842724572358,-84252.12873887189,91300.63589487976,20.0,0.0,0.0,0.0,0.0,0.0,0.0,0.0,0.0
53487cf,53487cf,53487cc,53487d,-35410.970686980334,-105268.25885525638,114163.2700528823,25.0,0.0,0.0,0.0,0.0,0.0,0.0,0.0,0.0
53487d4,53487d4,53487d4,53487d,0.0,0.0,0.0,0.0,-89372.61112036294,-265290.1371573261,287635.8788174104,63.0,0.0,0.0,0.0,0.0
53487dc,53487dc,53487dc,53487d,-35496.38238470776,-105218.9055838722,114182.23596021371,25.0,-35496.38238470776,-105218.9055838722,114182.23596021371,25.0,0.0,0.0,0.0,0.0
5348c,5348c,5348c,5348c,0.0,0.0,0.0,0.0,0.0,0.0,0.0,0.0,0.0,0.0,0.0,0.0
53494,53494,53494,53494,0.0,0.0,0.0,0.0,0.0,0.0,0.0,0.0,0.0,0.0,0.0,0.0
5349c,5349c,5349c,5349c,-16135.467969295705,-51570.70215839482,54083.14085627535,12.0,-16135.467969295705,-51570.70215839482,54083.14085627535,12.0,-16135.467969295705,-51570.70215839482,54083.14085627535,12.0
534b,534b,534b,534b,-68975.79788918499,-216490.02521512815,223260.80314396424,50.0,-68975.79788918499,-216490.02521512815,223260.80314396424,50.0,-68975.79788918499,-216490.02521512815,223260.80314396424,50.0
534d,534d,534d,534d,0.0,0.0,0.0,0.0,0.0,0.0,0.0,0.0,0.0,0.0,0.0,0.0
534e4,534e4,534f,534f,0.0,0.0,0.0,0.0,0.0,0.0,0.0,0.0,0.0,0.0,0.0,0.0
534ec,534ec,534f,534f,0.0,0.0,0.0,0.0,0.0,0.0,0.0,0.0,0.0,0.0,0.0,0.0
534f1,534f1,534f,534f,-24329.174584415287,-67646.58011950953,72270.17292634313,16.0,0.0,0.0,0.0,0.0,0.0,0.0,0.0,0.0
534f3,534f3,534f,534f,0.0,0.0,0.0,0.0,0.0,0.0,0.0,0.0,0.0,0.0,0.0,0.0
534f5,534f5,534f,534f,0.0,0.0,0.0,0.0,0.0,0.0,0.0,0.0,0.0,0.0,0.0,0.0
534f7,534f7,534f,534f,0.0,0.0,0.0,0.0,0.0,0.0,0.0,0.0,0.0,0.0,0.0,0.0
534fc,534fc,534f,534f,0.0,0.0,0.0,0.0,0.0,0.0,0.0,0.0,0.0,0.0,0.0,0.0
53504,53504,5351,5351,0.0,0.0,0.0,0.0,0.0,0.0,0.0,0.0,0.0,0.0,0.0,0.0
53514,53514,5351,5351,-38540.8707375733,-97333.37220668595,102529.50218175877,23.0,0.0,0.0,0.0,0.0,0.0,0.0,0.0,0.0
5351c,5351c,5351,5351,0.0,0.0,0.0,0.0,0.0,0.0,0.0,0.0,0.0,0.0,0.0,0.0
5353,5353,5353,5353,0.0,0.0,0.0,0.0,0.0,0.0,0.0,0.0,0.0,0.0,0.0,0.0
535404,535404,53541,5355,-1714.9387317983062,-4255.163705163444,4420.669645892482,1.0,-148423.22074344347,-371322.3155540025,383815.1584112669,87.0,0.0,0.0,0.0,0.0
53540a4,53540a4,53541,5355,-71611.74994815087,-179240.66954378158,185323.66853489817,42.0,-148423.22074344347,-371322.3155540025,383815.1584112669,87.0,0.0,0.0,0.0,0.0
53540ac,53540ac,53541,5355,-1705.4915071725438,-4268.898958250841,4411.071698905454,1.0,-148423.22074344347,-371322.3155540025,383815.1584112669,87.0,0.0,0.0,0.0,0.0
53540b4,53540b4,53541,5355,-61447.92314237388,-153679.3760618429,158780.10190020336,36.0,-148423.22074344347,-371322.3155540025,383815.1584112669,87.0,0.0,0.0,0.0,0.0
53540bc,53540bc,53541,5355,-11943.117413947883,-29878.20728496358,30879.646631367475,7.0,-148423.22074344347,-371322.3155540025,383815.1584112669,87.0,0.0,0.0,0.0,0.0
535459,535459,53545,5355,0.0,0.0,0.0,0.0,-168224.1919612113,-415545.98814882844,425359.9741805078,97.0,0.0,0.0,0.0,0.0
53545b,53545b,53545,5355,-20816.52060158877,-51394.919092983735,52632.30152600332,12.0,-168224.1919612113,-415545.98814882844,425359.9741805078,97.0,0.0,0.0,0.0,0.0
53545d,53545d,53545,5355,-19053.761249939802,-47112.13453242288,48257.23610917132,11.0,-168224.1919612113,-415545.98814882844,425359.9741805078,97.0,0.0,0.0,0.0,0.0
53545f,53545f,53545,5355,-17327.559643188433,-42843.80168684519,43853.61413409948,10.0,-168224.1919612113,-415545.98814882844,425359.9741805078,97.0,0.0,0.0,0.0,0.0
53547,53547,53547,5355,0.0,0.0,0.0,0.0,-104134.67522975204,-261403.52155072484,268063.4456181158,61.0,0.0,0.0,0.0,0.0
5354c,5354c,5354c,5355,-22131.723381857177,-55973.86088234117,56891.334611472215,13.0,-22131.723381857177,-55973.86088234117,56891.334611472215,13.0,0.0,0.0,0.0,0.0
53554,53554,53554,5355,0.0,0.0,0.0,0.0,0.0,0.0,0.0,0.0,0.0,0.0,0.0,0.0
5355c,5355c,5355c,5355,-68408.84892014311,-161374.06437290538,167001.91646480202,38.0,-68408.84892014311,-161374.06437290538,167001.91646480202,38.0,0.0,0.0,0.0,0.0
5357,5357,5357,5357,-69463.52212585854,-162725.8829024869,174434.88971600306,39.0,-69463.52212585854,-162725.8829024869,174434.88971600306,39.0,-69463.52212585854,-162725.8829024869,174434.88971600306,39.0
5359,5359,5359,5359,0.0,0.0,0.0,0.0,0.0,0.0,0.0,0.0,-187930.9722418566,-424651.7502763571,472594.65830661193,104.0
535a4,535a4,535b,535b,-29308.91021857256,-70043.39496225248,77234.38179747357,17.0,0.0,0.0,0.0,0.0,0.0,0.0,0.0,0.0
535ac,535ac,535b,535b,0.0,0.0,0.0,0.0,0.0,0.0,0.0,0.0,0.0,0.0,0.0,0.0
535b4,535b4,535b,535b,0.0,0.0,0.0,0.0,0.0,0.0,0.0,0.0,0.0,0.0,0.0,0.0
535bc,535bc,535b,535b,0.0,0.0,0.0,0.0,0.0,0.0,0.0,0.0,0.0,0.0,0.0,0.0
535c4,535c4,535c4,535c4,0.0,0.0,0.0,0.0,0.0,0.0,0.0,0.0,0.0,0.0,0.0,0.0
535cc,535cc,535cc,535cc,0.0,0.0,0.0,0.0,0.0,0.0,0.0,0.0,0.0,0.0,0.0,0.0
535d4,535d4,535d4,535d4,0.0,0.0,0.0,0.0,0.0,0.0,0.0,0.0,0.0,0.0,0.0,0.0
535d9,535d9,535d9,535d9,0.0,0.0,0.0,0.0,-110943.53636638986,-248430.80126629124,295083.4382330701,63.0,-110943.53636638986,-248430.80126629124,295083.4382330701,63.0
535dcc1,535dcc1,535dcc4,535dcd,-26524.601144369066,-59706.62377574772,69744.23924554673,15.0,0.0,0.0,0.0,0.0,0.0,0.0,0.0,0.0
535dcc24,535dcc24,535dcc4,535dcd,-10619.646352761725,-23877.281097991767,27898.560294048522,6.0,0.0,0.0,0.0,0.0,0.0,0.0,0.0,0.0
535dcc29,535dcc29,535dcc4,535dcd,-15935.950624335746,-35812.981685187086,41847.889071609156,9.0,0.0,0.0,0.0,0.0,0.0,0.0,0.0,0.0
535dcc2b,535dcc2b,535dcc4,535dcd,-67304.94912130322,-151204.58980829277,176688.4809754794,38.0,0.0,0.0,0.0,0.0,0.0,0.0,0.0,0.0
535dcc2d,535dcc2d,535dcc4,535dcd,-8854.884739862278,-19897.43172219114,23247.087002275282,5.0,0.0,0.0,0.0,0.0,0.0,0.0,0.0,0.0
535dcc2f,535dcc2f,535dcc4,535dcd,-21245.008163445178,-47755.44674557937,55794.187657328104,12.0,0.0,0.0,0.0,0.0,0.0,0.0,0.0,0.0
535dcc34,535dcc34,535dcc4,535dcd,-60202.88886288345,-135326.00093752978,158064.03790898784,34.0,0.0,0.0,0.0,0.0,0.0,0.0,0.0,0.0
535dcd9,535dcd9,535dcd9,535dcd,-26608.60215429733,-59703.21616713876,69715.15372597367,15.0,-26608.60215429733,-59703.21616713876,69715.15372597367,15.0,0.0,0.0,0.0,0.0
535dcdb,535dcdb,535dcdb,535dcd,-17715.070673832965,-39810.44772172366,46478.81000043367,10.0,-17715.070673832965,-39810.44772172366,46478.81000043367,10.0,0.0,0.0,0.0,0.0
535dcdc4,535dcdc4,535dcdd,535dcd,-24818.221553607375,-55716.30779467411,65079.493801880584,14.0,-164789.84436366177,-370077.6854666771,432374.3546398303,93.0,0.0,0.0,0.0,0.0
535dcdcc,535dcdcc,535dcdd,535dcd,-24800.74431634347,-55720.41867396099,65082.63666896806,14.0,-164789.84436366177,-370077.6854666771,432374.3546398303,93.0,0.0,0.0,0.0,0.0
535dcdd4,535dcdd4,535dcdd,535dcd,0.0,0.0,0.0,0.0,-164789.84436366177,-370077.6854666771,432374.3546398303,93.0,0.0,0.0,0.0,0.0
535dcddc,535dcddc,535dcdd,535dcd,-21273.105695355418,-47748.44106973511,55789.4771639403,12.0,-164789.84436366177,-370077.6854666771,432374.3546398303,93.0,0.0,0.0,0.0,0.0
535dcdf,535dcdf,535dcdf,535dcd,-33700.78866495213,-75614.03538408037,88315.76987238048,19.0,-33700.78866495213,-75614.03538408037,88315.76987238048,19.0,0.0,0.0,0.0,0.0
535dce4,535dce4,535dcf,535dcf,0.0,0.0,0.0,0.0,0.0,0.0,0.0,0.0,-276432.47189415444,-620427.683917354,725566.4116508008,156.0
535dcec,535dcec,535dcf,535dcf,0.0,0.0,0.0,0.0,0.0,0.0,0.0,0.0,-276432.47189415444,-620427.683917354,725566.4116508008,156.0
535dcf4,535dcf4,535dcf,535dcf,-10634.002633729164,-23849.8741866463,27916.529121462096,6.0,0.0,0.0,0.0,0.0,-276432.47189415444,-620427.683917354,725566.4116508008,156.0
535dcfc,535dcfc,535dcf,535dcf,-26616.73083183903,-59596.932067538335,69802.92981875871,15.0,0.0,0.0,0.0,0.0,-276432.47189415444,-620427.683917354,725566.4116508008,156.0
535dd4,535dd4,535dd4,535dd4,-40920.41444321672,-91531.97114814339,106861.53340436317,23.0,-40920.41444321672,-91531.97114814339,106861.53340436317,23.0,-40920.41444321672,-91531.97114814339,106861.53340436317,23.0
535ddc,535ddc,535ddc,535ddc,-64363.79137987156,-142521.82811632863,167776.89977186252,36.0,-64363.79137987156,-142521.82811632863,167776.89977186252,36.0,-64363.79137987156,-142521.82811632863,167776.89977186252,36.0
535df,535df,535df,535df,-42454.23220983817,-94802.12888007073,112204.57312738567,24.0,-42454.23220983817,-94802.12888007073,112204.57312738567,24.0,-42454.23220983817,-94802.12888007073,112204.57312738567,24.0
535f,535f,535f,535f,0.0,0.0,0.0,0.0,0.0,0.0,0.0,0.0,0.0,0.0,0.0,0.0
8764,8764,8764,877,0.0,0.0,0.0,0.0,0.0,0.0,0.0,0.0,0.0,0.0,0.0,0.0
8769,8769,876c,877,0.0,0.0,0.0,0.0,0.0,0.0,0.0,0.0,0.0,0.0,0.0,0.0
876f,876f,876c,877,0.0,0.0,0.0,0.0,0.0,0.0,0.0,0.0,0.0,0.0,0.0,0.0
8771,8771,8774,877,0.0,0.0,0.0,0.0,0.0,0.0,0.0,0.0,0.0,0.0,0.0,0.0
8775,8775,8774,877,0.0,0.0,0.0,0.0,0.0,0.0,0.0,0.0,0.0,0.0,0.0,0.0
8777,8777,8774,877,0.0,0.0,0.0,0.0,0.0,0.0,0.0,0.0,0.0,0.0,0.0,0.0
877c,877c,877c,877,0.0,0.0,0.0,0.0,-65933.24725218538,-289551.7681388387,269973.50305876916,63.0,0.0,0.0,0.0,0.0
8784,8784,8784,8784,0.0,0.0,0.0,0.0,0.0,0.0,0.0,0.0,-113570.89829359096,-784475.6892339685,728579.2662370591,169.0
878c,878c,878c,878c,0.0,0.0,0.0,0.0,0.0,0.0,0.0,0.0,-93862.82669968416,-735413.9381548287,680873.6146081175,158.0
87904,87904,87904,8791,0.0,0.0,0.0,0.0,0.0,0.0,0.0,0.0,0.0,0.0,0.0,0.0
8790c,8790c,8790c,8791,0.0,0.0,0.0,0.0,0.0,0.0,0.0,0.0,0.0,0.0,0.0,0.0
87911,87911,87914,8791,-4024.1004982029244,-33143.600965273356,29566.74822571216,7.0,0.0,0.0,0.0,0.0,0.0,0.0,0.0,0.0
87915,87915,87914,8791,0.0,0.0,0.0,0.0,0.0,0.0,0.0,0.0,0.0,0.0,0.0,0.0
87917,87917,87914,8791,0.0,0.0,0.0,0.0,0.0,0.0,0.0,0.0,0.0,0.0,0.0,0.0
8791c,8791c,8791c,8791,0.0,0.0,0.0,0.0,0.0,0.0,0.0,0.0,0.0,0.0,0.0,0.0
87924,87924,87924,87924,0.0,0.0,0.0,0.0,0.0,0.0,0.0,0.0,-85471.22793109374,-787040.6252096597,710818.1684717278,167.0
879384,879384,879384,879384,0.0,0.0,0.0,0.0,-34469.47861075466,-333994.3415889736,293512.18828789797,70.0,-34469.47861075466,-333994.3415889736,293512.18828789797,70.0
8793881,8793881,8793881,8793884,-20742.065382534896,-200437.92316223573,176053.20008463642,42.0,-20742.065382534896,-200437.92316223573,176053.20008463642,42.0,-78153.69461438098,-753926.1748108997,662397.0603499882,158.0
8793883,8793883,8793883,8793884,-18833.59983272237,-181342.60663223392,159285.14472858177,38.0,-18833.59983272237,-181342.60663223392,159285.14472858177,38.0,-78153.69461438098,-753926.1748108997,662397.0603499882,158.0
8793885,8793885,8793885,8793884,-20809.637091749497,-200382.6797873455,176108.10322039478,42.0,-20809.637091749497,-200382.6797873455,176108.10322039478,42.0,-78153.69461438098,-753926.1748108997,662397.0603499882,158.0
8793887,8793887,8793887,8793884,-17768.39230737419,-171762.96522908434,150950.61231637516,36.0,-17768.39230737419,-171762.96522908434,150950.61231637516,36.0,-78153.69461438098,-753926.1748108997,662397.0603499882,158.0
879388c,879388c,879388c,879388c,0.0,0.0,0.0,0.0,0.0,0.0,0.0,0.0,-50455.6404242392,-486488.44534343254,427877.30583879346,102.0
8793891,8793891,8793894,8793894,-7459.210462584586,-71543.05397398143,62917.77150312459,15.0,-45315.89336068569,-433937.74919130985,381796.0505171281,91.0,-45315.89336068569,-433937.74919130985,381796.0505171281,91.0
8793893,8793893,8793894,8793894,-15403.222752450956,-147809.95565320816,130083.47286841732,31.0,-45315.89336068569,-433937.74919130985,381796.0505171281,91.0,-45315.89336068569,-433937.74919130985,381796.0505171281,91.0
8793895,8793895,8793894,8793894,-12476.20527290798,-119199.73653537888,104901.6795591078,25.0,-45315.89336068569,-433937.74919130985,381796.0505171281,91.0,-45315.89336068569,-433937.74919130985,381796.0505171281,91.0
8793897,8793897,8793894,8793894,-9977.254872742154,-95385.00302874137,83893.12658647838,20.0,-45315.89336068569,-433937.74919130985,381796.0505171281,91.0,-45315.89336068569,-433937.74919130985,381796.0505171281,91.0
8793899,8793899,879389c,879389c,-12974.727940037545,-124042.62838048255,109012.63866351132,26.0,0.0,0.0,0.0,0.0,-73233.53874500211,-701425.734735311,616232.6755851532,147.0
879389b,879389b,879389c,879389c,-19888.879821032606,-190834.16623244766,167721.0707773773,40.0,0.0,0.0,0.0,0.0,-73233.53874500211,-701425.734735311,616232.6755851532,147.0
879389d,879389d,879389c,879389c,-20902.25248546246,-200442.71150587167,176028.80099514165,42.0,0.0,0.0,0.0,0.0,-73233.53874500211,-701425.734735311,616232.6755851532,147.0
879389f,879389f,879389c,879389c,-19467.678498469493,-186106.2286165091,163470.1651491229,39.0,0.0,0.0,0.0,0.0,-73233.53874500211,-701425.734735311,616232.6755851532,147.0
87938a4,87938a4,87938a4,87938a4,-20570.965220195256,-195619.64375443387,171875.4211883523,41.0,-20570.965220195256,-195619.64375443387,171875.4211883523,41.0,-20570.965220195256,-195619.64375443387,171875.4211883523,41.0
87938a9,87938a9,87938ac,87938ac,-17148.105820876775,-162242.20074254923,142496.19279413534,34.0,0.0,0.0,0.0,0.0,-52543.81765906843,-496217.0637109821,435920.30852417054,104.0
87938ab,87938ab,87938ac,87938ac,-17222.883768279564,-162237.97302185054,142491.9877015476,34.0,0.0,0.0,0.0,0.0,-52543.81765906843,-496217.0637109821,435920.30852417054,104.0
87938ad,87938ad,87938ac,87938ac,-2027.881806488175,-19083.664060262647,16767.155721064093,4.0,0.0,0.0,0.0,0.0,-52543.81765906843,-496217.0637109821,435920.30852417054,104.0
87938af,87938af,87938ac,87938ac,-16144.946263423915,-152653.22588631962,134164.97230742357,32.0,0.0,0.0,0.0,0.0,-52543.81765906843,-496217.0637109821,435920.30852417054,104.0
87938b1,87938b1,87938b4,87938b4,-9583.792789802881,-90607.94587807401,79694.74076658164,19.0,0.0,0.0,0.0,0.0,-55548.391917930545,-524468.4201962056,461501.0775110201,110.0
87938b3,87938b3,87938b4,87938b4,-7081.5947522939905,-66759.56427066626,58724.808453448466,14.0,0.0,0.0,0.0,0.0,-55548.391917930545,-524468.4201962056,461501.0775110201,110.0
87938b5,87938b5,87938b4,87938b4,-17698.275953195738,-166866.9799394566,146849.0001762811,35.0,0.0,0.0,0.0,0.0,-55548.391917930545,-524468.4201962056,461501.0775110201,110.0
87938b7,87938b7,87938b4,87938b4,-21184.72842263793,-200233.9301080087,176232.528114709,42.0,0.0,0.0,0.0,0.0,-55548.391917930545,-524468.4201962056,461501.0775110201,110.0
87938bc,87938bc,87938bc,87938bc,0.0,0.0,0.0,0.0,-29597.76665289355,-281340.0716605099,247516.98245195803,59.0,-29597.76665289355,-281340.0716605099,247516.98245195803,59.0
87938c1,87938c1,87938c4,87938d,-6007.07017132417,-57195.12304933561,50374.173323003546,12.0,-44178.50250231762,-419346.54549578845,369491.2183326242,88.0,0.0,0.0,0.0,0.0
87938c3,87938c3,87938c4,87938d,-2498.2405786704053,-23823.31955953726,20998.858568549393,5.0,-44178.50250231762,-419346.54549578845,369491.2183326242,88.0,0.0,0.0,0.0,0.0
87938c5,87938c5,87938c4,87938d,-22609.396827983583,-214405.6890237174,188979.53538964613,45.0,-44178.50250231762,-419346.54549578845,369491.2183326242,88.0,0.0,0.0,0.0,0.0
87938c7,87938c7,87938c4,87938d,-13063.794924339463,-123922.41386319816,109138.65105142503,26.0,-44178.50250231762,-419346.54549578845,369491.2183326242,88.0,0.0,0.0,0.0,0.0
87938cc,87938cc,87938cc,87938d,0.0,0.0,0.0,0.0,-28270.687082580534,-266859.1119190275,235109.4213920376,56.0,0.0,0.0,0.0,0.0
87938d4,87938d4,87938d4,87938d,-16142.615396003162,-152400.52105965867,134452.23069404095,32.0,-16142.615396003162,-152400.52105965867,134452.23069404095,32.0,0.0,0.0,0.0,0.0
87938d9,87938d9,87938dc,87938d,-7526.2451987174645,-71428.11925636725,63040.25396978581,15.0,-49606.53106103218,-471522.05609981244,415964.291290555,99.0,0.0,0.0,0.0,0.0
87938db,87938db,87938dc,87938d,-19076.29992008215,-180999.8796951953,159645.67330827107,38.0,-49606.53106103218,-471522.05609981244,415964.291290555,99.0,0.0,0.0,0.0,0.0
87938dd,87938dd,87938dc,87938d,-17001.53982314712,-161949.02736400912,142846.82089097908,34.0,-49606.53106103218,-471522.05609981244,415964.291290555,99.0,0.0,0.0,0.0,0.0
87938df,87938df,87938dc,87938d,-6002.446119085451,-57145.02978424078,50431.54312151894,12.0,-49606.53106103218,-471522.05609981244,415964.291290555,99.0,0.0,0.0,0.0,0.0
87938e3,87938e3,87938e4,87938e4,-991.9044507889405,-9523.498157889124,8407.028050139585,2.0,-35797.02615408441,-342966.5326971223,302505.87192030984,72.0,-35797.02615408441,-342966.5326971223,302505.87192030984,72.0
87938e5,87938e5,87938e4,87938e4,-20852.179348610363,-200066.16361579899,176462.5749411934,42.0,-35797.02615408441,-342966.5326971223,302505.87192030984,72.0,-35797.02615408441,-342966.5326971223,302505.87192030984,72.0
87938e7,87938e7,87938e4,87938e4,-13952.942354685101,-133376.8709234342,117636.26892897685,28.0,-35797.02615408441,-342966.5326971223,302505.87192030984,72.0,-35797.02615408441,-342966.5326971223,302505.87192030984,72.0
87938e9,87938e9,87938ec,87938ec,-8477.724031438778,-81005.35022310301,71391.1753706716,17.0,-41306.92758685572,-395591.1673027326,348459.69577826513,83.0,-41306.92758685572,-395591.1673027326,348459.69577826513,83.0
87938eb,87938eb,87938ec,87938ec,-10468.596748160071,-100094.60717177523,88156.445897239,21.0,-41306.92758685572,-395591.1673027326,348459.69577826513,83.0,-41306.92758685572,-395591.1673027326,348459.69577826513,83.0
87938ed,87938ed,87938ec,87938ec,-19874.63340381517,-190665.49154401812,167914.48203960527,40.0,-41306.92758685572,-395591.1673027326,348459.69577826513,83.0,-41306.92758685572,-395591.1673027326,348459.69577826513,83.0
87938ef,87938ef,87938ec,87938ec,-2485.9734034417056,-23825.718363836262,20997.59247074922,5.0,-41306.92758685572,-395591.1673027326,348459.69577826513,83.0,-41306.92758685572,-395591.1673027326,348459.69577826513,83.0
87938f1,87938f1,87938f4,87938f4,-14847.279179819143,-142957.24507190596,125990.32340572153,30.0,0.0,0.0,0.0,0.0,-88061.7295389383,-848337.6328506537,747404.9029700232,178.0
87938f24,87938f24,87938f4,87938f4,-24767.226167038432,-238308.97195504708,209928.08518578575,50.0,0.0,0.0,0.0,0.0,-88061.7295389383,-848337.6328506537,747404.9029700232,178.0
87938f2c,87938f2c,87938f4,87938f4,-4458.5199365725475,-42902.62112957701,37779.051049752525,9.0,0.0,0.0,0.0,0.0,-88061.7295389383,-848337.6328506537,747404.9029700232,178.0
87938f3c,87938f3c,87938f4,87938f4,0.0,0.0,0.0,0.0,0.0,0.0,0.0,0.0,-88061.7295389383,-848337.6328506537,747404.9029700232,178.0
87938f7,87938f7,87938f4,87938f4,-15783.14107596146,-152497.21614553552,134385.26022629117,32.0,0.0,0.0,0.0,0.0,-88061.7295389383,-848337.6328506537,747404.9029700232,178.0
87938f9,87938f9,87938f9,87938fc,-5423.377837597273,-52406.074180108364,46212.016533430186,11.0,-5423.377837597273,-52406.074180108364,46212.016533430186,11.0,-69250.65484578523,-666907.619130801,588215.706767915,140.0
87938fa4,87938fa4,87938fa4,87938fc,-14839.881979808413,-142918.27626088838,126035.39954761701,30.0,-14839.881979808413,-142918.27626088838,126035.39954761701,30.0,-69250.65484578523,-666907.619130801,588215.706767915,140.0
87938fac,87938fac,87938fac,87938fc,-12874.42951153895,-123861.28312824157,109230.51149143897,26.0,-12874.42951153895,-123861.28312824157,109230.51149143897,26.0,-69250.65484578523,-666907.619130801,588215.706767915,140.0
87938fb4,87938fb4,87938fb4,87938fc,-14857.775705851693,-142899.9570352871,126054.06139264922,30.0,-14857.775705851693,-142899.9570352871,126054.06139264922,30.0,-69250.65484578523,-666907.619130801,588215.706767915,140.0
87938fbc,87938fbc,87938fbc,87938fc,-17801.05459983034,-171483.41724340266,151264.27200857238,36.0,-17801.05459983034,-171483.41724340266,151264.27200857238,36.0,-69250.65484578523,-666907.619130801,588215.706767915,140.0
87938fd,87938fd,87938fd,87938fc,-1977.3073490215709,-19050.934304726194,16810.360018455332,4.0,-1977.3073490215709,-19050.934304726194,16810.360018455332,4.0,-69250.65484578523,-666907.619130801,588215.706767915,140.0
87938ff,87938ff,87938ff,87938fc,-1476.8278621369836,-14287.676978146752,12609.085775752026,3.0,-1476.8278621369836,-14287.676978146752,12609.085775752026,3.0,-69250.65484578523,-666907.619130801,588215.706767915,140.0
879394,879394,879394,879394,0.0,0.0,0.0,0.0,-40669.08548419937,-385480.5340989759,340675.82740198896,81.0,-40669.08548419937,-385480.5340989759,340675.82740198896,81.0
8793b,8793b,8793b,8793b,0.0,0.0,0.0,0.0,-26531.644860431406,-250678.53767609925,224661.7815507589,53.0,-26531.644860431406,-250678.53767609925,224661.7815507589,53.0
8793d,8793d,8793d,8793d,-14335.016035161369,-132823.13348223318,118215.42470278025,28.0,-14335.016035161369,-132823.13348223318,118215.42470278025,28.0,-14335.016035161369,-132823.13348223318,118215.42470278025,28.0
8793e4,8793e4,8793e4,8793f,-520.9155201320118,-4758.961061103117,4203.651956271751,1.0,-520.9155201320118,-4758.961061103117,4203.651956271751,1.0,0.0,0.0,0.0,0.0
8793eb,8793eb,8793ec,8793f,-2033.311456104016,-19009.799154868702,16850.19296746412,4.0,0.0,0.0,0.0,0.0,0.0,0.0,0.0,0.0
8793ed,8793ed,8793ec,8793f,0.0,0.0,0.0,0.0,0.0,0.0,0.0,0.0,0.0,0.0,0.0,0.0
8793ef,8793ef,8793ec,8793f,-15509.574621550702,-142790.60919405433,126099.43850699005,30.0,0.0,0.0,0.0,0.0,0.0,0.0,0.0,0.0
8793f1,8793f1,8793f1,8793f,-20197.8623268178,-185741.1186148837,163796.44978827177,39.0,-20197.8623268178,-185741.1186148837,163796.44978827177,39.0,0.0,0.0,0.0,0.0
8793f2c,8793f2c,8793f3,8793f,-9131.717219070733,-85711.8193990045,75638.4512105399,18.0,-45210.43795218883,-424032.3818340058,373716.3872686634,89.0,0.0,0.0,0.0,0.0
8793f34,8793f34,8793f3,8793f,0.0,0.0,0.0,0.0,-45210.43795218883,-424032.3818340058,373716.3872686634,89.0,0.0,0.0,0.0,0.0
8793f5,8793f5,8793f5,8793f,0.0,0.0,0.0,0.0,0.0,0.0,0.0,0.0,0.0,0.0,0.0,0.0
8793f7,8793f7,8793f7,8793f,-24804.697948700403,-228888.71370332994,201279.53170847162,48.0,-24804.697948700403,-228888.71370332994,201279.53170847162,48.0,0.0,0.0,0.0,0.0
8793fc,8793fc,8793fc,8793f,0.0,0.0,0.0,0.0,-33176.49687586574,-300206.4874723017,264340.5026945236,63.0,0.0,0.0,0.0,0.0
87941,87941,87941,87941,0.0,0.0,0.0,0.0,0.0,0.0,0.0,0.0,0.0,0.0,0.0,0.0
87945,87945,87945,87945,0.0,0.0,0.0,0.0,-36491.060569667614,-355621.2531280293,307361.5255451447,74.0,-36491.060569667614,-355621.2531280293,307361.5255451447,74.0
87946c,87946c,87946c,87947,-1502.793072089966,-14375.685485982296,12505.546963169143,3.0,-1502.793072089966,-14375.685485982296,12505.546963169143,3.0,0.0,0.0,0.0,0.0
879471,879471,879471,87947,-7458.2327861892445,-71709.544593345,62728.04506937729,15.0,-7458.2327861892445,-71709.544593345,62728.04506937729,15.0,0.0,0.0,0.0,0.0
879475,879475,879475,87947,-20157.626221488725,-190988.58303774925,167513.0662477269,40.0,-20157.626221488725,-190988.58303774925,167513.0662477269,40.0,0.0,0.0,0.0,0.0
8794761,8794761,8794764,87947,-12476.7522022087,-119341.34008847456,104740.4920218728,25.0,-43842.69093037979,-420112.09847785096,368660.6561370202,88.0,0.0,0.0,0.0,0.0
8794763,8794763,8794764,87947,-23396.254939163293,-224369.2217081622,196910.7179816809,47.0,-43842.69093037979,-420112.09847785096,368660.6561370202,88.0,0.0,0.0,0.0,0.0
8794765,8794765,8794764,87947,-6469.763325857565,-62077.840596140246,54444.02743587777,13.0,-43842.69093037979,-420112.09847785096,368660.6561370202,88.0,0.0,0.0,0.0,0.0
8794767,8794767,8794764,87947,-1499.920463150222,-14323.696085073967,12565.418697588755,3.0,-43842.69093037979,-420112.09847785096,368660.6561370202,88.0,0.0,0.0,0.0,0.0
879476c,879476c,879476c,87947,0.0,0.0,0.0,0.0,-25952.01814435265,-248475.4637683967,217580.1593832039,52.0,0.0,0.0,0.0,0.0
8794774,8794774,8794774,87947,-12385.575720022118,-119424.08586818389,104656.96460578497,25.0,-12385.575720022118,-119424.08586818389,104656.96460578497,25.0,0.0,0.0,0.0,0.0
879477c,879477c,879477c,87947,-24764.167820632072,-238723.91076534835,209456.45831733683,50.0,-24764.167820632072,-238723.91076534835,209456.45831733683,50.0,0.0,0.0,0.0,0.0
87947c,87947c,87947c,87947,0.0,0.0,0.0,0.0,-31498.106465608067,-305794.319226213,267867.95641076623,64.0,0.0,0.0,0.0,0.0
87954,87954,87954,87954,0.0,0.0,0.0,0.0,-40399.18435790719,-412816.0894884251,348150.43246780976,85.0,-40399.18435790719,-412816.0894884251,348150.43246780976,85.0
8795c,8795c,8795c,8795c,0.0,0.0,0.0,0.0,0.0,0.0,0.0,0.0,-58499.92282808044,-553256.9602110386,466882.8580229274,114.0
87961,87961,87964,87964,0.0,0.0,0.0,0.0,0.0,0.0,0.0,0.0,0.0,0.0,0.0,0.0
87963,87963,87964,87964,0.0,0.0,0.0,0.0,0.0,0.0,0.0,0.0,0.0,0.0,0.0,0.0
87965,87965,87964,87964,0.0,0.0,0.0,0.0,0.0,0.0,0.0,0.0,0.0,0.0,0.0,0.0
87967,87967,87964,87964,0.0,0.0,0.0,0.0,0.0,0.0,0.0,0.0,0.0,0.0,0.0,0.0
87969,87969,87969,87969,0.0,0.0,0.0,0.0,0.0,0.0,0.0,0.0,-57136.54462602564,-489260.4985637603,423856.42793797667,102.0
8796a4,8796a4,8796a4,8796a4,-20157.02711478737,-177007.50196986552,154367.67111778434,37.0,-20157.02711478737,-177007.50196986552,154367.67111778434,37.0,-20157.02711478737,-177007.50196986552,154367.67111778434,37.0
8796ac,8796ac,8796ac,8796ac,-22099.083683619214,-195883.27685419488,171384.51641040453,41.0,-22099.083683619214,-195883.27685419488,171384.51641040453,41.0,-22099.083683619214,-195883.27685419488,171384.51641040453,41.0
8796b4,8796b4,8796b4,8796b4,0.0,0.0,0.0,0.0,-38369.754577856176,-329507.2684591442,288444.8260136528,69.0,-38369.754577856176,-329507.2684591442,288444.8260136528,69.0
8796b9,8796b9,8796b9,8796b9,0.0,0.0,0.0,0.0,-37104.55549379562,-315825.65345443593,275111.52588626486,66.0,-37104.55549379562,-315825.65345443593,275111.52588626486,66.0
8796bb,8796bb,8796bb,8796bb,-25029.726225033803,-215364.932345853,187578.49445930324,45.0,-25029.726225033803,-215364.932345853,187578.49445930324,45.0,-25029.726225033803,-215364.932345853,187578.49445930324,45.0
8796bc4,8796bc4,8796bd,8796bd,-16733.679044433564,-143642.23461748593,124970.66804304208,30.0,-51698.544854248554,-445383.53676565667,387326.01789228397,93.0,-51698.544854248554,-445383.53676565667,387326.01789228397,93.0
8796bcc,8796bcc,8796bd,8796bd,-20505.415228408638,-177157.6886476801,154149.4410484658,37.0,-51698.544854248554,-445383.53676565667,387326.01789228397,93.0,-51698.544854248554,-445383.53676565667,387326.01789228397,93.0
8796bd4,8796bd4,8796bd,8796bd,-6105.132081807502,-52711.2256211824,45777.87565063995,11.0,-51698.544854248554,-445383.53676565667,387326.01789228397,93.0,-51698.544854248554,-445383.53676565667,387326.01789228397,93.0
8796bdc,8796bdc,8796bd,8796bd,-8354.318499598854,-71872.38787930828,62428.033150136136,15.0,-51698.544854248554,-445383.53676565667,387326.01789228397,93.0,-51698.544854248554,-445383.53676565667,387326.01789228397,93.0
8796be4,8796be4,8796be4,8796be4,-13478.501601379332,-114967.7785782525,99902.13632042597,24.0,-13478.501601379332,-114967.7785782525,99902.13632042597,24.0,-13478.501601379332,-114967.7785782525,99902.13632042597,24.0
8796be9,8796be9,8796be9,8796bec,-7842.116320183812,-67042.76561329035,58304.03372731415,14.0,-7842.116320183812,-67042.76561329035,58304.03372731415,14.0,-93326.84842742552,-794895.5802245148,691319.2501711568,166.0
8796beb,8796beb,8796beb,8796bec,-8964.982700075834,-76600.73354849294,66655.3328709446,16.0,-8964.982700075834,-76600.73354849294,66655.3328709446,16.0,-93326.84842742552,-794895.5802245148,691319.2501711568,166.0
8796bed,8796bed,8796bed,8796bec,-7305.454754736998,-62241.35800679559,54150.825590640496,13.0,-7305.454754736998,-62241.35800679559,54150.825590640496,13.0,-93326.84842742552,-794895.5802245148,691319.2501711568,166.0
8796bee1,8796bee1,8796bee4,8796bec,-17451.515113195812,-148438.91836120185,129104.93748790135,31.0,-42774.27540272332,-363924.67143984383,316505.30552591145,76.0,-93326.84842742552,-794895.5802245148,691319.2501711568,166.0
8796bee3,8796bee3,8796bee4,8796bec,-14072.235198662484,-119715.44825956579,104109.45837846896,25.0,-42774.27540272332,-363924.67143984383,316505.30552591145,76.0,-93326.84842742552,-794895.5802245148,691319.2501711568,166.0
8796bee5,8796bee5,8796bee4,8796bec,-9000.81565993508,-76617.082763102,66631.7097409105,16.0,-42774.27540272332,-363924.67143984383,316505.30552591145,76.0,-93326.84842742552,-794895.5802245148,691319.2501711568,166.0
8796bee7,8796bee7,8796bee4,8796bec,-2249.7094309299355,-19153.222055974285,16659.199918630577,4.0,-42774.27540272332,-363924.67143984383,316505.30552591145,76.0,-93326.84842742552,-794895.5802245148,691319.2501711568,166.0
8796beec,8796beec,8796beec,8796bec,-2809.8972814555473,-23942.38417718486,20823.3172789976,5.0,-2809.8972814555473,-23942.38417718486,20823.3172789976,5.0,-93326.84842742552,-794895.5802245148,691319.2501711568,166.0
8796bef4,8796bef4,8796bef4,8796bec,-1684.9837964035828,-14367.428059768867,12491.822054381922,3.0,-1684.9837964035828,-14367.428059768867,12491.822054381922,3.0,-93326.84842742552,-794895.5802245148,691319.2501711568,166.0
8796befc,8796befc,8796befc,8796bec,-21945.138171846425,-186776.23937913825,162388.61312296658,39.0,-21945.138171846425,-186776.23937913825,162388.61312296658,39.0,-93326.84842742552,-794895.5802245148,691319.2501711568,166.0
8796bf4,8796bf4,8796bf4,8796bf4,0.0,0.0,0.0,0.0,-33281.57376706351,-282504.4964870404,245716.2391750886,59.0,-33281.57376706351,-282504.4964870404,245716.2391750886,59.0
8796bfc,8796bfc,8796bfc,8796bfc,-9043.865314295123,-76659.73384354785,66576.79753459668,16.0,-9043.865314295123,-76659.73384354785,66576.79753459668,16.0,-9043.865314295123,-76659.73384354785,66576.79753459668,16.0
8796d,8796d,8796d,8796d,0.0,0.0,0.0,0.0,0.0,0.0,0.0,0.0,-79534.1541614479,-660355.3281787736,574973.6796050444,138.0
8796f,8796f,8796f,8796f,-18636.639524333594,-153689.51132934305,132649.7100817076,32.0,-18636.639524333594,-153689.51132934305,132649.7100817076,32.0,-18636.639524333594,-153689.51132934305,132649.7100817076,32.0
87974,87974,87974,87974,0.0,0.0,0.0,0.0,0.0,0.0,0.0,0.0,0.0,0.0,0.0,0.0
8797c,8797c,8797c,8797c,0.0,0.0,0.0,0.0,0.0,0.0,0.0,0.0,-111972.18738643361,-850622.7074637774,721935.5395311099,176.0
87984,87984,87984,87984,0.0,0.0,0.0,0.0,-51161.898553803614,-352066.64266045945,299551.81065475976,73.0,-51161.898553803614,-352066.64266045945,299551.81065475976,73.0
879884,879884,8798c,8798c,-4374.075352701407,-29031.820889840357,24479.621943529208,6.0,0.0,0.0,0.0,0.0,0.0,0.0,0.0,0.0
87988f5653fe250f,87988f5653fe250f,8798c,8798c,-49635.16173896969,-328973.7620177583,277488.07739190914,68.0,0.0,0.0,0.0,0.0,0.0,0.0,0.0,0.0
87989c,87989c,8798c,8798c,-4476.93468843484,-29032.321858352705,24460.423989137736,6.0,0.0,0.0,0.0,0.0,0.0,0.0,0.0,0.0
8798b,8798b,8798c,8798c,-16092.186815603138,-101548.46083964044,85609.58614531464,21.0,0.0,0.0,0.0,0.0,0.0,0.0,0.0,0.0
8798d,8798d,8798c,8798c,0.0,0.0,0.0,0.0,0.0,0.0,0.0,0.0,0.0,0.0,0.0,0.0
8798f,8798f,8798c,8798c,-33445.25064798802,-221586.18659603837,188861.4739889121,46.0,0.0,0.0,0.0,0.0,0.0,0.0,0.0,0.0
87991,87991,87994,87994,-18155.680181033145,-119708.88737698752,103482.49273733323,25.0,0.0,0.0,0.0,0.0,0.0,0.0,0.0,0.0
87993,87993,87994,87994,0.0,0.0,0.0,0.0,0.0,0.0,0.0,0.0,0.0,0.0,0.0,0.0
879944,879944,87994,87994,0.0,0.0,0.0,0.0,0.0,0.0,0.0,0.0,0.0,0.0,0.0,0.0
879949,879949,87994,87994,0.0,0.0,0.0,0.0,0.0,0.0,0.0,0.0,0.0,0.0,0.0,0.0
87994b,87994b,87994,87994,-12283.706712990856,-76337.2329091875,66428.25435256795,16.0,0.0,0.0,0.0,0.0,0.0,0.0,0.0,0.0
87994d,87994d,87994,87994,-9193.581800764707,-57230.27101152154,49850.755699308225,12.0,0.0,0.0,0.0,0.0,0.0,0.0,0.0,0.0
87994f,87994f,87994,87994,0.0,0.0,0.0,0.0,0.0,0.0,0.0,0.0,0.0,0.0,0.0,0.0
87997,87997,87994,87994,0.0,0.0,0.0,0.0,0.0,0.0,0.0,0.0,0.0,0.0,0.0,0.0
879985,879985,87999,8799c,0.0,0.0,0.0,0.0,0.0,0.0,0.0,0.0,0.0,0.0,0.0,0.0
8799864,8799864,87999,8799c,-27919.66653442177,-190532.65353908672,166917.35083440752,40.0,0.0,0.0,0.0,0.0,0.0,0.0,0.0,0.0
879986c,879986c,87999,8799c,-18235.85972510497,-123853.05236003433,108473.71564717095,26.0,0.0,0.0,0.0,0.0,0.0,0.0,0.0,0.0
8799874,8799874,87999,8799c,-23147.622224136154,-157103.1205765205,137786.20230068223,33.0,0.0,0.0,0.0,0.0,0.0,0.0,0.0,0.0
879987c,879987c,87999,8799c,-23693.48355374565,-161871.35689863062,141978.9961036822,34.0,0.0,0.0,0.0,0.0,0.0,0.0,0.0,0.0
87998c,87998c,87999,8799c,-25026.00515467824,-171501.51942578395,150217.32397033414,36.0,0.0,0.0,0.0,0.0,0.0,0.0,0.0,0.0
879994,879994,87999,8799c,-12420.89398469093,-85899.99825691852,74953.20151406647,18.0,0.0,0.0,0.0,0.0,0.0,0.0,0.0,0.0
87999c,87999c,87999,8799c,0.0,0.0,0.0,0.0,0.0,0.0,0.0,0.0,0.0,0.0,0.0,0.0
8799b,8799b,8799b,8799c,0.0,0.0,0.0,0.0,-61345.43598229719,-416667.8671947832,360343.2046271322,87.0,0.0,0.0,0.0,0.0
8799d,8799d,8799d,8799c,0.0,0.0,0.0,0.0,-66002.03045268092,-464698.69064736785,402003.9127567722,97.0,0.0,0.0,0.0,0.0
8799f,8799f,8799f,8799c,-14713.969852084887,-105041.83387940122,91624.87021666537,22.0,-14713.969852084887,-105041.83387940122,91624.87021666537,22.0,0.0,0.0,0.0,0.0
879b,879b,879b,879b,0.0,0.0,0.0,0.0,0.0,0.0,0.0,0.0,-139909.39165414585,-928630.1396934858,822984.6767453998,196.0
879d,879d,879d,879d,-34757.91758381795,-198084.21548334238,176496.33518696553,42.0,-34757.91758381795,-198084.21548334238,176496.33518696553,42.0,-34757.91758381795,-198084.21548334238,176496.33518696553,42.0
879e4,879e4,879f,879f,0.0,0.0,0.0,0.0,0.0,0.0,0.0,0.0,0.0,0.0,0.0,0.0
879ec,879ec,879f,879f,0.0,0.0,0.0,0.0,0.0,0.0,0.0,0.0,0.0,0.0,0.0,0.0
879f4,879f4,879f,879f,0.0,0.0,0.0,0.0,0.0,0.0,0.0,0.0,0.0,0.0,0.0,0.0
879fc,879fc,879f,879f,0.0,0.0,0.0,0.0,0.0,0.0,0.0,0.0,0.0,0.0,0.0,0.0
549361,549361,549364,5493,-46847.33209972739,-69641.47655922954,87225.5166394479,19.0,0.0,0.0,0.0,0.0,0.0,0.0,0.0,0.0
549363,549363,549364,5493,-34445.77763035386,-51316.616181450794,64309.275364218665,14.0,0.0,0.0,0.0,0.0,0.0,0.0,0.0,0.0
5493644,5493644,549364,5493,-64034.71473860394,-95211.7076447926,119469.48333980158,26.0,0.0,0.0,0.0,0.0,0.0,0.0,0.0,0.0
549364c,549364c,549364,5493,0.0,0.0,0.0,0.0,0.0,0.0,0.0,0.0,0.0,0.0,0.0,0.0
549365c,549365c,549364,5493,-49280.86284915673,-73158.78288902203,91951.56054943611,20.0,0.0,0.0,0.0,0.0,0.0,0.0,0.0,0.0
549367,549367,549364,5493,-14792.156075696872,-21951.404745129013,27578.23434127286,6.0,0.0,0.0,0.0,0.0,0.0,0.0,0.0,0.0
54936c,54936c,54936c,5493,-44372.11651488662,-65770.20162298897,82803.83473362011,18.0,-44372.11651488662,-65770.20162298897,82803.83473362011,18.0,0.0,0.0,0.0,0.0
549374,549374,549374,5493,-53942.116973766264,-80468.51667922498,101294.10829178376,22.0,-53942.116973766264,-80468.51667922498,101294.10829178376,22.0,0.0,0.0,0.0,0.0
54937ac,54937ac,54937ac,5493,-68773.12418756507,-102474.5720845584,128808.32499763595,28.0,-68773.12418756507,-102474.5720845584,128808.32499763595,28.0,0.0,0.0,0.0,0.0
54937b3,54937b3,54937b4,5493,-17191.59877323435,-25639.441792605594,32186.423063587234,7.0,0.0,0.0,0.0,0.0,0.0,0.0,0.0,0.0
54937b44,54937b44,54937b4,5493,-44178.77178455316,-65959.04101819886,82756.99969927178,18.0,0.0,0.0,0.0,0.0,0.0,0.0,0.0,0.0
54937b4c,54937b4c,54937b4,5493,0.0,0.0,0.0,0.0,0.0,0.0,0.0,0.0,0.0,0.0,0.0,0.0
54937b54,54937b54,54937b4,5493,-39281.170894131894,-58635.97397101372,73551.26752518889,16.0,0.0,0.0,0.0,0.0,0.0,0.0,0.0,0.0
54937b5c,54937b5c,54937b4,5493,-22087.36752337938,-32983.20420766113,41376.64116500985,9.0,0.0,0.0,0.0,0.0,0.0,0.0,0.0,0.0
54937b7,54937b7,54937b4,5493,-29437.21414014893,-43978.2516815303,55175.068527522206,12.0,0.0,0.0,0.0,0.0,0.0,0.0,0.0,0.0
54937bc,54937bc,54937bc,5493,-7352.121048510781,-10997.657868613125,13795.130093767515,3.0,-7352.121048510781,-10997.657868613125,13795.130093767515,3.0,0.0,0.0,0.0,0.0
54937d,54937d,54937d,5493,-12247.335958827687,-18345.1550748188,22982.636878883983,5.0,-12247.335958827687,-18345.1550748188,22982.636878883983,5.0,0.0,0.0,0.0,0.0
54944,54944,54944,54944,0.0,0.0,0.0,0.0,0.0,0.0,0.0,0.0,-281715.3696836893,-435349.4412901413,535476.8361978095,117.0
54949,54949,54949,5494c,-105623.7335557342,-158473.59496351733,196925.92127801548,43.0,-105623.7335557342,-158473.59496351733,196925.92127801548,43.0,0.0,0.0,0.0,0.0
5494a1,5494a1,5494a4,5494c,0.0,0.0,0.0,0.0,0.0,0.0,0.0,0.0,0.0,0.0,0.0,0.0
5494a5,5494a5,5494a4,5494c,0.0,0.0,0.0,0.0,0.0,0.0,0.0,0.0,0.0,0.0,0.0,0.0
5494b4,5494b4,5494b4,5494c,0.0,0.0,0.0,0.0,0.0,0.0,0.0,0.0,0.0,0.0,0.0,0.0
5494bc,5494bc,5494bc,5494c,-56976.196778508966,-84673.54342210454,105147.85048473875,23.0,-56976.196778508966,-84673.54342210454,105147.85048473875,23.0,0.0,0.0,0.0,0.0
5494d,5494d,5494d,5494c,0.0,0.0,0.0,0.0,-188612.71573580612,-281170.59696506016,346141.23809723,76.0,0.0,0.0,0.0,0.0
5494f,5494f,5494f,5494c,-109796.53659808525,-167300.06906036314,205303.26390642917,45.0,-109796.53659808525,-167300.06906036314,205303.26390642917,45.0,0.0,0.0,0.0,0.0
549501,549501,549501,549501,-19341.529817040937,-29924.410011377986,36444.185413782325,8.0,-19341.529817040937,-29924.410011377986,36444.185413782325,8.0,-19341.529817040937,-29924.410011377986,36444.185413782325,8.0
549503,549503,549503,549503,-43711.51821039309,-67280.75191325603,81937.06842014664,18.0,-43711.51821039309,-67280.75191325603,81937.06842014664,18.0,-43711.51821039309,-67280.75191325603,81937.06842014664,18.0
5495044,5495044,5495044,5495044,-43647.409891076364,-67339.291724675,81923.14681186348,18.0,-43647.409891076364,-67339.291724675,81923.14681186348,18.0,-43647.409891076364,-67339.291724675,81923.14681186348,18.0
5495051,5495051,5495051,5495054,-50958.389878158174,-78613.4410582007,95515.70715324047,21.0,-50958.389878158174,-78613.4410582007,95515.70715324047,21.0,-473426.4395748046,-730093.7903771906,886710.618242135,195.0
54950524,54950524,5495053,5495054,-14567.995915298401,-22457.478077006177,27288.57415985746,6.0,-179715.6860287461,-276989.7525243391,336524.04656585207,74.0,-473426.4395748046,-730093.7903771906,886710.618242135,195.0
5495052c,5495052c,5495053,5495054,-46153.5272995375,-71106.75628253054,86409.38563892215,19.0,-179715.6860287461,-276989.7525243391,336524.04656585207,74.0,-473426.4395748046,-730093.7903771906,886710.618242135,195.0
54950534,54950534,5495053,5495054,-82575.29565271406,-127273.62587718177,154610.79866251466,34.0,-179715.6860287461,-276989.7525243391,336524.04656585207,74.0,-473426.4395748046,-730093.7903771906,886710.618242135,195.0
5495053c,5495053c,5495053,5495054,-36418.86716119615,-56151.892287620634,68215.28810455771,15.0,-179715.6860287461,-276989.7525243391,336524.04656585207,74.0,-473426.4395748046,-730093.7903771906,886710.618242135,195.0
54950544,54950544,5495055,5495054,-19419.09127379189,-29955.33727149425,36377.47726355198,8.0,-186961.15158360056,-288342.41240458156,350086.87860307057,77.0,-473426.4395748046,-730093.7903771906,886710.618242135,195.0
5495054c,5495054c,5495055,5495054,-80139.73630239819,-123558.18871219631,150044.1188139662,33.0,-186961.15158360056,-288342.41240458156,350086.87860307057,77.0,-473426.4395748046,-730093.7903771906,886710.618242135,195.0
54950554,54950554,5495055,5495054,-58275.65476698904,-89883.26559474476,109108.4063824264,24.0,-186961.15158360056,-288342.41240458156,350086.87860307057,77.0,-473426.4395748046,-730093.7903771906,886710.618242135,195.0
5495055c,5495055c,5495055,5495054,-29126.66924042147,-44945.62082614619,54556.87614312603,12.0,-186961.15158360056,-288342.41240458156,350086.87860307057,77.0,-473426.4395748046,-730093.7903771906,886710.618242135,195.0
5495057,5495057,5495057,5495054,-55791.212084299754,-86148.18439006928,104583.98591997195,23.0,-55791.212084299754,-86148.18439006928,104583.98591997195,23.0,-473426.4395748046,-730093.7903771906,886710.618242135,195.0
5495059,5495059,549505c,549505c,-63018.159198836816,-97388.76036353732,118248.9475227879,26.0,0.0,0.0,0.0,0.0,-259241.39940351824,-400770.97810271865,486711.99599655444,107.0
549505b,549505b,549505c,549505c,-41215.499620710725,-63647.69243506992,77334.93540081612,17.0,0.0,0.0,0.0,0.0,-259241.39940351824,-400770.97810271865,486711.99599655444,107.0
549505d,549505d,549505c,549505c,-48453.90004708243,-74889.5224457687,90992.74735109338,20.0,0.0,0.0,0.0,0.0,-259241.39940351824,-400770.97810271865,486711.99599655444,107.0
549505f,549505f,549505c,549505c,-106553.84053688827,-164845.00285834278,200135.365721857,44.0,0.0,0.0,0.0,0.0,-259241.39940351824,-400770.97810271865,486711.99599655444,107.0
5495064,5495064,549507,549507,-79826.00963322665,-123641.6781978937,150142.54003421706,33.0,0.0,0.0,0.0,0.0,-432370.2582621428,-670733.6398593569,814682.9124264815,179.0
549506c,549506c,549507,549507,-24194.614061161974,-37435.52897573177,45521.17027326024,10.0,0.0,0.0,0.0,0.0,-432370.2582621428,-670733.6398593569,814682.9124264815,179.0
5495074,5495074,549507,549507,-74881.48251856344,-116080.8892549001,141155.02452118933,31.0,0.0,0.0,0.0,0.0,-432370.2582621428,-670733.6398593569,814682.9124264815,179.0
5495079,5495079,549507,549507,-12069.2636581615,-18734.795723051448,22761.46133459928,5.0,0.0,0.0,0.0,0.0,-432370.2582621428,-670733.6398593569,814682.9124264815,179.0
549507b,549507b,549507,549507,-33828.602713021726,-52443.77984895054,63724.93301602794,14.0,0.0,0.0,0.0,0.0,-432370.2582621428,-670733.6398593569,814682.9124264815,179.0
549507d,549507d,549507,549507,-53141.99768863959,-82451.50612324779,100115.52072886743,22.0,0.0,0.0,0.0,0.0,-432370.2582621428,-670733.6398593569,814682.9124264815,179.0
549507f,549507f,549507,549507,0.0,0.0,0.0,0.0,0.0,0.0,0.0,0.0,-432370.2582621428,-670733.6398593569,814682.9124264815,179.0
5495084,5495084,5495084,5495084,0.0,0.0,0.0,0.0,-147209.0729420755,-228809.25297059858,277507.24791728694,61.0,-147209.0729420755,-228809.25297059858,277507.24791728694,61.0
5495089,5495089,549508c,549508c,-38682.634296585275,-59984.02053885287,72777.38451436977,16.0,0.0,0.0,0.0,0.0,-282876.1563038206,-438785.6538769493,532053.8669313227,117.0
549508b,549508b,549508c,549508c,-45959.33597678075,-71227.72328673476,86413.25959300465,19.0,0.0,0.0,0.0,0.0,-282876.1563038206,-438785.6538769493,532053.8669313227,117.0
549508d,549508d,549508c,549508c,-111251.11574981845,-172528.2040159693,209153.3510790305,46.0,0.0,0.0,0.0,0.0,-282876.1563038206,-438785.6538769493,532053.8669313227,117.0
549508f,549508f,549508c,549508c,-86983.07028063605,-135045.7060353923,163709.87174491788,36.0,0.0,0.0,0.0,0.0,-282876.1563038206,-438785.6538769493,532053.8669313227,117.0
5495091,5495091,5495094,5495094,-82131.09134092451,-127600.89151944492,154577.6508215204,34.0,0.0,0.0,0.0,0.0,-352786.40374128404,-548027.6463890582,663640.3800693708,146.0
5495093,5495093,5495094,5495094,-91872.16194450509,-142591.3474927553,172739.15523657994,38.0,0.0,0.0,0.0,0.0,-352786.40374128404,-548027.6463890582,663640.3800693708,146.0
5495095,5495095,5495094,5495094,-84602.57013489876,-131397.535134812,159058.28995171664,35.0,0.0,0.0,0.0,0.0,-352786.40374128404,-548027.6463890582,663640.3800693708,146.0
5495097,5495097,5495094,5495094,-94180.5803209557,-146437.8722420459,177265.28405955396,39.0,0.0,0.0,0.0,0.0,-352786.40374128404,-548027.6463890582,663640.3800693708,146.0
54950984,54950984,54950984,5495099,-31373.151805355945,-48823.31458196168,59090.41832616903,13.0,-31373.151805355945,-48823.31458196168,59090.41832616903,13.0,-431803.9627779962,-672328.3573568091,813668.3507605628,179.0
54950989,54950989,54950989,5495099,-26537.816913049723,-41315.970186721745,50000.950012969275,11.0,-26537.816913049723,-41315.970186721745,50000.950012969275,11.0,-431803.9627779962,-672328.3573568091,813668.3507605628,179.0
5495098a04,5495098a04,5495098a4,5495099,-4824.443091665682,-7512.424789067085,9091.05247821197,2.0,0.0,0.0,0.0,0.0,-431803.9627779962,-672328.3573568091,813668.3507605628,179.0
5495098a0c,5495098a0c,5495098a4,5495099,-24121.40695667545,-37562.25986492258,45455.57912086531,10.0,0.0,0.0,0.0,0.0,-431803.9627779962,-672328.3573568091,813668.3507605628,179.0
5495098a14,5495098a14,5495098a4,5495099,-94074.64348351026,-146491.27240577253,177277.4183925569,39.0,0.0,0.0,0.0,0.0,-431803.9627779962,-672328.3573568091,813668.3507605628,179.0
5495098a1c,5495098a1c,5495098a4,5495099,-26534.430252822334,-41317.829560602026,50001.21098704364,11.0,0.0,0.0,0.0,0.0,-431803.9627779962,-672328.3573568091,813668.3507605628,179.0
5495098a3,5495098a3,5495098a4,5495099,-12060.994237003002,-18780.571815689233,22728.096454354192,5.0,0.0,0.0,0.0,0.0,-431803.9627779962,-672328.3573568091,813668.3507605628,179.0
5495098a5,5495098a5,5495098a4,5495099,-24121.196733533285,-37561.41400981084,45456.38963379271,10.0,0.0,0.0,0.0,0.0,-431803.9627779962,-672328.3573568091,813668.3507605628,179.0
5495098a7,5495098a7,5495098a4,5495099,-89246.99206540055,-138980.66779714564,168186.56432052582,37.0,0.0,0.0,0.0,0.0,-431803.9627779962,-672328.3573568091,813668.3507605628,179.0
5495098ac,5495098ac,5495098ac,5495099,-38590.43123482457,-60100.276760631474,72730.40731269747,16.0,-38590.43123482457,-60100.276760631474,72730.40731269747,16.0,-431803.9627779962,-672328.3573568091,813668.3507605628,179.0
5495098b4,5495098b4,5495098b4,5495099,-4823.900620444245,-7512.055210461354,9091.64571430906,2.0,-4823.900620444245,-7512.055210461354,9091.64571430906,2.0,-431803.9627779962,-672328.3573568091,813668.3507605628,179.0
5495098d,5495098d,5495098d,5495099,-26535.87516889739,-41310.38833703921,50006.592228747395,11.0,-26535.87516889739,-41310.38833703921,50006.592228747395,11.0,-431803.9627779962,-672328.3573568091,813668.3507605628,179.0
5495098f,5495098f,5495098f,5495099,-9650.699265112462,-15021.821636125502,18183.644509460613,4.0,-9650.699265112462,-15021.821636125502,18183.644509460613,4.0,-431803.9627779962,-672328.3573568091,813668.3507605628,179.0
54950994,54950994,54950994,5495099,-7238.119900878557,-11265.012900111264,13638.800613906313,3.0,-7238.119900878557,-11265.012900111264,13638.800613906313,3.0,-431803.9627779962,-672328.3573568091,813668.3507605628,179.0
5495099c,5495099c,5495099c,5495099,-12069.861048822711,-18773.077500747007,22729.580654953155,5.0,-12069.861048822711,-18773.077500747007,22729.580654953155,5.0,-431803.9627779962,-672328.3573568091,813668.3507605628,179.0
549509b,549509b,549509b,549509b,-33791.18419349618,-52545.588675684536,63660.88634339709,14.0,-33791.18419349618,-52545.588675684536,63660.88634339709,14.0,-33791.18419349618,-52545.588675684536,63660.88634339709,14.0
549509d,549509d,549509d,549509d,-45820.86163526101,-71327.83701036553,86404.21807103476,19.0,-45820.86163526101,-71327.83701036553,86404.21807103476,19.0,-45820.86163526101,-71327.83701036553,86404.21807103476,19.0
549509e4,549509e4,549509e4,549509e4,-89193.20047394805,-138953.63557233117,168237.42702981192,37.0,-89193.20047394805,-138953.63557233117,168237.42702981192,37.0,-89193.20047394805,-138953.63557233117,168237.42702981192,37.0
549509ec,549509ec,549509ec,549509ec,-60288.72189416897,-93879.61899724971,113668.30150134642,25.0,-60288.72189416897,-93879.61899724971,113668.30150134642,25.0,-60288.72189416897,-93879.61899724971,113668.30150134642,25.0
549509f4,549509f4,549509f4,549509f4,-106092.49525300649,-165272.31964505027,200028.00923658448,44.0,-106092.49525300649,-165272.31964505027,200028.00923658448,44.0,-106092.49525300649,-165272.31964505027,200028.00923658448,44.0
549509f9,549509f9,549509f9,549509fc,-45799.67383083543,-71373.56287189003,86377.68958745342,19.0,-45799.67383083543,-71373.56287189003,86377.68958745342,19.0,-281990.09923243255,-439504.88915702613,531930.6011177872,117.0
549509fb,549509fb,549509fb,549509fc,-26517.732252870406,-41315.74841857869,50011.78792453871,11.0,-26517.732252870406,-41315.74841857869,50011.78792453871,11.0,-281990.09923243255,-439504.88915702613,531930.6011177872,117.0
549509fd,549509fd,549509fd,549509fc,-57842.129608062845,-90148.4306161081,109120.32932801935,24.0,-57842.129608062845,-90148.4306161081,109120.32932801935,24.0,-281990.09923243255,-439504.88915702613,531930.6011177872,117.0
549509fe4,549509fe4,549509ff,549509fc,-60249.256300135734,-93913.64284407687,113661.12132915967,25.0,-151830.56354066377,-236667.14725044937,286420.7942777758,63.0,-281990.09923243255,-439504.88915702613,531930.6011177872,117.0
549509fec,549509fec,549509ff,549509fc,-16871.176417721155,-26295.65367913541,31824.517382943945,7.0,-151830.56354066377,-236667.14725044937,286420.7942777758,63.0,-281990.09923243255,-439504.88915702613,531930.6011177872,117.0
549509ff4,549509ff4,549509ff,549509fc,-43382.31444664943,-67619.98319901743,81832.71152528797,18.0,-151830.56354066377,-236667.14725044937,286420.7942777758,63.0,-281990.09923243255,-439504.88915702613,531930.6011177872,117.0
549509ffc,549509ffc,549509ff,549509fc,-31327.816376157472,-48837.86752821966,59102.44404038419,13.0,-151830.56354066377,-236667.14725044937,286420.7942777758,63.0,-281990.09923243255,-439504.88915702613,531930.6011177872,117.0
54950a004,54950a004,54950a004,54950a01,-43375.53102367752,-67626.51476683137,81830.90991873846,18.0,-43375.53102367752,-67626.51476683137,81830.90991873846,18.0,-351833.79794211435,-548540.5709704903,663722.3797086341,146.0
54950a00c,54950a00c,54950a00c,54950a01,0.0,0.0,0.0,0.0,-134941.6739558129,-210404.5064081814,254578.38496652886,56.0,-351833.79794211435,-548540.5709704903,663722.3797086341,146.0
54950a014,54950a014,54950a014,54950a01,-115676.36748377627,-180343.45204584746,218206.34383274967,48.0,-115676.36748377627,-180343.45204584746,218206.34383274967,48.0,-351833.79794211435,-548540.5709704903,663722.3797086341,146.0
54950a01c,54950a01c,54950a01c,54950a01,-57840.22547884764,-90166.0977496302,109106.7409906171,24.0,-57840.22547884764,-90166.0977496302,109106.7409906171,24.0,-351833.79794211435,-548540.5709704903,663722.3797086341,146.0
54950a024,54950a024,54950a024,54950a03,-110872.76844074453,-172816.28761361123,209116.4210708611,46.0,-110872.76844074453,-172816.28761361123,209116.4210708611,46.0,-255490.94096678813,-398237.7192341238,481868.82433244435,106.0
54950a02c,54950a02c,54950a02c,54950a03,-24104.906336128242,-37568.41717548747,45459.24364512627,10.0,-24104.906336128242,-37568.41717548747,45459.24364512627,10.0,-255490.94096678813,-398237.7192341238,481868.82433244435,106.0
54950a034,54950a034,54950a034,54950a03,-33745.63552362353,-52598.371204590265,63641.45693362554,14.0,-33745.63552362353,-52598.371204590265,63641.45693362554,14.0,-255490.94096678813,-398237.7192341238,481868.82433244435,106.0
54950a03c,54950a03c,54950a03c,54950a03,-86767.6306662918,-135254.64324043487,163651.7026828315,36.0,-86767.6306662918,-135254.64324043487,163651.7026828315,36.0,-255490.94096678813,-398237.7192341238,481868.82433244435,106.0
54950a044,54950a044,54950a044,54950a05,-55433.01730597119,-86417.40507609767,104552.34140004608,23.0,-55433.01730597119,-86417.40507609767,104552.34140004608,23.0,-453126.42527709133,-706388.0402542471,854573.9365301419,188.0
54950a04c,54950a04c,54950a04c,54950a05,-91593.09072037513,-142776.8612828226,172734.12261142224,38.0,-91593.09072037513,-142776.8612828226,172734.12261142224,38.0,-453126.42527709133,-706388.0402542471,854573.9365301419,188.0
54950a0504,54950a0504,54950a054,54950a05,-40974.04220492856,-63875.781319243,77275.16470699235,17.0,-241027.6677250864,-375741.218355649,454556.6317214982,100.0,-453126.42527709133,-706388.0402542471,854573.9365301419,188.0
54950a050c,54950a050c,54950a054,54950a05,-9640.832831352214,-15029.83202742074,18182.258979882754,4.0,-241027.6677250864,-375741.218355649,454556.6317214982,100.0,-453126.42527709133,-706388.0402542471,854573.9365301419,188.0
54950a0514,54950a0514,54950a054,54950a05,-24102.83964933354,-37574.610630500305,45455.22048953264,10.0,-241027.6677250864,-375741.218355649,454556.6317214982,100.0,-453126.42527709133,-706388.0402542471,854573.9365301419,188.0
54950a051c,54950a051c,54950a054,54950a05,-101231.82485246101,-157809.79663303145,190914.92933777755,42.0,-241027.6677250864,-375741.218355649,454556.6317214982,100.0,-453126.42527709133,-706388.0402542471,854573.9365301419,188.0
54950a053,54950a053,54950a054,54950a05,-31334.835155919045,-48846.00293721659,59091.99929812978,13.0,-241027.6677250864,-375741.218355649,454556.6317214982,100.0,-453126.42527709133,-706388.0402542471,854573.9365301419,188.0
54950a055,54950a055,54950a054,54950a05,-14461.896059836465,-22545.046633983606,27272.79866864508,6.0,-241027.6677250864,-375741.218355649,454556.6317214982,100.0,-453126.42527709133,-706388.0402542471,854573.9365301419,188.0
54950a057,54950a057,54950a054,54950a05,-19281.39697125552,-30060.14817425324,36364.26024053817,8.0,-241027.6677250864,-375741.218355649,454556.6317214982,100.0,-453126.42527709133,-706388.0402542471,854573.9365301419,188.0
54950a05c,54950a05c,54950a05c,54950a05,-65072.649525658635,-101452.5555396781,122730.8407971753,27.0,-65072.649525658635,-101452.5555396781,122730.8407971753,27.0,-453126.42527709133,-706388.0402542471,854573.9365301419,188.0
54950a064,54950a064,54950a064,54950a07,-86751.25566761561,-135275.0712110253,163643.49908032335,36.0,-86751.25566761561,-135275.0712110253,163643.49908032335,36.0,-438563.3158259322,-683862.1305465619,827338.978522156,182.0
54950a06c,54950a06c,54950a06c,54950a07,-103625.67454730891,-161564.55824493282,195471.3958862187,43.0,-103625.67454730891,-161564.55824493282,195471.3958862187,43.0,-438563.3158259322,-683862.1305465619,827338.978522156,182.0
54950a071,54950a071,54950a074,54950a07,-38554.45436037102,-60119.57717816683,72733.53621056865,16.0,-195176.17888492905,-304354.86974882707,368216.9777032026,81.0,-438563.3158259322,-683862.1305465619,827338.978522156,182.0
54950a073,54950a073,54950a074,54950a07,-28916.49410743889,-45088.535729557654,54550.754024337395,12.0,-195176.17888492905,-304354.86974882707,368216.9777032026,81.0,-438563.3158259322,-683862.1305465619,827338.978522156,182.0
54950a075,54950a075,54950a074,54950a07,-36143.07988599601,-56361.422357262796,68189.16556041021,15.0,-195176.17888492905,-304354.86974882707,368216.9777032026,81.0,-438563.3158259322,-683862.1305465619,827338.978522156,182.0
54950a077,54950a077,54950a074,54950a07,-91562.1505311231,-142785.3344838398,172743.52190788634,38.0,-195176.17888492905,-304354.86974882707,368216.9777032026,81.0,-438563.3158259322,-683862.1305465619,827338.978522156,182.0
54950a07c,54950a07c,54950a07c,54950a07,-53010.20672607862,-82667.63134177674,100007.10585241146,22.0,-53010.20672607862,-82667.63134177674,100007.10585241146,22.0,-438563.3158259322,-683862.1305465619,827338.978522156,182.0
54950a09,54950a09,54950a09,54950a09,-101204.72956591319,-157832.0233185323,190910.92047605818,42.0,-101204.72956591319,-157832.0233185323,190910.92047605818,42.0,-101204.72956591319,-157832.0233185323,190910.92047605818,42.0
54950a0b,54950a0b,54950a0b,54950a0b,-33733.25969462991,-52616.9468716079,63632.6621551127,14.0,-33733.25969462991,-52616.9468716079,63632.6621551127,14.0,-33733.25969462991,-52616.9468716079,63632.6621551127,14.0
54950a0c4,54950a0c4,54950a0d,54950a0d,-101211.81881904586,-157844.5848969056,190896.77643353873,42.0,-185561.0292439422,-289381.1313199006,349974.72958480276,77.0,-185561.0292439422,-289381.1313199006,349974.72958480276,77.0
54950a0cc,54950a0cc,54950a0d,54950a0d,-31327.638718990605,-48858.70668704929,59085.3121370521,13.0,-185561.0292439422,-289381.1313199006,349974.72958480276,77.0,-185561.0292439422,-289381.1313199006,349974.72958480276,77.0
54950a0dc,54950a0dc,54950a0d,54950a0d,-53021.57170590574,-82677.83973594579,99992.64101421193,22.0,-185561.0292439422,-289381.1313199006,349974.72958480276,77.0,-185561.0292439422,-289381.1313199006,349974.72958480276,77.0
54950a0e4,54950a0e4,54950a0e4,54950a0f,-93994.4556916291,-146559.48780160837,177263.57022671704,39.0,-93994.4556916291,-146559.48780160837,177263.57022671704,39.0,-310903.31164740387,-484757.75476525153,586347.2786728388,129.0
54950a0ec,54950a0ec,54950a0ec,54950a0f,-60250.2260972496,-93946.91028888183,113633.11139869948,25.0,-60250.2260972496,-93946.91028888183,113633.11139869948,25.0,-310903.31164740387,-484757.75476525153,586347.2786728388,129.0
54950a0f4,54950a0f4,54950a0f4,54950a0f,-69889.55433707919,-108974.89323822074,131817.69688575505,29.0,-69889.55433707919,-108974.89323822074,131817.69688575505,29.0,-310903.31164740387,-484757.75476525153,586347.2786728388,129.0
54950a0fc,54950a0fc,54950a0fc,54950a0f,-86769.07552144594,-135276.46343654057,163632.90016166726,36.0,-86769.07552144594,-135276.46343654057,163632.90016166726,36.0,-310903.31164740387,-484757.75476525153,586347.2786728388,129.0
54950a104,54950a104,54950a11,54950a11,-62671.60490864795,-97698.50956132248,118177.59633743989,26.0,-226590.8954025504,-353224.6134019305,427246.99745252583,94.0,-226590.8954025504,-353224.6134019305,427246.99745252583,94.0
54950a10c,54950a10c,54950a11,54950a11,-33750.72477305612,-52605.25571622648,63633.067345014235,14.0,-226590.8954025504,-353224.6134019305,427246.99745252583,94.0,-226590.8954025504,-353224.6134019305,427246.99745252583,94.0
54950a114,54950a114,54950a11,54950a11,-48213.927256498355,-75154.83117607051,90901.42913223976,20.0,-226590.8954025504,-353224.6134019305,427246.99745252583,94.0,-226590.8954025504,-353224.6134019305,427246.99745252583,94.0
54950a11c,54950a11c,54950a11,54950a11,-81954.638464348,-127766.01694831089,154534.9046378319,34.0,-226590.8954025504,-353224.6134019305,427246.99745252583,94.0,-226590.8954025504,-353224.6134019305,427246.99745252583,94.0
54950a124,54950a124,54950a13,54950a13,0.0,0.0,0.0,0.0,-178364.78847025576,-278094.06776692474,336331.9487833251,74.0,-178364.78847025576,-278094.06776692474,336331.9487833251,74.0
54950a12c,54950a12c,54950a13,54950a13,-9640.861507295083,-15032.972507991504,18179.647327823437,4.0,-178364.78847025576,-278094.06776692474,336331.9487833251,74.0,-178364.78847025576,-278094.06776692474,336331.9487833251,74.0
54950a134,54950a134,54950a13,54950a13,-2410.5836641814553,-3758.2034089582994,4544.749351125226,1.0,-178364.78847025576,-278094.06776692474,336331.9487833251,74.0,-178364.78847025576,-278094.06776692474,336331.9487833251,74.0
54950a13c,54950a13c,54950a13,54950a13,-9642.269162750286,-15031.746795368244,18179.914292853522,4.0,-178364.78847025576,-278094.06776692474,336331.9487833251,74.0,-178364.78847025576,-278094.06776692474,336331.9487833251,74.0
54950a15,54950a15,54950a15,54950a15,-74736.24153550263,-116498.8471645219,140887.42148084298,31.0,-74736.24153550263,-116498.8471645219,140887.42148084298,31.0,-74736.24153550263,-116498.8471645219,140887.42148084298,31.0
54950a17,54950a17,54950a17,54950a17,-106082.6605044714,-165333.7956278139,199982.41715047444,44.0,-106082.6605044714,-165333.7956278139,199982.41715047444,44.0,-106082.6605044714,-165333.7956278139,199982.41715047444,44.0
54950a19,54950a19,54950a19,54950a1c,-26522.16192107437,-41328.9592919335,49998.521698404445,11.0,-26522.16192107437,-41328.9592919335,49998.521698404445,11.0,-407426.93585865234,-634943.9581179563,768201.4025851373,169.0
54950a1a4,54950a1a4,54950a1b,54950a1c,-26518.40880646573,-41331.293046525905,49998.58335200471,11.0,-204902.2872769068,-319376.3244703811,386360.94808184274,85.0,-407426.93585865234,-634943.9581179563,768201.4025851373,169.0
54950a1a9,54950a1a9,54950a1b,54950a1c,-65087.02141498791,-101449.96547421254,122725.36078279905,27.0,-204902.2872769068,-319376.3244703811,386360.94808184274,85.0,-407426.93585865234,-634943.9581179563,768201.4025851373,169.0
54950a1ab,54950a1ab,54950a1b,54950a1c,-33746.4939356981,-52604.47334310961,63635.95795079065,14.0,-204902.2872769068,-319376.3244703811,386360.94808184274,85.0,-407426.93585865234,-634943.9581179563,768201.4025851373,169.0
54950a1ad,54950a1ad,54950a1b,54950a1c,-33747.27378235033,-52602.90661971238,63636.83949189876,14.0,-204902.2872769068,-319376.3244703811,386360.94808184274,85.0,-407426.93585865234,-634943.9581179563,768201.4025851373,169.0
54950a1af,54950a1af,54950a1b,54950a1c,-19284.996398494335,-30058.89838524122,36363.38463220734,8.0,-204902.2872769068,-319376.3244703811,386360.94808184274,85.0,-407426.93585865234,-634943.9581179563,768201.4025851373,169.0
54950a1b4,54950a1b4,54950a1b,54950a1c,-14463.893190562228,-22542.729025136825,27273.655316507276,6.0,-204902.2872769068,-319376.3244703811,386360.94808184274,85.0,-407426.93585865234,-634943.9581179563,768201.4025851373,169.0
54950a1bc,54950a1bc,54950a1b,54950a1c,-12054.19974834822,-18786.05857644253,22727.16655563499,5.0,-204902.2872769068,-319376.3244703811,386360.94808184274,85.0,-407426.93585865234,-634943.9581179563,768201.4025851373,169.0
54950a1c4,54950a1c4,54950a1d,54950a1c,-9644.115634734357,-15027.442685893777,18182.492948138934,4.0,-151889.26969433832,-236672.05900518308,286385.60775099054,63.0,-407426.93585865234,-634943.9581179563,768201.4025851373,169.0
54950a1cc,54950a1cc,54950a1d,54950a1c,-7232.113972918141,-11270.702273997214,13637.286236534383,3.0,-151889.26969433832,-236672.05900518308,286385.60775099054,63.0,-407426.93585865234,-634943.9581179563,768201.4025851373,169.0
54950a1d4,54950a1d4,54950a1d,54950a1c,-33751.4891104847,-52593.86805455812,63642.07442743289,14.0,-151889.26969433832,-236672.05900518308,286385.60775099054,63.0,-407426.93585865234,-634943.9581179563,768201.4025851373,169.0
54950a1dc,54950a1dc,54950a1d,54950a1c,-101261.55097620106,-157780.04599073392,190923.75413888428,42.0,-151889.26969433832,-236672.05900518308,286385.60775099054,63.0,-407426.93585865234,-634943.9581179563,768201.4025851373,169.0
54950a1f,54950a1f,54950a1f,54950a1c,-24113.216966332835,-37566.61535045886,45456.32505389958,10.0,-24113.216966332835,-37566.61535045886,45456.32505389958,10.0,-407426.93585865234,-634943.9581179563,768201.4025851373,169.0
54950a24,54950a24,54950a3,54950a3,-82014.20488824624,-127720.4712437298,154540.95194536078,34.0,0.0,0.0,0.0,0.0,-388428.5545154866,-604851.6461620427,731713.5478212242,161.0
54950a2c,54950a2c,54950a3,54950a3,0.0,0.0,0.0,0.0,0.0,0.0,0.0,0.0,-388428.5545154866,-604851.6461620427,731713.5478212242,161.0
54950a34,54950a34,54950a3,54950a3,-62734.79545313643,-97690.96848997235,118150.29887974626,26.0,0.0,0.0,0.0,0.0,-388428.5545154866,-604851.6461620427,731713.5478212242,161.0
54950a3c,54950a3c,54950a3,54950a3,-67530.01307600793,-105215.93291503834,127246.49745485818,28.0,0.0,0.0,0.0,0.0,-388428.5545154866,-604851.6461620427,731713.5478212242,161.0
54950a44,54950a44,54950a5,54950a5,-108512.52281373768,-169132.66885470343,204483.30620556918,45.0,-238757.94859167325,-372116.8328302905,449826.4859037171,99.0,-238757.94859167325,-372116.8328302905,449826.4859037171,99.0
54950a4c,54950a4c,54950a5,54950a5,-36190.04587099336,-56371.34606249019,68156.0441068198,15.0,-238757.94859167325,-372116.8328302905,449826.4859037171,99.0,-238757.94859167325,-372116.8328302905,449826.4859037171,99.0
54950a54,54950a54,54950a5,54950a5,-45830.33652204033,-71425.99946802121,86318.06101635884,19.0,-238757.94859167325,-372116.8328302905,449826.4859037171,99.0,-238757.94859167325,-372116.8328302905,449826.4859037171,99.0
54950a5c,54950a5c,54950a5,54950a5,-48225.0433849019,-75186.81844507564,90869.0745749693,20.0,-238757.94859167325,-372116.8328302905,449826.4859037171,99.0,-238757.94859167325,-372116.8328302905,449826.4859037171,99.0
54950a64,54950a64,54950a64,54950a7,-53024.02097897438,-82709.18845081559,99965.41264836492,22.0,-53024.02097897438,-82709.18845081559,99965.41264836492,22.0,-366298.68845220364,-571388.3503306885,690743.2686853099,152.0
54950a6c,54950a6c,54950a6c,54950a7,-113294.10383427309,-176661.93875800216,213583.1679940619,47.0,-113294.10383427309,-176661.93875800216,213583.1679940619,47.0,-366298.68845220364,-571388.3503306885,690743.2686853099,152.0
54950a74,54950a74,54950a74,54950a7,-120475.2158159075,-187945.75987376185,227236.6518416143,50.0,-120475.2158159075,-187945.75987376185,227236.6518416143,50.0,-366298.68845220364,-571388.3503306885,690743.2686853099,152.0
54950a7c,54950a7c,54950a7c,54950a7,-79505.34782304862,-124071.46324810892,149958.03620126873,33.0,-79505.34782304862,-124071.46324810892,149958.03620126873,33.0,-366298.68845220364,-571388.3503306885,690743.2686853099,152.0
54950a84,54950a84,54950a9,54950a9,-52992.94321500661,-82738.52474657574,99957.61559076903,22.0,0.0,0.0,0.0,0.0,-274637.4985389207,-428779.1326102544,517906.4786119997,114.0
54950a8c,54950a8c,54950a9,54950a9,-69882.91286103465,-109052.53728496387,131756.9917308935,29.0,0.0,0.0,0.0,0.0,-274637.4985389207,-428779.1326102544,517906.4786119997,114.0
54950a94,54950a94,54950a9,54950a9,-65051.6953261782,-101564.50172133204,122649.33272535933,27.0,0.0,0.0,0.0,0.0,-274637.4985389207,-428779.1326102544,517906.4786119997,114.0
54950a9c,54950a9c,54950a9,54950a9,-86709.9471367012,-135423.56885738275,163542.53856497785,36.0,0.0,0.0,0.0,0.0,-274637.4985389207,-428779.1326102544,517906.4786119997,114.0
54950aa4,54950aa4,54950ab,54950ab,0.0,0.0,0.0,0.0,-228796.34253842756,-357474.66566180455,431493.469270002,95.0,-228796.34253842756,-357474.66566180455,431493.469270002,95.0
54950aac,54950aac,54950ab,54950ab,-38526.1208156173,-60214.764554033856,72669.77976828518,16.0,-228796.34253842756,-357474.66566180455,431493.469270002,95.0,-228796.34253842756,-357474.66566180455,431493.469270002,95.0
54950ab4,54950ab4,54950ab,54950ab,-21679.618294372747,-33869.02699904813,40873.62404880555,9.0,-228796.34253842756,-357474.66566180455,431493.469270002,95.0,-228796.34253842756,-357474.66566180455,431493.469270002,95.0
54950abc,54950abc,54950ab,54950ab,-40957.191057897384,-63958.765739046634,77215.4348339655,17.0,-228796.34253842756,-357474.66566180455,431493.469270002,95.0,-228796.34253842756,-357474.66566180455,431493.469270002,95.0
54950ac4,54950ac4,54950ad,54950ad,-53026.64702444977,-82763.71587032155,99918.87934211106,22.0,-209737.00772250968,-327314.2368396883,395094.43502455263,87.0,-209737.00772250968,-327314.2368396883,395094.43502455263,87.0
54950acc,54950acc,54950ad,54950ad,-36148.14868594059,-56445.916145349125,68116.54945380395,15.0,-209737.00772250968,-327314.2368396883,395094.43502455263,87.0,-209737.00772250968,-327314.2368396883,395094.43502455263,87.0
54950ad4,54950ad4,54950ad,54950ad,-48222.353625821714,-75253.19627237401,90815.53965157203,20.0,-209737.00772250968,-327314.2368396883,395094.43502455263,87.0,-209737.00772250968,-327314.2368396883,395094.43502455263,87.0
54950adc,54950adc,54950ad,54950ad,-72339.8583862976,-112851.40855164369,136243.46657706553,30.0,-209737.00772250968,-327314.2368396883,395094.43502455263,87.0,-209737.00772250968,-327314.2368396883,395094.43502455263,87.0
54950af,54950af,54950af,54950af,0.0,0.0,0.0,0.0,-139846.4340904736,-218124.00851303645,263455.53304951946,58.0,-139846.4340904736,-218124.00851303645,263455.53304951946,58.0
54950b04,54950b04,54950b1,54950b4,-36193.97125145577,-56393.996306012836,68135.21878020327,15.0,-171341.3379360274,-266967.2999494912,322464.8013577445,71.0,0.0,0.0,0.0,0.0
54950b0c,54950b0c,54950b1,54950b4,-36209.90674756751,-56391.998677125805,68128.40496406393,15.0,-171341.3379360274,-266967.2999494912,322464.8013577445,71.0,0.0,0.0,0.0,0.0
54950b14,54950b14,54950b1,54950b4,-55510.237075802674,-86491.69637078559,104449.88914224117,23.0,-171341.3379360274,-266967.2999494912,322464.8013577445,71.0,0.0,0.0,0.0,0.0
54950b1c,54950b1c,54950b1,54950b4,-43427.22286120149,-67689.60859556696,81751.28847123611,18.0,-171341.3379360274,-266967.2999494912,322464.8013577445,71.0,0.0,0.0,0.0,0.0
54950b3,54950b3,54950b3,54950b4,-106159.73801892258,-165522.83485779355,199785.03842207356,44.0,-106159.73801892258,-165522.83485779355,199785.03842207356,44.0,0.0,0.0,0.0,0.0
54950b5,54950b5,54950b5,54950b4,0.0,0.0,0.0,0.0,-152139.7992408124,-236954.70422321002,286018.664864228,63.0,0.0,0.0,0.0,0.0
54950b64,54950b64,54950b7,54950b4,-31402.44505848918,-48879.1087181936,59028.69989107875,13.0,-164234.6225168526,-255645.80917931284,308802.8882212673,68.0,0.0,0.0,0.0,0.0
54950b6c,54950b6c,54950b7,54950b4,-38633.11476461985,-60161.58496012279,72657.02230785023,16.0,-164234.6225168526,-255645.80917931284,308802.8882212673,68.0,0.0,0.0,0.0,0.0
54950b74,54950b74,54950b7,54950b4,-53129.67640136323,-82701.864643656,99915.36147477919,22.0,-164234.6225168526,-255645.80917931284,308802.8882212673,68.0,0.0,0.0,0.0,0.0
54950b7c,54950b7c,54950b7,54950b4,-41069.38629238038,-63903.25085734041,77201.80454755922,17.0,-164234.6225168526,-255645.80917931284,308802.8882212673,68.0,0.0,0.0,0.0,0.0
54950b84,54950b84,54950b9,54950bc,-43493.18424652581,-67643.92723159592,81754.03349332509,18.0,-181191.18700457268,-281828.4606687908,340675.54889868386,75.0,0.0,0.0,0.0,0.0
54950b8c,54950b8c,54950b9,54950bc,-28999.47709823137,-45085.27297463772,54509.383716816905,12.0,-181191.18700457268,-281828.4606687908,340675.54889868386,75.0,0.0,0.0,0.0,0.0
54950b94,54950b94,54950b9,54950bc,-62810.22276291461,-97691.13440022334,118110.08074613148,26.0,-181191.18700457268,-281828.4606687908,340675.54889868386,75.0,0.0,0.0,0.0,0.0
54950b9c,54950b9c,54950b9,54950bc,-45888.30289690093,-71408.12606233385,86302.05094241031,19.0,-181191.18700457268,-281828.4606687908,340675.54889868386,75.0,0.0,0.0,0.0,0.0
54950ba4,54950ba4,54950bb,54950bc,-36214.18377963019,-56378.10828251666,68137.62702438845,15.0,-183450.69179383854,-285631.40205098764,345263.60321529204,76.0,0.0,0.0,0.0,0.0
54950bac,54950bac,54950bb,54950bc,-62746.238398421294,-97728.03790964624,118113.56047121389,26.0,-183450.69179383854,-285631.40205098764,345263.60321529204,76.0,0.0,0.0,0.0,0.0
54950bb4,54950bb4,54950bb,54950bc,-45857.04153354405,-71401.71717034614,86323.96728724396,19.0,-183450.69179383854,-285631.40205098764,345263.60321529204,76.0,0.0,0.0,0.0,0.0
54950bbc,54950bbc,54950bb,54950bc,-38633.228082243,-60123.53868847863,72688.44843244574,16.0,-183450.69179383854,-285631.40205098764,345263.60321529204,76.0,0.0,0.0,0.0,0.0
54950bd,54950bd,54950bd,54950bc,-77256.31339930961,-120208.54846208004,145414.14398569957,32.0,-77256.31339930961,-120208.54846208004,145414.14398569957,32.0,0.0,0.0,0.0,0.0
54950bf,54950bf,54950bf,54950bc,0.0,0.0,0.0,0.0,-123231.73363713475,-191555.76569579353,231720.2500329008,51.0,0.0,0.0,0.0,0.0
54950c04,54950c04,54950c1,54950c1,-31434.767867303926,-48817.23135518128,59062.69164824005,13.0,-135443.02016119706,-210298.78790551965,254399.43214817875,56.0,-135443.02016119706,-210298.78790551965,254399.43214817875,56.0
54950c0c,54950c0c,54950c1,54950c1,-24178.6259768217,-37561.03776896593,45426.179458298306,10.0,-135443.02016119706,-210298.78790551965,254399.43214817875,56.0,-135443.02016119706,-210298.78790551965,254399.43214817875,56.0
54950c14,54950c14,54950c1,54950c1,-31443.808315127626,-48825.37205977664,59051.149139844565,13.0,-135443.02016119706,-210298.78790551965,254399.43214817875,56.0,-135443.02016119706,-210298.78790551965,254399.43214817875,56.0
54950c1c,54950c1c,54950c1,54950c1,-48385.818001943815,-75095.14672159583,90859.41190179583,20.0,-135443.02016119706,-210298.78790551965,254399.43214817875,56.0,-135443.02016119706,-210298.78790551965,254399.43214817875,56.0
54950c24,54950c24,54950c3,54950c3,-38722.58056455324,-60073.254749875385,72682.47766871244,16.0,-135557.307729502,-210268.0673367499,254363.95028936167,56.0,-135557.307729502,-210268.0673367499,254363.95028936167,56.0
54950c2c,54950c2c,54950c3,54950c3,-36321.20660467813,-56311.92456928733,68135.39100128427,15.0,-135557.307729502,-210268.0673367499,254363.95028936167,56.0,-135557.307729502,-210268.0673367499,254363.95028936167,56.0
54950c34,54950c34,54950c3,54950c3,-36313.15746889707,-56328.892421679855,68125.65515929562,15.0,-135557.307729502,-210268.0673367499,254363.95028936167,56.0,-135557.307729502,-210268.0673367499,254363.95028936167,56.0
54950c3c,54950c3c,54950c3,54950c3,-24200.36309137358,-37553.99559590735,45420.42646006935,10.0,-135557.307729502,-210268.0673367499,254363.95028936167,56.0,-135557.307729502,-210268.0673367499,254363.95028936167,56.0
54950c5,54950c5,54950c5,54950c5,-118575.31978006927,-184072.93161559303,222515.26849672582,49.0,-118575.31978006927,-184072.93161559303,222515.26849672582,49.0,-118575.31978006927,-184072.93161559303,222515.26849672582,49.0
54950c64,54950c64,54950c7,54950c7,-36273.772843440864,-56362.970989146364,68118.45065315207,15.0,-159583.73366456677,-247978.85984254896,299747.35622356256,66.0,-159583.73366456677,-247978.85984254896,299747.35622356256,66.0
54950c6c,54950c6c,54950c7,54950c7,-50790.082919744156,-78889.72534597121,95377.4593082965,21.0,-159583.73366456677,-247978.85984254896,299747.35622356256,66.0,-159583.73366456677,-247978.85984254896,299747.35622356256,66.0
54950c74,54950c74,54950c7,54950c7,-24176.553323268578,-37567.93124144539,45421.581853369426,10.0,-159583.73366456677,-247978.85984254896,299747.35622356256,66.0,-159583.73366456677,-247978.85984254896,299747.35622356256,66.0
54950c7c,54950c7c,54950c7,54950c7,-48343.32457811319,-75158.232265986,90829.86440874448,20.0,-159583.73366456677,-247978.85984254896,299747.35622356256,66.0,-159583.73366456677,-247978.85984254896,299747.35622356256,66.0
54950c84,54950c84,54950c9,54950cc,-33837.46829956575,-52620.78454315507,63574.13274975918,14.0,-166786.2543284172,-259380.56020547863,313292.0054224911,69.0,-476297.9744716373,-740653.0833508887,894327.0367890378,197.0
54950c8c,54950c8c,54950c9,54950cc,-33851.26875719074,-52617.73792088493,63569.307413943854,14.0,-166786.2543284172,-259380.56020547863,313292.0054224911,69.0,-476297.9744716373,-740653.0833508887,894327.0367890378,197.0
54950c94,54950c94,54950c9,54950cc,-38683.09509113677,-60150.05651922988,72639.9725323001,16.0,-166786.2543284172,-259380.56020547863,313292.0054224911,69.0,-476297.9744716373,-740653.0833508887,894327.0367890378,197.0
54950c9c,54950c9c,54950c9,54950cc,-60414.42218052399,-93991.98122220866,113508.59272648806,25.0,-166786.2543284172,-259380.56020547863,313292.0054224911,69.0,-476297.9744716373,-740653.0833508887,894327.0367890378,197.0
54950cb,54950cb,54950cb,54950cc,0.0,0.0,0.0,0.0,-130501.89246522752,-203090.56579486284,245118.73893751245,54.0,-476297.9744716373,-740653.0833508887,894327.0367890378,197.0
54950cd,54950cd,54950cd,54950cc,-77397.42222797712,-120331.7275525383,145237.11904915603,32.0,-77397.42222797712,-120331.7275525383,145237.11904915603,32.0,-476297.9744716373,-740653.0833508887,894327.0367890378,197.0
54950cf,54950cf,54950cf,54950cc,-101612.40545001549,-157850.22979800898,190679.17337987816,42.0,-101612.40545001549,-157850.22979800898,190679.17337987816,42.0,-476297.9744716373,-740653.0833508887,894327.0367890378,197.0
54950d1,54950d1,54950d4,54950d4,-82338.90463935847,-127763.81737088581,154332.32202911572,34.0,0.0,0.0,0.0,0.0,-300315.8029399349,-466052.9581389841,562772.6512972681,124.0
54950d3,54950d3,54950d4,54950d4,-113782.13870760638,-176696.83047636328,213294.67487837918,47.0,0.0,0.0,0.0,0.0,-300315.8029399349,-466052.9581389841,562772.6512972681,124.0
54950d5,54950d5,54950d4,54950d4,-31492.73429406523,-48875.2952455016,58983.7387939294,13.0,0.0,0.0,0.0,0.0,-300315.8029399349,-466052.9581389841,562772.6512972681,124.0
54950d7,54950d7,54950d4,54950d4,-72702.02529890482,-112717.01504623325,136161.9155958441,30.0,0.0,0.0,0.0,0.0,-300315.8029399349,-466052.9581389841,562772.6512972681,124.0
54950d84,54950d84,54950d9,54950dc,-21816.68377237575,-33805.47475513684,40853.300724249464,9.0,-145430.35924106397,-225336.1894928417,272390.75089193735,60.0,0.0,0.0,0.0,0.0
54950d8c,54950d8c,54950d9,54950dc,-31519.325895659,-48814.996296872305,59019.458521766086,13.0,-145430.35924106397,-225336.1894928417,272390.75089193735,60.0,0.0,0.0,0.0,0.0
54950d94,54950d94,54950d9,54950dc,-48473.49125612001,-75106.67288219935,90803.13602430614,20.0,-145430.35924106397,-225336.1894928417,272390.75089193735,60.0,0.0,0.0,0.0,0.0
54950d9c,54950d9c,54950d9,54950dc,-43620.858316909194,-67609.04555863318,81714.85562161561,18.0,-145430.35924106397,-225336.1894928417,272390.75089193735,60.0,0.0,0.0,0.0,0.0
54950da4,54950da4,54950db,54950dc,-46024.516815869334,-71372.99295844579,86258.5679508755,19.0,-150164.65812368912,-232883.38936073965,281501.1732601149,62.0,0.0,0.0,0.0,0.0
54950dac,54950dac,54950db,54950dc,-41163.46814405966,-63863.03235701474,77184.97646486259,17.0,-150164.65812368912,-232883.38936073965,281501.1732601149,62.0,0.0,0.0,0.0,0.0
54950db4,54950db4,54950db,54950dc,-26637.333928345026,-41316.295989491526,49947.735099154874,11.0,-150164.65812368912,-232883.38936073965,281501.1732601149,62.0,0.0,0.0,0.0,0.0
54950dbc,54950dbc,54950db,54950dc,-36339.33923541509,-56331.0680557876,68109.89374522198,15.0,-150164.65812368912,-232883.38936073965,281501.1732601149,62.0,0.0,0.0,0.0,0.0
54950dc4,54950dc4,54950dd,54950dc,-48458.00034058767,-75092.91493903376,90822.78085815458,20.0,-140511.2604236174,-217754.25946143025,263407.65958967234,58.0,0.0,0.0,0.0,0.0
54950dcc,54950dcc,54950dd,54950dc,-31485.284268431813,-48814.411355737066,59038.10937306424,13.0,-140511.2604236174,-217754.25946143025,263407.65958967234,58.0,0.0,0.0,0.0,0.0
54950dd4,54950dd4,54950dd,54950dc,-33911.61168466471,-52555.834660732726,63588.35124758294,14.0,-140511.2604236174,-217754.25946143025,263407.65958967234,58.0,0.0,0.0,0.0,0.0
54950ddc,54950ddc,54950dd,54950dc,-26656.364129933176,-41291.0985059267,49958.418110870574,11.0,-140511.2604236174,-217754.25946143025,263407.65958967234,58.0,0.0,0.0,0.0,0.0
54950df,54950df,54950df,54950dc,-82423.35407304252,-127634.44458851329,154394.27808940512,34.0,-82423.35407304252,-127634.44458851329,154394.27808940512,34.0,0.0,0.0,0.0,0.0
54950e1,54950e1,54950e1,54950e4,-82465.31290580916,-127559.38996939959,154433.8949731033,34.0,-82465.31290580916,-127559.38996939959,154433.8949731033,34.0,-366073.5148854202,-566452.3744163986,686009.3087538697,151.0
54950e3,54950e3,54950e3,54950e4,-75197.42941882138,-116257.09303977642,140841.7088611544,31.0,-75197.42941882138,-116257.09303977642,140841.7088611544,31.0,-366073.5148854202,-566452.3744163986,686009.3087538697,151.0
54950e5,54950e5,54950e5,54950e4,-116340.29642864162,-180033.6490535427,218109.16911389073,48.0,-116340.29642864162,-180033.6490535427,218109.16911389073,48.0,-366073.5148854202,-566452.3744163986,686009.3087538697,151.0
54950e7,54950e7,54950e7,54950e4,-92070.47613214803,-142602.2423536798,172624.53580572168,38.0,-92070.47613214803,-142602.2423536798,172624.53580572168,38.0,-366073.5148854202,-566452.3744163986,686009.3087538697,151.0
54950e9,54950e9,54950e9,54950ec,0.0,0.0,0.0,0.0,-135591.18927768595,-210173.423137503,254424.10511177627,56.0,0.0,0.0,0.0,0.0
54950ea4,54950ea4,54950eb,54950ec,-41132.28469173385,-63816.79562574978,77239.82370957098,17.0,-152404.4782065209,-236481.16858928636,286269.5572850997,63.0,0.0,0.0,0.0,0.0
54950eac,54950eac,54950eb,54950ec,-43534.87213241254,-67574.1528023726,81789.53920653103,18.0,-152404.4782065209,-236481.16858928636,286269.5572850997,63.0,0.0,0.0,0.0,0.0
54950eb4,54950eb4,54950eb,54950ec,-38701.172763147035,-60053.349401528314,72710.32388954451,16.0,-152404.4782065209,-236481.16858928636,286269.5572850997,63.0,0.0,0.0,0.0,0.0
54950ebc,54950ebc,54950eb,54950ec,-29036.148619227468,-45036.87075963563,54529.87047945316,12.0,-152404.4782065209,-236481.16858928636,286269.5572850997,63.0,0.0,0.0,0.0,0.0
54950ed,54950ed,54950ed,54950ec,-99213.9073287544,-153825.58663301906,186348.23068708598,41.0,-99213.9073287544,-153825.58663301906,186348.23068708598,41.0,0.0,0.0,0.0,0.0
54950ef,54950ef,54950ef,54950ec,0.0,0.0,0.0,0.0,-123519.33781043082,-191319.27437886494,231762.49604942452,51.0,0.0,0.0,0.0,0.0
54950f1,54950f1,54950f1,54950f4,-94473.71900049224,-146239.15852772808,177273.34351389197,39.0,-94473.71900049224,-146239.15852772808,177273.34351389197,39.0,-426204.3780252466,-659793.9556443854,800206.1325168473,176.0
54950f3,54950f3,54950f3,54950f4,-113765.291335297,-176248.24874656985,213674.4634418997,47.0,-113765.291335297,-176248.24874656985,213674.4634418997,47.0,-426204.3780252466,-659793.9556443854,800206.1325168473,176.0
54950f5,54950f5,54950f5,54950f4,0.0,0.0,0.0,0.0,-130738.1818363162,-202391.62598401168,245570.5104663186,54.0,-426204.3780252466,-659793.9556443854,800206.1325168473,176.0
54950f7,54950f7,54950f7,54950f4,-87227.18585314116,-134914.92238607592,163687.81509473705,36.0,-87227.18585314116,-134914.92238607592,163687.81509473705,36.0,-426204.3780252466,-659793.9556443854,800206.1325168473,176.0
54950f9,54950f9,54950f9,54950f9,-113981.18498011153,-176115.4390680323,213668.91361713372,47.0,-113981.18498011153,-176115.4390680323,213668.91361713372,47.0,-113981.18498011153,-176115.4390680323,213668.91361713372,47.0
54950fb,54950fb,54950fb,54950fb,0.0,0.0,0.0,0.0,-133349.6462402247,-206187.68692920884,249977.01977775546,55.0,-133349.6462402247,-206187.68692920884,249977.01977775546,55.0
54950fc4,54950fc4,54950fd,54950fd,-48518.899977310866,-74964.00254228005,90896.73176374921,20.0,-143159.6870795331,-221156.37038584513,268119.54678003484,59.0,-143159.6870795331,-221156.37038584513,268119.54678003484,59.0
54950fcc,54950fcc,54950fd,54950fd,-26682.820637983892,-41240.79023212136,49985.84216508877,11.0,-143159.6870795331,-221156.37038584513,268119.54678003484,59.0,-143159.6870795331,-221156.37038584513,268119.54678003484,59.0
54950fd4,54950fd4,54950fd,54950fd,-33978.29728132356,-52481.52242776747,63614.12342700784,14.0,-143159.6870795331,-221156.37038584513,268119.54678003484,59.0,-143159.6870795331,-221156.37038584513,268119.54678003484,59.0
54950fdc,54950fdc,54950fd,54950fd,-33979.669182914826,-52470.05518367626,63622.84942418901,14.0,-143159.6870795331,-221156.37038584513,268119.54678003484,59.0,-143159.6870795331,-221156.37038584513,268119.54678003484,59.0
54950fe4,54950fe4,54950ff,54950ff,-41270.525721194936,-63695.07712150257,77266.54822278161,17.0,-152919.63972424995,-236028.3556502673,286368.51405204425,63.0,-152919.63972424995,-236028.3556502673,286368.51405204425,63.0
54950fec,54950fec,54950ff,54950ff,-29116.64293612617,-44967.09551982477,54544.530847972695,12.0,-152919.63972424995,-236028.3556502673,286368.51405204425,63.0,-152919.63972424995,-236028.3556502673,286368.51405204425,63.0
54950ff4,54950ff4,54950ff,54950ff,-33975.29615550404,-52447.47855740834,63643.796385691356,14.0,-152919.63972424995,-236028.3556502673,286368.51405204425,63.0,-152919.63972424995,-236028.3556502673,286368.51405204425,63.0
54950ffc,54950ffc,54950ff,54950ff,-48557.174911424765,-74918.7044515316,90913.63859559852,20.0,-152919.63972424995,-236028.3556502673,286368.51405204425,63.0,-152919.63972424995,-236028.3556502673,286368.51405204425,63.0
54951004,54951004,54951004,549511,-60722.06650564083,-93643.27527356576,113632.57991534358,25.0,-60722.06650564083,-93643.27527356576,113632.57991534358,25.0,0.0,0.0,0.0,0.0
5495100c,5495100c,5495100c,549511,-97194.31862400871,-149817.51448050325,181800.9392809163,40.0,-97194.31862400871,-149817.51448050325,181800.9392809163,40.0,0.0,0.0,0.0,0.0
54951014,54951014,54951014,549511,-53448.24588722919,-82421.15681484842,99977.38914616278,22.0,-53448.24588722919,-82421.15681484842,99977.38914616278,22.0,0.0,0.0,0.0,0.0
5495101c,5495101c,5495101c,549511,-72857.14094332808,-112396.7332648082,136343.64313999,30.0,-72857.14094332808,-112396.7332648082,136343.64313999,30.0,0.0,0.0,0.0,0.0
5495103,5495103,5495103,549511,0.0,0.0,0.0,0.0,-123869.35508323934,-191127.95992422232,231733.53650189823,51.0,0.0,0.0,0.0,0.0
5495105,5495105,5495105,549511,-38881.70999205336,-59952.655972052904,72697.1004322143,16.0,-38881.70999205336,-59952.655972052904,72697.1004322143,16.0,0.0,0.0,0.0,0.0
5495107,5495107,5495107,549511,-41333.51408112195,-63675.34390841095,77249.14029309004,17.0,-41333.51408112195,-63675.34390841095,77249.14029309004,17.0,0.0,0.0,0.0,0.0
549510c,549510c,549510c,549511,-21893.022056532078,-33720.190213287766,40882.93383611221,9.0,-21893.022056532078,-33720.190213287766,40882.93383611221,9.0,0.0,0.0,0.0,0.0
549511c,549511c,549511c,549511,-48556.7885917353,-75004.37743655907,90843.16816375134,20.0,-48556.7885917353,-75004.37743655907,90843.16816375134,20.0,0.0,0.0,0.0,0.0
549513,549513,549513,549513,0.0,0.0,0.0,0.0,-150380.39007954797,-232928.1059802154,281348.93935975456,62.0,-150380.39007954797,-232928.1059802154,281348.93935975456,62.0
549515,549515,549515,549515,-41427.642421980665,-63819.794560039365,77079.31804154806,17.0,-41427.642421980665,-63819.794560039365,77079.31804154806,17.0,-41427.642421980665,-63819.794560039365,77079.31804154806,17.0
549517,549517,549517,549517,-12194.708340596884,-18729.98050972986,22698.464946352495,5.0,-12194.708340596884,-18729.98050972986,22698.464946352495,5.0,-12194.708340596884,-18729.98050972986,22698.464946352495,5.0
549519,549519,549519,549519,-92679.80473779769,-142067.43998128016,172739.38490802524,38.0,-92679.80473779769,-142067.43998128016,172739.38490802524,38.0,-92679.80473779769,-142067.43998128016,172739.38490802524,38.0
54951a4,54951a4,54951a4,54951a4,-116899.97714871084,-179570.84214576485,218191.41979871588,48.0,-116899.97714871084,-179570.84214576485,218191.41979871588,48.0,-116899.97714871084,-179570.84214576485,218191.41979871588,48.0
54951a9,54951a9,54951a9,54951a9,-77798.03007360916,-119806.49108033147,145457.13447793375,32.0,-77798.03007360916,-119806.49108033147,145457.13447793375,32.0,-77798.03007360916,-119806.49108033147,145457.13447793375,32.0
54951aa4,54951aa4,54951aa4,54951ab,-63185.21299654016,-97359.0794901127,118184.22694330451,26.0,-63185.21299654016,-97359.0794901127,118184.22694330451,26.0,-281864.1242789922,-434325.7894982798,527341.8536841156,116.0
54951aac,54951aac,54951aac,54951ab,-58298.44095694719,-89878.3292921521,109100.29967179775,24.0,-58298.44095694719,-89878.3292921521,109100.29967179775,24.0,-281864.1242789922,-434325.7894982798,527341.8536841156,116.0
54951ab4,54951ab4,54951ab4,54951ab,-77744.34008888605,-119803.71866739936,145488.12189869804,32.0,-77744.34008888605,-119803.71866739936,145488.12189869804,32.0,-281864.1242789922,-434325.7894982798,527341.8536841156,116.0
54951abc,54951abc,54951abc,54951ab,-82636.13023661874,-127284.66204861556,154569.2051703152,34.0,-82636.13023661874,-127284.66204861556,154569.2051703152,34.0,-281864.1242789922,-434325.7894982798,527341.8536841156,116.0
54951ac4,54951ac4,54951ad,54951ad,-53476.19691813679,-82344.77877445874,100025.36781049399,22.0,-194417.34864052577,-299410.8296496364,363771.1711645718,80.0,-194417.34864052577,-299410.8296496364,363771.1711645718,80.0
54951acc,54951acc,54951ad,54951ad,-63174.07879739987,-97318.92935052676,118223.24109397948,26.0,-194417.34864052577,-299410.8296496364,363771.1711645718,80.0,-194417.34864052577,-299410.8296496364,363771.1711645718,80.0
54951ad4,54951ad4,54951ad,54951ad,-65611.7632398175,-101037.7858068652,122785.9611749146,27.0,-194417.34864052577,-299410.8296496364,363771.1711645718,80.0,-194417.34864052577,-299410.8296496364,363771.1711645718,80.0
54951adc,54951adc,54951ad,54951ad,-12155.309685171633,-18709.33571778571,22736.60108518367,5.0,-194417.34864052577,-299410.8296496364,363771.1711645718,80.0,-194417.34864052577,-299410.8296496364,363771.1711645718,80.0
54951af,54951af,54951af,54951af,-4864.634708169597,-7484.525081281651,9092.646578731901,2.0,-4864.634708169597,-7484.525081281651,9092.646578731901,2.0,-4864.634708169597,-7484.525081281651,9092.646578731901,2.0
54951b4,54951b4,54951b4,54951b4,-51087.587848223884,-78521.67328485481,95522.17106136517,21.0,-51087.587848223884,-78521.67328485481,95522.17106136517,21.0,-51087.587848223884,-78521.67328485481,95522.17106136517,21.0
54951bc,54951bc,54951bc,54951bc,0.0,0.0,0.0,0.0,-158382.43300335028,-243029.97634399484,295538.7140294348,65.0,-158382.43300335028,-243029.97634399484,295538.7140294348,65.0
54951d,54951d,54951d,54951d,-60895.88839666937,-93346.98407694562,113783.23461878939,25.0,-60895.88839666937,-93346.98407694562,113783.23461878939,25.0,-60895.88839666937,-93346.98407694562,113783.23461878939,25.0
54951f,54951f,54951f,54951f,-12203.869958726322,-18664.807237606004,22747.18032268376,5.0,-12203.869958726322,-18664.807237606004,22747.18032268376,5.0,-12203.869958726322,-18664.807237606004,22747.18032268376,5.0
54953,54953,54953,54953,0.0,0.0,0.0,0.0,-225434.25790594993,-344819.153940357,416929.5702640861,92.0,-225434.25790594993,-344819.153940357,416929.5702640861,92.0
549544,549544,549544,54955,0.0,0.0,0.0,0.0,-229687.7470220508,-353448.78170279955,425403.43341540813,94.0,0.0,0.0,0.0,0.0
549549,549549,54954c,54955,0.0,0.0,0.0,0.0,0.0,0.0,0.0,0.0,0.0,0.0,0.0,0.0
54954b,54954b,54954c,54955,-2464.499018685693,-3753.1873332585315,4519.909574100173,1.0,0.0,0.0,0.0,0.0,0.0,0.0,0.0,0.0
54954d,54954d,54954c,54955,-39421.63449404195,-60152.7088599689,72239.59638340429,16.0,0.0,0.0,0.0,0.0,0.0,0.0,0.0,0.0
54954f,54954f,54954c,54955,-34378.15791126034,-52614.636467567776,63288.487571861595,14.0,0.0,0.0,0.0,0.0,0.0,0.0,0.0,0.0
549554,549554,549554,54955,-105468.16590985238,-162297.1580849474,193872.33513683415,43.0,-105468.16590985238,-162297.1580849474,193872.33513683415,43.0,0.0,0.0,0.0,0.0
54955c,54955c,54955c,54955,0.0,0.0,0.0,0.0,-168317.28841739253,-260523.48524171868,311519.4237133835,69.0,0.0,0.0,0.0,0.0
549564,549564,549564,549564,0.0,0.0,0.0,0.0,-135889.99712074894,-211548.87752216932,253121.09303070587,56.0,-135889.99712074894,-211548.87752216932,253121.09303070587,56.0
549569,549569,54956c,54956c,-63243.07151472965,-97977.20528011925,117641.17975110855,26.0,0.0,0.0,0.0,0.0,0.0,0.0,0.0,0.0
54956b,54956b,54956c,54956c,-77958.39912120426,-120312.90972097422,144952.38325820467,32.0,0.0,0.0,0.0,0.0,0.0,0.0,0.0,0.0
54956d,54956d,54956c,54956c,-116451.37810407043,-180575.58431104594,217601.22809071472,48.0,0.0,0.0,0.0,0.0,0.0,0.0,0.0,0.0
54956f,54956f,54956c,54956c,0.0,0.0,0.0,0.0,0.0,0.0,0.0,0.0,0.0,0.0,0.0,0.0
549571,549571,549571,549571,0.0,0.0,0.0,0.0,-190687.64627738297,-297929.51914700225,358045.82588335656,79.0,-190687.64627738297,-297929.51914700225,358045.82588335656,79.0
5495724,5495724,549573,549573,-45986.45220321887,-71533.26244421351,86146.02994500083,19.0,0.0,0.0,0.0,0.0,-302343.3079593694,-470384.00652056624,567046.8610691087,125.0
549572c,549572c,549573,549573,-118603.56487460139,-184353.63506032308,222267.68111131428,49.0,0.0,0.0,0.0,0.0,-302343.3079593694,-470384.00652056624,567046.8610691087,125.0
5495734,5495734,549573,549573,-113588.50156017083,-176833.21144455785,213284.8456113774,47.0,0.0,0.0,0.0,0.0,-302343.3079593694,-470384.00652056624,567046.8610691087,125.0
549573c,549573c,549573,549573,-24164.78932137836,-37663.897571471905,45348.30440141616,10.0,0.0,0.0,0.0,0.0,-302343.3079593694,-470384.00652056624,567046.8610691087,125.0
5495744,5495744,5495744,5495744,-89231.72768834142,-139424.24242591078,167827.1354883198,37.0,-89231.72768834142,-139424.24242591078,167827.1354883198,37.0,-89231.72768834142,-139424.24242591078,167827.1354883198,37.0
5495749,5495749,549574c,549574c,-43439.91399007707,-67770.58423876879,81677.42392996345,18.0,-219573.36284381978,-342515.3233480366,413030.88704711624,91.0,-219573.36284381978,-342515.3233480366,413030.88704711624,91.0
549574b,549574b,549574c,549574c,-62764.906737696845,-97840.42880104465,118010.54788326327,26.0,-219573.36284381978,-342515.3233480366,413030.88704711624,91.0,-219573.36284381978,-342515.3233480366,413030.88704711624,91.0
549574d,549574d,549574c,549574c,-89253.37164505785,-139249.60187029815,167960.57560090112,37.0,-219573.36284381978,-342515.3233480366,413030.88704711624,91.0,-219573.36284381978,-342515.3233480366,413030.88704711624,91.0
549574f,549574f,549574c,549574c,-24115.170470988036,-37654.708437925045,45382.33963298843,10.0,-219573.36284381978,-342515.3233480366,413030.88704711624,91.0,-219573.36284381978,-342515.3233480366,413030.88704711624,91.0
5495751,5495751,5495751,5495754,-7228.3006181162855,-11298.295620753588,13616.459008292131,3.0,-7228.3006181162855,-11298.295620753588,13616.459008292131,3.0,-305869.5655164087,-478138.28816162713,576627.8429605665,127.0
5495753,5495753,5495753,5495754,-101217.40680967181,-158090.94392877296,190689.83518519218,42.0,-101217.40680967181,-158090.94392877296,190689.83518519218,42.0,-305869.5655164087,-478138.28816162713,576627.8429605665,127.0
54957544,54957544,5495755,5495754,-36124.8033291627,-56474.95469633187,68104.86395943642,15.0,-134838.48573677032,-210827.04553144876,254283.31286548253,56.0,-305869.5655164087,-478138.28816162713,576627.8429605665,127.0
5495754c,5495754c,5495755,5495754,-21676.192238936892,-33877.95381814695,40868.04271928984,9.0,-134838.48573677032,-210827.04553144876,254283.31286548253,56.0,-305869.5655164087,-478138.28816162713,576627.8429605665,127.0
54957554,54957554,5495755,5495754,-40927.11647080717,-63995.34902342231,77201.06883770964,17.0,-134838.48573677032,-210827.04553144876,254283.31286548253,56.0,-305869.5655164087,-478138.28816162713,576627.8429605665,127.0
5495755c,5495755c,5495755,5495754,-36110.37369786358,-56478.78799354764,68109.3373490466,15.0,-134838.48573677032,-210827.04553144876,254283.31286548253,56.0,-305869.5655164087,-478138.28816162713,576627.8429605665,127.0
5495757,5495757,5495757,5495754,-62585.37235185037,-97922.00308065192,118038.23590159966,26.0,-62585.37235185037,-97922.00308065192,118038.23590159966,26.0,-305869.5655164087,-478138.28816162713,576627.8429605665,127.0
549575c,549575c,549575c,549575c,-52966.397462635476,-82910.72276241395,99828.91437745825,22.0,-52966.397462635476,-82910.72276241395,99828.91437745825,22.0,-52966.397462635476,-82910.72276241395,99828.91437745825,22.0
549577,549577,549577,549577,-77144.64149010205,-120657.42737456982,145101.32834682416,32.0,-77144.64149010205,-120657.42737456982,145101.32834682416,32.0,-77144.64149010205,-120657.42737456982,145101.32834682416,32.0
54957c,54957c,54957c,54957c,-31320.332723763913,-49150.40173172953,58846.706774479004,13.0,-31320.332723763913,-49150.40173172953,58846.706774479004,13.0,-31320.332723763913,-49150.40173172953,58846.706774479004,13.0
549584,549584,549584,549584,-62262.39124416568,-98427.1245508349,117788.57303076127,26.0,-62262.39124416568,-98427.1245508349,117788.57303076127,26.0,-62262.39124416568,-98427.1245508349,117788.57303076127,26.0
54958c,54958c,54958c,54958c,-23724.922278324353,-37956.95614861154,45336.198292669695,10.0,-23724.922278324353,-37956.95614861154,45336.198292669695,10.0,-23724.922278324353,-37956.95614861154,45336.198292669695,10.0
549594,549594,549594,549594,0.0,0.0,0.0,0.0,0.0,0.0,0.0,0.0,-459795.8957475541,-728348.3442867874,877509.4519376451,193.0
5495981,5495981,5495984,5495984,-76534.16550921158,-120603.62927209298,145468.87121337774,32.0,0.0,0.0,0.0,0.0,-241633.49832886175,-380707.9595867244,459054.1834809104,101.0
5495983,5495983,5495984,5495984,-50210.3144137103,-79178.62660708284,95445.01187439705,21.0,0.0,0.0,0.0,0.0,-241633.49832886175,-380707.9595867244,459054.1834809104,101.0
5495985,5495985,5495984,5495984,-55042.990575320444,-86711.62482554064,104514.79475422762,23.0,0.0,0.0,0.0,0.0,-241633.49832886175,-380707.9595867244,459054.1834809104,101.0
5495987,5495987,5495984,5495984,-59846.027830619416,-94214.07888200798,113625.50563890797,25.0,0.0,0.0,0.0,0.0,-241633.49832886175,-380707.9595867244,459054.1834809104,101.0
5495989,5495989,5495989,549598c,-98217.62043207097,-154497.8805247904,186319.8271684318,41.0,-98217.62043207097,-154497.8805247904,186319.8271684318,41.0,-357082.42908957356,-561471.8526763283,677033.6329807874,149.0
549598b,549598b,549598b,549598c,0.0,0.0,0.0,0.0,-129488.29656298397,-203431.95957441343,245373.05578259745,54.0,-357082.42908957356,-561471.8526763283,677033.6329807874,149.0
549598d,549598d,549598d,549598c,-45538.22115827447,-71615.24361690707,86315.86182439709,19.0,-45538.22115827447,-71615.24361690707,86315.86182439709,19.0,-357082.42908957356,-561471.8526763283,677033.6329807874,149.0
549598f,549598f,549598f,549598c,-83838.2909362442,-131926.76896021742,159024.88820536097,35.0,-83838.2909362442,-131926.76896021742,159024.88820536097,35.0,-357082.42908957356,-561471.8526763283,677033.6329807874,149.0
5495994,5495994,5495994,5495994,-55097.30966155468,-86744.32943049818,104459.01354365468,23.0,-55097.30966155468,-86744.32943049818,104459.01354365468,23.0,-55097.30966155468,-86744.32943049818,104459.01354365468,23.0
549599c,549599c,549599c,549599c,-19136.99573933664,-30180.23767370106,36341.061384878405,8.0,-19136.99573933664,-30180.23767370106,36341.061384878405,8.0,-19136.99573933664,-30180.23767370106,36341.061384878405,8.0
54959b,54959b,54959b,54959b,-16745.558056070866,-26441.138349722787,31770.26691453074,7.0,-16745.558056070866,-26441.138349722787,31770.26691453074,7.0,-16745.558056070866,-26441.138349722787,31770.26691453074,7.0
54959d,54959d,54959d,54959d,-47968.683473929654,-75473.92578205891,90766.68690562792,20.0,-47968.683473929654,-75473.92578205891,90766.68690562792,20.0,-47968.683473929654,-75473.92578205891,90766.68690562792,20.0
54959e4,54959e4,54959e4,54959e4,0.0,0.0,0.0,0.0,-139371.33131207712,-218628.39225344156,263289.15494414803,58.0,-139371.33131207712,-218628.39225344156,263289.15494414803,58.0
54959ec,54959ec,54959ec,54959ec,-67167.71384602046,-105588.30538247462,127129.7393892033,28.0,-67167.71384602046,-105588.30538247462,127129.7393892033,28.0,-67167.71384602046,-105588.30538247462,127129.7393892033,28.0
54959f1,54959f1,54959f4,54959f4,-81643.60485950213,-128116.27903788678,154409.50270032746,34.0,0.0,0.0,0.0,0.0,-338493.76899706887,-531180.3275589548,640495.3074465715,141.0
54959f3,54959f3,54959f4,54959f4,-52777.00392691884,-82913.01449472774,99927.27332542952,22.0,0.0,0.0,0.0,0.0,-338493.76899706887,-531180.3275589548,640495.3074465715,141.0
54959f5,54959f5,54959f4,54959f4,-95986.15867828473,-150674.2171032421,181734.81086752214,40.0,0.0,0.0,0.0,0.0,-338493.76899706887,-531180.3275589548,640495.3074465715,141.0
54959f7,54959f7,54959f4,54959f4,-108087.00153236318,-169476.81692309826,204423.72055329254,45.0,0.0,0.0,0.0,0.0,-338493.76899706887,-531180.3275589548,640495.3074465715,141.0
54959f9,54959f9,54959f9,54959fc,-91347.33568224324,-143100.30991700076,172596.54598068658,38.0,-91347.33568224324,-143100.30991700076,172596.54598068658,38.0,-428052.251017481,-670403.2060515296,808317.0395036777,178.0
54959fb,54959fb,54959fb,54959fc,-79299.55839298097,-124337.58194739508,149846.54139901456,33.0,-79299.55839298097,-124337.58194739508,149846.54139901456,33.0,-428052.251017481,-670403.2060515296,808317.0395036777,178.0
54959fd,54959fd,54959fd,54959fc,-115456.93133254164,-180818.46366148867,217929.27698148997,48.0,-115456.93133254164,-180818.46366148867,217929.27698148997,48.0,-428052.251017481,-670403.2060515296,808317.0395036777,178.0
54959ff,54959ff,54959ff,54959fc,0.0,0.0,0.0,0.0,-141948.42560971508,-222146.85052564502,267944.6751424866,59.0,-428052.251017481,-670403.2060515296,808317.0395036777,178.0
5495a01,5495a01,5495a01,5495a01,0.0,0.0,0.0,0.0,-125138.2139174899,-195708.9040470381,236205.7203813418,52.0,-125138.2139174899,-195708.9040470381,236205.7203813418,52.0
5495a024,5495a024,5495a03,5495a03,-52905.61113964234,-82815.04356796778,99940.50869863253,22.0,-151476.78222784642,-237136.64603591122,286219.70969366893,63.0,-151476.78222784642,-237136.64603591122,286219.70969366893,63.0
5495a02c,5495a02c,5495a03,5495a03,-36055.566058669574,-56469.42244881211,68146.12880964257,15.0,-151476.78222784642,-237136.64603591122,286219.70969366893,63.0,-151476.78222784642,-237136.64603591122,286219.70969366893,63.0
5495a034,5495a034,5495a03,5495a03,-36059.77911645294,-56454.25739816521,68156.46383064266,15.0,-151476.78222784642,-237136.64603591122,286219.70969366893,63.0,-151476.78222784642,-237136.64603591122,286219.70969366893,63.0
5495a03c,5495a03c,5495a03,5495a03,-26455.825913081524,-41397.92262096613,49976.60835475109,11.0,-151476.78222784642,-237136.64603591122,286219.70969366893,63.0,-151476.78222784642,-237136.64603591122,286219.70969366893,63.0
5495a044,5495a044,5495a05,5495a05,-40894.728938933025,-63961.70828925755,77246.09786548602,17.0,-221271.14803076466,-346107.3856677095,418091.40121805127,92.0,-221271.14803076466,-346107.3856677095,418091.40121805127,92.0
5495a04c,5495a04c,5495a05,5495a05,-43278.90804780648,-67732.0605108474,81794.76792757618,18.0,-221271.14803076466,-346107.3856677095,418091.40121805127,92.0,-221271.14803076466,-346107.3856677095,418091.40121805127,92.0
5495a054,5495a054,5495a05,5495a05,-79360.09845699387,-124135.511462393,149981.96739818717,33.0,-221271.14803076466,-346107.3856677095,418091.40121805127,92.0,-221271.14803076466,-346107.3856677095,418091.40121805127,92.0
5495a05c,5495a05c,5495a05,5495a05,-57737.4125870313,-90278.10540521152,109068.56802680179,24.0,-221271.14803076466,-346107.3856677095,418091.40121805127,92.0,-221271.14803076466,-346107.3856677095,418091.40121805127,92.0
5495a064,5495a064,5495a07,5495a07,-48134.54385145322,-75227.35688575402,90883.50585930648,20.0,-173315.7970686028,-270837.32705020905,327148.36452136596,72.0,-173315.7970686028,-270837.32705020905,327148.36452136596,72.0
5495a06c,5495a06c,5495a07,5495a07,-40910.772045358484,-63958.44689136927,77240.30292901077,17.0,-173315.7970686028,-270837.32705020905,327148.36452136596,72.0,-173315.7970686028,-270837.32705020905,327148.36452136596,72.0
5495a074,5495a074,5495a07,5495a07,-43334.94504292862,-67715.21914960044,81779.04124966003,18.0,-173315.7970686028,-270837.32705020905,327148.36452136596,72.0,-173315.7970686028,-270837.32705020905,327148.36452136596,72.0
5495a07c,5495a07c,5495a07,5495a07,-40935.53612886248,-63936.3041234853,77245.5144833887,17.0,-173315.7970686028,-270837.32705020905,327148.36452136596,72.0,-173315.7970686028,-270837.32705020905,327148.36452136596,72.0
5495a084,5495a084,5495a084,5495a09,-91508.97585785887,-142884.3913166255,172689.78354923244,38.0,-91508.97585785887,-142884.3913166255,172689.78354923244,38.0,0.0,0.0,0.0,0.0
5495a08c,5495a08c,5495a08c,5495a09,-98689.61193645585,-154174.74248157503,186338.09048555052,41.0,-98689.61193645585,-154174.74248157503,186338.09048555052,41.0,0.0,0.0,0.0,0.0
5495a091,5495a091,5495a094,5495a09,-28890.202314700815,-45117.14750858711,54541.027293633815,12.0,-185363.23304910114,-289490.33233702957,349989.2350604107,77.0,0.0,0.0,0.0,0.0
5495a093,5495a093,5495a094,5495a09,-77027.92052182328,-120314.03689600772,145448.0633730141,32.0,-185363.23304910114,-289490.33233702957,349989.2350604107,77.0,0.0,0.0,0.0,0.0
5495a095,5495a095,5495a094,5495a09,-48145.10827474207,-75188.27174058213,90910.25009395552,20.0,-185363.23304910114,-289490.33233702957,349989.2350604107,77.0,0.0,0.0,0.0,0.0
5495a097,5495a097,5495a094,5495a09,-31300.001937834975,-48870.87619185256,59089.894299807325,13.0,-185363.23304910114,-289490.33233702957,349989.2350604107,77.0,0.0,0.0,0.0,0.0
5495a099,5495a099,5495a09c,5495a09,-50572.96988236741,-78942.10071450734,95449.4660167499,21.0,-154138.91568744462,-240593.4109229496,290880.7889490537,64.0,0.0,0.0,0.0,0.0
5495a09b,5495a09b,5495a09c,5495a09,-26488.403773557893,-41355.67600563207,49994.32619491496,11.0,-154138.91568744462,-240593.4109229496,290880.7889490537,64.0,0.0,0.0,0.0,0.0
5495a09d,5495a09d,5495a09c,5495a09,-40947.01940813911,-63910.12987440432,77261.08689143509,17.0,-154138.91568744462,-240593.4109229496,290880.7889490537,64.0,0.0,0.0,0.0,0.0
5495a09f,5495a09f,5495a09c,5495a09,-36130.522623380195,-56385.504328405914,68175.90984595376,15.0,-154138.91568744462,-240593.4109229496,290880.7889490537,64.0,0.0,0.0,0.0,0.0
5495a0a1,5495a0a1,5495a0a4,5495a0a4,-36133.0834322334,-56377.81101641098,68180.91490411959,15.0,-204736.9282114628,-319460.7401733776,386378.8178114392,85.0,-204736.9282114628,-319460.7401733776,386378.8178114392,85.0
5495a0a3,5495a0a3,5495a0a4,5495a0a4,-69845.8073810293,-108999.81487445744,131820.278752241,29.0,-204736.9282114628,-319460.7401733776,386378.8178114392,85.0,-204736.9282114628,-319460.7401733776,386378.8178114392,85.0
5495a0a5,5495a0a5,5495a0a4,5495a0a4,-69849.3120491062,-108985.72772142763,131830.06904773295,29.0,-204736.9282114628,-319460.7401733776,386378.8178114392,85.0,-204736.9282114628,-319460.7401733776,386378.8178114392,85.0
5495a0a7,5495a0a7,5495a0a4,5495a0a4,-28908.725349093893,-45097.38656108161,54547.55510734563,12.0,-204736.9282114628,-319460.7401733776,386378.8178114392,85.0,-204736.9282114628,-319460.7401733776,386378.8178114392,85.0
5495a0a84,5495a0a84,5495a0a9,5495a0a9,-24092.6099993525,-37577.007308740496,45458.66228791013,10.0,-156606.43920909875,-244241.1172925834,295486.7283125813,65.0,-156606.43920909875,-244241.1172925834,295486.7283125813,65.0
5495a0a8c,5495a0a8c,5495a0a9,5495a0a9,-21681.45391784174,-33820.13161511553,40913.11839276412,9.0,-156606.43920909875,-244241.1172925834,295486.7283125813,65.0,-156606.43920909875,-244241.1172925834,295486.7283125813,65.0
5495a0a94,5495a0a94,5495a0a9,5495a0a9,-9636.737819597878,-15030.19290546368,18184.131418483048,4.0,-156606.43920909875,-244241.1172925834,295486.7283125813,65.0,-156606.43920909875,-244241.1172925834,295486.7283125813,65.0
5495a0a9c,5495a0a9c,5495a0a9,5495a0a9,-101195.63747230665,-157813.7854632637,190930.81621342406,42.0,-156606.43920909875,-244241.1172925834,295486.7283125813,65.0,-156606.43920909875,-244241.1172925834,295486.7283125813,65.0
5495a0aa4,5495a0aa4,5495a0ab,5495a0ab,-118064.05362654546,-184104.97859905905,222760.48421097995,49.0,-228890.81172202248,-356936.091056937,431889.0423462707,95.0,-228890.81172202248,-356936.091056937,431889.0423462707,95.0
5495a0aac,5495a0aac,5495a0ab,5495a0ab,-31322.654888197634,-48842.630209484814,59101.244000757266,13.0,-228890.81172202248,-356936.091056937,431889.0423462707,95.0,-228890.81172202248,-356936.091056937,431889.0423462707,95.0
5495a0ab4,5495a0ab4,5495a0ab,5495a0ab,-50594.00398245643,-78901.22139311649,95472.11713193756,21.0,-228890.81172202248,-356936.091056937,431889.0423462707,95.0,-228890.81172202248,-356936.091056937,431889.0423462707,95.0
5495a0abc,5495a0abc,5495a0ab,5495a0ab,-28910.099224822978,-45087.26085527665,54555.19700259579,12.0,-228890.81172202248,-356936.091056937,431889.0423462707,95.0,-228890.81172202248,-356936.091056937,431889.0423462707,95.0
5495a0ad,5495a0ad,5495a0ad,5495a0ad,-101170.88488901586,-157807.84679700472,190948.84131844115,42.0,-101170.88488901586,-157807.84679700472,190948.84131844115,42.0,-101170.88488901586,-157807.84679700472,190948.84131844115,42.0
5495a0af,5495a0af,5495a0af,5495a0af,-26495.16060514548,-41336.547559603576,50006.563813223256,11.0,-26495.16060514548,-41336.547559603576,50006.563813223256,11.0,-26495.16060514548,-41336.547559603576,50006.563813223256,11.0
5495a0b4,5495a0b4,5495a0b4,5495a0b4,-120402.87865242262,-187884.7291370705,227325.44461250197,50.0,-120402.87865242262,-187884.7291370705,227325.44461250197,50.0,-120402.87865242262,-187884.7291370705,227325.44461250197,50.0
5495a0bc,5495a0bc,5495a0bc,5495a0bc,0.0,0.0,0.0,0.0,-142051.52763477742,-221762.2241692461,268208.5186538331,59.0,-142051.52763477742,-221762.2241692461,268208.5186538331,59.0
5495a0c4,5495a0c4,5495a0d,5495a0d,-69796.26646148023,-109007.37550440985,131840.26505664425,29.0,-221384.0920028096,-345791.4977226445,418292.9449014744,92.0,-221384.0920028096,-345791.4977226445,418292.9449014744,92.0
5495a0cc,5495a0cc,5495a0d,5495a0d,-43327.42029134769,-67643.50857907881,81842.35055348126,18.0,-221384.0920028096,-345791.4977226445,418292.9449014744,92.0,-221384.0920028096,-345791.4977226445,418292.9449014744,92.0
5495a0d4,5495a0d4,5495a0d,5495a0d,-64958.97788062894,-101477.14505476762,122770.72176085635,27.0,-221384.0920028096,-345791.4977226445,418292.9449014744,92.0,-221384.0920028096,-345791.4977226445,418292.9449014744,92.0
5495a0dc,5495a0dc,5495a0d,5495a0d,-43301.427369352714,-67663.4685843882,81839.60753049256,18.0,-221384.0920028096,-345791.4977226445,418292.9449014744,92.0,-221384.0920028096,-345791.4977226445,418292.9449014744,92.0
5495a0e4,5495a0e4,5495a0e4,5495a0f,-72154.06427870235,-112802.76876518168,136382.19847813054,30.0,-72154.06427870235,-112802.76876518168,136382.19847813054,30.0,-315139.49197359505,-492618.6417190133,595461.7634792635,131.0
5495a0ec,5495a0ec,5495a0ec,5495a0f,-81817.92947427831,-127834.35807666529,154550.82550609377,34.0,-81817.92947427831,-127834.35807666529,154550.82550609377,34.0,-315139.49197359505,-492618.6417190133,595461.7634792635,131.0
5495a0f4,5495a0f4,5495a0f4,5495a0f,-67370.73587116493,-105299.19302575842,127262.05326827026,28.0,-67370.73587116493,-105299.19302575842,127262.05326827026,28.0,-315139.49197359505,-492618.6417190133,595461.7634792635,131.0
5495a0fc,5495a0fc,5495a0fc,5495a0f,-93796.76234944949,-146682.3218514079,177266.68622676888,39.0,-93796.76234944949,-146682.3218514079,177266.68622676888,39.0,-315139.49197359505,-492618.6417190133,595461.7634792635,131.0
5495a104,5495a104,5495a11,5495a14,-57693.643607778555,-90269.83759108905,109098.56838523466,24.0,-175475.34762451868,-274544.1101946729,331868.5348406596,73.0,0.0,0.0,0.0,0.0
5495a10c,5495a10c,5495a11,5495a14,-26431.703695084954,-41376.98960827241,50006.698322642165,11.0,-175475.34762451868,-274544.1101946729,331868.5348406596,73.0,0.0,0.0,0.0,0.0
5495a114,5495a114,5495a11,5495a14,-36050.091904599394,-56410.302066203425,68197.96997289898,15.0,-175475.34762451868,-274544.1101946729,331868.5348406596,73.0,0.0,0.0,0.0,0.0
5495a11c,5495a11c,5495a11,5495a14,-55299.9084170558,-86486.98092910802,104565.29815988377,23.0,-175475.34762451868,-274544.1101946729,331868.5348406596,73.0,0.0,0.0,0.0,0.0
5495a124,5495a124,5495a13,5495a14,-31262.1263982541,-48872.17408127353,59108.86817458885,13.0,-137058.32227274778,-214259.6133250022,259198.6496660798,57.0,0.0,0.0,0.0,0.0
5495a12c,5495a12c,5495a13,5495a14,-52908.04927581893,-82688.73404306831,100043.75045654146,22.0,-137058.32227274778,-214259.6133250022,259198.6496660798,57.0,0.0,0.0,0.0,0.0
5495a134,5495a134,5495a13,5495a14,-33657.07835720232,-52620.873671052046,63669.744029599,14.0,-137058.32227274778,-214259.6133250022,259198.6496660798,57.0,0.0,0.0,0.0,0.0
5495a13c,5495a13c,5495a13,5495a14,-19231.068241472443,-30077.831529608287,36376.287005350474,8.0,-137058.32227274778,-214259.6133250022,259198.6496660798,57.0,0.0,0.0,0.0,0.0
5495a15,5495a15,5495a15,5495a14,0.0,0.0,0.0,0.0,-122504.35700688767,-191745.56851568114,231948.84271220063,51.0,0.0,0.0,0.0,0.0
5495a17,5495a17,5495a17,5495a14,-96063.75138205603,-150457.97754276916,181872.91278534097,40.0,-96063.75138205603,-150457.97754276916,181872.91278534097,40.0,0.0,0.0,0.0,0.0
5495a184,5495a184,5495a19,5495a1c,-28808.997748777543,-45155.127916065845,54552.54795782283,12.0,-124850.05457080281,-195691.3982017317,236372.65266119118,52.0,0.0,0.0,0.0,0.0
5495a18c,5495a18c,5495a19,5495a1c,-38406.034272382196,-60219.54848253401,72729.35631053927,16.0,-124850.05457080281,-195691.3982017317,236372.65266119118,52.0,0.0,0.0,0.0,0.0
5495a194,5495a194,5495a19,5495a1c,-33618.51003703746,-52690.390474150314,63632.61814016089,14.0,-124850.05457080281,-195691.3982017317,236372.65266119118,52.0,0.0,0.0,0.0,0.0
5495a19c,5495a19c,5495a19,5495a1c,-24016.51251260561,-37626.33132898148,45458.130252668154,10.0,-124850.05457080281,-195691.3982017317,236372.65266119118,52.0,0.0,0.0,0.0,0.0
5495a1b,5495a1b,5495a1b,5495a1c,-105741.51355837495,-165559.93006888856,199976.00483375476,44.0,-105741.51355837495,-165559.93006888856,199976.00483375476,44.0,0.0,0.0,0.0,0.0
5495a1c4,5495a1c4,5495a1d,5495a1c,-33628.91299533774,-52698.46948061261,63620.42991410373,14.0,-139332.64120774862,-218346.7067032242,263543.2747053097,58.0,0.0,0.0,0.0,0.0
5495a1cc,5495a1cc,5495a1d,5495a1c,-36043.80718356153,-56461.297023937885,68159.0810287951,15.0,-139332.64120774862,-218346.7067032242,263543.2747053097,58.0,0.0,0.0,0.0,0.0
5495a1d4,5495a1d4,5495a1d,5495a1c,-26429.780327650056,-41415.21318580442,49976.063664201305,11.0,-139332.64120774862,-218346.7067032242,263543.2747053097,58.0,0.0,0.0,0.0,0.0
5495a1dc,5495a1dc,5495a1d,5495a1c,-43230.14070119925,-67771.72701286926,81787.7000982095,18.0,-139332.64120774862,-218346.7067032242,263543.2747053097,58.0,0.0,0.0,0.0,0.0
5495a1f,5495a1f,5495a1f,5495a1c,-120021.72917213911,-188253.54895357732,227221.84475350715,50.0,-120021.72917213911,-188253.54895357732,227221.84475350715,50.0,0.0,0.0,0.0,0.0
5495a21,5495a21,5495a21,5495a24,-115116.34468420269,-180752.00003616873,218164.45919293465,48.0,-115116.34468420269,-180752.00003616873,218164.45919293465,48.0,-330921.72785324836,-519543.89778963005,627340.5346891368,138.0
5495a23,5495a23,5495a23,5495a24,-107948.3655898326,-169367.23612914502,204587.7262234596,45.0,-107948.3655898326,-169367.23612914502,204587.7262234596,45.0,-330921.72785324836,-519543.89778963005,627340.5346891368,138.0
5495a25,5495a25,5495a25,5495a24,-64722.75436950071,-101630.32668469814,122768.77176091509,27.0,-64722.75436950071,-101630.32668469814,122768.77176091509,27.0,-330921.72785324836,-519543.89778963005,627340.5346891368,138.0
5495a27,5495a27,5495a27,5495a24,-43134.263209712386,-67794.33493961819,81819.57751182735,18.0,-43134.263209712386,-67794.33493961819,81819.57751182735,18.0,-330921.72785324836,-519543.89778963005,627340.5346891368,138.0
5495a2c,5495a2c,5495a2c,5495a2c,0.0,0.0,0.0,0.0,-157950.39269661123,-248579.36700736862,300114.8479512279,66.0,-157950.39269661123,-248579.36700736862,300114.8479512279,66.0
5495a34,5495a34,5495a34,5495a34,-28740.002746952563,-45155.6047121241,54588.53083850448,12.0,-28740.002746952563,-45155.6047121241,54588.53083850448,12.0,-28740.002746952563,-45155.6047121241,54588.53083850448,12.0
5495a39,5495a39,5495a39,5495a3c,-38379.90187317018,-60171.42966610395,72782.95688328768,16.0,-38379.90187317018,-60171.42966610395,72782.95688328768,16.0,-338259.978780922,-530377.5015071334,641283.6451406402,141.0
5495a3b,5495a3b,5495a3b,5495a3c,-105494.42186136068,-165550.88376225447,200113.94833814757,44.0,-105494.42186136068,-165550.88376225447,200113.94833814757,44.0,-338259.978780922,-530377.5015071334,641283.6451406402,141.0
5495a3d,5495a3d,5495a3d,5495a3c,-100779.90748529421,-158007.08138926857,190990.82650366783,42.0,-100779.90748529421,-158007.08138926857,190990.82650366783,42.0,-338259.978780922,-530377.5015071334,641283.6451406402,141.0
5495a3f,5495a3f,5495a3f,5495a3c,-93605.74756109694,-146648.10668950639,177395.91341553704,39.0,-93605.74756109694,-146648.10668950639,177395.91341553704,39.0,-338259.978780922,-530377.5015071334,641283.6451406402,141.0
5495a5,5495a5,5495a5,5495a5,0.0,0.0,0.0,0.0,-151277.60970810478,-236690.90378987312,286693.5964341906,63.0,-151277.60970810478,-236690.90378987312,286693.5964341906,63.0
5495a64,5495a64,5495a64,5495a64,-103492.45549552246,-161350.48950925644,195718.62647979177,43.0,-103492.45549552246,-161350.48950925644,195718.62647979177,43.0,-103492.45549552246,-161350.48950925644,195718.62647979177,43.0
5495a69,5495a69,5495a69,5495a6c,-19231.61786402578,-30051.83263690261,36397.4782223255,8.0,-19231.61786402578,-30051.83263690261,36397.4782223255,8.0,0.0,0.0,0.0,0.0
5495a6b,5495a6b,5495a6b,5495a6c,-81698.80003141619,-127767.01312949075,154669.4868481182,34.0,-81698.80003141619,-127767.01312949075,154669.4868481182,34.0,0.0,0.0,0.0,0.0
5495a6c4,5495a6c4,5495a6d,5495a6c,-36066.909854928585,-56356.607136558145,68233.4614127124,15.0,0.0,0.0,0.0,0.0,0.0,0.0,0.0,0.0
5495a6cc,5495a6cc,5495a6d,5495a6c,-43275.45386540833,-67642.32334622035,81870.81986043445,18.0,0.0,0.0,0.0,0.0,0.0,0.0,0.0,0.0
5495a6d4,5495a6d4,5495a6d,5495a6c,-50507.21440500029,-78914.1363241896,95507.3894206879,21.0,0.0,0.0,0.0,0.0,0.0,0.0,0.0,0.0
5495a6dc,5495a6dc,5495a6d,5495a6c,-113067.29559608431,-176559.0027201129,213788.3754341543,47.0,0.0,0.0,0.0,0.0,0.0,0.0,0.0,0.0
5495a6e4,5495a6e4,5495a6f,5495a6c,-40898.225388907595,-63851.76397570724,77335.15372400843,17.0,-141928.39837231062,-221582.83328339583,268421.88015114074,59.0,0.0,0.0,0.0,0.0
5495a6ec,5495a6ec,5495a6f,5495a6c,-38478.551179340844,-60098.90533878476,72790.79224852863,16.0,-141928.39837231062,-221582.83328339583,268421.88015114074,59.0,0.0,0.0,0.0,0.0
5495a6f4,5495a6f4,5495a6f,5495a6c,-26458.75334052331,-41307.93931592509,50049.46183668449,11.0,-141928.39837231062,-221582.83328339583,268421.88015114074,59.0,0.0,0.0,0.0,0.0
5495a6fc,5495a6fc,5495a6f,5495a6c,-36092.868463538885,-56324.224652978744,68246.47234191922,15.0,-141928.39837231062,-221582.83328339583,268421.88015114074,59.0,0.0,0.0,0.0,0.0
5495a704,5495a704,5495a71,5495a71,-28886.35269180756,-45057.4329777036,54592.40603135629,12.0,0.0,0.0,0.0,0.0,-257587.71465786596,-401810.71245189756,486732.7743896794,107.0
5495a70c,5495a70c,5495a71,5495a71,-60205.27454387076,-93859.97401124593,113728.73766166772,25.0,0.0,0.0,0.0,0.0,-257587.71465786596,-401810.71245189756,486732.7743896794,107.0
5495a714,5495a714,5495a71,5495a71,-50564.127351332936,-78863.75863792744,95518.88620043572,21.0,0.0,0.0,0.0,0.0,-257587.71465786596,-401810.71245189756,486732.7743896794,107.0
5495a71c,5495a71c,5495a71,5495a71,-117931.96007085474,-184029.5468250206,222892.74449621968,49.0,0.0,0.0,0.0,0.0,-257587.71465786596,-401810.71245189756,486732.7743896794,107.0
5495a724,5495a724,5495a73,5495a73,-48129.67094734105,-75129.36995727438,90967.10238291837,20.0,-228669.54676555612,-356888.3183794943,432045.693012566,95.0,-228669.54676555612,-356888.3183794943,432045.693012566,95.0
5495a72c,5495a72c,5495a73,5495a73,-45717.92239972901,-71389.3778899579,86407.92257942056,19.0,-228669.54676555612,-356888.3183794943,432045.693012566,95.0,-228669.54676555612,-356888.3183794943,432045.693012566,95.0
5495a734,5495a734,5495a73,5495a73,-60183.732015466696,-93925.99851449979,113685.62263489021,25.0,-228669.54676555612,-356888.3183794943,432045.693012566,95.0,-228669.54676555612,-356888.3183794943,432045.693012566,95.0
5495a73c,5495a73c,5495a73,5495a73,-74638.22140301942,-116443.5720177622,140985.0454153369,31.0,-228669.54676555612,-356888.3183794943,432045.693012566,95.0,-228669.54676555612,-356888.3183794943,432045.693012566,95.0
5495a744,5495a744,5495a744,5495a75,-74669.28433540401,-116431.79160323675,140978.32623687288,31.0,-74669.28433540401,-116431.79160323675,140978.32623687288,31.0,-407132.1258179645,-634827.9883626387,768453.4955792895,169.0
5495a74c,5495a74c,5495a74c,5495a75,-84290.34642999528,-131487.04864376833,159150.05792759522,35.0,-84290.34642999528,-131487.04864376833,159150.05792759522,35.0,-407132.1258179645,-634827.9883626387,768453.4955792895,169.0
5495a751,5495a751,5495a754,5495a75,-31318.546481318106,-48834.41180150343,59110.21183951973,13.0,-168655.22513497056,-262968.01404802344,318265.6565440837,70.0,-407132.1258179645,-634827.9883626387,768453.4955792895,169.0
5495a753,5495a753,5495a754,5495a75,-36134.26464031088,-56353.78904915216,68200.1453477215,15.0,-168655.22513497056,-262968.01404802344,318265.6565440837,70.0,-407132.1258179645,-634827.9883626387,768453.4955792895,169.0
5495a755,5495a755,5495a754,5495a75,-89153.43912260636,-138998.36685907567,168221.551205929,37.0,-168655.22513497056,-262968.01404802344,318265.6565440837,70.0,-407132.1258179645,-634827.9883626387,768453.4955792895,169.0
5495a757,5495a757,5495a754,5495a75,-12048.974890735177,-18781.446338292168,22733.74815091353,5.0,-168655.22513497056,-262968.01404802344,318265.6565440837,70.0,-407132.1258179645,-634827.9883626387,768453.4955792895,169.0
5495a75c,5495a75c,5495a75c,5495a75,-79517.26991759463,-123941.13406761027,150059.4548707377,33.0,-79517.26991759463,-123941.13406761027,150059.4548707377,33.0,-407132.1258179645,-634827.9883626387,768453.4955792895,169.0
5495a764,5495a764,5495a77,5495a77,-24097.364299853398,-37548.322894687946,45479.83924724987,10.0,-209605.42812396464,-326651.2683300662,395712.4594130678,87.0,-209605.42812396464,-326651.2683300662,395712.4594130678,87.0
5495a76c,5495a76c,5495a77,5495a77,-98771.62531546342,-153953.7351700943,186477.3124849091,41.0,-209605.42812396464,-326651.2683300662,395712.4594130678,87.0,-209605.42812396464,-326651.2683300662,395712.4594130678,87.0
5495a774,5495a774,5495a77,5495a77,-67455.58961875657,-105117.88464797052,127366.95044944687,28.0,-209605.42812396464,-326651.2683300662,395712.4594130678,87.0,-209605.42812396464,-326651.2683300662,395712.4594130678,87.0
5495a77c,5495a77c,5495a77,5495a77,-19280.848889891306,-30031.325617313516,36388.35723146201,8.0,-209605.42812396464,-326651.2683300662,395712.4594130678,87.0,-209605.42812396464,-326651.2683300662,395712.4594130678,87.0
5495a79,5495a79,5495a79,5495a79,0.0,0.0,0.0,0.0,-137363.422354025,-213907.3988245564,259328.01578159316,57.0,-137363.422354025,-213907.3988245564,259328.01578159316,57.0
5495a7a4,5495a7a4,5495a7b,5495a7b,-33718.7263948531,-52549.052079448,63696.43787505257,14.0,-228757.94101288277,-356569.0674227906,432262.4433016877,95.0,-228757.94101288277,-356569.0674227906,432262.4433016877,95.0
5495a7ac,5495a7ac,5495a7b,5495a7b,-105928.58931833625,-165166.13627754347,200202.5052740838,44.0,-228757.94101288277,-356569.0674227906,432262.4433016877,95.0,-228757.94101288277,-356569.0674227906,432262.4433016877,95.0
5495a7b4,5495a7b4,5495a7b,5495a7b,-33709.25105732449,-52542.217534367,63707.09036252143,14.0,-228757.94101288277,-356569.0674227906,432262.4433016877,95.0,-228757.94101288277,-356569.0674227906,432262.4433016877,95.0
5495a7bc,5495a7bc,5495a7b,5495a7b,-55401.37424236887,-86311.66153143223,104656.40979002976,23.0,-228757.94101288277,-356569.0674227906,432262.4433016877,95.0,-228757.94101288277,-356569.0674227906,432262.4433016877,95.0
5495a7d,5495a7d,5495a7d,5495a7d,-89111.57230455193,-138809.2340515806,168399.80745270575,37.0,-89111.57230455193,-138809.2340515806,168399.80745270575,37.0,-89111.57230455193,-138809.2340515806,168399.80745270575,37.0
5495a7e4,5495a7e4,5495a7f,5495a7f,-19285.553749305553,-30004.216358027887,36408.221691320374,8.0,-149485.44328233798,-232551.81532307735,282136.07267668564,62.0,-149485.44328233798,-232551.81532307735,282136.07267668564,62.0
5495a7ec,5495a7ec,5495a7f,5495a7f,-26511.444677890304,-41265.72033426806,50056.40546522293,11.0,-149485.44328233798,-232551.81532307735,282136.07267668564,62.0,-149485.44328233798,-232551.81532307735,282136.07267668564,62.0
5495a7f4,5495a7f4,5495a7f,5495a7f,-57868.85109541268,-90028.17526661741,109205.40942279893,24.0,-149485.44328233798,-232551.81532307735,282136.07267668564,62.0,-149485.44328233798,-232551.81532307735,282136.07267668564,62.0
5495a7fc,5495a7fc,5495a7f,5495a7f,-45819.59375972943,-71253.703364164,86466.03609734343,19.0,-149485.44328233798,-232551.81532307735,282136.07267668564,62.0,-149485.44328233798,-232551.81532307735,282136.07267668564,62.0
5495a804,5495a804,5495ac,5495ac,-82003.54788036601,-127479.26932481371,154745.6250509678,34.0,0.0,0.0,0.0,0.0,-349681.3324968022,-543287.0185947894,660273.653418601,145.0
5495a80c,5495a80c,5495ac,5495ac,-28931.469116695946,-44994.82755959405,54620.143011928274,12.0,0.0,0.0,0.0,0.0,-349681.3324968022,-543287.0185947894,660273.653418601,145.0
5495a814,5495a814,5495ac,5495ac,-9645.582120253483,-14994.966862498086,18208.507940768162,4.0,0.0,0.0,0.0,0.0,-349681.3324968022,-543287.0185947894,660273.653418601,145.0
5495a81c,5495a81c,5495ac,5495ac,-28944.502442422563,-44982.31159790994,54623.5466209987,12.0,0.0,0.0,0.0,0.0,-349681.3324968022,-543287.0185947894,660273.653418601,145.0
5495a83,5495a83,5495ac,5495ac,-45830.19595796317,-71198.95029387572,86505.51015185734,19.0,0.0,0.0,0.0,0.0,-349681.3324968022,-543287.0185947894,660273.653418601,145.0
5495a87,5495a87,5495ac,5495ac,-12046.171115431058,-18748.071646928758,22762.76300950082,5.0,0.0,0.0,0.0,0.0,-349681.3324968022,-543287.0185947894,660273.653418601,145.0
5495a8c,5495a8c,5495ac,5495ac,-16848.985315630736,-26253.26448838967,31871.2355955305,7.0,0.0,0.0,0.0,0.0,-349681.3324968022,-543287.0185947894,660273.653418601,145.0
5495a94,5495a94,5495ac,5495ac,-2409.0399450643686,-3746.174330134633,4555.486533950246,1.0,0.0,0.0,0.0,0.0,-349681.3324968022,-543287.0185947894,660273.653418601,145.0
5495a9c,5495a9c,5495ac,5495ac,-77200.47149588948,-119822.15510223251,145762.28172574734,32.0,0.0,0.0,0.0,0.0,-349681.3324968022,-543287.0185947894,660273.653418601,145.0
5495ab,5495ab,5495ac,5495ac,-41004.73285797736,-63578.32396703467,77503.82842818102,17.0,0.0,0.0,0.0,0.0,-349681.3324968022,-543287.0185947894,660273.653418601,145.0
5495bc,5495bc,5495bc,5495bc,-66918.66856515271,-105500.68601607086,127333.66183726264,28.0,-66918.66856515271,-105500.68601607086,127333.66183726264,28.0,-66918.66856515271,-105500.68601607086,127333.66183726264,28.0
5495f,5495f,5495f,5495f,0.0,0.0,0.0,0.0,0.0,0.0,0.0,0.0,0.0,0.0,0.0,0.0
5497,5497,5497,5497,0.0,0.0,0.0,0.0,0.0,0.0,0.0,0.0,0.0,0.0,0.0,0.0
549f9,549f9,549c,549c,0.0,0.0,0.0,0.0,0.0,0.0,0.0,0.0,0.0,0.0,0.0,0.0
549fd,549fd,549c,549c,0.0,0.0,0.0,0.0,0.0,0.0,0.0,0.0,0.0,0.0,0.0,0.0
549ff,549ff,549c,549c,-76719.61846722994,-151361.5278107821,181495.76768858708,39.0,0.0,0.0,0.0,0.0,0.0,0.0,0.0,0.0
53604,53604,53604,5361,0.0,0.0,0.0,0.0,-167418.31122409692,-339662.15962796425,413430.739916143,88.0,0.0,0.0,0.0,0.0
5360c,5360c,5360c,5361,0.0,0.0,0.0,0.0,0.0,0.0,0.0,0.0,0.0,0.0,0.0,0.0
53614,53614,53614,5361,0.0,0.0,0.0,0.0,0.0,0.0,0.0,0.0,0.0,0.0,0.0,0.0
53619,53619,5361c,5361,0.0,0.0,0.0,0.0,0.0,0.0,0.0,0.0,0.0,0.0,0.0,0.0
5361b,5361b,5361c,5361,0.0,0.0,0.0,0.0,0.0,0.0,0.0,0.0,0.0,0.0,0.0,0.0
5361c1,5361c1,5361c,5361,-27065.965236720567,-53552.49663684096,65993.59226864329,14.0,0.0,0.0,0.0,0.0,0.0,0.0,0.0,0.0
5361c3,5361c3,5361c,5361,0.0,0.0,0.0,0.0,0.0,0.0,0.0,0.0,0.0,0.0,0.0,0.0
5361c5,5361c5,5361c,5361,-23238.432211423253,-45920.31714716692,56535.15169620136,12.0,0.0,0.0,0.0,0.0,0.0,0.0,0.0,0.0
5361c7,5361c7,5361c,5361,0.0,0.0,0.0,0.0,0.0,0.0,0.0,0.0,0.0,0.0,0.0,0.0
5361cc,5361cc,5361c,5361,-79046.33773072615,-157296.27927908252,192979.07729399775,41.0,0.0,0.0,0.0,0.0,0.0,0.0,0.0,0.0
5361dc,5361dc,5361c,5361,-29196.905741220813,-57287.94102227721,70698.84496978183,15.0,0.0,0.0,0.0,0.0,0.0,0.0,0.0,0.0
5361f,5361f,5361c,5361,-17454.89927669505,-34348.064395518224,42465.331336234456,9.0,0.0,0.0,0.0,0.0,0.0,0.0,0.0,0.0
53624,53624,5363,5363,-13437.86821784252,-26509.667479814147,33249.87134792608,7.0,0.0,0.0,0.0,0.0,0.0,0.0,0.0,0.0
53639,53639,5363,5363,0.0,0.0,0.0,0.0,0.0,0.0,0.0,0.0,0.0,0.0,0.0,0.0
5363b,5363b,5363,5363,-17134.069588786457,-33795.38258809671,43035.53243972707,9.0,0.0,0.0,0.0,0.0,0.0,0.0,0.0,0.0
5363d1,5363d1,5363,5363,0.0,0.0,0.0,0.0,0.0,0.0,0.0,0.0,0.0,0.0,0.0,0.0
5363d5,5363d5,5363,5363,-58856.837410105945,-117724.36702387291,147253.51243833583,31.0,0.0,0.0,0.0,0.0,0.0,0.0,0.0,0.0
5363d7,5363d7,5363,5363,0.0,0.0,0.0,0.0,0.0,0.0,0.0,0.0,0.0,0.0,0.0,0.0
5363dc,5363dc,5363,5363,0.0,0.0,0.0,0.0,0.0,0.0,0.0,0.0,0.0,0.0,0.0,0.0
5363f,5363f,5363,5363,0.0,0.0,0.0,0.0,0.0,0.0,0.0,0.0,0.0,0.0,0.0,0.0
5365,5365,5365,5365,0.0,0.0,0.0,0.0,0.0,0.0,0.0,0.0,-190546.80989119338,-407915.68456864334,511829.2490592272,107.0
53661,53661,53661,53664,0.0,0.0,0.0,0.0,0.0,0.0,0.0,0.0,0.0,0.0,0.0,0.0
53663,53663,53663,53664,0.0,0.0,0.0,0.0,0.0,0.0,0.0,0.0,0.0,0.0,0.0,0.0
536644,536644,53665,53664,0.0,0.0,0.0,0.0,0.0,0.0,0.0,0.0,0.0,0.0,0.0,0.0
53664c,53664c,53665,53664,-72987.1267494303,-162730.9311158697,199478.80589228228,42.0,0.0,0.0,0.0,0.0,0.0,0.0,0.0,0.0
536654,536654,53665,53664,0.0,0.0,0.0,0.0,0.0,0.0,0.0,0.0,0.0,0.0,0.0,0.0
53665c,53665c,53665,53664,-20971.6020456818,-46388.62698069173,57036.91964715964,12.0,0.0,0.0,0.0,0.0,0.0,0.0,0.0,0.0
53667,53667,53667,53664,-87199.84532817978,-192475.18622082015,238377.0968603558,50.0,-87199.84532817978,-192475.18622082015,238377.0968603558,50.0,0.0,0.0,0.0,0.0
5366c,5366c,5366c,5366c,0.0,0.0,0.0,0.0,0.0,0.0,0.0,0.0,0.0,0.0,0.0,0.0
53674,53674,53674,53674,0.0,0.0,0.0,0.0,0.0,0.0,0.0,0.0,-282714.08209296677,-629272.2011354598,759084.7071426911,161.0
5367c,5367c,5367c,5367c,0.0,0.0,0.0,0.0,0.0,0.0,0.0,0.0,0.0,0.0,0.0,0.0
53684,53684,536c,536c,-34113.97907074141,-82701.06146501876,99482.29808858369,21.0,0.0,0.0,0.0,0.0,0.0,0.0,0.0,0.0
53689,53689,536c,536c,0.0,0.0,0.0,0.0,0.0,0.0,0.0,0.0,0.0,0.0,0.0,0.0
5368b,5368b,536c,536c,0.0,0.0,0.0,0.0,0.0,0.0,0.0,0.0,0.0,0.0,0.0,0.0
5368d,5368d,536c,536c,-11658.075558517396,-26936.75970516031,33576.73060125799,7.0,0.0,0.0,0.0,0.0,0.0,0.0,0.0,0.0
5368f,5368f,536c,536c,-66110.74583555188,-155283.29964757475,190945.12911142135,40.0,0.0,0.0,0.0,0.0,0.0,0.0,0.0,0.0
53694,53694,536c,536c,-1598.9398426396394,-3895.3322940044727,4781.164170846136,1.0,0.0,0.0,0.0,0.0,0.0,0.0,0.0,0.0
5369c,5369c,536c,536c,-7880.600438936338,-19603.918344532518,23839.46155941323,5.0,0.0,0.0,0.0,0.0,0.0,0.0,0.0,0.0
536b,536b,536c,536c,-14687.665925623767,-39526.16802927182,47755.5134407926,10.0,0.0,0.0,0.0,0.0,0.0,0.0,0.0,0.0
536f,536f,536c,536c,-59108.64505068725,-133953.40317322264,168181.34998728943,35.0,0.0,0.0,0.0,0.0,0.0,0.0,0.0,0.0
5324,5324,5324,533,0.0,0.0,0.0,0.0,-87573.19508364526,-332858.70740237844,375850.61481782846,80.0,0.0,0.0,0.0,0.0
532c,532c,532c,533,-3249.871712733538,-12803.370190197222,13813.723351260234,3.0,-3249.871712733538,-12803.370190197222,13813.723351260234,3.0,0.0,0.0,0.0,0.0
5334,5334,5334,533,0.0,0.0,0.0,0.0,0.0,0.0,0.0,0.0,0.0,0.0,0.0,0.0
5339,5339,533c,533,-10596.2448665234,-33263.73238482128,37130.17544712142,8.0,-122087.77822688039,-412635.1511410648,460992.32735445385,99.0,0.0,0.0,0.0,0.0
533a75,533a75,533c,533,-44396.32918789247,-156367.38623475618,170720.76020186231,37.0,-122087.77822688039,-412635.1511410648,460992.32735445385,99.0,0.0,0.0,0.0,0.0
533a77,533a77,533c,533,-25160.356322622763,-88764.28932026154,96891.37331322787,21.0,-122087.77822688039,-412635.1511410648,460992.32735445385,99.0,0.0,0.0,0.0,0.0
533ac,533ac,533c,533,-2306.2507728537234,-8417.161704716533,9283.926856688428,2.0,-122087.77822688039,-412635.1511410648,460992.32735445385,99.0,0.0,0.0,0.0,0.0
533d,533d,533c,533,-15922.816032649436,-52693.52101134883,61881.546704864944,13.0,-122087.77822688039,-412635.1511410648,460992.32735445385,99.0,0.0,0.0,0.0,0.0
533f,533f,533c,533,-22511.926699914722,-68907.31235793361,80464.87950901945,17.0,-122087.77822688039,-412635.1511410648,460992.32735445385,99.0,0.0,0.0,0.0,0.0
86341,86341,8635,8634,-9430.650557800382,-138255.44805723158,90747.55308303656,26.0,0.0,0.0,0.0,0.0,0.0,0.0,0.0,0.0
86343,86343,8635,8634,-1549.393524813818,-21274.103670231518,13944.42667405413,4.0,0.0,0.0,0.0,0.0,0.0,0.0,0.0,0.0
86345,86345,8635,8634,0.0,0.0,0.0,0.0,0.0,0.0,0.0,0.0,0.0,0.0,0.0,0.0
86347,86347,8635,8634,-13147.384575920898,-185661.57181322557,122798.06974871228,35.0,0.0,0.0,0.0,0.0,0.0,0.0,0.0,0.0
86354,86354,8635,8634,-13003.813734664716,-157689.98639932481,107216.96118164145,30.0,0.0,0.0,0.0,0.0,0.0,0.0,0.0,0.0
8635c,8635c,8635,8634,0.0,0.0,0.0,0.0,0.0,0.0,0.0,0.0,0.0,0.0,0.0,0.0
86364,86364,86364,8634,0.0,0.0,0.0,0.0,-39850.055726396145,-481673.3238556467,308500.85708242067,90.0,0.0,0.0,0.0,0.0
8636c,8636c,8636c,8634,0.0,0.0,0.0,0.0,-21698.649379962622,-294353.0484547799,188860.99472852744,55.0,0.0,0.0,0.0,0.0
86374,86374,86374,8634,-2771.1585300878505,-37712.39419059993,23642.918185347295,7.0,-2771.1585300878505,-37712.39419059993,23642.918185347295,7.0,0.0,0.0,0.0,0.0
86379,86379,8637c,8634,0.0,0.0,0.0,0.0,-32312.766871864962,-394386.8646793534,244367.53618732723,73.0,0.0,0.0,0.0,0.0
8637b,8637b,8637c,8634,-885.08797558287,-10775.541502358268,6742.646571250003,2.0,-32312.766871864962,-394386.8646793534,244367.53618732723,73.0,0.0,0.0,0.0,0.0
8637d,8637d,8637c,8634,-2735.1501390375806,-32238.98944971651,20356.70724925777,6.0,-32312.766871864962,-394386.8646793534,244367.53618732723,73.0,0.0,0.0,0.0,0.0
8637f,8637f,8637c,8634,-3218.0025499679105,-37832.04888518701,23393.87611558461,7.0,-32312.766871864962,-394386.8646793534,244367.53618732723,73.0,0.0,0.0,0.0,0.0
86384,86384,8639,8639,-15780.62476228116,-189772.24913280172,116015.5157472586,35.0,0.0,0.0,0.0,0.0,-58593.14007472212,-775031.9161354336,462876.51068538777,142.0
8638c,8638c,8639,8639,-11513.923726653584,-136758.81338272485,80824.3152602194,25.0,0.0,0.0,0.0,0.0,-58593.14007472212,-775031.9161354336,462876.51068538777,142.0
86394,86394,8639,8639,0.0,0.0,0.0,0.0,0.0,0.0,0.0,0.0,-58593.14007472212,-775031.9161354336,462876.51068538777,142.0
8639c,8639c,8639,8639,-8415.881408641044,-119579.92155882252,72627.05398567299,22.0,0.0,0.0,0.0,0.0,-58593.14007472212,-775031.9161354336,462876.51068538777,142.0
863b,863b,863b,863b,-2109.9617212438225,-32792.19289187914,19526.486648500668,6.0,-2109.9617212438225,-32792.19289187914,19526.486648500668,6.0,-2109.9617212438225,-32792.19289187914,19526.486648500668,6.0
863ec,863ec,863ec,863ec,0.0,0.0,0.0,0.0,-25467.322627560818,-357937.40118857677,206691.5331572348,65.0,-25467.322627560818,-357937.40118857677,206691.5331572348,65.0
863f1,863f1,863f1,863f4,-19103.997079866054,-237706.4847619881,134836.5896388291,43.0,-19103.997079866054,-237706.4847619881,134836.5896388291,43.0,0.0,0.0,0.0,0.0
863f3,863f3,863f3,863f4,-4403.104452008022,-55072.68892125892,31726.475159115864,10.0,-4403.104452008022,-55072.68892125892,31726.475159115864,10.0,0.0,0.0,0.0,0.0
863f5,863f5,863f5,863f4,0.0,0.0,0.0,0.0,-24666.045653794983,-286463.61831460096,164574.12494614546,52.0,0.0,0.0,0.0,0.0
863f61,863f61,863f64,863f4,-4351.400874360419,-49636.49007874579,28373.462478165595,9.0,0.0,0.0,0.0,0.0,0.0,0.0,0.0,0.0
863f624,863f624,863f64,863f4,-4863.496337653259,-55199.808246258704,31437.281305939614,10.0,0.0,0.0,0.0,0.0,0.0,0.0,0.0,0.0
863f62c,863f62c,863f64,863f4,-21364.073222252,-242954.36190688808,138197.3597080692,44.0,0.0,0.0,0.0,0.0,0.0,0.0,0.0,0.0
863f634,863f634,863f64,863f4,-18415.323829629317,-209811.97123800896,119379.2876180026,38.0,0.0,0.0,0.0,0.0,0.0,0.0,0.0,0.0
863f74,863f74,863f74,863f4,-18161.42105225315,-215779.28708014305,121845.89109501033,39.0,-18161.42105225315,-215779.28708014305,121845.89109501033,39.0,0.0,0.0,0.0,0.0
863f7c,863f7c,863f7c,863f4,-14950.18405046605,-171371.00080520273,97031.8275693096,31.0,-14950.18405046605,-171371.00080520273,97031.8275693096,31.0,0.0,0.0,0.0,0.0
863f84,863f84,863f84,863f84,-16362.509347902213,-188384.38222385803,105666.07730048876,34.0,-16362.509347902213,-188384.38222385803,105666.07730048876,34.0,-16362.509347902213,-188384.38222385803,105666.07730048876,34.0
863f9d,863f9d,863f9d,863f9c,0.0,0.0,0.0,0.0,-42181.76830062952,-498380.9668031802,280381.98974016577,90.0,0.0,0.0,0.0,0.0
863f9e1,863f9e1,863f9e1,863f9c,-16710.410482963405,-199295.53581910543,112278.0993780601,36.0,-16710.410482963405,-199295.53581910543,112278.0993780601,36.0,0.0,0.0,0.0,0.0
863f9e3,863f9e3,863f9e3,863f9c,-7403.449699163415,-88569.0069527188,49916.89608359517,16.0,-7403.449699163415,-88569.0069527188,49916.89608359517,16.0,0.0,0.0,0.0,0.0
863f9e5,863f9e5,863f9e5,863f9c,-19466.519123870396,-232542.45579176844,130940.38371135025,42.0,-19466.519123870396,-232542.45579176844,130940.38371135025,42.0,0.0,0.0,0.0,0.0
863f9e64,863f9e64,863f9e7,863f9c,-5105.853253815635,-60909.74290807573,34282.55542374004,11.0,-31577.99017015222,-376474.20756439556,212030.6952954871,68.0,0.0,0.0,0.0,0.0
863f9e6c,863f9e6c,863f9e7,863f9c,-22748.142018913488,-271272.1068139547,152806.94751279388,49.0,-31577.99017015222,-376474.20756439556,212030.6952954871,68.0,0.0,0.0,0.0,0.0
863f9e74,863f9e74,863f9e7,863f9c,-1395.3789306309623,-16608.78804355254,9354.61679117458,3.0,-31577.99017015222,-376474.20756439556,212030.6952954871,68.0,0.0,0.0,0.0,0.0
863f9e7c,863f9e7c,863f9e7,863f9c,-2328.615966792132,-27683.56979881249,15586.575567778576,5.0,-31577.99017015222,-376474.20756439556,212030.6952954871,68.0,0.0,0.0,0.0,0.0
863f9ec,863f9ec,863f9ec,863f9c,-7904.63092109824,-94136.96325891672,52973.46055276883,17.0,-7904.63092109824,-94136.96325891672,52973.46055276883,17.0,0.0,0.0,0.0,0.0
863f9fc,863f9fc,863f9fc,863f9c,-12887.219493027513,-155002.1098815837,87353.47656538388,28.0,-12887.219493027513,-155002.1098815837,87353.47656538388,28.0,0.0,0.0,0.0,0.0
8661,8661,8661,8664,-18630.06528164647,-111477.93684578284,58833.34314782349,20.0,-18630.06528164647,-111477.93684578284,58833.34314782349,20.0,-152740.59914210826,-1042215.5078063217,528538.9575108066,185.0
86644,86644,8665,8664,-4521.98140934436,-28136.419110942323,14235.06272754525,5.0,0.0,0.0,0.0,0.0,-152740.59914210826,-1042215.5078063217,528538.9575108066,185.0
86654,86654,8665,8664,-38899.46125882733,-271783.2336560516,134680.6733108125,48.0,0.0,0.0,0.0,0.0,-152740.59914210826,-1042215.5078063217,528538.9575108066,185.0
8665a4,8665a4,8665,8664,-39163.65042091916,-271453.9004948477,135268.9883452353,48.0,0.0,0.0,0.0,0.0,-152740.59914210826,-1042215.5078063217,528538.9575108066,185.0
8665ac,8665ac,8665,8664,-25743.97026969438,-175305.41136200877,87246.66082379698,31.0,0.0,0.0,0.0,0.0,-152740.59914210826,-1042215.5078063217,528538.9575108066,185.0
8667,8667,8667,8664,-25781.470501676555,-184058.6063366885,98274.2291555932,33.0,-25781.470501676555,-184058.6063366885,98274.2291555932,33.0,-152740.59914210826,-1042215.5078063217,528538.9575108066,185.0
86681,86681,86681,86684,-9788.62438167628,-72177.11181627707,39424.79489906586,13.0,-9788.62438167628,-72177.11181627707,39424.79489906586,13.0,-143515.70297293915,-1106020.1622016653,589390.5078481273,198.0
866844,866844,866844,86684,-723.6473662294042,-5579.358156806215,2989.4565019592824,1.0,-723.6473662294042,-5579.358156806215,2989.4565019592824,1.0,-143515.70297293915,-1106020.1622016653,589390.5078481273,198.0
86684c,86684c,86684c,86684,-4894.828629872616,-39064.5077439014,20949.911351940045,7.0,-4894.828629872616,-39064.5077439014,20949.911351940045,7.0,-143515.70297293915,-1106020.1622016653,589390.5078481273,198.0
866854,866854,866854,86684,-18191.215384680065,-145430.56678094392,77185.99179199905,26.0,-18191.215384680065,-145430.56678094392,77185.99179199905,26.0,-143515.70297293915,-1106020.1622016653,589390.5078481273,198.0
86685b,86685b,86685c,86684,-2156.116168705111,-16758.642685716353,8933.467219765858,3.0,0.0,0.0,0.0,0.0,-143515.70297293915,-1106020.1622016653,589390.5078481273,198.0
86685d,86685d,86685c,86684,-4342.033692918232,-33524.17578002504,17846.77599667288,6.0,0.0,0.0,0.0,0.0,-143515.70297293915,-1106020.1622016653,589390.5078481273,198.0
86685e4,86685e4,86685c,86684,-16700.533209876412,-128544.28879786906,68333.27673594159,23.0,0.0,0.0,0.0,0.0,-143515.70297293915,-1106020.1622016653,589390.5078481273,198.0
86685e9,86685e9,86685c,86684,-27546.36626049759,-212353.21339449298,112955.35963516103,38.0,0.0,0.0,0.0,0.0,-143515.70297293915,-1106020.1622016653,589390.5078481273,198.0
86685ef,86685ef,86685c,86684,-22477.43224555787,-173265.5937747935,92089.91032641174,31.0,0.0,0.0,0.0,0.0,-143515.70297293915,-1106020.1622016653,589390.5078481273,198.0
86685f4,86685f4,86685c,86684,-2900.337328248984,-22362.71556252097,11871.520532189048,4.0,0.0,0.0,0.0,0.0,-143515.70297293915,-1106020.1622016653,589390.5078481273,198.0
86685fc,86685fc,86685c,86684,-10199.244756098613,-78283.1836604968,41512.768232776885,14.0,0.0,0.0,0.0,0.0,-143515.70297293915,-1106020.1622016653,589390.5078481273,198.0
86687,86687,86687,86684,-22890.119011376173,-173103.6106090445,92291.95357910522,31.0,-22890.119011376173,-173103.6106090445,92291.95357910522,31.0,-143515.70297293915,-1106020.1622016653,589390.5078481273,198.0
86689,86689,8668c,8668c,-8884.860148893615,-67129.44321320172,35491.10744776401,12.0,0.0,0.0,0.0,0.0,-117954.98442146197,-918369.0587125462,484126.86903536593,164.0
8668d,8668d,8668c,8668c,-2917.5846514977325,-22489.36616531555,11625.495275489446,4.0,0.0,0.0,0.0,0.0,-117954.98442146197,-918369.0587125462,484126.86903536593,164.0
8668e4,8668e4,8668c,8668c,-714.0414468694654,-5604.550406361431,2944.301731206215,1.0,0.0,0.0,0.0,0.0,-117954.98442146197,-918369.0587125462,484126.86903536593,164.0
8668ec,8668ec,8668c,8668c,-23000.8067560197,-179498.67431035277,93888.69499665646,32.0,0.0,0.0,0.0,0.0,-117954.98442146197,-918369.0587125462,484126.86903536593,164.0
8668f4,8668f4,8668c,8668c,0.0,0.0,0.0,0.0,0.0,0.0,0.0,0.0,-117954.98442146197,-918369.0587125462,484126.86903536593,164.0
8668fc,8668fc,8668c,8668c,-29016.003627197984,-229576.25684167483,121178.06479577199,41.0,0.0,0.0,0.0,0.0,-117954.98442146197,-918369.0587125462,484126.86903536593,164.0
8669ac,8669ac,8669c,8669c,0.0,0.0,0.0,0.0,0.0,0.0,0.0,0.0,-101063.68162548219,-826229.4537930246,442940.5069933361,148.0
8669b4,8669b4,8669c,8669c,-20663.33016093158,-167416.6954906449,89863.48242227313,30.0,0.0,0.0,0.0,0.0,-101063.68162548219,-826229.4537930246,442940.5069933361,148.0
8669d,8669d,8669c,8669c,-20247.81171665219,-167230.1768396676,90303.52288278521,30.0,0.0,0.0,0.0,0.0,-101063.68162548219,-826229.4537930246,442940.5069933361,148.0
8669f,8669f,8669c,8669c,-15120.196207564706,-128156.46850063904,69420.8705695979,23.0,0.0,0.0,0.0,0.0,-101063.68162548219,-826229.4537930246,442940.5069933361,148.0
866b,866b,866b,866b,-618.2552959714768,-5567.9763017986625,3033.9995750311414,1.0,-618.2552959714768,-5567.9763017986625,3033.9995750311414,1.0,-618.2552959714768,-5567.9763017986625,3033.9995750311414,1.0
866f4,866f4,866f,866f,-6673.208531680365,-50961.882122085284,25418.176908027377,9.0,0.0,0.0,0.0,0.0,-115409.60989449163,-908166.5469460903,448333.7481574828,160.0
866f9,866f9,866f,866f,-14995.53999018424,-113600.29765637909,55731.16551494251,20.0,0.0,0.0,0.0,0.0,-115409.60989449163,-908166.5469460903,448333.7481574828,160.0
866fa9,866fa9,866f,866f,-2858.584459166582,-22686.678416064806,11250.731383837452,4.0,0.0,0.0,0.0,0.0,-115409.60989449163,-908166.5469460903,448333.7481574828,160.0
866fab,866fab,866f,866f,-2855.663469743214,-22695.31622525832,11234.047921194879,4.0,0.0,0.0,0.0,0.0,-115409.60989449163,-908166.5469460903,448333.7481574828,160.0
866fac4,866fac4,866f,866f,0.0,0.0,0.0,0.0,0.0,0.0,0.0,0.0,-115409.60989449163,-908166.5469460903,448333.7481574828,160.0
866fadc,866fadc,866f,866f,-24253.432495634053,-193037.11290516602,95237.58257335139,34.0,0.0,0.0,0.0,0.0,-115409.60989449163,-908166.5469460903,448333.7481574828,160.0
866faf,866faf,866f,866f,-2156.6173748231267,-17031.80673033523,8400.853116911363,3.0,0.0,0.0,0.0,0.0,-115409.60989449163,-908166.5469460903,448333.7481574828,160.0
866fb4,866fb4,866f,866f,-1432.5065730633255,-11364.04551181175,5582.595885611537,2.0,0.0,0.0,0.0,0.0,-115409.60989449163,-908166.5469460903,448333.7481574828,160.0
866fbc,866fbc,866f,866f,-2948.3933648662837,-22736.868905563475,11125.505276397538,4.0,0.0,0.0,0.0,0.0,-115409.60989449163,-908166.5469460903,448333.7481574828,160.0
54c01,54c01,54c01,54c01,0.0,0.0,0.0,0.0,0.0,0.0,0.0,0.0,-301281.67284841987,-462023.3368314867,547630.793562308,122.0
54c03,54c03,54c03,54c03,0.0,0.0,0.0,0.0,-147492.04532536256,-223472.0401986433,263815.7266229467,59.0,-147492.04532536256,-223472.0401986433,263815.7266229467,59.0
54c0404,54c0404,54c0404,54c05,-14924.4447536081,-22770.39676590684,26832.83541024347,6.0,-14924.4447536081,-22770.39676590684,26832.83541024347,6.0,0.0,0.0,0.0,0.0
54c0409,54c0409,54c0409,54c05,-64725.769178215865,-98663.09138131567,116253.35220250025,26.0,-64725.769178215865,-98663.09138131567,116253.35220250025,26.0,0.0,0.0,0.0,0.0
54c040a4,54c040a4,54c040b,54c05,-2490.4290045154307,-3794.2523469298512,4471.148133417526,1.0,-166871.21255035288,-254245.8357406436,299533.72675346414,67.0,0.0,0.0,0.0,0.0
54c040ac,54c040ac,54c040b,54c05,-4984.4236246699,-7586.736791087818,8941.809563136872,2.0,-166871.21255035288,-254245.8357406436,299533.72675346414,67.0,0.0,0.0,0.0,0.0
54c040b4,54c040b4,54c040b,54c05,-27404.268332452284,-41740.69177270748,49173.985361218656,11.0,-166871.21255035288,-254245.8357406436,299533.72675346414,67.0,0.0,0.0,0.0,0.0
54c040bc,54c040bc,54c040b,54c05,0.0,0.0,0.0,0.0,-166871.21255035288,-254245.8357406436,299533.72675346414,67.0,0.0,0.0,0.0,0.0
54c040d,54c040d,54c040d,54c05,-59764.773320677996,-91105.94483716559,107273.3706423858,24.0,-59764.773320677996,-91105.94483716559,107273.3706423858,24.0,0.0,0.0,0.0,0.0
54c040f,54c040f,54c040f,54c05,-62236.687366947364,-94888.24994854665,111764.97833564568,25.0,-62236.687366947364,-94888.24994854665,111764.97833564568,25.0,0.0,0.0,0.0,0.0
54c0414,54c0414,54c0414,54c05,-82175.40227434883,-125318.46130635687,147460.93290304384,33.0,-82175.40227434883,-125318.46130635687,147460.93290304384,33.0,0.0,0.0,0.0,0.0
54c047,54c047,54c047,54c05,-52389.28764024235,-79671.15811282663,93850.65592262964,21.0,-52389.28764024235,-79671.15811282663,93850.65592262964,21.0,0.0,0.0,0.0,0.0
54c04c,54c04c,54c04c,54c05,-62519.53044346909,-95021.13046956237,111493.83644335975,25.0,-62519.53044346909,-95021.13046956237,111493.83644335975,25.0,0.0,0.0,0.0,0.0
54c054,54c054,54c054,54c05,-50065.99958127676,-76156.74346688735,89047.39090241445,20.0,-50065.99958127676,-76156.74346688735,89047.39090241445,20.0,0.0,0.0,0.0,0.0
54c05c,54c05c,54c05c,54c05,-57122.86669524998,-87720.34351616487,102538.18466505283,23.0,-57122.86669524998,-87720.34351616487,102538.18466505283,23.0,0.0,0.0,0.0,0.0
54c07,54c07,54c07,54c07,0.0,0.0,0.0,0.0,-244570.7915457033,-376691.92490089557,442839.36098168464,99.0,-244570.7915457033,-376691.92490089557,442839.36098168464,99.0
54c09,54c09,54c09,54c09,-78541.00932529509,-122696.89128901158,142620.08106415725,32.0,-78541.00932529509,-122696.89128901158,142620.08106415725,32.0,-78541.00932529509,-122696.89128901158,142620.08106415725,32.0
54c0b,54c0b,54c0b,54c0b,-31670.569706437724,-50319.51535482033,57659.07585498765,13.0,-31670.569706437724,-50319.51535482033,57659.07585498765,13.0,-31670.569706437724,-50319.51535482033,57659.07585498765,13.0
54c0d,54c0d,54c0d,54c0d,0.0,0.0,0.0,0.0,-131977.26993860837,-204013.92820922082,234470.983935256,53.0,-131977.26993860837,-204013.92820922082,234470.983935256,53.0
54c0e04,54c0e04,54c0e1,54c0f,-97333.20072533742,-149759.9345324016,172728.75257100366,39.0,0.0,0.0,0.0,0.0,0.0,0.0,0.0,0.0
54c0e0c,54c0e0c,54c0e1,54c0f,-4981.019488608941,-7686.565151454626,8858.056823640958,2.0,0.0,0.0,0.0,0.0,0.0,0.0,0.0,0.0
54c0e14,54c0e14,54c0e1,54c0f,-14955.443705432688,-23036.340105268137,26587.45492775658,6.0,0.0,0.0,0.0,0.0,0.0,0.0,0.0,0.0
54c0e19,54c0e19,54c0e1,54c0f,-44911.54216217654,-69066.20760857308,79774.00681713002,18.0,0.0,0.0,0.0,0.0,0.0,0.0,0.0,0.0
54c0e1b,54c0e1b,54c0e1,54c0f,-22456.672339835226,-34549.452296234136,39872.335766814525,9.0,0.0,0.0,0.0,0.0,0.0,0.0,0.0,0.0
54c0e1d,54c0e1d,54c0e1,54c0f,-54927.205928189294,-84449.52939101827,97451.11155429043,22.0,0.0,0.0,0.0,0.0,0.0,0.0,0.0,0.0
54c0e1f,54c0e1f,54c0e1,54c0f,0.0,0.0,0.0,0.0,0.0,0.0,0.0,0.0,0.0,0.0,0.0,0.0
54c0e24,54c0e24,54c0e3,54c0f,0.0,0.0,0.0,0.0,0.0,0.0,0.0,0.0,0.0,0.0,0.0,0.0
54c0e2c,54c0e2c,54c0e3,54c0f,-7498.976626073265,-11495.310879376735,13301.539577986012,3.0,0.0,0.0,0.0,0.0,0.0,0.0,0.0,0.0
54c0e34,54c0e34,54c0e3,54c0f,-14966.079209624124,-22993.75036737611,26618.320737612165,6.0,0.0,0.0,0.0,0.0,0.0,0.0,0.0,0.0
54c0e3c,54c0e3c,54c0e3,54c0f,-42413.87863906601,-65179.63617984024,75386.44764126447,17.0,0.0,0.0,0.0,0.0,0.0,0.0,0.0,0.0
54c0ec,54c0ec,54c0ec,54c0f,-9906.756031074725,-15354.372314587832,17763.316862899304,4.0,-9906.756031074725,-15354.372314587832,17763.316862899304,4.0,0.0,0.0,0.0,0.0
54c0fc,54c0fc,54c0fc,54c0f,-67351.4626172797,-103273.83751759928,119950.80310629883,27.0,-67351.4626172797,-103273.83751759928,119950.80310629883,27.0,0.0,0.0,0.0,0.0
54c104,54c104,54c104,54c104,-55211.36897920191,-84092.31969758212,97599.20749671751,22.0,-55211.36897920191,-84092.31969758212,97599.20749671751,22.0,-55211.36897920191,-84092.31969758212,97599.20749671751,22.0
54c10c,54c10c,54c10c,54c10c,-57944.55092930919,-87932.483022727,101893.50475002828,23.0,-57944.55092930919,-87932.483022727,101893.50475002828,23.0,-57944.55092930919,-87932.483022727,101893.50475002828,23.0
54c114,54c114,54c114,54c114,-15110.61749386146,-22951.472869127836,26573.10125702159,6.0,-15110.61749386146,-22951.472869127836,26573.10125702159,6.0,-15110.61749386146,-22951.472869127836,26573.10125702159,6.0
54c11b,54c11b,54c11b,54c11b,-7529.790104133945,-11486.911319571454,13291.382957349484,3.0,-7529.790104133945,-11486.911319571454,13291.382957349484,3.0,-7529.790104133945,-11486.911319571454,13291.382957349484,3.0
54c11c4,54c11c4,54c11d,54c11d,-92689.0964657448,-141783.27485521673,163931.70566929047,37.0,0.0,0.0,0.0,0.0,-447957.9023439548,-686006.0415744178,793262.5345923045,179.0
54c11cc,54c11cc,54c11d,54c11d,-30066.76269705134,-45947.34114620364,53195.44896993642,12.0,0.0,0.0,0.0,0.0,-447957.9023439548,-686006.0415744178,793262.5345923045,179.0
54c11d4,54c11d4,54c11d,54c11d,-70069.42193114028,-107254.97656287417,124133.03767795282,28.0,0.0,0.0,0.0,0.0,-447957.9023439548,-686006.0415744178,793262.5345923045,179.0
54c11d9,54c11d9,54c11d,54c11d,-32507.079524430992,-49824.35340453859,57623.70831595156,13.0,0.0,0.0,0.0,0.0,-447957.9023439548,-686006.0415744178,793262.5345923045,179.0
54c11db,54c11db,54c11d,54c11d,-42550.78245227236,-65139.49325884123,75343.98385419813,17.0,0.0,0.0,0.0,0.0,-447957.9023439548,-686006.0415744178,793262.5345923045,179.0
54c11dd,54c11dd,54c11d,54c11d,-95061.71060101314,-145696.29625653435,168367.04860548754,38.0,0.0,0.0,0.0,0.0,-447957.9023439548,-686006.0415744178,793262.5345923045,179.0
54c11df,54c11df,54c11d,54c11d,-85013.04867230185,-130360.30609020905,150667.6014994876,34.0,0.0,0.0,0.0,0.0,-447957.9023439548,-686006.0415744178,793262.5345923045,179.0
54c11e04,54c11e04,54c11e1,54c11e1,-19992.461502870996,-30684.24683364421,35447.46357782367,8.0,0.0,0.0,0.0,0.0,-279950.39169218275,-429642.3171162677,496178.50790364307,112.0
54c11e0c,54c11e0c,54c11e1,54c11e1,-67500.13783713424,-103558.884998784,119621.1463486169,27.0,0.0,0.0,0.0,0.0,-279950.39169218275,-429642.3171162677,496178.50790364307,112.0
54c11e14,54c11e14,54c11e1,54c11e1,-124994.13201320273,-191811.0819428028,221493.4725157436,50.0,0.0,0.0,0.0,0.0,-279950.39169218275,-429642.3171162677,496178.50790364307,112.0
54c11e1c,54c11e1c,54c11e1,54c11e1,-67463.66033897476,-103588.1033410367,119616.42546145889,27.0,0.0,0.0,0.0,0.0,-279950.39169218275,-429642.3171162677,496178.50790364307,112.0
54c11e24,54c11e24,54c11e24,54c11e3,-52471.92013017367,-80586.03607187314,93019.72617502772,21.0,-52471.92013017367,-80586.03607187314,93019.72617502772,21.0,-447338.0062370226,-686905.3871990035,792834.1376754366,179.0
54c11e2c,54c11e2c,54c11e2c,54c11e3,-14988.703776153096,-23029.781479093363,26574.40550705735,6.0,-14988.703776153096,-23029.781479093363,26574.40550705735,6.0,-447338.0062370226,-686905.3871990035,792834.1376754366,179.0
54c11e34,54c11e34,54c11e34,54c11e3,-87466.25364284689,-134322.8023396251,155014.47285522064,35.0,-87466.25364284689,-134322.8023396251,155014.47285522064,35.0,-447338.0062370226,-686905.3871990035,792834.1376754366,179.0
54c11e39,54c11e39,54c11e39,54c11e3,-52488.28330566459,-80584.6316879389,93011.71093664887,21.0,-52488.28330566459,-80584.6316879389,93011.71093664887,21.0,-447338.0062370226,-686905.3871990035,792834.1376754366,179.0
54c11e3a4,54c11e3a4,54c11e3b,54c11e3,-14994.925513677837,-23025.16550669902,26574.89556894018,6.0,-159944.54945806728,-245593.8956378642,283473.117204238,64.0,-447338.0062370226,-686905.3871990035,792834.1376754366,179.0
54c11e3ac,54c11e3ac,54c11e3b,54c11e3,-17492.34400925946,-26863.606444437188,31004.23282169369,7.0,-159944.54945806728,-245593.8956378642,283473.117204238,64.0,-447338.0062370226,-686905.3871990035,792834.1376754366,179.0
54c11e3b4,54c11e3b4,54c11e3b,54c11e3,-37485.25221077256,-57560.954892456255,66440.09926360523,15.0,-159944.54945806728,-245593.8956378642,283473.117204238,64.0,-447338.0062370226,-686905.3871990035,792834.1376754366,179.0
54c11e3bc,54c11e3bc,54c11e3b,54c11e3,-89972.0277243574,-138144.1687942717,159453.8895499989,36.0,-159944.54945806728,-245593.8956378642,283473.117204238,64.0,-447338.0062370226,-686905.3871990035,792834.1376754366,179.0
54c11e3d,54c11e3d,54c11e3d,54c11e3,-54983.014076077176,-84417.8236387694,97447.11241908232,22.0,-54983.014076077176,-84417.8236387694,97447.11241908232,22.0,-447338.0062370226,-686905.3871990035,792834.1376754366,179.0
54c11e3f,54c11e3f,54c11e3f,54c11e3,-24995.281848039944,-38370.41634383941,44293.5925781617,10.0,-24995.281848039944,-38370.41634383941,44293.5925781617,10.0,-447338.0062370226,-686905.3871990035,792834.1376754366,179.0
54c11e5,54c11e5,54c11e5,54c11e5,-102536.01103884421,-157315.70673271432,181575.07763733706,41.0,-102536.01103884421,-157315.70673271432,181575.07763733706,41.0,-102536.01103884421,-157315.70673271432,181575.07763733706,41.0
54c11e64,54c11e64,54c11e7,54c11e7,-40029.40456628074,-61372.18789974599,70866.62176845773,16.0,-200094.1999167156,-306847.1338980702,354374.8893967553,80.0,-200094.1999167156,-306847.1338980702,354374.8893967553,80.0
54c11e6c,54c11e6c,54c11e7,54c11e7,-67515.53423518607,-103574.51299933332,119598.92466264105,27.0,-200094.1999167156,-306847.1338980702,354374.8893967553,80.0,-200094.1999167156,-306847.1338980702,354374.8893967553,80.0
54c11e74,54c11e74,54c11e7,54c11e7,-55019.560636073285,-84377.09751136377,97461.75545981705,22.0,-200094.1999167156,-306847.1338980702,354374.8893967553,80.0,-200094.1999167156,-306847.1338980702,354374.8893967553,80.0
54c11e7c,54c11e7c,54c11e7,54c11e7,-37529.70047917547,-57523.33548762705,66447.5875058395,15.0,-200094.1999167156,-306847.1338980702,354374.8893967553,80.0,-200094.1999167156,-306847.1338980702,354374.8893967553,80.0
54c11ec,54c11ec,54c11ec,54c11ec,-117619.47801218349,-180290.4704830713,208143.6203599766,47.0,-117619.47801218349,-180290.4704830713,208143.6203599766,47.0,-117619.47801218349,-180290.4704830713,208143.6203599766,47.0
54c11f4,54c11f4,54c11f4,54c11f4,-42542.746188644574,-65281.05690807407,75225.9032824244,17.0,-42542.746188644574,-65281.05690807407,75225.9032824244,17.0,-42542.746188644574,-65281.05690807407,75225.9032824244,17.0
54c11fc,54c11fc,54c11fc,54c11fc,-62473.805290277756,-95990.0798152577,110686.59024370692,25.0,-62473.805290277756,-95990.0798152577,110686.59024370692,25.0,-62473.805290277756,-95990.0798152577,110686.59024370692,25.0
54c13,54c13,54c13,54c13,0.0,0.0,0.0,0.0,0.0,0.0,0.0,0.0,-333577.87194627896,-512452.5478167195,586607.3524443766,133.0
54c15,54c15,54c15,54c15,-68128.15060543409,-104055.20517622995,118831.77055588533,27.0,-68128.15060543409,-104055.20517622995,118831.77055588533,27.0,-68128.15060543409,-104055.20517622995,118831.77055588533,27.0
54c17,54c17,54c17,54c17,-76524.58512436895,-114202.49381276759,132787.39952154778,30.0,-76524.58512436895,-114202.49381276759,132787.39952154778,30.0,-76524.58512436895,-114202.49381276759,132787.39952154778,30.0
54c19,54c19,54c19,54c1c,0.0,0.0,0.0,0.0,0.0,0.0,0.0,0.0,0.0,0.0,0.0,0.0
54c1b,54c1b,54c1b,54c1c,-65577.23235551894,-98783.78806922375,115671.82428097876,26.0,-65577.23235551894,-98783.78806922375,115671.82428097876,26.0,0.0,0.0,0.0,0.0
54c1c4,54c1c4,54c1c4,54c1c,-104484.07613824189,-154514.9173779903,182864.89857759958,41.0,-104484.07613824189,-154514.9173779903,182864.89857759958,41.0,0.0,0.0,0.0,0.0
54c1d1,54c1d1,54c1d1,54c1c,-5070.3341465540725,-7525.647732587734,8945.128740578002,2.0,-5070.3341465540725,-7525.647732587734,8945.128740578002,2.0,0.0,0.0,0.0,0.0
54c1d3,54c1d3,54c1d3,54c1c,-12652.347054434977,-18822.365807763144,22369.18548811097,5.0,-12652.347054434977,-18822.365807763144,22369.18548811097,5.0,0.0,0.0,0.0,0.0
54c1d5,54c1d5,54c1d5,54c1c,-7595.152182677938,-11287.35753330944,13424.492532090437,3.0,-7595.152182677938,-11287.35753330944,13424.492532090437,3.0,0.0,0.0,0.0,0.0
54c1d64,54c1d64,54c1d64,54c1c,-91369.98281036789,-135220.42410778353,161156.07694476855,36.0,-91369.98281036789,-135220.42410778353,161156.07694476855,36.0,0.0,0.0,0.0,0.0
54c1d6c,54c1d6c,54c1d6c,54c1c,-5073.967535300295,-7519.729443038068,8948.046438912506,2.0,-5073.967535300295,-7519.729443038068,8948.046438912506,2.0,0.0,0.0,0.0,0.0
54c1d74,54c1d74,54c1d74,54c1c,-35564.49756170306,-52609.58593534677,62633.772233084725,14.0,-35564.49756170306,-52609.58593534677,62633.772233084725,14.0,0.0,0.0,0.0,0.0
54c1d79,54c1d79,54c1d7c,54c1c,-20324.96297976152,-30055.225469403063,35795.57919910495,8.0,0.0,0.0,0.0,0.0,0.0,0.0,0.0,0.0
54c1d7a4,54c1d7a4,54c1d7c,54c1c,-106643.81476683577,-157808.79214621932,187946.2852661945,42.0,0.0,0.0,0.0,0.0,0.0,0.0,0.0,0.0
54c1d7ac,54c1d7ac,54c1d7c,54c1c,-35541.36743686002,-52602.64011605936,62652.73381993842,14.0,0.0,0.0,0.0,0.0,0.0,0.0,0.0,0.0
54c1d7b4,54c1d7b4,54c1d7c,54c1c,-101552.86615550544,-150257.89016882284,179034.03764464197,40.0,0.0,0.0,0.0,0.0,0.0,0.0,0.0,0.0
54c1d7bc,54c1d7bc,54c1d7c,54c1c,-55877.80602734617,-82638.1556612621,98458.348909311,22.0,0.0,0.0,0.0,0.0,0.0,0.0,0.0,0.0
54c1d7d,54c1d7d,54c1d7c,54c1c,0.0,0.0,0.0,0.0,0.0,0.0,0.0,0.0,0.0,0.0,0.0,0.0
54c1dc,54c1dc,54c1dc,54c1c,-122167.06780663515,-180593.30166172143,214429.55587502924,48.0,-122167.06780663515,-180593.30166172143,214429.55587502924,48.0,0.0,0.0,0.0,0.0
54c1f,54c1f,54c1f,54c1c,-86875.22809932934,-128315.99185181013,151358.67556631492,34.0,-86875.22809932934,-128315.99185181013,151358.67556631492,34.0,0.0,0.0,0.0,0.0
54c34,54c34,54c3,54c3,0.0,0.0,0.0,0.0,0.0,0.0,0.0,0.0,0.0,0.0,0.0,0.0
54c39,54c39,54c3,54c3,0.0,0.0,0.0,0.0,0.0,0.0,0.0,0.0,0.0,0.0,0.0,0.0
54c3c4,54c3c4,54c3,54c3,0.0,0.0,0.0,0.0,0.0,0.0,0.0,0.0,0.0,0.0,0.0,0.0
54c3d4,54c3d4,54c3,54c3,0.0,0.0,0.0,0.0,0.0,0.0,0.0,0.0,0.0,0.0,0.0,0.0
54c3f,54c3f,54c3,54c3,-30874.981168995047,-45983.18519147506,52699.17144539187,12.0,0.0,0.0,0.0,0.0,0.0,0.0,0.0,0.0
54c41,54c41,54c44,54c5,0.0,0.0,0.0,0.0,0.0,0.0,0.0,0.0,0.0,0.0,0.0,0.0
54c43,54c43,54c44,54c5,0.0,0.0,0.0,0.0,0.0,0.0,0.0,0.0,0.0,0.0,0.0,0.0
54c45,54c45,54c44,54c5,-66712.73546144378,-101175.02139338873,112922.89197858583,26.0,0.0,0.0,0.0,0.0,0.0,0.0,0.0,0.0
54c4c,54c4c,54c4c,54c5,0.0,0.0,0.0,0.0,0.0,0.0,0.0,0.0,0.0,0.0,0.0,0.0
54c54,54c54,54c54,54c5,0.0,0.0,0.0,0.0,0.0,0.0,0.0,0.0,0.0,0.0,0.0,0.0
54c5c,54c5c,54c5c,54c5,0.0,0.0,0.0,0.0,-235249.81755922321,-361111.9320577738,397240.7677295012,92.0,0.0,0.0,0.0,0.0
54c64,54c64,54c7,54c7,0.0,0.0,0.0,0.0,0.0,0.0,0.0,0.0,0.0,0.0,0.0,0.0
54c6c,54c6c,54c7,54c7,0.0,0.0,0.0,0.0,0.0,0.0,0.0,0.0,0.0,0.0,0.0,0.0
54c74,54c74,54c7,54c7,0.0,0.0,0.0,0.0,0.0,0.0,0.0,0.0,0.0,0.0,0.0,0.0
54c7c,54c7c,54c7,54c7,0.0,0.0,0.0,0.0,0.0,0.0,0.0,0.0,0.0,0.0,0.0,0.0
54c84,54c84,54c9,54c9,0.0,0.0,0.0,0.0,0.0,0.0,0.0,0.0,0.0,0.0,0.0,0.0
54c8c,54c8c,54c9,54c9,0.0,0.0,0.0,0.0,0.0,0.0,0.0,0.0,0.0,0.0,0.0,0.0
54c94,54c94,54c9,54c9,-29771.14488030768,-48202.54801971118,51333.37846262646,12.0,0.0,0.0,0.0,0.0,0.0,0.0,0.0,0.0
54c9c,54c9c,54c9,54c9,0.0,0.0,0.0,0.0,0.0,0.0,0.0,0.0,0.0,0.0,0.0,0.0
54cb,54cb,54cb,54cb,-112404.09865555883,-192381.03062576958,200041.97785739813,47.0,-112404.09865555883,-192381.03062576958,200041.97785739813,47.0,-112404.09865555883,-192381.03062576958,200041.97785739813,47.0
54cec,54cec,54cec,54cf,-117333.81943299013,-189030.2991588425,200406.46305770907,47.0,-117333.81943299013,-189030.2991588425,200406.46305770907,47.0,0.0,0.0,0.0,0.0
54cf1,54cf1,54cf1,54cf,0.0,0.0,0.0,0.0,-193728.2461985667,-302258.4838812131,324892.61598958017,76.0,0.0,0.0,0.0,0.0
54cf3,54cf3,54cf3,54cf,-62418.88311136781,-99947.69085103745,107158.04556750398,25.0,-62418.88311136781,-99947.69085103745,107158.04556750398,25.0,0.0,0.0,0.0,0.0
54cf5,54cf5,54cf5,54cf,-42660.35794630481,-67639.6119581436,73043.83335124073,17.0,-42660.35794630481,-67639.6119581436,73043.83335124073,17.0,0.0,0.0,0.0,0.0
54cf64,54cf64,54cf64,54cf,-10174.367448653755,-15815.86294106605,17198.13556398692,4.0,-10174.367448653755,-15815.86294106605,17198.13556398692,4.0,0.0,0.0,0.0,0.0
54cf6c,54cf6c,54cf6c,54cf,-7616.247078910342,-11911.103607520836,12861.79719890236,3.0,-7616.247078910342,-11911.103607520836,12861.79719890236,3.0,0.0,0.0,0.0,0.0
54cf71,54cf71,54cf74,54cf,-10218.121966861961,-15845.066778143831,17145.255093865348,4.0,-199015.07143003927,-309615.47899719316,333885.03061306383,78.0,0.0,0.0,0.0,0.0
54cf73,54cf73,54cf74,54cf,0.0,0.0,0.0,0.0,-199015.07143003927,-309615.47899719316,333885.03061306383,78.0,0.0,0.0,0.0,0.0
54cf75,54cf75,54cf74,54cf,-2553.9952854147436,-3964.9514194243147,4283.225589828512,1.0,-199015.07143003927,-309615.47899719316,333885.03061306383,78.0,0.0,0.0,0.0,0.0
54cf79,54cf79,54cf7c,54cf,-41007.71321607489,-63248.463045825236,68621.97124264305,16.0,0.0,0.0,0.0,0.0,0.0,0.0,0.0,0.0
54cf7b,54cf7b,54cf7c,54cf,0.0,0.0,0.0,0.0,0.0,0.0,0.0,0.0,0.0,0.0,0.0,0.0
54cf7d,54cf7d,54cf7c,54cf,0.0,0.0,0.0,0.0,0.0,0.0,0.0,0.0,0.0,0.0,0.0,0.0
54cfc,54cfc,54cfc,54cf,0.0,0.0,0.0,0.0,-255823.2371773022,-391867.96776509535,422851.6591402936,99.0,0.0,0.0,0.0,0.0
54d4,54d4,54d4,54d4,0.0,0.0,0.0,0.0,-201099.76997138673,-298624.67650357063,323769.8410173305,76.0,-201099.76997138673,-298624.67650357063,323769.8410173305,76.0
54dc,54dc,54dc,54dc,0.0,0.0,0.0,0.0,0.0,0.0,0.0,0.0,-298210.43593672704,-436430.62401095615,479325.21652559284,112.0
54ea79,54ea79,54ea4,54ea4,0.0,0.0,0.0,0.0,0.0,0.0,0.0,0.0,0.0,0.0,0.0,0.0
54ea7d,54ea7d,54ea4,54ea4,0.0,0.0,0.0,0.0,0.0,0.0,0.0,0.0,0.0,0.0,0.0,0.0
54ea7f,54ea7f,54ea4,54ea4,-60844.003725403265,-90010.77601962947,107590.72520487243,24.0,0.0,0.0,0.0,0.0,0.0,0.0,0.0,0.0
54ea84,54ea84,54eac,54eac,-55692.72971775397,-82375.43233646048,98782.83491035776,22.0,0.0,0.0,0.0,0.0,0.0,0.0,0.0,0.0
54ea8c,54ea8c,54eac,54eac,0.0,0.0,0.0,0.0,0.0,0.0,0.0,0.0,0.0,0.0,0.0,0.0
54ea94,54ea94,54eac,54eac,0.0,0.0,0.0,0.0,0.0,0.0,0.0,0.0,0.0,0.0,0.0,0.0
54eab,54eab,54eac,54eac,0.0,0.0,0.0,0.0,0.0,0.0,0.0,0.0,0.0,0.0,0.0,0.0
54ead,54ead,54eac,54eac,0.0,0.0,0.0,0.0,0.0,0.0,0.0,0.0,0.0,0.0,0.0,0.0
54eaf,54eaf,54eac,54eac,0.0,0.0,0.0,0.0,0.0,0.0,0.0,0.0,0.0,0.0,0.0,0.0
54eb24,54eb24,54eb4,54eb4,-32515.39903575566,-48260.79388241713,58934.818682717996,13.0,0.0,0.0,0.0,0.0,-488596.3620870119,-726229.3095779045,890593.9723222712,196.0
54eb2c,54eb2c,54eb4,54eb4,0.0,0.0,0.0,0.0,0.0,0.0,0.0,0.0,-488596.3620870119,-726229.3095779045,890593.9723222712,196.0
54eb34,54eb34,54eb4,54eb4,0.0,0.0,0.0,0.0,0.0,0.0,0.0,0.0,-488596.3620870119,-726229.3095779045,890593.9723222712,196.0
80c4,80c4,80c4,80c4,0.0,0.0,0.0,0.0,0.0,0.0,0.0,0.0,0.0,0.0,0.0,0.0
80c84,80c84,80c84,80c84,-79314.40156331932,-166164.0160330444,136756.31353856545,36.0,-79314.40156331932,-166164.0160330444,136756.31353856545,36.0,-79314.40156331932,-166164.0160330444,136756.31353856545,36.0
80c884,80c884,80c884,80c884,-17753.759459008434,-37030.37081191155,30187.695421252844,8.0,-17753.759459008434,-37030.37081191155,30187.695421252844,8.0,-17753.759459008434,-37030.37081191155,30187.695421252844,8.0
80c88c,80c88c,80c88c,80c88c,-87950.59310667525,-185292.28059489728,151244.837252586,40.0,-87950.59310667525,-185292.28059489728,151244.837252586,40.0,-87950.59310667525,-185292.28059489728,151244.837252586,40.0
80c891,80c891,80c891,80c894,-48496.63026305794,-102028.87279150619,82967.6071207827,22.0,-48496.63026305794,-102028.87279150619,82967.6071207827,22.0,0.0,0.0,0.0,0.0
80c8924,80c8924,80c8924,80c894,-30768.36147821855,-64940.98445464895,52835.287776565936,14.0,-30768.36147821855,-64940.98445464895,52835.287776565936,14.0,0.0,0.0,0.0,0.0
80c892c,80c892c,80c892c,80c894,0.0,0.0,0.0,0.0,-129442.62680380276,-273786.0312647158,222662.8373831381,59.0,0.0,0.0,0.0,0.0
80c8931,80c8931,80c8931,80c894,0.0,0.0,0.0,0.0,-206406.31748881986,-436268.71025786706,354566.0670992161,94.0,0.0,0.0,0.0,0.0
80c8933,80c8933,80c8933,80c894,0.0,0.0,0.0,0.0,-155765.8251330994,-329565.4815603219,267836.7828737184,71.0,0.0,0.0,0.0,0.0
80c8935,80c8935,80c8935,80c894,0.0,0.0,0.0,0.0,-133855.18617251306,-283217.5987256328,230010.97592053007,61.0,0.0,0.0,0.0,0.0
80c8937,80c8937,80c8937,80c894,0.0,0.0,0.0,0.0,-173510.74490080203,-366735.7551822848,297858.2739613579,79.0,0.0,0.0,0.0,0.0
80c893c,80c893c,80c893c,80c894,-43943.78016557417,-92827.30590655589,75418.40790296924,20.0,-43943.78016557417,-92827.30590655589,75418.40790296924,20.0,0.0,0.0,0.0,0.0
80c895,80c895,80c895,80c894,0.0,0.0,0.0,0.0,0.0,0.0,0.0,0.0,0.0,0.0,0.0,0.0
80c897,80c897,80c897,80c894,0.0,0.0,0.0,0.0,-117174.8379449225,-246121.89394419704,199275.3999101524,53.0,0.0,0.0,0.0,0.0
80c89c,80c89c,80c89c,80c89c,0.0,0.0,0.0,0.0,-172955.03223043366,-361685.54904915305,293628.4863463463,78.0,-172955.03223043366,-361685.54904915305,293628.4863463463,78.0
80c8a4,80c8a4,80c8a4,80c8a4,0.0,0.0,0.0,0.0,-192891.72036553218,-404129.35832897836,326643.2802261041,87.0,-192891.72036553218,-404129.35832897836,326643.2802261041,87.0
80c8ac,80c8ac,80c8ac,80c8ac,-4454.061304904735,-9313.875220647697,7468.044697108315,2.0,-4454.061304904735,-9313.875220647697,7468.044697108315,2.0,-4454.061304904735,-9313.875220647697,7468.044697108315,2.0
80c8b4,80c8b4,80c8b4,80c8b4,-55064.229606550914,-116471.33085640235,93653.34396210554,25.0,-55064.229606550914,-116471.33085640235,93653.34396210554,25.0,-55064.229606550914,-116471.33085640235,93653.34396210554,25.0
80c8b9,80c8b9,80c8b9,80c8b9,0.0,0.0,0.0,0.0,0.0,0.0,0.0,0.0,-321318.2293033324,-679600.073540468,547822.4000020155,146.0
80c8bb,80c8bb,80c8bb,80c8bb,-37610.149479149775,-79074.13066480085,63743.19598152548,17.0,-37610.149479149775,-79074.13066480085,63743.19598152548,17.0,-37610.149479149775,-79074.13066480085,63743.19598152548,17.0
80c8bd,80c8bd,80c8bd,80c8bd,0.0,0.0,0.0,0.0,0.0,0.0,0.0,0.0,0.0,0.0,0.0,0.0
80c8be4,80c8be4,80c8be4,80c8be4,0.0,0.0,0.0,0.0,0.0,0.0,0.0,0.0,-284039.0989713875,-599641.0323434619,484980.90001376614,129.0
80c8bec,80c8bec,80c8bec,80c8bec,-101295.78665758873,-213928.79241482372,172804.95015784187,46.0,-101295.78665758873,-213928.79241482372,172804.95015784187,46.0,-101295.78665758873,-213928.79241482372,172804.95015784187,46.0
80c8bf1,80c8bf1,80c8bf1,80c8bf4,-59407.42702356089,-125570.07177209572,101453.6555675929,27.0,-59407.42702356089,-125570.07177209572,101453.6555675929,27.0,0.0,0.0,0.0,0.0
80c8bf3,80c8bf3,80c8bf3,80c8bf4,0.0,0.0,0.0,0.0,-123255.99336874139,-260510.09190861514,210313.85002519982,56.0,0.0,0.0,0.0,0.0
80c8bf44,80c8bf44,80c8bf5,80c8bf4,-74777.42308838284,-158172.9746965524,127716.09702416178,34.0,0.0,0.0,0.0,0.0,0.0,0.0,0.0,0.0
80c8bf4c,80c8bf4c,80c8bf5,80c8bf4,-48391.77399935238,-102358.48139728451,82622.13948489698,22.0,0.0,0.0,0.0,0.0,0.0,0.0,0.0,0.0
80c8bf54,80c8bf54,80c8bf5,80c8bf4,-48365.74853911446,-102369.38595667211,82623.86832678235,22.0,0.0,0.0,0.0,0.0,0.0,0.0,0.0,0.0
80c8bf5c,80c8bf5c,80c8bf5,80c8bf4,-72543.2907970111,-153529.4306352721,123969.45529492084,33.0,0.0,0.0,0.0,0.0,0.0,0.0,0.0,0.0
80c8bf64,80c8bf64,80c8bf7,80c8bf4,-13186.618889352854,-27910.731100143243,22546.291981860442,6.0,-134113.74401264262,-283728.84186768683,229228.9603681853,61.0,0.0,0.0,0.0,0.0
80c8bf6c,80c8bf6c,80c8bf7,80c8bf4,-61570.400885129005,-130242.53627014955,105206.14896356102,28.0,-134113.74401264262,-283728.84186768683,229228.9603681853,61.0,0.0,0.0,0.0,0.0
80c8bf74,80c8bf74,80c8bf7,80c8bf4,-46172.84201705222,-97669.13560403878,78923.31501202463,21.0,-134113.74401264262,-283728.84186768683,229228.9603681853,61.0,0.0,0.0,0.0,0.0
80c8bf7c,80c8bf7c,80c8bf7,80c8bf4,-13183.88222110855,-27906.438893355335,22553.20441073927,6.0,-134113.74401264262,-283728.84186768683,229228.9603681853,61.0,0.0,0.0,0.0,0.0
80c8bfc,80c8bfc,80c8bfc,80c8bfc,0.0,0.0,0.0,0.0,0.0,0.0,0.0,0.0,-224220.3866621591,-474230.9991691836,383569.98362677783,102.0
80c8c01,80c8c01,80c8c04,80c8c04,-46094.55518889688,-97638.46094859259,79006.98420706477,21.0,0.0,0.0,0.0,0.0,-241343.1574318805,-511563.63470686384,413753.667693508,110.0
80c8c03,80c8c03,80c8c04,80c8c04,-65781.83661346513,-139504.22395550794,112880.90565593765,30.0,0.0,0.0,0.0,0.0,-241343.1574318805,-511563.63470686384,413753.667693508,110.0
80c8c05,80c8c05,80c8c04,80c8c04,-92137.74234752293,-195358.3107510197,157943.31285579293,42.0,0.0,0.0,0.0,0.0,-241343.1574318805,-511563.63470686384,413753.667693508,110.0
80c8c07,80c8c07,80c8c04,80c8c04,-37329.02328199558,-79062.63905174365,63922.46497471265,17.0,0.0,0.0,0.0,0.0,-241343.1574318805,-511563.63470686384,413753.667693508,110.0
80c8c09,80c8c09,80c8c09,80c8c0c,0.0,0.0,0.0,0.0,-131779.19443966608,-279118.30937533383,225500.16064816754,60.0,0.0,0.0,0.0,0.0
80c8c0b,80c8c0b,80c8c0b,80c8c0c,0.0,0.0,0.0,0.0,-120830.4270156514,-255933.27134642296,206596.63517839328,55.0,0.0,0.0,0.0,0.0
80c8c0d,80c8c0d,80c8c0d,80c8c0c,-76806.83000292254,-162883.87292061214,131499.0541360263,35.0,-76806.83000292254,-162883.87292061214,131499.0541360263,35.0,0.0,0.0,0.0,0.0
80c8c0e4,80c8c0e4,80c8c0f,80c8c0c,-17548.94874700992,-37225.62381599576,30067.117011438088,8.0,-149167.45767603107,-316367.1417630003,255632.3871475709,68.0,0.0,0.0,0.0,0.0
80c8c0f4,80c8c0f4,80c8c0f,80c8c0c,-26331.97637554008,-55825.6641449075,45111.49153795206,12.0,-149167.45767603107,-316367.1417630003,255632.3871475709,68.0,0.0,0.0,0.0,0.0
80c8c0fc,80c8c0fc,80c8c0f,80c8c0c,-105286.53255348105,-223315.85380209703,180453.77859818074,48.0,-149167.45767603107,-316367.1417630003,255632.3871475709,68.0,0.0,0.0,0.0,0.0
80c8c104,80c8c104,80c8c11,80c8c14,-70157.46228359312,-148887.2021905657,120309.76051880888,32.0,-197306.76176883,-418778.74528070306,338336.22183231806,90.0,0.0,0.0,0.0,0.0
80c8c10c,80c8c10c,80c8c11,80c8c14,-17532.65672091224,-37222.976122023916,30079.896669742622,8.0,-197306.76176883,-418778.74528070306,338336.22183231806,90.0,0.0,0.0,0.0,0.0
80c8c114,80c8c114,80c8c11,80c8c14,-39449.254830144004,-83763.37475434481,67664.86025738654,18.0,-197306.76176883,-418778.74528070306,338336.22183231806,90.0,0.0,0.0,0.0,0.0
80c8c11c,80c8c11c,80c8c11,80c8c14,-70167.38793418068,-148905.19221376866,120281.70438638004,32.0,-197306.76176883,-418778.74528070306,338336.22183231806,90.0,0.0,0.0,0.0,0.0
80c8c13,80c8c13,80c8c13,80c8c14,0.0,0.0,0.0,0.0,-138125.93798671418,-293214.49610500404,236742.92316684456,63.0,0.0,0.0,0.0,0.0
80c8c15,80c8c15,80c8c15,80c8c14,-74477.12694885343,-158267.66145605576,127774.24854692438,34.0,-74477.12694885343,-158267.66145605576,127774.24854692438,34.0,0.0,0.0,0.0,0.0
80c8c17,80c8c17,80c8c17,80c8c14,-78832.79246465793,-167546.15129477487,135343.99585672768,36.0,-78832.79246465793,-167546.15129477487,135343.99585672768,36.0,0.0,0.0,0.0,0.0
80c8c19,80c8c19,80c8c1c,80c8c1c,-35019.703072020944,-74436.28104561995,60198.31510016544,16.0,0.0,0.0,0.0,0.0,-229990.2492952862,-488420.928006784,395033.50512976135,105.0
80c8c1b,80c8c1b,80c8c1c,80c8c1c,-81089.56661543081,-172131.3854274566,139149.70160005495,37.0,0.0,0.0,0.0,0.0,-229990.2492952862,-488420.928006784,395033.50512976135,105.0
80c8c1d,80c8c1d,80c8c1c,80c8c1c,-63535.04494880606,-134875.09986737734,109123.72502475622,29.0,0.0,0.0,0.0,0.0,-229990.2492952862,-488420.928006784,395033.50512976135,105.0
80c8c1f,80c8c1f,80c8c1c,80c8c1c,-50345.93465902836,-106978.16166633005,86561.76340478481,23.0,0.0,0.0,0.0,0.0,-229990.2492952862,-488420.928006784,395033.50512976135,105.0
80c8c21,80c8c21,80c8c24,80c8c24,-17498.400867655477,-37209.6008519484,30116.370467225745,8.0,0.0,0.0,0.0,0.0,-222974.9667911998,-474635.4362368774,383795.67617028236,102.0
80c8c23,80c8c23,80c8c24,80c8c24,-67812.00206098516,-144249.4974048394,116620.61083874915,31.0,0.0,0.0,0.0,0.0,-222974.9667911998,-474635.4362368774,383795.67617028236,102.0
80c8c25,80c8c25,80c8c24,80c8c24,-107082.54576739372,-228041.84073349726,184353.5823198683,49.0,0.0,0.0,0.0,0.0,-222974.9667911998,-474635.4362368774,383795.67617028236,102.0
80c8c27,80c8c27,80c8c24,80c8c24,-30582.018095165524,-65134.49724659244,52705.11254443909,14.0,0.0,0.0,0.0,0.0,-222974.9667911998,-474635.4362368774,383795.67617028236,102.0
80c8c2c,80c8c2c,80c8c2c,80c8c2c,0.0,0.0,0.0,0.0,-150549.25681631805,-321123.9856606093,259734.67345407172,69.0,-150549.25681631805,-321123.9856606093,259734.67345407172,69.0
80c8c304,80c8c304,80c8c304,80c8c31,-45865.375055404416,-97756.81394274694,78994.0109557408,21.0,-45865.375055404416,-97756.81394274694,78994.0109557408,21.0,0.0,0.0,0.0,0.0
80c8c309,80c8c309,80c8c309,80c8c31,-4369.257800870662,-9311.177211711536,7521.341468638046,2.0,-4369.257800870662,-9311.177211711536,7521.341468638046,2.0,0.0,0.0,0.0,0.0
80c8c30a4,80c8c30a4,80c8c30b,80c8c31,-2184.8467785401535,-4655.539517147386,3760.6049364775395,1.0,0.0,0.0,0.0,0.0,0.0,0.0,0.0,0.0
80c8c30a9,80c8c30a9,80c8c30b,80c8c31,-6554.822732633807,-13967.262686495415,11280.853254163836,3.0,0.0,0.0,0.0,0.0,0.0,0.0,0.0,0.0
80c8c30ab,80c8c30ab,80c8c30b,80c8c31,-21849.269437022776,-46558.11753971959,37602.21308587433,10.0,0.0,0.0,0.0,0.0,0.0,0.0,0.0,0.0
80c8c30ac64,80c8c30ac64,80c8c30b,80c8c31,-6554.657575496709,-13967.472613396072,11280.689297601431,3.0,0.0,0.0,0.0,0.0,0.0,0.0,0.0,0.0
80c8c30ac78f4,80c8c30ac78f4,80c8c30b,80c8c31,0.0,0.0,0.0,0.0,0.0,0.0,0.0,0.0,0.0,0.0,0.0,0.0
80c8c30ac78fc,80c8c30ac78fc,80c8c30b,80c8c31,-2184.9031567339416,-4655.813525192731,3760.232937465966,1.0,0.0,0.0,0.0,0.0,0.0,0.0,0.0,0.0
80c8c30acc,80c8c30acc,80c8c30b,80c8c31,-50252.59155181583,-107084.20085832076,86484.85632804366,23.0,0.0,0.0,0.0,0.0,0.0,0.0,0.0,0.0
80c8c30ad4,80c8c30ad4,80c8c30b,80c8c31,-2184.8449001133163,-4655.838978822901,3760.2352712828488,1.0,0.0,0.0,0.0,0.0,0.0,0.0,0.0,0.0
80c8c30adc,80c8c30adc,80c8c30b,80c8c31,-2184.8172414823603,-4655.834341695379,3760.2570834570342,1.0,0.0,0.0,0.0,0.0,0.0,0.0,0.0,0.0
80c8c30b4,80c8c30b4,80c8c30b,80c8c31,-6553.793491662604,-13967.64460934167,11280.978372722224,3.0,0.0,0.0,0.0,0.0,0.0,0.0,0.0,0.0
80c8c30bc,80c8c30bc,80c8c30b,80c8c31,-19661.14454441581,-41901.42670261048,33844.93814704323,9.0,0.0,0.0,0.0,0.0,0.0,0.0,0.0,0.0
80c8c30d,80c8c30d,80c8c30d,80c8c31,-54607.89299313855,-116393.58515845994,94016.52536973116,25.0,-54607.89299313855,-116393.58515845994,94016.52536973116,25.0,0.0,0.0,0.0,0.0
80c8c30f,80c8c30f,80c8c30f,80c8c31,-37132.124768891124,-79145.75280281478,63934.292517313086,17.0,-37132.124768891124,-79145.75280281478,63934.292517313086,17.0,0.0,0.0,0.0,0.0
80c8c314,80c8c314,80c8c314,80c8c31,-41483.42144125093,-88462.70906000116,71458.90895450437,19.0,-41483.42144125093,-88462.70906000116,71458.90895450437,19.0,0.0,0.0,0.0,0.0
80c8c31c,80c8c31c,80c8c31c,80c8c31,-17463.790722040205,-37243.02100058808,30095.142263198184,8.0,-17463.790722040205,-37243.02100058808,30095.142263198184,8.0,0.0,0.0,0.0,0.0
80c8c33,80c8c33,80c8c33,80c8c33,-74178.80740873032,-158311.86575168368,127892.96772169872,34.0,-74178.80740873032,-158311.86575168368,127892.96772169872,34.0,-74178.80740873032,-158311.86575168368,127892.96772169872,34.0
80c8c35,80c8c35,80c8c35,80c8c35,-74197.47906573037,-158346.22787944146,127839.58580631168,34.0,-74197.47906573037,-158346.22787944146,127839.58580631168,34.0,-74197.47906573037,-158346.22787944146,127839.58580631168,34.0
80c8c364,80c8c364,80c8c37,80c8c37,-28388.79458075173,-60546.01324279216,48866.398317206134,13.0,0.0,0.0,0.0,0.0,-229389.35274057373,-488922.0139237341,394762.979256806,105.0
80c8c36c,80c8c36c,80c8c37,80c8c37,-10918.108045846517,-23282.187124437314,18801.023965513,5.0,0.0,0.0,0.0,0.0,-229389.35274057373,-488922.0139237341,394762.979256806,105.0
80c8c371,80c8c371,80c8c37,80c8c37,-10922.666524958317,-23282.315951107033,18798.216590974618,5.0,0.0,0.0,0.0,0.0,-229389.35274057373,-488922.0139237341,394762.979256806,105.0
80c8c373,80c8c373,80c8c37,80c8c37,-21842.911541454687,-46562.39080401872,37600.61550563968,10.0,0.0,0.0,0.0,0.0,-229389.35274057373,-488922.0139237341,394762.979256806,105.0
80c8c375,80c8c375,80c8c37,80c8c37,-87396.85961014015,-186239.82508525113,150399.8717568805,40.0,0.0,0.0,0.0,0.0,-229389.35274057373,-488922.0139237341,394762.979256806,105.0
80c8c377,80c8c377,80c8c37,80c8c37,-32775.062007173605,-69845.60809036983,56392.205005151285,15.0,0.0,0.0,0.0,0.0,-229389.35274057373,-488922.0139237341,394762.979256806,105.0
80c8c37c,80c8c37c,80c8c37,80c8c37,-37144.95043024873,-79163.67362575787,63904.648115440825,17.0,0.0,0.0,0.0,0.0,-229389.35274057373,-488922.0139237341,394762.979256806,105.0
80c8c384,80c8c384,80c8c384,80c8c384,-104934.39790409348,-223510.8577321928,180417.45862458108,48.0,-104934.39790409348,-223510.8577321928,180417.45862458108,48.0,-104934.39790409348,-223510.8577321928,180417.45862458108,48.0
80c8c3884,80c8c3884,80c8c38c,80c8c38c,-98408.41749252063,-209549.63820038323,169112.3371355971,45.0,0.0,0.0,0.0,0.0,-229623.8887743089,-488937.31305466883,394607.6542662281,105.0
80c8c388c,80c8c388c,80c8c38c,80c8c38c,-13120.156465145377,-27938.71915253277,22550.400856821063,6.0,0.0,0.0,0.0,0.0,-229623.8887743089,-488937.31305466883,394607.6542662281,105.0
80c8c3894,80c8c3894,80c8c38c,80c8c38c,-6560.635337927522,-13969.17424015667,11275.105902752408,3.0,0.0,0.0,0.0,0.0,-229623.8887743089,-488937.31305466883,394607.6542662281,105.0
80c8c389c,80c8c389c,80c8c38c,80c8c38c,-67794.88479714407,-144355.5647570955,116499.25869299711,31.0,0.0,0.0,0.0,0.0,-229623.8887743089,-488937.31305466883,394607.6542662281,105.0
80c8c38b,80c8c38b,80c8c38c,80c8c38c,-6561.600496367516,-13968.9066631443,11274.875768849724,3.0,0.0,0.0,0.0,0.0,-229623.8887743089,-488937.31305466883,394607.6542662281,105.0
80c8c38d,80c8c38d,80c8c38c,80c8c38c,-19684.54553311618,-41905.23054776929,33826.62149316173,9.0,0.0,0.0,0.0,0.0,-229623.8887743089,-488937.31305466883,394607.6542662281,105.0
80c8c38f,80c8c38f,80c8c38c,80c8c38c,-17493.648652087642,-37250.07949358714,30069.054416048974,8.0,0.0,0.0,0.0,0.0,-229623.8887743089,-488937.31305466883,394607.6542662281,105.0
80c8c394,80c8c394,80c8c394,80c8c394,-59038.918703038944,-125701.13302600998,101506.45842449549,27.0,-59038.918703038944,-125701.13302600998,101506.45842449549,27.0,-59038.918703038944,-125701.13302600998,101506.45842449549,27.0
80c8c399,80c8c399,80c8c39c,80c8c39c,-26230.038963141433,-55868.780420679366,45117.50077560493,12.0,-181400.05833129003,-386445.2278053363,312052.73974968045,83.0,-181400.05833129003,-386445.2278053363,312052.73974968045,83.0
80c8c39b,80c8c39b,80c8c39c,80c8c39c,-32789.80430180966,-69842.06942798788,56388.017503580224,15.0,-181400.05833129003,-386445.2278053363,312052.73974968045,83.0,-181400.05833129003,-386445.2278053363,312052.73974968045,83.0
80c8c39d,80c8c39d,80c8c39c,80c8c39c,-39339.80562836539,-83811.22134789362,67669.3348125194,18.0,-181400.05833129003,-386445.2278053363,312052.73974968045,83.0,-181400.05833129003,-386445.2278053363,312052.73974968045,83.0
80c8c39f,80c8c39f,80c8c39c,80c8c39c,-83040.4094379735,-176923.15660877546,142877.88665797593,38.0,-181400.05833129003,-386445.2278053363,312052.73974968045,83.0,-181400.05833129003,-386445.2278053363,312052.73974968045,83.0
80c8c3a04,80c8c3a04,80c8c3a4,80c8c3b,-45889.29326300334,-97770.18385141397,78963.56778975125,21.0,0.0,0.0,0.0,0.0,0.0,0.0,0.0,0.0
80c8c3a0c,80c8c3a0c,80c8c3a4,80c8c3b,-17480.738673288364,-37244.616699998674,30083.3259725501,8.0,0.0,0.0,0.0,0.0,0.0,0.0,0.0,0.0
80c8c3a14,80c8c3a14,80c8c3a4,80c8c3b,-6555.963159640649,-13966.478668092223,11281.161232455164,3.0,0.0,0.0,0.0,0.0,0.0,0.0,0.0,0.0
80c8c3a1c,80c8c3a1c,80c8c3a4,80c8c3b,-59005.41101295079,-125702.00609154446,101524.85982747529,27.0,0.0,0.0,0.0,0.0,0.0,0.0,0.0,0.0
80c8c3a3,80c8c3a3,80c8c3a4,80c8c3b,-26227.99659853919,-55864.68875570133,45123.754162638856,12.0,0.0,0.0,0.0,0.0,0.0,0.0,0.0,0.0
80c8c3a5,80c8c3a5,80c8c3a4,80c8c3b,-54640.0857657288,-116377.6442176108,94017.55486366461,25.0,0.0,0.0,0.0,0.0,0.0,0.0,0.0,0.0
80c8c3a7,80c8c3a7,80c8c3a4,80c8c3b,-26221.904228627565,-55863.68347408062,45128.53925224135,12.0,0.0,0.0,0.0,0.0,0.0,0.0,0.0,0.0
80c8c3ac,80c8c3ac,80c8c3ac,80c8c3b,-102708.03340240553,-218772.06220500794,176784.07442217923,47.0,-102708.03340240553,-218772.06220500794,176784.07442217923,47.0,0.0,0.0,0.0,0.0
80c8c3b4,80c8c3b4,80c8c3b4,80c8c3b,-80885.4628895201,-172218.153613429,139161.13430968224,37.0,-80885.4628895201,-172218.153613429,139161.13430968224,37.0,0.0,0.0,0.0,0.0
80c8c3bc,80c8c3bc,80c8c3bc,80c8c3b,-63401.57813632257,-134995.91988293224,109051.93131932389,29.0,-63401.57813632257,-134995.91988293224,109051.93131932389,29.0,0.0,0.0,0.0,0.0
80c8c3d,80c8c3d,80c8c3d,80c8c3d,-107183.83955653253,-228069.73052319264,184260.19151482824,49.0,-107183.83955653253,-228069.73052319264,184260.19151482824,49.0,-107183.83955653253,-228069.73052319264,184260.19151482824,49.0
80c8c3f,80c8c3f,80c8c3f,80c8c3f,0.0,0.0,0.0,0.0,-122542.93239946765,-260725.32384720506,210463.77080812323,56.0,-122542.93239946765,-260725.32384720506,210463.77080812323,56.0
80c8c404,80c8c404,80c8c404,80c8c404,-21894.336791322854,-46563.98638757128,37568.71681052167,10.0,-21894.336791322854,-46563.98638757128,37568.71681052167,10.0,-21894.336791322854,-46563.98638757128,37568.71681052167,10.0
80c8c40c,80c8c40c,80c8c40c,80c8c40c,-89716.71778793531,-190918.9137946774,154052.76235166943,41.0,-89716.71778793531,-190918.9137946774,154052.76235166943,41.0,-89716.71778793531,-190918.9137946774,154052.76235166943,41.0
80c8c411,80c8c411,80c8c411,80c8c414,-17510.079280648584,-37256.14243883039,30051.974521512566,8.0,-17510.079280648584,-37256.14243883039,30051.974521512566,8.0,-400509.19705173804,-852304.5111267129,687371.546624206,183.0
80c8c413,80c8c413,80c8c413,80c8c414,-15317.879881883278,-32600.27052155041,26296.060900898145,7.0,-15317.879881883278,-32600.27052155041,26296.060900898145,7.0,-400509.19705173804,-852304.5111267129,687371.546624206,183.0
80c8c4144,80c8c4144,80c8c4144,80c8c414,-52524.811615266706,-111776.82198987182,90148.6773544923,24.0,-52524.811615266706,-111776.82198987182,90148.6773544923,24.0,-400509.19705173804,-852304.5111267129,687371.546624206,183.0
80c8c414c,80c8c414c,80c8c414c,80c8c414,-35013.152640636596,-74518.37207601444,60100.48388880226,16.0,-35013.152640636596,-74518.37207601444,60100.48388880226,16.0,-400509.19705173804,-852304.5111267129,687371.546624206,183.0
80c8c4154,80c8c4154,80c8c4154,80c8c414,-59085.278534719524,-125752.42737819995,101415.91045482899,27.0,-59085.278534719524,-125752.42737819995,101415.91045482899,27.0,-400509.19705173804,-852304.5111267129,687371.546624206,183.0
80c8c4159,80c8c4159,80c8c415c,80c8c414,-37205.899205021764,-79177.70336681673,63851.789384724994,17.0,-153203.2431924501,-326022.2641467875,262922.1174194529,70.0,-400509.19705173804,-852304.5111267129,687371.546624206,183.0
80c8c415b,80c8c415b,80c8c415c,80c8c414,-43770.61378572565,-93148.64112476638,75122.33540115158,20.0,-153203.2431924501,-326022.2641467875,262922.1174194529,70.0,-400509.19705173804,-852304.5111267129,687371.546624206,183.0
80c8c415d,80c8c415d,80c8c415c,80c8c414,-19697.713629620837,-41916.762320110945,33804.6611834759,9.0,-153203.2431924501,-326022.2641467875,262922.1174194529,70.0,-400509.19705173804,-852304.5111267129,687371.546624206,183.0
80c8c415f,80c8c415f,80c8c415c,80c8c414,-52529.01657208185,-111779.15733509333,90143.33145010038,24.0,-153203.2431924501,-326022.2641467875,262922.1174194529,70.0,-400509.19705173804,-852304.5111267129,687371.546624206,183.0
80c8c417,80c8c417,80c8c417,80c8c414,-67854.75190613323,-144378.21257545857,116436.32208421895,31.0,-67854.75190613323,-144378.21257545857,116436.32208421895,31.0,-400509.19705173804,-852304.5111267129,687371.546624206,183.0
80c8c41c,80c8c41c,80c8c41c,80c8c41c,-48174.62490559662,-102451.08026032631,82634.26698884394,22.0,-48174.62490559662,-102451.08026032631,82634.26698884394,22.0,-48174.62490559662,-102451.08026032631,82634.26698884394,22.0
80c8c421,80c8c421,80c8c424,80c8c424,-56945.63413716159,-121090.5840412202,97636.76719969262,26.0,-144532.2915303532,-307392.89575081656,247848.72006814746,66.0,-144532.2915303532,-307392.89575081656,247848.72006814746,66.0
80c8c423,80c8c423,80c8c424,80c8c424,-50358.55470520249,-107121.12428802394,86377.42811137381,23.0,-144532.2915303532,-307392.89575081656,247848.72006814746,66.0,-144532.2915303532,-307392.89575081656,247848.72006814746,66.0
80c8c425,80c8c425,80c8c424,80c8c424,-28467.020536196098,-60551.24441472495,48814.38119391449,13.0,-144532.2915303532,-307392.89575081656,247848.72006814746,66.0,-144532.2915303532,-307392.89575081656,247848.72006814746,66.0
80c8c427,80c8c427,80c8c424,80c8c424,-8761.082151793045,-18629.943006847476,15020.143563166555,4.0,-144532.2915303532,-307392.89575081656,247848.72006814746,66.0,-144532.2915303532,-307392.89575081656,247848.72006814746,66.0
80c8c429,80c8c429,80c8c42c,80c8c42c,-8762.190127230115,-18631.67995061131,15017.342493533668,4.0,-133595.165959216,-284152.4486200422,229006.96090095578,61.0,-133595.165959216,-284152.4486200422,229006.96090095578,61.0
80c8c42b,80c8c42b,80c8c42c,80c8c42c,-8762.437341604867,-18632.377777756963,15016.33243164288,4.0,-133595.165959216,-284152.4486200422,229006.96090095578,61.0,-133595.165959216,-284152.4486200422,229006.96090095578,61.0
80c8c42d,80c8c42d,80c8c42c,80c8c42c,-70084.91370831493,-149068.97652466723,120126.81748540426,32.0,-133595.165959216,-284152.4486200422,229006.96090095578,61.0,-133595.165959216,-284152.4486200422,229006.96090095578,61.0
80c8c42f,80c8c42f,80c8c42c,80c8c42c,-45985.62478206612,-97819.4143670066,78846.46849037496,21.0,-133595.165959216,-284152.4486200422,229006.96090095578,61.0,-133595.165959216,-284152.4486200422,229006.96090095578,61.0
80c8c4301,80c8c4301,80c8c4304,80c8c4304,-19705.910362463663,-41921.99142532591,33793.39780214448,9.0,-155450.11423490374,-330722.1250260228,266591.6042686838,71.0,-155450.11423490374,-330722.1250260228,266591.6042686838,71.0
80c8c4303,80c8c4303,80c8c4304,80c8c4304,-15326.949775779145,-32606.770665767755,26282.71334094768,7.0,-155450.11423490374,-330722.1250260228,266591.6042686838,71.0,-155450.11423490374,-330722.1250260228,266591.6042686838,71.0
80c8c4305,80c8c4305,80c8c4304,80c8c4304,-28462.53210283184,-60555.709383425106,48811.459780331075,13.0,-155450.11423490374,-330722.1250260228,266591.6042686838,71.0,-155450.11423490374,-330722.1250260228,266591.6042686838,71.0
80c8c4307,80c8c4307,80c8c4304,80c8c4304,-91954.7219938291,-195637.653551504,157704.03334526054,42.0,-155450.11423490374,-330722.1250260228,266591.6042686838,71.0,-155450.11423490374,-330722.1250260228,266591.6042686838,71.0
80c8c43084,80c8c43084,80c8c43084,80c8c4309,-32839.54437600318,-69870.92664934024,56323.28460201718,15.0,-32839.54437600318,-69870.92664934024,56323.28460201718,15.0,-256144.26369171173,-544996.4709063537,439320.0353156628,117.0
80c8c4308c,80c8c4308c,80c8c4308c,80c8c4309,-32839.88596904259,-69871.49166828077,56322.384497895546,15.0,-32839.88596904259,-69871.49166828077,56322.384497895546,15.0,-256144.26369171173,-544996.4709063537,439320.0353156628,117.0
80c8c43094,80c8c43094,80c8c43094,80c8c4309,-91948.97513052009,-195640.6356552603,157703.68471363836,42.0,-91948.97513052009,-195640.6356552603,157703.68471363836,42.0,-256144.26369171173,-544996.4709063537,439320.0353156628,117.0
80c8c4309c,80c8c4309c,80c8c4309c,80c8c4309,-98515.85821614586,-209613.4169334724,168970.68150211166,45.0,-98515.85821614586,-209613.4169334724,168970.68150211166,45.0,-256144.26369171173,-544996.4709063537,439320.0353156628,117.0
80c8c430a4,80c8c430a4,80c8c430a4,80c8c430b,-100702.29373648023,-214272.79795163713,172725.60237415982,46.0,-100702.29373648023,-214272.79795163713,172725.60237415982,46.0,-249565.88000697223,-531025.5616501516,428057.4214493732,114.0
80c8c430ac,80c8c430ac,80c8c430ac,80c8c430b,-26269.373874714503,-55897.49399396224,45059.01254999747,12.0,-26269.373874714503,-55897.49399396224,45059.01254999747,12.0,-249565.88000697223,-531025.5616501516,428057.4214493732,114.0
80c8c430b4,80c8c430b4,80c8c430b4,80c8c430b,-30647.857612129934,-65213.92498369365,52568.47368298919,14.0,-30647.857612129934,-65213.92498369365,52568.47368298919,14.0,-249565.88000697223,-531025.5616501516,428057.4214493732,114.0
80c8c430bc,80c8c430bc,80c8c430bc,80c8c430b,-91946.35478364755,-195641.3447208585,157704.33284222666,42.0,-91946.35478364755,-195641.3447208585,157704.33284222666,42.0,-249565.88000697223,-531025.5616501516,428057.4214493732,114.0
80c8c430d,80c8c430d,80c8c430d,80c8c430d,-72243.32864032616,-153719.72964776112,123908.78637270763,33.0,-72243.32864032616,-153719.72964776112,123908.78637270763,33.0,-72243.32864032616,-153719.72964776112,123908.78637270763,33.0
80c8c430e4,80c8c430e4,80c8c430f,80c8c430f,-26271.521291881923,-55898.25977046382,45056.81051969739,12.0,-120411.93009819029,-256198.85451882973,206511.78474953285,55.0,-120411.93009819029,-256198.85451882973,206511.78474953285,55.0
80c8c430ec,80c8c430ec,80c8c430f,80c8c430f,-45974.915943186264,-97821.11888787817,78850.59881396162,21.0,-120411.93009819029,-256198.85451882973,206511.78474953285,55.0,-120411.93009819029,-256198.85451882973,206511.78474953285,55.0
80c8c430f4,80c8c430f4,80c8c430f,80c8c430f,-21893.25280778571,-46581.3171996488,37547.85855864126,10.0,-120411.93009819029,-256198.85451882973,206511.78474953285,55.0,-120411.93009819029,-256198.85451882973,206511.78474953285,55.0
80c8c430fc,80c8c430fc,80c8c430f,80c8c430f,-26272.240055336413,-55898.158660838904,45056.51685723257,12.0,-120411.93009819029,-256198.85451882973,206511.78474953285,55.0,-120411.93009819029,-256198.85451882973,206511.78474953285,55.0
80c8c4311,80c8c4311,80c8c4314,80c8c4314,-74438.11755059852,-158380.32025849598,127657.33596718726,34.0,-157632.18540589715,-335395.8037788861,270331.3320675101,72.0,-157632.18540589715,-335395.8037788861,270331.3320675101,72.0
80c8c4313,80c8c4313,80c8c4314,80c8c4314,-28459.94846284203,-60557.3145043978,48810.97491337964,13.0,-157632.18540589715,-335395.8037788861,270331.3320675101,72.0,-157632.18540589715,-335395.8037788861,270331.3320675101,72.0
80c8c4315,80c8c4315,80c8c4314,80c8c4314,-10946.399697243185,-23291.803619095175,18772.64088998906,5.0,-157632.18540589715,-335395.8037788861,270331.3320675101,72.0,-157632.18540589715,-335395.8037788861,270331.3320675101,72.0
80c8c4317,80c8c4317,80c8c4314,80c8c4314,-43787.719695213425,-93166.36539689715,75090.38029695414,20.0,-157632.18540589715,-335395.8037788861,270331.3320675101,72.0,-157632.18540589715,-335395.8037788861,270331.3320675101,72.0
80c8c431c,80c8c431c,80c8c431c,80c8c431c,-89772.43234066924,-190986.85799413538,153936.04337547405,41.0,-89772.43234066924,-190986.85799413538,153936.04337547405,41.0,-89772.43234066924,-190986.85799413538,153936.04337547405,41.0
80c8c4324,80c8c4324,80c8c4324,80c8c433,-72256.82461783706,-153725.7070485006,123893.50035626789,33.0,-72256.82461783706,-153725.7070485006,123893.50035626789,33.0,-354700.9243386386,-754673.598066265,608187.8777221567,162.0
80c8c432c,80c8c432c,80c8c432c,80c8c433,-50362.231214649124,-107146.516917379,86343.78366256692,23.0,-50362.231214649124,-107146.516917379,86343.78366256692,23.0,-354700.9243386386,-754673.598066265,608187.8777221567,162.0
80c8c4331,80c8c4331,80c8c4334,80c8c433,-41600.099685352914,-88512.29356429566,71329.56240522135,19.0,-113853.4097248255,-242246.75830581874,195214.24544606084,52.0,-354700.9243386386,-754673.598066265,608187.8777221567,162.0
80c8c4333,80c8c4333,80c8c4334,80c8c433,-52548.39204367093,-111806.91564827107,90097.60212276719,24.0,-113853.4097248255,-242246.75830581874,195214.24544606084,52.0,-354700.9243386386,-754673.598066265,608187.8777221567,162.0
80c8c4335,80c8c4335,80c8c4334,80c8c433,-13136.691692370126,-27951.805673875177,22524.542249912032,6.0,-113853.4097248255,-242246.75830581874,195214.24544606084,52.0,-354700.9243386386,-754673.598066265,608187.8777221567,162.0
80c8c4337,80c8c4337,80c8c4334,80c8c433,-6568.226303431522,-13975.74341937689,11262.538668160247,3.0,-113853.4097248255,-242246.75830581874,195214.24544606084,52.0,-354700.9243386386,-754673.598066265,608187.8777221567,162.0
80c8c4339,80c8c4339,80c8c433c,80c8c433,-13136.119467749739,-27951.032715367648,22525.835124787896,6.0,-118228.45878132695,-251554.6157945666,202736.34825726115,54.0,-354700.9243386386,-754673.598066265,608187.8777221567,162.0
80c8c433b,80c8c433b,80c8c433c,80c8c433,-26273.39322194425,-55901.60831512198,45051.5643094667,12.0,-118228.45878132695,-251554.6157945666,202736.34825726115,54.0,-354700.9243386386,-754673.598066265,608187.8777221567,162.0
80c8c433d,80c8c433d,80c8c433c,80c8c433,-70061.69709924783,-149068.28949338145,120141.21219820416,32.0,-118228.45878132695,-251554.6157945666,202736.34825726115,54.0,-354700.9243386386,-754673.598066265,608187.8777221567,162.0
80c8c433f,80c8c433f,80c8c433c,80c8c433,-8757.248992385103,-18633.685270695496,15017.73662480236,4.0,-118228.45878132695,-251554.6157945666,202736.34825726115,54.0,-354700.9243386386,-754673.598066265,608187.8777221567,162.0
80c8c435,80c8c435,80c8c435,80c8c435,-26267.467242092323,-55903.73995608911,45052.374746020614,12.0,-26267.467242092323,-55903.73995608911,45052.374746020614,12.0,-26267.467242092323,-55903.73995608911,45052.374746020614,12.0
80c8c437,80c8c437,80c8c437,80c8c437,-76616.25899186012,-163039.19068947254,131417.72589508514,35.0,-76616.25899186012,-163039.19068947254,131417.72589508514,35.0,-76616.25899186012,-163039.19068947254,131417.72589508514,35.0
80c8c439,80c8c439,80c8c439,80c8c439,-52532.51798263528,-111792.6358187925,90124.57435968157,24.0,-52532.51798263528,-111792.6358187925,90124.57435968157,24.0,-52532.51798263528,-111792.6358187925,90124.57435968157,24.0
80c8c43a1,80c8c43a1,80c8c43a1,80c8c43a1,-37215.51329096357,-79186.61113086657,63835.13798733429,17.0,-37215.51329096357,-79186.61113086657,63835.13798733429,17.0,-37215.51329096357,-79186.61113086657,63835.13798733429,17.0
80c8c43a3,80c8c43a3,80c8c43a3,80c8c43a3,-26269.178203127834,-55895.65227638484,45061.41124489047,12.0,-26269.178203127834,-55895.65227638484,45061.41124489047,12.0,-26269.178203127834,-55895.65227638484,45061.41124489047,12.0
80c8c43a44,80c8c43a44,80c8c43a5,80c8c43a5,-76621.5651555855,-163028.69249569086,131427.6559907221,35.0,-170757.3997701308,-363319.13244849024,292897.8942335946,78.0,-170757.3997701308,-363319.13244849024,292897.8942335946,78.0
80c8c43a4c,80c8c43a4c,80c8c43a5,80c8c43a5,-50351.174698103896,-107132.1931477326,86368.00219549319,23.0,-170757.3997701308,-363319.13244849024,292897.8942335946,78.0,-170757.3997701308,-363319.13244849024,292897.8942335946,78.0
80c8c43a54,80c8c43a54,80c8c43a5,80c8c43a5,-35027.66014846359,-74526.45550310363,60082.00442448892,16.0,-170757.3997701308,-363319.13244849024,292897.8942335946,78.0,-170757.3997701308,-363319.13244849024,292897.8942335946,78.0
80c8c43a5c,80c8c43a5c,80c8c43a5,80c8c43a5,-8756.999767977813,-18631.791301963163,15020.231622890318,4.0,-170757.3997701308,-363319.13244849024,292897.8942335946,78.0,-170757.3997701308,-363319.13244849024,292897.8942335946,78.0
80c8c43a64,80c8c43a64,80c8c43a64,80c8c43a7,-15324.896274144352,-32605.897392630897,26284.994060105117,7.0,-15324.896274144352,-32605.897392630897,26284.994060105117,7.0,-232060.63519176477,-493750.1855742198,398026.4840151173,106.0
80c8c43a6c,80c8c43a6c,80c8c43a6c,80c8c43a7,-83190.61455202408,-177004.1735007758,142690.0407600821,38.0,-83190.61455202408,-177004.1735007758,142690.0407600821,38.0,-232060.63519176477,-493750.1855742198,398026.4840151173,106.0
80c8c43a74,80c8c43a74,80c8c43a74,80c8c43a7,-74434.313493681,-158373.36305393482,127668.1850226816,34.0,-74434.313493681,-158373.36305393482,127668.1850226816,34.0,-232060.63519176477,-493750.1855742198,398026.4840151173,106.0
80c8c43a7c,80c8c43a7c,80c8c43a7c,80c8c43a7,-59110.810871915375,-125766.75162687835,101383.2641722484,27.0,-59110.810871915375,-125766.75162687835,101383.2641722484,27.0,-232060.63519176477,-493750.1855742198,398026.4840151173,106.0
80c8c43a9,80c8c43a9,80c8c43ac,80c8c43ac,-76627.54769006885,-163029.48904165436,131423.17991256397,35.0,-188290.19169315565,-400583.44279723155,322926.4980537194,86.0,-188290.19169315565,-400583.44279723155,322926.4980537194,86.0
80c8c43ab,80c8c43ab,80c8c43ac,80c8c43ac,-83200.37689318122,-177001.44660645977,142687.7314272853,38.0,-188290.19169315565,-400583.44279723155,322926.4980537194,86.0,-188290.19169315565,-400583.44279723155,322926.4980537194,86.0
80c8c43ad,80c8c43ad,80c8c43ac,80c8c43ac,-15326.324755245336,-32605.08750080404,26285.16581213462,7.0,-188290.19169315565,-400583.44279723155,322926.4980537194,86.0,-188290.19169315565,-400583.44279723155,322926.4980537194,86.0
80c8c43af,80c8c43af,80c8c43ac,80c8c43ac,-13135.942354660223,-27947.419648313415,22530.420901735586,6.0,-188290.19169315565,-400583.44279723155,322926.4980537194,86.0,-188290.19169315565,-400583.44279723155,322926.4980537194,86.0
80c8c43b4,80c8c43b4,80c8c43b4,80c8c43b4,-83194.85087339714,-176994.92016237593,142699.04878862962,38.0,-83194.85087339714,-176994.92016237593,142699.04878862962,38.0,-83194.85087339714,-176994.92016237593,142699.04878862962,38.0
80c8c43b9,80c8c43b9,80c8c43b9,80c8c43bc,-91943.66767360157,-195627.42036991115,157723.17169939436,42.0,-91943.66767360157,-195627.42036991115,157723.17169939436,42.0,-234236.58166193802,-498389.18451555003,401812.8022418665,107.0
80c8c43bb,80c8c43bb,80c8c43bb,80c8c43bc,-78810.0514871794,-167683.1027563467,135187.54708603464,36.0,-78810.0514871794,-167683.1027563467,135187.54708603464,36.0,-234236.58166193802,-498389.18451555003,401812.8022418665,107.0
80c8c43bd,80c8c43bd,80c8c43bd,80c8c43bc,-50348.57557305117,-107131.81922190123,86369.98119361162,23.0,-50348.57557305117,-107131.81922190123,86369.98119361162,23.0,-234236.58166193802,-498389.18451555003,401812.8022418665,107.0
80c8c43bf,80c8c43bf,80c8c43bf,80c8c43bc,-13134.286928105843,-27946.842167391063,22532.102262825967,6.0,-13134.286928105843,-27946.842167391063,22532.102262825967,6.0,-234236.58166193802,-498389.18451555003,401812.8022418665,107.0
80c8c43c4,80c8c43c4,80c8c43c4,80c8c43d,-96316.84074345307,-204937.8944365864,165243.11682005093,44.0,-96316.84074345307,-204937.8944365864,165243.11682005093,44.0,-288951.8419484187,-614802.7227993164,495742.1738343939,132.0
80c8c43cc,80c8c43cc,80c8c43cc,80c8c43d,-32838.967246455795,-69864.44190547889,56331.66463254006,15.0,-32838.967246455795,-69864.44190547889,56331.66463254006,15.0,-288951.8419484187,-614802.7227993164,495742.1738343939,132.0
80c8c43d4,80c8c43d4,80c8c43d4,80c8c43d,-45972.46292836423,-97806.96205305158,78869.58826847309,21.0,-45972.46292836423,-97806.96205305158,78869.58826847309,21.0,-288951.8419484187,-614802.7227993164,495742.1738343939,132.0
80c8c43dc,80c8c43dc,80c8c43dc,80c8c43d,0.0,0.0,0.0,0.0,-113823.57103014561,-242193.42440419956,195297.80411332982,52.0,-288951.8419484187,-614802.7227993164,495742.1738343939,132.0
80c8c43e1,80c8c43e1,80c8c43e1,80c8c43f,-107249.27650087887,-228220.6865453557,184035.07323587904,49.0,-107249.27650087887,-228220.6865453557,184035.07323587904,49.0,-389591.9837951571,-829058.0839300021,668525.629437855,178.0
80c8c43e3,80c8c43e3,80c8c43e3,80c8c43f,-30640.687250311148,-65206.52338654081,52581.83341752117,14.0,-30640.687250311148,-65206.52338654081,52581.83341752117,14.0,-389591.9837951571,-829058.0839300021,668525.629437855,178.0
80c8c43e5,80c8c43e5,80c8c43e5,80c8c43f,-54716.8631039592,-116441.63683185166,93893.58768552521,25.0,-54716.8631039592,-116441.63683185166,93893.58768552521,25.0,-389591.9837951571,-829058.0839300021,668525.629437855,178.0
80c8c43e7,80c8c43e7,80c8c43e7,80c8c43f,-107249.71715607689,-228223.47885577256,184031.35365356685,49.0,-107249.71715607689,-228223.47885577256,184031.35365356685,49.0,-389591.9837951571,-829058.0839300021,668525.629437855,178.0
80c8c43ec,80c8c43ec,80c8c43ec,80c8c43f,-59096.53088037724,-125758.02714219439,101402.4096036232,27.0,-59096.53088037724,-125758.02714219439,101402.4096036232,27.0,-389591.9837951571,-829058.0839300021,668525.629437855,178.0
80c8c43f4,80c8c43f4,80c8c43f4,80c8c43f,-10942.616020253425,-23288.94905339823,18778.387429325605,5.0,-10942.616020253425,-23288.94905339823,18778.387429325605,5.0,-389591.9837951571,-829058.0839300021,668525.629437855,178.0
80c8c43fc,80c8c43fc,80c8c43fc,80c8c43f,-19696.29288330033,-41918.78211488864,33802.98441241387,9.0,-19696.29288330033,-41918.78211488864,33802.98441241387,9.0,-389591.9837951571,-829058.0839300021,668525.629437855,178.0
80c8c444,80c8c444,80c8c45,80c8c45,-39379.037720001914,-83845.4293266133,67604.10717601446,18.0,-166263.787092265,-354049.06556414417,285398.00601755077,76.0,-166263.787092265,-354049.06556414417,285398.00601755077,76.0
80c8c44c,80c8c44c,80c8c45,80c8c45,-74395.41853403774,-158394.7065298681,127664.37623661853,34.0,-166263.787092265,-354049.06556414417,285398.00601755077,76.0,-166263.787092265,-354049.06556414417,285398.00601755077,76.0
80c8c454,80c8c454,80c8c45,80c8c45,-30621.358417180447,-65225.197813678824,52569.930002303445,14.0,-166263.787092265,-354049.06556414417,285398.00601755077,76.0,-166263.787092265,-354049.06556414417,285398.00601755077,76.0
80c8c45c,80c8c45c,80c8c45,80c8c45,-21867.972421044902,-46583.73189398394,37559.592602614386,10.0,-166263.787092265,-354049.06556414417,285398.00601755077,76.0,-166263.787092265,-354049.06556414417,285398.00601755077,76.0
80c8c464,80c8c464,80c8c464,80c8c464,-91847.67089352659,-195624.86064300782,157782.2663608149,42.0,-91847.67089352659,-195624.86064300782,157782.2663608149,42.0,-91847.67089352659,-195624.86064300782,157782.2663608149,42.0
80c8c469,80c8c469,80c8c46c,80c8c46c,-39371.13034423882,-83839.08461096129,67616.58071152568,18.0,0.0,0.0,0.0,0.0,-227523.5179384675,-484366.9062411221,390692.35510720196,104.0
80c8c46b,80c8c46b,80c8c46c,80c8c46c,-48138.585965780374,-102463.84403438504,82639.44402879877,22.0,0.0,0.0,0.0,0.0,-227523.5179384675,-484366.9062411221,390692.35510720196,104.0
80c8c46d,80c8c46d,80c8c46c,80c8c46c,-96266.97700184071,-204916.48532611778,165298.71494235648,44.0,0.0,0.0,0.0,0.0,-227523.5179384675,-484366.9062411221,390692.35510720196,104.0
80c8c46f,80c8c46f,80c8c46c,80c8c46c,-43746.82462660759,-93147.49226965802,75137.615424521,20.0,0.0,0.0,0.0,0.0,-227523.5179384675,-484366.9062411221,390692.35510720196,104.0
80c8c471,80c8c471,80c8c471,80c8c474,-15308.47633067973,-32599.3213291855,26302.71286609032,7.0,-15308.47633067973,-32599.3213291855,26302.71286609032,7.0,-264657.2159674038,-563477.9570471798,454668.8041070016,121.0
80c8c473,80c8c473,80c8c473,80c8c474,-87506.3291150976,-186279.82425556472,150286.64067871612,40.0,-87506.3291150976,-186279.82425556472,150286.64067871612,40.0,-264657.2159674038,-563477.9570471798,454668.8041070016,121.0
80c8c475,80c8c475,80c8c475,80c8c474,-30625.643421414406,-65193.49183930197,52606.75043837396,14.0,-30625.643421414406,-65193.49183930197,52606.75043837396,14.0,-264657.2159674038,-563477.9570471798,454668.8041070016,121.0
80c8c4764,80c8c4764,80c8c477,80c8c474,-21870.579378844548,-46566.98062006033,37578.84225157336,10.0,-131216.76710021208,-279405.31962312775,225472.70012382112,60.0,-264657.2159674038,-563477.9570471798,454668.8041070016,121.0
80c8c476c,80c8c476c,80c8c477,80c8c474,-21871.38962499021,-46568.58061572211,37576.38789182242,10.0,-131216.76710021208,-279405.31962312775,225472.70012382112,60.0,-264657.2159674038,-563477.9570471798,454668.8041070016,121.0
80c8c4774,80c8c4774,80c8c477,80c8c474,-15308.295003642179,-32598.279620860845,26304.109428378855,7.0,-131216.76710021208,-279405.31962312775,225472.70012382112,60.0,-264657.2159674038,-563477.9570471798,454668.8041070016,121.0
80c8c477c,80c8c477c,80c8c477,80c8c474,-72166.50309273515,-153671.47876648448,124013.36055204658,33.0,-131216.76710021208,-279405.31962312775,225472.70012382112,60.0,-264657.2159674038,-563477.9570471798,454668.8041070016,121.0
80c8c47c,80c8c47c,80c8c47c,80c8c47c,-52473.85248011712,-111771.26771424107,90185.2328372715,24.0,-52473.85248011712,-111771.26771424107,90185.2328372715,24.0,-52473.85248011712,-111771.26771424107,90185.2328372715,24.0
80c8c49,80c8c49,80c8c49,80c8c4c,-100503.14535863721,-214260.65214550524,172856.60645338142,46.0,-100503.14535863721,-214260.65214550524,172856.60645338142,46.0,-351715.6123047013,-750040.1790792282,604865.9144227526,161.0
80c8c4b,80c8c4b,80c8c4b,80c8c4c,-72037.84703020031,-153729.70718679545,124015.99129603128,33.0,-72037.84703020031,-153729.70718679545,124015.99129603128,33.0,-351715.6123047013,-750040.1790792282,604865.9144227526,161.0
80c8c4d,80c8c4d,80c8c4d,80c8c4c,-19650.611856355645,-41939.11345445335,33804.35106431242,9.0,-19650.611856355645,-41939.11345445335,33804.35106431242,9.0,-351715.6123047013,-750040.1790792282,604865.9144227526,161.0
80c8c4e4,80c8c4e4,80c8c4f,80c8c4c,-45882.18610572496,-97851.21207752363,78867.27038392313,21.0,-159524.0080595082,-340110.70629247423,274188.9656090274,73.0,-351715.6123047013,-750040.1790792282,604865.9144227526,161.0
80c8c4ec,80c8c4ec,80c8c4f,80c8c4c,-34955.010102924054,-74545.16040695715,60101.107072512285,16.0,-159524.0080595082,-340110.70629247423,274188.9656090274,73.0,-351715.6123047013,-750040.1790792282,604865.9144227526,161.0
80c8c4f4,80c8c4f4,80c8c4f,80c8c4c,-67756.32552508693,-144418.28591439192,116443.9419124342,31.0,-159524.0080595082,-340110.70629247423,274188.9656090274,73.0,-351715.6123047013,-750040.1790792282,604865.9144227526,161.0
80c8c4fc,80c8c4fc,80c8c4f,80c8c4c,-10930.486325772239,-23296.047893601557,18776.646240157792,5.0,-159524.0080595082,-340110.70629247423,274188.9656090274,73.0,-351715.6123047013,-750040.1790792282,604865.9144227526,161.0
80c8c51,80c8c51,80c8c54,80c8c54,-52452.93596483678,-111848.9470173525,90101.05382293083,24.0,-192325.40915179957,-410185.30970233143,330281.6519959908,88.0,-192325.40915179957,-410185.30970233143,330281.6519959908,88.0
80c8c53,80c8c53,80c8c54,80c8c54,-37128.69930074453,-79233.48753394959,63827.521551065896,17.0,-192325.40915179957,-410185.30970233143,330281.6519959908,88.0,-192325.40915179957,-410185.30970233143,330281.6519959908,88.0
80c8c55,80c8c55,80c8c54,80c8c54,-28399.299201797763,-60612.67794919964,48777.56967927357,13.0,-192325.40915179957,-410185.30970233143,330281.6519959908,88.0,-192325.40915179957,-410185.30970233143,330281.6519959908,88.0
80c8c57,80c8c57,80c8c54,80c8c54,-74344.47468442054,-158490.1972018297,127575.50694272044,34.0,-192325.40915179957,-410185.30970233143,330281.6519959908,88.0,-192325.40915179957,-410185.30970233143,330281.6519959908,88.0
80c8c59,80c8c59,80c8c59,80c8c59,0.0,0.0,0.0,0.0,-179434.22124307678,-382196.62575058534,307659.8680111491,82.0,-179434.22124307678,-382196.62575058534,307659.8680111491,82.0
80c8c5b,80c8c5b,80c8c5b,80c8c5b,-107210.57208494695,-228323.51505690516,183930.04324703597,49.0,-107210.57208494695,-228323.51505690516,183930.04324703597,49.0,-107210.57208494695,-228323.51505690516,183930.04324703597,49.0
80c8c5c1,80c8c5c1,80c8c5c4,80c8c5c4,-10948.05991005049,-23298.755223887638,18763.043907294803,5.0,-131395.7891573414,-279568.90772586234,225165.45726630237,60.0,-131395.7891573414,-279568.90772586234,225165.45726630237,60.0
80c8c5c3,80c8c5c3,80c8c5c4,80c8c5c4,-28470.18330084831,-60576.702993175815,48780.938832606305,13.0,-131395.7891573414,-279568.90772586234,225165.45726630237,60.0,-131395.7891573414,-279568.90772586234,225165.45726630237,60.0
80c8c5c5,80c8c5c5,80c8c5c4,80c8c5c4,-78840.8272831407,-167736.1948835042,135103.71158336767,36.0,-131395.7891573414,-279568.90772586234,225165.45726630237,60.0,-131395.7891573414,-279568.90772586234,225165.45726630237,60.0
80c8c5c7,80c8c5c7,80c8c5c4,80c8c5c4,-13136.718663301914,-27957.25462529466,22517.76294303359,6.0,-131395.7891573414,-279568.90772586234,225165.45726630237,60.0,-131395.7891573414,-279568.90772586234,225165.45726630237,60.0
80c8c5c9,80c8c5c9,80c8c5c9,80c8c5c9,-26272.283676330968,-55910.83175380722,45040.764267713435,12.0,-26272.283676330968,-55910.83175380722,45040.764267713435,12.0,-26272.283676330968,-55910.83175380722,45040.764267713435,12.0
80c8c5cb,80c8c5cb,80c8c5cb,80c8c5cb,-96325.42949300246,-204990.3194705719,165173.06850932623,44.0,-96325.42949300246,-204990.3194705719,165173.06850932623,44.0,-96325.42949300246,-204990.3194705719,165173.06850932623,44.0
80c8c5cc4,80c8c5cc4,80c8c5cc4,80c8c5cc4,-37222.916653140346,-79200.88166458622,63813.11362150533,17.0,-37222.916653140346,-79200.88166458622,63813.11362150533,17.0,-37222.916653140346,-79200.88166458622,63813.11362150533,17.0
80c8c5cc9,80c8c5cc9,80c8c5cc9,80c8c5cc9,-72253.4968073383,-153739.85306206957,123877.88719259252,33.0,-72253.4968073383,-153739.85306206957,123877.88719259252,33.0,-72253.4968073383,-153739.85306206957,123877.88719259252,33.0
80c8c5ccb,80c8c5ccb,80c8c5ccb,80c8c5ccb,-32842.0843780211,-69880.95242158139,56309.363662933014,15.0,-32842.0843780211,-69880.95242158139,56309.363662933014,15.0,-32842.0843780211,-69880.95242158139,56309.363662933014,15.0
80c8c5ccc4,80c8c5ccc4,80c8c5ccd,80c8c5ccd,-67875.90996084579,-144420.38289378423,116371.67442559621,31.0,-181734.68124349648,-386672.31940382556,311576.3667723487,83.0,-181734.68124349648,-386672.31940382556,311576.3667723487,83.0
80c8c5cccc,80c8c5cccc,80c8c5ccd,80c8c5ccd,-13137.121200543857,-27952.106601701897,22523.918303399238,6.0,-181734.68124349648,-386672.31940382556,311576.3667723487,83.0,-181734.68124349648,-386672.31940382556,311576.3667723487,83.0
80c8c5ccd4,80c8c5ccd4,80c8c5ccd,80c8c5ccd,-32843.89275927963,-69879.9590190853,56309.541730281744,15.0,-181734.68124349648,-386672.31940382556,311576.3667723487,83.0,-181734.68124349648,-386672.31940382556,311576.3667723487,83.0
80c8c5ccdc,80c8c5ccdc,80c8c5ccd,80c8c5ccd,-67877.75732282718,-144419.87088925406,116371.23231307144,31.0,-181734.68124349648,-386672.31940382556,311576.3667723487,83.0,-181734.68124349648,-386672.31940382556,311576.3667723487,83.0
80c8c5cce4,80c8c5cce4,80c8c5ccf,80c8c5ccf,-24085.785730303214,-51246.04968376018,41292.58342787468,11.0,-199252.5012233826,-423947.0760516484,341600.73640412005,91.0,-199252.5012233826,-423947.0760516484,341600.73640412005,91.0
80c8c5cce9,80c8c5cce9,80c8c5ccf,80c8c5ccf,-81014.19036433617,-172373.7723995812,138893.32447165693,37.0,-199252.5012233826,-423947.0760516484,341600.73640412005,91.0,-199252.5012233826,-423947.0760516484,341600.73640412005,91.0
80c8c5cceb,80c8c5cceb,80c8c5ccf,80c8c5ccf,-8758.166247834799,-18634.99846891077,15015.572120627015,4.0,-199252.5012233826,-423947.0760516484,341600.73640412005,91.0,-199252.5012233826,-423947.0760516484,341600.73640412005,91.0
80c8c5cced,80c8c5cced,80c8c5ccf,80c8c5ccf,-6568.668575028006,-13976.29962180977,11261.59048263192,3.0,-199252.5012233826,-423947.0760516484,341600.73640412005,91.0,-199252.5012233826,-423947.0760516484,341600.73640412005,91.0
80c8c5ccef,80c8c5ccef,80c8c5ccf,80c8c5ccf,-19706.20291521169,-41928.82269370877,33784.75096365305,9.0,-199252.5012233826,-423947.0760516484,341600.73640412005,91.0,-199252.5012233826,-423947.0760516484,341600.73640412005,91.0
80c8c5ccf4,80c8c5ccf4,80c8c5ccf,80c8c5ccf,-28464.55466289338,-60564.26570043392,48799.66318288482,13.0,-199252.5012233826,-423947.0760516484,341600.73640412005,91.0,-199252.5012233826,-423947.0760516484,341600.73640412005,91.0
80c8c5ccfc,80c8c5ccfc,80c8c5ccf,80c8c5ccf,-30654.932727775365,-65222.86748344379,52553.25175479162,14.0,-199252.5012233826,-423947.0760516484,341600.73640412005,91.0,-199252.5012233826,-423947.0760516484,341600.73640412005,91.0
80c8c5cd1,80c8c5cd1,80c8c5cd4,80c8c5cd4,-43793.76044515336,-93174.9310155264,75076.22811026366,20.0,-124811.6775130055,-265545.1261893925,213971.81823331604,57.0,-124811.6775130055,-265545.1261893925,213971.81823331604,57.0
80c8c5cd3,80c8c5cd3,80c8c5cd4,80c8c5cd4,-70068.8472503129,-149076.95110620567,120126.29394683373,32.0,-124811.6775130055,-265545.1261893925,213971.81823331604,57.0,-124811.6775130055,-265545.1261893925,213971.81823331604,57.0
80c8c5cd5,80c8c5cd5,80c8c5cd4,80c8c5cd4,-6569.384218781371,-13975.838954503784,11261.744742979892,3.0,-124811.6775130055,-265545.1261893925,213971.81823331604,57.0,-124811.6775130055,-265545.1261893925,213971.81823331604,57.0
80c8c5cd7,80c8c5cd7,80c8c5cd4,80c8c5cd4,-4379.685598757873,-9317.40511315671,7507.551433238761,2.0,-124811.6775130055,-265545.1261893925,213971.81823331604,57.0,-124811.6775130055,-265545.1261893925,213971.81823331604,57.0
80c8c5cdc,80c8c5cdc,80c8c5cdc,80c8c5cdc,-48175.75524836595,-102493.61142347584,82580.84967871373,22.0,-48175.75524836595,-102493.61142347584,82580.84967871373,22.0,-48175.75524836595,-102493.61142347584,82580.84967871373,22.0
80c8c5ce4,80c8c5ce4,80c8c5cf,80c8c5cf,-100735.57557626624,-214313.34664664912,172655.8741273121,46.0,-218985.08310531068,-465904.84204166447,375334.17445382057,100.0,-218985.08310531068,-465904.84204166447,375334.17445382057,100.0
80c8c5cec,80c8c5cec,80c8c5cf,80c8c5cf,-72261.18656504461,-153748.97206254213,123862.08320979097,33.0,-218985.08310531068,-465904.84204166447,375334.17445382057,100.0,-218985.08310531068,-465904.84204166447,375334.17445382057,100.0
80c8c5cf4,80c8c5cf4,80c8c5cf,80c8c5cf,-15328.17843534678,-32614.45269018144,26272.463235005012,7.0,-218985.08310531068,-465904.84204166447,375334.17445382057,100.0,-218985.08310531068,-465904.84204166447,375334.17445382057,100.0
80c8c5cfc,80c8c5cfc,80c8c5cf,80c8c5cf,-30660.142528653032,-65228.070642291736,52543.75388171252,14.0,-218985.08310531068,-465904.84204166447,375334.17445382057,100.0,-218985.08310531068,-465904.84204166447,375334.17445382057,100.0
80c8c5d4,80c8c5d4,80c8c5d4,80c8c5d4,-72276.15646054475,-153741.8628473507,123862.17269707083,33.0,-72276.15646054475,-153741.8628473507,123862.17269707083,33.0,-72276.15646054475,-153741.8628473507,123862.17269707083,33.0
80c8c5dc,80c8c5dc,80c8c5dc,80c8c5dc,-26285.70833383929,-55911.492086495215,45032.11108077175,12.0,-26285.70833383929,-55911.492086495215,45032.11108077175,12.0,-26285.70833383929,-55911.492086495215,45032.11108077175,12.0
80c8c5e4,80c8c5e4,80c8c5f,80c8c5f,-13145.495879642505,-27959.93892274749,22509.306125583025,6.0,-197144.0766158051,-419431.17285123013,337622.1236678846,90.0,-197144.0766158051,-419431.17285123013,337622.1236678846,90.0
80c8c5ec,80c8c5ec,80c8c5f,80c8c5f,-87603.90107292181,-186401.59992077283,150078.66214134614,40.0,-197144.0766158051,-419431.17285123013,337622.1236678846,90.0,-197144.0766158051,-419431.17285123013,337622.1236678846,90.0
80c8c5f4,80c8c5f4,80c8c5f,80c8c5f,-61334.9219885853,-130500.71941349887,105023.59684861932,28.0,-197144.0766158051,-419431.17285123013,337622.1236678846,90.0,-197144.0766158051,-419431.17285123013,337622.1236678846,90.0
80c8c5fc,80c8c5fc,80c8c5f,80c8c5f,-35059.75767465548,-74568.91459421095,60010.55855233614,16.0,-197144.0766158051,-419431.17285123013,337622.1236678846,90.0,-197144.0766158051,-419431.17285123013,337622.1236678846,90.0
80c8c64,80c8c64,80c8c64,80c8c64,0.0,0.0,0.0,0.0,0.0,0.0,0.0,0.0,-265453.92871183355,-563716.5130104807,453907.95926490787,121.0
80c8c69,80c8c69,80c8c69,80c8c6c,-109578.64357513118,-232860.26011016566,187731.19270139604,50.0,-109578.64357513118,-232860.26011016566,187731.19270139604,50.0,0.0,0.0,0.0,0.0
80c8c6b,80c8c6b,80c8c6b,80c8c6c,-56966.597233722656,-121061.19928794527,97660.97227628095,26.0,-56966.597233722656,-121061.19928794527,97660.97227628095,26.0,0.0,0.0,0.0,0.0
80c8c6d,80c8c6d,80c8c6d,80c8c6c,-74566.35391569274,-158286.68935563025,127698.61598424627,34.0,-74566.35391569274,-158286.68935563025,127698.61598424627,34.0,0.0,0.0,0.0,0.0
80c8c6e4,80c8c6e4,80c8c6f,80c8c6c,-63626.89530871877,-135032.0402980625,108875.83988156964,29.0,0.0,0.0,0.0,0.0,0.0,0.0,0.0,0.0
80c8c6ec,80c8c6ec,80c8c6f,80c8c6c,-50440.77427012221,-107102.1906571402,86352.92884074096,23.0,0.0,0.0,0.0,0.0,0.0,0.0,0.0,0.0
80c8c6f4,80c8c6f4,80c8c6f,80c8c6c,-59222.0315576314,-125744.41043718369,101346.06125011615,27.0,0.0,0.0,0.0,0.0,0.0,0.0,0.0,0.0
80c8c6fc,80c8c6fc,80c8c6f,80c8c6c,-92167.78876262657,-195591.07566582222,157637.4128837495,42.0,0.0,0.0,0.0,0.0,0.0,0.0,0.0,0.0
80c8c71,80c8c71,80c8c74,80c8c74,-79053.0144047578,-167626.83868060212,135115.4423133743,36.0,0.0,0.0,0.0,0.0,-274564.7728629176,-581929.2632266174,469241.2499860355,125.0
80c8c73,80c8c73,80c8c74,80c8c74,-76828.48656269291,-162927.1832635867,131432.73305519216,35.0,0.0,0.0,0.0,0.0,-274564.7728629176,-581929.2632266174,469241.2499860355,125.0
80c8c75,80c8c75,80c8c74,80c8c74,-50543.35499553481,-107049.41784797474,86358.38332561168,23.0,0.0,0.0,0.0,0.0,-274564.7728629176,-581929.2632266174,469241.2499860355,125.0
80c8c77,80c8c77,80c8c74,80c8c74,-68139.91689993217,-144325.8234344541,116334.69129185732,31.0,0.0,0.0,0.0,0.0,-274564.7728629176,-581929.2632266174,469241.2499860355,125.0
80c8c7c,80c8c7c,80c8c7c,80c8c7c,0.0,0.0,0.0,0.0,0.0,0.0,0.0,0.0,-386853.3823991532,-819713.9880370798,660092.0652262836,176.0
80c8c9,80c8c9,80c8c9,80c8c9,0.0,0.0,0.0,0.0,0.0,0.0,0.0,0.0,-322994.04268456926,-685117.8288705308,550810.4824938462,147.0
80c8cb,80c8cb,80c8cb,80c8cb,-63716.40691496487,-135388.23090245647,108380.00824085719,29.0,-63716.40691496487,-135388.23090245647,108380.00824085719,29.0,-63716.40691496487,-135388.23090245647,108380.00824085719,29.0
80c8cd,80c8cd,80c8cd,80c8cd,0.0,0.0,0.0,0.0,0.0,0.0,0.0,0.0,-247495.3857206078,-527533.2412388737,422782.5933656629,113.0
80c8ce4,80c8ce4,80c8ce4,80c8cf,0.0,0.0,0.0,0.0,-192452.5524412845,-410615.78892370115,329672.1320545337,88.0,0.0,0.0,0.0,0.0
80c8cec,80c8cec,80c8cec,80c8cf,0.0,0.0,0.0,0.0,-214833.24140033007,-457086.1326452654,367073.45074612414,98.0,0.0,0.0,0.0,0.0
80c8cf4,80c8cf4,80c8cf4,80c8cf,0.0,0.0,0.0,0.0,0.0,0.0,0.0,0.0,0.0,0.0,0.0,0.0
80c8cf9,80c8cf9,80c8cfc,80c8cf,-87494.72510790316,-186510.3116836001,150007.2659248087,40.0,0.0,0.0,0.0,0.0,0.0,0.0,0.0,0.0
80c8cfb,80c8cfb,80c8cfc,80c8cf,-100637.58821656698,-214536.7207106637,172435.45830407,46.0,0.0,0.0,0.0,0.0,0.0,0.0,0.0,0.0
80c8cfd,80c8cfd,80c8cfc,80c8cf,-61185.77480102905,-130609.76927476886,104975.02139199575,28.0,0.0,0.0,0.0,0.0,0.0,0.0,0.0,0.0
80c8cff,80c8cff,80c8cfc,80c8cf,-67741.24237347732,-144564.89502927088,116270.66352525531,31.0,0.0,0.0,0.0,0.0,0.0,0.0,0.0,0.0
80c8d01,80c8d01,80c8d04,80c8d04,-76402.12597709971,-163234.52768781115,131299.85203784503,35.0,-202967.53940208445,-433814.6248555452,348811.9878310378,93.0,-202967.53940208445,-433814.6248555452,348811.9878310378,93.0
80c8d03,80c8d03,80c8d04,80c8d04,-41488.06790428008,-88636.42987832095,71240.60807978494,19.0,-202967.53940208445,-433814.6248555452,348811.9878310378,93.0,-202967.53940208445,-433814.6248555452,348811.9878310378,93.0
80c8d05,80c8d05,80c8d04,80c8d04,-56720.60309159553,-121303.81073423663,97502.98218487132,26.0,-202967.53940208445,-433814.6248555452,348811.9878310378,93.0,-202967.53940208445,-433814.6248555452,348811.9878310378,93.0
80c8d07,80c8d07,80c8d04,80c8d04,-28356.742429109123,-60639.85655517645,48768.545528536444,13.0,-202967.53940208445,-433814.6248555452,348811.9878310378,93.0,-202967.53940208445,-433814.6248555452,348811.9878310378,93.0
80c8d09,80c8d09,80c8d0c,80c8d0c,-61004.70289289698,-130630.4018911303,105054.70127710732,28.0,0.0,0.0,0.0,0.0,-270139.7675781835,-578571.8358305168,465174.3225878279,124.0
80c8d0b,80c8d0b,80c8d0c,80c8d0c,-69678.94997056942,-149297.87973110177,120078.69982148401,32.0,0.0,0.0,0.0,0.0,-270139.7675781835,-578571.8358305168,465174.3225878279,124.0
80c8d0d,80c8d0d,80c8d0c,80c8d0c,-23956.93352662769,-51331.83576854573,41260.97469615652,11.0,0.0,0.0,0.0,0.0,-270139.7675781835,-578571.8358305168,465174.3225878279,124.0
80c8d0f,80c8d0f,80c8d0c,80c8d0c,0.0,0.0,0.0,0.0,0.0,0.0,0.0,0.0,-270139.7675781835,-578571.8358305168,465174.3225878279,124.0
80c8d14,80c8d14,80c8d14,80c8d14,0.0,0.0,0.0,0.0,0.0,0.0,0.0,0.0,-220136.50694733125,-471478.8300126993,378554.7257120024,101.0
80c8d19,80c8d19,80c8d19,80c8d1c,-48020.71811111446,-102698.78414154603,82416.08042076758,22.0,-48020.71811111446,-102698.78414154603,82416.08042076758,22.0,0.0,0.0,0.0,0.0
80c8d1b,80c8d1b,80c8d1b,80c8d1c,-91633.92967824676,-196021.84547480068,157413.4097118112,42.0,-91633.92967824676,-196021.84547480068,157413.4097118112,42.0,0.0,0.0,0.0,0.0
80c8d1d,80c8d1d,80c8d1d,80c8d1c,-69899.34943262691,-149336.25474848892,119902.75534062997,32.0,-69899.34943262691,-149336.25474848892,119902.75534062997,32.0,0.0,0.0,0.0,0.0
80c8d1e4,80c8d1e4,80c8d1f,80c8d1c,-72104.11653434261,-154016.12128842672,123621.48560428631,33.0,0.0,0.0,0.0,0.0,0.0,0.0,0.0,0.0
80c8d1ec,80c8d1ec,80c8d1f,80c8d1c,-63338.850746519725,-135353.1035147479,108644.87808593451,29.0,0.0,0.0,0.0,0.0,0.0,0.0,0.0,0.0
80c8d1f4,80c8d1f4,80c8d1f,80c8d1c,-52420.237887536205,-112034.94812530863,89888.74667264125,24.0,0.0,0.0,0.0,0.0,0.0,0.0,0.0,0.0
80c8d1fc,80c8d1fc,80c8d1f,80c8d1c,-74304.99943142835,-158702.37730090655,127334.50771845886,34.0,0.0,0.0,0.0,0.0,0.0,0.0,0.0,0.0
80c8d3,80c8d3,80c8d3,80c8d3,-63396.933337826835,-135440.81421756578,108501.56636051406,29.0,-63396.933337826835,-135440.81421756578,108501.56636051406,29.0,-63396.933337826835,-135440.81421756578,108501.56636051406,29.0
80c8d5,80c8d5,80c8d5,80c8d5,-80434.964580412,-172938.22557795673,138527.76934092556,37.0,-80434.964580412,-172938.22557795673,138527.76934092556,37.0,-80434.964580412,-172938.22557795673,138527.76934092556,37.0
80c8d7,80c8d7,80c8d7,80c8d7,0.0,0.0,0.0,0.0,-132597.5708201005,-284819.9303985279,228757.32638774294,61.0,-132597.5708201005,-284819.9303985279,228757.32638774294,61.0
80c8da4,80c8da4,80c8db,80c8dc,-43563.65322595936,-93264.63990457525,75098.70257654611,20.0,0.0,0.0,0.0,0.0,0.0,0.0,0.0,0.0
80c8dac,80c8dac,80c8db,80c8dc,0.0,0.0,0.0,0.0,0.0,0.0,0.0,0.0,0.0,0.0,0.0,0.0
80c8db4,80c8db4,80c8db,80c8dc,0.0,0.0,0.0,0.0,0.0,0.0,0.0,0.0,0.0,0.0,0.0,0.0
80c8dbc,80c8dbc,80c8db,80c8dc,-39158.316902070444,-83889.403658159,67677.72046083598,18.0,0.0,0.0,0.0,0.0,0.0,0.0,0.0,0.0
80c8dc4,80c8dc4,80c8dd,80c8dc,-34799.88213578906,-74544.52398164714,60191.8457756196,16.0,0.0,0.0,0.0,0.0,0.0,0.0,0.0,0.0
80c8dcc,80c8dcc,80c8dd,80c8dc,-56662.21334400838,-121108.18204708661,97779.71634234855,26.0,0.0,0.0,0.0,0.0,0.0,0.0,0.0,0.0
80c8dd4,80c8dd4,80c8dd,80c8dc,0.0,0.0,0.0,0.0,0.0,0.0,0.0,0.0,0.0,0.0,0.0,0.0
80c8ddc,80c8ddc,80c8dd,80c8dc,-41319.07627872834,-88458.66733735582,71559.0568369454,19.0,0.0,0.0,0.0,0.0,0.0,0.0,0.0,0.0
80c8df,80c8df,80c8df,80c8dc,-49920.24269158054,-107181.2613326035,86557.0531249008,23.0,-49920.24269158054,-107181.2613326035,86557.0531249008,23.0,0.0,0.0,0.0,0.0
80c8e73,80c8e73,80c8e4,80c8e4,-17372.802745065062,-37231.62277412668,30161.833032696508,8.0,0.0,0.0,0.0,0.0,-367252.0347490962,-786483.3817699158,637066.1616045048,169.0
80c8e75,80c8e75,80c8e4,80c8e4,0.0,0.0,0.0,0.0,0.0,0.0,0.0,0.0,-367252.0347490962,-786483.3817699158,637066.1616045048,169.0
80c8e7c,80c8e7c,80c8e4,80c8e4,0.0,0.0,0.0,0.0,0.0,0.0,0.0,0.0,-367252.0347490962,-786483.3817699158,637066.1616045048,169.0
80c8e84,80c8e84,80c8e9,80c8e9,0.0,0.0,0.0,0.0,0.0,0.0,0.0,0.0,0.0,0.0,0.0,0.0
80c8e8c,80c8e8c,80c8e9,80c8e9,-54495.56976562355,-116247.63953036687,94261.94267075503,25.0,0.0,0.0,0.0,0.0,0.0,0.0,0.0,0.0
80c8e94,80c8e94,80c8e9,80c8e9,0.0,0.0,0.0,0.0,0.0,0.0,0.0,0.0,0.0,0.0,0.0,0.0
80c8e9c,80c8e9c,80c8e9,80c8e9,0.0,0.0,0.0,0.0,0.0,0.0,0.0,0.0,0.0,0.0,0.0,0.0
80c8ea4,80c8ea4,80c8ea4,80c8eb,0.0,0.0,0.0,0.0,-155444.8674795658,-330093.10115965054,267373.09481385833,71.0,0.0,0.0,0.0,0.0
80c8eac,80c8eac,80c8eac,80c8eb,0.0,0.0,0.0,0.0,-219303.85962801788,-464807.2576185896,376507.01483058115,100.0,0.0,0.0,0.0,0.0
80c8eb4,80c8eb4,80c8eb4,80c8eb,0.0,0.0,0.0,0.0,0.0,0.0,0.0,0.0,0.0,0.0,0.0,0.0
80c8ebc,80c8ebc,80c8ebc,80c8eb,0.0,0.0,0.0,0.0,-164108.62666692483,-348533.3389468467,282683.95531579957,75.0,0.0,0.0,0.0,0.0
80c8ed,80c8ed,80c8ed,80c8ed,0.0,0.0,0.0,0.0,0.0,0.0,0.0,0.0,-365668.86256972264,-775451.1695329822,630054.9163064092,167.0
80c8ef,80c8ef,80c8ef,80c8ef,-4367.986029250566,-9289.423579738597,7548.928408931836,2.0,-4367.986029250566,-9289.423579738597,7548.928408931836,2.0,-4367.986029250566,-9289.423579738597,7548.928408931836,2.0
80c91,80c91,80c91,80c94,0.0,0.0,0.0,0.0,0.0,0.0,0.0,0.0,0.0,0.0,0.0,0.0
80c924,80c924,80c924,80c94,-69114.62784171841,-149337.33655733545,120355.24478068856,32.0,-69114.62784171841,-149337.33655733545,120355.24478068856,32.0,0.0,0.0,0.0,0.0
80c929,80c929,80c929,80c94,-99499.86678946906,-214891.93969459343,172653.20208013605,46.0,-99499.86678946906,-214891.93969459343,172653.20208013605,46.0,0.0,0.0,0.0,0.0
80c92b,80c92b,80c92b,80c94,0.0,0.0,0.0,0.0,-119116.0286152193,-257278.22865438336,205920.49185087738,55.0,0.0,0.0,0.0,0.0
80c92c4,80c92c4,80c92d,80c94,-56174.25327540014,-121589.93617273218,97462.87619915478,26.0,0.0,0.0,0.0,0.0,0.0,0.0,0.0,0.0
80c92cc,80c92cc,80c92d,80c94,0.0,0.0,0.0,0.0,0.0,0.0,0.0,0.0,0.0,0.0,0.0,0.0
80c92d1,80c92d1,80c92d,80c94,0.0,0.0,0.0,0.0,0.0,0.0,0.0,0.0,0.0,0.0,0.0,0.0
80c92d3,80c92d3,80c92d,80c94,-69024.07557957366,-149778.93004534434,119857.64843608394,32.0,0.0,0.0,0.0,0.0,0.0,0.0,0.0,0.0
80c92d5,80c92d5,80c92d,80c94,-28027.134097842856,-60854.20188782676,48692.03272043442,13.0,0.0,0.0,0.0,0.0,0.0,0.0,0.0,0.0
80c92d7,80c92d7,80c92d,80c94,0.0,0.0,0.0,0.0,0.0,0.0,0.0,0.0,0.0,0.0,0.0,0.0
80c92dc,80c92dc,80c92d,80c94,-6468.696004401294,-14033.708857697511,11248.055430944849,3.0,0.0,0.0,0.0,0.0,0.0,0.0,0.0,0.0
80c934,80c934,80c934,80c94,-6438.89190063057,-14036.899403729069,11261.13943292869,3.0,-6438.89190063057,-14036.899403729069,11261.13943292869,3.0,0.0,0.0,0.0,0.0
80c93c,80c93c,80c93c,80c94,0.0,0.0,0.0,0.0,-115664.42816061885,-252285.0252518987,203306.76731558994,54.0,0.0,0.0,0.0,0.0
80c97,80c97,80c97,80c94,0.0,0.0,0.0,0.0,0.0,0.0,0.0,0.0,0.0,0.0,0.0,0.0
80c9c,80c9c,80c9c,80c9c,-56814.380411308346,-125500.29958228717,103012.17088535042,27.0,-56814.380411308346,-125500.29958228717,103012.17088535042,27.0,-56814.380411308346,-125500.29958228717,103012.17088535042,27.0
80cb,80cb,80cb,80cb,-62417.48922350506,-139773.4331616286,114446.65931662172,30.0,-62417.48922350506,-139773.4331616286,114446.65931662172,30.0,-62417.48922350506,-139773.4331616286,114446.65931662172,30.0
80ce4,80ce4,80cf,80cf,0.0,0.0,0.0,0.0,0.0,0.0,0.0,0.0,0.0,0.0,0.0,0.0
80cec,80cec,80cf,80cf,0.0,0.0,0.0,0.0,0.0,0.0,0.0,0.0,0.0,0.0,0.0,0.0
80cf4,80cf4,80cf,80cf,0.0,0.0,0.0,0.0,0.0,0.0,0.0,0.0,0.0,0.0,0.0,0.0
80cfc,80cfc,80cf,80cf,-11273.517414128777,-23526.68932359881,18279.619535161564,5.0,0.0,0.0,0.0,0.0,0.0,0.0,0.0,0.0
8094,8094,8094,8094,0.0,0.0,0.0,0.0,-199524.92645576742,-361638.64821942966,330188.1250019772,83.0,-199524.92645576742,-361638.64821942966,330188.1250019772,83.0
80984,80984,80984,80984,0.0,0.0,0.0,0.0,0.0,0.0,0.0,0.0,-303264.5270628283,-544499.2491656735,505916.316827286,126.0
80989,80989,8098c,8098c,-49744.49596304005,-90491.25378655091,85069.92381567352,21.0,0.0,0.0,0.0,0.0,0.0,0.0,0.0,0.0
8098b,8098b,8098c,8098c,-89605.93876342295,-162688.4157551959,155288.64510602682,38.0,0.0,0.0,0.0,0.0,0.0,0.0,0.0,0.0
8098d,8098d,8098c,8098c,0.0,0.0,0.0,0.0,0.0,0.0,0.0,0.0,0.0,0.0,0.0,0.0
8098f,8098f,8098c,8098c,0.0,0.0,0.0,0.0,0.0,0.0,0.0,0.0,0.0,0.0,0.0,0.0
809904,809904,809904,80991,-65648.8675064381,-115807.36842653701,108943.97288532124,27.0,-65648.8675064381,-115807.36842653701,108943.97288532124,27.0,0.0,0.0,0.0,0.0
809909,809909,80990c,80991,-53694.33193723779,-94349.4497308272,88659.66419135322,22.0,0.0,0.0,0.0,0.0,0.0,0.0,0.0,0.0
80990b,80990b,80990c,80991,0.0,0.0,0.0,0.0,0.0,0.0,0.0,0.0,0.0,0.0,0.0,0.0
80990d,80990d,80990c,80991,-58764.39756850538,-102766.35339993917,96775.60073942028,24.0,0.0,0.0,0.0,0.0,0.0,0.0,0.0,0.0
80990f,80990f,80990c,80991,0.0,0.0,0.0,0.0,0.0,0.0,0.0,0.0,0.0,0.0,0.0,0.0
809913,809913,809914,80991,0.0,0.0,0.0,0.0,0.0,0.0,0.0,0.0,0.0,0.0,0.0,0.0
8099144,8099144,809914,80991,-92739.84513697177,-162406.9633192729,153736.46393948636,38.0,0.0,0.0,0.0,0.0,0.0,0.0,0.0,0.0
809914c,809914c,809914,80991,0.0,0.0,0.0,0.0,0.0,0.0,0.0,0.0,0.0,0.0,0.0,0.0
8099154,8099154,809914,80991,0.0,0.0,0.0,0.0,0.0,0.0,0.0,0.0,0.0,0.0,0.0,0.0
809915c,809915c,809914,80991,-60992.47989877274,-106792.52107237841,101212.00253627353,25.0,0.0,0.0,0.0,0.0,0.0,0.0,0.0,0.0
809924,809924,809924,809924,-116076.65357481659,-205186.70648675342,194790.58707686176,48.0,-116076.65357481659,-205186.70648675342,194790.58707686176,48.0,-116076.65357481659,-205186.70648675342,194790.58707686176,48.0
809934,809934,809934,809934,0.0,0.0,0.0,0.0,-165305.1090303063,-289658.48864023085,276512.50740566,68.0,-165305.1090303063,-289658.48864023085,276512.50740566,68.0
8099384,8099384,8099384,809939,0.0,0.0,0.0,0.0,-126763.09220299535,-221588.76208365697,211149.765258445,52.0,0.0,0.0,0.0,0.0
8099389,8099389,809938c,809939,-53666.61662988588,-93784.66202754912,89273.57777004197,22.0,0.0,0.0,0.0,0.0,0.0,0.0,0.0,0.0
809938b,809938b,809938c,809939,-95161.11880037014,-166298.103242975,158197.07871976827,39.0,0.0,0.0,0.0,0.0,0.0,0.0,0.0,0.0
809938d,809938d,809938c,809939,-75580.05613278717,-132207.16241367953,125760.38153887309,31.0,0.0,0.0,0.0,0.0,0.0,0.0,0.0,0.0
809938f,809938f,809938c,809939,-26801.125935971533,-46899.903832971446,44648.16600421194,11.0,0.0,0.0,0.0,0.0,0.0,0.0,0.0,0.0
8099394,8099394,8099394,809939,0.0,0.0,0.0,0.0,-192347.40080616486,-336911.63698657235,320645.6917060052,79.0,0.0,0.0,0.0,0.0
809939c,809939c,809939c,809939,0.0,0.0,0.0,0.0,-206855.99083062168,-362332.75380967534,345234.01437691157,85.0,0.0,0.0,0.0,0.0
80993b,80993b,80993b,80993b,0.0,0.0,0.0,0.0,-172564.96325363332,-302738.7750419435,288415.47905310645,71.0,-172564.96325363332,-302738.7750419435,288415.47905310645,71.0
80993d,80993d,80993d,80993d,-85076.38776588677,-149503.89726212912,141890.91914392877,35.0,-85076.38776588677,-149503.89726212912,141890.91914392877,35.0,-85076.38776588677,-149503.89726212912,141890.91914392877,35.0
80993e4,80993e4,80993e4,80993e4,-68257.7549150856,-119541.54078056231,113459.52394762753,28.0,-68257.7549150856,-119541.54078056231,113459.52394762753,28.0,-68257.7549150856,-119541.54078056231,113459.52394762753,28.0
80993e9,80993e9,80993ec,80993ec,-104722.2248213851,-183519.44116331008,174368.35427801346,43.0,0.0,0.0,0.0,0.0,-258228.1430216023,-452347.1416543075,429845.0047980547,106.0
80993eb,80993eb,80993ec,80993ec,-36520.47445180385,-64005.607006866754,60845.965484269145,15.0,0.0,0.0,0.0,0.0,-258228.1430216023,-452347.1416543075,429845.0047980547,106.0
80993ed,80993ed,80993ec,80993ec,-38987.01762572475,-68262.57989518018,64893.83064971291,16.0,0.0,0.0,0.0,0.0,-258228.1430216023,-452347.1416543075,429845.0047980547,106.0
80993ef,80993ef,80993ec,80993ec,-77998.42612268857,-136559.5135889505,129736.8543860592,32.0,0.0,0.0,0.0,0.0,-258228.1430216023,-452347.1416543075,429845.0047980547,106.0
80993f1,80993f1,80993f1,80993f4,-102447.75370992237,-179212.9612570495,170257.1452210978,42.0,-102447.75370992237,-179212.9612570495,170257.1452210978,42.0,-368414.17202061036,-644177.8528109384,612203.2257196498,151.0
80993f3,80993f3,80993f3,80993f4,-85348.72534802198,-149301.0761825639,141940.93997642118,35.0,-85348.72534802198,-149301.0761825639,141940.93997642118,35.0,-368414.17202061036,-644177.8528109384,612203.2257196498,151.0
80993f5,80993f5,80993f5,80993f4,-102497.01446251108,-179144.24752658498,170299.80586008055,42.0,-102497.01446251108,-179144.24752658498,170299.80586008055,42.0,-368414.17202061036,-644177.8528109384,612203.2257196498,151.0
80993f7,80993f7,80993f7,80993f4,-78120.67850015493,-136519.56784474003,129705.33466205036,32.0,-78120.67850015493,-136519.56784474003,129705.33466205036,32.0,-368414.17202061036,-644177.8528109384,612203.2257196498,151.0
80993f9,80993f9,80993fc,80993fc,-53726.26792854266,-93886.14340938248,89130.9178667275,22.0,0.0,0.0,0.0,0.0,-251457.26667491402,-439652.7002987712,417242.62051188305,103.0
80993fb,80993fb,80993fc,80993fc,-58557.56653265482,-102437.0470846839,97248.95950417787,24.0,0.0,0.0,0.0,0.0,-251457.26667491402,-439652.7002987712,417242.62051188305,103.0
80993fd,80993fd,80993fc,80993fc,-61008.81357567493,-106730.34681586748,101267.7293824923,25.0,0.0,0.0,0.0,0.0,-251457.26667491402,-439652.7002987712,417242.62051188305,103.0
80993ff,80993ff,80993fc,80993fc,-78164.61863804165,-136599.16298883728,129595.01375848545,32.0,0.0,0.0,0.0,0.0,-251457.26667491402,-439652.7002987712,417242.62051188305,103.0
8099404,8099404,8099404,8099404,0.0,0.0,0.0,0.0,-151537.4176917078,-264561.67356262205,251138.4802757333,62.0,-151537.4176917078,-264561.67356262205,251138.4802757333,62.0
8099409,8099409,8099409,809940c,0.0,0.0,0.0,0.0,-124595.41655286854,-217558.13457128507,206684.2672450522,51.0,-461776.7227711698,-806046.6282165567,766131.5696273916,189.0
809940a4,809940a4,809940b,809940c,-21979.677595121022,-38385.70880940493,36485.628939418704,9.0,-156329.79787369957,-272932.89118700963,259469.1834627785,64.0,-461776.7227711698,-806046.6282165567,766131.5696273916,189.0
809940ac,809940ac,809940b,809940c,-29301.42126704711,-51174.90321036049,48656.76129187743,12.0,-156329.79787369957,-272932.89118700963,259469.1834627785,64.0,-461776.7227711698,-806046.6282165567,766131.5696273916,189.0
809940b4,809940b4,809940b,809940c,-48858.36844717209,-85282.40263538719,81090.52237567102,20.0,-156329.79787369957,-272932.89118700963,259469.1834627785,64.0,-461776.7227711698,-806046.6282165567,766131.5696273916,189.0
809940bc,809940bc,809940b,809940c,-56190.33056435939,-98089.87653185702,93236.27085581137,23.0,-156329.79787369957,-272932.89118700963,259469.1834627785,64.0,-461776.7227711698,-806046.6282165567,766131.5696273916,189.0
809940c4,809940c4,809940d,809940c,-29327.14850128721,-51175.59984662632,48640.52593660899,12.0,-141735.78251090166,-247311.0382072367,235142.81951181844,58.0,-461776.7227711698,-806046.6282165567,766131.5696273916,189.0
809940cc,809940cc,809940d,809940c,-90407.20949457615,-157762.67581686203,150016.15387737102,37.0,-141735.78251090166,-247311.0382072367,235142.81951181844,58.0,-461776.7227711698,-806046.6282165567,766131.5696273916,189.0
809940d4,809940d4,809940d,809940c,-19556.56378335132,-34108.23123760392,32433.217064571625,8.0,-141735.78251090166,-247311.0382072367,235142.81951181844,58.0,-461776.7227711698,-806046.6282165567,766131.5696273916,189.0
809940dc,809940dc,809940d,809940c,-2444.860731687006,-4264.531306144431,4052.9226332668118,1.0,-141735.78251090166,-247311.0382072367,235142.81951181844,58.0,-461776.7227711698,-806046.6282165567,766131.5696273916,189.0
809940f,809940f,809940f,809940c,-39115.72583369995,-68244.56425102532,64835.299407742525,16.0,-39115.72583369995,-68244.56425102532,64835.299407742525,16.0,-461776.7227711698,-806046.6282165567,766131.5696273916,189.0
8099414,8099414,8099414,8099414,-97883.73021834674,-170554.39255193732,162091.25789221915,40.0,-97883.73021834674,-170554.39255193732,162091.25789221915,40.0,-97883.73021834674,-170554.39255193732,162091.25789221915,40.0
809945,809945,809945,809945,0.0,0.0,0.0,0.0,0.0,0.0,0.0,0.0,-301430.2325876018,-523936.4906619295,498710.99621636665,123.0
8099464,8099464,8099464,8099464,-39094.40585044803,-68148.46821169597,64949.132482991656,16.0,-39094.40585044803,-68148.46821169597,64949.132482991656,16.0,-39094.40585044803,-68148.46821169597,64949.132482991656,16.0
809946c,809946c,809946c,809946c,0.0,0.0,0.0,0.0,-136999.6837505859,-238651.41961907677,227081.58346810844,56.0,-136999.6837505859,-238651.41961907677,227081.58346810844,56.0
8099471,8099471,8099471,8099474,-73294.19051760442,-127862.03219007523,121696.50735989606,30.0,-73294.19051760442,-127862.03219007523,121696.50735989606,30.0,-478834.3362466069,-835574.8284666032,794876.2701880826,196.0
80994724,80994724,8099473,8099474,-9776.060197345876,-17049.894761141208,16222.385255539908,4.0,0.0,0.0,0.0,0.0,-478834.3362466069,-835574.8284666032,794876.2701880826,196.0
8099472c,8099472c,8099473,8099474,-36665.591739295225,-63946.60588407202,60820.72326447938,15.0,0.0,0.0,0.0,0.0,-478834.3362466069,-835574.8284666032,794876.2701880826,196.0
80994731,80994731,8099473,8099474,-17105.071928321064,-29841.790446490802,28386.298793373833,7.0,0.0,0.0,0.0,0.0,-478834.3362466069,-835574.8284666032,794876.2701880826,196.0
80994733,80994733,8099473,8099474,-19549.639860987823,-34107.40808734938,32438.256616542556,8.0,0.0,0.0,0.0,0.0,-478834.3362466069,-835574.8284666032,794876.2701880826,196.0
80994735,80994735,8099473,8099474,-107500.74924288907,-187597.95148810942,178416.2534368349,44.0,0.0,0.0,0.0,0.0,-478834.3362466069,-835574.8284666032,794876.2701880826,196.0
80994737,80994737,8099473,8099474,-34204.31789855269,-59686.30512995415,56773.24391294644,14.0,0.0,0.0,0.0,0.0,-478834.3362466069,-835574.8284666032,794876.2701880826,196.0
8099473c,8099473c,8099473,8099474,-56189.67630779299,-98046.17237214661,93282.62258130251,23.0,0.0,0.0,0.0,0.0,-478834.3362466069,-835574.8284666032,794876.2701880826,196.0
8099475,8099475,8099475,8099474,-105018.93824106423,-183335.42697195156,174383.47409171096,43.0,-105018.93824106423,-183335.42697195156,174383.47409171096,43.0,-478834.3362466069,-835574.8284666032,794876.2701880826,196.0
8099477,8099477,8099477,8099474,-19530.100312753464,-34101.24113531281,32456.504875456114,8.0,-19530.100312753464,-34101.24113531281,32456.504875456114,8.0,-478834.3362466069,-835574.8284666032,794876.2701880826,196.0
809947c,809947c,809947c,809947c,0.0,0.0,0.0,0.0,-134264.61107619887,-234319.8413219164,223273.87081572457,55.0,-134264.61107619887,-234319.8413219164,223273.87081572457,55.0
8099484,8099484,809949,80994c,-36612.06322259763,-63879.500884661604,60923.398406142136,15.0,0.0,0.0,0.0,0.0,0.0,0.0,0.0,0.0
809948c,809948c,809949,80994c,0.0,0.0,0.0,0.0,0.0,0.0,0.0,0.0,0.0,0.0,0.0,0.0
8099494,8099494,809949,80994c,0.0,0.0,0.0,0.0,0.0,0.0,0.0,0.0,0.0,0.0,0.0,0.0
80994b,80994b,80994b,80994c,0.0,0.0,0.0,0.0,-134337.81630632447,-233876.53123977172,223694.21472215853,55.0,0.0,0.0,0.0,0.0
80994d,80994d,80994d,80994c,0.0,0.0,0.0,0.0,-215245.0569573716,-374038.6832010321,357898.86145780655,88.0,0.0,0.0,0.0,0.0
80994f,80994f,80994f,80994c,0.0,0.0,0.0,0.0,-173664.73935111557,-301999.8093624759,288530.0620024085,71.0,0.0,0.0,0.0,0.0
809954,809954,809954,809954,0.0,0.0,0.0,0.0,-144626.83970859574,-250578.69143832594,239971.4924501606,59.0,-144626.83970859574,-250578.69143832594,239971.4924501606,59.0
80995c,80995c,80995c,80995c,-100854.5885412633,-174629.45345074224,166024.80866451614,41.0,-100854.5885412633,-174629.45345074224,166024.80866451614,41.0,-100854.5885412633,-174629.45345074224,166024.80866451614,41.0
80996c,80996c,80997,80997,0.0,0.0,0.0,0.0,0.0,0.0,0.0,0.0,0.0,0.0,0.0,0.0
809974,809974,80997,80997,0.0,0.0,0.0,0.0,0.0,0.0,0.0,0.0,0.0,0.0,0.0,0.0
80997c,80997c,80997,80997,-24684.99404100068,-42749.633240264724,40275.17980211058,10.0,0.0,0.0,0.0,0.0,0.0,0.0,0.0,0.0
809984,809984,80999,8099c,-12373.34167109129,-21438.35824378702,20050.95796663213,5.0,0.0,0.0,0.0,0.0,0.0,0.0,0.0,0.0
809994,809994,80999,8099c,0.0,0.0,0.0,0.0,0.0,0.0,0.0,0.0,0.0,0.0,0.0,0.0
80999c,80999c,80999,8099c,0.0,0.0,0.0,0.0,0.0,0.0,0.0,0.0,0.0,0.0,0.0,0.0
8099a4,8099a4,8099b,8099c,0.0,0.0,0.0,0.0,0.0,0.0,0.0,0.0,0.0,0.0,0.0,0.0
8099bc,8099bc,8099b,8099c,0.0,0.0,0.0,0.0,0.0,0.0,0.0,0.0,0.0,0.0,0.0,0.0
8099d,8099d,8099d,8099c,0.0,0.0,0.0,0.0,0.0,0.0,0.0,0.0,0.0,0.0,0.0,0.0
809e4,809e4,809e4,809e4,-16636.706182069134,-29395.967267872256,29120.282844357163,7.0,-16636.706182069134,-29395.967267872256,29120.282844357163,7.0,-16636.706182069134,-29395.967267872256,29120.282844357163,7.0
809ec,809ec,809ec,809ec,0.0,0.0,0.0,0.0,0.0,0.0,0.0,0.0,0.0,0.0,0.0,0.0
809f4,809f4,809f4,809f4,-93081.8545190082,-165439.16294449588,160318.49646174262,39.0,-93081.8545190082,-165439.16294449588,160318.49646174262,39.0,-93081.8545190082,-165439.16294449588,160318.49646174262,39.0
809fac,809fac,809fac,809fac,-85327.71643154947,-151818.12815820918,149247.2558125774,36.0,-85327.71643154947,-151818.12815820918,149247.2558125774,36.0,-85327.71643154947,-151818.12815820918,149247.2558125774,36.0
809fb0c,809fb0c,809fb1,809fb1,-11801.526492873276,-21060.77749634441,20782.478725302906,5.0,-189119.8343970981,-336937.2563509439,332387.3919733806,80.0,-189119.8343970981,-336937.2563509439,332387.3919733806,80.0
809fb14,809fb14,809fb1,809fb1,0.0,0.0,0.0,0.0,-189119.8343970981,-336937.2563509439,332387.3919733806,80.0,-189119.8343970981,-336937.2563509439,332387.3919733806,80.0
809fb3,809fb3,809fb3,809fb3,0.0,0.0,0.0,0.0,-172960.34552011066,-307488.895095548,303047.9359475779,73.0,-172960.34552011066,-307488.895095548,303047.9359475779,73.0
809fb5,809fb5,809fb5,809fb5,-4730.073117646654,-8418.623150604275,8313.374918303089,2.0,-4730.073117646654,-8418.623150604275,8313.374918303089,2.0,-4730.073117646654,-8418.623150604275,8313.374918303089,2.0
809fb6c,809fb6c,809fb6c,809fb6c,-21255.91613828054,-37896.26966156645,37414.28346016963,9.0,-21255.91613828054,-37896.26966156645,37414.28346016963,9.0,-21255.91613828054,-37896.26966156645,37414.28346016963,9.0
809fb71,809fb71,809fb71,809fb71,-9437.662747852293,-16839.96995781911,16636.765688716012,4.0,-9437.662747852293,-16839.96995781911,16636.765688716012,4.0,-9437.662747852293,-16839.96995781911,16636.765688716012,4.0
809fb73,809fb73,809fb73,809fb73,-2359.682706680988,-4210.8254300347235,4158.1967066555435,1.0,-2359.682706680988,-4210.8254300347235,4158.1967066555435,1.0,-2359.682706680988,-4210.8254300347235,4158.1967066555435,1.0
809fb744,809fb744,809fb744,809fb744,-54241.353409947005,-96855.84955365538,95649.35615440864,23.0,-54241.353409947005,-96855.84955365538,95649.35615440864,23.0,-54241.353409947005,-96855.84955365538,95649.35615440864,23.0
809fb74c,809fb74c,809fb74c,809fb74c,-35379.6961832868,-63179.86374319149,62364.0630284833,15.0,-35379.6961832868,-63179.86374319149,62364.0630284833,15.0,-35379.6961832868,-63179.86374319149,62364.0630284833,15.0
809fb754,809fb754,809fb754,809fb754,-23575.95080233448,-42119.50107960873,41582.41782118454,10.0,-23575.95080233448,-42119.50107960873,41582.41782118454,10.0,-23575.95080233448,-42119.50107960873,41582.41782118454,10.0
809fb759,809fb759,809fb759,809fb759,-68361.67789060142,-122137.48187443418,120603.06333283904,29.0,-68361.67789060142,-122137.48187443418,120603.06333283904,29.0,-68361.67789060142,-122137.48187443418,120603.06333283904,29.0
809fb75b,809fb75b,809fb75b,809fb75b,-30647.92103291333,-54749.66838600049,54063.36121921902,13.0,-30647.92103291333,-54749.66838600049,54063.36121921902,13.0,-30647.92103291333,-54749.66838600049,54063.36121921902,13.0
809fb75d,809fb75d,809fb75d,809fb75d,-30649.434769745963,-54746.967507116424,54065.23808135548,13.0,-30649.434769745963,-54746.967507116424,54065.23808135548,13.0,-30649.434769745963,-54746.967507116424,54065.23808135548,13.0
809fb75e11,809fb75e11,809fb75e11,809fb75e4,-63643.45789595352,-113704.20575630937,112297.7911260296,27.0,-63643.45789595352,-113704.20575630937,112297.7911260296,27.0,0.0,0.0,0.0,0.0
809fb75e13,809fb75e13,809fb75e13,809fb75e4,0.0,0.0,0.0,0.0,-150858.6468576381,-269521.93154979765,266186.4495066416,64.0,0.0,0.0,0.0,0.0
809fb75e144,809fb75e144,809fb75e15,809fb75e4,0.0,0.0,0.0,0.0,-219215.08080927702,-391649.2495821192,386802.7772206126,93.0,0.0,0.0,0.0,0.0
809fb75e14c,809fb75e14c,809fb75e15,809fb75e4,-63643.05995634404,-113704.81132829894,112297.40349496473,27.0,-219215.08080927702,-391649.2495821192,386802.7772206126,93.0,0.0,0.0,0.0,0.0
809fb75e154,809fb75e154,809fb75e15,809fb75e4,-4714.268881314826,-8422.59961475765,8318.3229777919,2.0,-219215.08080927702,-391649.2495821192,386802.7772206126,93.0,0.0,0.0,0.0,0.0
809fb75e3,809fb75e3,809fb75e3,809fb75e4,-2357.1006485723046,-4211.272717950134,4159.208068518133,1.0,-2357.1006485723046,-4211.272717950134,4159.208068518133,1.0,0.0,0.0,0.0,0.0
809fb75e5,809fb75e5,809fb75e5,809fb75e4,-28285.157318634796,-50535.96869439556,49909.8206163223,12.0,-28285.157318634796,-50535.96869439556,49909.8206163223,12.0,0.0,0.0,0.0,0.0
809fb75e7,809fb75e7,809fb75e7,809fb75e4,0.0,0.0,0.0,0.0,-155571.875097853,-277946.49015171686,274503.37870962615,66.0,0.0,0.0,0.0,0.0
809fb75ec,809fb75ec,809fb75ec,809fb75ec,-82504.29592327973,-147402.15082041078,145561.30896990313,35.0,-82504.29592327973,-147402.15082041078,145561.30896990313,35.0,-82504.29592327973,-147402.15082041078,145561.30896990313,35.0
809fb75f4,809fb75f4,809fb75f4,809fb75f4,-28284.442044507454,-50537.33548139085,49908.842010609136,12.0,-28284.442044507454,-50537.33548139085,49908.842010609136,12.0,-28284.442044507454,-50537.33548139085,49908.842010609136,12.0
809fb75fc,809fb75fc,809fb75fc,809fb75fc,-54210.12819870853,-96861.49623278403,95661.33991162918,23.0,-54210.12819870853,-96861.49623278403,95661.33991162918,23.0,-54210.12819870853,-96861.49623278403,95661.33991162918,23.0
809fb77,809fb77,809fb77,809fb77,0.0,0.0,0.0,0.0,-143803.7918979004,-256853.80039016312,253734.24014397533,61.0,-143803.7918979004,-256853.80039016312,253734.24014397533,61.0
809fb7c,809fb7c,809fb7c,809fb7c,-4713.78606086811,-8418.74780102738,8322.494485794341,2.0,-4713.78606086811,-8418.74780102738,8322.494485794341,2.0,-4713.78606086811,-8418.74780102738,8322.494485794341,2.0
809fb82c,809fb82c,809fb83,809fb84,-25909.935462242604,-46310.43134691804,45775.31329016715,11.0,0.0,0.0,0.0,0.0,-428395.7928335911,-766285.1996435311,757482.0009018963,182.0
809fb834,809fb834,809fb83,809fb84,0.0,0.0,0.0,0.0,0.0,0.0,0.0,0.0,-428395.7928335911,-766285.1996435311,757482.0009018963,182.0
809fb83c,809fb83c,809fb83,809fb84,-70624.92508750928,-126294.71305723049,124870.10514607624,30.0,0.0,0.0,0.0,0.0,-428395.7928335911,-766285.1996435311,757482.0009018963,182.0
809fb844,809fb844,809fb85,809fb84,-7059.343016247337,-12630.088085677038,12488.167547782265,3.0,-183540.20086698435,-328419.719890225,324656.02507609956,78.0,-428395.7928335911,-766285.1996435311,757482.0009018963,182.0
809fb84c,809fb84c,809fb85,809fb84,-117681.41465635625,-210527.0344050299,208095.73485466547,50.0,-183540.20086698435,-328419.719890225,324656.02507609956,78.0,-428395.7928335911,-766285.1996435311,757482.0009018963,182.0
809fb85c,809fb85c,809fb85,809fb84,-56446.46280665629,-101051.7732744755,99910.12836651693,24.0,-183540.20086698435,-328419.719890225,324656.02507609956,78.0,-428395.7928335911,-766285.1996435311,757482.0009018963,182.0
809fb8c,809fb8c,809fb8c,809fb8c,-23485.3664685127,-42106.79628197123,41646.493176330594,10.0,-23485.3664685127,-42106.79628197123,41646.493176330594,10.0,-23485.3664685127,-42106.79628197123,41646.493176330594,10.0
809fb94,809fb94,809fb94,809fb94,-7054.9573660488095,-12637.198319942785,12483.451672922207,3.0,-7054.9573660488095,-12637.198319942785,12483.451672922207,3.0,-7054.9573660488095,-12637.198319942785,12483.451672922207,3.0
809fb9b,809fb9b,809fb9b,809fb9b,0.0,0.0,0.0,0.0,-134158.6364027002,-240044.610675648,237183.79390975673,57.0,-134158.6364027002,-240044.610675648,237183.79390975673,57.0
809fb9c1,809fb9c1,809fb9c4,809fb9d,-4710.041216080166,-8423.364391968487,8319.943295419973,2.0,-162519.53876042907,-290566.73871685506,287064.7736827444,69.0,0.0,0.0,0.0,0.0
809fb9c5,809fb9c5,809fb9c4,809fb9d,0.0,0.0,0.0,0.0,-162519.53876042907,-290566.73871685506,287064.7736827444,69.0,0.0,0.0,0.0,0.0
809fb9c7,809fb9c7,809fb9c4,809fb9d,-14129.386526547265,-25267.38022611618,24962.993515727765,6.0,-162519.53876042907,-290566.73871685506,287064.7736827444,69.0,0.0,0.0,0.0,0.0
809fb9cc,809fb9cc,809fb9cc,809fb9d,0.0,0.0,0.0,0.0,-176605.0660118585,-315808.73199666495,312078.2855426691,75.0,0.0,0.0,0.0,0.0
809fb9d4,809fb9d4,809fb9d4,809fb9d,-84806.91770433141,-151576.7493756413,149788.50290513528,36.0,-84806.91770433141,-151576.7493756413,149788.50290513528,36.0,0.0,0.0,0.0,0.0
809fb9dc,809fb9dc,809fb9dc,809fb9d,-87181.91043424686,-155815.79392700564,153909.46896266332,37.0,-87181.91043424686,-155815.79392700564,153909.46896266332,37.0,0.0,0.0,0.0,0.0
809fb9f,809fb9f,809fb9f,809fb9f,-110760.48647191394,-197964.75861318773,195460.56623864704,47.0,-110760.48647191394,-197964.75861318773,195460.56623864704,47.0,-110760.48647191394,-197964.75861318773,195460.56623864704,47.0
809fbb,809fbb,809fbb,809fbb,-28277.656880986913,-50582.14740980284,49867.25574390887,12.0,-28277.656880986913,-50582.14740980284,49867.25574390887,12.0,-28277.656880986913,-50582.14740980284,49867.25574390887,12.0
809fbf,809fbf,809fbf,809fbf,-42229.690228782754,-75799.95995681648,74980.65185379899,18.0,-42229.690228782754,-75799.95995681648,74980.65185379899,18.0,-42229.690228782754,-75799.95995681648,74980.65185379899,18.0
809fd,809fd,809fd,809fd,0.0,0.0,0.0,0.0,-190212.49219561415,-340878.5858200613,337535.4093866101,81.0,-190212.49219561415,-340878.5858200613,337535.4093866101,81.0
809ff,809ff,809ff,809ff,-55972.92316305463,-101037.77827048823,100190.23373378784,24.0,-55972.92316305463,-101037.77827048823,100190.23373378784,24.0,-55972.92316305463,-101037.77827048823,100190.23373378784,24.0
531,531,531,531,-4151.0453119457015,-11952.815902609524,14324.80513020747,3.0,-4151.0453119457015,-11952.815902609524,14324.80513020747,3.0,-4151.0453119457015,-11952.815902609524,14324.80513020747,3.0
881,881,881,881,9094.958016624241,-120988.9277439524,112772.45620989204,26.0,9094.958016624241,-120988.9277439524,112772.45620989204,26.0,9094.958016624241,-120988.9277439524,112772.45620989204,26.0
