cell_id_token,center_latitude,center_longitude,count,config_name
86d8c,32.76613104394006,-108.42760468979141,40,config_1
86d94,32.06630758392501,-108.42760468979141,10,config_1
86d9c,31.949906296822004,-109.18800474020169,14,config_1
86db,30.951860899740495,-108.80761947009503,1,config_1
86dd,31.170406262378183,-107.29028389464884,11,config_1
86de04,32.057710677420566,-106.62913035392717,7,config_1
86de15,32.24632188966349,-106.86503947741906,3,config_1
86de164,32.27801942286534,-106.79424052110762,21,config_1
86de174,32.240365624161775,-106.74705360196708,1,config_1
86de17c,32.284440226654915,-106.74705360196708,32,config_1
86de1c,32.234269414640345,-106.62913035392717,10,config_1
86de3,32.48576704653213,-106.72346389403498,49,config_1
86de5,32.433755500824994,-107.10119308682007,8,config_1
86de7,32.081587719312495,-107.10119308682007,1,config_1
86dec,32.17764290641432,-107.66888695938226,7,config_1
86df4,32.87874636367703,-107.66888695938226,9,config_1
86dfc,32.9862181299786,-106.91225102614887,8,config_1
86e04,33.088548240291445,-106.15809365922375,30,config_1
86e0c,32.385088575201415,-106.15809365922375,10,config_1
86e1c,33.18574821781208,-105.4068079114331,28,config_1
86e264,33.398952082914576,-104.37919124556632,2,config_1
86e26c,33.37685367394108,-104.56552726119028,48,config_1
86e27c,33.574494440568245,-104.37919124556632,1,config_1
86e34,32.65834488440744,-103.91439904540992,8,config_1
86e3c,32.5722853627744,-104.65878213755632,3,config_1
86e5,31.54796555760672,-104.2861115827901,40,config_1
86e64,31.058272187934506,-105.4068079114331,1,config_1
86e6c,31.771963856377475,-105.4068079114331,3,config_1
86e71,31.52340376801829,-105.96998775016152,3,config_1
86e73,31.878720555726105,-105.96998775016152,3,config_1
86e744,31.753503408281755,-106.25221430786118,23,config_1
86e74c,31.930773674215153,-106.25221430786118,2,config_1
86e754,31.905979196891007,-106.44058717271729,28,config_1
86e7584,31.785904017848924,-106.51127123632314,11,config_1
86e758c,31.741595332418868,-106.51127123632314,22,config_1
86e7594,31.74783610696112,-106.46414588201854,17,config_1
86e759c,31.79214959991099,-106.46414588201854,8,config_1
86e75b,31.779323047619698,-106.39347774973939,7,config_1
86e75d,31.690647333150356,-106.39347774973939,7,config_1
86e77,31.474820460529326,-106.34637906744265,25,config_1
86e7c,30.964506716398027,-106.15809365922375,1,config_1
86ed,28.654208362025958,-104.2861115827901,23,config_1
86ee4,29.786700406602325,-103.91439904540992,11,config_1
86eec,29.705042955179085,-104.65878213755632,3,config_1
86ef4,30.428062733481102,-104.65878213755632,7,config_1
86ef9,30.671013388404216,-104.10013262592865,25,config_1
86efb,30.31003056569537,-104.10013262592865,50,config_1
86efd,30.350115640511518,-103.72891667819331,4,config_1
86eff,30.711379292007017,-103.72891667819331,20,config_1
86f1,30.263803246138146,-102.80547525792774,21,config_1
86f3,28.804575718810888,-102.80547525792774,43,config_1
86f5,28.936850205971126,-101.34310583455695,3,config_1
86f7,30.400162337945318,-101.34310583455695,16,config_1
86f9,31.84730436225948,-101.34310583455695,10,config_1
86fb,31.707254188342684,-102.80547525792774,32,config_1
86fd,33.13265357551238,-102.80547525792774,13,config_1
86fe0c,33.65763478777534,-101.98046125028425,8,config_1
86fe12b,33.59043775606384,-101.87776643245115,44,config_1
86fe12d,33.59264642171992,-101.85495880581804,7,config_1
86fe134,33.60698469458877,-101.82075657884367,2,config_1
86fe13c,33.65110878284058,-101.82075657884367,1,config_1
86fe3,33.78958345620406,-101.52480554998527,1,config_1
86fe5,33.436282275214694,-101.52480554998527,2,config_1
86fe7,33.40157358444473,-101.8891720843707,23,config_1
86fec,32.88684586721839,-101.70682943311247,10,config_1
86ff4,32.953302765371205,-100.98070031132626,6,config_1
86ffc,33.66302387809893,-100.98070031132626,3,config_1
87004,34.36746385834631,-100.98070031132626,2,config_1
8700c,35.06638763194719,-100.98070031132626,20,config_1
87011,34.84140855274732,-101.52480554998527,8,config_1
87013,35.189228744240104,-101.52480554998527,4,config_1
87015,35.15367716123179,-101.8891720843707,47,config_1
87017,34.806013735039926,-101.8891720843707,3,config_1
8701c,34.299617578644025,-101.70682943311247,3,config_1
87024,34.22684746365561,-102.43805808577758,4,config_1
8702c4,34.226411649394365,-103.26634785926352,1,config_1
8702dc4,34.381689370828894,-103.24326320176718,10,config_1
8702dd9,34.3771002599812,-103.18557018475742,5,config_1
8702ddb,34.37457880958151,-103.20864419143828,5,config_1
8702ddd,34.396382639212696,-103.20864419143828,42,config_1
8702ddf,34.39890483511509,-103.18557018475742,41,config_1
8702de04,34.41588468811903,-103.17980235137554,16,config_1
8702de0c,34.414624549078056,-103.19133828562867,11,config_1
8702de14,34.42552275007026,-103.19133828562867,16,config_1
8702de1c,34.42678307466757,-103.17980235137554,25,config_1
8702de24,34.437680128105015,-103.17980235137554,20,config_1
8702de2c,34.44857584757475,-103.17980235137554,9,config_1
8702de34,34.4473151524799,-103.19133828562867,6,config_1
8702de3c,34.436419618156414,-103.19133828562867,17,config_1
8702de5,34.43997432617424,-103.20864419143828,20,config_1
8702de64,34.42299838633183,-103.21441336052646,27,config_1
8702de6c,34.42426118736059,-103.20287528914318,22,config_1
8702de74,34.413363172128136,-103.20287528914318,28,config_1
8702de7c,34.41210055706262,-103.21441336052646,27,config_1
8702de84,34.41083670367538,-103.22595249838542,13,config_1
8702de8c,34.42173434677773,-103.22595249838542,27,config_1
8702de94,34.42046906849258,-103.23749270132649,3,config_1
8702de9c,34.40957161176074,-103.23749270132649,11,config_1
8702deb,34.413120406016596,-103.25480499971735,6,config_1
8702def,34.437445689285205,-103.23172246680781,12,config_1
8702dfc,34.47391710430892,-103.1971066538153,1,config_1
8702f,34.343782545790944,-102.9896150485228,38,config_1
87034,34.845982406002406,-103.17403478565704,10,config_1
8703c,34.92446954871148,-102.43805808577758,2,config_1
8705,35.921155923343846,-102.80547525792774,19,config_1
8707,36.06991069362731,-101.34310583455695,6,config_1
87084,37.1279063705676,-100.98070031132626,6,config_1
8708c,37.05782634326976,-101.70682943311247,5,config_1
87094,37.73214758319636,-101.70682943311247,9,config_1
87099,37.95317939829766,-101.16173564777472,4,config_1
8709b,37.617457639305286,-101.16173564777472,1,config_1
8709d,37.65139818663326,-100.80000510701574,4,config_1
8709f,37.98722220570917,-100.80000510701574,42,config_1
870b,38.76768450406455,-101.34310583455695,32,config_1
870f,37.280690496116634,-102.80547525792774,6,config_1
8711,37.10889915590756,-104.2861115827901,27,config_1
87164,37.198730971474454,-106.15809365922375,4,config_1
8716c,37.301042914278284,-105.4068079114331,1,config_1
87171,36.77304966069307,-105.59433880659961,5,config_1
87173,36.82259813646065,-105.21948079223417,4,config_1
87175,36.485245148115986,-105.21948079223417,6,config_1
871764c,36.3756075462481,-105.57088650688814,3,config_1
8717654,36.417873000332314,-105.57088650688814,46,config_1
871765c,36.42410618819457,-105.52399122373996,26,config_1
87176c,36.53278727292038,-105.50054826391207,15,config_1
871774,36.50774220284412,-105.68817878401569,12,config_1
87177c,36.33880202907964,-105.68817878401569,17,config_1
8717c,36.52792822385739,-106.15809365922375,12,config_1
87181,35.99480537681307,-106.34637906744265,24,config_1
87183,36.04667599471466,-105.96998775016152,45,config_1
871844,35.77905507079722,-106.06401788566258,7,config_1
87184c,35.804580102292995,-105.87600401452671,6,config_1
8718501,35.697686670922295,-105.95823723010454,5,config_1
8718503,35.70086851299104,-105.93473837093502,21,config_1
87185041,35.68636562168683,-105.9435501018285,37,config_1
87185043,35.68104088491781,-105.9435501018285,4,config_1
87185045,35.681835845244265,-105.93767556900599,17,config_1
871850464,35.68602816647633,-105.93620696427305,37,config_1
87185046c,35.685630749098316,-105.9391441851309,25,config_1
871850474,35.68829304873787,-105.9391441851309,42,config_1
87185047c,35.68869047856378,-105.93620696427305,9,config_1
8718504c,35.685690149116915,-105.92886411158973,12,config_1
87185054,35.675039727194395,-105.92886411158973,2,config_1
8718505c,35.67345060774419,-105.94061281264489,4,config_1
8718507,35.676389621273174,-105.95823723010454,43,config_1
871850c,35.64602413800463,-105.94648743653362,34,config_1
8718514,35.65237340790974,-105.8994955568318,3,config_1
871851c,35.69498267871954,-105.8994955568318,9,config_1
871857,35.585247982808376,-105.92299003479476,2,config_1
871859,35.57251741627937,-106.0169970655137,2,config_1
87185b,35.65776457460111,-106.0169970655137,45,config_1
87185d,35.64493769382002,-106.11105011534488,1,config_1
87185f,35.55970350869149,-106.11105011534488,4,config_1
87187,35.655072482762144,-106.34637906744265,24,config_1
87189,35.313914204681836,-106.34637906744265,30,config_1
8718b,34.971355628787144,-106.34637906744265,37,config_1
8718d,35.02259244971104,-105.96998775016152,1,config_1
8718f,35.36537049228529,-105.96998775016152,32,config_1
87194,35.26869278593369,-105.4068079114331,40,config_1
8719c,35.95203495587482,-105.4068079114331,16,config_1
871b,35.751832590170785,-104.2861115827901,40,config_1
871d,34.371494072781154,-104.2861115827901,29,config_1
871f,34.184493033741475,-105.78206743935718,36,config_1
8721,33.97665363685664,-107.29028389464884,40,config_1
872209,34.981537677748776,-106.58197892714489,5,config_1
87220a4,35.04911129240711,-106.55840709161933,8,config_1
87220ac,35.09193702297951,-106.55840709161933,13,config_1
87220b1,35.07628263112154,-106.59376581662562,23,config_1
87220b3,35.0976887717331,-106.59376581662562,15,config_1
87220b5,35.09438140462687,-106.6173415315181,32,config_1
87220b7,35.072976155034574,-106.6173415315181,31,config_1
87220bc,35.042511398618444,-106.60555335191708,10,config_1
87220c4,35.03589074856492,-106.6527099211625,8,config_1
87220c9,35.06966448711829,-106.64091981764263,35,config_1
87220ca4,35.08654683124749,-106.63502500571548,10,config_1
87220cac,35.09724777392775,-106.63502500571548,1,config_1
87220cb4,35.09559008362959,-106.64681478952089,15,config_1
87220cbc,35.08488936407676,-106.64681478952089,44,config_1
87220cc4,35.08323059849185,-106.65860521237967,18,config_1
87220ccc,35.09393109470661,-106.65860521237967,6,config_1
87220cd4,35.092270807103425,-106.67039627278949,35,config_1
87220cdc,35.0815705344375,-106.67039627278949,3,config_1
87220cf,35.066347626922415,-106.66450066298461,2,config_1
87220d4,35.07206433186745,-106.69987670323877,15,config_1
87220dc,35.02924933866187,-106.69987670323877,28,config_1
87220f,34.96830717635516,-106.67629204160652,16,config_1
872214,34.99114394854021,-106.81783770824106,1,config_1
87221c,34.819663616385284,-106.81783770824106,9,config_1
87223,34.86490572500623,-107.10119308682007,3,config_1
872264,35.33307355223786,-106.81783770824106,3,config_1
87226c,35.162281673434464,-106.81783770824106,12,config_1
872271,35.22507824357043,-106.67629204160652,6,config_1
8722724,35.15762967390655,-106.69987670323877,11,config_1
872272c,35.11485779380944,-106.69987670323877,12,config_1
8722734,35.12150637234639,-106.6527099211625,33,config_1
872273c,35.16428181181114,-106.6527099211625,7,config_1
8722744,35.17091314944776,-106.60555335191708,30,config_1
872274c,35.12813416403872,-106.60555335191708,20,config_1
8722754,35.134741172517664,-106.55840709161933,2,config_1
872275c,35.177523690470935,-106.55840709161933,6,config_1
872277,35.238351495469196,-106.58197892714489,42,config_1
87227c,35.359828813793214,-106.62913035392717,3,config_1
8722c,35.7449475871579,-106.91225102614887,15,config_1
87234,35.63334655030604,-107.66888695938226,1,config_1
8723c,34.952620544908015,-107.66888695938226,32,config_1
8725,35.11690888705174,-108.80761947009503,34,config_1
8727,33.74786648533911,-108.80761947009503,6,config_1
873a4,36.73477252185684,-109.18800474020169,12,config_1
873b4,36.19054884940218,-108.42760468979141,1,config_1
873b84,36.65406049425573,-108.14286689033348,8,config_1
873b89,36.7866564052658,-108.0954350750474,2,config_1
873b8f,36.77174842698493,-108.1903058640108,50,config_1
873b94,36.79088438031434,-108.33266475883127,3,config_1
873bb,36.661941153360814,-108.61756263435514,1,config_1
873d,36.700932346553174,-107.29028389464884,45,config_1
87a1,38.899730427842115,-99.90181306343518,40,config_1
87a24,39.31609316655254,-98.83627550306029,13,config_1
87a2c,39.36747025008236,-98.13385582671398,16,config_1
87a34,38.70468170309181,-98.13385582671398,24,config_1
87a3c,38.653556166632896,-98.83627550306029,36,config_1
87a44,37.98425851730306,-98.83627550306029,19,config_1
87a49,38.19083888191821,-98.30884408222222,29,config_1
87a4ac,38.30487589390091,-97.87216004899976,1,config_1
87a4b4,38.137035624658814,-97.87216004899976,46,config_1
87a4bc,38.12519515900761,-98.04651845312563,6,config_1
87a4d,37.878623451917356,-97.95928633924419,36,config_1
87a4f,37.854413086928595,-98.30884408222222,3,config_1
87a54,37.35888560713079,-98.13385582671398,22,config_1
87a5c,37.30835482078843,-98.83627550306029,30,config_1
87a64,37.25308031593278,-99.54509739864785,20,config_1
87a6c,37.92863935472173,-99.54509739864785,27,config_1
87a74,37.868143358061836,-100.26001249402657,40,config_1
87a7c,37.1929620617629,-100.26001249402657,4,config_1
87a9,36.198654568532326,-99.90181306343518,9,config_1
87aa4,35.12996144190496,-100.26001249402657,14,config_1
87aac,34.43046004733547,-100.26001249402657,8,config_1
87ab4,34.48868718731357,-99.54509739864785,6,config_1
87abc,35.18871942524917,-99.54509739864785,37,config_1
87ac4,35.24275101245371,-98.83627550306029,28,config_1
87acc,34.5422331954533,-98.83627550306029,29,config_1
87ad4,34.59119242586573,-98.13385582671398,33,config_1
87adc,35.29215205594181,-98.13385582671398,16,config_1
87af,36.30806451520898,-98.48424653420417,30,config_1
87b04,36.721781228957376,-97.43813547748366,44,config_1
87b09,36.92441598166638,-96.92091345144947,15,config_1
87b0b,36.94388990536518,-96.57833866136845,2,config_1
87b0d,36.60061713688672,-96.57833866136845,1,config_1
87b0f4c,36.725259836827085,-97.02833829890636,4,config_1
87b0f54,36.72271004070826,-97.07135716135726,47,config_1
87b0f5c,36.67978864269504,-97.07135716135726,4,config_1
87b0fc,36.4901463995442,-97.00683933476365,1,config_1
87b104,36.31776687053005,-97.00683933476365,8,config_1
87b109,36.18570054387606,-97.04984424386326,8,config_1
87b10a1,36.12975791386242,-97.08211623221572,6,config_1
87b10a3,36.131029004173385,-97.06059983156092,33,config_1
87b10a5,36.1094035763318,-97.06059983156092,17,config_1
87b10a7,36.10813279332247,-97.08211623221572,5,config_1
87b10ac,36.076319540125304,-97.07135716135726,3,config_1
87b10bc,36.12211538917396,-97.02833829890636,1,config_1
87b10d,36.10425331086528,-96.96386238196816,2,config_1
87b114,36.15492861559916,-96.83509992015557,3,config_1
87b11c,36.32771564940428,-96.83509992015557,3,config_1
87b13,36.25576816987602,-96.57833866136845,2,config_1
87b15,35.909367123506016,-96.57833866136845,15,config_1
87b17,35.89010922788603,-96.92091345144947,4,config_1
87b18c,35.77770545633417,-97.35165580142355,22,config_1
87b191,35.9105019306097,-97.3084570618028,1,config_1
87b1929,35.87202021721404,-97.40569277952069,20,config_1
87b192b,35.870683495260664,-97.4273195380449,47,config_1
87b192d,35.89236325846192,-97.4273195380449,14,config_1
87b192f,35.89370031374905,-97.40569277952069,10,config_1
87b19c,35.96166061329158,-97.17902604633225,1,config_1
87b1b,36.21600621244862,-97.26528581122331,10,config_1
87b1f,35.84830491897991,-97.61142171393448,9,config_1
87b204,35.58216502503628,-97.69822718000074,25,config_1
87b20c,35.407962059488796,-97.69822718000074,13,config_1
87b2104,35.480213472530544,-97.5897372085872,18,config_1
87b210c,35.48293566120406,-97.54638849147764,18,config_1
87b2114,35.43935657279329,-97.54638849147764,16,config_1
87b211c,35.43663581608077,-97.5897372085872,1,config_1
87b213,35.37258726407458,-97.56805946490843,9,config_1
87b2144,35.398456213459355,-97.50306688961776,20,config_1
87b214c,35.35482927118258,-97.50306688961776,32,config_1
87b2154,35.357512480642,-97.45977247140304,1,config_1
87b215c,35.40114084979943,-97.45977247140304,8,config_1
87b2164,35.444746022138276,-97.45977247140304,5,config_1
87b216c,35.44205996589735,-97.50306688961776,40,config_1
87b2171,35.47542093485206,-97.49224073392988,2,config_1
87b21724,35.4689634256917,-97.50848060464544,44,config_1
87b21729,35.46573366990142,-97.51660197329142,19,config_1
87b2172b,35.465395916933154,-97.52201674959704,11,config_1
87b2172d,35.47084303985422,-97.52201674959704,4,config_1
87b2172f,35.47118081501569,-97.51660197329142,37,config_1
87b21734,35.47918198045837,-97.51930930840119,4,config_1
87b2173c,35.47985705502388,-97.50848060464544,4,config_1
87b2175,35.49585730188629,-97.5138947442844,23,config_1
87b2177,35.49720554763117,-97.49224073392988,3,config_1
87b217c,35.48832794590778,-97.45977247140304,5,config_1
87b219,35.55231450844149,-97.48141627828754,26,config_1
87b21b,35.54690062967078,-97.56805946490843,37,config_1
87b21d,35.633917360840194,-97.56805946490843,29,config_1
87b21e4,35.65972907625001,-97.50306688961776,17,config_1
87b21ec,35.61624204523046,-97.50306688961776,13,config_1
87b21f4,35.61893371137683,-97.45977247140304,41,config_1
87b21fc,35.66242212747378,-97.45977247140304,17,config_1
87b224,35.60383231579316,-97.35165580142355,33,config_1
87b22c,35.614250489150876,-97.17902604633225,1,config_1
87b23b,35.475807388663775,-97.3084570618028,16,config_1
87b23d,35.470537581861855,-97.39488196255758,50,config_1
87b23f,35.38332302614059,-97.39488196255758,3,config_1
87b241,35.29601574560123,-97.39488196255758,11,config_1
87b2421,35.23941338769162,-97.4273195380449,20,config_1
87b2423,35.240740068765824,-97.40569277952069,3,config_1
87b2425,35.21888459393179,-97.40569277952069,19,config_1
87b2427,35.21755827204752,-97.4273195380449,33,config_1
87b2429,35.19569741144872,-97.4273195380449,40,config_1
87b242b,35.17383081249206,-97.4273195380449,21,config_1
87b242d,35.175156413396195,-97.40569277952069,2,config_1
87b242f,35.1970233732764,-97.40569277952069,10,config_1
87b243c,35.23179472758345,-97.37326545852945,3,config_1
87b24c,35.265338212303675,-97.17902604633225,3,config_1
87b25c,35.07997536472856,-97.35165580142355,8,config_1
87b2681,35.172500904166334,-97.44895312229072,12,config_1
87b26824,35.18923406850119,-97.44354408678257,11,config_1
87b2682c,35.20016579832241,-97.44354408678257,24,config_1
87b26834,35.19949954007589,-97.4543625838752,6,config_1
87b2683c,35.18856790083422,-97.4543625838752,12,config_1
87b2685,35.19303255852217,-97.47059352375683,17,config_1
87b268c,35.180090645993815,-97.50306688961776,1,config_1
87b2694,35.22380982595907,-97.50306688961776,33,config_1
87b2699,35.23674708897524,-97.47059352375683,22,config_1
87b269a4,35.22002239920677,-97.47600468831664,12,config_1
87b269ac,35.209093811430726,-97.47600468831664,12,config_1
87b269b4,35.209762317435256,-97.46518278474127,12,config_1
87b269bc,35.220690995877526,-97.46518278474127,15,config_1
87b269c4,35.22135851354341,-97.4543625838752,16,config_1
87b269cc,35.21042974458717,-97.4543625838752,18,config_1
87b269d4,35.21109609330435,-97.44354408678257,38,config_1
87b269dc,35.22202495262239,-97.44354408678257,29,config_1
87b269f,35.23808239554462,-97.44895312229072,37,config_1
87b26b,35.29068817979624,-97.48141627828754,15,config_1
87b26d,35.28529145457151,-97.56805946490843,12,config_1
87b27c,35.05844665881247,-97.69822718000074,5,config_1
87b29,34.80082004331816,-97.61142171393448,10,config_1
87b2b,34.44874807994539,-97.61142171393448,2,config_1
87b2d,34.46983125660072,-97.26528581122331,34,config_1
87b2f,34.822001522397635,-97.26528581122331,22,config_1
87b31,34.84209200164026,-96.92091345144947,43,config_1
87b33,34.48982867337598,-96.92091345144947,29,config_1
87b35,34.50875415406051,-96.57833866136845,6,config_1
87b364,34.77773365280684,-96.49297974540691,3,config_1
87b369,34.72682747949404,-96.62106106216318,18,config_1
87b36b,34.72214906475616,-96.70659142835461,3,config_1
87b36c1,34.77891699913493,-96.67450419420958,48,config_1
87b36c3,34.800909452270155,-96.67450419420958,4,config_1
87b36c5,34.79973451183393,-96.69589390641657,1,config_1
87b36c7,34.777742394474124,-96.69589390641657,11,config_1
87b36cc,34.78696918262903,-96.7279917988472,1,config_1
87b36f,34.81482312188348,-96.62106106216318,26,config_1
87b374,34.94430978475526,-96.6638120059594,2,config_1
87b39,35.212009501539164,-96.57833866136845,23,config_1
87b3b,35.19291140982009,-96.92091345144947,35,config_1
87b3d,35.5422593775057,-96.92091345144947,22,config_1
87b3f,35.56143896328144,-96.57833866136845,3,config_1
87b44,35.413617182429356,-96.06791937864303,10,config_1
87b4c,34.71157998986828,-96.06791937864303,38,config_1
87b54,34.74324838778567,-95.39395513481692,22,config_1
87b5b,35.26295583916043,-95.56172791278979,18,config_1
87b5c4,35.52916738044704,-95.47778111042308,3,config_1
87b5cc,35.52143031039644,-95.64579506896482,2,config_1
87b5dd,35.66194169052809,-95.43585298984118,1,config_1
87b5dfd,35.76137612207745,-95.40442675796797,1,config_1
87b5dfe4,35.77793628261358,-95.39919070954187,4,config_1
87b5dff044,35.784769268746935,-95.40606312022878,41,config_1
87b5dff05c,35.785449356137285,-95.40606312022878,16,config_1
87b5dff07,35.78515338365634,-95.40508129732264,1,config_1
87b5f,35.62758073035127,-95.22666753958994,8,config_1
87b61,35.975777742252816,-95.22666753958994,20,config_1
87b63,36.32243671814948,-95.22666753958994,27,config_1
87b64c,36.397620868300436,-95.47778111042308,16,config_1
87b654,36.389806839182775,-95.64579506896482,29,config_1
87b65c,36.21690211898293,-95.64579506896482,6,config_1
87b67,35.96073822084735,-95.56172791278979,30,config_1
87b689,35.9942201388377,-95.77212042411867,18,config_1
87b68b,36.08095740857633,-95.77212042411867,44,config_1
87b68d,36.07686857040709,-95.85648637454487,47,config_1
87b68f,35.99013530407835,-95.85648637454487,7,config_1
87b691,35.98598510232307,-95.94097099813557,22,config_1
87b6924,36.05208548069254,-95.9198387432287,19,config_1
87b6929,36.08511440546584,-95.9092753881462,19,config_1
87b692b,36.10677902676514,-95.9092753881462,14,config_1
87b692d,36.105735982207115,-95.93040394687645,15,config_1
87b692f,36.08407161426724,-95.93040394687645,10,config_1
87b6934,36.09333247976323,-95.96211063966837,39,config_1
87b693c,36.04999245696516,-95.96211063966837,23,config_1
87b695,36.068494358466836,-96.02557380749096,30,config_1
87b697,35.98176929689398,-96.02557380749096,6,config_1
87b69c,35.85361489546882,-95.98325766018019,2,config_1
87b6b,35.92754804505331,-96.23759466618242,32,config_1
87b6d,36.27401988976557,-96.23759466618242,32,config_1
87b6e4,36.37339615816689,-95.98325766018019,9,config_1
87b6e9,36.241655079894315,-96.02557380749096,4,config_1
87b6ea4,36.175698601469264,-96.04674291893367,1,config_1
87b6eac,36.132408904753355,-96.04674291893367,1,config_1
87b6eb1,36.14483131697901,-96.01499200977533,2,config_1
87b6eb3,36.12318004002826,-96.01499200977533,10,config_1
87b6eb5,36.12423977979882,-95.99383393516017,7,config_1
87b6eb64,36.140743335497994,-95.98854556737632,13,config_1
87b6eb6c,36.14021439906059,-95.99912276341193,8,config_1
87b6eb74,36.15103862328487,-95.99912276341193,22,config_1
87b6eb7c,36.15156762353868,-95.98854556737632,42,config_1
87b6ebc,36.17782760480562,-96.00441205201167,36,config_1
87b6ec4,36.17994012585915,-95.96211063966837,44,config_1
87b6ec9,36.14694719155692,-95.97268322803032,33,config_1
87b6ecb,36.12529540339906,-95.97268322803032,26,config_1
87b6ecd,36.126346914520006,-95.95153989605136,12,config_1
87b6ecf,36.14799895674627,-95.95153989605136,24,config_1
87b6ed1,36.149046612129375,-95.93040394687645,17,config_1
87b6ed3,36.127394316856474,-95.93040394687645,28,config_1
87b6ed5,36.12843761410711,-95.9092753881462,6,config_1
87b6ed7,36.15009016140609,-95.9092753881462,14,config_1
87b6edc,36.18203619418263,-95.9198387432287,13,config_1
87b6ef,36.24588316220079,-95.94097099813557,14,config_1
87b6f1,36.250045444266824,-95.85648637454487,16,config_1
87b6f24,36.18411583938968,-95.8775964238177,12,config_1
87b6f2c,36.14082208827038,-95.8775964238177,20,config_1
87b6f34,36.142884346780754,-95.83538374236045,31,config_1
87b6f3c,36.18617909115435,-95.83538374236045,8,config_1
87b6f5,36.1675982133254,-95.77212042411867,11,config_1
87b6f7,36.25414216371831,-95.77212042411867,5,config_1
87b6fc,36.38173257575033,-95.81428853484881,3,config_1
87b711,36.67709844199488,-95.94097099813557,11,config_1
87b713,36.76304587382828,-95.94097099813557,40,config_1
87b715,36.758794398213865,-96.02557380749096,2,config_1
87b717,36.67285075833478,-96.02557380749096,1,config_1
87b71c,36.54587902406246,-95.98325766018019,4,config_1
87b73,36.61893668649894,-96.23759466618242,6,config_1
87b75,36.96227433759821,-96.23759466618242,6,config_1
87b77,36.97958426648054,-95.8987138825821,8,config_1
87b79,36.99583493917285,-95.56172791278979,35,config_1
87b7b,36.652379208234066,-95.56172791278979,18,config_1
87b7d,36.667532766461996,-95.22666753958994,24,config_1
87b7f,37.01104184713288,-95.22666753958994,47,config_1
87b81,37.352940770106244,-95.22666753958994,38,config_1
87b824,37.25628172523593,-95.47778111042308,11,config_1
87b82c,37.24839866312311,-95.64579506896482,40,config_1
87b834,37.41891035985244,-95.64579506896482,4,config_1
87b83c,37.426806290630985,-95.47778111042308,3,config_1
87b85,37.67790082712856,-95.56172791278979,46,config_1
87b87,37.69320719300512,-95.22666753958994,6,config_1
87b89,38.03181961803155,-95.22666753958994,16,config_1
87b8b,38.36875738811565,-95.22666753958994,20,config_1
87b8d,38.35336107952697,-95.56172791278979,9,config_1
87b8f,38.016467102418936,-95.56172791278979,28,config_1
87b91,38.00006050543444,-95.8987138825821,10,config_1
87b93,38.33690757539888,-95.8987138825821,18,config_1
87b95,38.319381104541016,-96.23759466618242,32,config_1
87b97,37.98258412232734,-96.23759466618242,2,config_1
87b9c,37.48310144664223,-96.06791937864303,20,config_1
87ba4,37.44614510974571,-96.74939926474936,26,config_1
87ba9,37.24537567669818,-97.26528581122331,20,config_1
87bab,37.22360524896747,-97.61142171393448,1,config_1
87bad,37.56345723784455,-97.61142171393448,21,config_1
87bae04,37.72407168064236,-97.41650530503672,14,config_1
87bae0c,37.68176384459823,-97.41650530503672,6,config_1
87bae14,37.684478795557006,-97.37326545852945,31,config_1
87bae24,37.72948597431988,-97.33005299969896,21,config_1
87bae2c,37.73216660498749,-97.28686799616995,8,config_1
87bae34,37.68985565854685,-97.28686799616995,26,config_1
87bae39,37.67726605490312,-97.31925417224487,12,config_1
87bae3b,37.698427564999015,-97.31925417224487,16,config_1
87bae3c1,37.689653114749945,-97.33275297472204,47,config_1
87bae3c3,37.68931677731449,-97.33815324644422,6,config_1
87bae3c5,37.694606697007885,-97.33815324644422,3,config_1
87bae3c7,37.6949430506393,-97.33275297472204,1,config_1
87bae3cc,37.70270904755816,-97.33545305697596,6,config_1
87bae3d4,37.70203573958854,-97.34625445797023,7,config_1
87bae3dc,37.691456751407266,-97.34625445797023,16,config_1
87bae3f,37.67592197101127,-97.34085354311036,21,config_1
87bae5,37.625004279002965,-97.3084570618028,20,config_1
87bae7,37.61961288290332,-97.39488196255758,9,config_1
87baec,37.49512023125898,-97.35165580142355,7,config_1
87baf4,37.50574945105736,-97.17902604633225,9,config_1
87bafb,37.63032513100294,-97.22214211701957,1,config_1
87bafd,37.71500146033793,-97.22214211701957,50,config_1
87bb1,37.92358291380899,-97.26528581122331,34,config_1
87bb3,37.90167538198623,-97.61142171393448,11,config_1
87bb5,38.23823883760223,-97.61142171393448,25,config_1
87bb7,38.26020986732079,-97.26528581122331,15,config_1
87bbc,38.12289692185666,-96.74939926474936,49,config_1
87bc1,38.635825608716864,-96.57833866136845,8,config_1
87bc3,38.96918181231787,-96.57833866136845,21,config_1
87bc5,38.949358692902884,-96.92091345144947,27,config_1
87bc7,38.616053199210654,-96.92091345144947,7,config_1
87bcb,38.57312758898384,-97.61142171393448,12,config_1
87bcd,38.90632244361712,-97.61142171393448,42,config_1
87bcf,38.92841052296785,-97.26528581122331,14,config_1
87bd4,39.41412630334877,-97.43813547748366,28,config_1
87bd9,39.61079632814842,-96.92091345144947,6,config_1
87bdb,39.280945566843414,-96.92091345144947,6,config_1
87bdc4,39.37858846317301,-96.6638120059594,2,config_1
87bdc9,39.252138661896886,-96.70659142835461,3,config_1
87bdcb,39.169342444413395,-96.70659142835461,6,config_1
87bdcc4,39.193728744496674,-96.64243297020663,23,config_1
87bdccc,39.15230246228071,-96.64243297020663,4,config_1
87bdcd4,39.15473135198815,-96.59969628987318,5,config_1
87bdcd9,39.18640878547041,-96.58901658214614,36,config_1
87bdcdb,39.185198417763665,-96.61037778354671,5,config_1
87bdcdd,39.205905062175056,-96.61037778354671,12,config_1
87bdcdf,39.2071156095995,-96.58901658214614,21,config_1
87bdcf,39.25703490235032,-96.62106106216318,6,config_1
87bdd1,39.26186149760622,-96.53564486778043,3,config_1
87bdd24,39.19857058444569,-96.55698818466848,42,config_1
87bdd2c,39.15714285895166,-96.55698818466848,16,config_1
87bdd3c,39.200965452009875,-96.51430871869908,2,config_1
87bdd5,39.18381390879418,-96.45034335805805,5,config_1
87bdf,39.63071212618312,-96.57833866136845,6,config_1
87be4,39.49373923043933,-96.06791937864303,19,config_1
87be9,38.98789502174842,-96.23759466618242,15,config_1
87beb,38.65449109341921,-96.23759466618242,5,config_1
87bed,38.672064996428546,-95.8987138825821,5,config_1
87bef,39.00551372862383,-95.8987138825821,33,config_1
87bf01,39.14058513165589,-95.6878736310531,2,config_1
87bf024,39.07728339041063,-95.70892413195803,11,config_1
87bf02c,39.03573397856997,-95.70892413195803,8,config_1
87bf034,39.03778497695611,-95.66683060756066,42,config_1
87bf03c,39.07933501493963,-95.66683060756066,14,config_1
87bf05,39.06160905661152,-95.60374647633648,13,config_1
87bf0c,39.109127418995335,-95.47778111042308,8,config_1
87bf14,38.94280815076366,-95.47778111042308,5,config_1
87bf1c,38.93481016221407,-95.64579506896482,43,config_1
87bf3,38.688562914297606,-95.56172791278979,3,config_1
87bf44,38.78378113825695,-95.31025045570311,12,config_1
87bf4c,38.61659131089693,-95.31025045570311,40,config_1
87bf54,38.62404301380947,-95.1432068497593,1,config_1
87bf5c,38.791242562371075,-95.1432068497593,18,config_1
87bf61,38.91818673610689,-95.10152248359266,17,config_1
87bf65,38.99779372053584,-95.18492188756028,35,config_1
87bf67,38.91451773950286,-95.18492188756028,31,config_1
87bf684,38.890887778226336,-95.24755182794603,1,config_1
87bf689,38.92260672206636,-95.23710872932412,1,config_1
87bf68b,38.943432102393345,-95.23710872932412,29,config_1
87bf68d,38.9424942388792,-95.25799683455276,16,config_1
87bf68f,38.92166900513419,-95.25799683455276,8,config_1
87bf694,38.93066810576898,-95.2893432932414,30,config_1
87bf6b,38.90698377924388,-95.35208760396613,3,config_1
87bf6d,38.990255065831136,-95.35208760396613,13,config_1
87bf6e4,39.01391418233533,-95.2893432932414,9,config_1
87bf6ec,38.97230464356347,-95.2893432932414,50,config_1
87bf6f1,38.98412446997308,-95.25799683455276,11,config_1
87bf6f24,38.96828114591287,-95.26322005306808,2,config_1
87bf6f2c,38.957873606069704,-95.26322005306808,11,config_1
87bf6f34,38.95834361548673,-95.25277409280775,47,config_1
87bf6f3c,38.968751191854125,-95.25277409280775,3,config_1
87bf6f44,38.96922021478145,-95.24233004008052,7,config_1
87bf6f4c,38.958812601972106,-95.24233004008052,22,config_1
87bf6f54,38.95928056602023,-95.23188789578967,18,config_1
87bf6f5c,38.96968821518931,-95.23188789578967,44,config_1
87bf6f7,38.98506262502301,-95.23710872932412,17,config_1
87bf6fc,39.01579911691819,-95.24755182794603,4,config_1
87bf74,39.11687034071522,-95.31025045570311,7,config_1
87bf7c,39.12435037432493,-95.1432068497593,5,config_1
87bf9,39.369328708003344,-95.22666753958994,3,config_1
87bfb,39.35381492420033,-95.56172791278979,8,config_1
87bfd,39.68382953668838,-95.56172791278979,17,config_1
87bff,39.69937792760342,-95.22666753958994,34,config_1
86401,28.75887806796988,-95.22666753958994,3,config_1
86405,29.117003063177254,-95.56172791278979,46,config_1
86407,29.13045458011176,-95.22666753958994,16,config_1
864084,29.411783097863623,-95.1432068497593,9,config_1
86408c,29.405246620194973,-95.31025045570311,31,config_1
864094,29.590334237824866,-95.31025045570311,49,config_1
864099,29.641516590412998,-95.18492188756028,44,config_1
86409b,29.549022710756017,-95.18492188756028,10,config_1
86409d,29.55224333659539,-95.10152248359266,47,config_1
86409f,29.644743422580678,-95.10152248359266,5,config_1
8640a4,29.781769536782075,-95.1432068497593,50,config_1
8640ac,29.966398359236102,-95.1432068497593,46,config_1
8640b1,29.91533175390215,-95.26844374824067,5,config_1
8640b3,30.00757497431918,-95.26844374824067,17,config_1
8640b5,30.004208107485084,-95.35208760396613,41,config_1
8640b7,29.911971160355836,-95.35208760396613,2,config_1
8640b84,29.84190474365524,-95.37301757521422,1,config_1
8640b89,29.80685808698063,-95.3834854069277,10,config_1
8640b8b,29.783772436252782,-95.3834854069277,31,config_1
8640b8d,29.7846212533601,-95.36255164058957,14,config_1
8640b8f,29.80770730563051,-95.36255164058957,2,config_1
8640b94,29.797431500631728,-95.3311652283681,4,config_1
8640b9c,29.843597139913783,-95.3311652283681,3,config_1
8640bb,29.82302652918589,-95.26844374824067,7,config_1
8640bd,29.730659910901096,-95.26844374824067,17,config_1
8640be4,29.705054390204594,-95.3311652283681,40,config_1
8640bec,29.751250558499148,-95.3311652283681,26,config_1
8640bf1,29.738437698391227,-95.36255164058957,19,config_1
8640bf21,29.753188862812177,-95.35470343513451,7,config_1
8640bf23,29.752977474814486,-95.35993545346048,44,config_1
8640bf25,29.758750670206737,-95.35993545346048,12,config_1
8640bf264,29.760352517554296,-95.35601139522002,2,config_1
8640bf26b,29.756717903599334,-95.35666538638733,3,config_1
8640bf26d,29.7567707403977,-95.355357411469,36,config_1
8640bf26f,29.758214029857335,-95.355357411469,17,config_1
8640bf274,29.75757161688663,-95.35339550471595,1,config_1
8640bf2c,29.76751577043639,-95.35731938497071,42,config_1
8640bf34,29.767092417044502,-95.36778437070875,40,config_1
8640bf384,29.759717412043734,-95.37170922962038,25,config_1
8640bf38c,29.756830902118246,-95.37170922962038,3,config_1
8640bf394,29.75693688801669,-95.36909262736586,8,config_1
8640bf39c,29.759823404228577,-95.36909262736586,44,config_1
8640bf3b,29.758539031163856,-95.36516794634375,49,config_1
8640bf3d,29.7527658608813,-95.36516794634375,16,config_1
8640bf3f,29.752554020960133,-95.37040091367032,19,config_1
8640bf44,29.755122420677502,-95.3782512539919,24,config_1
8640bf4c,29.766668159324496,-95.3782512539919,47,config_1
8640bf54,29.76624299685656,-95.38872003390745,27,config_1
8640bf5c,29.754697359043963,-95.38872003390745,10,config_1
8640bf7,29.737589686222247,-95.3834854069277,45,config_1
8640bf81,29.722835613612332,-95.39133752512811,32,config_1
8640bf83,29.723048231637655,-95.38610266116922,17,config_1
8640bf85,29.71727373701765,-95.38610266116922,4,config_1
8640bf87,29.71706114429583,-95.39133752512811,36,config_1
8640bf8c,29.708505301670417,-95.38872003390745,10,config_1
8640bf9c,29.720479498197996,-95.3782512539919,12,config_1
8640bfb,29.715340214875358,-95.36255164058957,2,config_1
8640bfd,29.692238940145113,-95.36255164058957,1,config_1
8640bff,29.691391735384382,-95.3834854069277,3,config_1
8640c004,29.684978227474016,-95.39919070954187,8,config_1
8640c00c,29.696529456636174,-95.39919070954187,1,config_1
8640c019,29.687333121856852,-95.4122817185466,26,config_1
8640c01b,29.687546492032677,-95.4070449597832,4,config_1
8640c01d,29.681770679380723,-95.4070449597832,31,config_1
8640c01f,29.681557334675652,-95.4122817185466,6,config_1
8640c03,29.689686479995785,-95.42537568639597,3,config_1
8640c05,29.712786537454228,-95.42537568639597,5,config_1
8640c064,29.71920250888754,-95.40966327998085,9,config_1
8640c06c,29.70765327396751,-95.40966327998085,6,config_1
8640c074,29.708079740068232,-95.39919070954187,18,config_1
8640c07c,29.719629076567927,-95.39919070954187,28,config_1
8640c09,29.736738056395403,-95.40442675796797,28,config_1
8640c0b,29.759830931794607,-95.40442675796797,28,config_1
8640c0d,29.758975274700145,-95.42537568639597,5,config_1
8640c0f,29.735882805558074,-95.42537568639597,15,config_1
8640c11,29.73502393036115,-95.44633218488474,8,config_1
8640c13,29.75811599150374,-95.44633218488474,10,config_1
8640c15,29.757253078857957,-95.46729624609469,36,config_1
8640c17,29.734161427459075,-95.46729624609469,33,config_1
8640c1c,29.69994822955784,-95.45681327060878,14,config_1
8640c24,29.698217197659083,-95.49875650192564,36,config_1
8640c2c,29.69647163206253,-95.54072991049888,14,config_1
8640c34,29.74265962770855,-95.54072991049888,13,config_1
8640c39,29.75551635184641,-95.50924702725706,5,config_1
8640c3b,29.732425525174936,-95.50924702725706,10,config_1
8640c3d,29.73329529350982,-95.48826786267372,32,config_1
8640c3f,29.75638653341895,-95.48826786267372,11,config_1
8640c5,29.812789773957824,-95.51973943774544,39,config_1
8640c64,29.83847643890792,-95.45681327060878,2,config_1
8640c6c,29.79231563152323,-95.45681327060878,11,config_1
8640c74,29.794035420406473,-95.41490027546612,47,config_1
8640c7c,29.840197852282465,-95.41490027546612,5,config_1
8640c9,29.908552557634437,-95.43585298984118,13,config_1
8640cb,30.000783121883035,-95.43585298984118,26,config_1
8640cc4,29.975125522056363,-95.49875650192564,12,config_1
8640ccc,30.021222796123396,-95.49875650192564,8,config_1
8640cd4,30.019465699983854,-95.54072991049888,47,config_1
8640cdc,29.97337005785178,-95.54072991049888,12,config_1
8640cf,29.905075730285553,-95.51973943774544,7,config_1
8640d4,29.945865677209675,-95.64579506896482,49,config_1
8640d9,29.80567398894661,-95.6878736310531,13,config_1
8640db,29.809261152012425,-95.60374647633648,15,config_1
8640dd,29.716920606916624,-95.60374647633648,38,config_1
8640df,29.713340241837486,-95.6878736310531,3,config_1
8640e1,29.62094591645373,-95.6878736310531,11,config_1
8640e3,29.52849162890917,-95.6878736310531,11,config_1
8640e5,29.532058272977306,-95.60374647633648,2,config_1
8640e7,29.62451944185234,-95.60374647633648,45,config_1
8640ec,29.58354228478337,-95.47778111042308,45,config_1
8640fc,29.39148451206124,-95.64579506896482,5,config_1
86411,29.47307845952827,-95.8987138825821,9,config_1
864124,29.754028949264114,-95.81428853484881,49,config_1
86412c,29.938553218054942,-95.81428853484881,9,config_1
864134,29.931003804263764,-95.98325766018019,9,config_1
86413c,29.746507912083302,-95.98325766018019,2,config_1
86415,29.82703651809303,-96.23759466618242,10,config_1
86417,29.457649738535203,-96.23759466618242,3,config_1
8641c,28.909559669047898,-96.06791937864303,11,config_1
86424,28.87717828684354,-96.74939926474936,17,config_1
8642c,28.84094667826595,-97.43813547748366,16,config_1
86431,29.405581159562757,-97.26528581122331,10,config_1
86433,29.386255454990476,-97.61142171393448,6,config_1
86435,29.755092042757056,-97.61142171393448,38,config_1
86437,29.774566907521518,-97.26528581122331,2,config_1
8643c,29.617428456801527,-96.74939926474936,23,config_1
86444,30.353859258393445,-96.74939926474936,29,config_1
86449,30.14258310143638,-97.26528581122331,40,config_1
8644a4,30.03607884049197,-97.52472429686226,4,config_1
8644ac,30.026032896758466,-97.69822718000074,8,config_1
8644b04,30.144661022187584,-97.63311297235884,41,config_1
8644b0c,30.190565973865667,-97.63311297235884,7,config_1
8644b14,30.18803044328275,-97.67651571401332,29,config_1
8644b1c,30.142127804854848,-97.67651571401332,7,config_1
8644b24,30.139578595358312,-97.71994536457991,5,config_1
8644b2c,30.137013370225088,-97.76340185489671,2,config_1
8644b34,30.18291133722534,-97.76340185489671,32,config_1
8644b3c,30.1854789055697,-97.71994536457991,17,config_1
8644b41,30.220533601980172,-97.70908543300678,7,config_1
8644b43,30.243472191103947,-97.70908543300678,22,config_1
8644b45,30.24219096178692,-97.73080697363837,39,config_1
8644b47,30.219252953826178,-97.73080697363837,15,config_1
8644b49,30.217968293742025,-97.75253521988041,30,config_1
8644b4b,30.21667961879742,-97.7742701630638,25,config_1
8644b4d,30.2396164588302,-97.7742701630638,40,config_1
8644b4e4,30.246317480247,-97.7579683281769,26,config_1
8644b4ec,30.234849832450614,-97.7579683281769,18,config_1
8644b4f4,30.235493385008866,-97.7471025301428,5,config_1
8644b4f9,30.24425508191273,-97.74438634227594,3,config_1
8644b4fb,30.24393350196799,-97.74981882268327,18,config_1
8644b4fc4,30.248314173427435,-97.7484606633299,16,config_1
8644b4fcc,30.24815330703374,-97.75117700820081,18,config_1
8644b4fd4,30.25102005562942,-97.75117700820081,1,config_1
8644b4fdc,30.25118093113125,-97.7484606633299,25,config_1
8644b4ff,30.24998874878157,-97.74438634227594,1,config_1
8644b501,30.255722167304103,-97.74438634227594,1,config_1
8644b503,30.255400514523487,-97.74981882268327,8,config_1
8644b5044,30.259780831612613,-97.7484606633299,8,config_1
8644b504c,30.25961992879726,-97.75117700820081,15,config_1
8644b5054,30.262486428919715,-97.75117700820081,36,config_1
8644b505c,30.262647340835965,-97.7484606633299,28,config_1
8644b5064,30.262808189972084,-97.74574442312411,36,config_1
8644b506c,30.259941671651475,-97.74574442312411,22,config_1
8644b5074,30.260102448919564,-97.7430282876004,1,config_1
8644b507c,30.262968976333788,-97.7430282876004,15,config_1
8644b5081,30.265159019583933,-97.74234927007802,2,config_1
8644b5083,30.266592237797234,-97.74234927007802,16,config_1
8644b5085,30.2665118546279,-97.74370731166645,22,config_1
8644b5087,30.26507863868687,-97.74370731166645,12,config_1
8644b508c,30.26567464612546,-97.74574442312411,35,config_1
8644b5094,30.2685410400935,-97.74574442312411,30,config_1
8644b5099,30.269378239864274,-97.74370731166645,7,config_1
8644b509b,30.267945055021126,-97.74370731166645,17,config_1
8644b509c4,30.268363643668135,-97.74268877802123,9,config_1
8644b509cc,30.267647046506863,-97.74268877802123,38,config_1
8644b509d4,30.267687235020183,-97.74200976377081,11,config_1
8644b509dc,30.268403832749375,-97.74200976377081,4,config_1
8644b509f,30.26945862757747,-97.74234927007802,25,config_1
8644b50a4,30.27156818548978,-97.7430282876004,21,config_1
8644b50ac,30.274434464119185,-97.7430282876004,12,config_1
8644b50b4,30.274273641401102,-97.74574442312411,6,config_1
8644b50bc,30.271407371858086,-97.74574442312411,32,config_1
8644b50d,30.27259916941805,-97.74981882268327,18,config_1
8644b50e4,30.268219242655686,-97.75117700820081,15,config_1
8644b50ec,30.268380172768296,-97.7484606633299,31,config_1
8644b50f4,30.2655137878939,-97.7484606633299,24,config_1
8644b50fc,30.265352866878562,-97.75117700820081,3,config_1
8644b511,30.266544556459145,-97.75525172171726,49,config_1
8644b513,30.272277156309126,-97.75525172171726,21,config_1
8644b515,30.271954891971436,-97.76068503924238,4,config_1
8644b517,30.26622232854701,-97.76068503924238,12,config_1
8644b51c,30.25778413509299,-97.7579683281769,46,config_1
8644b524,30.25713928618482,-97.76883579990425,8,config_1
8644b52c,30.2564934321953,-97.7797049442397,5,config_1
8644b534,30.267958800944186,-97.7797049442397,4,config_1
8644b539,30.27130960942661,-97.7715529292235,14,config_1
8644b53a4,30.266929540720753,-97.77291153307958,9,config_1
8644b53ac,30.264063237852934,-97.77291153307958,1,config_1
8644b53b4,30.264224661344546,-97.77019435149768,1,config_1
8644b53bc,30.26709097333877,-97.77019435149768,44,config_1
8644b53c1,30.26792857656061,-97.76815653390783,37,config_1
8644b53c3,30.26800924688568,-97.76679802151695,13,config_1
8644b53c5,30.26657610073306,-97.76679802151695,1,config_1
8644b53c7,30.266495432687996,-97.76815653390783,8,config_1
8644b53cc,30.264386022006605,-97.7674772744453,10,config_1
8644b53d4,30.264547319844826,-97.76476030193942,5,config_1
8644b53dc,30.267413650080943,-97.76476030193942,14,config_1
8644b53f,30.271632376359193,-97.766118775123,2,config_1
8644b55,30.2854782232638,-97.7742701630638,35,config_1
8644b564,30.29217813033133,-97.7579683281769,7,config_1
8644b56c,30.280714461294178,-97.7579683281769,28,config_1
8644b574,30.281358596658503,-97.7471025301428,44,config_1
8644b57c,30.29282241110771,-97.7471025301428,23,config_1
8644b584,30.293465686836736,-97.73623840688633,43,config_1
8644b58c,30.294107957885412,-97.7253759594911,12,config_1
8644b594,30.28264385330985,-97.7253759594911,50,config_1
8644b599,30.279296198136517,-97.73352263788321,15,config_1
8644b59a3,30.28291902901876,-97.73284371200025,16,config_1
8644b59a5,30.28435207638048,-97.73284371200025,28,config_1
8644b59a7,30.28443236123228,-97.73148587987757,25,config_1
8644b59ac,30.286541764302758,-97.73216479266495,5,config_1
8644b59b4,30.28638115641391,-97.73488050929105,22,config_1
8644b59bc,30.28351509964338,-97.73488050929105,9,config_1
8644b59c4,30.283354438042217,-97.73759633066695,13,config_1
8644b59cc,30.286220485744497,-97.73759633066695,21,config_1
8644b59d4,30.286059752288764,-97.7403122567757,31,config_1
8644b59dc,30.283193713658374,-97.7403122567757,20,config_1
8644b59e4,30.28032761273038,-97.7403122567757,11,config_1
8644b59ec,30.280488328040533,-97.73759633066695,22,config_1
8644b59f4,30.277622155757555,-97.73759633066695,7,config_1
8644b59fc,30.277461449522907,-97.7403122567757,13,config_1
8644b5a004,30.275609787004527,-97.74133075606447,3,config_1
8644b5a00c,30.274893227597772,-97.74133075606447,2,config_1
8644b5a014,30.27493341394148,-97.74065175490249,48,config_1
8644b5a01c,30.275649973915755,-97.74065175490249,6,config_1
8644b5a03,30.27535196699923,-97.73963326543073,24,config_1
8644b5a05,30.273918837567617,-97.73963326543073,4,config_1
8644b5a064,30.273500282322207,-97.74065175490249,13,config_1
8644b5a06c,30.274216850076865,-97.74065175490249,39,config_1
8644b5a074,30.274176664300718,-97.74133075606447,7,config_1
8644b5a07c,30.27346009711365,-97.74133075606447,4,config_1
8644b5a0c,30.271728936341884,-97.7403122567757,30,config_1
8644b5a14,30.271889624420123,-97.73759633066695,6,config_1
8644b5a1c,30.274755921211383,-97.73759633066695,8,config_1
8644b5a3,30.27356370183042,-97.73352263788321,28,config_1
8644b5a5,30.26783095656935,-97.73352263788321,36,config_1
8644b5a61,30.265480386254406,-97.73691736550359,4,config_1
8644b5a63,30.265400068123025,-97.73827530237608,26,config_1
8644b5a65,30.266833293150405,-97.73827530237608,16,config_1
8644b5a67,30.266913613552244,-97.73691736550359,17,config_1
8644b5a6c,30.269023265401874,-97.73759633066695,13,config_1
8644b5a74,30.268862586404552,-97.7403122567757,38,config_1
8644b5a79,30.266672605273623,-97.74099125466542,11,config_1
8644b5a7b,30.266752957057772,-97.73963326543073,42,config_1
8644b5a7d,30.265319734301297,-97.73963326543073,31,config_1
8644b5a7f,30.265239384788508,-97.74099125466542,14,config_1
8644b5a84,30.263129699926807,-97.7403122567757,38,config_1
8644b5a8c,30.263290360756884,-97.73759633066695,7,config_1
8644b5a94,30.260423815166355,-97.73759633066695,9,config_1
8644b5a9c,30.260263163422614,-97.7403122567757,3,config_1
8644b5ab,30.256043569034944,-97.73895428063078,4,config_1
8644b5ad,30.25636471976185,-97.73352263788321,2,config_1
8644b5af,30.26209796249819,-97.73352263788321,34,config_1
8644b5b4,30.259712654991283,-97.7253759594911,40,config_1
8644b5bc,30.271178751958903,-97.7253759594911,30,config_1
8644b5d,30.26640680866992,-97.70908543300678,48,config_1
8644b5e4,30.28392509363895,-97.70365609661529,3,config_1
8644b5ec,30.28328497533096,-97.71451518904006,22,config_1
8644b5f4,30.29474922462105,-97.71451518904006,14,config_1
8644b5fc,30.295389487411274,-97.70365609661529,13,config_1
8644b64,30.279788249540324,-97.67651571401332,45,config_1
8644b6c,30.233917282986884,-97.67651571401332,24,config_1
8644b74,30.236455119517007,-97.63311297235884,2,config_1
8644b7c,30.28232838471177,-97.63311297235884,38,config_1
8644bc,30.219784329452057,-97.52472429686226,45,config_1
8644c4,30.403236040720408,-97.52472429686226,32,config_1
8644c84,30.32818569519738,-97.63311297235884,13,config_1
8644c8c,30.374026976898957,-97.63311297235884,25,config_1
8644c94,30.37148226637379,-97.67651571401332,27,config_1
8644c99,30.336466265724916,-97.68737060664283,10,config_1
8644c9b,30.337741776840602,-97.66566250319175,3,config_1
8644c9d,30.31481798019907,-97.66566250319175,20,config_1
8644c9f,30.313543042852594,-97.68737060664283,34,config_1
8644ca1,30.312264092015766,-97.70908543300678,40,config_1
8644ca3,30.335186739267012,-97.70908543300678,23,config_1
8644ca5,30.333903194517802,-97.73080697363837,36,config_1
8644ca64,30.316390611482817,-97.73623840688633,10,config_1
8644ca6c,30.317033172078972,-97.7253759594911,36,config_1
8644ca74,30.305571064527562,-97.7253759594911,16,config_1
8644ca7c,30.30492864864741,-97.73623840688633,18,config_1
8644ca9,30.30969413808674,-97.75253521988041,30,config_1
8644cab,30.30840312911488,-97.7742701630638,23,config_1
8644cad,30.33132403837413,-97.7742701630638,12,config_1
8644caf,30.33261562853321,-97.75253521988041,25,config_1
8644cb1,30.355533112212537,-97.75253521988041,16,config_1
8644cb3,30.354240941794448,-97.7742701630638,8,config_1
8644cb5,30.377153830139825,-97.7742701630638,10,config_1
8644cb7,30.37844657988857,-97.75253521988041,22,config_1
8644cb9,30.37973530175709,-97.73080697363837,22,config_1
8644cbb,30.35682125660186,-97.73080697363837,24,config_1
8644cbd,30.358105377903247,-97.70908543300678,18,config_1
8644cbf,30.38101999868797,-97.70908543300678,14,config_1
8644cc1,30.40393059239583,-97.70908543300678,12,config_1
8644cc3,30.426837149812627,-97.70908543300678,21,config_1
8644cc5,30.425551304391494,-97.73080697363837,10,config_1
8644cc7,30.40264532075831,-97.73080697363837,20,config_1
8644ccc,30.41216292673331,-97.76340185489671,31,config_1
8644cd4,30.45796507707318,-97.76340185489671,20,config_1
8644cdc,30.46054654931995,-97.71994536457991,11,config_1
8644ce4,30.463111901919603,-97.67651571401332,46,config_1
8644cec,30.41730516868771,-97.67651571401332,39,config_1
8644cf1,30.430670543840748,-97.64396113128684,13,config_1
8644cf3,30.407762276119787,-97.64396113128684,7,config_1
8644cf5,30.4090314701627,-97.62226649954944,9,config_1
8644cf7,30.431940304308643,-97.62226649954944,23,config_1
8644cfc,30.465661158541877,-97.63311297235884,25,config_1
8644d04,30.51145391122613,-97.63311297235884,47,config_1
8644d0c,30.557230340613078,-97.63311297235884,13,config_1
8644d14,30.554676567170848,-97.67651571401332,11,config_1
8644d19,30.519706930980796,-97.68737060664283,10,config_1
8644d1b,30.520986999229656,-97.66566250319175,3,config_1
8644d1d,30.498095544206485,-97.66566250319175,29,config_1
8644d1f,30.496816042387433,-97.68737060664283,17,config_1
8644d24,30.506334763213278,-97.71994536457991,32,config_1
8644d2c,30.503750999569316,-97.76340185489671,15,config_1
8644d34,30.549520620869643,-97.76340185489671,4,config_1
8644d3c,30.5521066684982,-97.71994536457991,1,config_1
8644d5,30.619441080748068,-97.74167025909962,3,config_1
8644d7,30.624587664456687,-97.65481097525692,22,config_1
8644dc,30.586429233124328,-97.52472429686226,10,config_1
8644e4,30.596327671099555,-97.35165580142355,31,config_1
8644ec,30.413099450534897,-97.35165580142355,13,config_1
8644f4,30.422708554685855,-97.17902604633225,1,config_1
8644fc,30.60597087929084,-97.17902604633225,9,config_1
86451,30.875552911543373,-97.26528581122331,8,config_1
86453,30.85565226515239,-97.61142171393448,36,config_1
86455,31.220396089851533,-97.61142171393448,35,config_1
86457,31.24043139419716,-97.26528581122331,24,config_1
8645c,31.086161312239916,-96.74939926474936,22,config_1
86464,31.120018546616496,-96.06791937864303,5,config_1
864681,30.694150983541395,-96.3651570426858,16,config_1
8646824,30.624384721939812,-96.38644279430395,2,config_1
8646834,30.580628730991076,-96.34387852238766,27,config_1
8646838c,30.621513870571384,-96.32792438246062,1,config_1
86468394,30.620996449559634,-96.33856002313097,39,config_1
86468399,30.612273280104844,-96.34121921619534,33,config_1
8646839b,30.612532187739795,-96.33590094320995,4,config_1
8646839d,30.60680272601782,-96.33590094320995,27,config_1
8646839f,30.60654384682535,-96.34121921619534,33,config_1
864683b,30.61448954577506,-96.35451687812872,23,config_1
864683f,30.638440986550872,-96.33324197644764,4,config_1
864685,30.606641518267146,-96.28008642818537,16,config_1
864694,30.475111540338677,-96.15269854577356,2,config_1
8646b,30.195444005857052,-96.23759466618242,42,config_1
8646d,30.211107026336748,-95.8987138825821,37,config_1
86471,30.593421637599622,-95.56172791278979,31,config_1
864724,30.314218803497837,-95.64579506896482,6,config_1
86472c,30.130168913258153,-95.64579506896482,14,config_1
864731,30.181559860768246,-95.51973943774544,12,config_1
864733,30.08946138007494,-95.51973943774544,9,config_1
864735,30.092951152843618,-95.43585298984118,41,config_1
8647364,30.16290026783774,-95.41490027546612,1,config_1
864736c,30.161167623381278,-95.45681327060878,32,config_1
8647374,30.207203387661206,-95.45681327060878,21,config_1
86473c,30.321348173329742,-95.47778111042308,9,config_1
86475,30.239577135436164,-95.22666753958994,30,config_1
86477,30.607284196351138,-95.22666753958994,1,config_1
8647c,31.149953835575754,-95.39395513481692,12,config_1
86484,31.87866254966999,-95.39395513481692,19,config_1
8648c,31.848336807299006,-96.06791937864303,29,config_1
86494,32.571918438309666,-96.06791937864303,33,config_1
8649c,32.602612671349874,-95.39395513481692,44,config_1
864a4,33.321531368043786,-95.39395513481692,30,config_1
864ac,34.035158804423595,-95.39395513481692,11,config_1
864b1,33.83417706448965,-95.8987138825821,1,config_1
864b3,34.18950934049419,-95.8987138825821,6,config_1
864b5,34.1727658695591,-96.23759466618242,46,config_1
864b7,33.817517252567114,-96.23759466618242,5,config_1
864bc,33.29049058697478,-96.06791937864303,15,config_1
864c04,33.00025816692411,-96.49297974540691,27,config_1
864c0c,33.179521266031784,-96.49297974540691,2,config_1
864c11,33.12799760051932,-96.62106106216318,13,config_1
864c13,33.21753861467271,-96.62106106216318,21,config_1
864c15,33.21295904965995,-96.70659142835461,3,config_1
864c17,33.12342430210061,-96.70659142835461,24,config_1
864c184,33.05506760215587,-96.7279917988472,11,config_1
864c18c,33.010240181258524,-96.7279917988472,17,config_1
864c194,33.01253910989555,-96.68519816136498,13,config_1
864c19c,33.05736812791373,-96.68519816136498,18,config_1
864c1b,33.03837529168963,-96.62106106216318,13,config_1
864c1c4,32.969971036332154,-96.64243297020663,16,config_1
864c1cc,32.97223594187435,-96.59969628987318,17,config_1
864c1d4,32.927363487324705,-96.59969628987318,6,config_1
864c1d9,32.914446564344395,-96.6317461247182,11,config_1
864c1db,32.93688721190377,-96.6317461247182,9,config_1
864c1dd,32.935751308983626,-96.65312159762259,17,config_1
864c1df,32.91331106029825,-96.65312159762259,14,config_1
864c1e1,32.91217150911522,-96.67450419420958,20,config_1
864c1e3,32.91102790743699,-96.69589390641657,15,config_1
864c1e5,32.933467354001465,-96.69589390641657,13,config_1
864c1e7,32.93461135746948,-96.67450419420958,8,config_1
864c1e9,32.95704619369369,-96.67450419420958,20,config_1
864c1eb,32.97947600987777,-96.67450419420958,1,config_1
864c1ed,32.97833120520428,-96.69589390641657,10,config_1
864c1ef,32.955901789227276,-96.69589390641657,21,config_1
864c1f4,32.96539260926208,-96.7279917988472,46,config_1
864c1fc,32.920524949249646,-96.7279917988472,41,config_1
864c201,32.90757276591336,-96.76010565594648,9,config_1
864c203,32.930010998340805,-96.76010565594648,20,config_1
864c205,32.92885075354583,-96.78152374976098,13,config_1
864c207,32.90641292875847,-96.78152374976098,12,config_1
864c209,32.90524902438239,-96.80294891869778,14,config_1
864c20b,32.90408104945314,-96.82438115462048,34,config_1
864c20d,32.92651805455937,-96.82438115462048,8,config_1
864c20f,32.9276864400632,-96.80294891869778,4,config_1
864c211,32.950118848404024,-96.80294891869778,10,config_1
864c213,32.948950053133686,-96.82438115462048,15,config_1
864c215,32.97137703726545,-96.82438115462048,22,config_1
864c217,32.97254624149429,-96.80294891869778,5,config_1
864c219,32.973711370774225,-96.78152374976098,9,config_1
864c21b,32.95128357018792,-96.78152374976098,18,config_1
864c21d,32.95244422182046,-96.76010565594648,15,config_1
864c21f,32.974872428441905,-96.76010565594648,19,config_1
864c224,33.007924990899475,-96.77081381795539,26,config_1
864c22c,33.052750803086525,-96.77081381795539,9,config_1
864c234,33.05041770389842,-96.81366415379489,25,config_1
864c23c,33.0055935120359,-96.81366415379489,14,config_1
864c244,33.003245717955956,-96.85654274127455,16,config_1
864c24c,33.04806827785492,-96.85654274127455,17,config_1
864c254,33.04570249829046,-96.89944951510694,24,config_1
864c25c,33.00088158201888,-96.89944951510694,28,config_1
864c264,32.9560405404973,-96.89944951510694,40,config_1
864c26c,32.95840302627783,-96.85654274127455,39,config_1
864c271,32.92416905417609,-96.86726679481669,19,config_1
864c273,32.92534559370522,-96.84582044938043,12,config_1
864c275,32.90290900064316,-96.84582044938043,12,config_1
864c277,32.90173287462936,-96.86726679481669,19,config_1
864c27c,32.91117943681446,-96.89944951510694,36,config_1
864c284,32.90880226280605,-96.94238440980855,45,config_1
864c28c,32.95366169802373,-96.94238440980855,26,config_1
864c294,32.95126647238475,-96.98534735970001,27,config_1
864c29c,32.90640871743519,-96.98534735970001,35,config_1
864c2a3,32.915818796242895,-97.01758794371639,8,config_1
864c2a5,32.91460950816501,-97.03909039930008,14,config_1
864c2a7,32.89217668988938,-97.03909039930008,41,config_1
864c2ac,32.90157240717898,-97.07135716135726,26,config_1
864c2b4,32.946426766083654,-97.07135716135726,32,config_1
864c2bc,32.94885483718041,-97.02833829890636,23,config_1
864c2c4,32.99369085773294,-97.02833829890636,34,config_1
864c2cc,32.991261089397085,-97.07135716135726,1,config_1
864c2d4,33.03607531402479,-97.07135716135726,11,config_1
864c2d9,33.0491011771043,-97.03909039930008,16,config_1
864c2db,33.0266984670376,-97.03909039930008,10,config_1
864c2dd,33.02790986927991,-97.01758794371639,13,config_1
864c2df,33.05031299967233,-97.01758794371639,19,config_1
864c2e4,33.04092177229455,-96.98534735970001,33,config_1
864c2ec,32.99610417836841,-96.98534735970001,20,config_1
864c2f4,32.998501077655455,-96.94238440980855,11,config_1
864c2fc,33.043320338611025,-96.94238440980855,3,config_1
864c31,33.10931289745232,-96.96386238196816,9,config_1
864c324,33.083302519761666,-97.02833829890636,24,config_1
864c32c,33.08086937707113,-97.07135716135726,16,config_1
864c334,33.125643215839595,-97.07135716135726,28,config_1
864c33c,33.128078035648805,-97.02833829890636,9,config_1
864c35,33.19398664245865,-97.04984424386326,27,config_1
864c37,33.198828294349696,-96.96386238196816,3,config_1
864c39,33.20360410407843,-96.87799260898478,11,config_1
864c3a4,33.135283703724426,-96.89944951510694,6,config_1
864c3ac,33.090503226422406,-96.89944951510694,15,config_1
864c3b4,33.092870643086556,-96.85654274127455,7,config_1
864c3bc,33.13765275096214,-96.85654274127455,26,config_1
864c3c4,33.14000542148514,-96.81366415379489,14,config_1
864c3cc,33.095221694610565,-96.81366415379489,24,config_1
864c3d4,33.09755640768473,-96.77081381795539,13,config_1
864c3dc,33.1423417420084,-96.77081381795539,5,config_1
864c3f,33.20831428451073,-96.7922354503473,14,config_1
864c5,33.42466297447948,-96.92091345144947,20,config_1
864c7,33.443305262701145,-96.57833866136845,16,config_1
864c9,33.79982448134698,-96.57833866136845,27,config_1
864cb,34.15498411967304,-96.57833866136845,36,config_1
864cd,34.136149786878256,-96.92091345144947,18,config_1
864cf,33.78108454237463,-96.92091345144947,1,config_1
864d1,33.761283507536376,-97.26528581122331,26,config_1
864d24,34.03270569530416,-97.17902604633225,5,config_1
864d284,34.147230085126125,-97.11440388078715,5,config_1
864d28c,34.14472497910701,-97.15747839073565,1,config_1
864d294,34.18899208201875,-97.15747839073565,38,config_1
864d29c,34.19149872613035,-97.11440388078715,37,config_1
864d2f,34.16307087236159,-97.22214211701957,7,config_1
864d5,34.095267570885966,-97.61142171393448,12,config_1
864d7,33.740407743774476,-97.61142171393448,4,config_1
864d9,33.38419865667327,-97.61142171393448,5,config_1
864db,33.40496528400982,-97.26528581122331,32,config_1
864dc4,33.131787043268204,-97.35165580142355,1,config_1
864dc9,33.18410496654987,-97.22214211701957,1,config_1
864dca1,33.22076280728035,-97.16825135268444,8,config_1
864dca3,33.198403192876015,-97.16825135268444,3,config_1
864dca5,33.19964274841487,-97.14670716152928,22,config_1
864dca7,33.22200278516229,-97.14670716152928,43,config_1
864dca9,33.22323861769279,-97.12516990551354,41,config_1
864dcab,33.22447030815443,-97.10363959296912,13,config_1
864dcad,33.20210943108007,-97.10363959296912,2,config_1
864dcaf,33.20087816005587,-97.12516990551354,8,config_1
864dcb4,33.167943756747746,-97.11440388078715,27,config_1
864dcbc,33.165474198497655,-97.15747839073565,1,config_1
864dcd,33.09957690324923,-97.13593766610796,17,config_1
864dcf,33.094609754904205,-97.22214211701957,1,config_1
864dd1,33.00503361653139,-97.22214211701957,7,config_1
864dd3,33.00999388835464,-97.13593766610796,19,config_1
864dd5,32.920330393607976,-97.13593766610796,37,config_1
864dd64,32.8941944995794,-97.20058062454765,13,config_1
864dd6c,32.939043675270796,-97.20058062454765,4,config_1
864dd74,32.936549598806955,-97.24371051537364,8,config_1
864dd7c,32.891702174725424,-97.24371051537364,44,config_1
864dd9,32.910357522668384,-97.3084570618028,14,config_1
864dda4,32.97886461505136,-97.28686799616995,5,config_1
864dda9,33.01310068012681,-97.2760760430849,1,config_1
864ddab4,33.04078238085157,-97.2814718045402,45,config_1
864ddabc,33.02958469930625,-97.2814718045402,12,config_1
864ddaf,33.011839672613334,-97.29766166942674,2,config_1
864ddb4,33.021139444287165,-97.33005299969896,4,config_1
864ddbc,32.97633561125949,-97.33005299969896,16,config_1
864ddd,32.99491401000882,-97.39488196255758,7,config_1
864ddf,32.905271595529186,-97.39488196255758,12,config_1
864df,33.026671193038524,-97.61142171393448,7,config_1
864e1,32.66785705573455,-97.61142171393448,25,config_1
864e3,32.30778876008412,-97.61142171393448,8,config_1
864e5,32.328206146256456,-97.26528581122331,23,config_1
864e61,32.560881759129735,-97.13593766610796,3,config_1
864e63,32.65086209384853,-97.13593766610796,27,config_1
864e65,32.645929875743676,-97.22214211701957,22,config_1
864e67,32.555956691463614,-97.22214211701957,2,config_1
864e6c,32.59343654138261,-97.35165580142355,48,config_1
864e704,32.70961190875816,-97.28686799616995,5,config_1
864e70c,32.754536939738664,-97.28686799616995,8,config_1
864e7104,32.7361196689933,-97.31385540233143,4,config_1
864e710c,32.735488780668334,-97.32465337141132,5,config_1
864e7111,32.74406896031017,-97.3219537181797,1,config_1
864e7113,32.743753215057176,-97.32735313192323,5,config_1
864e7115,32.74936770855683,-97.32735313192323,46,config_1
864e7117,32.749683482020345,-97.3219537181797,8,config_1
864e711c,32.747349413506946,-97.31385540233143,1,config_1
864e713,32.763876261675335,-97.31925417224487,25,config_1
864e715,32.76261185013202,-97.34085354311036,49,config_1
864e717,32.740155392358815,-97.34085354311036,44,config_1
864e71c,32.70709362135849,-97.33005299969896,35,config_1
864e724,32.70455877644658,-97.37326545852945,37,config_1
864e72c,32.702007348420054,-97.41650530503672,2,config_1
864e734,32.746926932172535,-97.41650530503672,10,config_1
864e73b,32.73761503931238,-97.38407285520739,3,config_1
864e73c4,32.74418405074411,-97.36786240202336,35,config_1
864e73cc,32.73295487214458,-97.36786240202336,25,config_1
864e73d4,32.733589903360276,-97.35705757333824,3,config_1
864e73dc,32.744819195524094,-97.35705757333824,12,config_1
864e73f,32.761343293792,-97.36245977358223,13,config_1
864e75,32.81554937243264,-97.39488196255758,38,config_1
864e764,32.841804019849704,-97.33005299969896,11,config_1
864e769,32.807509942008295,-97.34085354311036,4,config_1
864e76a4,32.79035858508346,-97.34625445797023,46,config_1
864e76ac,32.77913411788665,-97.34625445797023,4,config_1
864e76b4,32.77976752892862,-97.33545305697596,3,config_1
864e76d,32.78632823154184,-97.31925417224487,3,config_1
864e76f,32.80877525398443,-97.31925417224487,2,config_1
864e774,32.799442223740336,-97.28686799616995,12,config_1
864e77c,32.844327696869534,-97.28686799616995,17,config_1
864e784,32.84683480564063,-97.24371051537364,12,config_1
864e78c,32.84932537199337,-97.20058062454765,41,config_1
864e794,32.804436356008246,-97.20058062454765,13,config_1
864e79c,32.80194755504942,-97.24371051537364,2,config_1
864e7b,32.73582467310211,-97.22214211701957,7,config_1
864e7c4,32.76199805160715,-97.15747839073565,8,config_1
864e7cc,32.71706768305223,-97.15747839073565,8,config_1
864e7d4,32.719519997949746,-97.11440388078715,37,config_1
864e7dc,32.76445212144636,-97.11440388078715,34,config_1
864e7e4,32.80936447047364,-97.11440388078715,5,config_1
864e7ec,32.80690865249766,-97.15747839073565,8,config_1
864e7f4,32.851799421833725,-97.15747839073565,25,config_1
864e7fc,32.854256981142754,-97.11440388078715,32,config_1
864e804,32.8566980759762,-97.07135716135726,41,config_1
864e80c,32.81180383596685,-97.07135716135726,8,config_1
864e814,32.8142267750822,-97.02833829890636,25,config_1
864e81c,32.85912273246406,-97.02833829890636,16,config_1
864e824,32.86153097681009,-96.98534735970001,42,config_1
864e82c,32.86392283529141,-96.94238440980855,49,config_1
864e831,32.829654069551346,-96.95312251967727,20,config_1
864e833,32.830845274325526,-96.93164805339016,17,config_1
864e835,32.8083904137278,-96.93164805339016,14,config_1
864e837,32.8071996316693,-96.95312251967727,29,config_1
864e83c,32.81663331399837,-96.98534735970001,44,config_1
864e844,32.771715792687246,-96.98534735970001,41,config_1
864e84c,32.77410425752002,-96.94238440980855,15,config_1
864e854,32.7291652348333,-96.94238440980855,7,config_1
864e85c,32.72677847676195,-96.98534735970001,39,config_1
864e864,32.724375368713154,-97.02833829890636,36,config_1
864e86c,32.76931096586975,-97.02833829890636,24,config_1
864e871,32.75626486952607,-97.06059983156092,15,config_1
864e873,32.778727078889524,-97.06059983156092,3,config_1
864e875,32.77751215324717,-97.08211623221572,2,config_1
864e8764,32.76036199333914,-97.08749642021914,8,config_1
864e876c,32.76097031964529,-97.07673647921854,5,config_1
864e8774,32.74973814150453,-97.07673647921854,17,config_1
864e8779,32.7464738573129,-97.08480627184976,3,config_1
864e877a4,32.75076220702589,-97.08346123843981,49,config_1
864e877ac,32.753570311794974,-97.08346123843981,6,config_1
864e877b4,32.753418183059395,-97.08615133244355,4,config_1
864e877d,32.75178583544935,-97.09018667730763,4,config_1
864e877f,32.74616950555143,-97.09018667730763,26,config_1
864e87c,32.7219558844852,-97.07135716135726,24,config_1
864e884,32.67700230098583,-97.07135716135726,2,config_1
864e88c,32.679420047696574,-97.02833829890636,48,config_1
864e894,32.63444506710169,-97.02833829890636,29,config_1
864e89c,32.63202906462526,-97.07135716135726,5,config_1
864e8b,32.565741232180564,-97.04984424386326,1,config_1
864e8d,32.570535318341655,-96.96386238196816,7,config_1
864e8e4,32.63922804226726,-96.94238440980855,30,config_1
864e8ec,32.63684471759864,-96.98534735970001,12,config_1
864e8f4,32.68182143030555,-96.98534735970001,29,config_1
864e8fc,32.6842064749892,-96.94238440980855,9,config_1
864e904,32.6865752079969,-96.89944951510694,46,config_1
864e90c,32.688927655650495,-96.85654274127455,35,config_1
864e914,32.64394581908818,-96.85654274127455,14,config_1
864e91c,32.6415950673316,-96.89944951510694,42,config_1
864e93,32.57526422651602,-96.87799260898478,3,config_1
864e95,32.57992816676992,-96.7922354503473,4,config_1
864e964,32.648598608223885,-96.77081381795539,13,config_1
864e96c,32.646280323905565,-96.81366415379489,11,config_1
864e971,32.68060121307896,-96.80294891869778,22,config_1
864e973,32.67943738835732,-96.82438115462048,22,config_1
864e975,32.70192402096603,-96.82438115462048,18,config_1
864e977,32.7030882643473,-96.80294891869778,26,config_1
864e97c,32.69358380054235,-96.77081381795539,34,config_1
864e984,32.73854929392094,-96.77081381795539,29,config_1
864e9884,32.767509508046764,-96.75475223893302,5,config_1
864e988c,32.766931886364624,-96.76545951566288,3,config_1
864e9894,32.778167133408935,-96.76545951566288,45,config_1
864e9899,32.78140915954269,-96.75742889209396,20,config_1
864e989b,32.77579180700583,-96.75742889209396,29,config_1
864e989d,32.776080403055616,-96.75207569647954,1,config_1
864e989f,32.78169778131408,-96.75207569647954,1,config_1
864e98b,32.79530674729337,-96.76010565594648,29,config_1
864e98c4,32.78882229981073,-96.77616856269707,24,config_1
864e98cc,32.800054965327554,-96.77616856269707,7,config_1
864e98d4,32.79947500558176,-96.78687937902006,9,config_1
864e98d9,32.79090557090498,-96.78955735943312,1,config_1
864e98db,32.79119576583134,-96.78420150912406,3,config_1
864e98dd,32.78557916179057,-96.78420150912406,42,config_1
864e98df,32.785288992699705,-96.78955735943312,8,config_1
864e98f,32.771681253536315,-96.78152374976098,25,config_1
864e9904,32.76519293640757,-96.7975919636156,12,config_1
864e990c,32.76461125673317,-96.80830631546661,7,config_1
864e9911,32.773183032175695,-96.8056275618793,10,config_1
864e9913,32.772891899532986,-96.81098517944378,10,config_1
864e9915,32.778508993579116,-96.81098517944378,28,config_1
864e99164,32.78013161633267,-96.80696692487324,20,config_1
864e9916c,32.77732313697977,-96.80696692487324,14,config_1
864e99174,32.77746864955261,-96.80428822648682,5,config_1
864e9917c,32.7802771353894,-96.80428822648682,21,config_1
864e99184,32.78042259096887,-96.80160963851414,43,config_1
864e9918c,32.78056798307757,-96.79893116097107,28,config_1
864e99194,32.77775948428172,-96.79893116097107,3,config_1
864e9919c,32.7776140986511,-96.80160963851414,9,config_1
864e991b,32.773473910925425,-96.8002703859379,6,config_1
864e991d,32.77376453583407,-96.79491365174678,6,config_1
864e991f,32.77938170767094,-96.79491365174678,43,config_1
864e9921,32.78499856982517,-96.79491365174678,18,config_1
864e9923,32.784707893115055,-96.8002703859379,38,config_1
864e9925,32.79032441957985,-96.8002703859379,49,config_1
864e9927,32.79061512217179,-96.79491365174678,22,config_1
864e992c,32.79889403057365,-96.7975919636156,15,config_1
864e9934,32.79831203988764,-96.80830631546661,10,config_1
864e9939,32.78974225261201,-96.81098517944378,18,config_1
864e993b,32.79003346307722,-96.8056275618793,4,config_1
864e993d,32.78441696251745,-96.8056275618793,23,config_1
864e993f,32.78412577798045,-96.81098517944378,10,config_1
864e995,32.79182120368614,-96.82438115462048,32,config_1
864e997,32.769354326207775,-96.82438115462048,28,config_1
864e999,32.74688249791967,-96.82438115462048,50,config_1
864e99b,32.74804757619381,-96.80294891869778,11,config_1
864e99d,32.725570388063765,-96.80294891869778,18,config_1
864e99f,32.72440572683168,-96.82438115462048,9,config_1
864e9a1,32.72323700357594,-96.84582044938043,12,config_1
864e9a3,32.745713356129976,-96.84582044938043,28,config_1
864e9a5,32.74454014751261,-96.86726679481669,21,config_1
864e9a7,32.72206421498599,-96.86726679481669,23,config_1
864e9ac,32.73153566920183,-96.89944951510694,42,config_1
864e9b4,32.77647638666789,-96.89944951510694,17,config_1
864e9b9,32.78947718103344,-96.86726679481669,5,config_1
864e9bb,32.767011138865094,-96.86726679481669,5,config_1
864e9bd,32.76818476669561,-96.84582044938043,26,config_1
864e9bf,32.790651227262906,-96.84582044938043,20,config_1
864e9c4,32.82375479243626,-96.85654274127455,45,config_1
864e9cc,32.821397296314245,-96.89944951510694,43,config_1
864e9d4,32.866298334258005,-96.89944951510694,21,config_1
864e9d9,32.87929169809852,-96.86726679481669,19,config_1
864e9db,32.85684553251923,-96.86726679481669,7,config_1
864e9dd,32.85802082906108,-96.84582044938043,9,config_1
864e9df,32.880467409783265,-96.84582044938043,16,config_1
864e9e4,32.87100035940884,-96.81366415379489,48,config_1
864e9e9,32.836740074236054,-96.82438115462048,15,config_1
864e9eb,32.81428312235727,-96.82438115462048,20,config_1
864e9ed,32.81544944690573,-96.80294891869778,46,config_1
864e9ef,32.83790681259223,-96.80294891869778,24,config_1
864e9f04,32.84439283932935,-96.78687937902006,5,config_1
864e9f0c,32.844973210865724,-96.77616856269707,10,config_1
864e9f14,32.833745513955236,-96.77616856269707,24,config_1
864e9f1c,32.83316524521571,-96.78687937902006,14,config_1
864e9f3,32.81661170680099,-96.78152374976098,23,config_1
864e9f5,32.817769905368785,-96.76010565594648,34,config_1
864e9f7,32.84022809423478,-96.76010565594648,20,config_1
864e9f9,32.862681305918876,-96.76010565594648,17,config_1
864e9fb,32.86152228645203,-96.78152374976098,16,config_1
864e9fd,32.88397010374876,-96.78152374976098,18,config_1
864e9ff,32.885129532460965,-96.76010565594648,13,config_1
864ea04,32.87563726450346,-96.7279917988472,48,config_1
864ea0c,32.87793136366645,-96.68519816136498,46,config_1
864ea11,32.84367957899975,-96.69589390641657,25,config_1
864ea13,32.844821970559394,-96.67450419420958,16,config_1
864ea15,32.82236215303434,-96.67450419420958,13,config_1
864ea17,32.821220166430884,-96.69589390641657,15,config_1
864ea19,32.820074131846965,-96.71729072616859,34,config_1
864ea1b,32.842533137988305,-96.71729072616859,36,config_1
864ea1d,32.84138264418016,-96.7386946453784,13,config_1
864ea1f,32.818924045939255,-96.7386946453784,30,config_1
864ea24,32.78580207493309,-96.7279917988472,47,config_1
864ea2c,32.74085469766692,-96.7279917988472,13,config_1
864ea31,32.75381213106668,-96.69589390641657,13,config_1
864ea33,32.73133288004963,-96.69589390641657,21,config_1
864ea35,32.73247323890973,-96.67450419420958,16,config_1
864ea37,32.75495289805056,-96.67450419420958,17,config_1
864ea3c,32.788092922673926,-96.68519816136498,42,config_1
864ea44,32.79036759403467,-96.64243297020663,42,config_1
864ea49,32.75608962482765,-96.65312159762259,12,config_1
864ea4b,32.733609559043934,-96.65312159762259,22,config_1
864ea4d,32.734741843798,-96.6317461247182,17,config_1
864ea4f,32.75722231474532,-96.6317461247182,19,config_1
864ea54,32.74767386827516,-96.59969628987318,21,config_1
864ea5c,32.79262611581298,-96.59969628987318,40,config_1
864ea64,32.837558510717265,-96.59969628987318,36,config_1
864ea6c,32.83529838359799,-96.64243297020663,50,config_1
864ea74,32.88020926292046,-96.64243297020663,26,config_1
864ea7c,32.88247098911322,-96.59969628987318,12,config_1
864ea9,32.863378379979515,-96.53564486778043,28,config_1
864eab,32.86780356179156,-96.45034335805805,14,config_1
864ead,32.77792773508462,-96.45034335805805,2,config_1
864eaf,32.7735088341125,-96.53564486778043,15,config_1
864eb4,32.64076865251589,-96.49297974540691,7,config_1
864ebc,32.63182149570298,-96.6638120059594,24,config_1
864ed,32.36590279494162,-96.57833866136845,18,config_1
864ee4,32.26197653043985,-96.83509992015557,5,config_1
864ee9,32.399678353705355,-96.7922354503473,1,config_1
864eed,32.48518494141953,-96.87799260898478,2,config_1
864eee4,32.41640143565203,-96.89944951510694,5,config_1
864eeec,32.41874360982411,-96.85654274127455,3,config_1
864eef4,32.37364501814016,-96.85654274127455,30,config_1
864eefc,32.37130457911045,-96.89944951510694,24,config_1
864ef4,32.43301402278504,-97.00683933476365,3,config_1
864efc,32.25256749863232,-97.00683933476365,1,config_1
864f4,31.81403698736281,-96.74939926474936,43,config_1
864f81,31.475190756974236,-97.13593766610796,3,config_1
864f83,31.566071141156478,-97.13593766610796,44,config_1
864f85,31.56122834933596,-97.22214211701957,13,config_1
864f87,31.470355774016543,-97.22214211701957,8,config_1
864f8c,31.50842145839784,-97.35165580142355,6,config_1
864f94,31.689998865859735,-97.35165580142355,1,config_1
864f9c,31.699837384086543,-97.17902604633225,3,config_1
864fb,31.966793302618584,-97.26528581122331,8,config_1
864fd,31.946499625943947,-97.61142171393448,7,config_1
864ff,31.584023768796495,-97.61142171393448,7,config_1
86504,31.733083289609205,-98.13385582671398,15,config_1
8650c,31.68622551393247,-98.83627550306029,20,config_1
86514,32.40782332145301,-98.83627550306029,23,config_1
8651c,32.455256936248034,-98.13385582671398,45,config_1
86524,33.17250428695572,-98.13385582671398,19,config_1
8652c,33.88456517456783,-98.13385582671398,5,config_1
86534,33.836080966085675,-98.83627550306029,27,config_1
8653c,33.12452855913136,-98.83627550306029,6,config_1
8655,33.400118050344666,-99.90181306343518,15,config_1
86564,32.29955541026602,-100.26001249402657,3,config_1
86568d,32.38370805016865,-99.76786866183328,35,config_1
86568e1,32.442395559838964,-99.73441541191406,18,config_1
86568e3,32.464822109366295,-99.73441541191406,11,config_1
86568e5,32.463087466041024,-99.75671611323587,8,config_1
86568e7,32.44066155233444,-99.75671611323587,19,config_1
86568ec,32.44926526450375,-99.79017814882914,15,config_1
86568f4,32.49410562702291,-99.79017814882914,2,config_1
86568fc,32.497585733005025,-99.74556502952491,7,config_1
865694,32.43892706439313,-99.6341350278484,27,config_1
86569c,32.61824702993047,-99.6341350278484,3,config_1
8656b,32.548873802031544,-99.36730841665778,2,config_1
8656f,32.16252521721015,-99.72326726161637,7,config_1
86574,31.634986786941877,-99.54509739864785,1,config_1
86579,31.412793754393608,-100.08072981765946,2,config_1
8657b,31.774180902781474,-100.08072981765946,1,config_1
8657e5,31.42541929726437,-100.48462268415858,48,config_1
8657e7,31.515784782926893,-100.48462268415858,8,config_1
8657ec,31.481649439252063,-100.34978946920158,15,config_1
8657fc,31.286036904742925,-100.52961150246017,1,config_1
86584,30.8544601800588,-100.26001249402657,3,config_1
8658c,30.125383289203373,-100.26001249402657,5,config_1
86594,30.17959168416649,-99.54509739864785,29,config_1
8659c,30.909438073340255,-99.54509739864785,26,config_1
865a4,30.960008052009997,-98.83627550306029,22,config_1
865a9,31.177184550520312,-98.30884408222222,6,config_1
865ab,31.199317897630763,-97.95928633924419,12,config_1
865ad,30.83471593080454,-97.95928633924419,15,config_1
865af,30.812731753148537,-98.30884408222222,35,config_1
865b04,30.533055074971134,-98.39649382124541,5,config_1
865b0c,30.350051135519102,-98.39649382124541,16,config_1
865b14,30.361208801412218,-98.22129789306325,17,config_1
865b1c,30.544252496840773,-98.22129789306325,34,config_1
865b24,30.555187146256856,-98.04651845312563,3,config_1
865b2b,30.6142297664329,-97.82863676314237,5,config_1
865b2c4,30.544299984244184,-97.85039507717951,16,config_1
865b2cc,30.546918400639857,-97.80688511561101,6,config_1
865b2d4,30.50115107798367,-97.80688511561101,23,config_1
865b2dc,30.498534974919494,-97.85039507717951,9,config_1
865b2f,30.51746322356618,-97.91570993103981,1,config_1
865b304,30.447477521035466,-97.93749482375502,16,config_1
865b30c,30.40168471370895,-97.93749482375502,12,config_1
865b314,30.404328541654767,-97.89393166986866,22,config_1
865b31c,30.450123706958088,-97.89393166986866,1,config_1
865b324,30.452753679360693,-97.85039507717951,10,config_1
865b32c,30.45536746158975,-97.80688511561101,38,config_1
865b334,30.40956762480766,-97.80688511561101,16,config_1
865b33c,30.406956170914814,-97.85039507717951,13,config_1
865b344,30.361142523108004,-97.85039507717951,7,config_1
865b349,30.37455623525651,-97.81776010551877,3,config_1
865b34b,30.375857049573312,-97.79601179450758,10,config_1
865b34d,30.352944742411797,-97.79601179450758,28,config_1
865b34f,30.351644511133813,-97.81776010551877,12,config_1
865b354,30.31791958437281,-97.80688511561101,26,config_1
865b35c,30.315312809645107,-97.85039507717951,15,config_1
865b364,30.312689889299545,-97.89393166986866,12,config_1
865b36c,30.358517244534543,-97.89393166986866,26,config_1
865b374,30.35587578215517,-97.93749482375502,11,config_1
865b37c,30.3100508000735,-97.93749482375502,20,config_1
865b3c,30.37210465465863,-98.04651845312563,23,config_1
865b44,30.188765074951853,-98.04651845312563,30,config_1
865b484,30.264209841341415,-97.93749482375502,11,config_1
865b48c,30.218352980013965,-97.93749482375502,5,config_1
865b494,30.22098730018399,-97.89393166986866,35,config_1
865b49c,30.266846549830042,-97.89393166986866,20,config_1
865b4a4,30.269467104409188,-97.85039507717951,7,config_1
865b4ac,30.272071528313404,-97.80688511561101,38,config_1
865b4b1,30.23702587725476,-97.81776010551877,12,config_1
865b4b3,30.238323179331445,-97.79601179450758,20,config_1
865b4b5,30.215386926067122,-97.79601179450758,7,config_1
865b4b7,30.2140902126309,-97.81776010551877,20,config_1
865b4b9,30.21278947557358,-97.83951508739261,17,config_1
865b4bb,30.235724549683233,-97.83951508739261,10,config_1
865b4bd,30.234419193704987,-97.86127673141237,7,config_1
865b4bf,30.211484711985058,-97.86127673141237,18,config_1
865b4c1,30.18854627451034,-97.86127673141237,14,config_1
865b4c3,30.16560389058263,-97.86127673141237,19,config_1
865b4c5,30.166907466575925,-97.83951508739261,8,config_1
865b4c7,30.18985044477048,-97.83951508739261,14,config_1
865b4c9,30.191150590377777,-97.81776010551877,27,config_1
865b4cb,30.192446714240575,-97.79601179450758,17,config_1
865b4cd,30.16950255315416,-97.79601179450758,5,config_1
865b4cf,30.168207019797574,-97.81776010551877,4,config_1
865b4dc,30.131834779557764,-97.85039507717951,19,config_1
865b4f,30.15085541080973,-97.91570993103981,50,config_1
865b54,30.015731494442146,-97.87216004899976,23,config_1
865b5c,30.005173146136972,-98.04651845312563,10,config_1
865b7,30.080647732549952,-98.30884408222222,15,config_1
865b9,30.05792968118548,-98.66005856336714,19,config_1
865bb,30.42432404893557,-98.66005856336714,17,config_1
865bd,30.400377607935326,-99.0128926396605,39,config_1
865bf,30.03415614512809,-99.0128926396605,7,config_1
865c1,29.666946439306688,-99.0128926396605,10,config_1
865c3,29.29878707488194,-99.0128926396605,5,config_1
865c41,29.451755396177276,-98.79218356475204,3,config_1
865c424,29.479140289278757,-98.72609271745159,6,config_1
865c42c,29.482028024939144,-98.68206363350033,24,config_1
865c434,29.43597202873525,-98.68206363350033,22,config_1
865c43c,29.4330870904939,-98.72609271745159,1,config_1
865c45,29.36542257542949,-98.70407502125441,7,config_1
865c47,29.35962854876116,-98.79218356475204,1,config_1
865c54,29.23565167078199,-98.57210164219819,6,config_1
865c589,29.39044652871884,-98.49522283487921,14,config_1
865c58a4,29.408080957546215,-98.48973448462176,8,config_1
865c58a9,29.416897411367458,-98.48699045942412,18,config_1
865c58aa4,29.42130544787075,-98.48561848431582,13,config_1
865c58aac,29.424185680736997,-98.48561848431582,30,config_1
865c58ab1,29.42333423211588,-98.48767645635132,27,config_1
865c58ab3,29.424774330419194,-98.48767645635132,6,config_1
865c58ab5,29.424686710863533,-98.48904846895041,10,config_1
865c58ab7,29.423246615222613,-98.48904846895041,9,config_1
865c58abc,29.421130253680627,-98.48836245952685,30,config_1
865c58ac4,29.420954996272283,-98.49110653470667,8,config_1
865c58ac9,29.423158982523724,-98.49042050654062,24,config_1
865c58acb,29.42459907550175,-98.49042050654062,14,config_1
865c58acd,29.424511424333183,-98.4917925691197,19,config_1
865c58acf,29.423071334018545,-98.4917925691197,10,config_1
865c58ad1,29.42298366970644,-98.49316465668544,8,config_1
865c58ad3,29.424423757357197,-98.49316465668544,39,config_1
865c58ad5,29.424336074573112,-98.49453676923564,23,config_1
865c58adc,29.420779675640464,-98.49385070983762,1,config_1
865c58af,29.41654692851456,-98.49247860977935,21,config_1
865c58b4,29.41890098910074,-98.50071158483473,12,config_1
865c58bc,29.407379614077243,-98.50071158483473,8,config_1
865c58d,29.41208637425538,-98.51718023147153,3,config_1
865c594,29.39845040479675,-98.55012829743514,1,config_1
865c59c,29.352357177061265,-98.55012829743514,2,config_1
865c5b,29.371151507395588,-98.61606741261737,20,config_1
865c5d,29.4633008010114,-98.61606741261737,22,config_1
865c5e4,29.490593493764127,-98.55012829743514,18,config_1
865c5ec,29.444529202733182,-98.55012829743514,7,config_1
865c5f1,29.458163608213578,-98.51718023147153,9,config_1
865c5f3,29.43512680295637,-98.51718023147153,5,config_1
865c5f44,29.441941025208795,-98.50071158483473,9,config_1
865c5f4c,29.43042145987955,-98.50071158483473,14,config_1
865c5f51,29.433827826476808,-98.49247860977935,9,config_1
865c5f53,29.428067753416755,-98.49247860977935,37,config_1
865c5f544,29.429770750657337,-98.48836245952685,1,config_1
865c5f54c,29.426890641563443,-98.48836245952685,18,config_1
865c5f551,29.42774209367849,-98.48630446874554,2,config_1
865c5f5524,29.426640140204217,-98.48664746330374,2,config_1
865c5f552c,29.425920100659436,-98.48664746330374,42,config_1
865c5f5534,29.425963899581323,-98.48596147574956,27,config_1
865c5f553c,29.42668393979143,-98.48596147574956,4,config_1
865c5f555,29.426389611601522,-98.48493250613528,3,config_1
865c5f557,29.427829686945977,-98.48493250613528,1,config_1
865c5f55c,29.429945976787344,-98.48561848431582,2,config_1
865c5f57,29.434178437136644,-98.48699045942412,12,config_1
865c5f5c,29.442642880284716,-98.48973448462176,3,config_1
865c5f7,29.459569854645576,-98.49522283487921,26,config_1
865c5fc,29.493416141773213,-98.50620073434655,18,config_1
865c601,29.528660473836183,-98.49522283487921,27,config_1
865c603,29.55168336720962,-98.49522283487921,14,config_1
865c605,29.55027440239649,-98.51718023147153,10,config_1
865c607,29.527252187092216,-98.51718023147153,6,config_1
865c60c,29.536643200950824,-98.55012829743514,13,config_1
865c614,29.58267824752269,-98.55012829743514,20,config_1
865c61c,29.585506336167388,-98.50620073434655,7,config_1
865c63,29.653121270711214,-98.5281613251188,23,config_1
865c65,29.647424377761023,-98.61606741261737,24,config_1
865c664,29.576973232538126,-98.6380598200212,18,config_1
865c66c,29.579833886806615,-98.59408135029906,38,config_1
865c674,29.533801572550477,-98.59408135029906,21,config_1
865c67c,29.530943666706463,-98.6380598200212,5,config_1
865c6c,29.592755976780314,-98.74811671290261,8,config_1
865c74,29.776668968125207,-98.74811671290261,13,config_1
865c7c,29.78822624920605,-98.57210164219819,14,config_1
865c84,29.79952185716575,-98.39649382124541,21,config_1
865c89,29.658753022504452,-98.4403573420946,24,config_1
865c8a4,29.588318174309627,-98.46229873376596,13,config_1
865c8ac,29.542277711318967,-98.46229873376596,17,config_1
865c8b4,29.545070636455204,-98.41842236824124,14,config_1
865c8bc,29.591113783605802,-98.41842236824124,12,config_1
865c8c4,29.593893185799338,-98.37457171013507,18,config_1
865c8cc,29.547847370483826,-98.37457171013507,17,config_1
865c8d4,29.55060793520639,-98.33074683162457,28,config_1
865c8dc,29.59665640272028,-98.33074683162457,9,config_1
865c8f,29.66431980673125,-98.35265604392654,3,config_1
865c94,29.626515748431625,-98.22129789306325,36,config_1
865c9c,29.81055718612046,-98.22129789306325,20,config_1
865ca4,29.821333652336968,-98.04651845312563,41,config_1
865ca84,29.89691593576551,-97.93749482375502,45,config_1
865ca8c,29.85093454081997,-97.93749482375502,2,config_1
865ca94,29.85354948189246,-97.89393166986866,1,config_1
865ca9c,29.89953332569221,-97.89393166986866,7,config_1
865cab,29.880437523301296,-97.82863676314237,4,config_1
865cad,29.788432071795807,-97.82863676314237,1,config_1
865caf,29.78324154673377,-97.91570993103981,1,config_1
865cb4,29.647730670860483,-97.87216004899976,7,config_1
865cb9,29.59383477347415,-98.0028892034051,17,config_1
865cbb,29.685940788150305,-98.0028892034051,4,config_1
865cbd,29.680632110686894,-98.09017401782,44,config_1
865cd,29.365924716786814,-97.95928633924419,3,config_1
865ce4,29.257725688609163,-98.22129789306325,1,config_1
865cec,29.442236944118477,-98.22129789306325,13,config_1
865cf3,29.480131424651383,-98.35265604392654,37,config_1
865cf44,29.452940364021885,-98.41842236824124,7,config_1
865cf4c,29.499012804332434,-98.41842236824124,16,config_1
865cf54,29.4962225714295,-98.46229873376596,26,config_1
865cf59,29.460972050860416,-98.47327183345534,34,config_1
865cf5b,29.462370199555366,-98.45132723626844,7,config_1
865cf5d,29.439331353942535,-98.45132723626844,3,config_1
865cf5f,29.43793388334742,-98.47327183345534,31,config_1
865cf64,29.404068568241776,-98.46229873376596,47,config_1
865cf6c,29.40685339247636,-98.41842236824124,4,config_1
865cf74,29.360751966816615,-98.41842236824124,2,config_1
865cf7c,29.357969859007678,-98.46229873376596,20,config_1
865cfc,29.246817280680546,-98.39649382124541,20,config_1
865d4,28.800767770339537,-98.13385582671398,6,config_1
865dc,28.756549512130285,-98.83627550306029,4,config_1
865f,29.05146194995472,-99.90181306343518,34,config_1
87c01,39.71387448327644,-94.8935627223328,22,config_1
87c064,39.30445050986651,-94.81059550583717,4,config_1
87c07a4,39.36047217212869,-94.95586956518562,1,config_1
87c07ac,39.36223121777988,-94.91432392635227,23,config_1
87c07b1,39.3307478328206,-94.92470743352922,23,config_1
87c07b5,39.31091770059672,-94.90394235566093,11,config_1
87c07b7,39.31004253575032,-94.92470743352922,24,config_1
87c07bc,39.3190756196539,-94.95586956518562,11,config_1
87c07d,39.257810505783475,-94.93509287631336,38,config_1
87c084,39.131569550084656,-94.97665398592595,2,config_1
87c089,39.17833444468062,-94.85206358017719,4,config_1
87c08b,39.18175129798421,-94.76915855510096,4,config_1
87c08d,39.098681134379355,-94.76915855510096,7,config_1
87c08ec,39.116903395378344,-94.83132565603871,42,config_1
87c08f4,39.115179680897384,-94.87280927127271,27,config_1
87c08fc,39.073618737720544,-94.87280927127271,4,config_1
87c091,39.012089709970745,-94.85206358017719,19,config_1
87c0924,39.03545996305666,-94.78987313653973,2,config_1
87c092c,39.037150558091156,-94.74845176846277,16,config_1
87c0934,38.995533851925245,-94.74845176846277,21,config_1
87c093c,38.993843777441484,-94.78987313653973,13,config_1
87c0944,38.95220054299661,-94.78987313653973,9,config_1
87c094c,38.95389009302123,-94.74845176846277,32,config_1
87c0954,38.9122193163902,-94.74845176846277,33,config_1
87c095c,38.910530294738514,-94.78987313653973,20,config_1
87c097,38.928804842409484,-94.85206358017719,20,config_1
87c09c,38.9652227788756,-94.97665398592595,9,config_1
87c0a4,38.79844379907593,-94.97665398592595,23,config_1
87c0b4,38.638168938479836,-94.81059550583717,3,config_1
87c0b9,38.76531776918143,-94.76915855510096,1,config_1
87c0bb,38.76191150787163,-94.85206358017719,1,config_1
87c0bd,38.84541201390693,-94.85206358017719,43,config_1
87c0bf,38.848820456871955,-94.76915855510096,31,config_1
87c0c1,38.852164981269105,-94.68637824658086,50,config_1
87c0c3,38.85544584472557,-94.60372309687371,5,config_1
87c0c5,38.77193891967622,-94.60372309687371,1,config_1
87c0c7,38.76866015398384,-94.68637824658086,4,config_1
87c0cc,38.64484723649029,-94.64503499936119,4,config_1
87c0e4,38.985311088833,-94.47997600454927,12,config_1
87c0e84,38.918816012002075,-94.5830789170299,19,config_1
87c0e8c,38.960488850874654,-94.5830789170299,22,config_1
87c0e94,38.95886301317918,-94.6243751265977,20,config_1
87c0e9c,38.917190682207675,-94.6243751265977,25,config_1
87c0ea4,38.91554947787709,-94.66570270831089,47,config_1
87c0eac,38.913892366694746,-94.70706160729246,20,config_1
87c0eb4,38.95556366655958,-94.70706160729246,42,config_1
87c0ebc,38.95722129585071,-94.66570270831089,35,config_1
87c0ec4,38.998866088380524,-94.66570270831089,45,config_1
87c0ecc,38.997207944820545,-94.70706160729246,32,config_1
87c0ed4,39.03882516647192,-94.70706160729246,17,config_1
87c0edc,39.04048382046611,-94.66570270831089,15,config_1
87c0ee1,39.05211765551097,-94.63470408302753,15,config_1
87c0ee3,39.05293510907766,-94.61404813092793,19,config_1
87c0ee5,39.03213269983893,-94.61404813092793,12,config_1
87c0ee7,39.03131537152101,-94.63470408302753,10,config_1
87c0eec,39.00050831490376,-94.6243751265977,32,config_1
87c0ef4,39.00213465673393,-94.5830789170299,34,config_1
87c0ef9,39.033755450246105,-94.5727597729473,15,config_1
87c0efb,39.03294605806402,-94.59340002528974,32,config_1
87c0efd,39.05374859192632,-94.59340002528974,17,config_1
87c0eff,39.05455810810765,-94.5727597729473,10,config_1
87c0f1,39.105318865081436,-94.60372309687371,35,config_1
87c0f3,39.10203189117476,-94.68637824658086,14,config_1
87c0f5,39.185104070402645,-94.68637824658086,1,config_1
87c0f7,39.188393020459,-94.60372309687371,1,config_1
87c74,38.22161677122893,-94.72775278355441,49,config_1
87c79,37.70747861662477,-94.8935627223328,7,config_1
87c7b,37.72073117452561,-94.56244259389422,15,config_1
87c7c1,37.50336140099963,-94.68637824658086,1,config_1
87c7c24,37.438660160995106,-94.70706160729246,12,config_1
87c7c2c,37.396041103607985,-94.70706160729246,47,config_1
87c7c3c,37.44029667964469,-94.66570270831089,1,config_1
87c7c7,37.50660498218831,-94.60372309687371,1,config_1
87c7f,37.36716703331267,-94.8935627223328,8,config_1
87c804,37.107407205380824,-94.97665398592595,1,config_1
87c80c,37.114248166563016,-94.81059550583717,12,config_1
87c814,36.94286433700601,-94.81059550583717,37,config_1
87c81c,36.93603506182218,-94.97665398592595,1,config_1
87c83,36.68166197441016,-94.8935627223328,17,config_1
87c85,36.694782694296634,-94.56244259389422,13,config_1
87c87,37.03838746816187,-94.56244259389422,17,config_1
87c99,36.00282308459756,-94.56244259389422,1,config_1
87c9b,36.34958656396506,-94.56244259389422,1,config_1
87c9d,36.33651399436072,-94.8935627223328,2,config_1
87c9ec,36.07997654951149,-94.81059550583717,4,config_1
87c9f4,35.9062262809536,-94.81059550583717,1,config_1
87c9f9,35.85768956521025,-94.93509287631336,10,config_1
87c9fb,35.94465583105874,-94.93509287631336,48,config_1
87c9fd,35.94121484286044,-95.01824599477534,8,config_1
87c9ff,35.85425200985621,-95.01824599477534,14,config_1
87cb,35.135299661123526,-94.39763566548027,29,config_1
8744,39.85287102346122,-108.04801051576172,2,config_1
8751,41.34074482815948,-110.3308814314911,19,config_1
8753,41.04899972624418,-111.85685855297612,1,config_1
8755,42.26633781364549,-111.85685855297612,37,config_1
8757,42.55947611010493,-110.3308814314911,35,config_1
875c,42.34886504904946,-108.04801051576172,48,config_1
54a01,46.69627491445258,-116.50323898101068,11,config_1
54a021,46.728883302637556,-116.86990628469317,1,config_1
54a025,46.63580876236556,-116.90927852016036,2,config_1
54a026c,46.692100973038066,-116.93305775552197,1,config_1
54a0274,46.72514917170096,-116.96672262604505,43,config_1
54a027c,46.711593405197405,-117.02004308843635,15,config_1
54a02c,46.62817442264636,-117.10256003500996,1,config_1
54a034,46.4965122620102,-116.96798543735393,5,config_1
54a05,46.32581841451287,-116.66237797182485,5,config_1
54a07,46.43085090249642,-116.23966227141241,1,config_1
54a0c,45.98302290415068,-116.06060021784302,10,config_1
54a14,45.775177155762165,-116.8955248936224,8,config_1
54a1c,46.29527448275069,-117.4295907902205,3,config_1
54a24,46.07297628255483,-118.27174051612829,4,config_1
54a2c,45.84394914604468,-119.10917615591471,30,config_1
54a34,45.339491874084075,-118.55369269471477,13,config_1
54a3c,45.56062679935791,-117.726706078548,7,config_1
54a44,45.050494706892984,-117.19644018068523,12,config_1
54a49,45.016876454043214,-117.94238482985907,6,config_1
54a4d,44.65784760356354,-118.08290436559409,4,config_1
54a4f,44.76523038808489,-117.6769200328145,47,config_1
54a54,44.336783427883056,-117.48655817896223,9,config_1
54a5c,44.54284482942752,-116.68048912600881,1,config_1
54a7,45.0989885315499,-115.71338877957893,45,config_1
54a9,44.06820186927229,-114.7420407576597,14,config_1
54ab,43.051057110495165,-113.82317385073857,27,config_1
54ac4,43.03720694749265,-115.21415825043253,17,config_1
54ac9,42.709516944451444,-114.67366564222921,33,config_1
54acb,42.46191899667582,-114.44655913402899,21,config_1
54ad4,42.36317877737694,-115.51576737813812,2,config_1
54adc,42.85203478806316,-115.98905132459512,3,config_1
54ae1,43.172297076078024,-116.5475669604974,5,config_1
54ae3,43.418201518967464,-116.79504946553985,5,config_1
54ae41,43.38711080769477,-116.45677552855295,1,config_1
54ae43,43.411432445891364,-116.35866433551683,1,config_1
54ae444,43.45176244676921,-116.4293463003041,1,config_1
54ae44c,43.46394063903879,-116.3802198060938,3,config_1
54ae454,43.49491670366743,-116.41101056138857,49,config_1
54ae45c,43.482711417518225,-116.4601771176228,3,config_1
54ae47,43.44890432799199,-116.51845440423737,3,config_1
54ae49,43.51074373817542,-116.58033866854132,1,config_1
54ae4b,43.57262860895022,-116.64242911105305,16,config_1
54ae4d,43.59727643873171,-116.54383826069929,28,config_1
54ae4f,43.53528240044864,-116.48190777791568,23,config_1
54ae504,43.538113473886874,-116.3926349994847,8,config_1
54ae509,43.5394951439982,-116.34801677148441,1,config_1
54ae50b,43.545578815413485,-116.32340476146409,39,config_1
54ae50c4,43.55570231727046,-116.34110019444933,21,config_1
54ae50cc,43.558745232072255,-116.32878972959828,24,config_1
54ae50d4,43.566510416538904,-116.33648601199154,7,config_1
54ae50dc,43.56346580830465,-116.34879899898412,11,config_1
54ae50f,43.55501559132915,-116.36341550818852,22,config_1
54ae511,43.57053894140064,-116.37882711465775,29,config_1
54ae513,43.57663616459451,-116.35419493999846,28,config_1
54ae515,43.59216919684842,-116.36960934442654,29,config_1
54ae517,43.58606518751149,-116.39425160335782,31,config_1
54ae51c,43.56913981827311,-116.42348841755178,32,config_1
54ae524,43.60017769234668,-116.45439339706833,11,config_1
54ae52c,43.63122704222955,-116.48535003777106,5,config_1
54ae531,43.63266123486197,-116.44060248765363,9,config_1
54ae533,43.64819899784304,-116.45607863013892,6,config_1
54ae535,43.65433022020483,-116.43139602139901,17,config_1
54ae537,43.638785643691584,-116.41592996824852,38,config_1
54ae53c,43.612417804835665,-116.4050841698133,15,config_1
54ae541,43.61381007159595,-116.36038154383634,22,config_1
54ae543,43.619909159022754,-116.33572370379082,25,config_1
54ae545,43.63546156357451,-116.35114369620457,48,config_1
54ae5464,43.63476998432634,-116.37350383008214,23,config_1
54ae546c,43.62699560519765,-116.36578681307539,11,config_1
54ae5474,43.62394204934804,-116.37811883823086,5,config_1
54ae547c,43.631714729283914,-116.38583838181998,12,config_1
54ae549,43.64490418788891,-116.39125466972862,38,config_1
54ae54b,43.66045557361522,-116.40671062092736,31,config_1
54ae54d,43.66657505513937,-116.38202244109702,32,config_1
54ae54f,43.651016864528124,-116.36657660445832,31,config_1
54ae551,43.65712367069322,-116.34189578481207,30,config_1
54ae553,43.67268866185231,-116.35733149429115,22,config_1
54ae555,43.67879639083894,-116.33263779290293,9,config_1
54ae557,43.66322460347806,-116.31721222317427,5,config_1
54ae559,43.6476557194832,-116.30179957917059,6,config_1
54ae55a4,43.646976338260686,-116.32415875304527,12,config_1
54ae55ac,43.64392695043848,-116.3364960497241,18,config_1
54ae55b4,43.63614747698168,-116.32878662189002,21,config_1
54ae55bc,43.639195167779796,-116.31645185807544,9,config_1
54ae55d,43.626002384650334,-116.31106313449698,45,config_1
54ae55f,43.63208974559044,-116.2863998483217,19,config_1
54ae561,43.61652668852202,-116.27101301806775,25,config_1
54ae563,43.600966554986385,-116.2556390758594,9,config_1
54ae565,43.59489273850642,-116.2802820920407,9,config_1
54ae567,43.61044610323302,-116.29566616855617,9,config_1
54ae56c,43.59354227265436,-116.32493958182617,39,config_1
54ae571,43.573269391013426,-116.28954109629586,17,config_1
54ae573,43.56719063607229,-116.31416860843261,18,config_1
54ae575,43.551656648116456,-116.29879004753204,15,config_1
54ae577,43.55772863923489,-116.27417264200028,3,config_1
54ae579,43.5637947859063,-116.24955255719061,4,config_1
54ae57b,43.57934229716921,-116.26491089242415,20,config_1
54ae57d,43.58540935167812,-116.24027800915783,49,config_1
54ae57f,43.56985508527804,-116.22492980543463,24,config_1
54ae59,43.52191496103096,-116.22351064564052,10,config_1
54ae5b,43.497671199389096,-116.3218685529208,46,config_1
54ae5d,43.43566136477981,-116.2605100925991,1,config_1
54ae7,43.26887526705082,-116.1568882675859,3,config_1
54ae9,43.36397951896133,-115.76555836928306,5,config_1
54aeb,43.457598816368254,-115.37362724179869,1,config_1
54aef1,43.57012222418253,-116.02666880060974,1,config_1
54aef3,43.507789991660324,-115.96579689525605,1,config_1
54aef5,43.48384031657126,-116.0640755869524,3,config_1
54aef64,43.52448250107923,-116.13442636140839,25,config_1
54aef6c,43.53652089451598,-116.08523616548925,5,config_1
54aef71,43.55686075877254,-116.12044872842353,6,config_1
54aef73,43.56288418578178,-116.09583579027263,6,config_1
54aef75,43.57845948065393,-116.11111766709612,4,config_1
54aef77,43.57242932964105,-116.13574078342535,42,config_1
54aef79,43.5663933243986,-116.16036129462033,44,config_1
54aef7b,43.55083148191644,-116.14505907380531,21,config_1
54aef7d,43.544796358009286,-116.16966681406572,13,config_1
54aef7f,43.56035146773117,-116.18497918831972,35,config_1
54aef804,43.57050709880621,-116.20262785783117,4,config_1
54aef80c,43.578286027099274,-116.21029494297072,22,config_1
54aef814,43.5813126319457,-116.19798030955845,15,config_1
54aef81c,43.57353201735653,-116.19031576177939,11,config_1
54aef824,43.57655547275906,-116.1780030067121,14,config_1
54aef82c,43.579577464661185,-116.16568959417408,14,config_1
54aef834,43.58736145020432,-116.1733490625766,16,config_1
54aef83c,43.58433777309843,-116.18566501557862,7,config_1
54aef844,43.59212081190402,-116.19333023720937,8,config_1
54aef84c,43.59514617506754,-116.18101174355918,17,config_1
54aef854,43.602931638418646,-116.18867763869004,28,config_1
54aef85c,43.59990458834333,-116.20099867317175,33,config_1
54aef87,43.59147055168843,-116.21564245884714,37,config_1
54aef89,43.60703451261184,-116.23099338017069,45,config_1
54aef8b,43.62260141060076,-116.24635717558509,13,config_1
54aef8d,43.628670266609554,-116.22169865348594,42,config_1
54aef8e4,43.618504777251296,-116.20401907767283,37,config_1
54aef8ec,43.61547435078892,-116.21634519436464,15,config_1
54aef8f4,43.60768910158303,-116.20867032503394,26,config_1
54aef8fc,43.610717839424545,-116.1963467495381,20,config_1
54aef91,43.619152839905986,-116.18169399975594,38,config_1
54aef93,43.634733253698634,-116.1970374641578,45,config_1
54aef95,43.64079036902806,-116.17237361999794,5,config_1
54aef97,43.62520320390268,-116.15704033979678,1,config_1
54aef9c,43.59880861162842,-116.1463840666699,35,config_1
54aefd,43.69493048084211,-116.14902826033067,3,config_1
54aefec,43.661143754957344,-116.20773759355966,43,config_1
54aeff1,43.65982638771657,-116.25244459399038,22,config_1
54aeff3,43.644246861904485,-116.23706517484351,34,config_1
54aeff5,43.638171238964674,-116.26173385764166,26,config_1
54aeff7,43.65374399099927,-116.27712343890227,9,config_1
54aeff9,43.66931965998638,-116.2925259319393,47,config_1
54aeffb,43.67540883733176,-116.26783692351147,45,config_1
54aeffd,43.690994204022154,-116.28324217600219,1,config_1
54aefff,43.684898239194005,-116.30794134933555,18,config_1
54af004,43.71132536580594,-116.31873186732636,31,config_1
54af00c,43.742506711950085,-116.34963023679799,5,config_1
54af014,43.7547344579057,-116.3001551943741,2,config_1
54af01c,43.72352589696829,-116.26929755143044,13,config_1
54af03,43.75740565327403,-116.21051742859326,36,config_1
54af05,43.819927614722054,-116.2722139696388,5,config_1
54af0c,43.901482122522886,-116.41482493722731,1,config_1
54af1c,43.825136369401086,-116.09273918114562,2,config_1
54af3,43.960478655095734,-115.85631062071721,4,config_1
54af9,44.01397463682888,-116.9016302143173,4,config_1
54afa9,43.77085298834612,-116.47035832982436,4,config_1
54afaa4,43.730255364968514,-116.39909420829296,26,config_1
54afaa9,43.709948648645195,-116.36352775986855,8,config_1
54afaaa4,43.699793336499546,-116.34576092513218,16,config_1
54afaaac,43.69200442104771,-116.33803970307828,15,config_1
54afaab4,43.68894947647576,-116.35039104549304,20,config_1
54afaabc,43.6967366908489,-116.35811480455946,15,config_1
54afaad,43.68825654276914,-116.37278014340514,24,config_1
54afaaf,43.70382730667587,-116.38824174473243,31,config_1
54afab4,43.68685362850276,-116.41756749029383,18,config_1
54afabc,43.71798044037568,-116.44854700930688,22,config_1
54afac1,43.71653715023011,-116.49338979424473,8,config_1
54afac3,43.71037860512617,-116.51811277253215,2,config_1
54afac5,43.694829433597135,-116.50258477599134,42,config_1
54afac7,43.70098113771552,-116.47787189189619,21,config_1
54afacc,43.67458246906131,-116.46696859870383,18,config_1
54afad4,43.66228781382301,-116.5163584395593,4,config_1
54afaf,43.74617387331362,-116.56936267169381,2,config_1
54afb4,43.677958139114224,-116.68654351587482,3,config_1
54afd,43.66481923761525,-117.04582710893777,7,config_1
54aff,43.9121221485457,-117.29995019941629,1,config_1
54b4,42.60105252435535,-118.16833124175848,40,config_1
54b84,43.4519711572171,-120.67019682978226,9,config_1
54b89,43.74393077390025,-121.28950595634689,10,config_1
54b8b,43.97792688677577,-121.57576047640505,26,config_1
54b8c61,44.05797970472128,-121.28058900075598,7,config_1
54b8c63,44.050411801035864,-121.30550341444703,25,config_1
54b8c65,44.03569524281372,-121.28760023822727,22,config_1
54b8c67,44.04325523946848,-121.26269390308487,9,config_1
54b8c74,44.00229000990531,-121.29810218688114,1,config_1
54b8c7c,44.031696884368245,-121.33390508361173,31,config_1
54b8c84,44.06110875931032,-121.36976327470067,11,config_1
54b8c8c,44.076279584425166,-121.31992156689678,40,config_1
54b8c94,44.10572811386195,-121.35580292798564,1,config_1
54b8c9c,44.090525567983605,-121.40567684609651,1,config_1
54b8cd,44.17274305266661,-121.33480274598949,2,config_1
54b8cf,44.11374092386233,-121.26302602113272,15,config_1
54b8d4,44.18865703154627,-121.14897795084488,23,config_1
54b94,44.15919725763274,-120.43610234087129,9,config_1
54b9c,43.681998271763,-119.8811683842587,1,config_1
54bb,44.26030792215236,-118.95750915810693,10,config_1
54bc4,44.87800633320671,-120.19335589390107,20,config_1
54bcc,45.11190409095233,-119.37604906596664,15,config_1
54bd4,45.60833675325731,-119.94145552825202,6,config_1
54bdc,45.3662941867252,-120.76815465198709,47,config_1
54be4,45.11798732524106,-121.58886857534259,29,config_1
54bec,44.63795211099848,-121.0052111212463,39,config_1
54bf1,44.57232189083365,-121.75641122727569,5,config_1
54bf3,44.33568617122157,-121.46507887898873,49,config_1
54bf5,44.21222518863602,-121.86554818356971,3,config_1
54bf7,44.446791045051484,-122.15891235758095,3,config_1
54bf9,44.68158898096046,-122.4558963583206,6,config_1
54bfb,44.809217663388914,-122.05138088429021,8,config_1
54bfd,45.04633720700083,-122.35003276692846,4,config_1
54bfe4,45.00806881846334,-122.73069433115619,25,config_1
54bfec,44.890261439316056,-122.57969236762722,3,config_1
54bff4,44.825282755970896,-122.78227188590266,4,config_1
54bff9,44.89683021561005,-122.9464701848918,2,config_1
54bffd,44.988324342033636,-122.92102301976797,4,config_1
54bffe4,44.97829963188033,-123.01618409972016,27,config_1
54bffec,44.94899186301152,-122.9781228369328,23,config_1
54bfff04,44.94968659860474,-123.02408620688364,9,config_1
54bfff0c,44.94556592726839,-123.0367620420432,15,config_1
54bfff14,44.938246492468046,-123.02724380025958,48,config_1
54bfff1c,44.9423650563428,-123.01456983535644,15,config_1
54bfff3,44.92932546756857,-123.00663787111517,8,config_1
54bfff5,44.921091805877,-123.03197671399049,2,config_1
54bfff7,44.9357240914562,-123.05101155363725,25,config_1
54bfffc,44.9618015742647,-123.06691311129309,7,config_1
80a4,40.45917752648626,-117.17353159273283,49,config_1
80a9,41.61118506144487,-114.90422082333554,10,config_1
80aac,42.33123152476634,-113.00119891646547,1,config_1
80ab4,41.729761370204955,-113.00119891646547,38,config_1
80abc,41.566133886728444,-113.76328281204688,24,config_1
80ad,40.7344342591377,-113.38235448459531,1,config_1
80af,40.39741775389783,-114.90422082333554,4,config_1
80b1,39.15860643345274,-114.90422082333554,19,config_1
80b3,39.493031684625855,-113.38235448459531,22,config_1
80b5,38.22679706381197,-113.38235448459531,1,config_1
80b7,37.895659434305685,-114.90422082333554,17,config_1
80b84,37.31475810595445,-116.04138886338704,9,config_1
80b8c,37.13397701321393,-116.79678490847915,47,config_1
80bb,38.80260971572387,-116.41938900264319,14,config_1
80bd,38.42574400799265,-117.92490017414548,26,config_1
80bf,37.17059355256716,-117.92490017414548,15,config_1
5341,47.6081209328702,-109.93728561808545,12,config_1
53424,47.65351126337343,-111.44301717141765,37,config_1
5342c,47.481276761957204,-112.30448605757401,15,config_1
5343544,46.62241472867387,-112.00623339744253,11,config_1
534354c,46.61179692445088,-112.05879133089998,9,config_1
5343554,46.57702746553457,-112.03058900559375,38,config_1
534355c,46.587620197172335,-111.97808450422696,21,config_1
534357,46.62087180150499,-111.91334945249535,7,config_1
5343c,47.08415078591966,-110.99934564920936,21,config_1
53444,46.51890610923327,-110.56942472236398,6,config_1
5344c,46.3593095463017,-111.40259381065985,13,config_1
53451,45.982127006492206,-110.87277697035258,5,config_1
53453,45.90288299949479,-111.28418870458758,5,config_1
53455,45.62723565463215,-111.07053104980827,41,config_1
53457,45.70498569956185,-110.66249286039266,29,config_1
5345c,45.95799914919805,-110.1527124825861,14,config_1
5347,46.459904021308915,-109.1207771466117,10,config_1
53481,45.852057891135786,-108.03107899657321,1,config_1
534864,45.69833573485889,-108.48806559450713,26,config_1
53487a4,45.83439940368111,-108.49499867964492,1,config_1
53487ac,45.79909691544605,-108.47138801896446,8,config_1
53487b1,45.801590173446606,-108.51514944969387,16,config_1
53487b3,45.78395153110108,-108.50333498427433,28,config_1
53487b5,45.77972826784683,-108.5285650512111,24,config_1
53487b7,45.797361777057816,-108.54039331438359,27,config_1
53487bc,45.82594008651223,-108.54552499522111,2,config_1
53487c4,45.817454972052595,-108.5960569581434,11,config_1
53487c9,45.79312694115785,-108.56563859636098,38,config_1
53487cb,45.77549857176577,-108.55379654383847,12,config_1
53487cd,45.771262442410666,-108.57902944781064,14,config_1
53487cf,45.788885665303866,-108.59088528126019,16,config_1
53487d4,45.773703320224456,-108.62281821026319,10,config_1
53487dc,45.80894405681257,-108.64659445324334,5,config_1
5348c,45.54294872249074,-108.94362015320151,45,config_1
53494,44.98597158060743,-108.56537729549225,2,config_1
5349c,45.11561412300014,-107.7753932197069,1,config_1
534b,44.22203080004959,-107.63420332078704,7,config_1
534d,43.96538892291378,-109.17734588141407,6,config_1
534e4,44.70770527513035,-110.14941165689147,8,config_1
534ec,44.85000457468852,-109.35686524332384,11,config_1
534f1,45.22727383777162,-109.85017224612612,3,config_1
534f3,45.29887454472666,-109.44910057722915,34,config_1
534f5,45.57657832873066,-109.64632342455187,18,config_1
534f7,45.503589218791454,-110.05078799863512,5,config_1
534fc,45.25378300905133,-110.5545311005195,21,config_1
53504,45.09940022109111,-111.36067640109088,30,config_1
53514,44.40413366339562,-111.73589954886808,7,config_1
5351c,44.55907687216402,-110.94257113883897,35,config_1
5353,43.68461917643636,-110.72544629199525,50,config_1
535404,43.97459339705707,-111.96393406818073,1,config_1
53540a4,43.84151342338433,-111.7717238815412,31,config_1
53540ac,43.80869509264646,-111.74550402431035,1,config_1
53540b4,43.79895295819399,-111.79433499830479,19,config_1
53540bc,43.831748470663975,-111.82060190761182,6,config_1
535459,43.46141912838083,-112.05935573435217,49,config_1
53545b,43.526340352139165,-112.11211451202908,6,config_1
53545d,43.545999064727475,-112.01498362761694,5,config_1
53545f,43.480986438667344,-111.9624091063604,7,config_1
53547,43.62737970849574,-111.79826292826023,1,config_1
5354c,43.19881473213263,-111.6800612155514,2,config_1
53554,43.043319215508525,-112.4489437696075,26,config_1
5355c,43.55734806961038,-112.87897889684928,18,config_1
5357,44.422004008217534,-113.14818896125877,5,config_1
5359,45.479660248961444,-114.07273505959277,31,config_1
535a4,45.476970823010845,-112.61029171846985,6,config_1
535ac,45.644031300899265,-111.79144719764979,12,config_1
535b4,46.192767730397904,-112.23537293113796,32,config_1
535bc,46.019315185787235,-113.06726352963967,15,config_1
535c4,46.56531625405957,-113.53808355521672,13,config_1
535cc,46.74539120867095,-112.69296364318917,12,config_1
535d4,47.30166702726149,-113.16475070478317,14,config_1
535d9,47.30045112903804,-113.93160923259923,6,config_1
535dcc1,46.873242523799,-113.95183773840036,1,config_1
535dcc24,46.87310101436051,-113.97562643168396,3,config_1
535dcc29,46.87302789208808,-113.98752247009537,7,config_1
535dcc2b,46.87154977148091,-113.99417936277197,37,config_1
535dcc2d,46.86726441637528,-113.99035668662445,2,config_1
535dcc2f,46.868742108318195,-113.98370059424168,9,config_1
535dcc34,46.861575331209856,-113.98129692831263,26,config_1
535dcd9,46.83837962684935,-114.01640372946115,12,config_1
535dcdb,46.84429142666408,-113.9897964152286,8,config_1
535dcdc4,46.855663635028385,-114.00791543245937,9,config_1
535dcdcc,46.85862035795553,-113.99460644675897,14,config_1
535dcdd4,46.86718938940263,-114.002252401155,43,config_1
535dcddc,46.864230951151214,-114.01556458508364,11,config_1
535dcdf,46.85550754362005,-114.03170443152922,14,config_1
535dce4,46.88417064523566,-114.04136309670366,45,config_1
535dcec,46.896014557704305,-113.98808021798713,24,config_1
535dcf4,46.930323517882734,-114.01870401332057,2,config_1
535dcfc,46.918452098536555,-114.07203813657183,5,config_1
535dd4,46.837336656948814,-114.15915241577468,5,config_1
535ddc,46.97423551540944,-114.28259478518439,2,config_1
535df,47.20427515669001,-114.36200399141323,1,config_1
535f,46.55100149450924,-115.05257732707402,35,config_1
8764,42.79515360295937,-105.03236346529708,29,config_1
8769,40.82770651325956,-105.78206743935718,41,config_1
876f,41.02658848576613,-104.2861115827901,19,config_1
8771,41.203321579528335,-102.80547525792774,24,config_1
8775,40.07698622154079,-101.34310583455695,35,config_1
8777,41.358423277185786,-101.34310583455695,25,config_1
877c,43.15114710263331,-102.0718280662253,22,config_1
8784,43.42119333788496,-99.18990521297464,32,config_1
878c,43.61150136204474,-96.40773576934623,31,config_1
87904,41.99538434578463,-97.43813547748366,31,config_1
8790c,41.36092038187326,-97.43813547748366,30,config_1
87911,41.55256359024594,-96.92091345144947,4,config_1
87915,41.25355032719378,-96.57833866136845,22,config_1
87917,41.57268996406312,-96.57833866136845,30,config_1
8791c,42.038007974899514,-96.74939926474936,34,config_1
87924,42.07607891199186,-96.06791937864303,11,config_1
879384,41.214590906984775,-95.81428853484881,26,config_1
8793881,41.13958998151665,-95.9092753881462,36,config_1
8793883,41.138504505446264,-95.93040394687645,24,config_1
8793885,41.158561191081304,-95.93040394687645,29,config_1
8793887,41.159646769931484,-95.9092753881462,22,config_1
879388c,41.18917623945357,-95.9198387432287,38,config_1
8793891,41.1775207807563,-95.95153989605136,10,config_1
8793893,41.19756308950735,-95.95153989605136,27,config_1
8793895,41.19646874395275,-95.97268322803032,25,config_1
8793897,41.17642653770506,-95.97268322803032,16,config_1
8793899,41.156377193659345,-95.97268322803032,6,config_1
879389b,41.15747133363485,-95.95153989605136,26,config_1
879389d,41.137414751213655,-95.95153989605136,24,config_1
879389f,41.136320714886764,-95.97268322803032,25,config_1
87938a4,41.144700675658925,-96.00441205201167,25,config_1
87938a9,41.13301287407291,-96.03615744419764,20,config_1
87938ab,41.131901670119106,-96.05733023073657,15,config_1
87938ad,41.15195772993523,-96.05733023073657,1,config_1
87938af,41.1530690392839,-96.03615744419764,25,config_1
87938b1,41.17311807150012,-96.03615744419764,12,config_1
87938b3,41.17200665733848,-96.05733023073657,8,config_1
87938b5,41.19204844925564,-96.05733023073657,25,config_1
87938b7,41.193159967648896,-96.03615744419764,34,config_1
87938bc,41.184799052130074,-96.00441205201167,42,config_1
87938c1,41.215405074105476,-95.99383393516017,6,config_1
87938c3,41.23543289380331,-95.99383393516017,5,config_1
87938c5,41.23432976467297,-96.01499200977533,31,config_1
87938c7,41.21430204718901,-96.01499200977533,14,config_1
87938cc,41.22265412593901,-96.04674291893367,33,config_1
87938d4,41.262694962050645,-96.04674291893367,17,config_1
87938d9,41.27436375923416,-96.01499200977533,15,config_1
87938db,41.254350336363316,-96.01499200977533,34,config_1
87938dd,41.25545356713221,-95.99383393516017,32,config_1
87938df,41.27546709106678,-95.99383393516017,12,config_1
87938e3,41.27766087979987,-95.95153989605136,2,config_1
87938e5,41.25764715500535,-95.95153989605136,41,config_1
87938e7,41.25655250536979,-95.97268322803032,24,config_1
87938e9,41.23653173082733,-95.97268322803032,15,config_1
87938eb,41.21650380934284,-95.97268322803032,13,config_1
87938ed,41.21759825682894,-95.95153989605136,28,config_1
87938ef,41.237626279673584,-95.95153989605136,1,config_1
87938f1,41.23871654427415,-95.93040394687645,25,config_1
87938f24,41.22342397557144,-95.93568724161423,38,config_1
87938f2c,41.21340813981519,-95.93568724161423,5,config_1
87938f3c,41.22396799974258,-95.9251211140415,20,config_1
87938f7,41.23980252856463,-95.9092753881462,9,config_1
87938f9,41.259823604205,-95.9092753881462,2,config_1
87938fa4,41.254004862325644,-95.9251211140415,28,config_1
87938fac,41.25346076282608,-95.93568724161423,27,config_1
87938fb4,41.26346945064387,-95.93568724161423,28,config_1
87938fbc,41.264013575111086,-95.9251211140415,32,config_1
87938fd,41.2787513445638,-95.93040394687645,2,config_1
87938ff,41.279837528174156,-95.9092753881462,2,config_1
879394,41.365989673432814,-95.98325766018019,47,config_1
8793b,41.60957437374421,-95.8987138825821,7,config_1
8793d,41.59168827751169,-96.23759466618242,3,config_1
8793e4,41.34784575928842,-96.32260724129291,1,config_1
8793eb,41.399255397912064,-96.1102943120119,2,config_1
8793ed,41.319346658155744,-96.1102943120119,36,config_1
8793ef,41.31481164928742,-96.1951320179046,14,config_1
8793f1,41.234790057608556,-96.1951320179046,13,config_1
8793f2c,41.260462594784514,-96.0891031789097,15,config_1
8793f34,41.22042217034441,-96.0891031789097,48,config_1
8793f3c,41.218172976649946,-96.13149277021542,1,config_1
8793f44,41.178104403036535,-96.13149277021542,9,config_1
8793f4c,41.18035317693946,-96.0891031789097,27,config_1
8793f54,41.140255638976264,-96.0891031789097,14,config_1
8793f5c,41.13800728956779,-96.13149277021542,1,config_1
8793f7,41.15465418889395,-96.1951320179046,4,config_1
8793fc,41.18780769252191,-96.32260724129291,17,config_1
87941,40.951526290404686,-96.23759466618242,42,config_1
87945,40.64651790192333,-95.8987138825821,25,config_1
87946c,40.884466057473276,-95.98325766018019,2,config_1
879471,41.007418325870596,-95.94097099813557,9,config_1
879475,41.083395131920504,-96.02557380749096,4,config_1
8794761,41.11625710447006,-95.97268322803032,11,config_1
8794763,41.11735103657496,-95.95153989605136,38,config_1
8794765,41.097280192812605,-95.95153989605136,5,config_1
8794767,41.09618636550359,-95.97268322803032,2,config_1
879476c,41.066614267654415,-95.96211063966837,34,config_1
8794774,41.06879304560312,-95.9198387432287,1,config_1
879477c,41.108949298840706,-95.9198387432287,19,config_1
87947c,41.05407592019669,-95.81428853484881,12,config_1
87954,40.18347133353734,-95.39395513481692,24,config_1
8795c,40.150132040497795,-96.06791937864303,30,config_1
87961,39.95885212378827,-96.57833866136845,17,config_1
87963,39.93889429071641,-96.92091345144947,6,config_1
87965,40.265223567706514,-96.92091345144947,34,config_1
87967,40.28522061210774,-96.57833866136845,39,config_1
87969,40.60980253094514,-96.57833866136845,27,config_1
8796a4,40.85689643168396,-96.49297974540691,11,config_1
8796ac,41.017838290345814,-96.49297974540691,5,config_1
8796b4,41.00808318029977,-96.6638120059594,9,config_1
8796b9,40.884943847775695,-96.70659142835461,49,config_1
8796bb,40.889888837320825,-96.62106106216318,24,config_1
8796bc4,40.8282342037957,-96.64243297020663,26,config_1
8796bcc,40.83068832956507,-96.59969628987318,30,config_1
8796bd4,40.79036913857682,-96.59969628987318,5,config_1
8796bdc,40.78791552164059,-96.64243297020663,9,config_1
8796be4,40.78544430277923,-96.68519816136498,19,config_1
8796be9,40.816305132438714,-96.67450419420958,9,config_1
8796beb,40.83645721499665,-96.67450419420958,14,config_1
8796bed,40.83521687855339,-96.69589390641657,12,config_1
8796bee1,40.82215650204865,-96.70391688134224,28,config_1
8796bee3,40.81711808372356,-96.70391688134224,23,config_1
8796bee5,40.817428966729594,-96.69856812035744,17,config_1
8796bee7,40.822467393090086,-96.69856812035744,4,config_1
8796beec,40.82041404872649,-96.69054581171683,4,config_1
8796bef4,40.810336288598954,-96.69054581171683,2,config_1
8796befc,40.809715098098906,-96.70124244533793,40,config_1
8796bf4,40.823273104281,-96.7279917988472,44,config_1
8796bfc,40.782955451652896,-96.7279917988472,5,config_1
8796d,40.91251646489407,-96.92091345144947,23,config_1
8796f,40.58976906346002,-96.92091345144947,20,config_1
87974,40.71915219453123,-97.43813547748366,46,config_1
8797c,40.070182502907144,-97.43813547748366,17,config_1
87984,40.02332681373885,-98.13385582671398,9,config_1
879884,39.74656389193964,-98.57210164219819,1,config_1
87988f5653fe250f,39.83000201433381,-98.58000200575829,52,config_1
87989c,39.73338485000653,-98.74811671290261,3,config_1
8798b,39.794833641332914,-99.0128926396605,4,config_1
8798d,40.12087517060858,-99.0128926396605,4,config_1
8798f,40.147906455111624,-98.66005856336714,3,config_1
87991,40.4722350732974,-98.66005856336714,4,config_1
87993,40.445153044290564,-99.0128926396605,4,config_1
879944,40.694089081756616,-98.92453434317243,11,config_1
879949,40.64344971101394,-99.05710889775952,9,config_1
87994b,40.63644236637649,-99.14561525951646,4,config_1
87994d,40.716951249742145,-99.14561525951646,4,config_1
87994f,40.723961587235294,-99.05710889775952,45,config_1
87997,40.79478174339934,-98.66005856336714,4,config_1
879985,40.85772118119297,-98.35265604392654,5,config_1
8799864,40.91955394413451,-98.33074683162457,30,config_1
879986c,40.91636929953668,-98.37457171013507,14,config_1
8799874,40.95649562986808,-98.37457171013507,7,config_1
879987c,40.95968091128116,-98.33074683162457,6,config_1
87998c,40.90735869873179,-98.22129789306325,6,config_1
879994,40.74650661310234,-98.22129789306325,1,config_1
87999c,40.7338547213042,-98.39649382124541,7,config_1
8799b,40.49810647471476,-98.30884408222222,19,config_1
8799d,40.52278116618243,-97.95928633924419,26,config_1
8799f,40.84541482909882,-97.95928633924419,1,config_1
879b,41.606421620925396,-98.48424653420417,38,config_1
879d,41.492537434213524,-99.90181306343518,24,config_1
879e4,40.50201874185927,-100.26001249402657,6,config_1
879ec,40.5636651772279,-99.54509739864785,45,config_1
879f4,39.91527512642326,-99.54509739864785,18,config_1
879fc,39.85386376202764,-100.26001249402657,12,config_1
549361,46.09253374611033,-123.9365210341686,4,config_1
549363,46.12742635287706,-123.83253105908348,3,config_1
5493644,46.16319494921188,-123.91834426853173,8,config_1
549364c,46.180670505348225,-123.86627288110616,49,config_1
549365c,46.192849973599934,-123.95829033244647,8,config_1
549367,46.15173761067099,-124.01637849098238,1,config_1
54936c,46.2581773069839,-124.08450039849525,2,config_1
549374,46.328481344558476,-123.87567149510258,3,config_1
54937ac,46.22784809775462,-123.85405618607425,23,config_1
54937b3,46.20119072033555,-123.8371660745439,6,config_1
54937b44,46.19222671889663,-123.81570216192922,13,config_1
54937b4c,46.187866442424905,-123.82872908653871,49,config_1
54937b54,46.180438246027244,-123.81876616895383,6,config_1
54937b5c,46.184796306458836,-123.80574110814187,6,config_1
54937b7,46.19504744649781,-123.79117842355033,9,config_1
54937bc,46.21554953785096,-123.76203407806113,2,config_1
54937d,46.16222313461763,-123.72841366154847,2,config_1
54944,46.0807264098345,-122.80134019839946,44,config_1
54949,45.996297469706725,-123.58236268423515,14,config_1
5494a1,45.998483081923666,-123.96065350705925,47,config_1
5494a5,45.9046203059216,-123.98466883139601,35,config_1
5494b4,45.76417876902437,-124.02047407919807,21,config_1
5494bc,45.83354431886302,-123.81407485023365,2,config_1
5494d,45.62236260726557,-123.68089881363895,22,config_1
5494f,45.75866279079122,-123.26853181263735,12,config_1
549501,45.66037802468876,-122.91968181257504,3,config_1
549503,45.62693254583949,-123.02282408180253,7,config_1
5495044,45.59068576471431,-122.93915741391251,9,config_1
5495051,45.555878889352684,-122.94886901091884,6,config_1
54950524,45.55333698829134,-122.97298441519114,4,config_1
5495052c,45.54916415407978,-122.98584811207415,16,config_1
54950534,45.54174038366313,-122.97621124729412,33,config_1
5495053c,45.54591107570666,-122.9633494812743,13,config_1
54950544,45.538485268694984,-122.95371827965847,7,config_1
5495054c,45.53431671795894,-122.96657811410863,33,config_1
54950554,45.52689315816751,-122.95694871114303,23,config_1
5495055c,45.53105956845663,-122.94409080896735,8,config_1
5495057,45.54102085280857,-122.9296124103441,20,config_1
5495059,45.54934693608041,-122.90388391241775,21,config_1
549505b,45.56421353432083,-122.92313276017578,7,config_1
549505d,45.57254225090755,-122.89738933107346,11,config_1
549505f,45.5576670933424,-122.87814825382897,35,config_1
5495064,45.57758014366212,-122.84914418901631,12,config_1
549506c,45.607357023818594,-122.88763287987958,2,config_1
5495074,45.62400449281106,-122.83607963557766,7,config_1
5495079,45.605797709014524,-122.79434405019695,2,config_1
549507b,45.5974927681449,-122.82011608311913,3,config_1
549507d,45.58259194696386,-122.80089842363002,5,config_1
549507f,45.59088833812388,-122.77513423204219,47,config_1
5495084,45.56438413146292,-122.75922464350096,31,config_1
5495089,45.55939779819962,-122.80744496273876,7,config_1
549508b,45.551098059227016,-122.8331870983617,10,config_1
549508d,45.536215265017404,-122.81398368196524,41,config_1
549508f,45.54450646326559,-122.78824936327686,29,config_1
5495091,45.52961560976151,-122.76906868893886,18,config_1
5495093,45.52133294532821,-122.79479518522301,28,config_1
5495095,45.506451109723656,-122.7756215970261,24,config_1
5495097,45.51472524725177,-122.74990292858993,17,config_1
54950984,45.51720284555774,-122.72582165554388,7,config_1
54950989,45.51843920596567,-122.71378098604536,4,config_1
5495098a04,45.517971130314265,-122.70806937874427,2,config_1
5495098a0c,45.51822923769806,-122.70726539677234,7,config_1
5495098a14,45.51869489157822,-122.70786355732979,35,config_1
5495098a1c,45.51843677587815,-122.70866754698179,10,config_1
5495098a3,45.51926430997713,-122.7091628269023,3,config_1
5495098a5,45.51978055472156,-122.707554810817,9,config_1
5495098a7,45.518849221008544,-122.70635848363295,27,config_1
5495098ac,45.52008918625941,-122.70454458733757,9,config_1
5495098b4,45.52195195749798,-122.70693726597814,2,config_1
5495098d,45.52422976975454,-122.7121349162451,9,config_1
5495098f,45.52216409906417,-122.71856742349537,3,config_1
54950994,45.528784779508136,-122.72253225965096,2,config_1
5495099c,45.52465109791729,-122.73539786690098,2,config_1
549509b,45.53789233682927,-122.74333511785996,2,config_1
549509d,45.54616312038097,-122.71759448300428,15,config_1
549509e4,45.537047684510135,-122.69679576067433,35,config_1
549509ec,45.5329169752946,-122.70966489044866,23,config_1
549509f4,45.52546446334424,-122.70009260976938,41,config_1
549509f9,45.52669753056197,-122.68805028512281,16,config_1
549509fb,45.530424552793335,-122.69283475524867,10,config_1
549509fd,45.53248873714313,-122.68640048907676,23,config_1
549509fe4,45.53020895649547,-122.68120387567996,22,config_1
549509fec,45.52917715683721,-122.68442093386207,5,config_1
549509ff4,45.52731345426484,-122.68202911648007,17,config_1
549509ffc,45.52834512089467,-122.67881218147234,11,config_1
54950a004,45.52648129344365,-122.67642072025001,18,config_1
54950a00c,45.524617474161055,-122.6740294919911,48,config_1
54950a014,45.523586073547534,-122.6772461806188,42,config_1
54950a01c,45.525449759828746,-122.67963753207295,22,config_1
54950a024,45.52441813328059,-122.68285423418067,45,config_1
54950a02c,45.523386413811124,-122.68607082655161,9,config_1
54950a034,45.52152299354715,-122.68367922881009,12,config_1
54950a03c,45.52255458000559,-122.68046275956567,35,config_1
54950a044,45.52069103489058,-122.67807151787139,20,config_1
54950a04c,45.51965958142966,-122.68128786397885,37,config_1
54950a0504,45.518881727767486,-122.67858729114687,17,config_1
54950a050c,45.51841586482317,-122.67798953426035,4,config_1
54950a0514,45.51815802474201,-122.67879358699588,8,config_1
54950a051c,45.51862387937495,-122.67939135157873,40,config_1
54950a053,45.518004174752946,-122.68029853949251,12,config_1
54950a055,45.51707249144375,-122.67910301634807,6,config_1
54950a057,45.51758815828464,-122.67749494767226,8,config_1
54950a05c,45.5188274979542,-122.67568050907593,27,config_1
54950a064,45.519858725524294,-122.67246417648205,36,config_1
54950a06c,45.521722395439845,-122.67485506209579,42,config_1
54950a071,45.52202991168994,-122.67184492817105,15,config_1
54950a073,45.52296179856535,-122.67304038300108,12,config_1
54950a075,45.523477425767766,-122.6714320574788,15,config_1
54950a077,45.52254550564769,-122.67023663345577,37,config_1
54950a07c,45.520889860175615,-122.66924773427601,21,config_1
54950a09,45.51757871527425,-122.66727016973095,40,config_1
54950a0b,45.5138512918891,-122.66248991892985,13,config_1
54950a0c4,45.51323693640292,-122.6685088798642,41,config_1
54950a0cc,45.51137343236717,-122.6661188024456,13,config_1
54950a0dc,45.51220601479677,-122.67172473331983,18,config_1
54950a0e4,45.51406939414219,-122.67411516672841,38,config_1
54950a0ec,45.515100448691754,-122.67089919009422,20,config_1
54950a0f4,45.51696396921505,-122.6732897331575,27,config_1
54950a0fc,45.51593278170855,-122.67650583295986,33,config_1
54950a104,45.51490150131196,-122.67972182314121,25,config_1
54950a10c,45.5138701280372,-122.68293770367993,12,config_1
54950a114,45.512007006399145,-122.68054679121511,20,config_1
54950a11c,45.513038246707346,-122.6773310337759,29,config_1
54950a124,45.51117500031015,-122.67494047722309,48,config_1
54950a12c,45.50931176213899,-122.6725501534609,3,config_1
54950a134,45.50828078772337,-122.67576566466987,1,config_1
54950a13c,45.510143892955,-122.67815611155237,3,config_1
54950a15,45.50766560388803,-122.68178401270428,27,config_1
54950a17,45.51139143189449,-122.6865657412363,41,config_1
54950a19,45.51511729255821,-122.69134840095778,8,config_1
54950a1a4,45.51573325785053,-122.68532884896864,11,config_1
54950a1a9,45.5160410880954,-122.6823190714579,27,config_1
54950a1ab,45.51655680138017,-122.68071105761085,14,config_1
54950a1ad,45.51748845144386,-122.68190661153484,14,config_1
54950a1af,45.51697270491299,-122.68351465615714,8,config_1
54950a1b4,45.51862803506899,-122.68450410039665,5,config_1
54950a1bc,45.51759639582053,-122.68772022710313,4,config_1
54950a1c4,45.5194595419286,-122.69011183810522,4,config_1
54950a1cc,45.52049131418418,-122.68689558833047,3,config_1
54950a1d4,45.52235460143231,-122.68928730916417,12,config_1
54950a1dc,45.521322696156076,-122.69250368199673,42,config_1
54950a1f,45.518843185730255,-122.69613199204339,10,config_1
54950a24,45.51388414278618,-122.70338749211464,20,config_1
54950a2c,45.50975472022771,-122.716249170215,35,config_1
54950a34,45.50230672311948,-122.70668040952,10,config_1
54950a3c,45.50643401745888,-122.69382069700062,24,config_1
54950a44,45.49898402240959,-122.68425762579479,41,config_1
54950a4c,45.494858855424525,-122.69711537206462,9,config_1
54950a54,45.48741111833346,-122.68755405645454,11,config_1
54950a5c,45.49153415882895,-122.67469827710126,13,config_1
54950a64,45.4956557150549,-122.66184074677997,19,config_1
54950a6c,45.50310770481749,-122.67139812636321,43,config_1
54950a74,45.5072299018849,-122.65853687515086,48,config_1
54950a7c,45.49977578624879,-122.64898146687186,28,config_1
54950a84,45.49232180500166,-122.63942978103542,14,config_1
54950a8c,45.488203858815865,-122.65228708897698,19,config_1
54950a94,45.48075213728939,-122.6427371515567,12,config_1
54950a9c,45.4848679593325,-122.62988181624239,32,config_1
54950aa4,45.477414250429504,-122.6203375710937,50,config_1
54950aac,45.469960679480025,-122.61079704419022,16,config_1
54950ab4,45.46584910312602,-122.62364843227435,8,config_1
54950abc,45.473300551663655,-122.63319093312164,12,config_1
54950ac4,45.46918536879303,-122.64604255213537,16,config_1
54950acc,45.46173604297698,-122.636498079532,11,config_1
54950ad4,45.457621499792246,-122.64934598458134,19,config_1
54950adc,45.46506870257775,-122.65889242675317,27,config_1
54950af,45.478299871801276,-122.66679286312996,40,config_1
54950b04,45.47584111496619,-122.69084852291117,14,config_1
54950b0c,45.47171723445979,-122.70369883299253,15,config_1
54950b14,45.46427401258699,-122.69414102697013,20,config_1
54950b1c,45.46839576771912,-122.68129268075363,13,config_1
54950b3,45.455168897984805,-122.67338880438462,29,config_1
54950b5,45.44692879897792,-122.69907610750691,41,config_1
54950b64,45.456026058984186,-122.71983246586251,11,config_1
54950b6c,45.460150776087644,-122.70698762246514,13,config_1
54950b74,45.46759187228028,-122.71654739016225,17,config_1
54950b7c,45.46346502919155,-122.72939419304437,14,config_1
54950b84,45.47090412892591,-122.73895963661242,12,config_1
54950b8c,45.47834335699827,-122.74852879795456,11,config_1
54950b94,45.48247445464783,-122.73567807811436,23,config_1
54950b9c,45.475033098863335,-122.72611087491549,17,config_1
54950ba4,45.479160587586776,-122.71326035673945,11,config_1
54950bac,45.48328659433154,-122.7004080834601,20,config_1
54950bb4,45.490732204626184,-122.70997136379313,17,config_1
54950bbc,45.48660407077897,-122.722825599602,14,config_1
54950bd,45.49983538528764,-122.73075207109514,22,config_1
54950bf,45.49156976775489,-122.75646290626537,42,config_1
54950c04,45.48908535637426,-122.78053114918154,13,config_1
54950c0c,45.48164800493802,-122.7709525935282,10,config_1
54950c14,45.47751181736887,-122.78380174498422,12,config_1
54950c1c,45.484947038760986,-122.79338225304127,17,config_1
54950c24,45.48080724132589,-122.8062315897206,15,config_1
54950c2c,45.47666596483821,-122.81907915784963,15,config_1
54950c34,45.46923500443767,-122.80949475157159,14,config_1
54950c3c,45.47337415027927,-122.79664913145535,9,config_1
54950c5,45.46015695439413,-122.78870398472259,46,config_1
54950c64,45.46264174847056,-122.76465188507258,11,config_1
54950c6c,45.47007672020853,-122.77422495612288,21,config_1
54950c74,45.474210778596316,-122.76137775774838,6,config_1
54950c7c,45.46677367853973,-122.75180664045584,16,config_1
54950c84,45.45933670595805,-122.74223924026428,14,config_1
54950c8c,45.45520690334473,-122.75508253044868,11,config_1
54950c94,45.44777218602001,-122.7455168908665,16,config_1
54950c9c,45.45189986204025,-122.73267555578747,21,config_1
54950cb,45.43868278091285,-122.72475641261745,39,config_1
54950cd,45.43043084989338,-122.7504297087263,26,config_1
54950cf,45.44529364794069,-122.76955942004808,37,config_1
54950d1,45.43702730353145,-122.79523349304056,29,config_1
54950d3,45.4221730120319,-122.77609598486474,32,config_1
54950d5,45.413909273449335,-122.80175523008543,5,config_1
54950d7,45.42875505599909,-122.82090051761756,28,config_1
54950d84,45.43781913766316,-122.84168633228855,9,config_1
54950d8c,45.44524133317445,-122.85127107985012,11,config_1
54950d94,45.44938425534939,-122.83843447874759,20,config_1
54950d9c,45.4419599297192,-122.82885167179182,17,config_1
54950da4,45.446099246698076,-122.81601524385798,18,config_1
54950dac,45.45023708783082,-122.80317704985205,16,config_1
54950db4,45.45766567280388,-122.8127559690215,11,config_1
54950dbc,45.45352570214912,-122.82559610801643,11,config_1
54950dc4,45.46095227957486,-122.83518068726578,19,config_1
54950dcc,45.46509438061303,-122.82233860396416,11,config_1
54950dd4,45.47252321006773,-122.83192495605986,13,config_1
54950ddc,45.46837897778473,-122.8447689829842,11,config_1
54950df,45.458448095456596,-122.85923563118749,29,config_1
54950e1,45.47329533332874,-122.87842547923847,31,config_1
54950e3,45.48814303725107,-122.8976302028084,21,config_1
54950e5,45.496449389469376,-122.87193211545116,41,config_1
54950e7,45.481593149042915,-122.85273514932803,37,config_1
54950e9,45.48988505446004,-122.82703771836232,47,config_1
54950ea4,45.49238238319345,-122.8029664816787,17,config_1
54950eac,45.496522831713584,-122.79011342609468,17,config_1
54950eb4,45.50396042976378,-122.79969942565384,14,config_1
54950ebc,45.499817849474056,-122.81255443228109,11,config_1
54950ed,45.5130443496885,-122.82051459571605,36,config_1
54950ef,45.50474982901014,-122.84622690944317,35,config_1
54950f1,45.51961507384163,-122.86543099810802,35,config_1
54950f3,45.52791813314923,-122.83971089723283,38,config_1
54950f5,45.54279238422623,-122.85892211290957,42,config_1
54950f7,45.53448077939069,-122.88464999541395,31,config_1
54950f9,45.52616325092235,-122.91037073492822,46,config_1
54950fb,45.511306093283736,-122.89114397364085,50,config_1
54950fc4,45.50878312037244,-122.91523076867891,18,config_1
54950fcc,45.50135785921425,-122.90561820792313,10,config_1
54950fd4,45.49720000210684,-122.91846837398515,12,config_1
54950fdc,45.50462312626053,-122.92808286981844,14,config_1
54950fe4,45.51204636112004,-122.93770109037267,16,config_1
54950fec,45.516208493097075,-122.92484705485393,12,config_1
54950ff4,45.5236339761911,-122.93446706782461,12,config_1
54950ffc,45.519469705488326,-122.94732303702261,20,config_1
54951004,45.51530395722672,-122.9601772132316,24,config_1
5495100c,45.51113673218516,-122.9730295950915,36,config_1
54951014,45.50371766614913,-122.96340378770249,22,config_1
5495101c,45.50788275187805,-122.95055333510895,28,config_1
5495103,45.49467039321617,-122.94254850498774,39,config_1
5495105,45.48634368612734,-122.96824003901021,11,config_1
5495107,45.50117518586812,-122.98748998638912,3,config_1
549510c,45.48125185086533,-123.01639277495796,2,config_1
549511c,45.46825493246871,-122.92655394005118,10,config_1
549513,45.41546108083697,-122.8946250604236,35,config_1
549515,45.38223736110229,-122.99716688522332,5,config_1
549517,45.44140428964642,-123.07412642929737,1,config_1
549519,45.50057773123603,-123.15132365859832,27,config_1
54951a4,45.51089000086684,-123.05494551702208,44,config_1
54951a9,45.51600710921015,-123.0067548310417,27,config_1
54951aa4,45.518555904811926,-122.9826591285433,26,config_1
54951aac,45.52272527002606,-122.96980481812163,23,config_1
54951ab4,45.5301466890774,-122.97943615115214,29,config_1
54951abc,45.5259751828308,-122.99229238942932,33,config_1
54951ac4,45.53339456504234,-123.00192937912095,18,config_1
54951acc,45.53756821318127,-122.98907121369615,23,config_1
54951ad4,45.54498984113741,-122.9987100071267,22,config_1
54951adc,45.54081405024628,-123.01157009898964,1,config_1
54951af,45.53083944656461,-123.0260345839202,1,config_1
54951b4,45.55727207593876,-123.04212000090983,6,config_1
54951bc,45.5405297464926,-123.09355787961901,31,config_1
54951d,45.59339209373215,-123.1258501314257,4,config_1
54951f,45.55975707229058,-123.2287592665428,2,config_1
54953,45.387007906721884,-123.36900144724818,24,config_1
549544,45.243795988280354,-123.03549590885348,30,config_1
549549,45.22325516691161,-123.22701898698045,41,config_1
54954b,45.18979572895907,-123.32898115053491,1,config_1
54954d,45.131188247804204,-123.25201195682281,9,config_1
54954f,45.1645113246225,-123.15016886523064,9,config_1
549554,45.05986072563618,-123.0861792162156,17,config_1
54955c,45.12591525133184,-122.88262701931349,15,config_1
549564,45.19159928856739,-122.67862935948932,21,config_1
549569,45.26392548095067,-122.84395807806548,3,config_1
54956b,45.32307755588039,-122.92044433274707,9,config_1
54956d,45.3561650532377,-122.81802566691583,18,config_1
54956f,45.296877195136325,-122.74166292131297,41,config_1
549571,45.329735089057436,-122.63925646910941,39,config_1
5495724,45.36607080860394,-122.72204833390226,1,config_1
549572c,45.395767778611,-122.76024219764706,35,config_1
5495734,45.41225795901906,-122.708933058862,32,config_1
549573c,45.38252704556062,-122.67077044688014,5,config_1
5495744,45.39895967699165,-122.6194647461854,31,config_1
5495749,45.41717079581982,-122.66089252517608,14,config_1
549574b,45.43204952680145,-122.67997689539705,18,config_1
549574d,45.4402811334534,-122.65429744695528,13,config_1
549574f,45.42539391702713,-122.63522093670451,7,config_1
5495751,45.43361111800288,-122.60954239617796,2,config_1
5495753,45.448506817410234,-122.62861102899812,33,config_1
54957544,45.450946622060364,-122.60457457775308,15,config_1
5495754c,45.458397792863025,-122.61410964761731,9,config_1
54957554,45.4625072476706,-122.60126023413292,17,config_1
5495755c,45.45505395618695,-122.59172713952273,15,config_1
5495757,45.441822392685935,-122.58385691463454,25,config_1
549575c,45.415368654422686,-122.56813131981727,11,config_1
549577,45.36249877516487,-122.53673942058207,18,config_1
54957c,45.25690974120018,-122.47419175284617,1,config_1
549584,45.32184354756758,-122.26931980053114,7,config_1
54958c,45.38639768122647,-122.06401918838041,2,config_1
549594,45.506438807969616,-122.21487104310319,48,config_1
5495981,45.52227045241828,-122.39712146703894,22,config_1
5495983,45.50729851914054,-122.37812451724697,15,config_1
5495985,45.499134871957764,-122.40386512701103,19,config_1
5495987,45.514098344999034,-122.42287011149416,23,config_1
5495989,45.505920260533024,-122.44861188651659,37,config_1
549598b,45.49773620502434,-122.47434678090113,43,config_1
549598d,45.48278966017756,-122.45532577948279,18,config_1
549598f,45.49096525030632,-122.42959888482544,31,config_1
5495994,45.464453180043336,-122.41396557173343,6,config_1
549599c,45.48076705949738,-122.36252212942001,5,config_1
54959b,45.42774198470452,-122.33137635794274,1,config_1
54959d,45.395167868097275,-122.43411248023591,5,config_1
54959e4,45.43175392951714,-122.51677025611298,41,config_1
54959ec,45.44811545407697,-122.46538164374758,4,config_1
54959f1,45.466420598497436,-122.5067589346025,24,config_1
54959f3,45.47460810757162,-122.48104579979686,14,config_1
54959f5,45.48954618448583,-122.5000747834639,20,config_1
54959f7,45.481350204939176,-122.5257958830422,37,config_1
54959f9,45.47314827241479,-122.5515100684945,32,config_1
54959fb,45.458227138972696,-122.5324651727557,24,config_1
54959fd,45.45002773502382,-122.5581645031336,40,config_1
54959ff,45.46494039295182,-122.57721732870046,50,config_1
5495a01,45.47985361974724,-122.59628501716708,49,config_1
5495a024,45.48228649818643,-122.57223244881723,19,config_1
5495a02c,45.48639213177764,-122.55937411127206,12,config_1
5495a034,45.49385418926108,-122.56890672051905,11,config_1
5495a03c,45.489746434504994,-122.58176704076084,11,config_1
5495a044,45.49720651137529,-122.5913053529129,15,config_1
5495a04c,45.50131638816299,-122.5784430506258,16,config_1
5495a054,45.50877872729601,-122.58798310299775,22,config_1
5495a05c,45.50466672760997,-122.60084738667729,22,config_1
5495a064,45.50055324015909,-122.61370992850095,20,config_1
5495a06c,45.49309514713504,-122.60416591553567,16,config_1
5495a074,45.488982296201,-122.61702473710733,17,config_1
5495a07c,45.49643826570295,-122.62657072708208,13,config_1
5495a084,45.50389437164862,-122.6361204387594,32,config_1
5495a08c,45.508011470492946,-122.62325766382638,36,config_1
5495a091,45.51257569888974,-122.63363713699698,10,config_1
5495a093,45.514634673413724,-122.6272045717362,27,config_1
5495a095,45.51836415615343,-122.63198098536998,19,config_1
5495a097,45.51630465024642,-122.63841404474579,10,config_1
5495a099,45.514244772460785,-122.64484666699029,17,config_1
5495a09b,45.51051635252593,-122.64006926540083,10,config_1
5495a09d,45.5084566344175,-122.64650095677467,15,config_1
5495a09f,45.512184522891765,-122.65127885193034,15,config_1
5495a0a1,45.51591244475375,-122.65605767825821,13,config_1
5495a0a3,45.5179732258916,-122.64962499983463,29,config_1
5495a0a5,45.52170171266954,-122.65440426410902,27,config_1
5495a0a7,45.51964039985463,-122.66083743593325,12,config_1
5495a0a84,45.5219209018962,-122.66603118247943,8,config_1
5495a0a8c,45.52295185067414,-122.6628145211139,9,config_1
5495a0a94,45.52481591949823,-122.66520503697652,4,config_1
5495a0a9c,45.523784837755606,-122.66842182162675,40,config_1
5495a0aa4,45.5256487818342,-122.67081269370418,47,config_1
5495a0aac,45.52751273411337,-122.67320379873351,12,config_1
5495a0ab4,45.52854408182595,-122.66998676754504,21,config_1
5495a0abc,45.52667999655504,-122.66759578577962,12,config_1
5495a0ad,45.52915878567122,-122.66396558764853,40,config_1
5495a0af,45.525430232645725,-122.6591844599886,11,config_1
5495a0b4,45.53038697345907,-122.65192321798682,44,config_1
5495a0bc,45.52292833833318,-122.642364307167,49,config_1
5495a0c4,45.52704820061433,-122.62949583168344,25,config_1
5495a0cc,45.53450896241644,-122.63905276593624,13,config_1
5495a0d4,45.53862946236311,-122.62618056324808,25,config_1
5495a0dc,45.53116657419576,-122.6166256077601,17,config_1
5495a0e4,45.52370382150181,-122.6070743801594,29,config_1
5495a0ec,45.51958757341892,-122.61994262465865,28,config_1
5495a0f4,45.51212708202085,-122.61039314345791,24,config_1
5495a0fc,45.51624120547196,-122.59752687904047,24,config_1
5495a104,45.52035384008645,-122.58465887196186,22,config_1
5495a10c,45.524464985105055,-122.57178912361127,6,config_1
5495a114,45.53193184946043,-122.58133265798196,10,config_1
5495a11c,45.52781858043568,-122.59420439080418,19,config_1
5495a124,45.53528345831604,-122.60375363678442,12,config_1
5495a12c,45.54274847253687,-122.61330661130968,21,config_1
5495a134,45.54686599217604,-122.60043091150962,14,config_1
5495a13c,45.539398852214305,-122.59087992014518,7,config_1
5495a15,45.54930429398572,-122.57633961499812,35,config_1
5495a17,45.53436391533193,-122.55725105000776,34,config_1
5495a184,45.52521183321951,-122.53650857750051,12,config_1
5495a18c,45.51774100563192,-122.52697647261698,16,config_1
5495a194,45.51363708623125,-122.53984571966663,13,config_1
5495a19c,45.52110579217761,-122.54937981471043,10,config_1
5495a1b,45.51121115654193,-122.56391441095516,39,config_1
5495a1c4,45.50206523432426,-122.54318087316706,14,config_1
5495a1cc,45.497960456119806,-122.55604466419126,12,config_1
5495a1d4,45.49049627778521,-122.54651403982952,9,config_1
5495a1dc,45.49459893545305,-122.53365223587934,18,config_1
5495a1f,45.50448485107655,-122.5191186455293,48,config_1
5495a21,45.512683346494306,-122.49338266583429,47,config_1
5495a23,45.527631075101965,-122.51243344559578,45,config_1
5495a25,45.53583208222608,-122.48668256705689,25,config_1
5495a27,45.52087587433475,-122.46763977681408,17,config_1
5495a2c,45.54063784974779,-122.43852603515344,37,config_1
5495a34,45.570576881470984,-122.47661742208858,5,config_1
5495a39,45.565746242269526,-122.52481289273678,14,config_1
5495a3b,45.55078887470832,-122.5057402685845,34,config_1
5495a3d,45.542579381348546,-122.53149913149956,40,config_1
5495a3f,45.557528255722026,-122.55057973486005,33,config_1
5495a5,45.6072594946009,-122.55966380656399,50,config_1
5495a64,45.597470783103056,-122.65615840444629,36,config_1
5495a69,45.57918669671908,-122.61456152692676,6,config_1
5495a6b,45.564245224294275,-122.59544310354131,29,config_1
5495a6c4,45.561800678956295,-122.61954408747728,15,config_1
5495a6cc,45.554333268154146,-122.60998563348404,17,config_1
5495a6d4,45.55021362190669,-122.62286331578713,17,config_1
5495a6dc,45.55767890523318,-122.63242375162395,40,config_1
5495a6e4,45.565144321323224,-122.6419879202273,16,config_1
5495a6ec,45.569268223389365,-122.62910627489802,14,config_1
5495a6f4,45.576735900259386,-122.63867219715515,11,config_1
5495a6fc,45.57260986898283,-122.65155582300437,15,config_1
5495a704,45.568482345924686,-122.66443769218401,12,config_1
5495a70c,45.56435333184982,-122.67731780330611,21,config_1
5495a714,45.556892043543996,-122.6677459461019,21,config_1
5495a71c,45.56101892778673,-122.65486781109131,46,config_1
5495a724,45.55355564035133,-122.64530166350814,17,config_1
5495a72c,45.54609248481241,-122.63573924802891,18,config_1
5495a734,45.54196985763377,-122.64861342882095,24,config_1
5495a73c,45.549430885073996,-122.65817782174152,30,config_1
5495a744,45.54530464016502,-122.67105222493718,22,config_1
5495a74c,45.537845741133786,-122.66148585677611,30,config_1
5495a751,45.53661599027414,-122.67353063900987,9,config_1
5495a753,45.532887371597035,-122.66874764726388,14,config_1
5495a755,45.53082446310151,-122.67518229879195,34,config_1
5495a757,45.534552549668604,-122.67996578360619,5,config_1
5495a75c,45.541176906388756,-122.68392487170955,26,config_1
5495a764,45.548633805998804,-122.69349694301738,7,config_1
5495a76c,45.552763669359635,-122.68062232387241,36,config_1
5495a774,45.56022282752369,-122.69019615498414,26,config_1
5495a77c,45.55609083371223,-122.70307274583286,8,config_1
5495a79,45.56934439461358,-122.71100389672745,50,config_1
5495a7a4,45.57181474879668,-122.68689339475809,12,config_1
5495a7ac,45.57594589357037,-122.67401130819182,32,config_1
5495a7b4,45.5834095695282,-122.68358866052034,11,config_1
5495a7bc,45.57927629318898,-122.69647272186177,22,config_1
5495a7d,45.592537270241095,-122.70440542962204,33,config_1
5495a7e4,45.59006072596642,-122.72852882924323,7,config_1
5495a7ec,45.582601063880595,-122.71894005540192,11,config_1
5495a7f4,45.57846267352104,-122.73182255733268,24,config_1
5495a7fc,45.58592020169209,-122.74141330018618,16,config_1
5495a804,45.59337785198446,-122.75100778155107,28,config_1
5495a80c,45.59752051103957,-122.73812134227282,12,config_1
5495a814,45.60498041790117,-122.74771759589308,2,config_1
5495a81c,45.60083562319926,-122.76060600282807,10,config_1
5495a83,45.61409669044998,-122.76856489383306,11,config_1
5495a87,45.607463243277586,-122.7235845427332,2,config_1
5495a8c,45.627348331200444,-122.6944929205715,6,config_1
5495a94,45.65722786151651,-122.73288736852722,1,config_1
5495a9c,45.64062812192116,-122.78449776900946,17,config_1
5495ab,45.69372812853475,-122.81642402428908,2,config_1
5495bc,45.62652357665749,-122.36667527155068,15,config_1
5495f,45.54292692615821,-121.83018752066076,44,config_1
5497,46.22908782612636,-121.23921488820876,50,config_1
549f9,46.85342397028319,-117.19924561284783,35,config_1
549fd,47.228899221686476,-117.04194730992043,9,config_1
549ff,46.96230303125335,-116.77064563892745,16,config_1
53604,47.25695293663096,-116.25875004888053,15,config_1
5360c,47.46581540128125,-115.39271187573394,15,config_1
53614,48.013724234457705,-115.92148768826333,31,config_1
53619,47.98785192329248,-116.71797999756127,13,config_1
5361b,47.716230969846094,-116.44481423927182,4,config_1
5361c1,47.74954118582011,-116.82059389389994,5,config_1
5361c3,47.72194412908471,-116.93000223437058,1,config_1
5361c5,47.65450554551602,-116.8612857451306,8,config_1
5361c7,47.681978403796485,-116.75206986887983,48,config_1
5361cc,47.56706734547123,-116.7042277600736,1,config_1
5361dc,47.64670175834785,-117.05945147472666,8,config_1
5361f,47.87668118067037,-117.1578210265445,1,config_1
53624,48.33937164704846,-117.35782102077606,1,config_1
53639,48.75730624916351,-116.38087549790063,20,config_1
5363b,48.64592688075106,-116.8293512662635,2,config_1
5363d1,48.32320879265578,-116.57216052588832,17,config_1
5363d5,48.227188446331695,-116.61408363715809,14,config_1
5363d7,48.25470371694077,-116.50328372848998,22,config_1
5363dc,48.330094881321294,-116.3712123888307,8,config_1
5363f,48.480651589726136,-116.10590335219587,4,config_1
5365,49.16816510443443,-115.3898065910772,16,config_1
53661,48.61490964717826,-114.05829319556634,24,config_1
53663,48.33185315248976,-113.80519454261659,28,config_1
536644,48.329003522765255,-114.20022750268735,17,config_1
53664c,48.18834261462575,-114.07334956975846,4,config_1
536654,48.139169685715004,-114.29368946096697,48,config_1
53665c,48.2793706065498,-114.42143559895219,3,config_1
53667,48.51522327835127,-114.50368763983607,17,config_1
5366c,48.22276842793814,-115.03896457399081,46,config_1
53674,47.66730896553307,-114.52338040978613,18,config_1
5367c,47.86134359972227,-113.65128748447525,34,config_1
53684,48.04784377424642,-112.77697758216684,4,config_1
53689,48.427768743303226,-113.36270127581034,19,config_1
5368b,48.71264066901538,-113.6122184075984,49,config_1
5368d,48.80840711861771,-113.16553571395352,2,config_1
5368f,48.52174746870863,-112.9196648690491,6,config_1
53694,48.80360690151697,-112.37390554918998,1,config_1
5369c,48.22674871414353,-111.90100617582074,3,config_1
536b,48.7736824893287,-110.80828328460862,6,config_1
536f,49.57777376810437,-113.56950624422853,1,config_1
5324,47.89891501243172,-103.69082093498783,20,config_1
532c,45.51376838607385,-102.57617830581343,1,config_1
5334,45.127353618527074,-105.64946255030826,24,config_1
5339,46.731909080083284,-107.47311179203183,4,config_1
533a75,46.37682274032192,-105.87547666893698,35,config_1
533a77,46.39104783200269,-105.77498738143683,20,config_1
533ac,46.738263325953625,-105.26294056344487,1,config_1
533d,48.16710977983236,-106.52711343588204,3,config_1
533f,47.90221821882716,-108.22931941585718,5,config_1
86341,33.19770827767789,-93.90626879090993,1,config_1
86343,33.18704707213244,-94.23333545857355,3,config_1
86345,33.54544526439566,-94.23333545857355,23,config_1
86347,33.55616395172208,-93.90626879090993,24,config_1
86354,34.06252900916841,-94.72775278355441,10,config_1
8635c,33.348618938234175,-94.72775278355441,14,config_1
86364,32.629398506440324,-94.72775278355441,44,config_1
8636c,32.65239459447722,-94.0695453815523,16,config_1
86374,31.92784856604255,-94.0695453815523,3,config_1
8637c,31.905127482149442,-94.72775278355441,47,config_1
86384,31.17607867822554,-94.72775278355441,17,config_1
8638c,30.442537644415054,-94.72775278355441,10,config_1
86394,30.46465927910684,-94.0695453815523,48,config_1
8639c,31.198508269802126,-94.0695453815523,7,config_1
863b,30.858922248180154,-93.09770198132622,4,config_1
863ec,29.726599575060234,-94.0695453815523,44,config_1
863f1,29.525508409212723,-94.56244259389422,11,config_1
863f3,29.895415982648124,-94.56244259389422,1,config_1
863f5,29.883583976677322,-94.8935627223328,26,config_1
863f61,29.64791322575638,-95.01824599477534,9,config_1
863f624,29.577753224826413,-95.03905356873504,8,config_1
863f62c,29.531485930291222,-95.03905356873504,31,config_1
863f634,29.533052833964287,-94.99744613147865,35,config_1
863f74,29.424175483890433,-94.81059550583717,19,config_1
863f7c,29.418092142257347,-94.97665398592595,26,config_1
863f84,29.23271960704705,-94.97665398592595,11,config_1
863f9d,29.283654563203253,-94.85206358017719,46,config_1
863f9e1,29.320290530975942,-94.80023334814048,29,config_1
863f9e3,29.321031778200023,-94.77951487190384,17,config_1
863f9e5,29.29785301348154,-94.77951487190384,28,config_1
863f9e64,29.291502490214707,-94.79505299902378,11,config_1
863f9e6c,29.303092641865334,-94.79505299902378,45,config_1
863f9e74,29.302721283498204,-94.80541418378117,2,config_1
863f9e7c,29.29113122356444,-94.80541418378117,2,config_1
863f9ec,29.26270834631825,-94.78987313653973,5,config_1
863f9fc,29.310547911515194,-94.74845176846277,13,config_1
8661,27.570588562992125,-99.90181306343518,14,config_1
86644,26.522473966337596,-98.83627550306029,1,config_1
86654,25.813594468343734,-98.13385582671398,19,config_1
8665a4,26.278103261133083,-98.22129789306325,42,config_1
8665ac,26.267947586981595,-98.39649382124541,23,config_1
8667,27.664827355762355,-98.48424653420417,13,config_1
86681,28.274346959657226,-97.61142171393448,4,config_1
866844,28.009336592821512,-97.35165580142355,1,config_1
86684c,28.018462417257968,-97.17902604633225,3,config_1
866854,27.83201591145254,-97.17902604633225,10,config_1
86685b,27.871846173874072,-97.3084570618028,3,config_1
86685d,27.867238321594858,-97.39488196255758,4,config_1
86685e4,27.796149117447527,-97.41650530503672,20,config_1
86685e9,27.809543816321444,-97.38407285520739,30,config_1
86685ef,27.786229150140475,-97.38407285520739,28,config_1
86685f4,27.751828380956283,-97.37326545852945,4,config_1
86685fc,27.74951586583317,-97.41650530503672,4,config_1
86687,27.902046902642613,-97.61142171393448,17,config_1
86689,27.52898436210236,-97.61142171393448,4,config_1
8668d,27.173557984663677,-97.26528581122331,1,config_1
8668f4,27.636335355211692,-97.35165580142355,45,config_1
8668fc,27.64538033825934,-97.17902604633225,11,config_1
8669ac,27.840862811281234,-97.00683933476365,29,config_1
8669b4,28.027348450183613,-97.00683933476365,25,config_1
8669d,28.311091981760725,-96.92091345144947,8,config_1
8669f,28.328023737649694,-96.57833866136845,9,config_1
866b,27.80631194500799,-95.7299821027788,1,config_1
866f4,26.60243699059419,-97.43813547748366,5,config_1
866f9,26.02997022777748,-97.61142171393448,10,config_1
866fab,26.195281442356226,-97.13593766610796,2,config_1
866fac4,26.123703913056023,-97.15747839073565,43,config_1
866fadc,26.076687861178826,-97.15747839073565,23,config_1
866faf,26.09697434782094,-97.22214211701957,2,config_1
866fb4,25.958043723399193,-97.17902604633225,1,config_1
866fbc,25.949383305439152,-97.35165580142355,2,config_1
54c01,44.78535948854263,-123.16131394357724,41,config_1
54c03,44.652692322458776,-123.56430088676868,14,config_1
54c0404,44.580588822144165,-123.21697611922338,4,config_1
54c0409,44.57548268623377,-123.26412881710226,17,config_1
54c040a4,44.572920263293675,-123.2877047217222,1,config_1
54c040ac,44.5687993036135,-123.30025612611803,1,config_1
54c040b4,44.56157174849802,-123.29076142180666,9,config_1
54c040bc,44.56569061311569,-123.27821181910917,49,config_1
54c040d,44.5527886918477,-123.27025280651098,19,config_1
54c040f,44.56101736251764,-123.2451555474415,20,config_1
54c0414,44.53521300396549,-123.22926641002796,26,config_1
54c047,44.524974931464904,-123.32347173379529,12,config_1
54c04c,44.44665935280053,-123.43575796387397,5,config_1
54c054,44.3316017155305,-123.28422109042361,9,config_1
54c05c,44.3969513015164,-123.08432313881148,5,config_1
54c07,44.55250127717842,-122.85873960891334,37,config_1
54c09,44.319811141654064,-122.55980800458357,8,config_1
54c0b,44.08732541386454,-122.26447724367158,5,config_1
54c0d,43.9610091899147,-122.66182272622748,27,config_1
54c0e04,44.034365810604875,-123.00236508428746,24,config_1
54c0e0c,44.05045509335438,-122.9527442019384,1,config_1
54c0e14,44.079175812977155,-122.99002619591724,3,config_1
54c0e19,44.07426073131558,-123.0366004978038,14,config_1
54c0e1b,44.059911981696494,-123.01793480474825,5,config_1
54c0e1d,44.05184960436576,-123.04274945964467,11,config_1
54c0e1f,44.06619013937559,-123.06142232681525,42,config_1
54c0e24,44.091744359106464,-123.07704223696287,48,config_1
54c0e2c,44.120437698967734,-123.11446429564242,2,config_1
54c0e34,44.13662561181379,-123.06475719553863,2,config_1
54c0e3c,44.107899342388684,-123.02736383444964,8,config_1
54c0ec,44.165890674987395,-122.78487478452585,2,config_1
54c0fc,44.21657986499223,-123.13358548269316,11,config_1
54c104,44.15141099179493,-123.3325920901741,7,config_1
54c10c,44.085895544765485,-123.53116421653026,22,config_1
54c114,43.9719709688925,-123.38052020826761,6,config_1
54c11b,44.04931982233878,-123.26946117113417,1,config_1
54c11c4,44.0593692680978,-123.17631943730957,15,config_1
54c11cc,44.087996700540586,-123.21379850766172,1,config_1
54c11d4,44.10422804620399,-123.16414475955719,15,config_1
54c11d9,44.08678077540943,-123.12363930147055,11,config_1
54c11db,44.07868288224894,-123.14846217298775,8,config_1
54c11dd,44.06435745448427,-123.12974721059294,23,config_1
54c11df,44.072447115802696,-123.1049314708337,17,config_1
54c11e04,44.063717334200355,-123.08470609319905,6,config_1
54c11e0c,44.05967694277474,-123.097112943242,11,config_1
54c11e14,44.05251164181351,-123.08776856365905,43,config_1
54c11e1c,44.05654997800234,-123.07536350052213,18,config_1
54c11e24,44.049382791506055,-123.06602438201757,13,config_1
54c11e2c,44.04221577580017,-123.05668873647572,5,config_1
54c11e34,44.03818154761164,-123.06909022383857,34,config_1
54c11e39,44.04254609955973,-123.07919342279418,18,config_1
54c11e3a4,44.04316414196613,-123.07337547774195,5,config_1
54c11e3ac,44.04417310450826,-123.0702749296464,7,config_1
54c11e3b4,44.04596454824734,-123.07260933749302,14,config_1
54c11e3bc,44.044955457339135,-123.07570999731064,36,config_1
54c11e3d,44.048147102660366,-123.07766178279095,19,config_1
54c11e3f,44.0461283664255,-123.08386323098546,10,config_1
54c11e5,44.0357085866693,-123.0923589827379,32,config_1
54c11e64,44.04443090727834,-123.11257372621495,13,config_1
54c11e6c,44.04847195132882,-123.10017197263771,25,config_1
54c11e74,44.05563519680172,-123.10951813713629,17,config_1
54c11e7c,44.051592097012104,-123.1219216736389,11,config_1
54c11ec,44.03074441732155,-123.13889596314753,35,config_1
54c11f4,44.00212221798227,-123.10152800827267,4,config_1
54c11fc,44.018254836662265,-123.0519597129871,12,config_1
54c13,43.83329937627308,-123.05754249073107,30,config_1
54c15,43.70421932766813,-123.45159560053577,1,config_1
54c17,43.93041073831826,-123.7524358267999,6,config_1
54c19,44.15672550892216,-124.05681138567812,25,config_1
54c1b,44.29004488927913,-123.65923829337514,7,config_1
54c1c4,44.42785263974292,-123.98845919831362,9,config_1
54c1d1,44.56405410506756,-123.95392441536728,1,config_1
54c1d3,44.59773131027361,-123.85369417775613,1,config_1
54c1d5,44.65509119707853,-123.93076661624858,2,config_1
54c1d64,44.64405475424302,-124.02535698928652,28,config_1
54c1d6c,44.615424667173606,-123.98672250768855,2,config_1
54c1d74,44.59851323571121,-124.03684943437378,3,config_1
54c1d79,44.61572252214316,-124.07837260651121,1,config_1
54c1d7a4,44.618503429360466,-124.05473994345847,21,config_1
54c1d7ac,44.62273797122472,-124.0422057961729,10,config_1
54c1d7b4,44.629890238410965,-124.05187224502183,26,config_1
54c1d7bc,44.62565356787568,-124.0644080921753,12,config_1
54c1d7d,44.63849899375138,-124.07264804040794,21,config_1
54c1dc,44.54188417145705,-124.14269449172951,1,config_1
54c1f,44.38312736701289,-124.36475954433166,3,config_1
54c34,43.35137398655756,-124.96993263279091,5,config_1
54c39,43.44204429105919,-124.23454418453811,40,config_1
54c3c4,43.70863017251603,-124.1686536361103,14,config_1
54c3d4,43.88730059527768,-124.12422402492338,39,config_1
54c3f,43.573792872511746,-123.84394233243346,1,config_1
54c41,43.34984751231448,-123.54486997172863,43,config_1
54c43,43.12606937316566,-123.24923638179864,35,config_1
54c45,42.99848276189875,-123.6364814143673,6,config_1
54c4c,42.913984194702664,-124.36368010680411,47,config_1
54c54,42.47707309510937,-123.77087957325718,42,config_1
54c5c,42.72868374472665,-123.00468327354528,13,config_1
54c64,42.975151608048876,-122.23229258051376,22,config_1
54c6c,43.42839456053729,-122.81140340544489,5,config_1
54c74,43.67761487617859,-122.02555889920335,40,config_1
54c7c,43.21630285665217,-121.45402043566317,22,config_1
54c84,42.75636639199503,-120.89610534115343,5,config_1
54c8c,42.523069032081985,-121.6666807212986,47,config_1
54c94,42.072399586916205,-121.11426101152512,7,config_1
54c9c,42.298057035894395,-120.3514868582675,20,config_1
54cb,41.507503734430315,-119.93476272635633,3,config_1
54cec,41.84157525455871,-121.8720630899273,15,config_1
54cf1,42.11372148756606,-122.48064842022644,22,config_1
54cf3,42.2332965948329,-122.10036360734084,4,config_1
54cf5,42.456073968218995,-122.38260537678957,1,config_1
54cf64,42.42041017377087,-122.7406863063511,4,config_1
54cf6c,42.30968537881724,-122.59808262572841,2,config_1
54cf71,42.29166705395001,-122.7766043669235,1,config_1
54cf73,42.23650731758462,-122.70534436657589,50,config_1
54cf75,42.20607034072142,-122.80041992788026,1,config_1
54cf79,42.31615946725227,-122.94335903958773,15,config_1
54cf7b,42.34684386440482,-122.84806869277996,31,config_1
54cf7d,42.40203725949187,-122.91973789192978,25,config_1
54cfc,42.040905903328465,-123.19126782252341,27,config_1
54d4,40.78778037496809,-124.19441089783537,12,config_1
54dc,42.45113689813503,-126.57303097851934,28,config_1
54ea79,44.6785061912281,-124.10851708652727,41,config_1
54ea7d,44.769823997213,-124.0855984036182,6,config_1
54ea7f,44.71245562347281,-124.00806782120071,4,config_1
54ea84,44.79200082601639,-123.89582604627594,8,config_1
54ea8c,44.907155201723384,-124.05101780914912,38,config_1
54ea94,44.975207354377915,-123.84885389304235,13,config_1
54eab,45.01834862111124,-123.46757285523105,8,config_1
54ead,45.2514306997266,-123.77755811370257,22,config_1
54eaf,45.11439290904406,-124.18419078759804,11,config_1
54eb24,45.39174013900307,-124.11469781515643,2,config_1
54eb2c,45.46072810555688,-123.91021360884784,35,config_1
54eb34,45.577582386659536,-124.06781249679507,18,config_1
80c4,35.432923546436584,-117.17353159273283,46,config_1
80c84,36.84791623950343,-115.28375849518459,4,config_1
80c884,36.37898828441461,-115.5681083893613,1,config_1
80c88c,36.42211750970797,-115.3785719022423,3,config_1
80c891,36.289689082837356,-115.42596745141297,1,config_1
80c8924,36.32608478325768,-115.35487132197885,1,config_1
80c892c,36.336795327529984,-115.30746460704879,2,config_1
80c8931,36.3036709619339,-115.31931697651964,44,config_1
80c8933,36.30901945597859,-115.29561177946167,27,config_1
80c8935,36.28871266574981,-115.29561177946167,35,config_1
80c8937,36.283365360191326,-115.31931697651964,31,config_1
80c893c,36.28548759376934,-115.35487132197885,11,config_1
80c895,36.22990449903161,-115.33116888644844,43,config_1
80c897,36.20846734777577,-115.42596745141297,1,config_1
80c89c,36.21676905280592,-115.5681083893613,11,config_1
80c8a4,36.05421796451002,-115.5681083893613,12,config_1
80c8ac,35.89133771339766,-115.5681083893613,1,config_1
80c8b4,35.93423340049402,-115.3785719022423,4,config_1
80c8b9,36.067173224924375,-115.33116888644844,48,config_1
80c8bb,36.045774953068936,-115.42596745141297,3,config_1
80c8bd,36.12716252575425,-115.42596745141297,22,config_1
80c8be4,36.163570969637625,-115.35487132197885,33,config_1
80c8bec,36.12289054919738,-115.35487132197885,10,config_1
80c8bf1,36.14108029433042,-115.31931697651964,6,config_1
80c8bf3,36.12073308298503,-115.31931697651964,20,config_1
80c8bf44,36.1298243336019,-115.30153825043062,30,config_1
80c8bf4c,36.11964897780618,-115.30153825043062,15,config_1
80c8bf54,36.12231642502655,-115.28968519432021,17,config_1
80c8bf5c,36.132492084083694,-115.28968519432021,30,config_1
80c8bf64,36.142666447485546,-115.28968519432021,2,config_1
80c8bf6c,36.139998394117434,-115.30153825043062,26,config_1
80c8bf74,36.15017115869292,-115.30153825043062,19,config_1
80c8bf7c,36.1528395145723,-115.28968519432021,5,config_1
80c8bfc,36.17426237308871,-115.30746460704879,26,config_1
80c8c01,36.19243680927147,-115.2719047556442,7,config_1
80c8c03,36.19776814389676,-115.24819591648244,18,config_1
80c8c05,36.177427689584,-115.24819591648244,27,config_1
80c8c07,36.17209755775709,-115.2719047556442,9,config_1
80c8c09,36.151753112148,-115.2719047556442,32,config_1
80c8c0b,36.131403477711636,-115.2719047556442,26,config_1
80c8c0d,36.13673119495518,-115.24819591648244,18,config_1
80c8c0e4,36.1533261900701,-115.24226842438286,7,config_1
80c8c0f4,36.16083709899058,-115.25412329583688,9,config_1
80c8c0fc,36.16350046490726,-115.24226842438286,42,config_1
80c8c104,36.16616258247251,-115.23041310266237,28,config_1
80c8c10c,36.16882345134311,-115.21855733210408,8,config_1
80c8c114,36.15864857400642,-115.21855733210408,15,config_1
80c8c11c,36.15598800627102,-115.23041310266237,17,config_1
80c8c13,36.14205392177462,-115.22448527339863,44,config_1
80c8c15,36.1473716554225,-115.20077283782196,29,config_1
80c8c17,36.16772491072357,-115.20077283782196,26,config_1
80c8c19,36.18807296821603,-115.20077283782196,6,config_1
80c8c1b,36.18275282731858,-115.22448527339863,34,config_1
80c8c1d,36.20309448259938,-115.22448527339863,14,config_1
80c8c1f,36.20841582263584,-115.20077283782196,12,config_1
80c8c21,36.2137321612712,-115.17705862118852,6,config_1
80c8c23,36.19338810954008,-115.17705862118852,15,config_1
80c8c25,36.19869824856315,-115.15334263494128,31,config_1
80c8c27,36.219043495779204,-115.15334263494128,6,config_1
80c8c2c,36.216828242367036,-115.11776536259309,38,config_1
80c8c304,36.18741454126879,-115.13555449083438,14,config_1
80c8c309,36.17911907295877,-115.13851924999209,2,config_1
80c8c30a4,36.17497107709507,-115.14000161931254,1,config_1
80c8c30a9,36.17289701376188,-115.14074280140693,3,config_1
80c8c30ab,36.17162476547365,-115.14074280140693,5,config_1
80c8c30ac64,36.17193214986713,-115.13972367558608,3,config_1
80c8c30ac78f4,36.17191126669736,-115.13997266685224,50,config_1
80c8c30ac78fc,36.17191385608319,-115.13996108586741,1,config_1
80c8c30acc,36.17155528224791,-115.1396310276238,22,config_1
80c8c30ad4,36.171720997487654,-115.13888984296355,1,config_1
80c8c30adc,36.172357129641064,-115.13888984296355,1,config_1
80c8c30b4,36.173089464924004,-115.13703687383178,1,config_1
80c8c30bc,36.17563394426891,-115.13703687383178,7,config_1
80c8c30d,36.1753558548569,-115.13258970433961,20,config_1
80c8c30f,36.18044470708662,-115.13258970433961,16,config_1
80c8c314,36.17988813011143,-115.1236951810567,16,config_1
80c8c31c,36.19006540829052,-115.1236951810567,6,config_1
80c8c33,36.188950661118966,-115.10590539941185,19,config_1
80c8c35,36.16859260365042,-115.10590539941185,11,config_1
80c8c364,36.15952966976442,-115.1236951810567,8,config_1
80c8c36c,36.16970955038311,-115.1236951810567,3,config_1
80c8c371,36.165177174651106,-115.13258970433961,5,config_1
80c8c373,36.170266677350945,-115.13258970433961,5,config_1
80c8c375,36.16894119307257,-115.13851924999209,39,config_1
80c8c377,36.1638517653674,-115.13851924999209,13,config_1
80c8c37c,36.1568797017764,-115.13555449083438,13,config_1
80c8c384,36.154228483053195,-115.14741336321894,47,config_1
80c8c3884,36.14875334167768,-115.1548249357093,43,config_1
80c8c388c,36.1512983584336,-115.1548249357093,4,config_1
80c8c3894,36.150635172413224,-115.1577895166306,3,config_1
80c8c389c,36.148090174460165,-115.1577895166306,31,config_1
80c8c38b,36.14836777216799,-115.16223633643396,3,config_1
80c8c38d,36.15345754928257,-115.16223633643396,5,config_1
80c8c38f,36.15478413397818,-115.15630722960665,6,config_1
80c8c394,36.16175499371383,-115.15927179677834,24,config_1
80c8c399,36.16628928635585,-115.1503780128046,11,config_1
80c8c39b,36.16120000872579,-115.1503780128046,14,config_1
80c8c39d,36.162526043378165,-115.14444868620676,18,config_1
80c8c39f,36.16761539606008,-115.14444868620676,37,config_1
80c8c3a04,36.171763689859574,-115.14296633742266,21,config_1
80c8c3a0c,36.17430813173141,-115.14296633742266,8,config_1
80c8c3a14,36.17364510818323,-115.14593102813977,2,config_1
80c8c3a1c,36.171100685053304,-115.14593102813977,24,config_1
80c8c3a3,36.171378238931915,-115.1503780128046,10,config_1
80c8c3a5,36.17646686637162,-115.1503780128046,23,config_1
80c8c3a7,36.17779312603964,-115.14444868620676,9,config_1
80c8c3ac,36.184762422825955,-115.14741336321894,35,config_1
80c8c3b4,36.18210905330095,-115.15927179677834,28,config_1
80c8c3bc,36.171932673722495,-115.15927179677834,22,config_1
80c8c3d,36.1730388517487,-115.17705862118852,37,config_1
80c8c3f,36.15268439315995,-115.17705862118852,49,config_1
80c8c404,36.136087649426486,-115.18298734169528,10,config_1
80c8c40c,36.13874231697798,-115.17112979008085,34,config_1
80c8c411,36.130442988527655,-115.17409421944862,7,config_1
80c8c413,36.13176989687615,-115.1681653331076,6,config_1
80c8c4144,36.127619993582094,-115.16964756504352,22,config_1
80c8c414c,36.1282833413873,-115.16668309427587,16,config_1
80c8c4154,36.125737750838006,-115.16668309427587,24,config_1
80c8c4159,36.12460385468265,-115.1689064499377,16,config_1
80c8c415b,36.125876663153676,-115.1689064499377,20,config_1
80c8c415d,36.12554497680513,-115.17038867842467,9,config_1
80c8c415f,36.12427217305125,-115.17038867842467,23,config_1
80c8c417,36.12535206391955,-115.17409421944862,30,config_1
80c8c41c,36.12590667528208,-115.18298734169528,22,config_1
80c8c421,36.11760636349675,-115.18595166041743,24,config_1
80c8c423,36.11893374536306,-115.18002299527818,19,config_1
80c8c425,36.11384224782728,-115.18002299527818,12,config_1
80c8c427,36.11251494155828,-115.18595166041743,3,config_1
80c8c429,36.10742319558925,-115.18595166041743,4,config_1
80c8c42b,36.102331125672436,-115.18595166041743,3,config_1
80c8c42d,36.10365828060659,-115.18002299527818,31,config_1
80c8c42f,36.10875042621419,-115.18002299527818,20,config_1
80c8c4301,36.11148927564831,-115.17631752334488,8,config_1
80c8c4303,36.11021628817507,-115.17631752334488,7,config_1
80c8c4305,36.110548000646574,-115.17483532247458,13,config_1
80c8c4307,36.111820992846056,-115.17483532247458,41,config_1
80c8c43084,36.11238801371062,-115.17372366728809,15,config_1
80c8c4308c,36.11175152090226,-115.17372366728809,15,config_1
80c8c43094,36.11191736427607,-115.17298256167214,42,config_1
80c8c4309c,36.112553858265734,-115.17298256167214,45,config_1
80c8c430a4,36.11271969794252,-115.17224145432999,46,config_1
80c8c430ac,36.112885532740876,-115.17150034526195,12,config_1
80c8c430b4,36.11224903638878,-115.17150034526195,14,config_1
80c8c430bc,36.11208320277161,-115.17224145432999,42,config_1
80c8c430d,36.111211367053116,-115.17187090001168,33,config_1
80c8c430e4,36.110644361105855,-115.17298256167214,12,config_1
80c8c430ec,36.111280865222724,-115.17298256167214,20,config_1
80c8c430f4,36.11111502303031,-115.17372366728809,10,config_1
80c8c430fc,36.110478520094915,-115.17372366728809,12,config_1
80c8c4311,36.109606676427276,-115.1733531146959,32,config_1
80c8c4313,36.10993834514819,-115.17187090001168,13,config_1
80c8c4315,36.10866530299022,-115.17187090001168,5,config_1
80c8c4317,36.108333638996115,-115.1733531146959,20,config_1
80c8c431c,36.108472624122115,-115.17557642377344,40,config_1
80c8c4324,36.1059265229424,-115.17557642377344,32,config_1
80c8c432c,36.10338034077081,-115.17557642377344,22,config_1
80c8c4331,36.1045144052018,-115.1733531146959,19,config_1
80c8c4333,36.103241286774384,-115.1733531146959,24,config_1
80c8c4335,36.103572931853975,-115.17187090001168,6,config_1
80c8c4337,36.1048460550111,-115.17187090001168,3,config_1
80c8c4339,36.10611915792039,-115.17187090001168,6,config_1
80c8c433b,36.10578750338208,-115.1733531146959,12,config_1
80c8c433d,36.10706058131396,-115.1733531146959,31,config_1
80c8c433f,36.10739224058052,-115.17187090001168,4,config_1
80c8c435,36.1063116540684,-115.1681653331076,11,config_1
80c8c437,36.11140395097143,-115.1681653331076,34,config_1
80c8c439,36.11649592378649,-115.1681653331076,20,config_1
80c8c43a1,36.113757350098744,-115.17187090001168,16,config_1
80c8c43a3,36.115030311236836,-115.17187090001168,12,config_1
80c8c43a44,36.11446330985098,-115.17298256167214,34,config_1
80c8c43a4c,36.11509978358428,-115.17298256167214,23,config_1
80c8c43a54,36.11493393430488,-115.17372366728809,16,config_1
80c8c43a5c,36.114297461752514,-115.17372366728809,4,config_1
80c8c43a64,36.11366098413591,-115.17372366728809,7,config_1
80c8c43a6c,36.113826831053345,-115.17298256167214,37,config_1
80c8c43a74,36.11319034719154,-115.17298256167214,34,config_1
80c8c43a7c,36.11302450145522,-115.17372366728809,26,config_1
80c8c43a9,36.11309396479138,-115.17483532247458,35,config_1
80c8c43ab,36.11276224286813,-115.17631752334488,38,config_1
80c8c43ad,36.11403518983323,-115.17631752334488,7,config_1
80c8c43af,36.114366916481266,-115.17483532247458,6,config_1
80c8c43b4,36.11611044160657,-115.17557642377344,36,config_1
80c8c43b9,36.11724447567074,-115.1733531146959,42,config_1
80c8c43bb,36.11597155977276,-115.1733531146959,36,config_1
80c8c43bd,36.11630325211673,-115.17187090001168,21,config_1
80c8c43bf,36.11757617273713,-115.17187090001168,6,config_1
80c8c43c4,36.119319666043495,-115.1726120082168,43,config_1
80c8c43cc,36.11865621871533,-115.17557642377344,13,config_1
80c8c43d4,36.12120191478048,-115.17557642377344,20,config_1
80c8c43dc,36.121865380991366,-115.1726120082168,47,config_1
80c8c43e1,36.12299934902939,-115.17038867842467,48,config_1
80c8c43e3,36.12333102594292,-115.1689064499377,14,config_1
80c8c43e5,36.12205817693576,-115.1689064499377,25,config_1
80c8c43e7,36.12172650474085,-115.17038867842467,49,config_1
80c8c43ec,36.11998303530829,-115.16964756504352,26,config_1
80c8c43f4,36.12064632650436,-115.16668309427587,5,config_1
80c8c43fc,36.123192079206916,-115.16668309427587,9,config_1
80c8c444,36.12103128256712,-115.15927179677834,18,config_1
80c8c44c,36.11084711030547,-115.15927179677834,33,config_1
80c8c454,36.113498373657094,-115.14741336321894,10,config_1
80c8c45c,36.12368284792083,-115.14741336321894,10,config_1
80c8c464,36.13386602468232,-115.14741336321894,40,config_1
80c8c469,36.12933162561906,-115.15630722960665,17,config_1
80c8c46b,36.12800541740226,-115.16223633643396,22,config_1
80c8c46d,36.13309649287464,-115.16223633643396,41,config_1
80c8c46f,36.13442277648058,-115.15630722960665,20,config_1
80c8c471,36.139513602829844,-115.15630722960665,7,config_1
80c8c473,36.13818724388147,-115.16223633643396,39,config_1
80c8c475,36.143277670340105,-115.16223633643396,13,config_1
80c8c4764,36.1455450953252,-115.1577895166306,10,config_1
80c8c476c,36.14299993501861,-115.1577895166306,9,config_1
80c8c4774,36.14366306461291,-115.1548249357093,7,config_1
80c8c477c,36.14620824373401,-115.1548249357093,31,config_1
80c8c47c,36.144047903280054,-115.14741336321894,24,config_1
80c8c49,36.142932808823495,-115.12962489053015,33,config_1
80c8c4b,36.14822934170297,-115.10590539941185,20,config_1
80c8c4d,36.12786088055644,-115.10590539941185,6,config_1
80c8c4e4,36.11879715158407,-115.1236951810567,18,config_1
80c8c4ec,36.128982229163555,-115.1236951810567,15,config_1
80c8c4f4,36.12633316356612,-115.13555449083438,25,config_1
80c8c4fc,36.1161483875298,-115.13555449083438,5,config_1
80c8c51,36.102193103132244,-115.12962489053015,19,config_1
80c8c53,36.10748722550076,-115.10590539941185,13,config_1
80c8c55,36.08710838183607,-115.10590539941185,2,config_1
80c8c57,36.08181546920103,-115.12962489053015,23,config_1
80c8c59,36.07651755983104,-115.15334263494128,49,config_1
80c8c5b,36.09689398218989,-115.15334263494128,38,config_1
80c8c5c1,36.08593922723349,-115.1681653331076,5,config_1
80c8c5c3,36.08461299958528,-115.17409421944862,12,config_1
80c8c5c5,36.089706516191335,-115.17409421944862,34,config_1
80c8c5c7,36.09103281965984,-115.1681653331076,1,config_1
80c8c5c9,36.09612608832972,-115.1681653331076,10,config_1
80c8c5cb,36.101219033160206,-115.1681653331076,41,config_1
80c8c5cc4,36.098951029549575,-115.1726120082168,16,config_1
80c8c5cc9,36.10102662480134,-115.17187090001168,32,config_1
80c8c5ccb,36.10229978845029,-115.17187090001168,15,config_1
80c8c5ccc4,36.10173277189022,-115.17298256167214,30,config_1
80c8c5cccc,36.10236934687944,-115.17298256167214,6,config_1
80c8c5ccd4,36.10220352123609,-115.17372366728809,15,config_1
80c8c5ccdc,36.10156694742963,-115.17372366728809,30,config_1
80c8c5cce4,36.10093036856216,-115.17372366728809,11,config_1
80c8c5cce9,36.10121388189082,-115.17316783823797,37,config_1
80c8c5cceb,36.10129679245823,-115.17279728499841,4,config_1
80c8c5cced,36.100978501019966,-115.17279728499841,3,config_1
80c8c5ccef,36.10089559074828,-115.17316783823797,9,config_1
80c8c5ccf4,36.10045960672864,-115.17298256167214,13,config_1
80c8c5ccfc,36.10029378463385,-115.17372366728809,14,config_1
80c8c5cd1,36.10036333405644,-115.17483532247458,20,config_1
80c8c5cd3,36.10163648824257,-115.17483532247458,32,config_1
80c8c5cd5,36.10130480887519,-115.17631752334488,3,config_1
80c8c5cd7,36.10003165942115,-115.17631752334488,2,config_1
80c8c5cdc,36.098287733493464,-115.17557642377344,22,config_1
80c8c5ce4,36.09574130840843,-115.17557642377344,43,config_1
80c8c5cec,36.096404585529235,-115.1726120082168,32,config_1
80c8c5cf4,36.093858060552634,-115.1726120082168,5,config_1
80c8c5cfc,36.09319480237297,-115.17557642377344,14,config_1
80c8c5d4,36.095355973238604,-115.18298734169528,30,config_1
80c8c5dc,36.08516981489515,-115.18298734169528,8,config_1
80c8c5e4,36.07498236215936,-115.18298734169528,1,config_1
80c8c5ec,36.077635213820464,-115.17112979008085,34,config_1
80c8c5f4,36.067446163399225,-115.17112979008085,17,config_1
80c8c5fc,36.06479361569548,-115.18298734169528,5,config_1
80c8c64,36.07343828279969,-115.21262927895731,27,config_1
80c8c69,36.10664957250137,-115.20077283782196,43,config_1
80c8c6b,36.12701320758699,-115.20077283782196,24,config_1
80c8c6d,36.12169668205193,-115.22448527339863,23,config_1
80c8c6e4,36.105095665642715,-115.23041310266237,26,config_1
80c8c6ec,36.1077547220892,-115.21855733210408,14,config_1
80c8c6f4,36.09757206328352,-115.21855733210408,23,config_1
80c8c6fc,36.094913310217905,-115.23041310266237,31,config_1
80c8c71,36.09601395414801,-115.24819591648244,20,config_1
80c8c73,36.11637516518187,-115.24819591648244,17,config_1
80c8c75,36.11104865972556,-115.2719047556442,9,config_1
80c8c77,36.09068866347751,-115.2719047556442,9,config_1
80c8c7c,36.06280132571474,-115.26005056226762,46,config_1
80c8c9,36.00698255541094,-115.23634081971663,42,config_1
80c8cb,35.92539077607315,-115.23634081971663,3,config_1
80c8cd,35.946590459166416,-115.14148398179033,33,config_1
80c8ce4,36.01309794190777,-115.11776536259309,38,config_1
80c8cec,36.00251065195177,-115.16520084855117,34,config_1
80c8cf4,36.04329330538313,-115.16520084855117,30,config_1
80c8cf9,36.06143265495794,-115.12962489053015,22,config_1
80c8cfb,36.04104466572452,-115.12962489053015,18,config_1
80c8cfd,36.04633514993096,-115.10590539941185,18,config_1
80c8cff,36.066724354872655,-115.10590539941185,14,config_1
80c8d01,36.07201105718284,-115.08218417304988,27,config_1
80c8d03,36.05162063837548,-115.08218417304988,12,config_1
80c8d05,36.05690112835448,-115.05846122291463,19,config_1
80c8d07,36.07729275918624,-115.05846122291463,6,config_1
80c8d09,36.082569458189184,-115.03473656048314,11,config_1
80c8d0b,36.0878411515067,-115.01101019723924,25,config_1
80c8d0d,36.06744710214479,-115.01101019723924,1,config_1
80c8d0f,36.062176617173016,-115.03473656048314,21,config_1
80c8d14,36.03421260055374,-115.02287359074474,34,config_1
80c8d19,36.01610233617497,-115.05846122291463,18,config_1
80c8d1b,36.036504318904534,-115.05846122291463,17,config_1
80c8d1d,36.03122504393392,-115.08218417304988,22,config_1
80c8d1e4,36.01460458375439,-115.08811464169231,27,config_1
80c8d1ec,36.017245013652435,-115.0762535966716,25,config_1
80c8d1f4,36.007043187107506,-115.0762535966716,18,config_1
80c8d1fc,36.004403062311965,-115.08811464169231,29,config_1
80c8d3,35.967710408691985,-115.0465991050183,14,config_1
80c8d5,35.98875045124652,-114.95168692349858,8,config_1
80c8d7,36.070400926759895,-114.95168692349858,22,config_1
80c8da4,36.11578636891206,-115.02287359074474,9,config_1
80c8dac,36.105229352199395,-115.07032291273677,35,config_1
80c8db4,36.14598027434892,-115.07032291273677,23,config_1
80c8dbc,36.156542096049364,-115.02287359074474,7,config_1
80c8dc4,36.1972769952784,-115.02287359074474,6,config_1
80c8dcc,36.186710392401814,-115.07032291273677,12,config_1
80c8dd4,36.227419664133315,-115.07032291273677,22,config_1
80c8ddc,36.2379910243926,-115.02287359074474,14,config_1
80c8df,36.23345244958083,-114.95168692349858,2,config_1
80c8e73,36.29149532658226,-115.01101019723924,7,config_1
80c8e75,36.2711534142662,-115.01101019723924,46,config_1
80c8e7c,36.26810804748147,-115.07032291273677,3,config_1
80c8e84,36.25751187756457,-115.11776536259309,27,config_1
80c8e8c,36.2981746062767,-115.11776536259309,3,config_1
80c8e94,36.2875536429502,-115.16520084855117,16,config_1
80c8e9c,36.246895653115466,-115.16520084855117,34,config_1
80c8ea4,36.23625939579041,-115.21262927895731,22,config_1
80c8eac,36.22560312738381,-115.26005056226762,33,config_1
80c8eb4,36.26625159580664,-115.26005056226762,47,config_1
80c8ebc,36.276912632202475,-115.21262927895731,20,config_1
80c8ed,36.33252171802768,-115.23634081971663,39,config_1
80c8ef,36.35381790489505,-115.14148398179033,2,config_1
80c91,36.48930380402425,-114.71429184441094,15,config_1
80c924,36.224202558830996,-114.80926906488743,1,config_1
80c929,36.09138022036734,-114.85674817305113,1,config_1
80c92b,36.00971041564109,-114.85674817305113,19,config_1
80c92c4,36.04580658848869,-114.78552711795506,7,config_1
80c92cc,36.004943694640865,-114.78552711795506,6,config_1
80c92d1,36.02297717135003,-114.74991123898384,31,config_1
80c92d3,36.00253872815009,-114.74991123898384,10,config_1
80c92d5,36.00774178032816,-114.72616536414777,1,config_1
80c92d7,36.02818142761983,-114.72616536414777,28,config_1
80c92dc,36.056228759588706,-114.73803849615418,1,config_1
80c934,36.102628128582666,-114.61928990191176,1,config_1
80c93c,36.26589589023287,-114.61928990191176,1,config_1
80c97,36.57226103939219,-114.33414316655818,9,config_1
80c9c,37.01727952299506,-114.52426397902158,3,config_1
80cb,36.9367763776853,-113.38235448459531,10,config_1
80ce4,35.05379562943539,-114.52426397902158,25,config_1
80cec,35.713594071372796,-114.52426397902158,13,config_1
80cf4,35.546632644165236,-115.28375849518459,23,config_1
80cfc,34.88818150017172,-115.28375849518459,2,config_1
8094,37.20172848568333,-120.15893030899788,3,config_1
80984,39.05434876601501,-119.04599270243568,1,config_1
80989,39.56239755135253,-118.8596803520908,13,config_1
8098b,39.86565845835353,-118.8596803520908,1,config_1
8098d,39.76394043760573,-119.23207840138082,15,config_1
8098f,39.46088220542153,-119.23207840138082,31,config_1
809904,39.30798828257803,-119.51077084299,3,config_1
809909,39.23128150810012,-119.64991620525349,4,config_1
80990b,39.205387862707326,-119.74260395507105,38,config_1
80990d,39.28134719550135,-119.74260395507105,4,config_1
80990f,39.30725479850295,-119.64991620525349,43,config_1
809913,39.35721778363886,-119.74260395507105,5,config_1
8099144,39.420552341081795,-119.71943774820171,11,config_1
809914c,39.40756763443569,-119.7657663254125,16,config_1
8099154,39.445434473612,-119.7657663254125,46,config_1
809915c,39.45842255871876,-119.71943774820171,8,config_1
809924,39.61124907051809,-119.51077084299,1,config_1
809934,39.71053121880375,-119.69626771448172,21,config_1
8099384,39.5966785704289,-119.7657663254125,26,config_1
8099389,39.56509487332068,-119.77734606886416,10,config_1
809938b,39.54620094825104,-119.77734606886416,26,config_1
809938d,39.55270431078758,-119.75418562041214,28,config_1
809938f,39.57159906049878,-119.75418562041214,7,config_1
8099394,39.571899162289945,-119.71943774820171,39,config_1
809939c,39.60967992305,-119.71943774820171,28,config_1
80993b,39.61025631481741,-119.64991620525349,47,config_1
80993d,39.53464012366414,-119.64991620525349,2,config_1
80993e4,39.49627045299958,-119.71943774820171,2,config_1
80993e9,39.527887230574386,-119.70785320909282,28,config_1
80993eb,39.5467948236381,-119.70785320909282,11,config_1
80993ed,39.54030176487783,-119.7310213305978,10,config_1
80993ef,39.521394999452006,-119.7310213305978,20,config_1
80993f1,39.51489802992213,-119.75418562041214,29,config_1
80993f3,39.53380396613377,-119.75418562041214,32,config_1
80993f5,39.52730143131304,-119.77734606886416,27,config_1
80993f7,39.50839632589351,-119.77734606886416,25,config_1
80993f9,39.489485635388014,-119.77734606886416,10,config_1
80993fb,39.49598650554628,-119.75418562041214,16,config_1
80993fd,39.47706939640858,-119.75418562041214,17,config_1
80993ff,39.470569363200944,-119.77734606886416,22,config_1
8099404,39.47026865452201,-119.81207951785828,35,config_1
8099409,39.50188989128168,-119.80050266629326,43,config_1
809940a4,39.51769582775035,-119.79471387849728,8,config_1
809940ac,39.527146672116686,-119.79471387849728,10,config_1
809940b4,39.52389175235335,-119.80629121279715,19,config_1
809940bc,39.51444111589246,-119.80629121279715,20,config_1
809940c4,39.51118522231812,-119.81786758132606,12,config_1
809940cc,39.52063565067601,-119.81786758132606,34,config_1
809940d4,39.51737836757558,-119.82944298287916,4,config_1
809940dc,39.50792814751833,-119.82944298287916,1,config_1
809940f,39.49537873000911,-119.82365540304987,10,config_1
8099414,39.49505492380736,-119.85837724834269,24,config_1
809945,39.53214458148915,-119.92779468446135,38,config_1
8099464,39.57061902098213,-119.85837724834269,11,config_1
809946c,39.53284813796052,-119.85837724834269,25,config_1
8099471,39.5520722969367,-119.82365540304987,23,config_1
80994724,39.53627462046523,-119.82944298287916,4,config_1
8099472c,39.52682719203252,-119.82944298287916,8,config_1
80994731,39.53163244799787,-119.82076152241535,6,config_1
80994733,39.526908306836994,-119.82076152241535,7,config_1
80994735,39.52853673101913,-119.81497357980074,43,config_1
80994737,39.533260924086065,-119.81497357980074,12,config_1
8099473c,39.53953231901164,-119.81786758132606,17,config_1
8099475,39.53969285197451,-119.80050266629326,37,config_1
8099477,39.558585950827435,-119.80050266629326,4,config_1
809947c,39.58365825929888,-119.81207951785828,18,config_1
8099484,39.62141006474718,-119.81207951785828,4,config_1
809948c,39.60836754586187,-119.85837724834269,22,config_1
8099494,39.64609368572949,-119.85837724834269,47,config_1
80994b,39.70916854105543,-119.83523032066351,36,config_1
80994d,39.68302944381094,-119.92779468446135,38,config_1
80994f,39.60763173556912,-119.92779468446135,21,config_1
809954,39.60600131300832,-120.06652363285929,7,config_1
80995c,39.45506695613932,-120.06652363285929,4,config_1
80996c,39.35608577093057,-119.881520291274,11,config_1
809974,39.20438631340865,-119.881520291274,40,config_1
80997c,39.152134117551746,-120.06652363285929,2,config_1
809984,39.000139201259735,-120.06652363285929,1,config_1
809994,38.89992923227823,-119.881520291274,11,config_1
80999c,39.05233352425206,-119.881520291274,42,config_1
8099a4,39.10422854608839,-119.69626771448172,31,config_1
8099bc,38.95176561463266,-119.69626771448172,21,config_1
8099d,38.74817384474112,-119.60354950502408,12,config_1
809e4,40.65726799882358,-119.78892484955995,4,config_1
809ec,40.060470595677465,-119.78892484955995,14,config_1
809f4,40.26695579045059,-119.04599270243568,1,config_1
809fac,40.56407063155632,-119.32503466239531,14,config_1
809fb0c,40.71374473025485,-119.25532292304659,2,config_1
809fb14,40.70086100756366,-119.30180106344304,50,config_1
809fb3,40.66289727808841,-119.37149086844235,40,config_1
809fb5,40.73726819526338,-119.37149086844235,1,config_1
809fb6c,40.73805026175471,-119.30180106344304,6,config_1
809fb71,40.7570109173014,-119.26694382286807,1,config_1
809fb73,40.73842117864921,-119.26694382286807,1,config_1
809fb744,40.7478981656965,-119.24951213265092,15,config_1
809fb74c,40.73860160339694,-119.24951213265092,9,config_1
809fb754,40.74181925170974,-119.23788987166326,8,config_1
809fb759,40.74959617716947,-119.23498416482164,22,config_1
809fb75b,40.747987600978306,-119.24079552188635,11,config_1
809fb75d,40.75263557599632,-119.24079552188635,9,config_1
809fb75e11,40.75528893025435,-119.23698184435642,19,config_1
809fb75e13,40.75499844874151,-119.23698184435642,46,config_1
809fb75e144,40.75514647104968,-119.23670943508627,50,config_1
809fb75e14c,40.75500122987992,-119.23670943508627,18,config_1
809fb75e154,40.75505149733178,-119.23652782862975,2,config_1
809fb75e3,40.75578604042693,-119.23571059683897,1,config_1
809fb75e5,40.75462410654488,-119.23571059683897,10,config_1
809fb75e7,40.75422197069532,-119.2371634502601,50,config_1
809fb75ec,40.75268009926623,-119.23643702531857,26,config_1
809fb75f4,40.75348432532731,-119.23353129017491,7,config_1
809fb75fc,40.75580824599966,-119.23353129017491,15,config_1
809fb77,40.76344944628092,-119.24370111547155,46,config_1
809fb7c,40.788104926950766,-119.25532292304659,1,config_1
809fb82c,40.78221441378244,-119.22626670477904,5,config_1
809fb834,40.785430230415955,-119.21464263323712,41,config_1
809fb83c,40.794721419359995,-119.21464263323712,20,config_1
809fb844,40.79793616233032,-119.20301765827689,1,config_1
809fb84c,40.78864481911908,-119.20301765827689,34,config_1
809fb85c,40.801149676738596,-119.19139178113862,19,config_1
809fb8c,40.813823477127116,-119.16232314940831,7,config_1
809fb94,40.776650100746835,-119.16232314940831,2,config_1
809fb9b,40.77631178229506,-119.19720483240249,26,config_1
809fb9c1,40.765323389496835,-119.21173647414408,1,config_1
809fb9c5,40.76836336332937,-119.21754873586647,49,config_1
809fb9c7,40.76997082920215,-119.21173647414408,6,config_1
809fb9cc,40.77613758054813,-119.21464263323712,45,config_1
809fb9d4,40.77292191872042,-119.22626670477904,26,config_1
809fb9dc,40.763627963451356,-119.22626670477904,27,config_1
809fb9f,40.751292083434116,-119.22045478201282,32,config_1
809fbb,40.71442703181805,-119.18557850464043,7,config_1
809fbf,40.81447513252472,-119.09253557554277,12,config_1
809fd,40.96151586175313,-119.23207840138082,42,config_1
809ff,41.06392310969191,-118.8596803520908,11,config_1
531,51.3786418539575,-107.54900222906777,2,config_1
86d9,32.35888200888056,-108.80761947009503,64,config_2
86db,30.951860899740495,-108.80761947009503,1,config_2
86dd,31.170406262378183,-107.29028389464884,11,config_2
86de1,32.13329597009961,-106.72346389403498,74,config_2
86de3,32.48576704653213,-106.72346389403498,49,config_2
86de5,32.433755500824994,-107.10119308682007,8,config_2
86de7,32.081587719312495,-107.10119308682007,1,config_2
86dec,32.17764290641432,-107.66888695938226,7,config_2
86df4,32.87874636367703,-107.66888695938226,9,config_2
86dfc,32.9862181299786,-106.91225102614887,8,config_2
86e1,32.78638491369277,-105.78206743935718,68,config_2
86e3,32.969574598184394,-104.2861115827901,62,config_2
86e5,31.54796555760672,-104.2861115827901,40,config_2
86e64,31.058272187934506,-105.4068079114331,1,config_2
86e6c,31.771963856377475,-105.4068079114331,3,config_2
86e71,31.52340376801829,-105.96998775016152,3,config_2
86e73,31.878720555726105,-105.96998775016152,3,config_2
86e744,31.753503408281755,-106.25221430786118,23,config_2
86e74c,31.930773674215153,-106.25221430786118,2,config_2
86e754,31.905979196891007,-106.44058717271729,28,config_2
86e75c,31.728784761462734,-106.44058717271729,72,config_2
86e77,31.474820460529326,-106.34637906744265,25,config_2
86e7c,30.964506716398027,-106.15809365922375,1,config_2
86ed,28.654208362025958,-104.2861115827901,23,config_2
86ee4,29.786700406602325,-103.91439904540992,11,config_2
86eec,29.705042955179085,-104.65878213755632,3,config_2
86ef4,30.428062733481102,-104.65878213755632,7,config_2
86efc,30.51090936028981,-103.91439904540992,99,config_2
86f4,29.605470079262727,-102.0718280662253,83,config_2
86f9,31.84730436225948,-101.34310583455695,10,config_2
86fb,31.707254188342684,-102.80547525792774,32,config_2
86fd,33.13265357551238,-102.80547525792774,13,config_2
86fe4,33.595849265812916,-101.70682943311247,88,config_2
86fec,32.88684586721839,-101.70682943311247,10,config_2
86ff4,32.953302765371205,-100.98070031132626,6,config_2
86ffc,33.66302387809893,-100.98070031132626,3,config_2
8701,34.68416115174411,-101.34310583455695,87,config_2
87024,34.22684746365561,-102.43805808577758,4,config_2
8702c4,34.226411649394365,-103.26634785926352,1,config_2
8702dc4,34.381689370828894,-103.24326320176718,10,config_2
8702ddc,34.38674291962364,-103.1971066538153,93,config_2
8702de1,34.420704086794636,-103.18557018475742,68,config_2
8702de3,34.442498008154864,-103.18557018475742,52,config_2
8702de5,34.43997432617424,-103.20864419143828,20,config_2
8702de64,34.42299838633183,-103.21441336052646,27,config_2
8702de6c,34.42426118736059,-103.20287528914318,22,config_2
8702de74,34.413363172128136,-103.20287528914318,28,config_2
8702de7c,34.41210055706262,-103.21441336052646,27,config_2
8702dec,34.42528414705752,-103.24326320176718,72,config_2
8702dfc,34.47391710430892,-103.1971066538153,1,config_2
8702f,34.343782545790944,-102.9896150485228,38,config_2
87034,34.845982406002406,-103.17403478565704,10,config_2
8703c,34.92446954871148,-102.43805808577758,2,config_2
8705,35.921155923343846,-102.80547525792774,19,config_2
8707,36.06991069362731,-101.34310583455695,6,config_2
8709,37.431573424045425,-101.34310583455695,71,config_2
870b,38.76768450406455,-101.34310583455695,32,config_2
870f,37.280690496116634,-102.80547525792774,6,config_2
8711,37.10889915590756,-104.2861115827901,27,config_2
87164,37.198730971474454,-106.15809365922375,4,config_2
8716c,37.301042914278284,-105.4068079114331,1,config_2
87171,36.77304966069307,-105.59433880659961,5,config_2
87173,36.82259813646065,-105.21948079223417,4,config_2
87175,36.485245148115986,-105.21948079223417,6,config_2
871764,36.363801617410125,-105.50054826391207,75,config_2
87176c,36.53278727292038,-105.50054826391207,15,config_2
871774,36.50774220284412,-105.68817878401569,12,config_2
87177c,36.33880202907964,-105.68817878401569,17,config_2
8717c,36.52792822385739,-106.15809365922375,12,config_2
87181,35.99480537681307,-106.34637906744265,24,config_2
87183,36.04667599471466,-105.96998775016152,45,config_2
871844,35.77905507079722,-106.06401788566258,7,config_2
87184c,35.804580102292995,-105.87600401452671,6,config_2
8718501,35.697686670922295,-105.95823723010454,5,config_2
8718503,35.70086851299104,-105.93473837093502,21,config_2
87185041,35.68636562168683,-105.9435501018285,37,config_2
87185043,35.68104088491781,-105.9435501018285,4,config_2
87185045,35.681835845244265,-105.93767556900599,17,config_2
871850464,35.68602816647633,-105.93620696427305,37,config_2
87185046c,35.685630749098316,-105.9391441851309,25,config_2
871850474,35.68829304873787,-105.9391441851309,42,config_2
87185047c,35.68869047856378,-105.93620696427305,9,config_2
8718504c,35.685690149116915,-105.92886411158973,12,config_2
87185054,35.675039727194395,-105.92886411158973,2,config_2
8718505c,35.67345060774419,-105.94061281264489,4,config_2
8718507,35.676389621273174,-105.95823723010454,43,config_2
871850c,35.64602413800463,-105.94648743653362,34,config_2
8718514,35.65237340790974,-105.8994955568318,3,config_2
871851c,35.69498267871954,-105.8994955568318,9,config_2
871857,35.585247982808376,-105.92299003479476,2,config_2
87185c,35.6087523611413,-106.06401788566258,52,config_2
87187,35.655072482762144,-106.34637906744265,24,config_2
8718c,35.16864802479798,-106.15809365922375,100,config_2
87194,35.26869278593369,-105.4068079114331,40,config_2
8719c,35.95203495587482,-105.4068079114331,16,config_2
871b,35.751832590170785,-104.2861115827901,40,config_2
871d,34.371494072781154,-104.2861115827901,29,config_2
871f,34.184493033741475,-105.78206743935718,36,config_2
8721,33.97665363685664,-107.29028389464884,40,config_2
872209,34.981537677748776,-106.58197892714489,5,config_2
87220a4,35.04911129240711,-106.55840709161933,8,config_2
87220ac,35.09193702297951,-106.55840709161933,13,config_2
87220b1,35.07628263112154,-106.59376581662562,23,config_2
87220b3,35.0976887717331,-106.59376581662562,15,config_2
87220b5,35.09438140462687,-106.6173415315181,32,config_2
87220b7,35.072976155034574,-106.6173415315181,31,config_2
87220bc,35.042511398618444,-106.60555335191708,10,config_2
87220c4,35.03589074856492,-106.6527099211625,8,config_2
87220c9,35.06966448711829,-106.64091981764263,35,config_2
87220cb,35.091068844006315,-106.64091981764263,70,config_2
87220cd,35.0877510894197,-106.66450066298461,62,config_2
87220cf,35.066347626922415,-106.66450066298461,2,config_2
87220d4,35.07206433186745,-106.69987670323877,15,config_2
87220dc,35.02924933866187,-106.69987670323877,28,config_2
87220f,34.96830717635516,-106.67629204160652,16,config_2
872214,34.99114394854021,-106.81783770824106,1,config_2
87221c,34.819663616385284,-106.81783770824106,9,config_2
87223,34.86490572500623,-107.10119308682007,3,config_2
872264,35.33307355223786,-106.81783770824106,3,config_2
87226c,35.162281673434464,-106.81783770824106,12,config_2
872271,35.22507824357043,-106.67629204160652,6,config_2
872273,35.139574214309256,-106.67629204160652,63,config_2
872275,35.152833348692646,-106.58197892714489,58,config_2
872277,35.238351495469196,-106.58197892714489,42,config_2
87227c,35.359828813793214,-106.62913035392717,3,config_2
8722c,35.7449475871579,-106.91225102614887,15,config_2
87234,35.63334655030604,-107.66888695938226,1,config_2
8723c,34.952620544908015,-107.66888695938226,32,config_2
8725,35.11690888705174,-108.80761947009503,34,config_2
8727,33.74786648533911,-108.80761947009503,6,config_2
873b,36.46428993956655,-108.80761947009503,77,config_2
873d,36.700932346553174,-107.29028389464884,45,config_2
87a1,38.899730427842115,-99.90181306343518,40,config_2
87a3,39.01190198376468,-98.48424653420417,89,config_2
87a44,37.98425851730306,-98.83627550306029,19,config_2
87a49,38.19083888191821,-98.30884408222222,29,config_2
87a4b,38.215119879217525,-97.95928633924419,53,config_2
87a4d,37.878623451917356,-97.95928633924419,36,config_2
87a4f,37.854413086928595,-98.30884408222222,3,config_2
87a54,37.35888560713079,-98.13385582671398,22,config_2
87a5c,37.30835482078843,-98.83627550306029,30,config_2
87a7,37.56212889611381,-99.90181306343518,91,config_2
87a9,36.198654568532326,-99.90181306343518,9,config_2
87ab,34.810762202165584,-99.90181306343518,65,config_2
87ac4,35.24275101245371,-98.83627550306029,28,config_2
87acc,34.5422331954533,-98.83627550306029,29,config_2
87ad4,34.59119242586573,-98.13385582671398,33,config_2
87adc,35.29215205594181,-98.13385582671398,16,config_2
87af,36.30806451520898,-98.48424653420417,30,config_2
87b04,36.721781228957376,-97.43813547748366,44,config_2
87b0c,36.76286894750185,-96.74939926474936,74,config_2
87b11,36.236435129017984,-96.92091345144947,89,config_2
87b13,36.25576816987602,-96.57833866136845,2,config_2
87b15,35.909367123506016,-96.57833866136845,15,config_2
87b17,35.89010922788603,-96.92091345144947,4,config_2
87b18c,35.77770545633417,-97.35165580142355,22,config_2
87b194,35.951200244342246,-97.35165580142355,92,config_2
87b19c,35.96166061329158,-97.17902604633225,1,config_2
87b1b,36.21600621244862,-97.26528581122331,10,config_2
87b1f,35.84830491897991,-97.61142171393448,9,config_2
87b204,35.58216502503628,-97.69822718000074,25,config_2
87b20c,35.407962059488796,-97.69822718000074,13,config_2
87b211,35.459790460476206,-97.56805946490843,53,config_2
87b213,35.37258726407458,-97.56805946490843,9,config_2
87b215,35.37798976333666,-97.48141627828754,61,config_2
87b2164,35.444746022138276,-97.45977247140304,5,config_2
87b216c,35.44205996589735,-97.50306688961776,40,config_2
87b2171,35.47542093485206,-97.49224073392988,2,config_2
87b21724,35.4689634256917,-97.50848060464544,44,config_2
87b2172c,35.46828843977005,-97.51930930840119,71,config_2
87b21734,35.47918198045837,-97.51930930840119,4,config_2
87b2173c,35.47985705502388,-97.50848060464544,4,config_2
87b2175,35.49585730188629,-97.5138947442844,23,config_2
87b2177,35.49720554763117,-97.49224073392988,3,config_2
87b217c,35.48832794590778,-97.45977247140304,5,config_2
87b219,35.55231450844149,-97.48141627828754,26,config_2
87b21b,35.54690062967078,-97.56805946490843,37,config_2
87b21d,35.633917360840194,-97.56805946490843,29,config_2
87b21f,35.639336845243704,-97.48141627828754,88,config_2
87b224,35.60383231579316,-97.35165580142355,33,config_2
87b22c,35.614250489150876,-97.17902604633225,1,config_2
87b23c,35.42958405495318,-97.35165580142355,69,config_2
87b241,35.29601574560123,-97.39488196255758,11,config_2
87b2424,35.229150337793236,-97.41650530503672,75,config_2
87b242c,35.185428257884126,-97.41650530503672,73,config_2
87b243c,35.23179472758345,-97.37326545852945,3,config_2
87b24c,35.265338212303675,-97.17902604633225,3,config_2
87b25c,35.07997536472856,-97.35165580142355,8,config_2
87b2684,35.18276807803526,-97.45977247140304,82,config_2
87b268c,35.180090645993815,-97.50306688961776,1,config_2
87b2694,35.22380982595907,-97.50306688961776,33,config_2
87b2699,35.23674708897524,-97.47059352375683,22,config_2
87b269b,35.21489269535522,-97.47059352375683,51,config_2
87b269c4,35.22135851354341,-97.4543625838752,16,config_2
87b269cc,35.21042974458717,-97.4543625838752,18,config_2
87b269d4,35.21109609330435,-97.44354408678257,38,config_2
87b269dc,35.22202495262239,-97.44354408678257,29,config_2
87b269f,35.23808239554462,-97.44895312229072,37,config_2
87b26b,35.29068817979624,-97.48141627828754,15,config_2
87b26d,35.28529145457151,-97.56805946490843,12,config_2
87b27c,35.05844665881247,-97.69822718000074,5,config_2
87b2c,34.635665217695426,-97.43813547748366,68,config_2
87b31,34.84209200164026,-96.92091345144947,43,config_2
87b33,34.48982867337598,-96.92091345144947,29,config_2
87b35,34.50875415406051,-96.57833866136845,6,config_2
87b364,34.77773365280684,-96.49297974540691,3,config_2
87b369,34.72682747949404,-96.62106106216318,18,config_2
87b36b,34.72214906475616,-96.70659142835461,3,config_2
87b36d,34.810139341943646,-96.70659142835461,65,config_2
87b36f,34.81482312188348,-96.62106106216318,26,config_2
87b374,34.94430978475526,-96.6638120059594,2,config_2
87b3c,35.37747529836321,-96.74939926474936,83,config_2
87b44,35.413617182429356,-96.06791937864303,10,config_2
87b4c,34.71157998986828,-96.06791937864303,38,config_2
87b54,34.74324838778567,-95.39395513481692,22,config_2
87b5c,35.44556695064797,-95.39395513481692,95,config_2
87b61,35.975777742252816,-95.22666753958994,20,config_2
87b63,36.32243671814948,-95.22666753958994,27,config_2
87b65,36.30733894942599,-95.56172791278979,51,config_2
87b67,35.96073822084735,-95.56172791278979,30,config_2
87b689,35.9942201388377,-95.77212042411867,18,config_2
87b68b,36.08095740857633,-95.77212042411867,44,config_2
87b68d,36.07686857040709,-95.85648637454487,47,config_2
87b68f,35.99013530407835,-95.85648637454487,7,config_2
87b691,35.98598510232307,-95.94097099813557,22,config_2
87b6924,36.05208548069254,-95.9198387432287,19,config_2
87b692c,36.095426523711026,-95.9198387432287,58,config_2
87b6934,36.09333247976323,-95.96211063966837,39,config_2
87b693c,36.04999245696516,-95.96211063966837,23,config_2
87b695,36.068494358466836,-96.02557380749096,30,config_2
87b697,35.98176929689398,-96.02557380749096,6,config_2
87b69c,35.85361489546882,-95.98325766018019,2,config_2
87b6b,35.92754804505331,-96.23759466618242,32,config_2
87b6d,36.27401988976557,-96.23759466618242,32,config_2
87b6e4,36.37339615816689,-95.98325766018019,9,config_2
87b6e9,36.241655079894315,-96.02557380749096,4,config_2
87b6ea4,36.175698601469264,-96.04674291893367,1,config_2
87b6eac,36.132408904753355,-96.04674291893367,1,config_2
87b6eb1,36.14483131697901,-96.01499200977533,2,config_2
87b6eb3,36.12318004002826,-96.01499200977533,10,config_2
87b6eb5,36.12423977979882,-95.99383393516017,7,config_2
87b6eb7,36.14589131286525,-95.99383393516017,85,config_2
87b6ebc,36.17782760480562,-96.00441205201167,36,config_2
87b6ec4,36.17994012585915,-95.96211063966837,44,config_2
87b6ecc,36.1366483856249,-95.96211063966837,95,config_2
87b6ed4,36.13874344443655,-95.9198387432287,65,config_2
87b6edc,36.18203619418263,-95.9198387432287,13,config_2
87b6ef,36.24588316220079,-95.94097099813557,14,config_2
87b6f1,36.250045444266824,-95.85648637454487,16,config_2
87b6f3,36.16350541361583,-95.85648637454487,71,config_2
87b6f5,36.1675982133254,-95.77212042411867,11,config_2
87b6f7,36.25414216371831,-95.77212042411867,5,config_2
87b6fc,36.38173257575033,-95.81428853484881,3,config_2
87b74,36.79957740094139,-96.06791937864303,78,config_2
87b79,36.99583493917285,-95.56172791278979,35,config_2
87b7b,36.652379208234066,-95.56172791278979,18,config_2
87b7d,36.667532766461996,-95.22666753958994,24,config_2
87b7f,37.01104184713288,-95.22666753958994,47,config_2
87b81,37.352940770106244,-95.22666753958994,38,config_2
87b83,37.337682933015344,-95.56172791278979,58,config_2
87b85,37.67790082712856,-95.56172791278979,46,config_2
87b87,37.69320719300512,-95.22666753958994,6,config_2
87b8c,38.19294270533561,-95.39395513481692,73,config_2
87b94,38.16007804293747,-96.06791937864303,62,config_2
87b9c,37.48310144664223,-96.06791937864303,20,config_2
87ba4,37.44614510974571,-96.74939926474936,26,config_2
87ba9,37.24537567669818,-97.26528581122331,20,config_2
87bab,37.22360524896747,-97.61142171393448,1,config_2
87bad,37.56345723784455,-97.61142171393448,21,config_2
87bae1,37.7042809232782,-97.39488196255758,51,config_2
87bae24,37.72948597431988,-97.33005299969896,21,config_2
87bae2c,37.73216660498749,-97.28686799616995,8,config_2
87bae34,37.68985565854685,-97.28686799616995,26,config_2
87bae39,37.67726605490312,-97.31925417224487,12,config_2
87bae3b,37.698427564999015,-97.31925417224487,16,config_2
87bae3d,37.69708322199295,-97.34085354311036,86,config_2
87bae3f,37.67592197101127,-97.34085354311036,21,config_2
87bae5,37.625004279002965,-97.3084570618028,20,config_2
87bae7,37.61961288290332,-97.39488196255758,9,config_2
87baec,37.49512023125898,-97.35165580142355,7,config_2
87baf4,37.50574945105736,-97.17902604633225,9,config_2
87bafc,37.67531119536496,-97.17902604633225,51,config_2
87bb4,38.08127744661382,-97.43813547748366,85,config_2
87bbc,38.12289692185666,-96.74939926474936,49,config_2
87bc4,38.792958219966415,-96.74939926474936,63,config_2
87bcc,38.75111115735907,-97.43813547748366,68,config_2
87bd4,39.41412630334877,-97.43813547748366,28,config_2
87bd9,39.61079632814842,-96.92091345144947,6,config_2
87bdb,39.280945566843414,-96.92091345144947,6,config_2
87bdc4,39.37858846317301,-96.6638120059594,2,config_2
87bdc9,39.252138661896886,-96.70659142835461,3,config_2
87bdcb,39.169342444413395,-96.70659142835461,6,config_2
87bdcc4,39.193728744496674,-96.64243297020663,23,config_2
87bdccc,39.15230246228071,-96.64243297020663,4,config_2
87bdcd4,39.15473135198815,-96.59969628987318,5,config_2
87bdcdc,39.196158358582586,-96.59969628987318,74,config_2
87bdcf,39.25703490235032,-96.62106106216318,6,config_2
87bdd4,39.22286062219928,-96.49297974540691,68,config_2
87bdf,39.63071212618312,-96.57833866136845,6,config_2
87be4,39.49373923043933,-96.06791937864303,19,config_2
87bec,38.83034145230826,-96.06791937864303,58,config_2
87bf04,39.10111959213894,-95.64579506896482,90,config_2
87bf0c,39.109127418995335,-95.47778111042308,8,config_2
87bf14,38.94280815076366,-95.47778111042308,5,config_2
87bf1c,38.93481016221407,-95.64579506896482,43,config_2
87bf3,38.688562914297606,-95.56172791278979,3,config_2
87bf5,38.70400068234026,-95.22666753958994,71,config_2
87bf64,38.95801243914644,-95.1432068497593,83,config_2
87bf69,38.91078350495252,-95.26844374824067,85,config_2
87bf6b,38.90698377924388,-95.35208760396613,3,config_2
87bf6d,38.990255065831136,-95.35208760396613,13,config_2
87bf6e4,39.01391418233533,-95.2893432932414,9,config_2
87bf6ec,38.97230464356347,-95.2893432932414,50,config_2
87bf6f1,38.98412446997308,-95.25799683455276,11,config_2
87bf6f3,38.96331272862053,-95.25799683455276,63,config_2
87bf6f5,38.96425073817379,-95.23710872932412,91,config_2
87bf6f7,38.98506262502301,-95.23710872932412,17,config_2
87bf6fc,39.01579911691819,-95.24755182794603,4,config_2
87bf74,39.11687034071522,-95.31025045570311,7,config_2
87bf7c,39.12435037432493,-95.1432068497593,5,config_2
87bfc,39.52693965632134,-95.39395513481692,62,config_2
86404,28.938192472482168,-95.39395513481692,65,config_2
864084,29.411783097863623,-95.1432068497593,9,config_2
86408c,29.405246620194973,-95.31025045570311,31,config_2
864094,29.590334237824866,-95.31025045570311,49,config_2
864099,29.641516590412998,-95.18492188756028,44,config_2
86409b,29.549022710756017,-95.18492188756028,10,config_2
86409d,29.55224333659539,-95.10152248359266,47,config_2
86409f,29.644743422580678,-95.10152248359266,5,config_2
8640a4,29.781769536782075,-95.1432068497593,50,config_2
8640ac,29.966398359236102,-95.1432068497593,46,config_2
8640b4,29.959786529660697,-95.31025045570311,65,config_2
8640b9,29.819672248017405,-95.35208760396613,65,config_2
8640bb,29.82302652918589,-95.26844374824067,7,config_2
8640bd,29.730659910901096,-95.26844374824067,17,config_2
8640be4,29.705054390204594,-95.3311652283681,40,config_2
8640bec,29.751250558499148,-95.3311652283681,26,config_2
8640bf1,29.738437698391227,-95.36255164058957,19,config_2
8640bf21,29.753188862812177,-95.35470343513451,7,config_2
8640bf23,29.752977474814486,-95.35993545346048,44,config_2
8640bf25,29.758750670206737,-95.35993545346048,12,config_2
8640bf27,29.75896208328701,-95.35470343513451,59,config_2
8640bf2c,29.76751577043639,-95.35731938497071,42,config_2
8640bf34,29.767092417044502,-95.36778437070875,40,config_2
8640bf39,29.758327166105854,-95.37040091367032,80,config_2
8640bf3b,29.758539031163856,-95.36516794634375,49,config_2
8640bf3d,29.7527658608813,-95.36516794634375,16,config_2
8640bf3f,29.752554020960133,-95.37040091367032,19,config_2
8640bf44,29.755122420677502,-95.3782512539919,24,config_2
8640bf4c,29.766668159324496,-95.3782512539919,47,config_2
8640bf54,29.76624299685656,-95.38872003390745,27,config_2
8640bf5c,29.754697359043963,-95.38872003390745,10,config_2
8640bf7,29.737589686222247,-95.3834854069277,45,config_2
8640bf84,29.720054739531772,-95.38872003390745,89,config_2
8640bf8c,29.708505301670417,-95.38872003390745,10,config_2
8640bf9c,29.720479498197996,-95.3782512539919,12,config_2
8640bfb,29.715340214875358,-95.36255164058957,2,config_2
8640bfd,29.692238940145113,-95.36255164058957,1,config_2
8640bff,29.691391735384382,-95.3834854069277,3,config_2
8640c01,29.690540916450914,-95.40442675796797,76,config_2
8640c03,29.689686479995785,-95.42537568639597,3,config_2
8640c05,29.712786537454228,-95.42537568639597,5,config_2
8640c07,29.713641381411726,-95.40442675796797,61,config_2
8640c0c,29.74785769556582,-95.41490027546612,76,config_2
8640c14,29.746139536179513,-95.45681327060878,87,config_2
8640c1c,29.69994822955784,-95.45681327060878,14,config_2
8640c24,29.698217197659083,-95.49875650192564,36,config_2
8640c2c,29.69647163206253,-95.54072991049888,14,config_2
8640c34,29.74265962770855,-95.54072991049888,13,config_2
8640c3c,29.74440685579875,-95.49875650192564,58,config_2
8640c5,29.812789773957824,-95.51973943774544,39,config_2
8640c7,29.816260067935005,-95.43585298984118,65,config_2
8640c9,29.908552557634437,-95.43585298984118,13,config_2
8640cb,30.000783121883035,-95.43585298984118,26,config_2
8640cd,29.997299801591282,-95.51973943774544,79,config_2
8640cf,29.905075730285553,-95.51973943774544,7,config_2
8640d4,29.945865677209675,-95.64579506896482,49,config_2
8640dc,29.761313934618144,-95.64579506896482,69,config_2
8640e4,29.576518569889355,-95.64579506896482,69,config_2
8640ec,29.58354228478337,-95.47778111042308,45,config_2
8640fc,29.39148451206124,-95.64579506896482,5,config_2
86414,29.65032632959495,-96.06791937864303,91,config_2
8641c,28.909559669047898,-96.06791937864303,11,config_2
86424,28.87717828684354,-96.74939926474936,17,config_2
8642c,28.84094667826595,-97.43813547748366,16,config_2
86434,29.580617797468626,-97.43813547748366,56,config_2
8643c,29.617428456801527,-96.74939926474936,23,config_2
86444,30.353859258393445,-96.74939926474936,29,config_2
86449,30.14258310143638,-97.26528581122331,40,config_2
8644a4,30.03607884049197,-97.52472429686226,4,config_2
8644ac,30.026032896758466,-97.69822718000074,8,config_2
8644b1,30.166350280171464,-97.65481097525692,84,config_2
8644b3,30.161249525253425,-97.74167025909962,56,config_2
8644b44,30.23136342440552,-97.71994536457991,83,config_2
8644b49,30.217968293742025,-97.75253521988041,30,config_2
8644b4b,30.21667961879742,-97.7742701630638,25,config_2
8644b4d,30.2396164588302,-97.7742701630638,40,config_2
8644b4e4,30.246317480247,-97.7579683281769,26,config_2
8644b4ec,30.234849832450614,-97.7579683281769,18,config_2
8644b4f4,30.235493385008866,-97.7471025301428,5,config_2
8644b4fc,30.246961178680422,-97.7471025301428,82,config_2
8644b501,30.255722167304103,-97.74438634227594,1,config_2
8644b503,30.255400514523487,-97.74981882268327,8,config_2
8644b505,30.261133648158467,-97.74981882268327,87,config_2
8644b507,30.261455337335327,-97.74438634227594,74,config_2
8644b5084,30.265835441578968,-97.7430282876004,52,config_2
8644b508c,30.26567464612546,-97.74574442312411,35,config_2
8644b5094,30.2685410400935,-97.74574442312411,30,config_2
8644b5099,30.269378239864274,-97.74370731166645,7,config_2
8644b509b,30.267945055021126,-97.74370731166645,17,config_2
8644b509d,30.2680254404625,-97.74234927007802,62,config_2
8644b509f,30.26945862757747,-97.74234927007802,25,config_2
8644b50b,30.27292093134401,-97.74438634227594,71,config_2
8644b50d,30.27259916941805,-97.74981882268327,18,config_2
8644b50f,30.26686653317163,-97.74981882268327,73,config_2
8644b514,30.269249795828507,-97.7579683281769,86,config_2
8644b51c,30.25778413509299,-97.7579683281769,46,config_2
8644b524,30.25713928618482,-97.76883579990425,8,config_2
8644b52c,30.2564934321953,-97.7797049442397,5,config_2
8644b534,30.267958800944186,-97.7797049442397,4,config_2
8644b539,30.27130960942661,-97.7715529292235,14,config_2
8644b53b,30.265577118940683,-97.7715529292235,55,config_2
8644b53d,30.26589984938945,-97.766118775123,88,config_2
8644b53f,30.271632376359193,-97.766118775123,2,config_2
8644b55,30.2854782232638,-97.7742701630638,35,config_2
8644b564,30.29217813033133,-97.7579683281769,7,config_2
8644b56c,30.280714461294178,-97.7579683281769,28,config_2
8644b574,30.281358596658503,-97.7471025301428,44,config_2
8644b57c,30.29282241110771,-97.7471025301428,23,config_2
8644b584,30.293465686836736,-97.73623840688633,43,config_2
8644b58c,30.294107957885412,-97.7253759594911,12,config_2
8644b594,30.28264385330985,-97.7253759594911,50,config_2
8644b599,30.279296198136517,-97.73352263788321,15,config_2
8644b59a4,30.283675698467608,-97.73216479266495,69,config_2
8644b59ac,30.286541764302758,-97.73216479266495,5,config_2
8644b59b4,30.28638115641391,-97.73488050929105,22,config_2
8644b59bc,30.28351509964338,-97.73488050929105,9,config_2
8644b59d,30.28470711307032,-97.73895428063078,85,config_2
8644b59f,30.278974902144274,-97.73895428063078,53,config_2
8644b5a01,30.275271601591662,-97.74099125466542,59,config_2
8644b5a03,30.27535196699923,-97.73963326543073,24,config_2
8644b5a05,30.273918837567617,-97.73963326543073,4,config_2
8644b5a07,30.27383847443005,-97.74099125466542,63,config_2
8644b5a0c,30.271728936341884,-97.7403122567757,30,config_2
8644b5a14,30.271889624420123,-97.73759633066695,6,config_2
8644b5a1c,30.274755921211383,-97.73759633066695,8,config_2
8644b5a3,30.27356370183042,-97.73352263788321,28,config_2
8644b5a5,30.26783095656935,-97.73352263788321,36,config_2
8644b5a64,30.266156844174763,-97.73759633066695,63,config_2
8644b5a6c,30.269023265401874,-97.73759633066695,13,config_2
8644b5a74,30.268862586404552,-97.7403122567757,38,config_2
8644b5a7c,30.265996174260163,-97.7403122567757,98,config_2
8644b5ac,30.259070819129697,-97.73623840688633,97,config_2
8644b5b4,30.259712654991283,-97.7253759594911,40,config_2
8644b5bc,30.271178751958903,-97.7253759594911,30,config_2
8644b5d,30.26640680866992,-97.70908543300678,48,config_2
8644b5f,30.289337445397152,-97.70908543300678,52,config_2
8644b64,30.279788249540324,-97.67651571401332,45,config_2
8644b6c,30.233917282986884,-97.67651571401332,24,config_2
8644b74,30.236455119517007,-97.63311297235884,2,config_2
8644b7c,30.28232838471177,-97.63311297235884,38,config_2
8644bc,30.219784329452057,-97.52472429686226,45,config_2
8644c4,30.403236040720408,-97.52472429686226,32,config_2
8644c84,30.32818569519738,-97.63311297235884,13,config_2
8644c8c,30.374026976898957,-97.63311297235884,25,config_2
8644c94,30.37148226637379,-97.67651571401332,27,config_2
8644c9c,30.325643268693323,-97.67651571401332,67,config_2
8644ca1,30.312264092015766,-97.70908543300678,40,config_2
8644ca3,30.335186739267012,-97.70908543300678,23,config_2
8644ca5,30.333903194517802,-97.73080697363837,36,config_2
8644ca7,30.31098112474126,-97.73080697363837,80,config_2
8644cac,30.32051023682665,-97.76340185489671,90,config_2
8644cb4,30.36634462208107,-97.76340185489671,56,config_2
8644cbc,30.368921489305745,-97.71994536457991,78,config_2
8644cc4,30.41474210017279,-97.71994536457991,63,config_2
8644ccc,30.41216292673331,-97.76340185489671,31,config_2
8644cd4,30.45796507707318,-97.76340185489671,20,config_2
8644cdc,30.46054654931995,-97.71994536457991,11,config_2
8644ce4,30.463111901919603,-97.67651571401332,46,config_2
8644cec,30.41730516868771,-97.67651571401332,39,config_2
8644cf4,30.419852155919813,-97.63311297235884,52,config_2
8644cfc,30.465661158541877,-97.63311297235884,25,config_2
8644d04,30.51145391122613,-97.63311297235884,47,config_2
8644d0c,30.557230340613078,-97.63311297235884,13,config_2
8644d14,30.554676567170848,-97.67651571401332,11,config_2
8644d1c,30.508902392533,-97.67651571401332,59,config_2
8644d3,30.52793232491251,-97.74167025909962,52,config_2
8644d5,30.619441080748068,-97.74167025909962,3,config_2
8644d7,30.624587664456687,-97.65481097525692,22,config_2
8644dc,30.586429233124328,-97.52472429686226,10,config_2
8644f,30.50959108146923,-97.26528581122331,54,config_2
86451,30.875552911543373,-97.26528581122331,8,config_2
86453,30.85565226515239,-97.61142171393448,36,config_2
86455,31.220396089851533,-97.61142171393448,35,config_2
86457,31.24043139419716,-97.26528581122331,24,config_2
8645c,31.086161312239916,-96.74939926474936,22,config_2
86464,31.120018546616496,-96.06791937864303,5,config_2
864681,30.694150983541395,-96.3651570426858,16,config_2
8646824,30.624384721939812,-96.38644279430395,2,config_2
8646834,30.580628730991076,-96.34387852238766,27,config_2
8646838c,30.621513870571384,-96.32792438246062,1,config_2
86468394,30.620996449559634,-96.33856002313097,39,config_2
8646839c,30.609538072501287,-96.33856002313097,97,config_2
864683b,30.61448954577506,-96.35451687812872,23,config_2
864683f,30.638440986550872,-96.33324197644764,4,config_2
864685,30.606641518267146,-96.28008642818537,16,config_2
864694,30.475111540338677,-96.15269854577356,2,config_2
8646b,30.195444005857052,-96.23759466618242,42,config_2
8646d,30.211107026336748,-95.8987138825821,37,config_2
86471,30.593421637599622,-95.56172791278979,31,config_2
864724,30.314218803497837,-95.64579506896482,6,config_2
86472c,30.130168913258153,-95.64579506896482,14,config_2
864731,30.181559860768246,-95.51973943774544,12,config_2
864733,30.08946138007494,-95.51973943774544,9,config_2
864735,30.092951152843618,-95.43585298984118,41,config_2
864737,30.185056045512557,-95.43585298984118,54,config_2
86473c,30.321348173329742,-95.47778111042308,9,config_2
86475,30.239577135436164,-95.22666753958994,30,config_2
86477,30.607284196351138,-95.22666753958994,1,config_2
8647c,31.149953835575754,-95.39395513481692,12,config_2
86484,31.87866254966999,-95.39395513481692,19,config_2
8648c,31.848336807299006,-96.06791937864303,29,config_2
86494,32.571918438309666,-96.06791937864303,33,config_2
8649c,32.602612671349874,-95.39395513481692,44,config_2
864a4,33.321531368043786,-95.39395513481692,30,config_2
864ac,34.035158804423595,-95.39395513481692,11,config_2
864b4,34.00379334374941,-96.06791937864303,58,config_2
864bc,33.29049058697478,-96.06791937864303,15,config_2
864c04,33.00025816692411,-96.49297974540691,27,config_2
864c0c,33.179521266031784,-96.49297974540691,2,config_2
864c14,33.170498212465176,-96.6638120059594,61,config_2
864c19,33.033808310287974,-96.70659142835461,59,config_2
864c1b,33.03837529168963,-96.62106106216318,13,config_2
864c1d,32.94867218962595,-96.62106106216318,90,config_2
864c1e4,32.9228206645906,-96.68519816136498,56,config_2
864c1ec,32.96768993442726,-96.68519816136498,52,config_2
864c1f4,32.96539260926208,-96.7279917988472,46,config_2
864c1fc,32.920524949249646,-96.7279917988472,41,config_2
864c204,32.918212995498926,-96.77081381795539,54,config_2
864c20c,32.91588477660569,-96.81366415379489,60,config_2
864c214,32.960749181909684,-96.81366415379489,52,config_2
864c21c,32.96307903400877,-96.77081381795539,61,config_2
864c23,33.02917631256216,-96.7922354503473,74,config_2
864c25,33.024479084154464,-96.87799260898478,85,config_2
864c264,32.9560405404973,-96.89944951510694,40,config_2
864c26c,32.95840302627783,-96.85654274127455,39,config_2
864c274,32.91354026590786,-96.85654274127455,62,config_2
864c27c,32.91117943681446,-96.89944951510694,36,config_2
864c284,32.90880226280605,-96.94238440980855,45,config_2
864c28c,32.95366169802373,-96.94238440980855,26,config_2
864c294,32.95126647238475,-96.98534735970001,27,config_2
864c29c,32.90640871743519,-96.98534735970001,35,config_2
864c2a4,32.90399877432687,-97.02833829890636,63,config_2
864c2ac,32.90157240717898,-97.07135716135726,26,config_2
864c2b4,32.946426766083654,-97.07135716135726,32,config_2
864c2bc,32.94885483718041,-97.02833829890636,23,config_2
864c2c4,32.99369085773294,-97.02833829890636,34,config_2
864c2cc,32.991261089397085,-97.07135716135726,1,config_2
864c2d4,33.03607531402479,-97.07135716135726,11,config_2
864c2dc,33.038506772891395,-97.02833829890636,58,config_2
864c2f,33.019716411840896,-96.96386238196816,67,config_2
864c31,33.10931289745232,-96.96386238196816,9,config_2
864c33,33.10447788072081,-97.04984424386326,77,config_2
864c35,33.19398664245865,-97.04984424386326,27,config_2
864c37,33.198828294349696,-96.96386238196816,3,config_2
864c39,33.20360410407843,-96.87799260898478,11,config_2
864c3b,33.11408216475355,-96.87799260898478,54,config_2
864c3d,33.11878589509641,-96.7922354503473,56,config_2
864c3f,33.20831428451073,-96.7922354503473,14,config_2
864c5,33.42466297447948,-96.92091345144947,20,config_2
864c7,33.443305262701145,-96.57833866136845,16,config_2
864cc,33.96831449038601,-96.74939926474936,82,config_2
864d1,33.761283507536376,-97.26528581122331,26,config_2
864d3,34.11624884710009,-97.26528581122331,93,config_2
864d5,34.095267570885966,-97.61142171393448,12,config_2
864d7,33.740407743774476,-97.61142171393448,4,config_2
864d9,33.38419865667327,-97.61142171393448,5,config_2
864db,33.40496528400982,-97.26528581122331,32,config_2
864dc4,33.131787043268204,-97.35165580142355,1,config_2
864dc9,33.18410496654987,-97.22214211701957,1,config_2
864dca4,33.21020403914299,-97.15747839073565,76,config_2
864dcac,33.21267528434714,-97.11440388078715,64,config_2
864dcb4,33.167943756747746,-97.11440388078715,27,config_2
864dcbc,33.165474198497655,-97.15747839073565,1,config_2
864dcd,33.09957690324923,-97.13593766610796,17,config_2
864dcf,33.094609754904205,-97.22214211701957,1,config_2
864dd1,33.00503361653139,-97.22214211701957,7,config_2
864dd3,33.00999388835464,-97.13593766610796,19,config_2
864dd5,32.920330393607976,-97.13593766610796,37,config_2
864dd7,32.9153770530473,-97.22214211701957,69,config_2
864dd9,32.910357522668384,-97.3084570618028,14,config_2
864ddb,33.00000705952973,-97.3084570618028,85,config_2
864ddd,32.99491401000882,-97.39488196255758,7,config_2
864ddf,32.905271595529186,-97.39488196255758,12,config_2
864df,33.026671193038524,-97.61142171393448,7,config_2
864e1,32.66785705573455,-97.61142171393448,25,config_2
864e3,32.30778876008412,-97.61142171393448,8,config_2
864e5,32.328206146256456,-97.26528581122331,23,config_2
864e64,32.60342559297486,-97.17902604633225,54,config_2
864e6c,32.59343654138261,-97.35165580142355,48,config_2
864e704,32.70961190875816,-97.28686799616995,5,config_2
864e70c,32.754536939738664,-97.28686799616995,8,config_2
864e711,32.74141935237176,-97.31925417224487,70,config_2
864e713,32.763876261675335,-97.31925417224487,25,config_2
864e715,32.76261185013202,-97.34085354311036,49,config_2
864e717,32.740155392358815,-97.34085354311036,44,config_2
864e71c,32.70709362135849,-97.33005299969896,35,config_2
864e724,32.70455877644658,-97.37326545852945,37,config_2
864e72c,32.702007348420054,-97.41650530503672,2,config_2
864e734,32.746926932172535,-97.41650530503672,10,config_2
864e73c,32.74948018816751,-97.37326545852945,91,config_2
864e75,32.81554937243264,-97.39488196255758,38,config_2
864e764,32.841804019849704,-97.33005299969896,11,config_2
864e76c,32.796920336275704,-97.33005299969896,62,config_2
864e774,32.799442223740336,-97.28686799616995,12,config_2
864e77c,32.844327696869534,-97.28686799616995,17,config_2
864e79,32.82564056924794,-97.22214211701957,68,config_2
864e7b,32.73582467310211,-97.22214211701957,7,config_2
864e7d,32.740763986823865,-97.13593766610796,87,config_2
864e7f,32.83058692378189,-97.13593766610796,70,config_2
864e81,32.83546739232744,-97.04984424386326,90,config_2
864e824,32.86153097681009,-96.98534735970001,42,config_2
864e82c,32.86392283529141,-96.94238440980855,49,config_2
864e834,32.81902347896741,-96.94238440980855,80,config_2
864e83c,32.81663331399837,-96.98534735970001,44,config_2
864e844,32.771715792687246,-96.98534735970001,41,config_2
864e84c,32.77410425752002,-96.94238440980855,15,config_2
864e854,32.7291652348333,-96.94238440980855,7,config_2
864e85c,32.72677847676195,-96.98534735970001,39,config_2
864e864,32.724375368713154,-97.02833829890636,36,config_2
864e86c,32.76931096586975,-97.02833829890636,24,config_2
864e871,32.75626486952607,-97.06059983156092,15,config_2
864e873,32.778727078889524,-97.06059983156092,3,config_2
864e875,32.77751215324717,-97.08211623221572,2,config_2
864e8764,32.76036199333914,-97.08749642021914,8,config_2
864e876c,32.76097031964529,-97.07673647921854,5,config_2
864e8774,32.74973814150453,-97.07673647921854,17,config_2
864e877c,32.749129923832996,-97.08749642021914,92,config_2
864e87c,32.7219558844852,-97.07135716135726,24,config_2
864e89,32.65572861949261,-97.04984424386326,84,config_2
864e8b,32.565741232180564,-97.04984424386326,1,config_2
864e8d,32.570535318341655,-96.96386238196816,7,config_2
864e8f,32.660529660807676,-96.96386238196816,80,config_2
864e904,32.6865752079969,-96.89944951510694,46,config_2
864e90c,32.688927655650495,-96.85654274127455,35,config_2
864e914,32.64394581908818,-96.85654274127455,14,config_2
864e91c,32.6415950673316,-96.89944951510694,42,config_2
864e93,32.57526422651602,-96.87799260898478,3,config_2
864e95,32.57992816676992,-96.7922354503473,4,config_2
864e964,32.648598608223885,-96.77081381795539,13,config_2
864e96c,32.646280323905565,-96.81366415379489,11,config_2
864e974,32.69126384434383,-96.81366415379489,88,config_2
864e97c,32.69358380054235,-96.77081381795539,34,config_2
864e984,32.73854929392094,-96.77081381795539,29,config_2
864e9884,32.767509508046764,-96.75475223893302,5,config_2
864e988c,32.766931886364624,-96.76545951566288,3,config_2
864e9894,32.778167133408935,-96.76545951566288,45,config_2
864e989c,32.77874485812021,-96.75475223893302,51,config_2
864e98b,32.79530674729337,-96.76010565594648,29,config_2
864e98d,32.79414896037943,-96.78152374976098,94,config_2
864e98f,32.771681253536315,-96.78152374976098,25,config_2
864e9904,32.76519293640757,-96.7975919636156,12,config_2
864e990c,32.76461125673317,-96.80830631546661,7,config_2
864e9911,32.773183032175695,-96.8056275618793,10,config_2
864e9913,32.772891899532986,-96.81098517944378,10,config_2
864e9915,32.778508993579116,-96.81098517944378,28,config_2
864e9917,32.77880015217529,-96.8056275618793,60,config_2
864e9919,32.77909105685526,-96.8002703859379,83,config_2
864e991b,32.773473910925425,-96.8002703859379,6,config_2
864e991d,32.77376453583407,-96.79491365174678,6,config_2
864e991f,32.77938170767094,-96.79491365174678,43,config_2
864e9921,32.78499856982517,-96.79491365174678,18,config_2
864e9923,32.784707893115055,-96.8002703859379,38,config_2
864e9925,32.79032441957985,-96.8002703859379,49,config_2
864e9927,32.79061512217179,-96.79491365174678,22,config_2
864e992c,32.79889403057365,-96.7975919636156,15,config_2
864e9934,32.79831203988764,-96.80830631546661,10,config_2
864e993c,32.78707968452372,-96.80830631546661,55,config_2
864e995,32.79182120368614,-96.82438115462048,32,config_2
864e997,32.769354326207775,-96.82438115462048,28,config_2
864e99c,32.736227672290774,-96.81366415379489,88,config_2
864e9a4,32.73388980621463,-96.85654274127455,84,config_2
864e9ac,32.73153566920183,-96.89944951510694,42,config_2
864e9b4,32.77647638666789,-96.89944951510694,17,config_2
864e9bc,32.77883220650312,-96.85654274127455,56,config_2
864e9c4,32.82375479243626,-96.85654274127455,45,config_2
864e9cc,32.821397296314245,-96.89944951510694,43,config_2
864e9d4,32.866298334258005,-96.89944951510694,21,config_2
864e9dc,32.868657500132336,-96.85654274127455,51,config_2
864e9e4,32.87100035940884,-96.81366415379489,48,config_2
864e9e9,32.836740074236054,-96.82438115462048,15,config_2
864e9eb,32.81428312235727,-96.82438115462048,20,config_2
864e9ed,32.81544944690573,-96.80294891869778,46,config_2
864e9ef,32.83790681259223,-96.80294891869778,24,config_2
864e9f1,32.83906948481605,-96.78152374976098,53,config_2
864e9f3,32.81661170680099,-96.78152374976098,23,config_2
864e9f5,32.817769905368785,-96.76010565594648,34,config_2
864e9f7,32.84022809423478,-96.76010565594648,20,config_2
864e9fc,32.87332693865351,-96.77081381795539,64,config_2
864ea04,32.87563726450346,-96.7279917988472,48,config_2
864ea0c,32.87793136366645,-96.68519816136498,46,config_2
864ea14,32.8330220951347,-96.68519816136498,69,config_2
864ea19,32.820074131846965,-96.71729072616859,34,config_2
864ea1b,32.842533137988305,-96.71729072616859,36,config_2
864ea1d,32.84138264418016,-96.7386946453784,13,config_2
864ea1f,32.818924045939255,-96.7386946453784,30,config_2
864ea24,32.78580207493309,-96.7279917988472,47,config_2
864ea2c,32.74085469766692,-96.7279917988472,13,config_2
864ea34,32.74314391016119,-96.68519816136498,67,config_2
864ea3c,32.788092922673926,-96.68519816136498,42,config_2
864ea44,32.79036759403467,-96.64243297020663,42,config_2
864ea4c,32.74541695810643,-96.64243297020663,70,config_2
864ea54,32.74767386827516,-96.59969628987318,21,config_2
864ea5c,32.79262611581298,-96.59969628987318,40,config_2
864ea64,32.837558510717265,-96.59969628987318,36,config_2
864ea6c,32.83529838359799,-96.64243297020663,50,config_2
864ea74,32.88020926292046,-96.64243297020663,26,config_2
864ea7c,32.88247098911322,-96.59969628987318,12,config_2
864eac,32.82067260831222,-96.49297974540691,59,config_2
864eb4,32.64076865251589,-96.49297974540691,7,config_2
864ebc,32.63182149570298,-96.6638120059594,24,config_2
864ed,32.36590279494162,-96.57833866136845,18,config_2
864ef,32.347573082143434,-96.92091345144947,74,config_2
864f4,31.81403698736281,-96.74939926474936,43,config_2
864fc,31.77565397841012,-97.43813547748366,100,config_2
86504,31.733083289609205,-98.13385582671398,15,config_2
8650c,31.68622551393247,-98.83627550306029,20,config_2
86514,32.40782332145301,-98.83627550306029,23,config_2
8651c,32.455256936248034,-98.13385582671398,45,config_2
8653,33.50564014439569,-98.48424653420417,57,config_2
8655,33.400118050344666,-99.90181306343518,15,config_2
86564,32.29955541026602,-100.26001249402657,3,config_2
86568d,32.38370805016865,-99.76786866183328,35,config_2
86568f,32.473429481002526,-99.76786866183328,80,config_2
865694,32.43892706439313,-99.6341350278484,27,config_2
86569c,32.61824702993047,-99.6341350278484,3,config_2
8656b,32.548873802031544,-99.36730841665778,2,config_2
8656f,32.16252521721015,-99.72326726161637,7,config_2
86574,31.634986786941877,-99.54509739864785,1,config_2
8657c,31.57927923784857,-100.26001249402657,75,config_2
8659,30.518286860745835,-99.90181306343518,63,config_2
865a4,30.960008052009997,-98.83627550306029,22,config_2
865ac,31.006256252046203,-98.13385582671398,68,config_2
865b1,30.44720709035921,-98.30884408222222,72,config_2
865b24,30.555187146256856,-98.04651845312563,3,config_2
865b2c,30.56586048991763,-97.87216004899976,60,config_2
865b31,30.42590766866006,-97.91570993103981,51,config_2
865b33,30.431165278042197,-97.82863676314237,77,config_2
865b344,30.361142523108004,-97.85039507717951,7,config_2
865b34c,30.36375164116617,-97.80688511561101,53,config_2
865b354,30.31791958437281,-97.80688511561101,26,config_2
865b35c,30.315312809645107,-97.85039507717951,15,config_2
865b37,30.334287454687797,-97.91570993103981,69,config_2
865b3c,30.37210465465863,-98.04651845312563,23,config_2
865b44,30.188765074951853,-98.04651845312563,30,config_2
865b49,30.242603171254085,-97.91570993103981,71,config_2
865b4a4,30.269467104409188,-97.85039507717951,7,config_2
865b4ac,30.272071528313404,-97.80688511561101,38,config_2
865b4b4,30.226207547051636,-97.80688511561101,59,config_2
865b4bc,30.223605481461068,-97.85039507717951,52,config_2
865b4c4,30.17772801503892,-97.85039507717951,55,config_2
865b4cc,30.180327714828618,-97.80688511561101,53,config_2
865b4dc,30.131834779557764,-97.85039507717951,19,config_2
865b4f,30.15085541080973,-97.91570993103981,50,config_2
865b54,30.015731494442146,-97.87216004899976,23,config_2
865b5c,30.005173146136972,-98.04651845312563,10,config_2
865b7,30.080647732549952,-98.30884408222222,15,config_2
865bc,30.229456183789885,-98.83627550306029,82,config_2
865c1,29.666946439306688,-99.0128926396605,10,config_2
865c3,29.29878707488194,-99.0128926396605,5,config_2
865c44,29.408607178997574,-98.74811671290261,64,config_2
865c54,29.23565167078199,-98.57210164219819,6,config_2
865c589,29.39044652871884,-98.49522283487921,14,config_2
865c58a4,29.408080957546215,-98.48973448462176,8,config_2
865c58a9,29.416897411367458,-98.48699045942412,18,config_2
865c58aa4,29.42130544787075,-98.48561848431582,13,config_2
865c58aac,29.424185680736997,-98.48561848431582,30,config_2
865c58ab4,29.424010475898267,-98.48836245952685,52,config_2
865c58abc,29.421130253680627,-98.48836245952685,30,config_2
865c58ac4,29.420954996272283,-98.49110653470667,8,config_2
865c58acc,29.42383520783736,-98.49110653470667,67,config_2
865c58ad4,29.42365987654903,-98.49385070983762,70,config_2
865c58adc,29.420779675640464,-98.49385070983762,1,config_2
865c58af,29.41654692851456,-98.49247860977935,21,config_2
865c58b4,29.41890098910074,-98.50071158483473,12,config_2
865c58bc,29.407379614077243,-98.50071158483473,8,config_2
865c58d,29.41208637425538,-98.51718023147153,3,config_2
865c594,29.39845040479675,-98.55012829743514,1,config_2
865c59c,29.352357177061265,-98.55012829743514,2,config_2
865c5b,29.371151507395588,-98.61606741261737,20,config_2
865c5d,29.4633008010114,-98.61606741261737,22,config_2
865c5e4,29.490593493764127,-98.55012829743514,18,config_2
865c5ec,29.444529202733182,-98.55012829743514,7,config_2
865c5f1,29.458163608213578,-98.51718023147153,9,config_2
865c5f3,29.43512680295637,-98.51718023147153,5,config_2
865c5f44,29.441941025208795,-98.50071158483473,9,config_2
865c5f4c,29.43042145987955,-98.50071158483473,14,config_2
865c5f51,29.433827826476808,-98.49247860977935,9,config_2
865c5f53,29.428067753416755,-98.49247860977935,37,config_2
865c5f544,29.429770750657337,-98.48836245952685,1,config_2
865c5f54c,29.426890641563443,-98.48836245952685,18,config_2
865c5f554,29.427065857048802,-98.48561848431582,81,config_2
865c5f55c,29.429945976787344,-98.48561848431582,2,config_2
865c5f57,29.434178437136644,-98.48699045942412,12,config_2
865c5f5c,29.442642880284716,-98.48973448462176,3,config_2
865c5f7,29.459569854645576,-98.49522283487921,26,config_2
865c5fc,29.493416141773213,-98.50620073434655,18,config_2
865c61,29.56107795903864,-98.5281613251188,97,config_2
865c63,29.653121270711214,-98.5281613251188,23,config_2
865c65,29.647424377761023,-98.61606741261737,24,config_2
865c67,29.555391962502256,-98.61606741261737,82,config_2
865c6c,29.592755976780314,-98.74811671290261,8,config_2
865c74,29.776668968125207,-98.74811671290261,13,config_2
865c7c,29.78822624920605,-98.57210164219819,14,config_2
865c84,29.79952185716575,-98.39649382124541,21,config_2
865c89,29.658753022504452,-98.4403573420946,24,config_2
865c8b,29.566698942580587,-98.4403573420946,56,config_2
865c8d,29.572255086264185,-98.35265604392654,72,config_2
865c8f,29.66431980673125,-98.35265604392654,3,config_2
865c94,29.626515748431625,-98.22129789306325,36,config_2
865c9c,29.81055718612046,-98.22129789306325,20,config_2
865ca4,29.821333652336968,-98.04651845312563,41,config_2
865cac,29.83185269379977,-97.87216004899976,61,config_2
865cb4,29.647730670860483,-97.87216004899976,7,config_2
865cbc,29.63725142231586,-98.04651845312563,65,config_2
865cd,29.365924716786814,-97.95928633924419,3,config_2
865ce4,29.257725688609163,-98.22129789306325,1,config_2
865cec,29.442236944118477,-98.22129789306325,13,config_2
865cf3,29.480131424651383,-98.35265604392654,37,config_2
865cf44,29.452940364021885,-98.41842236824124,7,config_2
865cf4c,29.499012804332434,-98.41842236824124,16,config_2
865cf54,29.4962225714295,-98.46229873376596,26,config_2
865cf5c,29.450152831421047,-98.46229873376596,75,config_2
865cf7,29.382414766268383,-98.4403573420946,73,config_2
865cfc,29.246817280680546,-98.39649382124541,20,config_2
865d4,28.800767770339537,-98.13385582671398,6,config_2
865dc,28.756549512130285,-98.83627550306029,4,config_2
865f,29.05146194995472,-99.90181306343518,34,config_2
87c01,39.71387448327644,-94.8935627223328,22,config_2
87c064,39.30445050986651,-94.81059550583717,4,config_2
87c07b,39.340658728187925,-94.93509287631336,93,config_2
87c07d,39.257810505783475,-94.93509287631336,38,config_2
87c084,39.131569550084656,-94.97665398592595,2,config_2
87c08c,39.13852991103739,-94.81059550583717,88,config_2
87c091,39.012089709970745,-94.85206358017719,19,config_2
87c093,39.01550242118734,-94.76915855510096,52,config_2
87c095,38.93221543531459,-94.76915855510096,94,config_2
87c097,38.928804842409484,-94.85206358017719,20,config_2
87c09c,38.9652227788756,-94.97665398592595,9,config_2
87c0a4,38.79844379907593,-94.97665398592595,23,config_2
87c0b4,38.638168938479836,-94.81059550583717,3,config_2
87c0bc,38.805386884063125,-94.81059550583717,76,config_2
87c0d,38.73176021645834,-94.56244259389422,64,config_2
87c0e4,38.985311088833,-94.47997600454927,12,config_2
87c0e9,38.93884499887653,-94.60372309687371,86,config_2
87c0ea4,38.91554947787709,-94.66570270831089,47,config_2
87c0eac,38.913892366694746,-94.70706160729246,20,config_2
87c0eb4,38.95556366655958,-94.70706160729246,42,config_2
87c0ebc,38.95722129585071,-94.66570270831089,35,config_2
87c0ec4,38.998866088380524,-94.66570270831089,45,config_2
87c0ecc,38.997207944820545,-94.70706160729246,32,config_2
87c0ed4,39.03882516647192,-94.70706160729246,17,config_2
87c0edc,39.04048382046611,-94.66570270831089,15,config_2
87c0ee4,39.04212655238624,-94.6243751265977,56,config_2
87c0eec,39.00050831490376,-94.6243751265977,32,config_2
87c0ef4,39.00213465673393,-94.5830789170299,34,config_2
87c0efc,39.043753394589935,-94.5830789170299,74,config_2
87c0f4,39.145233512559905,-94.64503499936119,51,config_2
87c74,38.22161677122893,-94.72775278355441,49,config_2
87c7c,37.54427061638786,-94.72775278355441,92,config_2
87c84,36.86033875522362,-94.72775278355441,98,config_2
87c9c,36.1699997127124,-94.72775278355441,89,config_2
87cb,35.135299661123526,-94.39763566548027,29,config_2
8744,39.85287102346122,-108.04801051576172,2,config_2
8754,41.810147153429085,-111.09373110894856,92,config_2
875c,42.34886504904946,-108.04801051576172,48,config_2
54a04,46.510712029528854,-116.58318640435611,85,config_2
54a0c,45.98302290415068,-116.06060021784302,10,config_2
54a14,45.775177155762165,-116.8955248936224,8,config_2
54a1c,46.29527448275069,-117.4295907902205,3,config_2
54a3,45.70483978919539,-118.4140395570941,54,config_2
54a5,44.69226128587824,-117.34281150656953,79,config_2
54a7,45.0989885315499,-115.71338877957893,45,config_2
54a9,44.06820186927229,-114.7420407576597,14,config_2
54ab,43.051057110495165,-113.82317385073857,27,config_2
54ad,42.69885754621541,-115.36623146951,76,config_2
54ae1,43.172297076078024,-116.5475669604974,5,config_2
54ae3,43.418201518967464,-116.79504946553985,5,config_2
54ae44,43.43020126567081,-116.43849927732597,61,config_2
54ae4c,43.553988777092684,-116.56210831712814,68,config_2
54ae504,43.538113473886874,-116.3926349994847,8,config_2
54ae509,43.5394951439982,-116.34801677148441,1,config_2
54ae50b,43.545578815413485,-116.32340476146409,39,config_2
54ae50d,43.56110603521716,-116.33879341650373,63,config_2
54ae50f,43.55501559132915,-116.36341550818852,22,config_2
54ae511,43.57053894140064,-116.37882711465775,29,config_2
54ae513,43.57663616459451,-116.35419493999846,28,config_2
54ae515,43.59216919684842,-116.36960934442654,29,config_2
54ae517,43.58606518751149,-116.39425160335782,31,config_2
54ae51c,43.56913981827311,-116.42348841755178,32,config_2
54ae524,43.60017769234668,-116.45439339706833,11,config_2
54ae52c,43.63122704222955,-116.48535003777106,5,config_2
54ae534,43.64349439867305,-116.43600050858115,70,config_2
54ae53c,43.612417804835665,-116.4050841698133,15,config_2
54ae541,43.61381007159595,-116.36038154383634,22,config_2
54ae543,43.619909159022754,-116.33572370379082,25,config_2
54ae545,43.63546156357451,-116.35114369620457,48,config_2
54ae547,43.629355684966406,-116.37581164820902,51,config_2
54ae549,43.64490418788891,-116.39125466972862,38,config_2
54ae54b,43.66045557361522,-116.40671062092736,31,config_2
54ae54d,43.66657505513937,-116.38202244109702,32,config_2
54ae54f,43.651016864528124,-116.36657660445832,31,config_2
54ae554,43.66795870427063,-116.33726804997076,66,config_2
54ae559,43.6476557194832,-116.30179957917059,6,config_2
54ae55b,43.64156157604583,-116.32647300239988,60,config_2
54ae55d,43.626002384650334,-116.31106313449698,45,config_2
54ae55f,43.63208974559044,-116.2863998483217,19,config_2
54ae564,43.605708388329354,-116.27564881481402,52,config_2
54ae56c,43.59354227265436,-116.32493958182617,39,config_2
54ae574,43.562461693861714,-116.29416682749908,53,config_2
54ae57c,43.574600744266725,-116.24491654224852,97,config_2
54ae5c,43.478766968967335,-116.24203040352872,57,config_2
54ae7,43.26887526705082,-116.1568882675859,3,config_2
54ae9,43.36397951896133,-115.76555836928306,5,config_2
54aeb,43.457598816368254,-115.37362724179869,1,config_2
54aef1,43.57012222418253,-116.02666880060974,1,config_2
54aef3,43.507789991660324,-115.96579689525605,1,config_2
54aef5,43.48384031657126,-116.0640755869524,3,config_2
54aef64,43.52448250107923,-116.13442636140839,25,config_2
54aef6c,43.53652089451598,-116.08523616548925,5,config_2
54aef74,43.567658798212456,-116.11578446308921,58,config_2
54aef79,43.5663933243986,-116.16036129462033,44,config_2
54aef7b,43.55083148191644,-116.14505907380531,21,config_2
54aef7d,43.544796358009286,-116.16966681406572,13,config_2
54aef7f,43.56035146773117,-116.18497918831972,35,config_2
54aef81,43.57590953450725,-116.20030439907359,52,config_2
54aef83,43.58195813076086,-116.1756763504585,51,config_2
54aef85,43.597525894358256,-116.19100425385196,86,config_2
54aef87,43.59147055168843,-116.21564245884714,37,config_2
54aef89,43.60703451261184,-116.23099338017069,45,config_2
54aef8b,43.62260141060076,-116.24635717558509,13,config_2
54aef8d,43.628670266609554,-116.22169865348594,42,config_2
54aef8f,43.61309660853202,-116.20634501734334,98,config_2
54aef94,43.62997028165375,-116.17703507663535,89,config_2
54aef9c,43.59880861162842,-116.1463840666699,35,config_2
54aefd,43.69493048084211,-116.14902826033067,3,config_2
54aefec,43.661143754957344,-116.20773759355966,43,config_2
54aeff4,43.6489974886852,-116.25709048976887,91,config_2
54aeff9,43.66931965998638,-116.2925259319393,47,config_2
54aeffb,43.67540883733176,-116.26783692351147,45,config_2
54aeffd,43.690994204022154,-116.28324217600219,1,config_2
54aefff,43.684898239194005,-116.30794134933555,18,config_2
54af4,44.037926550423144,-116.17841047267393,99,config_2
54af9,44.01397463682888,-116.9016302143173,4,config_2
54afa9,43.77085298834612,-116.47035832982436,4,config_2
54afaa4,43.730255364968514,-116.39909420829296,26,config_2
54afaa9,43.709948648645195,-116.36352775986855,8,config_2
54afaab,43.69437107481591,-116.34807630093731,66,config_2
54afaad,43.68825654276914,-116.37278014340514,24,config_2
54afaaf,43.70382730667587,-116.38824174473243,31,config_2
54afab4,43.68685362850276,-116.41756749029383,18,config_2
54afabc,43.71798044037568,-116.44854700930688,22,config_2
54afad,43.68397956605207,-116.50717850296289,95,config_2
54afaf,43.74617387331362,-116.56936267169381,2,config_2
54afb4,43.677958139114224,-116.68654351587482,3,config_2
54afd,43.66481923761525,-117.04582710893777,7,config_2
54aff,43.9121221485457,-117.29995019941629,1,config_2
54b4,42.60105252435535,-118.16833124175848,40,config_2
54b84,43.4519711572171,-120.67019682978226,9,config_2
54b89,43.74393077390025,-121.28950595634689,10,config_2
54b8b,43.97792688677577,-121.57576047640505,26,config_2
54b8c4,44.0102176759002,-121.20557147240805,95,config_2
54b8cc,44.12805497378892,-121.34881083620567,70,config_2
54b8d4,44.18865703154627,-121.14897795084488,23,config_2
54b94,44.15919725763274,-120.43610234087129,9,config_2
54b9c,43.681998271763,-119.8811683842587,1,config_2
54bb,44.26030792215236,-118.95750915810693,10,config_2
54bd,45.241736178632564,-120.06858282186246,88,config_2
54be4,45.11798732524106,-121.58886857534259,29,config_2
54bec,44.63795211099848,-121.0052111212463,39,config_2
54bf4,44.391904974859656,-121.81123068005338,60,config_2
54bf9,44.68158898096046,-122.4558963583206,6,config_2
54bfb,44.809217663388914,-122.05138088429021,8,config_2
54bfd,45.04633720700083,-122.35003276692846,4,config_2
54bfe4,45.00806881846334,-122.73069433115619,25,config_2
54bfec,44.890261439316056,-122.57969236762722,3,config_2
54bff4,44.825282755970896,-122.78227188590266,4,config_2
54bff9,44.89683021561005,-122.9464701848918,2,config_2
54bffd,44.988324342033636,-122.92102301976797,4,config_2
54bffe4,44.97829963188033,-123.01618409972016,27,config_2
54bffec,44.94899186301152,-122.9781228369328,23,config_2
54bfff1,44.9439661807125,-123.02566523546737,87,config_2
54bfff3,44.92932546756857,-123.00663787111517,8,config_2
54bfff5,44.921091805877,-123.03197671399049,2,config_2
54bfff7,44.9357240914562,-123.05101155363725,25,config_2
54bfffc,44.9618015742647,-123.06691311129309,7,config_2
80a4,40.45917752648626,-117.17353159273283,49,config_2
80ac,41.179309062574944,-114.14393537153407,78,config_2
80b4,38.69923312940009,-114.14393537153407,59,config_2
80b9,37.54334868019451,-116.41938900264319,56,config_2
80bb,38.80260971572387,-116.41938900264319,14,config_2
80bd,38.42574400799265,-117.92490017414548,26,config_2
80bf,37.17059355256716,-117.92490017414548,15,config_2
5341,47.6081209328702,-109.93728561808545,12,config_2
53424,47.65351126337343,-111.44301717141765,37,config_2
5342c,47.481276761957204,-112.30448605757401,15,config_2
53434,46.91835023497737,-111.84654522349557,86,config_2
5343c,47.08415078591966,-110.99934564920936,21,config_2
53444,46.51890610923327,-110.56942472236398,6,config_2
5344c,46.3593095463017,-111.40259381065985,13,config_2
53454,45.804383132863116,-110.97209410435416,80,config_2
5345c,45.95799914919805,-110.1527124825861,14,config_2
5347,46.459904021308915,-109.1207771466117,10,config_2
53481,45.852057891135786,-108.03107899657321,1,config_2
534864,45.69833573485889,-108.48806559450713,26,config_2
53487a4,45.83439940368111,-108.49499867964492,1,config_2
53487ac,45.79909691544605,-108.47138801896446,8,config_2
53487b4,45.79065812864781,-108.52185907300222,95,config_2
53487bc,45.82594008651223,-108.54552499522111,2,config_2
53487c4,45.817454972052595,-108.5960569581434,11,config_2
53487cc,45.78219359809406,-108.57233584171733,80,config_2
53487d4,45.773703320224456,-108.62281821026319,10,config_2
53487dc,45.80894405681257,-108.64659445324334,5,config_2
5348c,45.54294872249074,-108.94362015320151,45,config_2
53494,44.98597158060743,-108.56537729549225,2,config_2
5349c,45.11561412300014,-107.7753932197069,1,config_2
534b,44.22203080004959,-107.63420332078704,7,config_2
534d,43.96538892291378,-109.17734588141407,6,config_2
534f,45.05349645428964,-109.9507786452216,100,config_2
5351,44.75054246871742,-111.54991429405176,72,config_2
5353,43.68461917643636,-110.72544629199525,50,config_2
53541,43.88915064746232,-112.00896067627552,58,config_2
53545,43.54893840317887,-112.18717371896359,67,config_2
53547,43.62737970849574,-111.79826292826023,1,config_2
5354c,43.19881473213263,-111.6800612155514,2,config_2
53554,43.043319215508525,-112.4489437696075,26,config_2
5355c,43.55734806961038,-112.87897889684928,18,config_2
5357,44.422004008217534,-113.14818896125877,5,config_2
5359,45.479660248961444,-114.07273505959277,31,config_2
535b,45.83363430908529,-112.42452365785347,65,config_2
535c4,46.56531625405957,-113.53808355521672,13,config_2
535cc,46.74539120867095,-112.69296364318917,12,config_2
535d4,47.30166702726149,-113.16475070478317,14,config_2
535d9,47.30045112903804,-113.93160923259923,6,config_2
535dcc4,46.86171814699898,-113.95751402804059,85,config_2
535dcd9,46.83837962684935,-114.01640372946115,12,config_2
535dcdb,46.84429142666408,-113.9897964152286,8,config_2
535dcdd,46.86142620405306,-114.00508433371837,77,config_2
535dcdf,46.85550754362005,-114.03170443152922,14,config_2
535dcf,46.90724215171903,-114.03004023808859,76,config_2
535dd4,46.837336656948814,-114.15915241577468,5,config_2
535ddc,46.97423551540944,-114.28259478518439,2,config_2
535df,47.20427515669001,-114.36200399141323,1,config_2
535f,46.55100149450924,-115.05257732707402,35,config_2
8764,42.79515360295937,-105.03236346529708,29,config_2
876c,40.29416073145462,-105.03236346529708,60,config_2
8774,40.646595252771654,-102.0718280662253,84,config_2
877c,43.15114710263331,-102.0718280662253,22,config_2
8784,43.42119333788496,-99.18990521297464,32,config_2
878c,43.61150136204474,-96.40773576934623,31,config_2
87904,41.99538434578463,-97.43813547748366,31,config_2
8790c,41.36092038187326,-97.43813547748366,30,config_2
87914,41.40343489544607,-96.74939926474936,56,config_2
8791c,42.038007974899514,-96.74939926474936,34,config_2
87924,42.07607891199186,-96.06791937864303,11,config_2
879384,41.214590906984775,-95.81428853484881,26,config_2
8793881,41.13958998151665,-95.9092753881462,36,config_2
8793883,41.138504505446264,-95.93040394687645,24,config_2
8793885,41.158561191081304,-95.93040394687645,29,config_2
8793887,41.159646769931484,-95.9092753881462,22,config_2
879388c,41.18917623945357,-95.9198387432287,38,config_2
8793894,41.18699621607522,-95.96211063966837,78,config_2
879389c,41.146897425567566,-95.96211063966837,81,config_2
87938a4,41.144700675658925,-96.00441205201167,25,config_2
87938ac,41.14248675724379,-96.04674291893367,61,config_2
87938b4,41.18258471620395,-96.04674291893367,79,config_2
87938bc,41.184799052130074,-96.00441205201167,42,config_2
87938c4,41.2248688747453,-96.00441205201167,56,config_2
87938cc,41.22265412593901,-96.04674291893367,33,config_2
87938d4,41.262694962050645,-96.04674291893367,17,config_2
87938dc,41.26491011911447,-96.00441205201167,93,config_2
87938e4,41.267108097356115,-95.96211063966837,67,config_2
87938ec,41.227066448132064,-95.96211063966837,57,config_2
87938f4,41.22924687752488,-95.9198387432287,97,config_2
87938f9,41.259823604205,-95.9092753881462,2,config_2
87938fa4,41.254004862325644,-95.9251211140415,28,config_2
87938fac,41.25346076282608,-95.93568724161423,27,config_2
87938fb4,41.26346945064387,-95.93568724161423,28,config_2
87938fbc,41.264013575111086,-95.9251211140415,32,config_2
87938fd,41.2787513445638,-95.93040394687645,2,config_2
87938ff,41.279837528174156,-95.9092753881462,2,config_2
879394,41.365989673432814,-95.98325766018019,47,config_2
8793b,41.60957437374421,-95.8987138825821,7,config_2
8793d,41.59168827751169,-96.23759466618242,3,config_2
8793e4,41.34784575928842,-96.32260724129291,1,config_2
8793ec,41.35705609058244,-96.15269854577356,52,config_2
8793f1,41.234790057608556,-96.1951320179046,13,config_2
8793f3,41.239323411220845,-96.1102943120119,64,config_2
8793f5,41.15918584943838,-96.1102943120119,51,config_2
8793f7,41.15465418889395,-96.1951320179046,4,config_2
8793fc,41.18780769252191,-96.32260724129291,17,config_2
87941,40.951526290404686,-96.23759466618242,42,config_2
87945,40.64651790192333,-95.8987138825821,25,config_2
87946c,40.884466057473276,-95.98325766018019,2,config_2
879471,41.007418325870596,-95.94097099813557,9,config_2
879475,41.083395131920504,-96.02557380749096,4,config_2
8794764,41.106770101176345,-95.96211063966837,56,config_2
879476c,41.066614267654415,-95.96211063966837,34,config_2
8794774,41.06879304560312,-95.9198387432287,1,config_2
879477c,41.108949298840706,-95.9198387432287,19,config_2
87947c,41.05407592019669,-95.81428853484881,12,config_2
87954,40.18347133353734,-95.39395513481692,24,config_2
8795c,40.150132040497795,-96.06791937864303,30,config_2
87964,40.11241072280072,-96.74939926474936,96,config_2
87969,40.60980253094514,-96.57833866136845,27,config_2
8796a4,40.85689643168396,-96.49297974540691,11,config_2
8796ac,41.017838290345814,-96.49297974540691,5,config_2
8796b4,41.00808318029977,-96.6638120059594,9,config_2
8796b9,40.884943847775695,-96.70659142835461,49,config_2
8796bb,40.889888837320825,-96.62106106216318,24,config_2
8796bd,40.80930753039419,-96.62106106216318,70,config_2
8796be4,40.78544430277923,-96.68519816136498,19,config_2
8796be9,40.816305132438714,-96.67450419420958,9,config_2
8796beb,40.83645721499665,-96.67450419420958,14,config_2
8796bed,40.83521687855339,-96.69589390641657,12,config_2
8796bee4,40.81979282607447,-96.70124244533793,72,config_2
8796beec,40.82041404872649,-96.69054581171683,4,config_2
8796bef4,40.810336288598954,-96.69054581171683,2,config_2
8796befc,40.809715098098906,-96.70124244533793,40,config_2
8796bf4,40.823273104281,-96.7279917988472,44,config_2
8796bfc,40.782955451652896,-96.7279917988472,5,config_2
8796d,40.91251646489407,-96.92091345144947,23,config_2
8796f,40.58976906346002,-96.92091345144947,20,config_2
87974,40.71915219453123,-97.43813547748366,46,config_2
8797c,40.070182502907144,-97.43813547748366,17,config_2
87984,40.02332681373885,-98.13385582671398,9,config_2
8798c,39.97172786799671,-98.83627550306029,67,config_2
87994,40.620331365630534,-98.83627550306029,85,config_2
87999,40.820697796814436,-98.30884408222222,76,config_2
8799b,40.49810647471476,-98.30884408222222,19,config_2
8799d,40.52278116618243,-97.95928633924419,26,config_2
8799f,40.84541482909882,-97.95928633924419,1,config_2
879b,41.606421620925396,-98.48424653420417,38,config_2
879d,41.492537434213524,-99.90181306343518,24,config_2
879f,40.210213697415384,-99.90181306343518,81,config_2
549364,46.139629486184624,-123.92441059070664,73,config_2
54936c,46.2581773069839,-124.08450039849525,2,config_2
549374,46.328481344558476,-123.87567149510258,3,config_2
54937ac,46.22784809775462,-123.85405618607425,23,config_2
54937b4,46.19812205310371,-123.8141694558353,89,config_2
54937bc,46.21554953785096,-123.76203407806113,2,config_2
54937d,46.16222313461763,-123.72841366154847,2,config_2
54944,46.0807264098345,-122.80134019839946,44,config_2
54949,45.996297469706725,-123.58236268423515,14,config_2
5494a4,45.95152819808047,-123.97267575781257,82,config_2
5494b4,45.76417876902437,-124.02047407919807,21,config_2
5494bc,45.83354431886302,-123.81407485023365,2,config_2
5494d,45.62236260726557,-123.68089881363895,22,config_2
5494f,45.75866279079122,-123.26853181263735,12,config_2
549501,45.66037802468876,-122.91968181257504,3,config_2
549503,45.62693254583949,-123.02282408180253,7,config_2
5495044,45.59068576471431,-122.93915741391251,9,config_2
5495051,45.555878889352684,-122.94886901091884,6,config_2
5495053,45.54753832223935,-122.97459807238448,66,config_2
5495055,45.53268884975025,-122.95533373668647,71,config_2
5495057,45.54102085280857,-122.9296124103441,20,config_2
549505c,45.56094313992627,-122.90063759249483,74,config_2
549507,45.60078650920949,-122.84261582138784,78,config_2
5495084,45.56438413146292,-122.75922464350096,31,config_2
549508c,45.547805079518234,-122.81071529893603,87,config_2
5495094,45.518031908111034,-122.77234612066754,87,config_2
54950984,45.51720284555774,-122.72582165554388,7,config_2
54950989,45.51843920596567,-122.71378098604536,4,config_2
5495098a4,45.51905677645969,-122.70776064374436,93,config_2
5495098ac,45.52008918625941,-122.70454458733757,9,config_2
5495098b4,45.52195195749798,-122.70693726597814,2,config_2
5495098d,45.52422976975454,-122.7121349162451,9,config_2
5495098f,45.52216409906417,-122.71856742349537,3,config_2
54950994,45.528784779508136,-122.72253225965096,2,config_2
5495099c,45.52465109791729,-122.73539786690098,2,config_2
549509b,45.53789233682927,-122.74333511785996,2,config_2
549509d,45.54616312038097,-122.71759448300428,15,config_2
549509e4,45.537047684510135,-122.69679576067433,35,config_2
549509ec,45.5329169752946,-122.70966489044866,23,config_2
549509f4,45.52546446334424,-122.70009260976938,41,config_2
549509f9,45.52669753056197,-122.68805028512281,16,config_2
549509fb,45.530424552793335,-122.69283475524867,10,config_2
549509fd,45.53248873714313,-122.68640048907676,23,config_2
549509ff,45.52876118272464,-122.68161651146923,55,config_2
54950a004,45.52648129344365,-122.67642072025001,18,config_2
54950a00c,45.524617474161055,-122.6740294919911,48,config_2
54950a014,45.523586073547534,-122.6772461806188,42,config_2
54950a01c,45.525449759828746,-122.67963753207295,22,config_2
54950a024,45.52441813328059,-122.68285423418067,45,config_2
54950a02c,45.523386413811124,-122.68607082655161,9,config_2
54950a034,45.52152299354715,-122.68367922881009,12,config_2
54950a03c,45.52255458000559,-122.68046275956567,35,config_2
54950a044,45.52069103489058,-122.67807151787139,20,config_2
54950a04c,45.51965958142966,-122.68128786397885,37,config_2
54950a054,45.517796177477244,-122.67889673203607,95,config_2
54950a05c,45.5188274979542,-122.67568050907593,27,config_2
54950a064,45.519858725524294,-122.67246417648205,36,config_2
54950a06c,45.521722395439845,-122.67485506209579,42,config_2
54950a074,45.5227536630655,-122.67163849667374,79,config_2
54950a07c,45.520889860175615,-122.66924773427601,21,config_2
54950a09,45.51757871527425,-122.66727016973095,40,config_2
54950a0b,45.5138512918891,-122.66248991892985,13,config_2
54950a0d,45.51178976739299,-122.66892172167663,72,config_2
54950a0e4,45.51406939414219,-122.67411516672841,38,config_2
54950a0ec,45.515100448691754,-122.67089919009422,20,config_2
54950a0f4,45.51696396921505,-122.6732897331575,27,config_2
54950a0fc,45.51593278170855,-122.67650583295986,33,config_2
54950a11,45.513454231198715,-122.68013432255529,86,config_2
54950a13,45.50972787136083,-122.6753530863257,55,config_2
54950a15,45.50766560388803,-122.68178401270428,27,config_2
54950a17,45.51139143189449,-122.6865657412363,41,config_2
54950a19,45.51511729255821,-122.69134840095778,8,config_2
54950a1b,45.51718062380203,-122.6849164900577,83,config_2
54950a1d,45.52090704902181,-122.68969958900765,61,config_2
54950a1f,45.518843185730255,-122.69613199204339,10,config_2
54950a3,45.508095070323755,-122.70503419632178,89,config_2
54950a5,45.49319720780043,-122.68590608676298,74,config_2
54950a64,45.4956557150549,-122.66184074677997,19,config_2
54950a6c,45.50310770481749,-122.67139812636321,43,config_2
54950a74,45.5072299018849,-122.65853687515086,48,config_2
54950a7c,45.49977578624879,-122.64898146687186,28,config_2
54950a9,45.48653660876108,-122.64108371265209,77,config_2
54950ab,45.471631314451734,-122.62199324817144,86,config_2
54950ad,45.46340307183827,-122.6476945142619,73,config_2
54950af,45.478299871801276,-122.66679286312996,40,config_2
54950b1,45.47005720113569,-122.6924950201276,62,config_2
54950b3,45.455168897984805,-122.67338880438462,29,config_2
54950b5,45.44692879897792,-122.69907610750691,41,config_2
54950b7,45.46180860286365,-122.71819017261524,55,config_2
54950b9,45.47668892895991,-122.73731910183155,63,config_2
54950bb,45.48494603340727,-122.7116161053194,62,config_2
54950bd,45.49983538528764,-122.73075207109514,22,config_2
54950bf,45.49156976775489,-122.75646290626537,42,config_2
54950c1,45.48329822385901,-122.78216669083002,52,config_2
54950c3,45.47502075974214,-122.80786341380802,53,config_2
54950c5,45.46015695439413,-122.78870398472259,46,config_2
54950c7,45.468425900579085,-122.76301506529397,54,config_2
54950c9,45.45355408309313,-122.74387830958439,62,config_2
54950cb,45.43868278091285,-122.72475641261745,39,config_2
54950cd,45.43043084989338,-122.7504297087263,26,config_2
54950cf,45.44529364794069,-122.76955942004808,37,config_2
54950d4,45.42546683575761,-122.79849533207965,94,config_2
54950d9,45.44360133317194,-122.8400606476493,57,config_2
54950db,45.45188209654293,-122.81438584915477,56,config_2
54950dd,45.46673738155492,-122.83355306423988,54,config_2
54950df,45.458448095456596,-122.85923563118749,29,config_2
54950e1,45.47329533332874,-122.87842547923847,31,config_2
54950e3,45.48814303725107,-122.8976302028084,21,config_2
54950e5,45.496449389469376,-122.87193211545116,41,config_2
54950e7,45.481593149042915,-122.85273514932803,37,config_2
54950e9,45.48988505446004,-122.82703771836232,47,config_2
54950eb,45.498171043408114,-122.80133319727622,59,config_2
54950ed,45.5130443496885,-122.82051459571605,36,config_2
54950ef,45.50474982901014,-122.84622690944317,35,config_2
54950f1,45.51961507384163,-122.86543099810802,35,config_2
54950f3,45.52791813314923,-122.83971089723283,38,config_2
54950f5,45.54279238422623,-122.85892211290957,42,config_2
54950f7,45.53448077939069,-122.88464999541395,31,config_2
54950f9,45.52616325092235,-122.91037073492822,46,config_2
54950fb,45.511306093283736,-122.89114397364085,50,config_2
54950fd,45.50299119767319,-122.91684981290295,54,config_2
54950ff,45.51783980503172,-122.9360843205274,60,config_2
54951004,45.51530395722672,-122.9601772132316,24,config_2
5495100c,45.51113673218516,-122.9730295950915,36,config_2
54951014,45.50371766614913,-122.96340378770249,22,config_2
5495101c,45.50788275187805,-122.95055333510895,28,config_2
5495103,45.49467039321617,-122.94254850498774,39,config_2
5495105,45.48634368612734,-122.96824003901021,11,config_2
5495107,45.50117518586812,-122.98748998638912,3,config_2
549510c,45.48125185086533,-123.01639277495796,2,config_2
549511c,45.46825493246871,-122.92655394005118,10,config_2
549513,45.41546108083697,-122.8946250604236,35,config_2
549515,45.38223736110229,-122.99716688522332,5,config_2
549517,45.44140428964642,-123.07412642929737,1,config_2
549519,45.50057773123603,-123.15132365859832,27,config_2
54951a4,45.51089000086684,-123.05494551702208,44,config_2
54951a9,45.51600710921015,-123.0067548310417,27,config_2
54951aa4,45.518555904811926,-122.9826591285433,26,config_2
54951aac,45.52272527002606,-122.96980481812163,23,config_2
54951ab4,45.5301466890774,-122.97943615115214,29,config_2
54951abc,45.5259751828308,-122.99229238942932,33,config_2
54951ad,45.53919183922558,-123.00031993367642,64,config_2
54951af,45.53083944656461,-123.0260345839202,1,config_2
54951b4,45.55727207593876,-123.04212000090983,6,config_2
54951bc,45.5405297464926,-123.09355787961901,31,config_2
54951d,45.59339209373215,-123.1258501314257,4,config_2
54951f,45.55975707229058,-123.2287592665428,2,config_2
54953,45.387007906721884,-123.36900144724818,24,config_2
549544,45.243795988280354,-123.03549590885348,30,config_2
54954c,45.17719831865168,-123.23953026987837,60,config_2
549554,45.05986072563618,-123.0861792162156,17,config_2
54955c,45.12591525133184,-122.88262701931349,15,config_2
549564,45.19159928856739,-122.67862935948932,21,config_2
54956c,45.310022002439766,-122.83100725898468,71,config_2
549571,45.329735089057436,-122.63925646910941,39,config_2
549573,45.38915857774362,-122.7154945942373,73,config_2
5495744,45.39895967699165,-122.6194647461854,31,config_2
549574c,45.4287245144053,-122.65759596697339,52,config_2
5495751,45.43361111800288,-122.60954239617796,2,config_2
5495753,45.448506817410234,-122.62861102899812,33,config_2
5495755,45.456726572598114,-122.60291765256096,56,config_2
5495757,45.441822392685935,-122.58385691463454,25,config_2
549575c,45.415368654422686,-122.56813131981727,11,config_2
549577,45.36249877516487,-122.53673942058207,18,config_2
54957c,45.25690974120018,-122.47419175284617,1,config_2
549584,45.32184354756758,-122.26931980053114,7,config_2
54958c,45.38639768122647,-122.06401918838041,2,config_2
549594,45.506438807969616,-122.21487104310319,48,config_2
5495984,45.51070121712929,-122.4004943012694,79,config_2
5495989,45.505920260533024,-122.44861188651659,37,config_2
549598b,45.49773620502434,-122.47434678090113,43,config_2
549598d,45.48278966017756,-122.45532577948279,18,config_2
549598f,45.49096525030632,-122.42959888482544,31,config_2
5495994,45.464453180043336,-122.41396557173343,6,config_2
549599c,45.48076705949738,-122.36252212942001,5,config_2
54959b,45.42774198470452,-122.33137635794274,1,config_2
54959d,45.395167868097275,-122.43411248023591,5,config_2
54959e4,45.43175392951714,-122.51677025611298,41,config_2
54959ec,45.44811545407697,-122.46538164374758,4,config_2
54959f4,45.47798194434652,-122.50341785392995,95,config_2
54959f9,45.47314827241479,-122.5515100684945,32,config_2
54959fb,45.458227138972696,-122.5324651727557,24,config_2
54959fd,45.45002773502382,-122.5581645031336,40,config_2
54959ff,45.46494039295182,-122.57721732870046,50,config_2
5495a01,45.47985361974724,-122.59628501716708,49,config_2
5495a03,45.488069981655485,-122.57056983232405,53,config_2
5495a05,45.50299225720911,-122.58964447548155,75,config_2
5495a07,45.49476740592437,-122.61536757974513,66,config_2
5495a084,45.50389437164862,-122.6361204387594,32,config_2
5495a08c,45.508011470492946,-122.62325766382638,36,config_2
5495a094,45.51546983694759,-122.63280912291428,66,config_2
5495a09c,45.511350612849014,-122.64567387354,57,config_2
5495a0a4,45.518806988114285,-122.6552310328246,81,config_2
5495a0a9,45.52336838804552,-122.66561812513051,61,config_2
5495a0ab,45.527096409177474,-122.67039974602508,92,config_2
5495a0ad,45.52915878567122,-122.66396558764853,40,config_2
5495a0af,45.525430232645725,-122.6591844599886,11,config_2
5495a0b4,45.53038697345907,-122.65192321798682,44,config_2
5495a0bc,45.52292833833318,-122.642364307167,49,config_2
5495a0d,45.532838469246386,-122.6278384447301,80,config_2
5495a0e4,45.52370382150181,-122.6070743801594,29,config_2
5495a0ec,45.51958757341892,-122.61994262465865,28,config_2
5495a0f4,45.51212708202085,-122.61039314345791,24,config_2
5495a0fc,45.51624120547196,-122.59752687904047,24,config_2
5495a11,45.52614248271844,-122.58299601295397,57,config_2
5495a13,45.54107436313335,-122.60209252199853,54,config_2
5495a15,45.54930429398572,-122.57633961499812,35,config_2
5495a17,45.53436391533193,-122.55725105000776,34,config_2
5495a19,45.51942409785819,-122.5381773972811,51,config_2
5495a1b,45.51121115654193,-122.56391441095516,39,config_2
5495a1d,45.49628039411589,-122.5448477047389,53,config_2
5495a1f,45.50448485107655,-122.5191186455293,48,config_2
5495a21,45.512683346494306,-122.49338266583429,47,config_2
5495a23,45.527631075101965,-122.51243344559578,45,config_2
5495a25,45.53583208222608,-122.48668256705689,25,config_2
5495a27,45.52087587433475,-122.46763977681408,17,config_2
5495a2c,45.54063784974779,-122.43852603515344,37,config_2
5495a34,45.570576881470984,-122.47661742208858,5,config_2
5495a39,45.565746242269526,-122.52481289273678,14,config_2
5495a3b,45.55078887470832,-122.5057402685845,34,config_2
5495a3d,45.542579381348546,-122.53149913149956,40,config_2
5495a3f,45.557528255722026,-122.55057973486005,33,config_2
5495a5,45.6072594946009,-122.55966380656399,50,config_2
5495a64,45.597470783103056,-122.65615840444629,36,config_2
5495a69,45.57918669671908,-122.61456152692676,6,config_2
5495a6b,45.564245224294275,-122.59544310354131,29,config_2
5495a6d,45.55600678826134,-122.62120394935235,89,config_2
5495a6f,45.57093974856396,-122.64033030627918,56,config_2
5495a71,45.5626868323772,-122.66609206614204,100,config_2
5495a73,45.54776238669269,-122.64695779329665,89,config_2
5495a744,45.54530464016502,-122.67105222493718,22,config_2
5495a74c,45.537845741133786,-122.66148585677611,30,config_2
5495a754,45.53372013607605,-122.67435653050863,62,config_2
5495a75c,45.541176906388756,-122.68392487170955,26,config_2
5495a77,45.554427954274686,-122.69184679541128,77,config_2
5495a79,45.56934439461358,-122.71100389672745,50,config_2
5495a7b,45.577611796748286,-122.68524127450442,77,config_2
5495a7d,45.592537270241095,-122.70440542962204,33,config_2
5495a7f,45.58426133714323,-122.73017593942818,58,config_2
5495ac,45.68046779773375,-122.72628331482727,91,config_2
5495bc,45.62652357665749,-122.36667527155068,15,config_2
5495f,45.54292692615821,-121.83018752066076,44,config_2
5497,46.22908782612636,-121.23921488820876,50,config_2
549c,47.48393589487549,-119.2679952148927,60,config_2
53604,47.25695293663096,-116.25875004888053,15,config_2
5360c,47.46581540128125,-115.39271187573394,15,config_2
53614,48.013724234457705,-115.92148768826333,31,config_2
5361c,47.79712096083326,-116.80017255405274,89,config_2
5363,48.7264976436732,-117.19464978548825,88,config_2
5365,49.16816510443443,-115.3898065910772,16,config_2
53661,48.61490964717826,-114.05829319556634,24,config_2
53663,48.33185315248976,-113.80519454261659,28,config_2
53665,48.2340092513915,-114.24707342234083,72,config_2
53667,48.51522327835127,-114.50368763983607,17,config_2
5366c,48.22276842793814,-115.03896457399081,46,config_2
53674,47.66730896553307,-114.52338040978613,18,config_2
5367c,47.86134359972227,-113.65128748447525,34,config_2
536c,49.184999419288424,-112.16634582208245,91,config_2
5324,47.89891501243172,-103.69082093498783,20,config_2
532c,45.51376838607385,-102.57617830581343,1,config_2
5334,45.127353618527074,-105.64946255030826,24,config_2
533c,47.44538990252218,-107.00863259867317,68,config_2
8635,33.7184163496609,-94.39763566548027,75,config_2
86364,32.629398506440324,-94.72775278355441,44,config_2
8636c,32.65239459447722,-94.0695453815523,16,config_2
86374,31.92784856604255,-94.0695453815523,3,config_2
8637c,31.905127482149442,-94.72775278355441,47,config_2
8639,30.82144165749157,-94.39763566548027,82,config_2
863b,30.858922248180154,-93.09770198132622,4,config_2
863ec,29.726599575060234,-94.0695453815523,44,config_2
863f1,29.525508409212723,-94.56244259389422,11,config_2
863f3,29.895415982648124,-94.56244259389422,1,config_2
863f5,29.883583976677322,-94.8935627223328,26,config_2
863f64,29.60322971372492,-94.97665398592595,83,config_2
863f74,29.424175483890433,-94.81059550583717,19,config_2
863f7c,29.418092142257347,-94.97665398592595,26,config_2
863f84,29.23271960704705,-94.97665398592595,11,config_2
863f9d,29.283654563203253,-94.85206358017719,46,config_2
863f9e1,29.320290530975942,-94.80023334814048,29,config_2
863f9e3,29.321031778200023,-94.77951487190384,17,config_2
863f9e5,29.29785301348154,-94.77951487190384,28,config_2
863f9e7,29.297112131984644,-94.80023334814048,60,config_2
863f9ec,29.26270834631825,-94.78987313653973,5,config_2
863f9fc,29.310547911515194,-94.74845176846277,13,config_2
8661,27.570588562992125,-99.90181306343518,14,config_2
8665,26.16900048073332,-98.48424653420417,85,config_2
8667,27.664827355762355,-98.48424653420417,13,config_2
86681,28.274346959657226,-97.61142171393448,4,config_2
866844,28.009336592821512,-97.35165580142355,1,config_2
86684c,28.018462417257968,-97.17902604633225,3,config_2
866854,27.83201591145254,-97.17902604633225,10,config_2
86685c,27.822930294676013,-97.35165580142355,93,config_2
86687,27.902046902642613,-97.61142171393448,17,config_2
8668c,27.351520349093526,-97.43813547748366,61,config_2
8669c,28.133429370477497,-96.74939926474936,71,config_2
866b,27.80631194500799,-95.7299821027788,1,config_2
866f,26.244408488148757,-97.09287704309902,88,config_2
54c01,44.78535948854263,-123.16131394357724,41,config_2
54c03,44.652692322458776,-123.56430088676868,14,config_2
54c0404,44.580588822144165,-123.21697611922338,4,config_2
54c0409,44.57548268623377,-123.26412881710226,17,config_2
54c040b,44.56724563965724,-123.28923329405201,60,config_2
54c040d,44.5527886918477,-123.27025280651098,19,config_2
54c040f,44.56101736251764,-123.2451555474415,20,config_2
54c0414,44.53521300396549,-123.22926641002796,26,config_2
54c047,44.524974931464904,-123.32347173379529,12,config_2
54c04c,44.44665935280053,-123.43575796387397,5,config_2
54c054,44.3316017155305,-123.28422109042361,9,config_2
54c05c,44.3969513015164,-123.08432313881148,5,config_2
54c07,44.55250127717842,-122.85873960891334,37,config_2
54c09,44.319811141654064,-122.55980800458357,8,config_2
54c0b,44.08732541386454,-122.26447724367158,5,config_2
54c0d,43.9610091899147,-122.66182272622748,27,config_2
54c0e1,44.05676496888519,-122.99619917183729,100,config_2
54c0e3,44.11417913764924,-123.07090323961494,60,config_2
54c0ec,44.165890674987395,-122.78487478452585,2,config_2
54c0fc,44.21657986499223,-123.13358548269316,11,config_2
54c104,44.15141099179493,-123.3325920901741,7,config_2
54c10c,44.085895544765485,-123.53116421653026,22,config_2
54c114,43.9719709688925,-123.38052020826761,6,config_2
54c11b,44.04931982233878,-123.26946117113417,1,config_2
54c11d,44.081792802771545,-123.17023558837161,90,config_2
54c11e1,44.05811412245296,-123.0862375476658,78,config_2
54c11e24,44.049382791506055,-123.06602438201757,13,config_2
54c11e2c,44.04221577580017,-123.05668873647572,5,config_2
54c11e34,44.03818154761164,-123.06909022383857,34,config_2
54c11e39,44.04254609955973,-123.07919342279418,18,config_2
54c11e3b,44.04456432226303,-123.07299242132292,62,config_2
54c11e3d,44.048147102660366,-123.07766178279095,19,config_2
54c11e3f,44.0461283664255,-123.08386323098546,10,config_2
54c11e5,44.0357085866693,-123.0923589827379,32,config_2
54c11e7,44.050032686383894,-123.11104615039208,66,config_2
54c11ec,44.03074441732155,-123.13889596314753,35,config_2
54c11f4,44.00212221798227,-123.10152800827267,4,config_2
54c11fc,44.018254836662265,-123.0519597129871,12,config_2
54c13,43.83329937627308,-123.05754249073107,30,config_2
54c15,43.70421932766813,-123.45159560053577,1,config_2
54c17,43.93041073831826,-123.7524358267999,6,config_2
54c19,44.15672550892216,-124.05681138567812,25,config_2
54c1b,44.29004488927913,-123.65923829337514,7,config_2
54c1c4,44.42785263974292,-123.98845919831362,9,config_2
54c1d1,44.56405410506756,-123.95392441536728,1,config_2
54c1d3,44.59773131027361,-123.85369417775613,1,config_2
54c1d5,44.65509119707853,-123.93076661624858,2,config_2
54c1d64,44.64405475424302,-124.02535698928652,28,config_2
54c1d6c,44.615424667173606,-123.98672250768855,2,config_2
54c1d74,44.59851323571121,-124.03684943437378,3,config_2
54c1d7c,44.62710928055486,-124.07551116023032,91,config_2
54c1dc,44.54188417145705,-124.14269449172951,1,config_2
54c1f,44.38312736701289,-124.36475954433166,3,config_2
54c3,43.707049572100416,-124.88795968908738,99,config_2
54c44,43.17378923690397,-123.59088067847978,84,config_2
54c4c,42.913984194702664,-124.36368010680411,47,config_2
54c54,42.47707309510937,-123.77087957325718,42,config_2
54c5c,42.72868374472665,-123.00468327354528,13,config_2
54c7,43.324903597219624,-122.12984886207191,89,config_2
54c9,42.412928013038574,-121.00612641434098,79,config_2
54cb,41.507503734430315,-119.93476272635633,3,config_2
54cec,41.84157525455871,-121.8720630899273,15,config_2
54cf1,42.11372148756606,-122.48064842022644,22,config_2
54cf3,42.2332965948329,-122.10036360734084,4,config_2
54cf5,42.456073968218995,-122.38260537678957,1,config_2
54cf64,42.42041017377087,-122.7406863063511,4,config_2
54cf6c,42.30968537881724,-122.59808262572841,2,config_2
54cf74,42.24884549717808,-122.78852507052856,52,config_2
54cf7c,42.35907511290563,-122.93156133290134,71,config_2
54cfc,42.040905903328465,-123.19126782252341,27,config_2
54d4,40.78778037496809,-124.19441089783537,12,config_2
54dc,42.45113689813503,-126.57303097851934,28,config_2
54ea4,44.79237005714711,-124.63279390957445,51,config_2
54eac,45.0670934277919,-123.82520112375924,100,config_2
54eb4,45.53113163105477,-124.45451925130276,55,config_2
80c4,35.432923546436584,-117.17353159273283,46,config_2
80c84,36.84791623950343,-115.28375849518459,4,config_2
80c884,36.37898828441461,-115.5681083893613,1,config_2
80c88c,36.42211750970797,-115.3785719022423,3,config_2
80c891,36.289689082837356,-115.42596745141297,1,config_2
80c8924,36.32608478325768,-115.35487132197885,1,config_2
80c892c,36.336795327529984,-115.30746460704879,2,config_2
80c8931,36.3036709619339,-115.31931697651964,44,config_2
80c8933,36.30901945597859,-115.29561177946167,27,config_2
80c8935,36.28871266574981,-115.29561177946167,35,config_2
80c8937,36.283365360191326,-115.31931697651964,31,config_2
80c893c,36.28548759376934,-115.35487132197885,11,config_2
80c895,36.22990449903161,-115.33116888644844,43,config_2
80c897,36.20846734777577,-115.42596745141297,1,config_2
80c89c,36.21676905280592,-115.5681083893613,11,config_2
80c8a4,36.05421796451002,-115.5681083893613,12,config_2
80c8ac,35.89133771339766,-115.5681083893613,1,config_2
80c8b4,35.93423340049402,-115.3785719022423,4,config_2
80c8b9,36.067173224924375,-115.33116888644844,48,config_2
80c8bb,36.045774953068936,-115.42596745141297,3,config_2
80c8bd,36.12716252575425,-115.42596745141297,22,config_2
80c8be4,36.163570969637625,-115.35487132197885,33,config_2
80c8bec,36.12289054919738,-115.35487132197885,10,config_2
80c8bf1,36.14108029433042,-115.31931697651964,6,config_2
80c8bf3,36.12073308298503,-115.31931697651964,20,config_2
80c8bf5,36.126070772800034,-115.29561177946167,92,config_2
80c8bf7,36.146419196609905,-115.29561177946167,52,config_2
80c8bfc,36.17426237308871,-115.30746460704879,26,config_2
80c8c04,36.18493382410928,-115.26005056226762,61,config_2
80c8c09,36.151753112148,-115.2719047556442,32,config_2
80c8c0b,36.131403477711636,-115.2719047556442,26,config_2
80c8c0d,36.13673119495518,-115.24819591648244,18,config_2
80c8c0f,36.157082038181365,-115.24819591648244,58,config_2
80c8c11,36.16240597195527,-115.22448527339863,68,config_2
80c8c13,36.14205392177462,-115.22448527339863,44,config_2
80c8c15,36.1473716554225,-115.20077283782196,29,config_2
80c8c17,36.16772491072357,-115.20077283782196,26,config_2
80c8c1c,36.19558530060847,-115.21262927895731,66,config_2
80c8c24,36.206216780632914,-115.16520084855117,58,config_2
80c8c2c,36.216828242367036,-115.11776536259309,38,config_2
80c8c304,36.18741454126879,-115.13555449083438,14,config_2
80c8c309,36.17911907295877,-115.13851924999209,2,config_2
80c8c30b,36.17403029563048,-115.13851924999209,95,config_2
80c8c30d,36.1753558548569,-115.13258970433961,20,config_2
80c8c30f,36.18044470708662,-115.13258970433961,16,config_2
80c8c314,36.17988813011143,-115.1236951810567,16,config_2
80c8c31c,36.19006540829052,-115.1236951810567,6,config_2
80c8c33,36.188950661118966,-115.10590539941185,19,config_2
80c8c35,36.16859260365042,-115.10590539941185,11,config_2
80c8c37,36.163294869991226,-115.12962489053015,86,config_2
80c8c384,36.154228483053195,-115.14741336321894,47,config_2
80c8c38c,36.15157601393398,-115.15927179677834,95,config_2
80c8c394,36.16175499371383,-115.15927179677834,24,config_2
80c8c39c,36.164407763341515,-115.14741336321894,80,config_2
80c8c3a4,36.174585743485416,-115.14741336321894,97,config_2
80c8c3ac,36.184762422825955,-115.14741336321894,35,config_2
80c8c3b4,36.18210905330095,-115.15927179677834,28,config_2
80c8c3bc,36.171932673722495,-115.15927179677834,22,config_2
80c8c3d,36.1730388517487,-115.17705862118852,37,config_2
80c8c3f,36.15268439315995,-115.17705862118852,49,config_2
80c8c404,36.136087649426486,-115.18298734169528,10,config_2
80c8c40c,36.13874231697798,-115.17112979008085,34,config_2
80c8c411,36.130442988527655,-115.17409421944862,7,config_2
80c8c413,36.13176989687615,-115.1681653331076,6,config_2
80c8c4144,36.127619993582094,-115.16964756504352,22,config_2
80c8c414c,36.1282833413873,-115.16668309427587,16,config_2
80c8c4154,36.125737750838006,-115.16668309427587,24,config_2
80c8c415c,36.12507442189668,-115.16964756504352,68,config_2
80c8c417,36.12535206391955,-115.17409421944862,30,config_2
80c8c41c,36.12590667528208,-115.18298734169528,22,config_2
80c8c424,36.11572440409473,-115.18298734169528,58,config_2
80c8c42c,36.10554083652612,-115.18298734169528,58,config_2
80c8c4304,36.11101864429962,-115.17557642377344,69,config_2
80c8c43084,36.11238801371062,-115.17372366728809,15,config_2
80c8c4308c,36.11175152090226,-115.17372366728809,15,config_2
80c8c43094,36.11191736427607,-115.17298256167214,42,config_2
80c8c4309c,36.112553858265734,-115.17298256167214,45,config_2
80c8c430a4,36.11271969794252,-115.17224145432999,46,config_2
80c8c430ac,36.112885532740876,-115.17150034526195,12,config_2
80c8c430b4,36.11224903638878,-115.17150034526195,14,config_2
80c8c430bc,36.11208320277161,-115.17224145432999,42,config_2
80c8c430d,36.111211367053116,-115.17187090001168,33,config_2
80c8c430f,36.110879693606144,-115.1733531146959,54,config_2
80c8c4314,36.10913599586098,-115.1726120082168,70,config_2
80c8c431c,36.108472624122115,-115.17557642377344,40,config_2
80c8c4324,36.1059265229424,-115.17557642377344,32,config_2
80c8c432c,36.10338034077081,-115.17557642377344,22,config_2
80c8c4334,36.10404367467998,-115.1726120082168,52,config_2
80c8c433c,36.10658987576933,-115.1726120082168,53,config_2
80c8c435,36.1063116540684,-115.1681653331076,11,config_2
80c8c437,36.11140395097143,-115.1681653331076,34,config_2
80c8c439,36.11649592378649,-115.1681653331076,20,config_2
80c8c43a1,36.113757350098744,-115.17187090001168,16,config_2
80c8c43a3,36.115030311236836,-115.17187090001168,12,config_2
80c8c43a5,36.11469862361602,-115.1733531146959,77,config_2
80c8c43a64,36.11366098413591,-115.17372366728809,7,config_2
80c8c43a6c,36.113826831053345,-115.17298256167214,37,config_2
80c8c43a74,36.11319034719154,-115.17298256167214,34,config_2
80c8c43a7c,36.11302450145522,-115.17372366728809,26,config_2
80c8c43ac,36.11356458346455,-115.17557642377344,86,config_2
80c8c43b4,36.11611044160657,-115.17557642377344,36,config_2
80c8c43b9,36.11724447567074,-115.1733531146959,42,config_2
80c8c43bb,36.11597155977276,-115.1733531146959,36,config_2
80c8c43bd,36.11630325211673,-115.17187090001168,21,config_2
80c8c43bf,36.11757617273713,-115.17187090001168,6,config_2
80c8c43c4,36.119319666043495,-115.1726120082168,43,config_2
80c8c43cc,36.11865621871533,-115.17557642377344,13,config_2
80c8c43d4,36.12120191478048,-115.17557642377344,20,config_2
80c8c43dc,36.121865380991366,-115.1726120082168,47,config_2
80c8c43e1,36.12299934902939,-115.17038867842467,48,config_2
80c8c43e3,36.12333102594292,-115.1689064499377,14,config_2
80c8c43e5,36.12205817693576,-115.1689064499377,25,config_2
80c8c43e7,36.12172650474085,-115.17038867842467,49,config_2
80c8c43ec,36.11998303530829,-115.16964756504352,26,config_2
80c8c43f4,36.12064632650436,-115.16668309427587,5,config_2
80c8c43fc,36.123192079206916,-115.16668309427587,9,config_2
80c8c45,36.11726522191367,-115.15334263494128,71,config_2
80c8c464,36.13386602468232,-115.14741336321894,40,config_2
80c8c46c,36.13121415770002,-115.15927179677834,100,config_2
80c8c471,36.139513602829844,-115.15630722960665,7,config_2
80c8c473,36.13818724388147,-115.16223633643396,39,config_2
80c8c475,36.143277670340105,-115.16223633643396,13,config_2
80c8c477,36.14460410458424,-115.15630722960665,57,config_2
80c8c47c,36.144047903280054,-115.14741336321894,24,config_2
80c8c49,36.142932808823495,-115.12962489053015,33,config_2
80c8c4b,36.14822934170297,-115.10590539941185,20,config_2
80c8c4d,36.12786088055644,-115.10590539941185,6,config_2
80c8c4f,36.12256555144014,-115.12962489053015,63,config_2
80c8c54,36.094652317851704,-115.11776536259309,57,config_2
80c8c59,36.07651755983104,-115.15334263494128,49,config_2
80c8c5b,36.09689398218989,-115.15334263494128,38,config_2
80c8c5c4,36.08782297013951,-115.17112979008085,52,config_2
80c8c5c9,36.09612608832972,-115.1681653331076,10,config_2
80c8c5cb,36.101219033160206,-115.1681653331076,41,config_2
80c8c5cc4,36.098951029549575,-115.1726120082168,16,config_2
80c8c5cc9,36.10102662480134,-115.17187090001168,32,config_2
80c8c5ccb,36.10229978845029,-115.17187090001168,15,config_2
80c8c5ccd,36.10196814810116,-115.1733531146959,81,config_2
80c8c5ccf,36.10069498918339,-115.1733531146959,91,config_2
80c8c5cd4,36.10083407761771,-115.17557642377344,57,config_2
80c8c5cdc,36.098287733493464,-115.17557642377344,22,config_2
80c8c5cf,36.09479970908767,-115.17409421944862,94,config_2
80c8c5d4,36.095355973238604,-115.18298734169528,30,config_2
80c8c5dc,36.08516981489515,-115.18298734169528,8,config_2
80c8c5f,36.07121465644432,-115.17705862118852,57,config_2
80c8c64,36.07343828279969,-115.21262927895731,27,config_2
80c8c69,36.10664957250137,-115.20077283782196,43,config_2
80c8c6b,36.12701320758699,-115.20077283782196,24,config_2
80c8c6d,36.12169668205193,-115.22448527339863,23,config_2
80c8c6f,36.101334258072654,-115.22448527339863,94,config_2
80c8c74,36.103532881058676,-115.26005056226762,55,config_2
80c8c7c,36.06280132571474,-115.26005056226762,46,config_2
80c8c9,36.00698255541094,-115.23634081971663,42,config_2
80c8cb,35.92539077607315,-115.23634081971663,3,config_2
80c8cd,35.946590459166416,-115.14148398179033,33,config_2
80c8ce4,36.01309794190777,-115.11776536259309,38,config_2
80c8cec,36.00251065195177,-115.16520084855117,34,config_2
80c8cf4,36.04329330538313,-115.16520084855117,30,config_2
80c8cfc,36.053885477515266,-115.11776536259309,72,config_2
80c8d04,36.06445766834074,-115.07032291273677,64,config_2
80c8d0c,36.07500985623604,-115.02287359074474,58,config_2
80c8d14,36.03421260055374,-115.02287359074474,34,config_2
80c8d19,36.01610233617497,-115.05846122291463,18,config_2
80c8d1b,36.036504318904534,-115.05846122291463,17,config_2
80c8d1d,36.03122504393392,-115.08218417304988,22,config_2
80c8d1f,36.01082427919787,-115.08218417304988,99,config_2
80c8d3,35.967710408691985,-115.0465991050183,14,config_2
80c8d5,35.98875045124652,-114.95168692349858,8,config_2
80c8d7,36.070400926759895,-114.95168692349858,22,config_2
80c8db,36.13088962669853,-115.0465991050183,74,config_2
80c8dd,36.2123546370799,-115.0465991050183,54,config_2
80c8df,36.23345244958083,-114.95168692349858,2,config_2
80c8e4,36.344968546438146,-114.99914638140322,56,config_2
80c8e9,36.27253906578694,-115.14148398179033,80,config_2
80c8ea4,36.23625939579041,-115.21262927895731,22,config_2
80c8eac,36.22560312738381,-115.26005056226762,33,config_2
80c8eb4,36.26625159580664,-115.26005056226762,47,config_2
80c8ebc,36.276912632202475,-115.21262927895731,20,config_2
80c8ed,36.33252171802768,-115.23634081971663,39,config_2
80c8ef,36.35381790489505,-115.14148398179033,2,config_2
80c91,36.48930380402425,-114.71429184441094,15,config_2
80c924,36.224202558830996,-114.80926906488743,1,config_2
80c929,36.09138022036734,-114.85674817305113,1,config_2
80c92b,36.00971041564109,-114.85674817305113,19,config_2
80c92d,36.03059013291026,-114.76178359119083,84,config_2
80c934,36.102628128582666,-114.61928990191176,1,config_2
80c93c,36.26589589023287,-114.61928990191176,1,config_2
80c97,36.57226103939219,-114.33414316655818,9,config_2
80c9c,37.01727952299506,-114.52426397902158,3,config_2
80cb,36.9367763776853,-113.38235448459531,10,config_2
80cf,35.30182208350793,-114.90422082333554,63,config_2
8094,37.20172848568333,-120.15893030899788,3,config_2
80984,39.05434876601501,-119.04599270243568,1,config_2
8098c,39.66355627821884,-119.04599270243568,60,config_2
809904,39.30798828257803,-119.51077084299,3,config_2
80990c,39.25633837502313,-119.69626771448172,89,config_2
809914,39.408093280523076,-119.69626771448172,86,config_2
809924,39.61124907051809,-119.51077084299,1,config_2
809934,39.71053121880375,-119.69626771448172,21,config_2
8099384,39.5966785704289,-119.7657663254125,26,config_2
809938c,39.558901089662086,-119.7657663254125,71,config_2
8099394,39.571899162289945,-119.71943774820171,39,config_2
809939c,39.60967992305,-119.71943774820171,28,config_2
80993b,39.61025631481741,-119.64991620525349,47,config_2
80993d,39.53464012366414,-119.64991620525349,2,config_2
80993e4,39.49627045299958,-119.71943774820171,2,config_2
80993ec,39.534095996588334,-119.71943774820171,69,config_2
80993f1,39.51489802992213,-119.75418562041214,29,config_2
80993f3,39.53380396613377,-119.75418562041214,32,config_2
80993f5,39.52730143131304,-119.77734606886416,27,config_2
80993f7,39.50839632589351,-119.77734606886416,25,config_2
80993fc,39.48327901409688,-119.7657663254125,65,config_2
8099404,39.47026865452201,-119.81207951785828,35,config_2
8099409,39.50188989128168,-119.80050266629326,43,config_2
809940b,39.52079416432966,-119.80050266629326,57,config_2
809940d,39.51428216910445,-119.82365540304987,51,config_2
809940f,39.49537873000911,-119.82365540304987,10,config_2
8099414,39.49505492380736,-119.85837724834269,24,config_2
809945,39.53214458148915,-119.92779468446135,38,config_2
8099464,39.57061902098213,-119.85837724834269,11,config_2
809946c,39.53284813796052,-119.85837724834269,25,config_2
8099471,39.5520722969367,-119.82365540304987,23,config_2
8099473,39.53318002587725,-119.82365540304987,97,config_2
8099475,39.53969285197451,-119.80050266629326,37,config_2
8099477,39.558585950827435,-119.80050266629326,4,config_2
809947c,39.58365825929888,-119.81207951785828,18,config_2
809949,39.63375785686624,-119.83523032066351,73,config_2
80994b,39.70916854105543,-119.83523032066351,36,config_2
80994d,39.68302944381094,-119.92779468446135,38,config_2
80994f,39.60763173556912,-119.92779468446135,21,config_2
809954,39.60600131300832,-120.06652363285929,7,config_2
80995c,39.45506695613932,-120.06652363285929,4,config_2
80997,39.25417749702662,-119.97405342347365,53,config_2
80999,38.95013004071575,-119.97405342347365,54,config_2
8099b,39.05386133850651,-119.60354950502408,52,config_2
8099d,38.74817384474112,-119.60354950502408,12,config_2
809e4,40.65726799882358,-119.78892484955995,4,config_2
809ec,40.060470595677465,-119.78892484955995,14,config_2
809f4,40.26695579045059,-119.04599270243568,1,config_2
809fac,40.56407063155632,-119.32503466239531,14,config_2
809fb1,40.688701319958966,-119.27856381369884,52,config_2
809fb3,40.66289727808841,-119.37149086844235,40,config_2
809fb5,40.73726819526338,-119.37149086844235,1,config_2
809fb6c,40.73805026175471,-119.30180106344304,6,config_2
809fb71,40.7570109173014,-119.26694382286807,1,config_2
809fb73,40.73842117864921,-119.26694382286807,1,config_2
809fb744,40.7478981656965,-119.24951213265092,15,config_2
809fb74c,40.73860160339694,-119.24951213265092,9,config_2
809fb754,40.74181925170974,-119.23788987166326,8,config_2
809fb759,40.74959617716947,-119.23498416482164,22,config_2
809fb75b,40.747987600978306,-119.24079552188635,11,config_2
809fb75d,40.75263557599632,-119.24079552188635,9,config_2
809fb75e11,40.75528893025435,-119.23698184435642,19,config_2
809fb75e13,40.75499844874151,-119.23698184435642,46,config_2
809fb75e15,40.755098984282206,-119.23661863188566,70,config_2
809fb75e3,40.75578604042693,-119.23571059683897,1,config_2
809fb75e5,40.75462410654488,-119.23571059683897,10,config_2
809fb75e7,40.75422197069532,-119.2371634502601,50,config_2
809fb75ec,40.75268009926623,-119.23643702531857,26,config_2
809fb75f4,40.75348432532731,-119.23353129017491,7,config_2
809fb75fc,40.75580824599966,-119.23353129017491,15,config_2
809fb77,40.76344944628092,-119.24370111547155,46,config_2
809fb7c,40.788104926950766,-119.25532292304659,1,config_2
809fb83,40.78846821404913,-119.22045478201282,66,config_2
809fb85,40.794897545699264,-119.19720483240249,54,config_2
809fb8c,40.813823477127116,-119.16232314940831,7,config_2
809fb94,40.776650100746835,-119.16232314940831,2,config_2
809fb9b,40.77631178229506,-119.19720483240249,26,config_2
809fb9c4,40.76684347011051,-119.21464263323712,56,config_2
809fb9cc,40.77613758054813,-119.21464263323712,45,config_2
809fb9d4,40.77292191872042,-119.22626670477904,26,config_2
809fb9dc,40.763627963451356,-119.22626670477904,27,config_2
809fb9f,40.751292083434116,-119.22045478201282,32,config_2
809fbb,40.71442703181805,-119.18557850464043,7,config_2
809fbf,40.81447513252472,-119.09253557554277,12,config_2
809fd,40.96151586175313,-119.23207840138082,42,config_2
809ff,41.06392310969191,-118.8596803520908,11,config_2
531,51.3786418539575,-107.54900222906777,2,config_2
86d9,32.35888200888056,-108.80761947009503,64,config_3
86db,30.951860899740495,-108.80761947009503,1,config_3
86dd,31.170406262378183,-107.29028389464884,11,config_3
86df,32.5828493538554,-107.29028389464884,156,config_3
86e1,32.78638491369277,-105.78206743935718,68,config_3
86e3,32.969574598184394,-104.2861115827901,62,config_3
86e5,31.54796555760672,-104.2861115827901,40,config_3
86e7,31.36908667195912,-105.78206743935718,161,config_3
86ec,29.299863407075296,-105.03236346529708,143,config_3
86f4,29.605470079262727,-102.0718280662253,83,config_3
86fc,32.49562735400962,-102.0718280662253,162,config_3
8701,34.68416115174411,-101.34310583455695,87,config_3
87024,34.22684746365561,-102.43805808577758,4,config_3
8702c4,34.226411649394365,-103.26634785926352,1,config_3
8702dd,34.36241250687153,-103.22018279623359,103,config_3
8702de1,34.420704086794636,-103.18557018475742,68,config_3
8702de3,34.442498008154864,-103.18557018475742,52,config_3
8702de5,34.43997432617424,-103.20864419143828,20,config_3
8702de7,34.41818114703205,-103.20864419143828,104,config_3
8702dec,34.42528414705752,-103.24326320176718,72,config_3
8702dfc,34.47391710430892,-103.1971066538153,1,config_3
8702f,34.343782545790944,-102.9896150485228,38,config_3
87034,34.845982406002406,-103.17403478565704,10,config_3
8703c,34.92446954871148,-102.43805808577758,2,config_3
8705,35.921155923343846,-102.80547525792774,19,config_3
8707,36.06991069362731,-101.34310583455695,6,config_3
870c,38.02960102476905,-102.0718280662253,109,config_3
8714,37.68375213181352,-105.03236346529708,178,config_3
87181,35.99480537681307,-106.34637906744265,24,config_3
87183,36.04667599471466,-105.96998775016152,45,config_3
871844,35.77905507079722,-106.06401788566258,7,config_3
87184c,35.804580102292995,-105.87600401452671,6,config_3
8718501,35.697686670922295,-105.95823723010454,5,config_3
8718503,35.70086851299104,-105.93473837093502,21,config_3
8718505,35.67957066633485,-105.93473837093502,189,config_3
8718507,35.676389621273174,-105.95823723010454,43,config_3
871850c,35.64602413800463,-105.94648743653362,34,config_3
8718514,35.65237340790974,-105.8994955568318,3,config_3
871851c,35.69498267871954,-105.8994955568318,9,config_3
871857,35.585247982808376,-105.92299003479476,2,config_3
87185c,35.6087523611413,-106.06401788566258,52,config_3
87187,35.655072482762144,-106.34637906744265,24,config_3
8718c,35.16864802479798,-106.15809365922375,100,config_3
87194,35.26869278593369,-105.4068079114331,40,config_3
8719c,35.95203495587482,-105.4068079114331,16,config_3
871b,35.751832590170785,-104.2861115827901,40,config_3
871d,34.371494072781154,-104.2861115827901,29,config_3
871f,34.184493033741475,-105.78206743935718,36,config_3
8721,33.97665363685664,-107.29028389464884,40,config_3
872209,34.981537677748776,-106.58197892714489,5,config_3
87220b,35.06722860797057,-106.58197892714489,132,config_3
87220c4,35.03589074856492,-106.6527099211625,8,config_3
87220cc,35.07870933440729,-106.6527099211625,169,config_3
87220d4,35.07206433186745,-106.69987670323877,15,config_3
87220dc,35.02924933866187,-106.69987670323877,28,config_3
87220f,34.96830717635516,-106.67629204160652,16,config_3
872214,34.99114394854021,-106.81783770824106,1,config_3
87221c,34.819663616385284,-106.81783770824106,9,config_3
87223,34.86490572500623,-107.10119308682007,3,config_3
87227,35.26112632778616,-106.72346389403498,187,config_3
8722c,35.7449475871579,-106.91225102614887,15,config_3
87234,35.63334655030604,-107.66888695938226,1,config_3
8723c,34.952620544908015,-107.66888695938226,32,config_3
8725,35.11690888705174,-108.80761947009503,34,config_3
8727,33.74786648533911,-108.80761947009503,6,config_3
873c,37.2512496566988,-108.04801051576172,122,config_3
87a1,38.899730427842115,-99.90181306343518,40,config_3
87a3,39.01190198376468,-98.48424653420417,89,config_3
87a5,37.67305628305177,-98.48424653420417,192,config_3
87a7,37.56212889611381,-99.90181306343518,91,config_3
87a9,36.198654568532326,-99.90181306343518,9,config_3
87ab,34.810762202165584,-99.90181306343518,65,config_3
87ad,34.918372610667284,-98.48424653420417,106,config_3
87af,36.30806451520898,-98.48424653420417,30,config_3
87b04,36.721781228957376,-97.43813547748366,44,config_3
87b0c,36.76286894750185,-96.74939926474936,74,config_3
87b14,36.07324799476869,-96.74939926474936,110,config_3
87b1c,36.032465347970906,-97.43813547748366,134,config_3
87b204,35.58216502503628,-97.69822718000074,25,config_3
87b20c,35.407962059488796,-97.69822718000074,13,config_3
87b211,35.459790460476206,-97.56805946490843,53,config_3
87b213,35.37258726407458,-97.56805946490843,9,config_3
87b215,35.37798976333666,-97.48141627828754,61,config_3
87b2164,35.444746022138276,-97.45977247140304,5,config_3
87b216c,35.44205996589735,-97.50306688961776,40,config_3
87b2174,35.48564047674085,-97.50306688961776,151,config_3
87b217c,35.48832794590778,-97.45977247140304,5,config_3
87b21c,35.593137736531446,-97.52472429686226,180,config_3
87b23,35.52199295394299,-97.26528581122331,103,config_3
87b25,35.172731267351544,-97.26528581122331,173,config_3
87b2684,35.18276807803526,-97.45977247140304,82,config_3
87b268c,35.180090645993815,-97.50306688961776,1,config_3
87b2694,35.22380982595907,-97.50306688961776,33,config_3
87b2699,35.23674708897524,-97.47059352375683,22,config_3
87b269b,35.21489269535522,-97.47059352375683,51,config_3
87b269d,35.216227640304744,-97.44895312229072,101,config_3
87b269f,35.23808239554462,-97.44895312229072,37,config_3
87b26b,35.29068817979624,-97.48141627828754,15,config_3
87b26d,35.28529145457151,-97.56805946490843,12,config_3
87b27c,35.05844665881247,-97.69822718000074,5,config_3
87b2c,34.635665217695426,-97.43813547748366,68,config_3
87b34,34.67575743329744,-96.74939926474936,195,config_3
87b3c,35.37747529836321,-96.74939926474936,83,config_3
87b5,35.079751464916136,-95.7299821027788,165,config_3
87b64,36.1418948722705,-95.39395513481692,128,config_3
87b68c,36.03556554667645,-95.81428853484881,116,config_3
87b694,36.02726100403085,-95.98325766018019,197,config_3
87b69c,35.85361489546882,-95.98325766018019,2,config_3
87b6b,35.92754804505331,-96.23759466618242,32,config_3
87b6d,36.27401988976557,-96.23759466618242,32,config_3
87b6e4,36.37339615816689,-95.98325766018019,9,config_3
87b6e9,36.241655079894315,-96.02557380749096,4,config_3
87b6eb,36.155123082661355,-96.02557380749096,142,config_3
87b6ec4,36.17994012585915,-95.96211063966837,44,config_3
87b6ecc,36.1366483856249,-95.96211063966837,95,config_3
87b6ed4,36.13874344443655,-95.9198387432287,65,config_3
87b6edc,36.18203619418263,-95.9198387432287,13,config_3
87b6ef,36.24588316220079,-95.94097099813557,14,config_3
87b6f4,36.2088431135458,-95.81428853484881,103,config_3
87b6fc,36.38173257575033,-95.81428853484881,3,config_3
87b74,36.79957740094139,-96.06791937864303,78,config_3
87b7c,36.83202614123239,-95.39395513481692,124,config_3
87b84,37.515768361574,-95.39395513481692,148,config_3
87b8c,38.19294270533561,-95.39395513481692,73,config_3
87b94,38.16007804293747,-96.06791937864303,62,config_3
87b9c,37.48310144664223,-96.06791937864303,20,config_3
87ba4,37.44614510974571,-96.74939926474936,26,config_3
87ba9,37.24537567669818,-97.26528581122331,20,config_3
87bab,37.22360524896747,-97.61142171393448,1,config_3
87bad,37.56345723784455,-97.61142171393448,21,config_3
87bae1,37.7042809232782,-97.39488196255758,51,config_3
87bae3,37.70967649263237,-97.3084570618028,190,config_3
87bae5,37.625004279002965,-97.3084570618028,20,config_3
87bae7,37.61961288290332,-97.39488196255758,9,config_3
87baec,37.49512023125898,-97.35165580142355,7,config_3
87baf4,37.50574945105736,-97.17902604633225,9,config_3
87bafc,37.67531119536496,-97.17902604633225,51,config_3
87bb4,38.08127744661382,-97.43813547748366,85,config_3
87bbc,38.12289692185666,-96.74939926474936,49,config_3
87bc4,38.792958219966415,-96.74939926474936,63,config_3
87bcc,38.75111115735907,-97.43813547748366,68,config_3
87bd4,39.41412630334877,-97.43813547748366,28,config_3
87bd9,39.61079632814842,-96.92091345144947,6,config_3
87bdb,39.280945566843414,-96.92091345144947,6,config_3
87bdd,39.30081647154493,-96.57833866136845,191,config_3
87bdf,39.63071212618312,-96.57833866136845,6,config_3
87be4,39.49373923043933,-96.06791937864303,19,config_3
87bec,38.83034145230826,-96.06791937864303,58,config_3
87bf1,39.022053592553675,-95.56172791278979,146,config_3
87bf3,38.688562914297606,-95.56172791278979,3,config_3
87bf5,38.70400068234026,-95.22666753958994,71,config_3
87bf64,38.95801243914644,-95.1432068497593,83,config_3
87bf69,38.91078350495252,-95.26844374824067,85,config_3
87bf6b,38.90698377924388,-95.35208760396613,3,config_3
87bf6d,38.990255065831136,-95.35208760396613,13,config_3
87bf6e4,39.01391418233533,-95.2893432932414,9,config_3
87bf6ec,38.97230464356347,-95.2893432932414,50,config_3
87bf6f4,38.974188995707564,-95.24755182794603,182,config_3
87bf6fc,39.01579911691819,-95.24755182794603,4,config_3
87bf74,39.11687034071522,-95.31025045570311,7,config_3
87bf7c,39.12435037432493,-95.1432068497593,5,config_3
87bfc,39.52693965632134,-95.39395513481692,62,config_3
86404,28.938192472482168,-95.39395513481692,65,config_3
86409,29.501123243302253,-95.22666753958994,195,config_3
8640a4,29.781769536782075,-95.1432068497593,50,config_3
8640ac,29.966398359236102,-95.1432068497593,46,config_3
8640b4,29.959786529660697,-95.31025045570311,65,config_3
8640b9,29.819672248017405,-95.35208760396613,65,config_3
8640bb,29.82302652918589,-95.26844374824067,7,config_3
8640bd,29.730659910901096,-95.26844374824067,17,config_3
8640be4,29.705054390204594,-95.3311652283681,40,config_3
8640bec,29.751250558499148,-95.3311652283681,26,config_3
8640bf1,29.738437698391227,-95.36255164058957,19,config_3
8640bf24,29.75596983077182,-95.35731938497071,122,config_3
8640bf2c,29.76751577043639,-95.35731938497071,42,config_3
8640bf34,29.767092417044502,-95.36778437070875,40,config_3
8640bf3c,29.755546577780223,-95.36778437070875,164,config_3
8640bf5,29.760682966138088,-95.3834854069277,108,config_3
8640bf7,29.737589686222247,-95.3834854069277,45,config_3
8640bfc,29.703366799060117,-95.37301757521422,117,config_3
8640c04,29.701664754444103,-95.41490027546612,145,config_3
8640c0c,29.74785769556582,-95.41490027546612,76,config_3
8640c14,29.746139536179513,-95.45681327060878,87,config_3
8640c1c,29.69994822955784,-95.45681327060878,14,config_3
8640c3,29.720442543224415,-95.51973943774544,121,config_3
8640c5,29.812789773957824,-95.51973943774544,39,config_3
8640c7,29.816260067935005,-95.43585298984118,65,config_3
8640cc,29.95294287747097,-95.47778111042308,125,config_3
8640d4,29.945865677209675,-95.64579506896482,49,config_3
8640dc,29.761313934618144,-95.64579506896482,69,config_3
8640f,29.487565156761832,-95.56172791278979,119,config_3
86414,29.65032632959495,-96.06791937864303,91,config_3
8641c,28.909559669047898,-96.06791937864303,11,config_3
8643,29.229990216591975,-97.09287704309902,112,config_3
86444,30.353859258393445,-96.74939926474936,29,config_3
86449,30.14258310143638,-97.26528581122331,40,config_3
8644a4,30.03607884049197,-97.52472429686226,4,config_3
8644ac,30.026032896758466,-97.69822718000074,8,config_3
8644b1,30.166350280171464,-97.65481097525692,84,config_3
8644b3,30.161249525253425,-97.74167025909962,56,config_3
8644b44,30.23136342440552,-97.71994536457991,83,config_3
8644b49,30.217968293742025,-97.75253521988041,30,config_3
8644b4b,30.21667961879742,-97.7742701630638,25,config_3
8644b4d,30.2396164588302,-97.7742701630638,40,config_3
8644b4f,30.24090571867302,-97.75253521988041,131,config_3
8644b504,30.258427979285823,-97.7471025301428,170,config_3
8644b5084,30.265835441578968,-97.7430282876004,52,config_3
8644b508c,30.26567464612546,-97.74574442312411,35,config_3
8644b5094,30.2685410400935,-97.74574442312411,30,config_3
8644b509c,30.268701844637004,-97.7430282876004,111,config_3
8644b50b,30.27292093134401,-97.74438634227594,71,config_3
8644b50d,30.27259916941805,-97.74981882268327,18,config_3
8644b50f,30.26686653317163,-97.74981882268327,73,config_3
8644b514,30.269249795828507,-97.7579683281769,86,config_3
8644b51c,30.25778413509299,-97.7579683281769,46,config_3
8644b53,30.262549330079125,-97.7742701630638,176,config_3
8644b55,30.2854782232638,-97.7742701630638,35,config_3
8644b57,30.286768650120433,-97.75253521988041,102,config_3
8644b584,30.293465686836736,-97.73623840688633,43,config_3
8644b58c,30.294107957885412,-97.7253759594911,12,config_3
8644b594,30.28264385330985,-97.7253759594911,50,config_3
8644b599,30.279296198136517,-97.73352263788321,15,config_3
8644b59b,30.2850284453428,-97.73352263788321,105,config_3
8644b59d,30.28470711307032,-97.73895428063078,85,config_3
8644b59f,30.278974902144274,-97.73895428063078,53,config_3
8644b5a1,30.27324244213285,-97.73895428063078,194,config_3
8644b5a3,30.27356370183042,-97.73352263788321,28,config_3
8644b5a5,30.26783095656935,-97.73352263788321,36,config_3
8644b5a64,30.266156844174763,-97.73759633066695,63,config_3
8644b5a6c,30.269023265401874,-97.73759633066695,13,config_3
8644b5a74,30.268862586404552,-97.7403122567757,38,config_3
8644b5a7c,30.265996174260163,-97.7403122567757,98,config_3
8644b5ac,30.259070819129697,-97.73623840688633,97,config_3
8644b5b4,30.259712654991283,-97.7253759594911,40,config_3
8644b5bc,30.271178751958903,-97.7253759594911,30,config_3
8644b5d,30.26640680866992,-97.70908543300678,48,config_3
8644b5f,30.289337445397152,-97.70908543300678,52,config_3
8644b7,30.258126250646576,-97.65481097525692,109,config_3
8644bc,30.219784329452057,-97.52472429686226,45,config_3
8644c4,30.403236040720408,-97.52472429686226,32,config_3
8644c9,30.34983856547093,-97.65481097525692,132,config_3
8644ca4,30.323084790431643,-97.71994536457991,179,config_3
8644cac,30.32051023682665,-97.76340185489671,90,config_3
8644cb4,30.36634462208107,-97.76340185489671,56,config_3
8644cbc,30.368921489305745,-97.71994536457991,78,config_3
8644cd,30.436358203188615,-97.74167025909962,125,config_3
8644cf,30.44148663205798,-97.65481097525692,162,config_3
8644d1,30.533069860674864,-97.65481097525692,130,config_3
8644d3,30.52793232491251,-97.74167025909962,52,config_3
8644d5,30.619441080748068,-97.74167025909962,3,config_3
8644d7,30.624587664456687,-97.65481097525692,22,config_3
8644dc,30.586429233124328,-97.52472429686226,10,config_3
8644f,30.50959108146923,-97.26528581122331,54,config_3
86454,31.048274789305523,-97.43813547748366,103,config_3
8645c,31.086161312239916,-96.74939926474936,22,config_3
86464,31.120018546616496,-96.06791937864303,5,config_3
864681,30.694150983541395,-96.3651570426858,16,config_3
864683,30.602511173160774,-96.3651570426858,193,config_3
864685,30.606641518267146,-96.28008642818537,16,config_3
864694,30.475111540338677,-96.15269854577356,2,config_3
8646b,30.195444005857052,-96.23759466618242,42,config_3
8646d,30.211107026336748,-95.8987138825821,37,config_3
86471,30.593421637599622,-95.56172791278979,31,config_3
86473,30.22581351822073,-95.56172791278979,145,config_3
86475,30.239577135436164,-95.22666753958994,30,config_3
86477,30.607284196351138,-95.22666753958994,1,config_3
8647c,31.149953835575754,-95.39395513481692,12,config_3
8649,32.22648626497233,-95.7299821027788,125,config_3
864b,33.6639235442592,-95.7299821027788,114,config_3
864c04,33.00025816692411,-96.49297974540691,27,config_3
864c0c,33.179521266031784,-96.49297974540691,2,config_3
864c14,33.170498212465176,-96.6638120059594,61,config_3
864c19,33.033808310287974,-96.70659142835461,59,config_3
864c1b,33.03837529168963,-96.62106106216318,13,config_3
864c1d,32.94867218962595,-96.62106106216318,90,config_3
864c1f,32.944111575688474,-96.70659142835461,195,config_3
864c204,32.918212995498926,-96.77081381795539,54,config_3
864c20c,32.91588477660569,-96.81366415379489,60,config_3
864c214,32.960749181909684,-96.81366415379489,52,config_3
864c21c,32.96307903400877,-96.77081381795539,61,config_3
864c23,33.02917631256216,-96.7922354503473,74,config_3
864c25,33.024479084154464,-96.87799260898478,85,config_3
864c27,32.93479536379654,-96.87799260898478,177,config_3
864c29,32.93003933905558,-96.96386238196816,133,config_3
864c2b,32.92521775249787,-97.04984424386326,144,config_3
864c2d,33.014888083545486,-97.04984424386326,104,config_3
864c2f,33.019716411840896,-96.96386238196816,67,config_3
864c34,33.15166983045958,-97.00683933476365,116,config_3
864c3c,33.161214973793854,-96.83509992015557,135,config_3
864c5,33.42466297447948,-96.92091345144947,20,config_3
864c7,33.443305262701145,-96.57833866136845,16,config_3
864cc,33.96831449038601,-96.74939926474936,82,config_3
864d4,33.928608236648834,-97.43813547748366,135,config_3
864d9,33.38419865667327,-97.61142171393448,5,config_3
864db,33.40496528400982,-97.26528581122331,32,config_3
864dc4,33.131787043268204,-97.35165580142355,1,config_3
864dcc,33.1418610811523,-97.17902604633225,187,config_3
864dd4,32.96270202967597,-97.17902604633225,132,config_3
864ddc,32.952655876640875,-97.35165580142355,118,config_3
864df,33.026671193038524,-97.61142171393448,7,config_3
864e1,32.66785705573455,-97.61142171393448,25,config_3
864e3,32.30778876008412,-97.61142171393448,8,config_3
864e5,32.328206146256456,-97.26528581122331,23,config_3
864e64,32.60342559297486,-97.17902604633225,54,config_3
864e6c,32.59343654138261,-97.35165580142355,48,config_3
864e704,32.70961190875816,-97.28686799616995,5,config_3
864e70c,32.754536939738664,-97.28686799616995,8,config_3
864e714,32.75201684881368,-97.33005299969896,188,config_3
864e71c,32.70709362135849,-97.33005299969896,35,config_3
864e73,32.72574784873103,-97.39488196255758,140,config_3
864e75,32.81554937243264,-97.39488196255758,38,config_3
864e77,32.82062812097865,-97.3084570618028,102,config_3
864e79,32.82564056924794,-97.22214211701957,68,config_3
864e7b,32.73582467310211,-97.22214211701957,7,config_3
864e7d,32.740763986823865,-97.13593766610796,87,config_3
864e7f,32.83058692378189,-97.13593766610796,70,config_3
864e81,32.83546739232744,-97.04984424386326,90,config_3
864e824,32.86153097681009,-96.98534735970001,42,config_3
864e82c,32.86392283529141,-96.94238440980855,49,config_3
864e834,32.81902347896741,-96.94238440980855,80,config_3
864e83c,32.81663331399837,-96.98534735970001,44,config_3
864e85,32.750445454048034,-96.96386238196816,102,config_3
864e864,32.724375368713154,-97.02833829890636,36,config_3
864e86c,32.76931096586975,-97.02833829890636,24,config_3
864e874,32.76688975084064,-97.07135716135726,142,config_3
864e87c,32.7219558844852,-97.07135716135726,24,config_3
864e8c,32.61315165717936,-97.00683933476365,172,config_3
864e91,32.66526542710278,-96.87799260898478,137,config_3
864e93,32.57526422651602,-96.87799260898478,3,config_3
864e95,32.57992816676992,-96.7922354503473,4,config_3
864e97,32.66993612885012,-96.7922354503473,146,config_3
864e984,32.73854929392094,-96.77081381795539,29,config_3
864e989,32.77283862799343,-96.76010565594648,104,config_3
864e98b,32.79530674729337,-96.76010565594648,29,config_3
864e98d,32.79414896037943,-96.78152374976098,94,config_3
864e98f,32.771681253536315,-96.78152374976098,25,config_3
864e9904,32.76519293640757,-96.7975919636156,12,config_3
864e990c,32.76461125673317,-96.80830631546661,7,config_3
864e9914,32.77584608980566,-96.80830631546661,108,config_3
864e991c,32.7764278732515,-96.7975919636156,138,config_3
864e9924,32.78766157164008,-96.7975919636156,127,config_3
864e992c,32.79889403057365,-96.7975919636156,15,config_3
864e9934,32.79831203988764,-96.80830631546661,10,config_3
864e993c,32.78707968452372,-96.80830631546661,55,config_3
864e995,32.79182120368614,-96.82438115462048,32,config_3
864e997,32.769354326207775,-96.82438115462048,28,config_3
864e99c,32.736227672290774,-96.81366415379489,88,config_3
864e9b,32.7551880257996,-96.87799260898478,199,config_3
864e9d,32.84503150838342,-96.87799260898478,160,config_3
864e9e4,32.87100035940884,-96.81366415379489,48,config_3
864e9ec,32.82609599380285,-96.81366415379489,105,config_3
864e9f4,32.82842092695497,-96.77081381795539,130,config_3
864e9fc,32.87332693865351,-96.77081381795539,64,config_3
864ea04,32.87563726450346,-96.7279917988472,48,config_3
864ea0c,32.87793136366645,-96.68519816136498,46,config_3
864ea14,32.8330220951347,-96.68519816136498,69,config_3
864ea1c,32.83072961850467,-96.7279917988472,113,config_3
864ea3,32.76447789994794,-96.70659142835461,169,config_3
864ea5,32.7690256275286,-96.62106106216318,173,config_3
864ea7,32.858888798964614,-96.62106106216318,124,config_3
864eac,32.82067260831222,-96.49297974540691,59,config_3
864eb4,32.64076865251589,-96.49297974540691,7,config_3
864ebc,32.63182149570298,-96.6638120059594,24,config_3
864ed,32.36590279494162,-96.57833866136845,18,config_3
864ef,32.347573082143434,-96.92091345144947,74,config_3
864f4,31.81403698736281,-96.74939926474936,43,config_3
864fc,31.77565397841012,-97.43813547748366,100,config_3
8651,32.07173956968547,-98.48424653420417,103,config_3
8653,33.50564014439569,-98.48424653420417,57,config_3
8655,33.400118050344666,-99.90181306343518,15,config_3
86564,32.29955541026602,-100.26001249402657,3,config_3
8656c,32.35595266673899,-99.54509739864785,154,config_3
86574,31.634986786941877,-99.54509739864785,1,config_3
8657c,31.57927923784857,-100.26001249402657,75,config_3
8659,30.518286860745835,-99.90181306343518,63,config_3
865a4,30.960008052009997,-98.83627550306029,22,config_3
865ac,31.006256252046203,-98.13385582671398,68,config_3
865b1,30.44720709035921,-98.30884408222222,72,config_3
865b24,30.555187146256856,-98.04651845312563,3,config_3
865b2c,30.56586048991763,-97.87216004899976,60,config_3
865b31,30.42590766866006,-97.91570993103981,51,config_3
865b33,30.431165278042197,-97.82863676314237,77,config_3
865b35,30.339535661310975,-97.82863676314237,101,config_3
865b37,30.334287454687797,-97.91570993103981,69,config_3
865b3c,30.37210465465863,-98.04651845312563,23,config_3
865b44,30.188765074951853,-98.04651845312563,30,config_3
865b49,30.242603171254085,-97.91570993103981,71,config_3
865b4b,30.247841914798993,-97.82863676314237,156,config_3
865b4d,30.156084631003004,-97.82863676314237,127,config_3
865b4f,30.15085541080973,-97.91570993103981,50,config_3
865b54,30.015731494442146,-97.87216004899976,23,config_3
865b5c,30.005173146136972,-98.04651845312563,10,config_3
865b7,30.080647732549952,-98.30884408222222,15,config_3
865bc,30.229456183789885,-98.83627550306029,82,config_3
865c1,29.666946439306688,-99.0128926396605,10,config_3
865c3,29.29878707488194,-99.0128926396605,5,config_3
865c44,29.408607178997574,-98.74811671290261,64,config_3
865c54,29.23565167078199,-98.57210164219819,6,config_3
865c589,29.39044652871884,-98.49522283487921,14,config_3
865c58a4,29.408080957546215,-98.48973448462176,8,config_3
865c58a9,29.416897411367458,-98.48699045942412,18,config_3
865c58ab,29.422657979516863,-98.48699045942412,125,config_3
865c58ad,29.422307454045804,-98.49247860977935,146,config_3
865c58af,29.41654692851456,-98.49247860977935,21,config_3
865c58b4,29.41890098910074,-98.50071158483473,12,config_3
865c58bc,29.407379614077243,-98.50071158483473,8,config_3
865c58d,29.41208637425538,-98.51718023147153,3,config_3
865c594,29.39845040479675,-98.55012829743514,1,config_3
865c59c,29.352357177061265,-98.55012829743514,2,config_3
865c5b,29.371151507395588,-98.61606741261737,20,config_3
865c5d,29.4633008010114,-98.61606741261737,22,config_3
865c5e4,29.490593493764127,-98.55012829743514,18,config_3
865c5ec,29.444529202733182,-98.55012829743514,7,config_3
865c5f1,29.458163608213578,-98.51718023147153,9,config_3
865c5f3,29.43512680295637,-98.51718023147153,5,config_3
865c5f5,29.436532367250518,-98.49522283487921,186,config_3
865c5f7,29.459569854645576,-98.49522283487921,26,config_3
865c5fc,29.493416141773213,-98.50620073434655,18,config_3
865c61,29.56107795903864,-98.5281613251188,97,config_3
865c63,29.653121270711214,-98.5281613251188,23,config_3
865c65,29.647424377761023,-98.61606741261737,24,config_3
865c67,29.555391962502256,-98.61606741261737,82,config_3
865c6c,29.592755976780314,-98.74811671290261,8,config_3
865c74,29.776668968125207,-98.74811671290261,13,config_3
865c7c,29.78822624920605,-98.57210164219819,14,config_3
865c84,29.79952185716575,-98.39649382124541,21,config_3
865c8c,29.615522218521853,-98.39649382124541,155,config_3
865c94,29.626515748431625,-98.22129789306325,36,config_3
865c9c,29.81055718612046,-98.22129789306325,20,config_3
865cb,29.73460420400754,-97.95928633924419,174,config_3
865cd,29.365924716786814,-97.95928633924419,3,config_3
865ce4,29.257725688609163,-98.22129789306325,1,config_3
865cec,29.442236944118477,-98.22129789306325,13,config_3
865cf3,29.480131424651383,-98.35265604392654,37,config_3
865cf5,29.47458598575015,-98.4403573420946,124,config_3
865cf7,29.382414766268383,-98.4403573420946,73,config_3
865cfc,29.246817280680546,-98.39649382124541,20,config_3
865d4,28.800767770339537,-98.13385582671398,6,config_3
865dc,28.756549512130285,-98.83627550306029,4,config_3
865f,29.05146194995472,-99.90181306343518,34,config_3
87c04,39.55590521591865,-94.72775278355441,157,config_3
87c084,39.131569550084656,-94.97665398592595,2,config_3
87c08c,39.13852991103739,-94.81059550583717,88,config_3
87c094,38.97217463056228,-94.81059550583717,185,config_3
87c09c,38.9652227788756,-94.97665398592595,9,config_3
87c0b,38.718394360024426,-94.8935627223328,102,config_3
87c0d,38.73176021645834,-94.56244259389422,64,config_3
87c0e4,38.985311088833,-94.47997600454927,12,config_3
87c0e9,38.93884499887653,-94.60372309687371,86,config_3
87c0eb,38.93556206818537,-94.68637824658086,144,config_3
87c0ed,39.01885113149565,-94.68637824658086,109,config_3
87c0ef,39.022136098975515,-94.60372309687371,196,config_3
87c0f4,39.145233512559905,-94.64503499936119,51,config_3
87c7,37.89654612629984,-94.39763566548027,141,config_3
87c9,36.528558042285006,-94.39763566548027,187,config_3
87cb,35.135299661123526,-94.39763566548027,29,config_3
875,40.85807948120362,-109.568710311036,142,config_3
54a1,46.14159652227692,-116.7408245202976,106,config_3
54a3,45.70483978919539,-118.4140395570941,54,config_3
54a5,44.69226128587824,-117.34281150656953,79,config_3
54a7,45.0989885315499,-115.71338877957893,45,config_3
54a9,44.06820186927229,-114.7420407576597,14,config_3
54ab,43.051057110495165,-113.82317385073857,27,config_3
54ad,42.69885754621541,-115.36623146951,76,config_3
54ae1,43.172297076078024,-116.5475669604974,5,config_3
54ae3,43.418201518967464,-116.79504946553985,5,config_3
54ae44,43.43020126567081,-116.43849927732597,61,config_3
54ae4c,43.553988777092684,-116.56210831712814,68,config_3
54ae504,43.538113473886874,-116.3926349994847,8,config_3
54ae50c,43.55029926273061,-116.34340634608819,125,config_3
54ae514,43.58135274158363,-116.3742194822958,117,config_3
54ae51c,43.56913981827311,-116.42348841755178,32,config_3
54ae53,43.62183072903165,-116.44520196070314,101,config_3
54ae544,43.62463449056151,-116.35576387694474,146,config_3
54ae54c,43.655738293834276,-116.38663981299777,132,config_3
54ae554,43.66795870427063,-116.33726804997076,66,config_3
54ae55c,43.63682772622524,-116.30643261727327,130,config_3
54ae564,43.605708388329354,-116.27564881481402,52,config_3
54ae56c,43.59354227265436,-116.32493958182617,39,config_3
54ae574,43.562461693861714,-116.29416682749908,53,config_3
54ae57c,43.574600744266725,-116.24491654224852,97,config_3
54ae5c,43.478766968967335,-116.24203040352872,57,config_3
54ae7,43.26887526705082,-116.1568882675859,3,config_3
54ae9,43.36397951896133,-115.76555836928306,5,config_3
54aeb,43.457598816368254,-115.37362724179869,1,config_3
54aef1,43.57012222418253,-116.02666880060974,1,config_3
54aef3,43.507789991660324,-115.96579689525605,1,config_3
54aef5,43.48384031657126,-116.0640755869524,3,config_3
54aef64,43.52448250107923,-116.13442636140839,25,config_3
54aef6c,43.53652089451598,-116.08523616548925,5,config_3
54aef74,43.567658798212456,-116.11578446308921,58,config_3
54aef7c,43.555593518519935,-116.16501531620014,113,config_3
54aef81,43.57590953450725,-116.20030439907359,52,config_3
54aef83,43.58195813076086,-116.1756763504585,51,config_3
54aef85,43.597525894358256,-116.19100425385196,86,config_3
54aef87,43.59147055168843,-116.21564245884714,37,config_3
54aef8c,43.617851065609685,-116.2263472800884,198,config_3
54aef94,43.62997028165375,-116.17703507663535,89,config_3
54aef9c,43.59880861162842,-116.1463840666699,35,config_3
54aefd,43.69493048084211,-116.14902826033067,3,config_3
54aefec,43.661143754957344,-116.20773759355966,43,config_3
54aeff4,43.6489974886852,-116.25709048976887,91,config_3
54aeffc,43.68015560669717,-116.28788531861046,111,config_3
54af4,44.037926550423144,-116.17841047267393,99,config_3
54af9,44.01397463682888,-116.9016302143173,4,config_3
54afa9,43.77085298834612,-116.47035832982436,4,config_3
54afab,43.708549184474265,-116.40833589065018,195,config_3
54afad,43.68397956605207,-116.50717850296289,95,config_3
54afaf,43.74617387331362,-116.56936267169381,2,config_3
54afb4,43.677958139114224,-116.68654351587482,3,config_3
54afd,43.66481923761525,-117.04582710893777,7,config_3
54aff,43.9121221485457,-117.29995019941629,1,config_3
54b4,42.60105252435535,-118.16833124175848,40,config_3
54b84,43.4519711572171,-120.67019682978226,9,config_3
54b89,43.74393077390025,-121.28950595634689,10,config_3
54b8b,43.97792688677577,-121.57576047640505,26,config_3
54b8d,44.09934592924397,-121.17733902682762,188,config_3
54b94,44.15919725763274,-120.43610234087129,9,config_3
54b9c,43.681998271763,-119.8811683842587,1,config_3
54bb,44.26030792215236,-118.95750915810693,10,config_3
54bd,45.241736178632564,-120.06858282186246,88,config_3
54be4,45.11798732524106,-121.58886857534259,29,config_3
54bec,44.63795211099848,-121.0052111212463,39,config_3
54bf4,44.391904974859656,-121.81123068005338,60,config_3
54bf9,44.68158898096046,-122.4558963583206,6,config_3
54bfb,44.809217663388914,-122.05138088429021,8,config_3
54bfd,45.04633720700083,-122.35003276692846,4,config_3
54bfe4,45.00806881846334,-122.73069433115619,25,config_3
54bfec,44.890261439316056,-122.57969236762722,3,config_3
54bff4,44.825282755970896,-122.78227188590266,4,config_3
54bffc,44.94255395507608,-122.93376154653947,185,config_3
80a4,40.45917752648626,-117.17353159273283,49,config_3
80ac,41.179309062574944,-114.14393537153407,78,config_3
80b4,38.69923312940009,-114.14393537153407,59,config_3
80bc,37.99091618439274,-117.17353159273283,111,config_3
5341,47.6081209328702,-109.93728561808545,12,config_3
5343,47.28474757454277,-111.6466704629473,159,config_3
5345,46.16046424391461,-110.77256778058084,113,config_3
5347,46.459904021308915,-109.1207771466117,10,config_3
53481,45.852057891135786,-108.03107899657321,1,config_3
534864,45.69833573485889,-108.48806559450713,26,config_3
53487b,45.8125244014292,-108.50843617833486,106,config_3
53487d,45.79557476785555,-108.6094448628101,106,config_3
5348c,45.54294872249074,-108.94362015320151,45,config_3
53494,44.98597158060743,-108.56537729549225,2,config_3
5349c,45.11561412300014,-107.7753932197069,1,config_3
534b,44.22203080004959,-107.63420332078704,7,config_3
534d,43.96538892291378,-109.17734588141407,6,config_3
534f,45.05349645428964,-109.9507786452216,100,config_3
5351,44.75054246871742,-111.54991429405176,72,config_3
5353,43.68461917643636,-110.72544629199525,50,config_3
5355,43.37977053234058,-112.27516097243735,172,config_3
5357,44.422004008217534,-113.14818896125877,5,config_3
5359,45.479660248961444,-114.07273505959277,31,config_3
535b,45.83363430908529,-112.42452365785347,65,config_3
535c4,46.56531625405957,-113.53808355521672,13,config_3
535cc,46.74539120867095,-112.69296364318917,12,config_3
535d4,47.30166702726149,-113.16475070478317,14,config_3
535d9,47.30045112903804,-113.93160923259923,6,config_3
535dcd,46.838676782076476,-113.96885658751987,196,config_3
535dcf,46.90724215171903,-114.03004023808859,76,config_3
535dd4,46.837336656948814,-114.15915241577468,5,config_3
535ddc,46.97423551540944,-114.28259478518439,2,config_3
535df,47.20427515669001,-114.36200399141323,1,config_3
535f,46.55100149450924,-115.05257732707402,35,config_3
877,41.74704688465104,-103.5436913322114,195,config_3
8784,43.42119333788496,-99.18990521297464,32,config_3
878c,43.61150136204474,-96.40773576934623,31,config_3
8791,41.70093335397801,-97.09287704309902,151,config_3
87924,42.07607891199186,-96.06791937864303,11,config_3
879384,41.214590906984775,-95.81428853484881,26,config_3
8793884,41.149077038372454,-95.9198387432287,111,config_3
879388c,41.18917623945357,-95.9198387432287,38,config_3
8793894,41.18699621607522,-95.96211063966837,78,config_3
879389c,41.146897425567566,-95.96211063966837,81,config_3
87938a4,41.144700675658925,-96.00441205201167,25,config_3
87938ac,41.14248675724379,-96.04674291893367,61,config_3
87938b4,41.18258471620395,-96.04674291893367,79,config_3
87938bc,41.184799052130074,-96.00441205201167,42,config_3
87938d,41.24378774307451,-96.02557380749096,199,config_3
87938e4,41.267108097356115,-95.96211063966837,67,config_3
87938ec,41.227066448132064,-95.96211063966837,57,config_3
87938f4,41.22924687752488,-95.9198387432287,97,config_3
87938fc,41.26928892821248,-95.9198387432287,121,config_3
879394,41.365989673432814,-95.98325766018019,47,config_3
8793b,41.60957437374421,-95.8987138825821,7,config_3
8793d,41.59168827751169,-96.23759466618242,3,config_3
8793e4,41.34784575928842,-96.32260724129291,1,config_3
8793ec,41.35705609058244,-96.15269854577356,52,config_3
8793f4,41.197011293254974,-96.15269854577356,132,config_3
8793fc,41.18780769252191,-96.32260724129291,17,config_3
87941,40.951526290404686,-96.23759466618242,42,config_3
87945,40.64651790192333,-95.8987138825821,25,config_3
87947,40.96936027281737,-95.8987138825821,137,config_3
87954,40.18347133353734,-95.39395513481692,24,config_3
8795c,40.150132040497795,-96.06791937864303,30,config_3
87964,40.11241072280072,-96.74939926474936,96,config_3
87969,40.60980253094514,-96.57833866136845,27,config_3
8796a4,40.85689643168396,-96.49297974540691,11,config_3
8796ac,41.017838290345814,-96.49297974540691,5,config_3
8796b4,41.00808318029977,-96.6638120059594,9,config_3
8796b9,40.884943847775695,-96.70659142835461,49,config_3
8796bb,40.889888837320825,-96.62106106216318,24,config_3
8796bd,40.80930753039419,-96.62106106216318,70,config_3
8796be4,40.78544430277923,-96.68519816136498,19,config_3
8796bec,40.82576247215187,-96.68519816136498,153,config_3
8796bf4,40.823273104281,-96.7279917988472,44,config_3
8796bfc,40.782955451652896,-96.7279917988472,5,config_3
8796d,40.91251646489407,-96.92091345144947,23,config_3
8796f,40.58976906346002,-96.92091345144947,20,config_3
87974,40.71915219453123,-97.43813547748366,46,config_3
8797c,40.070182502907144,-97.43813547748366,17,config_3
87984,40.02332681373885,-98.13385582671398,9,config_3
8798c,39.97172786799671,-98.83627550306029,67,config_3
87994,40.620331365630534,-98.83627550306029,85,config_3
8799c,40.672123190459786,-98.13385582671398,122,config_3
879b,41.606421620925396,-98.48424653420417,38,config_3
879d,41.492537434213524,-99.90181306343518,24,config_3
879f,40.210213697415384,-99.90181306343518,81,config_3
5493,46.66196972163992,-124.17385964401133,194,config_3
54944,46.0807264098345,-122.80134019839946,44,config_3
5494c,45.80895523301918,-123.63186885536793,153,config_3
549501,45.66037802468876,-122.91968181257504,3,config_3
549503,45.62693254583949,-123.02282408180253,7,config_3
5495044,45.59068576471431,-122.93915741391251,9,config_3
5495054,45.54428241496691,-122.95210233983639,163,config_3
549505c,45.56094313992627,-122.90063759249483,74,config_3
549507,45.60078650920949,-122.84261582138784,78,config_3
5495084,45.56438413146292,-122.75922464350096,31,config_3
549508c,45.547805079518234,-122.81071529893603,87,config_3
5495094,45.518031908111034,-122.77234612066754,87,config_3
5495099,45.52299344984612,-122.72417720296717,131,config_3
549509b,45.53789233682927,-122.74333511785996,2,config_3
549509d,45.54616312038097,-122.71759448300428,15,config_3
549509e4,45.537047684510135,-122.69679576067433,35,config_3
549509ec,45.5329169752946,-122.70966489044866,23,config_3
549509f4,45.52546446334424,-122.70009260976938,41,config_3
549509fc,45.52959304322465,-122.68722544863411,104,config_3
54950a01,45.525033660840975,-122.67683346582572,130,config_3
54950a03,45.52297054075724,-122.6832667468775,101,config_3
54950a05,45.51924358352819,-122.67848414033794,179,config_3
54950a07,45.52130617164118,-122.67205135197128,178,config_3
54950a09,45.51757871527425,-122.66727016973095,40,config_3
54950a0b,45.5138512918891,-122.66248991892985,13,config_3
54950a0d,45.51178976739299,-122.66892172167663,72,config_3
54950a0f,45.51551665902379,-122.67370246532926,118,config_3
54950a11,45.513454231198715,-122.68013432255529,86,config_3
54950a13,45.50972787136083,-122.6753530863257,55,config_3
54950a15,45.50766560388803,-122.68178401270428,27,config_3
54950a17,45.51139143189449,-122.6865657412363,41,config_3
54950a1c,45.51801208015322,-122.6905240564604,162,config_3
54950a3,45.508095070323755,-122.70503419632178,89,config_3
54950a5,45.49319720780043,-122.68590608676298,74,config_3
54950a7,45.50144244602728,-122.66018905718924,138,config_3
54950a9,45.48653660876108,-122.64108371265209,77,config_3
54950ab,45.471631314451734,-122.62199324817144,86,config_3
54950ad,45.46340307183827,-122.6476945142619,73,config_3
54950af,45.478299871801276,-122.66679286312996,40,config_3
54950b4,45.45849154935476,-122.69578654366407,187,config_3
54950bc,45.48826070595497,-122.73403656523594,189,config_3
54950c1,45.48329822385901,-122.78216669083002,52,config_3
54950c3,45.47502075974214,-122.80786341380802,53,config_3
54950c5,45.46015695439413,-122.78870398472259,46,config_3
54950c7,45.468425900579085,-122.76301506529397,54,config_3
54950cc,45.44199101477293,-122.7471549843348,164,config_3
54950d4,45.42546683575761,-122.79849533207965,94,config_3
54950dc,45.455167904161684,-122.83680782536067,196,config_3
54950e4,45.48487090773235,-122.87517976564695,130,config_3
54950ec,45.501463249422216,-122.82377713003044,177,config_3
54950f4,45.53120227592204,-122.86217752738578,146,config_3
54950f9,45.52616325092235,-122.91037073492822,46,config_3
54950fb,45.511306093283736,-122.89114397364085,50,config_3
54950fd,45.50299119767319,-122.91684981290295,54,config_3
54950ff,45.51783980503172,-122.9360843205274,60,config_3
549511,45.47476467090749,-122.97146180220247,175,config_3
549513,45.41546108083697,-122.8946250604236,35,config_3
549515,45.38223736110229,-122.99716688522332,5,config_3
549517,45.44140428964642,-123.07412642929737,1,config_3
549519,45.50057773123603,-123.15132365859832,27,config_3
54951a4,45.51089000086684,-123.05494551702208,44,config_3
54951a9,45.51600710921015,-123.0067548310417,27,config_3
54951ab,45.52435093313733,-122.981047880545,111,config_3
54951ad,45.53919183922558,-123.00031993367642,64,config_3
54951af,45.53083944656461,-123.0260345839202,1,config_3
54951b4,45.55727207593876,-123.04212000090983,6,config_3
54951bc,45.5405297464926,-123.09355787961901,31,config_3
54951d,45.59339209373215,-123.1258501314257,4,config_3
54951f,45.55975707229058,-123.2287592665428,2,config_3
54953,45.387007906721884,-123.36900144724818,24,config_3
54955,45.15173498734285,-123.0608974894459,122,config_3
549564,45.19159928856739,-122.67862935948932,21,config_3
54956c,45.310022002439766,-122.83100725898468,71,config_3
549571,45.329735089057436,-122.63925646910941,39,config_3
549573,45.38915857774362,-122.7154945942373,73,config_3
5495744,45.39895967699165,-122.6194647461854,31,config_3
549574c,45.4287245144053,-122.65759596697339,52,config_3
5495754,45.44516739609214,-122.60623100993578,116,config_3
549575c,45.415368654422686,-122.56813131981727,11,config_3
549577,45.36249877516487,-122.53673942058207,18,config_3
54957c,45.25690974120018,-122.47419175284617,1,config_3
549584,45.32184354756758,-122.26931980053114,7,config_3
54958c,45.38639768122647,-122.06401918838041,2,config_3
549594,45.506438807969616,-122.21487104310319,48,config_3
5495984,45.51070121712929,-122.4004943012694,79,config_3
549598c,45.49435351425048,-122.45196983256811,129,config_3
5495994,45.464453180043336,-122.41396557173343,6,config_3
549599c,45.48076705949738,-122.36252212942001,5,config_3
54959b,45.42774198470452,-122.33137635794274,1,config_3
54959d,45.395167868097275,-122.43411248023591,5,config_3
54959e4,45.43175392951714,-122.51677025611298,41,config_3
54959ec,45.44811545407697,-122.46538164374758,4,config_3
54959f4,45.47798194434652,-122.50341785392995,95,config_3
54959fc,45.461586555539675,-122.5548382760434,146,config_3
5495a01,45.47985361974724,-122.59628501716708,49,config_3
5495a03,45.488069981655485,-122.57056983232405,53,config_3
5495a05,45.50299225720911,-122.58964447548155,75,config_3
5495a07,45.49476740592437,-122.61536757974513,66,config_3
5495a09,45.50968174198434,-122.63446502764646,191,config_3
5495a0a4,45.518806988114285,-122.6552310328246,81,config_3
5495a0a9,45.52336838804552,-122.66561812513051,61,config_3
5495a0ab,45.527096409177474,-122.67039974602508,92,config_3
5495a0ad,45.52915878567122,-122.66396558764853,40,config_3
5495a0af,45.525430232645725,-122.6591844599886,11,config_3
5495a0b4,45.53038697345907,-122.65192321798682,44,config_3
5495a0bc,45.52292833833318,-122.642364307167,49,config_3
5495a0d,45.532838469246386,-122.6278384447301,80,config_3
5495a0f,45.51791508957677,-122.60873400920435,105,config_3
5495a14,45.537721940276384,-122.57966880681761,180,config_3
5495a1c,45.50785079837465,-122.54151354488577,191,config_3
5495a24,45.52425626778927,-122.49003361500652,134,config_3
5495a2c,45.54063784974779,-122.43852603515344,37,config_3
5495a34,45.570576881470984,-122.47661742208858,5,config_3
5495a3c,45.55416136477599,-122.52815700965833,121,config_3
5495a5,45.6072594946009,-122.55966380656399,50,config_3
5495a64,45.597470783103056,-122.65615840444629,36,config_3
5495a6c,45.5675952939552,-122.6178837299336,180,config_3
5495a71,45.5626868323772,-122.66609206614204,100,config_3
5495a73,45.54776238669269,-122.64695779329665,89,config_3
5495a75,45.53951202569133,-122.6727046242673,140,config_3
5495a77,45.554427954274686,-122.69184679541128,77,config_3
5495a79,45.56934439461358,-122.71100389672745,50,config_3
5495a7b,45.577611796748286,-122.68524127450442,77,config_3
5495a7d,45.592537270241095,-122.70440542962204,33,config_3
5495a7f,45.58426133714323,-122.73017593942818,58,config_3
5495ac,45.68046779773375,-122.72628331482727,91,config_3
5495bc,45.62652357665749,-122.36667527155068,15,config_3
5495f,45.54292692615821,-121.83018752066076,44,config_3
5497,46.22908782612636,-121.23921488820876,50,config_3
549c,47.48393589487549,-119.2679952148927,60,config_3
5361,47.63403445098701,-116.09176985676741,150,config_3
5363,48.7264976436732,-117.19464978548825,88,config_3
5365,49.16816510443443,-115.3898065910772,16,config_3
53664,48.42415201154842,-114.15314998422515,141,config_3
5366c,48.22276842793814,-115.03896457399081,46,config_3
53674,47.66730896553307,-114.52338040978613,18,config_3
5367c,47.86134359972227,-113.65128748447525,34,config_3
536c,49.184999419288424,-112.16634582208245,91,config_3
533,46.49748000228192,-104.70355182376157,113,config_3
8634,33.02295655262219,-93.7435089912669,185,config_3
8639,30.82144165749157,-94.39763566548027,82,config_3
863b,30.858922248180154,-93.09770198132622,4,config_3
863ec,29.726599575060234,-94.0695453815523,44,config_3
863f4,29.704802294748838,-94.72775278355441,166,config_3
863f84,29.23271960704705,-94.97665398592595,11,config_3
863f9c,29.238779020158844,-94.81059550583717,198,config_3
8664,26.873943041714885,-99.18990521297464,112,config_3
86684,28.097803881433773,-97.43813547748366,128,config_3
8668c,27.351520349093526,-97.43813547748366,61,config_3
8669c,28.133429370477497,-96.74939926474936,71,config_3
866b,27.80631194500799,-95.7299821027788,1,config_3
866f,26.244408488148757,-97.09287704309902,88,config_3
54c01,44.78535948854263,-123.16131394357724,41,config_3
54c03,44.652692322458776,-123.56430088676868,14,config_3
54c05,44.421978444490605,-123.25986752718795,177,config_3
54c07,44.55250127717842,-122.85873960891334,37,config_3
54c09,44.319811141654064,-122.55980800458357,8,config_3
54c0b,44.08732541386454,-122.26447724367158,5,config_3
54c0d,43.9610091899147,-122.66182272622748,27,config_3
54c0f,44.191405290343,-122.95905492517568,173,config_3
54c104,44.15141099179493,-123.3325920901741,7,config_3
54c10c,44.085895544765485,-123.53116421653026,22,config_3
54c114,43.9719709688925,-123.38052020826761,6,config_3
54c11b,44.04931982233878,-123.26946117113417,1,config_3
54c11d,44.081792802771545,-123.17023558837161,90,config_3
54c11e1,44.05811412245296,-123.0862375476658,78,config_3
54c11e3,44.04378180408187,-123.06755752229664,161,config_3
54c11e5,44.0357085866693,-123.0923589827379,32,config_3
54c11e7,44.050032686383894,-123.11104615039208,66,config_3
54c11ec,44.03074441732155,-123.13889596314753,35,config_3
54c11f4,44.00212221798227,-123.10152800827267,4,config_3
54c11fc,44.018254836662265,-123.0519597129871,12,config_3
54c13,43.83329937627308,-123.05754249073107,30,config_3
54c15,43.70421932766813,-123.45159560053577,1,config_3
54c17,43.93041073831826,-123.7524358267999,6,config_3
54c1c,44.337287873748494,-124.01134890350603,173,config_3
54c3,43.707049572100416,-124.88795968908738,99,config_3
54c5,42.82392802174981,-123.6816778082991,186,config_3
54c7,43.324903597219624,-122.12984886207191,89,config_3
54c9,42.412928013038574,-121.00612641434098,79,config_3
54cb,41.507503734430315,-119.93476272635633,3,config_3
54cf,41.94365433156008,-122.52903758115278,198,config_3
54d4,40.78778037496809,-124.19441089783537,12,config_3
54dc,42.45113689813503,-126.57303097851934,28,config_3
54ea4,44.79237005714711,-124.63279390957445,51,config_3
54eac,45.0670934277919,-123.82520112375924,100,config_3
54eb4,45.53113163105477,-124.45451925130276,55,config_3
80c4,35.432923546436584,-117.17353159273283,46,config_3
80c84,36.84791623950343,-115.28375849518459,4,config_3
80c884,36.37898828441461,-115.5681083893613,1,config_3
80c88c,36.42211750970797,-115.3785719022423,3,config_3
80c894,36.25982197536015,-115.3785719022423,196,config_3
80c89c,36.21676905280592,-115.5681083893613,11,config_3
80c8a4,36.05421796451002,-115.5681083893613,12,config_3
80c8ac,35.89133771339766,-115.5681083893613,1,config_3
80c8b4,35.93423340049402,-115.3785719022423,4,config_3
80c8b9,36.067173224924375,-115.33116888644844,48,config_3
80c8bb,36.045774953068936,-115.42596745141297,3,config_3
80c8bd,36.12716252575425,-115.42596745141297,22,config_3
80c8be4,36.163570969637625,-115.35487132197885,33,config_3
80c8bec,36.12289054919738,-115.35487132197885,10,config_3
80c8bf4,36.133577107447366,-115.30746460704879,170,config_3
80c8bfc,36.17426237308871,-115.30746460704879,26,config_3
80c8c04,36.18493382410928,-115.26005056226762,61,config_3
80c8c0c,36.144243727955896,-115.26005056226762,134,config_3
80c8c14,36.15489038861112,-115.21262927895731,167,config_3
80c8c1c,36.19558530060847,-115.21262927895731,66,config_3
80c8c24,36.206216780632914,-115.16520084855117,58,config_3
80c8c2c,36.216828242367036,-115.11776536259309,38,config_3
80c8c31,36.183651729662394,-115.12962489053015,169,config_3
80c8c33,36.188950661118966,-115.10590539941185,19,config_3
80c8c35,36.16859260365042,-115.10590539941185,11,config_3
80c8c37,36.163294869991226,-115.12962489053015,86,config_3
80c8c384,36.154228483053195,-115.14741336321894,47,config_3
80c8c38c,36.15157601393398,-115.15927179677834,95,config_3
80c8c394,36.16175499371383,-115.15927179677834,24,config_3
80c8c39c,36.164407763341515,-115.14741336321894,80,config_3
80c8c3b,36.17834779230175,-115.15334263494128,182,config_3
80c8c3d,36.1730388517487,-115.17705862118852,37,config_3
80c8c3f,36.15268439315995,-115.17705862118852,49,config_3
80c8c404,36.136087649426486,-115.18298734169528,10,config_3
80c8c40c,36.13874231697798,-115.17112979008085,34,config_3
80c8c414,36.1285610411198,-115.17112979008085,173,config_3
80c8c41c,36.12590667528208,-115.18298734169528,22,config_3
80c8c424,36.11572440409473,-115.18298734169528,58,config_3
80c8c42c,36.10554083652612,-115.18298734169528,58,config_3
80c8c4304,36.11101864429962,-115.17557642377344,69,config_3
80c8c4309,36.11215269053142,-115.1733531146959,117,config_3
80c8c430b,36.11248436870374,-115.17187090001168,114,config_3
80c8c430d,36.111211367053116,-115.17187090001168,33,config_3
80c8c430f,36.110879693606144,-115.1733531146959,54,config_3
80c8c4314,36.10913599586098,-115.1726120082168,70,config_3
80c8c431c,36.108472624122115,-115.17557642377344,40,config_3
80c8c433,36.10498512341945,-115.17409421944862,159,config_3
80c8c435,36.1063116540684,-115.1681653331076,11,config_3
80c8c437,36.11140395097143,-115.1681653331076,34,config_3
80c8c439,36.11649592378649,-115.1681653331076,20,config_3
80c8c43a1,36.113757350098744,-115.17187090001168,16,config_3
80c8c43a3,36.115030311236836,-115.17187090001168,12,config_3
80c8c43a5,36.11469862361602,-115.1733531146959,77,config_3
80c8c43a7,36.1134256672018,-115.1733531146959,104,config_3
80c8c43ac,36.11356458346455,-115.17557642377344,86,config_3
80c8c43b4,36.11611044160657,-115.17557642377344,36,config_3
80c8c43bc,36.11677387004618,-115.1726120082168,105,config_3
80c8c43d,36.12026081502195,-115.17409421944862,123,config_3
80c8c43f,36.121587572430776,-115.1681653331076,176,config_3
80c8c45,36.11726522191367,-115.15334263494128,71,config_3
80c8c464,36.13386602468232,-115.14741336321894,40,config_3
80c8c46c,36.13121415770002,-115.15927179677834,100,config_3
80c8c474,36.141395735042614,-115.15927179677834,116,config_3
80c8c47c,36.144047903280054,-115.14741336321894,24,config_3
80c8c4c,36.135398420349034,-115.11776536259309,122,config_3
80c8c54,36.094652317851704,-115.11776536259309,57,config_3
80c8c59,36.07651755983104,-115.15334263494128,49,config_3
80c8c5b,36.09689398218989,-115.15334263494128,38,config_3
80c8c5c4,36.08782297013951,-115.17112979008085,52,config_3
80c8c5c9,36.09612608832972,-115.1681653331076,10,config_3
80c8c5cb,36.101219033160206,-115.1681653331076,41,config_3
80c8c5cc4,36.098951029549575,-115.1726120082168,16,config_3
80c8c5cc9,36.10102662480134,-115.17187090001168,32,config_3
80c8c5ccb,36.10229978845029,-115.17187090001168,15,config_3
80c8c5ccd,36.10196814810116,-115.1733531146959,81,config_3
80c8c5ccf,36.10069498918339,-115.1733531146959,91,config_3
80c8c5cd4,36.10083407761771,-115.17557642377344,57,config_3
80c8c5cdc,36.098287733493464,-115.17557642377344,22,config_3
80c8c5cf,36.09479970908767,-115.17409421944862,94,config_3
80c8c5d4,36.095355973238604,-115.18298734169528,30,config_3
80c8c5dc,36.08516981489515,-115.18298734169528,8,config_3
80c8c5f,36.07121465644432,-115.17705862118852,57,config_3
80c8c64,36.07343828279969,-115.21262927895731,27,config_3
80c8c6c,36.114174701915175,-115.21262927895731,184,config_3
80c8c74,36.103532881058676,-115.26005056226762,55,config_3
80c8c7c,36.06280132571474,-115.26005056226762,46,config_3
80c8c9,36.00698255541094,-115.23634081971663,42,config_3
80c8cb,35.92539077607315,-115.23634081971663,3,config_3
80c8cd,35.946590459166416,-115.14148398179033,33,config_3
80c8cf,36.02820192231902,-115.14148398179033,174,config_3
80c8d04,36.06445766834074,-115.07032291273677,64,config_3
80c8d0c,36.07500985623604,-115.02287359074474,58,config_3
80c8d14,36.03421260055374,-115.02287359074474,34,config_3
80c8d1c,36.02366526532323,-115.07032291273677,156,config_3
80c8d3,35.967710408691985,-115.0465991050183,14,config_3
80c8d5,35.98875045124652,-114.95168692349858,8,config_3
80c8d7,36.070400926759895,-114.95168692349858,22,config_3
80c8dc,36.182186737866814,-114.99914638140322,130,config_3
80c8e4,36.344968546438146,-114.99914638140322,56,config_3
80c8e9,36.27253906578694,-115.14148398179033,80,config_3
80c8eb,36.25126179719294,-115.23634081971663,122,config_3
80c8ed,36.33252171802768,-115.23634081971663,39,config_3
80c8ef,36.35381790489505,-115.14148398179033,2,config_3
80c94,36.36814741446093,-114.52426397902158,131,config_3
80c9c,37.01727952299506,-114.52426397902158,3,config_3
80cb,36.9367763776853,-113.38235448459531,10,config_3
80cf,35.30182208350793,-114.90422082333554,63,config_3
8094,37.20172848568333,-120.15893030899788,3,config_3
80984,39.05434876601501,-119.04599270243568,1,config_3
8098c,39.66355627821884,-119.04599270243568,60,config_3
80991,39.35813696101727,-119.60354950502408,178,config_3
809924,39.61124907051809,-119.51077084299,1,config_3
809934,39.71053121880375,-119.69626771448172,21,config_3
809939,39.584294858108485,-119.74260395507105,164,config_3
80993b,39.61025631481741,-119.64991620525349,47,config_3
80993d,39.53464012366414,-119.64991620525349,2,config_3
80993e4,39.49627045299958,-119.71943774820171,2,config_3
80993ec,39.534095996588334,-119.71943774820171,69,config_3
80993f4,39.521101228522596,-119.7657663254125,113,config_3
80993fc,39.48327901409688,-119.7657663254125,65,config_3
8099404,39.47026865452201,-119.81207951785828,35,config_3
809940c,39.508087527137945,-119.81207951785828,161,config_3
8099414,39.49505492380736,-119.85837724834269,24,config_3
809945,39.53214458148915,-119.92779468446135,38,config_3
8099464,39.57061902098213,-119.85837724834269,11,config_3
809946c,39.53284813796052,-119.85837724834269,25,config_3
8099474,39.545884071103075,-119.81207951785828,161,config_3
809947c,39.58365825929888,-119.81207951785828,18,config_3
80994c,39.65841755643261,-119.881520291274,168,config_3
809954,39.60600131300832,-120.06652363285929,7,config_3
80995c,39.45506695613932,-120.06652363285929,4,config_3
80997,39.25417749702662,-119.97405342347365,53,config_3
8099c,38.84953646655926,-119.78892484955995,118,config_3
809e4,40.65726799882358,-119.78892484955995,4,config_3
809ec,40.060470595677465,-119.78892484955995,14,config_3
809f4,40.26695579045059,-119.04599270243568,1,config_3
809fac,40.56407063155632,-119.32503466239531,14,config_3
809fb1,40.688701319958966,-119.27856381369884,52,config_3
809fb3,40.66289727808841,-119.37149086844235,40,config_3
809fb5,40.73726819526338,-119.37149086844235,1,config_3
809fb6c,40.73805026175471,-119.30180106344304,6,config_3
809fb71,40.7570109173014,-119.26694382286807,1,config_3
809fb73,40.73842117864921,-119.26694382286807,1,config_3
809fb744,40.7478981656965,-119.24951213265092,15,config_3
809fb74c,40.73860160339694,-119.24951213265092,9,config_3
809fb754,40.74181925170974,-119.23788987166326,8,config_3
809fb759,40.74959617716947,-119.23498416482164,22,config_3
809fb75b,40.747987600978306,-119.24079552188635,11,config_3
809fb75d,40.75263557599632,-119.24079552188635,9,config_3
809fb75e4,40.7550040101984,-119.23643702531857,196,config_3
809fb75ec,40.75268009926623,-119.23643702531857,26,config_3
809fb75f4,40.75348432532731,-119.23353129017491,7,config_3
809fb75fc,40.75580824599966,-119.23353129017491,15,config_3
809fb77,40.76344944628092,-119.24370111547155,46,config_3
809fb7c,40.788104926950766,-119.25532292304659,1,config_3
809fb84,40.80097402941192,-119.2088302586068,120,config_3
809fb8c,40.813823477127116,-119.16232314940831,7,config_3
809fb94,40.776650100746835,-119.16232314940831,2,config_3
809fb9b,40.77631178229506,-119.19720483240249,26,config_3
809fb9d,40.769883069163754,-119.22045478201282,154,config_3
809fb9f,40.751292083434116,-119.22045478201282,32,config_3
809fbb,40.71442703181805,-119.18557850464043,7,config_3
809fbf,40.81447513252472,-119.09253557554277,12,config_3
809fd,40.96151586175313,-119.23207840138082,42,config_3
809ff,41.06392310969191,-118.8596803520908,11,config_3
531,51.3786418539575,-107.54900222906777,2,config_3
