cell_id_token,center_latitude,center_longitude,count,config_name
86d84,32.648380018365515,-109.18800474020169,6,config_1
86d89,32.91132957030165,-108.61756263435514,11,config_1
86d8b,32.9690804797489,-108.23775189843867,6,config_1
86d8d,32.620159774713265,-108.23775189843867,37,config_1
86d904,32.2860257997459,-108.71257908243416,41,config_1
86d914,32.139738165920875,-108.52257090915697,1,config_1
86d91c,32.31493717153665,-108.52257090915697,11,config_1
86d93,32.27008090197644,-108.23775189843867,2,config_1
86d95,31.918875059367316,-108.23775189843867,2,config_1
86d97,31.86211014931311,-108.61756263435514,6,config_1
86d99,31.80408405118572,-108.99776892942042,27,config_1
86d9a4,32.08176750861138,-108.90268301372318,2,config_1
86d9ac,32.25679646125588,-108.90268301372318,11,config_1
86d9b1,32.19095091626431,-109.04532003175699,14,config_1
86d9b3,32.27836360178427,-109.04532003175699,19,config_1
86d9b5,32.26349991909374,-109.1404380352064,32,config_1
86d9d,32.09496324337445,-109.37832062678952,46,config_1
86db,30.951860899740495,-108.80761947009503,8,config_1
86dd,31.170406262378183,-107.29028389464884,41,config_1
86de01,32.019847820666364,-106.58197892714489,2,config_1
86de03,32.10820732637211,-106.58197892714489,1,config_1
86de044,32.07662456539748,-106.6527099211625,6,config_1
86de04c,32.12077960928105,-106.6527099211625,8,config_1
86de054,32.11441721983145,-106.69987670323877,10,config_1
86de05c,32.07026691639953,-106.69987670323877,33,config_1
86de06c,32.032451909080045,-106.6527099211625,18,config_1
86de074,31.988261703685225,-106.6527099211625,50,config_1
86de0c,32.03221071194093,-106.81783770824106,8,config_1
86de11,32.171018276513166,-106.77064581500318,21,config_1
86de15,32.24632188966349,-106.86503947741906,19,config_1
86de17,32.25919840717124,-106.77064581500318,47,config_1
86de19,32.27199570591609,-106.67629204160652,14,config_1
86de1a4,32.20266478784681,-106.69987670323877,34,config_1
86de1ac,32.15854986464909,-106.69987670323877,14,config_1
86de1b4,32.16491697754965,-106.6527099211625,5,config_1
86de1d,32.19649615442953,-106.58197892714489,2,config_1
86de1f,32.28471380079902,-106.58197892714489,12,config_1
86de24,32.410542694906425,-106.62913035392717,43,config_1
86de2c,32.586526531080814,-106.62913035392717,3,config_1
86de3c,32.38489213056626,-106.81783770824106,44,config_1
86de5,32.433755500824994,-107.10119308682007,13,config_1
86de7,32.081587719312495,-107.10119308682007,10,config_1
86de9,32.02861473061519,-107.47951725467925,1,config_1
86ded,32.32591223282607,-107.8583867896444,14,config_1
86dee4,32.454717104565546,-107.57418545238139,44,config_1
86deec,32.27911220470865,-107.57418545238139,2,config_1
86def4,32.30603393314744,-107.38488314332629,2,config_1
86defc,32.48171675547284,-107.38488314332629,6,config_1
86df1,32.73118085490142,-107.47951725467925,45,config_1
86df3,32.67631109360882,-107.8583867896444,9,config_1
86df5,33.02554237343072,-107.8583867896444,9,config_1
86df7,33.08071431432207,-107.47951725467925,3,config_1
86dfc,32.9862181299786,-106.91225102614887,7,config_1
86e01,33.23849020435528,-106.34637906744265,2,config_1
86e03,33.28850514479508,-105.96998775016152,18,config_1
86e05,32.93784515433881,-105.96998775016152,28,config_1
86e0604,32.756291471979765,-106.18161964417423,7,config_1
86e060c,32.800237526518195,-106.18161964417423,13,config_1
86e0614,32.79401015489362,-106.22867998043256,49,config_1
86e061c,32.75006844197795,-106.22867998043256,7,config_1
86e0624,32.74382548223935,-106.27575139222925,2,config_1
86e062c,32.73756258924124,-106.32283378397709,6,config_1
86e0634,32.78149557091914,-106.32283378397709,16,config_1
86e063c,32.78776283754226,-106.27575139222925,30,config_1
86e0641,32.82226811632505,-106.26398250617459,47,config_1
86e0645,32.84109195657591,-106.28752096453121,5,config_1
86e0647,32.81913783893238,-106.28752096453121,7,config_1
86e064c,32.825409893509764,-106.32283378397709,5,config_1
86e0654,32.86930549651262,-106.32283378397709,6,config_1
86e065c,32.87558146061963,-106.27575139222925,1,config_1
86e067,32.86300707999088,-106.20514842188963,3,config_1
86e074,32.963157740474074,-106.44058717271729,1,config_1
86e07c,32.787694115309435,-106.44058717271729,1,config_1
86e0c,32.385088575201415,-106.15809365922375,30,config_1
86e1c,33.18574821781208,-105.4068079114331,26,config_1
86e23,33.079426879719094,-104.84546192392926,1,config_1
86e264,33.398952082914576,-104.37919124556632,40,config_1
86e26c,33.37685367394108,-104.56552726119028,39,config_1
86e34,32.65834488440744,-103.91439904540992,12,config_1
86e3c,32.5722853627744,-104.65878213755632,6,config_1
86e404,32.0955571210758,-104.93888534775776,1,config_1
86e414,31.94000941022375,-104.75209393923649,22,config_1
86e41c,31.917786248718542,-104.93888534775776,46,config_1
86e43,31.661700424984133,-104.84546192392926,8,config_1
86e46c,31.96192235045522,-104.56552726119028,1,config_1
86e474,32.139826715218454,-104.56552726119028,5,config_1
86e4794,32.1810284672845,-104.40247043105178,9,config_1
86e4799,32.16586936544968,-104.43739611487153,11,config_1
86e479a4,32.18321113419947,-104.4315745934521,7,config_1
86e479b4,32.19296918693488,-104.44321786551733,1,config_1
86e479bc,32.18185986900413,-104.44321786551733,50,config_1
86e479f,32.163165164349856,-104.46068449101169,1,config_1
86e47b,32.111645740005606,-104.42575330143909,9,config_1
86e47f,32.21131504337181,-104.33264397534353,3,config_1
86e4c,31.947010046504747,-103.91439904540992,6,config_1
86e54,31.231107306566113,-103.91439904540992,7,config_1
86e5c,31.14713046514542,-104.65878213755632,5,config_1
86e64,31.058272187934506,-105.4068079114331,3,config_1
86e6c,31.771963856377475,-105.4068079114331,7,config_1
86e71,31.52340376801829,-105.96998775016152,3,config_1
86e73,31.878720555726105,-105.96998775016152,38,config_1
86e744,31.753503408281755,-106.25221430786118,30,config_1
86e754,31.905979196891007,-106.44058717271729,31,config_1
86e75c,31.728784761462734,-106.44058717271729,14,config_1
86e77,31.474820460529326,-106.34637906744265,6,config_1
86e7c,30.964506716398027,-106.15809365922375,1,config_1
86edd,29.221343680451017,-104.10013262592865,10,config_1
86ede4,29.34194631867652,-103.82162609645312,4,config_1
86edec,29.15970368637216,-103.82162609645312,2,config_1
86edf4,29.178975713035452,-103.63627151570851,41,config_1
86edfc,29.361293574340657,-103.63627151570851,9,config_1
86ee4,29.786700406602325,-103.91439904540992,25,config_1
86eec,29.705042955179085,-104.65878213755632,1,config_1
86ef4,30.428062733481102,-104.65878213755632,9,config_1
86ef9,30.671013388404216,-104.10013262592865,46,config_1
86efb,30.31003056569537,-104.10013262592865,20,config_1
86efd,30.350115640511518,-103.72891667819331,4,config_1
86eff,30.711379292007017,-103.72891667819331,17,config_1
86f1,30.263803246138146,-102.80547525792774,32,config_1
86f204,29.380350761792247,-103.451176849024,16,config_1
86f20c,29.197958880194463,-103.451176849024,28,config_1
86f2104,29.278116857456865,-103.33562723188659,17,config_1
86f210c,29.28277941214237,-103.28943675756224,43,config_1
86f2114,29.237151679564768,-103.28943675756224,40,config_1
86f211c,29.232493670428422,-103.33562723188659,4,config_1
86f213,29.166361090652924,-103.31252988549524,7,config_1
86f215,29.175627501036313,-103.22018279623359,2,config_1
86f217,29.266923941289853,-103.22018279623359,6,config_1
86f21c,29.3991184946125,-103.26634785926352,48,config_1
86f224,29.417597418915708,-103.08179027824441,2,config_1
86f22c,29.435788213062853,-102.89750980595143,3,config_1
86f234,29.253181462425587,-102.89750980595143,21,config_1
86f23c,29.235061098755644,-103.08179027824441,27,config_1
86f25,28.96988888169498,-102.9896150485228,4,config_1
86f27,28.933292099473064,-103.35872878555274,3,config_1
86f5,28.936850205971126,-101.34310583455695,10,config_1
86f7,30.400162337945318,-101.34310583455695,29,config_1
86f9,31.84730436225948,-101.34310583455695,21,config_1
86fb,31.707254188342684,-102.80547525792774,34,config_1
86fd,33.13265357551238,-102.80547525792774,36,config_1
86fe4,33.595849265812916,-101.70682943311247,34,config_1
86fec,32.88684586721839,-101.70682943311247,10,config_1
86ff1,33.115003595512285,-101.16173564777472,42,config_1
86ff3,32.75895479983308,-101.16173564777472,10,config_1
86ff5,32.79090172475137,-100.80000510701574,22,config_1
86ffc,33.66302387809893,-100.98070031132626,4,config_1
87201,33.53607556284961,-106.72346389403498,1,config_1
87203,33.88370872562598,-106.72346389403498,41,config_1
87205,33.830572146608404,-107.10119308682007,27,config_1
87207,33.4832070469496,-107.10119308682007,30,config_1
8720c,33.575100397447606,-107.66888695938226,1,config_1
87214,34.266467139229505,-107.66888695938226,24,config_1
8721b,34.176662310805234,-107.10119308682007,7,config_1
8721d,34.23005819096867,-106.72346389403498,28,config_1
8721f,34.57509577154979,-106.72346389403498,29,config_1
872204,34.846246578644894,-106.62913035392717,10,config_1
872209,34.981537677748776,-106.58197892714489,9,config_1
87220b,35.06722860797057,-106.58197892714489,24,config_1
87220c4,35.03589074856492,-106.6527099211625,31,config_1
87220cc,35.07870933440729,-106.6527099211625,43,config_1
87220d4,35.07206433186745,-106.69987670323877,26,config_1
87220dc,35.02924933866187,-106.69987670323877,42,config_1
87220f,34.96830717635516,-106.67629204160652,45,config_1
872214,34.99114394854021,-106.81783770824106,14,config_1
87221c,34.819663616385284,-106.81783770824106,49,config_1
87223,34.86490572500623,-107.10119308682007,30,config_1
87225,35.207004810685156,-107.10119308682007,2,config_1
872264,35.33307355223786,-106.81783770824106,4,config_1
87226c,35.162281673434464,-106.81783770824106,27,config_1
872271,35.22507824357043,-106.67629204160652,20,config_1
8722724,35.15762967390655,-106.69987670323877,17,config_1
872272c,35.11485779380944,-106.69987670323877,23,config_1
8722734,35.12150637234639,-106.6527099211625,12,config_1
872273c,35.16428181181114,-106.6527099211625,24,config_1
872275,35.152833348692646,-106.58197892714489,48,config_1
872277,35.238351495469196,-106.58197892714489,32,config_1
87227c,35.359828813793214,-106.62913035392717,14,config_1
87229,35.60206673785148,-106.72346389403498,46,config_1
8722b,35.94159013703785,-106.72346389403498,17,config_1
8722d,35.88702803201453,-107.10119308682007,7,config_1
8722f,35.547720639162925,-107.10119308682007,4,config_1
87234,35.63334655030604,-107.66888695938226,35,config_1
872384,35.16552393244321,-107.95318355546407,13,config_1
87238c,34.99508840818153,-107.95318355546407,32,config_1
872394,35.02378778071477,-107.7636209979384,24,config_1
87239a4,35.12681458451914,-107.78730949942766,22,config_1
87239ac,35.11965097044764,-107.83469240745315,34,config_1
87239b4,35.162248161892485,-107.83469240745315,18,config_1
8723a4,35.22271135798336,-107.57418545238139,2,config_1
8723b4,35.080185741705215,-107.38488314332629,27,config_1
8723bc,35.05215355022594,-107.57418545238139,32,config_1
8723d,34.809689335356424,-107.47951725467925,5,config_1
8723f,34.7531441277272,-107.8583867896444,42,config_1
87241,34.69526997304475,-108.23775189843867,8,config_1
87245,34.977162577931615,-108.61756263435514,25,config_1
87247,35.03662700496657,-108.23775189843867,21,config_1
87249,35.37662785120905,-108.23775189843867,23,config_1
8724d,35.65528736324771,-108.61756263435514,38,config_1
8724f,35.31691103423013,-108.61756263435514,31,config_1
87254,35.39399076379331,-109.18800474020169,39,config_1
8725c,34.715284394145534,-109.18800474020169,49,config_1
87264,34.03130170764772,-109.18800474020169,12,config_1
87269,34.29365148753528,-108.61756263435514,38,config_1
8726b,34.352582823384836,-108.23775189843867,18,config_1
8726d,34.00859237111205,-108.23775189843867,1,config_1
87274,33.46128033393836,-108.42760468979141,9,config_1
8727c,33.34225794931658,-109.18800474020169,15,config_1
873a23,36.95013279544794,-109.1404380352064,28,config_1
873a25,36.96595058184591,-109.04532003175699,23,config_1
873a3c,36.833649769410606,-109.09287643303662,28,config_1
873a5,36.59993930494439,-108.99776892942042,9,config_1
873ac,36.06721734694656,-109.18800474020169,14,config_1
873b1,36.3278259174739,-108.61756263435514,31,config_1
873b3,35.99226694738375,-108.61756263435514,4,config_1
873b5,36.05246046604792,-108.23775189843867,1,config_1
873b7,36.3882438548811,-108.23775189843867,15,config_1
873b85,36.68834284995405,-108.1903058640108,42,config_1
873b87,36.703237955585884,-108.0954350750474,32,config_1
873b8c,36.82088445948896,-108.14286689033348,37,config_1
873b94,36.79088438031434,-108.33266475883127,10,config_1
873bb,36.661941153360814,-108.61756263435514,20,config_1
873bd,36.99459028375367,-108.61756263435514,1,config_1
873bf,37.055429494622416,-108.23775189843867,11,config_1
873c5,36.8397329718566,-107.47951725467925,33,config_1
873c7,36.78183821042529,-107.8583867896444,24,config_1
873cc,36.308443175380226,-107.66888695938226,31,config_1
873d1,36.561320622661704,-107.10119308682007,1,config_1
873d3,36.224902575772305,-107.10119308682007,5,config_1
873d5,36.27967216230119,-106.72346389403498,44,config_1
873d7,36.616289220339816,-106.72346389403498,47,config_1
873d84,36.88134178233343,-106.62913035392717,40,config_1
873d91,36.98638086875918,-106.77064581500318,19,config_1
873d95,37.05615352814808,-106.86503947741906,37,config_1
873d9c,36.85412672205451,-106.81783770824106,3,config_1
873db,36.896259290597975,-107.10119308682007,18,config_1
873dd,37.229696462462684,-107.10119308682007,3,config_1
873df,37.28503790867621,-106.72346389403498,3,config_1
87004,34.36746385834631,-100.98070031132626,6,config_1
8700c,35.06638763194719,-100.98070031132626,19,config_1
87011,34.84140855274732,-101.52480554998527,41,config_1
87013,35.189228744240104,-101.52480554998527,10,config_1
87015,35.15367716123179,-101.8891720843707,43,config_1
87017,34.806013735039926,-101.8891720843707,3,config_1
8701c,34.299617578644025,-101.70682943311247,11,config_1
87024,34.22684746365561,-102.43805808577758,4,config_1
8702c4,34.226411649394365,-103.26634785926352,5,config_1
8702dc4,34.381689370828894,-103.24326320176718,27,config_1
8702dd9,34.3771002599812,-103.18557018475742,16,config_1
8702ddb,34.37457880958151,-103.20864419143828,13,config_1
8702ddd,34.396382639212696,-103.20864419143828,31,config_1
8702ddf,34.39890483511509,-103.18557018475742,35,config_1
8702de1,34.420704086794636,-103.18557018475742,43,config_1
8702de3,34.442498008154864,-103.18557018475742,37,config_1
8702de5,34.43997432617424,-103.20864419143828,45,config_1
8702de7,34.41818114703205,-103.20864419143828,36,config_1
8702de9,34.41565325398787,-103.23172246680781,46,config_1
8702deb,34.413120406016596,-103.25480499971735,16,config_1
8702ded,34.43491209584081,-103.25480499971735,7,config_1
8702def,34.437445689285205,-103.23172246680781,18,config_1
8702df4,34.46885760475188,-103.24326320176718,6,config_1
8702dfc,34.47391710430892,-103.1971066538153,13,config_1
8702e1,34.45968142861623,-103.12790391666044,50,config_1
8702e7,34.372477028940764,-103.12790391666044,50,config_1
8702ec,34.24650469907109,-103.08179027824441,4,config_1
87031,34.69232684742279,-102.9896150485228,4,config_1
870324,34.5751567386686,-103.26634785926352,31,config_1
87032c,34.55465063489172,-103.451176849024,34,config_1
87033c,34.7490149705364,-103.26634785926352,1,config_1
87035,34.99887870766184,-103.35872878555274,11,config_1
87037,35.03948313638858,-102.9896150485228,4,config_1
8703c,34.92446954871148,-102.43805808577758,3,config_1
8705,35.921155923343846,-102.80547525792774,20,config_1
8707,36.06991069362731,-101.34310583455695,19,config_1
87084,37.1279063705676,-100.98070031132626,23,config_1
8708c,37.05782634326976,-101.70682943311247,12,config_1
87091,37.582248898731216,-101.52480554998527,26,config_1
87093,37.54576186918883,-101.8891720843707,7,config_1
87095,37.88126605876298,-101.8891720843707,7,config_1
87097,37.91786407644686,-101.52480554998527,13,config_1
87099,37.95317939829766,-101.16173564777472,17,config_1
8709b,37.617457639305286,-101.16173564777472,20,config_1
8709d,37.65139818663326,-100.80000510701574,24,config_1
8709f,37.98722220570917,-100.80000510701574,50,config_1
870a4,38.470949065435285,-100.98070031132626,22,config_1
870a9,38.984796304981984,-100.80000510701574,14,config_1
870aa4,39.24022350178717,-100.70978669392025,1,config_1
870aac,39.40438834418337,-100.70978669392025,25,config_1
870ab4,39.387498328364224,-100.89030986411571,33,config_1
870abc,39.22335294061905,-100.89030986411571,18,config_1
870acc,39.37028815996284,-101.07117579220403,33,config_1
870ad4,39.35275646630586,-101.25237921655207,22,config_1
870af,38.950477358043486,-101.16173564777472,20,config_1
870b1,38.9148740680343,-101.52480554998527,33,config_1
870b3,39.243869314979136,-101.52480554998527,19,config_1
870b5,39.20688202679373,-101.8891720843707,24,config_1
870b7,38.87797600437521,-101.8891720843707,36,config_1
870bc,38.40001605776872,-101.70682943311247,7,config_1
870d,38.61504389066563,-102.80547525792774,10,config_1
870f,37.280690496116634,-102.80547525792774,9,config_1
87104,36.81668198411202,-103.91439904540992,49,config_1
87109,36.57997572938494,-104.47233005083724,14,config_1
8710b,36.533278216232816,-104.84546192392926,6,config_1
8710d,36.87080064241769,-104.84546192392926,8,config_1
8710f,36.917661967751386,-104.47233005083724,32,config_1
87164,37.198730971474454,-106.15809365922375,34,config_1
87171,36.77304966069307,-105.59433880659961,13,config_1
87173,36.82259813646065,-105.21948079223417,3,config_1
87175,36.485245148115986,-105.21948079223417,31,config_1
871764,36.363801617410125,-105.50054826391207,21,config_1
87176b,36.58118681525744,-105.45367176673147,18,config_1
87176d,36.56874281132185,-105.54743730866592,41,config_1
87176f,36.48434890620038,-105.54743730866592,24,config_1
871774,36.50774220284412,-105.68817878401569,46,config_1
87177c,36.33880202907964,-105.68817878401569,8,config_1
87179,36.38515415061818,-105.96998775016152,5,config_1
8717b,36.722151002665655,-105.96998775016152,2,config_1
8717d,36.669898534535236,-106.34637906744265,7,config_1
8717e1,36.439666258773784,-106.48770724055002,30,config_1
8717e3,36.355389024832725,-106.48770724055002,31,config_1
8717ec,36.4305850237201,-106.25221430786118,1,config_1
8717f4,36.261785776337085,-106.25221430786118,13,config_1
8717fc,36.235439857874695,-106.44058717271729,18,config_1
871804,36.066322744700045,-106.44058717271729,1,config_1
87180c,35.89684222049558,-106.44058717271729,37,config_1
871814,35.92308808854413,-106.25221430786118,46,config_1
87181c,36.092619151034164,-106.25221430786118,2,config_1
871821,36.15445584495196,-106.11105011534488,3,config_1
871823,36.069762688176766,-106.11105011534488,37,config_1
871825,36.08265253413533,-106.0169970655137,3,config_1
871827,36.167357905142005,-106.0169970655137,16,config_1
8718281,36.207122756014726,-105.95823723010454,2,config_1
87182823,36.21176839761349,-105.9435501018285,1,config_1
87182827dcc,36.21924424782142,-105.93538087911811,40,config_1
87182827dd4,36.21940953260237,-105.93538087911811,15,config_1
87182827ddc,36.21943451856452,-105.93519730512892,3,config_1
871828c,36.15580926649331,-105.94648743653362,4,config_1
871829c,36.20453311561543,-105.8994955568318,6,config_1
87182b,36.19290997473723,-105.82902978439431,2,config_1
871834,35.97457335763054,-105.87600401452671,1,config_1
8718384,35.894934811861134,-105.99349096378698,6,config_1
871838c,35.88852479329148,-106.04050604344077,20,config_1
8718394,35.9309896238978,-106.04050604344077,15,config_1
871839c,35.93740276254045,-105.99349096378698,10,config_1
87183b,35.99785592227153,-106.0169970655137,27,config_1
87183d,35.98497841654831,-106.11105011534488,28,config_1
871844,35.77905507079722,-106.06401788566258,23,config_1
871849,35.84075927545644,-105.92299003479476,8,config_1
87184d,35.76835126132859,-105.82902978439431,35,config_1
87184f,35.755678572279855,-105.92299003479476,21,config_1
8718501,35.697686670922295,-105.95823723010454,7,config_1
8718503,35.70086851299104,-105.93473837093502,7,config_1
8718505,35.67957066633485,-105.93473837093502,23,config_1
8718507,35.676389621273174,-105.95823723010454,18,config_1
8718509,35.6550869796053,-105.95823723010454,31,config_1
871850b,35.63377875196064,-105.95823723010454,24,config_1
871850d,35.636958197103226,-105.93473837093502,20,config_1
871850f,35.65826722569183,-105.93473837093502,20,config_1
8718514,35.65237340790974,-105.8994955568318,6,config_1
871851c,35.69498267871954,-105.8994955568318,25,config_1
871855,35.59789525527132,-105.82902978439431,1,config_1
871857,35.585247982808376,-105.92299003479476,47,config_1
871859,35.57251741627937,-106.0169970655137,10,config_1
87185a4,35.63965402259763,-105.99349096378698,26,config_1
87185ac,35.68225690159818,-105.99349096378698,18,config_1
87185b4,35.67586271998673,-106.04050604344077,6,config_1
87185bc,35.63326305577933,-106.04050604344077,35,config_1
87185d,35.64493769382002,-106.11105011534488,6,config_1
87185f,35.55970350869149,-106.11105011534488,3,config_1
871864,35.582944657038276,-106.25221430786118,13,config_1
87186b,35.80220189032952,-106.20514842188963,33,config_1
87186d,35.78918202368734,-106.29929122158622,44,config_1
87186f,35.704152399180934,-106.29929122158622,2,config_1
871874,35.72700127765383,-106.44058717271729,22,config_1
87187c,35.55680295686417,-106.44058717271729,4,config_1
871884,35.38625034709729,-106.44058717271729,40,config_1
87188c,35.41233841157553,-106.25221430786118,32,config_1
871894,35.24137997599311,-106.25221430786118,12,config_1
871899,35.17910219288023,-106.39347774973939,27,config_1
87189b,35.26464825492727,-106.39347774973939,3,config_1
87189d,35.251541488631815,-106.48770724055002,7,config_1
87189f,35.166009331051164,-106.48770724055002,40,config_1
8718b,34.971355628787144,-106.34637906744265,36,config_1
8718d,35.02259244971104,-105.96998775016152,14,config_1
8718e1,35.25591589152698,-105.82902978439431,35,config_1
8718e3,35.34154316823075,-105.82902978439431,24,config_1
8718f4,35.43809330417531,-106.06401788566258,21,config_1
8718f9,35.49989886974579,-105.92299003479476,37,config_1
8718fb,35.41446106501584,-105.92299003479476,14,config_1
8718fd,35.42708241863192,-105.82902978439431,9,config_1
8718ff,35.512533245657046,-105.82902978439431,19,config_1
87191,35.4154978402409,-105.59433880659961,29,config_1
871924,35.14601797245236,-105.68817878401569,1,config_1
87192c,34.974199626132275,-105.68817878401569,34,config_1
871934,34.998800096052285,-105.50054826391207,20,config_1
87194c,35.0230714299661,-105.31311850329111,35,config_1
871954,35.047014091389364,-105.12589552960189,22,config_1
87196c,35.36656902437255,-105.31311850329111,15,config_1
871974,35.53778839714842,-105.31311850329111,22,config_1
87197c,35.56188318405669,-105.12589552960189,23,config_1
87199,35.80607205192911,-105.21948079223417,26,config_1
8719b,35.75707209778555,-105.59433880659961,49,config_1
8719d,36.09720483300653,-105.59433880659961,9,config_1
871a4,36.04756590113465,-104.65878213755632,11,config_1
871ac,36.13780041436311,-103.91439904540992,1,config_1
871b5,35.302377299176655,-103.72891667819331,47,config_1
871b7,35.259014986161645,-104.10013262592865,48,config_1
871bc,35.363455761931455,-104.65878213755632,11,config_1
871c04,34.89825239309409,-104.93888534775776,12,config_1
871c0c,34.92148827221868,-104.75209393923649,9,config_1
871c1c,34.72553005328099,-104.93888534775776,30,config_1
871c7,34.86934865134421,-104.47233005083724,26,config_1
871c9,34.91381763214866,-104.10013262592865,43,config_1
871ca4,35.032786637399624,-103.82162609645312,33,config_1
871cac,35.05407480047999,-103.63627151570851,3,config_1
871cb4,34.881006453841465,-103.63627151570851,2,config_1
871cbc,34.85976526081311,-103.82162609645312,21,config_1
871cd,34.61020581512252,-103.72891667819331,15,config_1
871cf,34.56722575755272,-104.10013262592865,33,config_1
871d4,34.06627961898421,-103.91439904540992,1,config_1
871dc,33.97837437463926,-104.65878213755632,50,config_1
871e4,33.88533093553131,-105.4068079114331,2,config_1
871ec,34.57972068769978,-105.4068079114331,48,config_1
871f4,34.480559177765166,-106.15809365922375,8,config_1
871fc,33.78711753474757,-106.15809365922375,23,config_1
87a01,39.34708312996833,-100.43965601897102,4,config_1
87a05,39.04962513454377,-100.08072981765946,31,config_1
87a07,39.01784179060124,-100.43965601897102,26,config_1
87a0c,38.53678925738163,-100.26001249402657,28,config_1
87a11,38.74906297178233,-99.72326726161637,1,config_1
87a13,38.416278772466775,-99.72326726161637,34,config_1
87a15,38.44542365342382,-99.36730841665778,16,config_1
87a17,38.77828491665368,-99.36730841665778,38,config_1
87a19,39.10945278394177,-99.36730841665778,6,config_1
87a1b,39.08015808080179,-99.72326726161637,21,config_1
87a1d,39.409546282649586,-99.72326726161637,19,config_1
87a1f,39.43890948498954,-99.36730841665778,12,config_1
87a24,39.31609316655254,-98.83627550306029,50,config_1
87a2c,39.36747025008236,-98.13385582671398,24,config_1
87a31,38.858668617817585,-98.30884408222222,33,config_1
87a33,38.8830798923523,-97.95928633924419,28,config_1
87a35,38.5499451019848,-97.95928633924419,15,config_1
87a37,38.525597147158166,-98.30884408222222,22,config_1
87a39,38.50006986988954,-98.66005856336714,47,config_1
87a3b,38.83307469451011,-98.66005856336714,14,config_1
87a3d,38.806284537431104,-99.0128926396605,15,config_1
87a3f,38.47334975742056,-99.0128926396605,7,config_1
87a404,38.215692042927365,-99.10134979604823,46,config_1
87a40c,38.22932433249103,-98.92453434317243,2,config_1
87a41c,38.04797849902443,-99.10134979604823,6,config_1
87a43,37.802462568688064,-99.0128926396605,12,config_1
87a45,37.829030580050166,-98.66005856336714,15,config_1
87a47,38.1653820639354,-98.66005856336714,9,config_1
87a484,38.268427696008075,-98.39649382124541,8,config_1
87a494,38.113063531510804,-98.22129789306325,41,config_1
87a49c,38.28086984908789,-98.22129789306325,49,config_1
87a4a4,38.293018673321384,-98.04651845312563,30,config_1
87a4ac,38.30487589390091,-97.87216004899976,37,config_1
87a4b1,38.17610090184898,-97.91570993103981,11,config_1
87a4b24,38.20148515539648,-97.85039507717951,18,config_1
87a4b2c,38.2043925000935,-97.80688511561101,11,config_1
87a4b34,38.16240474760156,-97.80688511561101,1,config_1
87a4b3c,38.15949843643135,-97.85039507717951,21,config_1
87a4b5,38.09792411347811,-97.82863676314237,14,config_1
87a4b7,38.09207847421413,-97.91570993103981,23,config_1
87a4b9,38.0861603980189,-98.0028892034051,32,config_1
87a4bd,38.164183549637634,-98.09017401782,23,config_1
87a4bf,38.08016966736144,-98.09017401782,5,config_1
87a4c1,37.99605187981117,-98.09017401782,21,config_1
87a4c3,37.9118305004598,-98.09017401782,12,config_1
87a4c5,37.91781245903109,-98.0028892034051,11,config_1
87a4c64,37.98247647829158,-97.98108446872547,28,config_1
87a4c6c,37.97950200372188,-98.0247005344776,23,config_1
87a4c74,38.02158846748941,-98.0247005344776,13,config_1
87a4c7c,38.02456403145327,-97.98108446872547,19,config_1
87a4c9,38.0079520281108,-97.91570993103981,31,config_1
87a4cb,38.01379342249101,-97.82863676314237,17,config_1
87a4cd,37.929558970532746,-97.82863676314237,30,config_1
87a4cf,37.92372187673891,-97.91570993103981,40,config_1
87a4ec,37.944841320322794,-98.22129789306325,30,config_1
87a4f4,37.9324349250994,-98.39649382124541,19,config_1
87a4fc,37.76381791827302,-98.39649382124541,8,config_1
87a51,37.516339847404666,-98.30884408222222,2,config_1
87a53,37.540475869776444,-97.95928633924419,8,config_1
87a55,37.20069800913137,-97.95928633924419,49,config_1
87a57,37.17664007369433,-98.30884408222222,44,config_1
87a59,37.15141789112534,-98.66005856336714,37,config_1
87a5b,37.49103554050732,-98.66005856336714,18,config_1
87a5d,37.46454966440201,-99.0128926396605,12,config_1
87a5f,37.12501825652961,-99.0128926396605,37,config_1
87a65,37.407981880894404,-99.72326726161637,23,config_1
87a67,37.436869294525515,-99.36730841665778,34,config_1
87a69,37.77469604920507,-99.36730841665778,14,config_1
87a6b,38.11088756915965,-99.36730841665778,45,config_1
87a6d,38.08182410276906,-99.72326726161637,8,config_1
87a6e4,37.822457788731946,-99.81249348078939,7,config_1
87a6ec,37.83726270722664,-99.6341350278484,5,config_1
87a6f4,37.668789346099445,-99.6341350278484,29,config_1
87a6fc,37.654006939801306,-99.81249348078939,11,config_1
87a704,37.63891819027388,-99.99122538486702,13,config_1
87a70c,37.623521619842116,-100.17032573166424,16,config_1
87a714,37.791925900592524,-100.17032573166424,2,config_1
87a71c,37.807346014115,-99.99122538486702,23,config_1
87a73,38.051533265291624,-100.08072981765946,9,config_1
87a75,38.020003135223114,-100.43965601897102,8,config_1
87a77,37.684081092744144,-100.43965601897102,38,config_1
87a7c,37.1929620617629,-100.26001249402657,8,config_1
87a9,36.198654568532326,-99.90181306343518,7,config_1
87aa4,35.12996144190496,-100.26001249402657,31,config_1
87aac,34.43046004733547,-100.26001249402657,21,config_1
87ab4,34.48868718731357,-99.54509739864785,1,config_1
87ab9,35.02816535788302,-99.36730841665778,6,config_1
87abb,35.000036942855736,-99.72326726161637,2,config_1
87abd,35.34855313835671,-99.72326726161637,31,config_1
87abf,35.37680384857251,-99.36730841665778,30,config_1
87ac1,35.40387602093083,-99.0128926396605,39,config_1
87ac3,35.42978168812784,-98.66005856336714,14,config_1
87ac7,35.055120652914304,-99.0128926396605,1,config_1
87acc,34.5422331954533,-98.83627550306029,42,config_1
87ad4,34.59119242586573,-98.13385582671398,19,config_1
87adc,35.29215205594181,-98.13385582671398,6,config_1
87af,36.30806451520898,-98.48424653420417,32,config_1
87b01,36.88214109141718,-97.61142171393448,13,config_1
87b03,36.539087276995375,-97.61142171393448,28,config_1
87b044,36.641333070930806,-97.35165580142355,13,config_1
87b04b,36.42366182190532,-97.39488196255758,23,config_1
87b04d,36.42898925687368,-97.3084570618028,48,config_1
87b04f,36.515064683160105,-97.3084570618028,29,config_1
87b054,36.47990341459135,-97.17902604633225,27,config_1
87b05c,36.65187270231197,-97.17902604633225,1,config_1
87b064,36.82344784434161,-97.17902604633225,1,config_1
87b06c,36.8128894571667,-97.35165580142355,27,config_1
87b071,36.94396589839565,-97.3084570618028,32,config_1
87b073,36.93860977828511,-97.39488196255758,18,config_1
87b075,37.02408769242697,-97.39488196255758,13,config_1
87b077,37.02944840683668,-97.3084570618028,42,config_1
87b07c,36.994625926053835,-97.17902604633225,16,config_1
87b09,36.92441598166638,-96.92091345144947,28,config_1
87b0a4,37.02468921702719,-96.6638120059594,44,config_1
87b0ac,37.03416076859767,-96.49297974540691,24,config_1
87b0b4,36.86291435822737,-96.49297974540691,4,config_1
87b0f,36.581212094227816,-96.92091345144947,35,config_1
87b101,36.3583669960651,-97.04984424386326,43,config_1
87b103,36.363412399574955,-96.96386238196816,3,config_1
87b105,36.277122887522154,-96.96386238196816,26,config_1
87b109,36.18570054387606,-97.04984424386326,27,config_1
87b10b,36.09922231023833,-97.04984424386326,30,config_1
87b10f,36.19073639666646,-96.96386238196816,1,config_1
87b114,36.15492861559916,-96.83509992015557,47,config_1
87b13,36.25576816987602,-96.57833866136845,38,config_1
87b144,35.991393937954804,-96.6638120059594,4,config_1
87b14c,36.000761764285365,-96.49297974540691,25,config_1
87b15c,35.81781903383058,-96.6638120059594,26,config_1
87b17,35.89010922788603,-96.92091345144947,33,config_1
87b18b,35.73162077710554,-97.39488196255758,26,config_1
87b18d,35.81846032700144,-97.39488196255758,33,config_1
87b191,35.9105019306097,-97.3084570618028,9,config_1
87b1924,35.88485820052332,-97.37326545852945,12,config_1
87b1929,35.87202021721404,-97.40569277952069,20,config_1
87b192b,35.870683495260664,-97.4273195380449,13,config_1
87b192d,35.89236325846192,-97.4273195380449,13,config_1
87b192f,35.89370031374905,-97.40569277952069,11,config_1
87b193c,35.92820749737395,-97.37326545852945,1,config_1
87b195,35.99185474440747,-97.39488196255758,3,config_1
87b19c,35.96166061329158,-97.17902604633225,15,config_1
87b1a1,36.094122582692556,-97.13593766610796,48,config_1
87b1a3,36.08895390581024,-97.22214211701957,7,config_1
87b1ac,36.3075429484362,-97.17902604633225,41,config_1
87b1b4,36.29704209734331,-97.35165580142355,14,config_1
87b1bd,36.083716058346056,-97.3084570618028,1,config_1
87b1be4,36.05811228332422,-97.37326545852945,13,config_1
87b1bec,36.10136601355613,-97.37326545852945,15,config_1
87b1bf4,36.09869436097059,-97.41650530503672,5,config_1
87b1bfc,36.05544192886036,-97.41650530503672,24,config_1
87b1f,35.84830491897991,-97.61142171393448,34,config_1
87b204,35.58216502503628,-97.69822718000074,22,config_1
87b20c,35.407962059488796,-97.69822718000074,14,config_1
87b211,35.459790460476206,-97.56805946490843,49,config_1
87b213,35.37258726407458,-97.56805946490843,21,config_1
87b2144,35.398456213459355,-97.50306688961776,30,config_1
87b214c,35.35482927118258,-97.50306688961776,27,config_1
87b215c,35.40114084979943,-97.45977247140304,3,config_1
87b217,35.46519867756033,-97.48141627828754,29,config_1
87b219,35.55231450844149,-97.48141627828754,32,config_1
87b21b,35.54690062967078,-97.56805946490843,43,config_1
87b21d,35.633917360840194,-97.56805946490843,32,config_1
87b21f,35.639336845243704,-97.48141627828754,29,config_1
87b221,35.64468686635409,-97.39488196255758,38,config_1
87b223,35.55765899881827,-97.39488196255758,5,config_1
87b227,35.64996764013818,-97.3084570618028,11,config_1
87b22c,35.614250489150876,-97.17902604633225,8,config_1
87b234,35.43998048457857,-97.17902604633225,3,config_1
87b23c,35.42958405495318,-97.35165580142355,42,config_1
87b241,35.29601574560123,-97.39488196255758,2,config_1
87b2424,35.229150337793236,-97.41650530503672,36,config_1
87b242c,35.185428257884126,-97.41650530503672,43,config_1
87b243c,35.23179472758345,-97.37326545852945,1,config_1
87b24c,35.265338212303675,-97.17902604633225,6,config_1
87b254,35.09032700870221,-97.17902604633225,17,config_1
87b259,35.038783174446976,-97.3084570618028,2,config_1
87b25b,35.12637189799371,-97.3084570618028,3,config_1
87b25d,35.12112468230377,-97.39488196255758,24,config_1
87b25f,35.03354174388349,-97.39488196255758,26,config_1
87b264,35.069349151325305,-97.52472429686226,7,config_1
87b2684,35.18276807803526,-97.45977247140304,43,config_1
87b268c,35.180090645993815,-97.50306688961776,4,config_1
87b2694,35.22380982595907,-97.50306688961776,28,config_1
87b269c,35.226488712848905,-97.45977247140304,50,config_1
87b26b,35.29068817979624,-97.48141627828754,40,config_1
87b26d,35.28529145457151,-97.56805946490843,7,config_1
87b26f,35.197903449358954,-97.56805946490843,3,config_1
87b274,35.23338815738723,-97.69822718000074,1,config_1
87b27c,35.05844665881247,-97.69822718000074,20,config_1
87b284,34.883140956347354,-97.69822718000074,15,config_1
87b28d,34.852804943335464,-97.48141627828754,20,config_1
87b28f,34.84743793419451,-97.56805946490843,38,config_1
87b294,34.718327889020834,-97.52472429686226,10,config_1
87b29c,34.707474495019234,-97.69822718000074,4,config_1
87b2b,34.44874807994539,-97.61142171393448,32,config_1
87b2c4,34.552832760721586,-97.35165580142355,32,config_1
87b2cc,34.3764046028416,-97.35165580142355,21,config_1
87b2d3,34.33995598018533,-97.22214211701957,19,config_1
87b2d44,34.36584279045594,-97.15747839073565,33,config_1
87b2d4c,34.3216628833369,-97.15747839073565,48,config_1
87b2d64,34.41251498960781,-97.11440388078715,7,config_1
87b2d6c,34.41000075600059,-97.15747839073565,23,config_1
87b2d74,34.45413672332843,-97.15747839073565,21,config_1
87b2d7c,34.456652454664464,-97.11440388078715,35,config_1
87b2d84,34.50076785835066,-97.11440388078715,24,config_1
87b2d8c,34.544861144436084,-97.11440388078715,8,config_1
87b2d9c,34.49825063600127,-97.15747839073565,41,config_1
87b2db,34.51649064398076,-97.22214211701957,37,config_1
87b2dd,34.604625428460785,-97.22214211701957,50,config_1
87b2df,34.609701134771846,-97.13593766610796,34,config_1
87b2e1,34.697752855166826,-97.13593766610796,27,config_1
87b2e3,34.7857151167163,-97.13593766610796,9,config_1
87b2e5,34.780627669378184,-97.22214211701957,44,config_1
87b2e64,34.713387373874355,-97.24371051537364,31,config_1
87b2e6c,34.715945887024795,-97.20058062454765,18,config_1
87b2e74,34.67194455466674,-97.20058062454765,35,config_1
87b2e7c,34.66938751929512,-97.24371051537364,30,config_1
87b2e9,34.687521687496464,-97.3084570618028,29,config_1
87b2eb,34.68230394896133,-97.39488196255758,20,config_1
87b2ed,34.77024843655452,-97.39488196255758,8,config_1
87b2ef,34.77547218095979,-97.3084570618028,39,config_1
87b2f1,34.86333288397641,-97.3084570618028,26,config_1
87b2f3,34.858103188987016,-97.39488196255758,16,config_1
87b2f5,34.94586776931749,-97.39488196255758,31,config_1
87b2fc,34.91495026282538,-97.17902604633225,14,config_1
87b304,34.925006651551605,-97.00683933476365,33,config_1
87b309,34.976259393932104,-96.87799260898478,13,config_1
87b30b,34.981087743186535,-96.7922354503473,23,config_1
87b30d,34.89328356094816,-96.7922354503473,15,config_1
87b30f,34.88846063293255,-96.87799260898478,2,config_1
87b311,34.80057137918923,-96.87799260898478,27,config_1
87b313,34.80538883500379,-96.7922354503473,49,config_1
87b315,34.71740400185147,-96.7922354503473,13,config_1
87b31c,34.749244965705444,-97.00683933476365,41,config_1
87b321,34.614709178057524,-97.04984424386326,3,config_1
87b323,34.61964977488598,-96.96386238196816,6,config_1
87b3244,34.552316051107034,-96.98534735970001,11,config_1
87b324c,34.554767372605056,-96.94238440980855,14,config_1
87b3254,34.51066825197456,-96.94238440980855,9,config_1
87b325c,34.50821837375912,-96.98534735970001,24,config_1
87b327,34.52656257271623,-97.04984424386326,46,config_1
87b329,34.43832734509582,-97.04984424386326,16,config_1
87b32d,34.35492702074989,-96.96386238196816,47,config_1
87b32f,34.443256313857965,-96.96386238196816,13,config_1
87b331,34.448118217250205,-96.87799260898478,17,config_1
87b333,34.359783113873036,-96.87799260898478,5,config_1
87b335,34.36457244216865,-96.7922354503473,15,config_1
87b337,34.452913273440906,-96.7922354503473,15,config_1
87b33b,34.53636504352079,-96.87799260898478,5,config_1
87b33d,34.62452314299506,-96.87799260898478,28,config_1
87b33f,34.629329501277915,-96.7922354503473,18,config_1
87b343,34.63874206962744,-96.62106106216318,48,config_1
87b345,34.55056733524301,-96.62106106216318,28,config_1
87b34d,34.373951681186746,-96.62106106216318,25,config_1
87b34f,34.46230372258646,-96.62106106216318,47,config_1
87b353,34.37854203316969,-96.53564486778043,35,config_1
87b3544,34.404040219053286,-96.47165795587398,6,config_1
87b354c,34.35983737643748,-96.47165795587398,10,config_1
87b3554,34.362082505053536,-96.42903595990448,44,config_1
87b355c,34.40628669411237,-96.42903595990448,16,config_1
87b357,34.47142942922107,-96.45034335805805,16,config_1
87b359,34.559703829302805,-96.45034335805805,13,config_1
87b35d,34.64334872312705,-96.53564486778043,48,config_1
87b35f,34.64788925363745,-96.45034335805805,37,config_1
87b361,34.735985256086614,-96.45034335805805,8,config_1
87b365,34.819440397808805,-96.53564486778043,27,config_1
87b367,34.731439468695164,-96.53564486778043,23,config_1
87b3684,34.70597340727614,-96.59969628987318,26,config_1
87b368c,34.74999437240649,-96.59969628987318,5,config_1
87b3691,34.73725060474925,-96.6317461247182,10,config_1
87b3695,34.7580890262029,-96.65312159762259,47,config_1
87b3697,34.73608499234185,-96.65312159762259,17,config_1
87b369c,34.70365149331843,-96.64243297020663,42,config_1
87b36a4,34.70131296395687,-96.68519816136498,4,config_1
87b36ac,34.698957791373665,-96.7279917988472,24,config_1
87b36b4,34.74297471396643,-96.7279917988472,13,config_1
87b36bc,34.745331243941585,-96.68519816136498,36,config_1
87b36c1,34.77891699913493,-96.67450419420958,9,config_1
87b36c3,34.800909452270155,-96.67450419420958,8,config_1
87b36c5,34.79973451183393,-96.69589390641657,20,config_1
87b36c7,34.777742394474124,-96.69589390641657,22,config_1
87b36cc,34.78696918262903,-96.7279917988472,35,config_1
87b36d4,34.83094114239358,-96.7279917988472,6,config_1
87b36dc,34.83330036840129,-96.68519816136498,47,config_1
87b36e4,34.83564292165825,-96.64243297020663,3,config_1
87b36e9,34.80208022809406,-96.65312159762259,15,config_1
87b36eb,34.78008744041036,-96.65312159762259,6,config_1
87b36ed,34.78125372178253,-96.6317461247182,11,config_1
87b36ef,34.803246842789136,-96.6317461247182,25,config_1
87b36f4,34.79399286498307,-96.59969628987318,9,config_1
87b36fc,34.8379688300489,-96.59969628987318,4,config_1
87b371,34.9027285571258,-96.62106106216318,22,config_1
87b3724,34.87725110315348,-96.68519816136498,29,config_1
87b3734,34.91881731638512,-96.7279917988472,2,config_1
87b373c,34.9211792134482,-96.68519816136498,28,config_1
87b3744,34.96508464493838,-96.68519816136498,24,config_1
87b374c,34.96272142170465,-96.7279917988472,8,config_1
87b375c,35.00896734348283,-96.68519816136498,26,config_1
87b37c,34.95356006951812,-96.49297974540691,1,config_1
87b384,35.12902275567145,-96.49297974540691,1,config_1
87b38c,35.304118273725166,-96.49297974540691,26,config_1
87b393,35.34088746826004,-96.62106106216318,2,config_1
87b395,35.33617253696089,-96.70659142835461,50,config_1
87b3964,35.26941080481029,-96.7279917988472,13,config_1
87b396c,35.27178313694005,-96.68519816136498,30,config_1
87b3974,35.228037961497456,-96.68519816136498,21,config_1
87b399,35.16119452750336,-96.70659142835461,40,config_1
87b39f,35.073567485879956,-96.70659142835461,29,config_1
87b3ac,35.10040581239662,-97.00683933476365,36,config_1
87b3b4,35.275439007638404,-97.00683933476365,9,config_1
87b3bc,35.28526809847198,-96.83509992015557,47,config_1
87b3d,35.5422593775057,-96.92091345144947,33,config_1
87b3f,35.56143896328144,-96.57833866136845,28,config_1
87b404,35.66225702135283,-96.32260724129291,27,config_1
87b40c,35.48788711942034,-96.32260724129291,16,config_1
87b414,35.49666591160827,-96.15269854577356,18,config_1
87b41c,35.67105406650482,-96.15269854577356,3,config_1
87b424,35.67958730749573,-95.98325766018019,12,config_1
87b42c,35.687858612944325,-95.81428853484881,2,config_1
87b434,35.513435635909836,-95.81428853484881,35,config_1
87b43c,35.50518146266444,-95.98325766018019,32,config_1
87b47,35.23003984163502,-96.23759466618242,4,config_1
87b4a1,34.6523638856119,-96.3651570426858,7,config_1
87b4a5,34.56857704692883,-96.28008642818537,17,config_1
87b4a7,34.56417323522171,-96.3651570426858,32,config_1
87b4a9,34.47589356139322,-96.3651570426858,15,config_1
87b4ab,34.387525313500355,-96.3651570426858,24,config_1
87b4ad,34.39191868966073,-96.28008642818537,36,config_1
87b4af,34.48029217885044,-96.28008642818537,10,config_1
87b4b1,34.48462550745206,-96.1951320179046,33,config_1
87b4b3,34.39624685679587,-96.1951320179046,50,config_1
87b4b44,34.42155423345954,-96.13149277021542,2,config_1
87b4b4c,34.377340900872476,-96.13149277021542,41,config_1
87b4b54,34.37945565280706,-96.0891031789097,21,config_1
87b4b5c,34.42367025165968,-96.0891031789097,12,config_1
87b4b7,34.48889377409845,-96.1102943120119,1,config_1
87b4bc,34.61917312666029,-96.15269854577356,14,config_1
87b4c4,34.62759488930934,-95.98325766018019,48,config_1
87b4cc,34.45099014739361,-95.98325766018019,32,config_1
87b4d4,34.45913427498989,-95.81428853484881,2,config_1
87b4e4,34.8120240201528,-95.81428853484881,47,config_1
87b4ec,34.803841823223266,-95.98325766018019,6,config_1
87b4fc,34.987928118687066,-95.81428853484881,13,config_1
87b501,35.03783181649295,-95.6878736310531,49,config_1
87b503,34.94996410900811,-95.6878736310531,20,config_1
87b514,34.82761874317825,-95.47778111042308,43,config_1
87b51c,34.8199490359406,-95.64579506896482,20,config_1
87b55,34.57402317582468,-95.22666753958994,4,config_1
87b56c,34.83503502935723,-95.31025045570311,2,config_1
87b5724,34.94413577195678,-95.3311652283681,22,config_1
87b572c,34.942294881208454,-95.37301757521422,1,config_1
87b5734,34.98625958763289,-95.37301757521422,20,config_1
87b573c,34.98810151083727,-95.3311652283681,9,config_1
87b575,35.05308749090339,-95.35208760396613,3,config_1
87b59,35.27787142623932,-95.22666753958994,1,config_1
87b5a3,35.22485457947082,-95.43585298984118,46,config_1
87b5a5,35.22106429035119,-95.51973943774544,22,config_1
87b5a9,35.12952179274877,-95.60374647633648,1,config_1
87b5ab,35.1256079484505,-95.6878736310531,28,config_1
87b5ad,35.21329207573524,-95.6878736310531,3,config_1
87b5af,35.21721020159994,-95.60374647633648,40,config_1
87b5b04,35.283886150983626,-95.58273343720943,44,config_1
87b5b0c,35.327661450879724,-95.58273343720943,9,config_1
87b5b3,35.30088377251694,-95.6878736310531,1,config_1
87b5b7,35.39230918184483,-95.60374647633648,28,config_1
87b5bc,35.35433581072388,-95.47778111042308,9,config_1
87b5c1,35.48738785426492,-95.43585298984118,15,config_1
87b5c5,35.57090543669981,-95.51973943774544,31,config_1
87b5c7,35.48358538762627,-95.51973943774544,23,config_1
87b5cc,35.52143031039644,-95.64579506896482,41,config_1
87b5d4,35.69586986717627,-95.64579506896482,33,config_1
87b5dc,35.7036229697638,-95.47778111042308,8,config_1
87b5e4,35.71111983506653,-95.31025045570311,9,config_1
87b5ec,35.53664875519603,-95.31025045570311,11,config_1
87b5f4,35.543876358131435,-95.1432068497593,20,config_1
87b5fc,35.71836239177337,-95.1432068497593,14,config_1
87b604,35.89246856123163,-95.1432068497593,45,config_1
87b60c,35.88521135107178,-95.31025045570311,47,config_1
87b613,36.013672157629884,-95.35208760396613,36,config_1
87b615,36.10042846741063,-95.35208760396613,18,config_1
87b631,36.363827745103144,-95.26844374824067,13,config_1
87b633,36.45019853990034,-95.26844374824067,22,config_1
87b635,36.44648318873645,-95.35208760396613,20,config_1
87b637,36.36011585747526,-95.35208760396613,3,config_1
87b639,36.27365070469663,-95.35208760396613,24,config_1
87b63f,36.18708811277506,-95.35208760396613,29,config_1
87b644,36.22470139491305,-95.47778111042308,1,config_1
87b649,36.356339790512045,-95.43585298984118,10,config_1
87b64b,36.44270359686209,-95.43585298984118,3,config_1
87b64d,36.438859520527444,-95.51973943774544,24,config_1
87b64f,36.35249930076765,-95.51973943774544,16,config_1
87b654,36.389806839182775,-95.64579506896482,13,config_1
87b65c,36.21690211898293,-95.64579506896482,41,config_1
87b664,36.04360896532281,-95.64579506896482,29,config_1
87b671,35.9192397401533,-95.51973943774544,21,config_1
87b673,35.92306171026189,-95.43585298984118,34,config_1
87b675,35.836117008162674,-95.43585298984118,40,config_1
87b67b,35.91535342445628,-95.60374647633648,2,config_1
87b67d,35.911402523067096,-95.6878736310531,20,config_1
87b67f,35.824469484263496,-95.6878736310531,35,config_1
87b689,35.9942201388377,-95.77212042411867,13,config_1
87b68b,36.08095740857633,-95.77212042411867,29,config_1
87b68c4,36.05622236203595,-95.83538374236045,14,config_1
87b68cc,36.09956542084879,-95.83538374236045,4,config_1
87b68d4,36.09750416086135,-95.8775964238177,19,config_1
87b68dc,36.05416210584455,-95.8775964238177,20,config_1
87b68f,35.99013530407835,-95.85648637454487,13,config_1
87b691,35.98598510232307,-95.94097099813557,40,config_1
87b6924,36.05208548069254,-95.9198387432287,19,config_1
87b692c,36.095426523711026,-95.9198387432287,14,config_1
87b6934,36.09333247976323,-95.96211063966837,7,config_1
87b693c,36.04999245696516,-95.96211063966837,28,config_1
87b6944,36.0478830051081,-96.00441205201167,16,config_1
87b6949,36.08091860766919,-95.99383393516017,17,config_1
87b694b,36.1025822093712,-95.99383393516017,7,config_1
87b694d,36.10152272639331,-96.01499200977533,17,config_1
87b694f,36.079859382161246,-96.01499200977533,19,config_1
87b6954,36.08909505323952,-96.04674291893367,13,config_1
87b695c,36.04575709562798,-96.04674291893367,3,config_1
87b6964,36.00239508082622,-96.04674291893367,20,config_1
87b696c,36.004519948137286,-96.00441205201167,38,config_1
87b69c,35.85361489546882,-95.98325766018019,4,config_1
87b6a4,35.845064318097315,-96.15269854577356,6,config_1
87b6ac,35.83624938440091,-96.32260724129291,12,config_1
87b6b4,36.0098609837762,-96.32260724129291,27,config_1
87b6bb,35.973139933175595,-96.1951320179046,9,config_1
87b6bd,35.97748765208485,-96.1102943120119,23,config_1
87b6bf,36.06420851167435,-96.1102943120119,39,config_1
87b6d,36.27401988976557,-96.23759466618242,13,config_1
87b6e3,36.418663403206544,-95.94097099813557,44,config_1
87b6e5,36.332322052284006,-95.94097099813557,28,config_1
87b6e7,36.328089963899075,-96.02557380749096,1,config_1
87b6e9,36.241655079894315,-96.02557380749096,16,config_1
87b6ea4,36.175698601469264,-96.04674291893367,3,config_1
87b6eac,36.132408904753355,-96.04674291893367,2,config_1
87b6eb4,36.13453688224153,-96.00441205201167,29,config_1
87b6ebc,36.17782760480562,-96.00441205201167,32,config_1
87b6ec4,36.17994012585915,-95.96211063966837,48,config_1
87b6ecc,36.1366483856249,-95.96211063966837,35,config_1
87b6ed4,36.13874344443655,-95.9198387432287,29,config_1
87b6edc,36.18203619418263,-95.9198387432287,5,config_1
87b6ee4,36.22530472447019,-95.9198387432287,4,config_1
87b6eec,36.223207651982314,-95.96211063966837,40,config_1
87b6ef4,36.26645091571808,-95.96211063966837,6,config_1
87b6efc,36.26854898702757,-95.9198387432287,5,config_1
87b6f1,36.250045444266824,-95.85648637454487,43,config_1
87b6f24,36.18411583938968,-95.8775964238177,22,config_1
87b6f2c,36.14082208827038,-95.8775964238177,31,config_1
87b6f34,36.142884346780754,-95.83538374236045,21,config_1
87b6f3c,36.18617909115435,-95.83538374236045,5,config_1
87b6f5,36.1675982133254,-95.77212042411867,45,config_1
87b6f7,36.25414216371831,-95.77212042411867,3,config_1
87b6fc,36.38173257575033,-95.81428853484881,4,config_1
87b70c,36.726334990807054,-95.81428853484881,14,config_1
87b711,36.67709844199488,-95.94097099813557,39,config_1
87b713,36.76304587382828,-95.94097099813557,30,config_1
87b717,36.67285075833478,-96.02557380749096,1,config_1
87b71c,36.54587902406246,-95.98325766018019,44,config_1
87b73,36.61893668649894,-96.23759466618242,9,config_1
87b75,36.96227433759821,-96.23759466618242,30,config_1
87b77,36.97958426648054,-95.8987138825821,23,config_1
87b783,37.0326809246808,-95.6878736310531,4,config_1
87b785,37.03667955064887,-95.60374647633648,31,config_1
87b787,37.12224111146536,-95.60374647633648,36,config_1
87b78c,37.08535084539225,-95.47778111042308,1,config_1
87b7b,36.652379208234066,-95.56172791278979,31,config_1
87b7cc,36.57771820611493,-95.31025045570311,11,config_1
87b7d1,36.6263030882335,-95.18492188756028,19,config_1
87b7d3,36.54012581700838,-95.18492188756028,16,config_1
87b7d7,36.629897267052215,-95.10152248359266,39,config_1
87b7dc,36.75719069795605,-95.1432068497593,32,config_1
87b7e4,36.92895197928052,-95.1432068497593,23,config_1
87b7f4,37.09296053263965,-95.31025045570311,1,config_1
87b7fc,37.10031199222035,-95.1432068497593,34,config_1
87b804,37.271267891664316,-95.1432068497593,49,config_1
87b80c,37.44181688545928,-95.1432068497593,6,config_1
87b811,37.39371255893338,-95.26844374824067,42,config_1
87b813,37.47888043176635,-95.26844374824067,28,config_1
87b817,37.38996157805132,-95.35208760396613,4,config_1
87b819,37.304694570551604,-95.35208760396613,3,config_1
87b81b,37.308442498066945,-95.26844374824067,35,config_1
87b81d,37.223070591694686,-95.26844374824067,28,config_1
87b81f,37.2193257544553,-95.35208760396613,24,config_1
87b821,37.215516153175024,-95.43585298984118,17,config_1
87b823,37.300881824052794,-95.43585298984118,3,config_1
87b825,37.29700401190977,-95.51973943774544,2,config_1
87b827,37.21164154147369,-95.51973943774544,33,config_1
87b829,37.207701673844184,-95.60374647633648,36,config_1
87b82b,37.20369630566666,-95.6878736310531,12,config_1
87b82d,37.289052208422525,-95.6878736310531,2,config_1
87b82f,37.29306088833381,-95.60374647633648,6,config_1
87b834,37.41891035985244,-95.64579506896482,11,config_1
87b83c,37.426806290630985,-95.47778111042308,38,config_1
87b841,37.55636684292121,-95.43585298984118,33,config_1
87b843,37.641323386641005,-95.43585298984118,21,config_1
87b845,37.63743315374538,-95.51973943774544,31,config_1
87b84c,37.58901330987984,-95.64579506896482,2,config_1
87b854,37.75870482267066,-95.64579506896482,1,config_1
87b85b,37.722283565062426,-95.51973943774544,15,config_1
87b85d,37.72617680831287,-95.43585298984118,20,config_1
87b85e4,37.79071264755192,-95.41490027546612,5,config_1
87b85ec,37.78878127150145,-95.45681327060878,13,config_1
87b85f4,37.83112997063487,-95.45681327060878,20,config_1
87b85fc,37.83306207872362,-95.41490027546612,20,config_1
87b864,37.774284377954594,-95.31025045570311,4,config_1
87b86c,37.60456878088867,-95.31025045570311,43,config_1
87b874,37.61195623431283,-95.1432068497593,8,config_1
87b87c,37.7816832516841,-95.1432068497593,10,config_1
87b881,37.91051771960403,-95.10152248359266,16,config_1
87b885,37.99142929528803,-95.18492188756028,18,config_1
87b887,37.906878811677906,-95.18492188756028,37,config_1
87b88c,37.94358529627722,-95.31025045570311,48,config_1
87b891,38.07216619584848,-95.26844374824067,12,config_1
87b893,38.06839210697374,-95.35208760396613,30,config_1
87b895,38.152727814537606,-95.35208760396613,10,config_1
87b897,38.15650462830745,-95.26844374824067,19,config_1
87b89c,38.11988980883777,-95.1432068497593,39,config_1
87b8a4,38.288364238151914,-95.1432068497593,18,config_1
87b8ac,38.456416114749366,-95.1432068497593,5,config_1
87b8b1,38.4088879527897,-95.26844374824067,30,config_1
87b8b3,38.492804048371475,-95.26844374824067,44,config_1
87b8bc,38.28093281797955,-95.31025045570311,49,config_1
87b8d,38.35336107952697,-95.56172791278979,29,config_1
87b8e4,38.096843036956116,-95.64579506896482,2,config_1
87b8ec,38.10478736034999,-95.47778111042308,3,config_1
87b8f4,37.93591494496048,-95.47778111042308,48,config_1
87b8fc,37.9279822602267,-95.64579506896482,2,config_1
87b904,37.9197852665326,-95.81428853484881,15,config_1
87b90c,37.91132200273423,-95.98325766018019,14,config_1
87b91c,38.08863400318194,-95.81428853484881,22,config_1
87b93,38.33690757539888,-95.8987138825821,35,config_1
87b944,38.23981917159275,-96.15269854577356,6,config_1
87b94c,38.40780367780611,-96.15269854577356,46,config_1
87b954,38.39876327329945,-96.32260724129291,48,config_1
87b95c,38.23079134912269,-96.32260724129291,10,config_1
87b97,37.98258412232734,-96.23759466618242,5,config_1
87b99,37.64412004197382,-96.23759466618242,46,config_1
87b9b,37.661543655447,-95.8987138825821,22,config_1
87b9d,37.32137772853823,-95.8987138825821,11,config_1
87ba4,37.44614510974571,-96.74939926474936,47,config_1
87ba84,37.16540408538897,-97.17902604633225,1,config_1
87ba91,37.28529404999976,-97.3084570618028,37,config_1
87ba93,37.370374143394116,-97.3084570618028,35,config_1
87ba95,37.3649955809055,-97.39488196255758,11,config_1
87ba97,37.27991987038358,-97.39488196255758,20,config_1
87ba99,37.194743088304094,-97.39488196255758,11,config_1
87ba9b,37.20011283235717,-97.3084570618028,32,config_1
87ba9d,37.11483083527577,-97.3084570618028,28,config_1
87ba9f,37.10946557958811,-97.39488196255758,15,config_1
87bab,37.22360524896747,-97.61142171393448,1,config_1
87bad,37.56345723784455,-97.61142171393448,28,config_1
87bae1,37.7042809232782,-97.39488196255758,26,config_1
87bae24,37.72948597431988,-97.33005299969896,26,config_1
87bae2c,37.73216660498749,-97.28686799616995,12,config_1
87bae34,37.68985565854685,-97.28686799616995,9,config_1
87bae3c,37.68717605751179,-97.33005299969896,17,config_1
87bae5,37.625004279002965,-97.3084570618028,14,config_1
87bae7,37.61961288290332,-97.39488196255758,5,config_1
87baec,37.49512023125898,-97.35165580142355,23,config_1
87baf4,37.50574945105736,-97.17902604633225,3,config_1
87bafb,37.63032513100294,-97.22214211701957,2,config_1
87bafc4,37.69516199056523,-97.20058062454765,13,config_1
87bafcc,37.69251762682062,-97.24371051537364,23,config_1
87bafd4,37.734829595751705,-97.24371051537364,25,config_1
87bafdc,37.737474974862764,-97.20058062454765,14,config_1
87baff,37.72025605232311,-97.13593766610796,7,config_1
87bb04,37.84446209303381,-97.17902604633225,3,config_1
87bb0c,38.01319954346732,-97.17902604633225,1,config_1
87bb14,38.002521549886445,-97.35165580142355,42,config_1
87bb1c,37.833799946714116,-97.35165580142355,36,config_1
87bb21,37.78337564237893,-97.48141627828754,45,config_1
87bb23,37.86783373730549,-97.48141627828754,1,config_1
87bb25,37.862287873459294,-97.56805946490843,16,config_1
87bb27,37.777833960934444,-97.56805946490843,1,config_1
87bb2c,37.8116242725562,-97.69822718000074,42,config_1
87bb34,37.9803128407714,-97.69822718000074,15,config_1
87bb3c,37.991559914458996,-97.52472429686226,3,config_1
87bb44,38.15985005617689,-97.52472429686226,25,config_1
87bb4c,38.14858666982254,-97.69822718000074,16,config_1
87bb54,38.316443256759236,-97.69822718000074,30,config_1
87bb5c,38.327722528109916,-97.52472429686226,17,config_1
87bb64,38.33871549398704,-97.35165580142355,29,config_1
87bb6c,38.170827565259515,-97.35165580142355,15,config_1
87bb74,38.18152099800622,-97.17902604633225,26,config_1
87bb7c,38.34942395978395,-97.17902604633225,14,config_1
87bb84,38.35984974979172,-97.00683933476365,19,config_1
87bb8c,38.36999470673717,-96.83509992015557,15,config_1
87bb94,38.202062932455284,-96.83509992015557,17,config_1
87bb9c,38.19193217428929,-97.00683933476365,10,config_1
87bbb,37.94436039902519,-96.92091345144947,40,config_1
87bbc4,38.043549919106866,-96.6638120059594,30,config_1
87bbcc,37.874767553269734,-96.6638120059594,9,config_1
87bbd4,37.88431520488796,-96.49297974540691,7,config_1
87bbdc,38.05311168198794,-96.49297974540691,7,config_1
87bbe4,38.22149063741994,-96.49297974540691,26,config_1
87bbec,38.21191512886275,-96.6638120059594,22,config_1
87bbf4,38.37986069132068,-96.6638120059594,23,config_1
87bbfc,38.38944958175424,-96.49297974540691,34,config_1
87bc04,38.556986077347766,-96.49297974540691,27,config_1
87bc14,38.714483168061825,-96.6638120059594,3,config_1
87bc1c,38.724097738174486,-96.49297974540691,23,config_1
87bc21,38.85151399799175,-96.45034335805805,28,config_1
87bc23,38.846771295524825,-96.53564486778043,15,config_1
87bc25,38.93000485632198,-96.53564486778043,17,config_1
87bc27,38.93475054365728,-96.45034335805805,18,config_1
87bc29,39.01787956279886,-96.45034335805805,17,config_1
87bc2b,39.10090077644218,-96.45034335805805,14,config_1
87bc2d,39.09614925076648,-96.53564486778043,25,config_1
87bc2f,39.01313093443418,-96.53564486778043,13,config_1
87bc31,39.00831303234005,-96.62106106216318,37,config_1
87bc33,39.09132840676162,-96.62106106216318,38,config_1
87bc35,39.08643800534409,-96.70659142835461,22,config_1
87bc37,39.00342561768028,-96.70659142835461,28,config_1
87bc3c,38.881155357981044,-96.6638120059594,16,config_1
87bc44,38.87125023563671,-96.83509992015557,13,config_1
87bc4c,39.03748101902248,-96.83509992015557,38,config_1
87bc54,39.02728307622048,-97.00683933476365,4,config_1
87bc5c,38.86106497189712,-97.00683933476365,3,config_1
87bc7,38.616053199210654,-96.92091345144947,38,config_1
87bcb,38.57312758898384,-97.61142171393448,23,config_1
87bcc4,38.82880968880766,-97.52472429686226,27,config_1
87bccc,38.81748530710189,-97.69822718000074,26,config_1
87bcd4,38.983648923852805,-97.69822718000074,9,config_1
87bcdc,38.9949875014636,-97.52472429686226,5,config_1
87bcf,38.92841052296785,-97.26528581122331,12,config_1
87bd1,39.25994672642947,-97.26528581122331,13,config_1
87bd3,39.23780502662695,-97.61142171393448,26,config_1
87bd5,39.567557774579235,-97.61142171393448,40,config_1
87bd7,39.58974987306115,-97.26528581122331,15,config_1
87bd84,39.68782795787213,-97.00683933476365,7,config_1
87bd89,39.73659240308109,-96.87799260898478,1,config_1
87bd8b,39.74164559959143,-96.7922354503473,43,config_1
87bd8d,39.659506939128796,-96.7922354503473,50,config_1
87bd8f,39.65445645430331,-96.87799260898478,18,config_1
87bd94,39.533578881320885,-96.83509992015557,30,config_1
87bd9c,39.52334514206077,-97.00683933476365,8,config_1
87bda4,39.358425323624324,-97.00683933476365,22,config_1
87bdb4,39.20328083633086,-96.83509992015557,16,config_1
87bdb9,39.329857368076034,-96.7922354503473,25,config_1
87bdbb,39.324818183566094,-96.87799260898478,5,config_1
87bdbd,39.407391407579695,-96.87799260898478,10,config_1
87bdbf,39.41243348547332,-96.7922354503473,19,config_1
87bdc4,39.37858846317301,-96.6638120059594,17,config_1
87bdc84,39.27158562378286,-96.7279917988472,8,config_1
87bdc8c,39.27405155771121,-96.68519816136498,14,config_1
87bdc94,39.23268018947911,-96.68519816136498,16,config_1
87bdc9c,39.23021497968359,-96.7279917988472,14,config_1
87bdcb,39.169342444413395,-96.70659142835461,23,config_1
87bdcc4,39.193728744496674,-96.64243297020663,28,config_1
87bdccc,39.15230246228071,-96.64243297020663,11,config_1
87bdcd4,39.15473135198815,-96.59969628987318,12,config_1
87bdcdc,39.196158358582586,-96.59969628987318,20,config_1
87bdcf,39.25703490235032,-96.62106106216318,39,config_1
87bdd1,39.26186149760622,-96.53564486778043,33,config_1
87bdd3,39.179059529404206,-96.53564486778043,48,config_1
87bdd5,39.18381390879418,-96.45034335805805,22,config_1
87bdd7,39.266618687236296,-96.45034335805805,24,config_1
87bddc,39.388250109529636,-96.49297974540691,41,config_1
87bdf,39.63071212618312,-96.57833866136845,18,config_1
87be1,39.64951253240552,-96.23759466618242,28,config_1
87be24,39.745107744533556,-95.98325766018019,5,config_1
87be2c,39.75369035465822,-95.81428853484881,22,config_1
87be34,39.58913595232573,-95.81428853484881,24,config_1
87be5,39.33723555525053,-95.8987138825821,5,config_1
87be64,39.24133220573672,-96.15269854577356,33,config_1
87be6c,39.40674315202266,-96.15269854577356,31,config_1
87be7c,39.23223397533335,-96.32260724129291,42,config_1
87be81,39.10558322390563,-96.3651570426858,9,config_1
87be83,39.02255915730498,-96.3651570426858,11,config_1
87be85,39.02716995884374,-96.28008642818537,12,config_1
87be87,39.110196834292786,-96.28008642818537,19,config_1
87be8c,39.07548671851177,-96.15269854577356,37,config_1
87be91,38.94857463602446,-96.1951320179046,6,config_1
87be93,38.95304581575798,-96.1102943120119,12,config_1
87be95,38.86979778437486,-96.1102943120119,29,config_1
87be97,38.865329408502994,-96.1951320179046,10,config_1
87be99,38.86079281358138,-96.28008642818537,4,config_1
87be9b,38.94403519236061,-96.28008642818537,18,config_1
87be9d,38.93942724212206,-96.3651570426858,10,config_1
87be9f,38.8561877572122,-96.3651570426858,25,config_1
87bea4,38.73343633635995,-96.32260724129291,23,config_1
87beac,38.56631239711808,-96.32260724129291,18,config_1
87beb4,38.57536504233418,-96.15269854577356,27,config_1
87bebc,38.74250088271567,-96.15269854577356,31,config_1
87bed,38.672064996428546,-95.8987138825821,38,config_1
87bee4,38.926545606734564,-95.81428853484881,21,config_1
87beec,38.91801249891759,-95.98325766018019,17,config_1
87bef4,39.08430122379805,-95.98325766018019,15,config_1
87befc,39.09284485680622,-95.81428853484881,28,config_1
87bf01,39.14058513165589,-95.6878736310531,3,config_1
87bf03,39.05753980902555,-95.6878736310531,43,config_1
87bf05,39.06160905661152,-95.60374647633648,39,config_1
87bf07,39.144656843878124,-95.60374647633648,6,config_1
87bf09,39.14866193273888,-95.51973943774544,7,config_1
87bf0b,39.152600648776854,-95.43585298984118,4,config_1
87bf0d,39.06954805789384,-95.43585298984118,32,config_1
87bf0f,39.06561172279882,-95.51973943774544,24,config_1
87bf11,38.982453267844825,-95.51973943774544,18,config_1
87bf13,38.9863871857458,-95.43585298984118,23,config_1
87bf15,38.903118309988,-95.43585298984118,21,config_1
87bf17,38.89918684563306,-95.51973943774544,3,config_1
87bf1b,38.978453061192084,-95.60374647633648,38,config_1
87bf1d,38.97438631571575,-95.6878736310531,26,config_1
87bf1f,38.891124929689376,-95.6878736310531,12,config_1
87bf3,38.688562914297606,-95.56172791278979,11,config_1
87bf44,38.78378113825695,-95.31025045570311,38,config_1
87bf4b,38.57282390260238,-95.35208760396613,10,config_1
87bf4d,38.576613801641386,-95.26844374824067,46,config_1
87bf4f,38.66031691584518,-95.26844374824067,18,config_1
87bf54,38.62404301380947,-95.1432068497593,23,config_1
87bf5c,38.791242562371075,-95.1432068497593,28,config_1
87bf61,38.91818673610689,-95.10152248359266,37,config_1
87bf63,39.001465001221426,-95.10152248359266,9,config_1
87bf644,38.97790863690707,-95.16406053828862,1,config_1
87bf64c,39.01951990730153,-95.16406053828862,5,config_1
87bf654,39.01766768134431,-95.20579089039227,26,config_1
87bf65c,38.976056982930956,-95.20579089039227,22,config_1
87bf664,38.934419276818545,-95.20579089039227,22,config_1
87bf66c,38.93627035453195,-95.16406053828862,25,config_1
87bf674,38.894605095243534,-95.16406053828862,3,config_1
87bf67c,38.89275459808036,-95.20579089039227,16,config_1
87bf684,38.890887778226336,-95.24755182794603,24,config_1
87bf68c,38.932551871117205,-95.24755182794603,27,config_1
87bf694,38.93066810576898,-95.2893432932414,16,config_1
87bf6b,38.90698377924388,-95.35208760396613,45,config_1
87bf6c4,38.97040389487637,-95.3311652283681,30,config_1
87bf6cc,38.96848671807559,-95.37301757521422,22,config_1
87bf6d4,39.01009507620388,-95.37301757521422,13,config_1
87bf6dc,39.01201284595895,-95.3311652283681,14,config_1
87bf6e4,39.01391418233533,-95.2893432932414,14,config_1
87bf6ec,38.97230464356347,-95.2893432932414,26,config_1
87bf6f4,38.974188995707564,-95.24755182794603,41,config_1
87bf6fc,39.01579911691819,-95.24755182794603,14,config_1
87bf74,39.11687034071522,-95.31025045570311,43,config_1
87bf7c,39.12435037432493,-95.1432068497593,7,config_1
87bf9,39.369328708003344,-95.22666753958994,26,config_1
87bfb,39.35381492420033,-95.56172791278979,11,config_1
87bfc1,39.56622988931638,-95.43585298984118,15,config_1
87bfc3,39.648627140098384,-95.43585298984118,21,config_1
87bfc5,39.64467489392578,-95.51973943774544,23,config_1
87bfc7,39.56227980874311,-95.51973943774544,24,config_1
87bfcc,39.59743940845311,-95.64579506896482,36,config_1
87bfd4,39.762002783946365,-95.64579506896482,19,config_1
87bfdc,39.770047036048446,-95.47778111042308,46,config_1
87bfe4,39.77782512859454,-95.31025045570311,29,config_1
87bfec,39.61324471130742,-95.31025045570311,39,config_1
87bff4,39.620750599932535,-95.1432068497593,17,config_1
87bffc,39.78533909274184,-95.1432068497593,39,config_1
86404,28.938192472482168,-95.39395513481692,43,config_1
864084,29.411783097863623,-95.1432068497593,5,config_1
86408c,29.405246620194973,-95.31025045570311,14,config_1
864094,29.590334237824866,-95.31025045570311,20,config_1
864099,29.641516590412998,-95.18492188756028,10,config_1
86409b,29.549022710756017,-95.18492188756028,6,config_1
86409d,29.55224333659539,-95.10152248359266,31,config_1
86409f,29.644743422580678,-95.10152248359266,5,config_1
8640a4,29.781769536782075,-95.1432068497593,36,config_1
8640ac,29.966398359236102,-95.1432068497593,21,config_1
8640b4,29.959786529660697,-95.31025045570311,32,config_1
8640b9,29.819672248017405,-95.35208760396613,9,config_1
8640bb,29.82302652918589,-95.26844374824067,7,config_1
8640bd,29.730659910901096,-95.26844374824067,6,config_1
8640be4,29.705054390204594,-95.3311652283681,5,config_1
8640bf4,29.74956136072957,-95.37301757521422,38,config_1
8640bf84,29.720054739531772,-95.38872003390745,44,config_1
8640bf8c,29.708505301670417,-95.38872003390745,7,config_1
8640bf9c,29.720479498197996,-95.3782512539919,1,config_1
8640c04,29.701664754444103,-95.41490027546612,4,config_1
8640c0c,29.74785769556582,-95.41490027546612,13,config_1
8640c14,29.746139536179513,-95.45681327060878,32,config_1
8640c1c,29.69994822955784,-95.45681327060878,17,config_1
8640c3,29.720442543224415,-95.51973943774544,29,config_1
8640c5,29.812789773957824,-95.51973943774544,11,config_1
8640c7,29.816260067935005,-95.43585298984118,9,config_1
8640cc,29.95294287747097,-95.47778111042308,35,config_1
8640d4,29.945865677209675,-95.64579506896482,21,config_1
8640dc,29.761313934618144,-95.64579506896482,31,config_1
8640e4,29.576518569889355,-95.64579506896482,44,config_1
8640ec,29.58354228478337,-95.47778111042308,22,config_1
8640f4,29.39848099246645,-95.47778111042308,8,config_1
8640f94,29.36922552687509,-95.6247670227371,50,config_1
8640f9c,29.370988260896937,-95.58273343720943,11,config_1
8640ff,29.343405645597638,-95.6878736310531,3,config_1
86411,29.47307845952827,-95.8987138825821,31,config_1
864124,29.754028949264114,-95.81428853484881,38,config_1
86412c,29.938553218054942,-95.81428853484881,26,config_1
864134,29.931003804263764,-95.98325766018019,2,config_1
86413c,29.746507912083302,-95.98325766018019,6,config_1
86415,29.82703651809303,-96.23759466618242,26,config_1
86417,29.457649738535203,-96.23759466618242,3,config_1
8641c,28.909559669047898,-96.06791937864303,31,config_1
86424,28.87717828684354,-96.74939926474936,25,config_1
8642c,28.84094667826595,-97.43813547748366,6,config_1
86431,29.405581159562757,-97.26528581122331,3,config_1
86433,29.386255454990476,-97.61142171393448,1,config_1
86435,29.755092042757056,-97.61142171393448,46,config_1
86437,29.774566907521518,-97.26528581122331,15,config_1
8643c,29.617428456801527,-96.74939926474936,44,config_1
86441,30.178811054996473,-96.57833866136845,44,config_1
86443,30.54608064465715,-96.57833866136845,4,config_1
86445,30.528337493253847,-96.92091345144947,5,config_1
86447,30.16119503839945,-96.92091345144947,28,config_1
86449,30.14258310143638,-97.26528581122331,47,config_1
8644a4,30.03607884049197,-97.52472429686226,16,config_1
8644a9,29.982609756796013,-97.65481097525692,8,config_1
8644ab,29.977527745120877,-97.74167025909962,2,config_1
8644ad,30.069419836812664,-97.74167025909962,17,config_1
8644af,30.074511249471257,-97.65481097525692,28,config_1
8644b1,30.166350280171464,-97.65481097525692,46,config_1
8644b3,30.161249525253425,-97.74167025909962,43,config_1
8644b44,30.23136342440552,-97.71994536457991,27,config_1
8644b4c,30.228793520243528,-97.76340185489671,23,config_1
8644b504,30.258427979285823,-97.7471025301428,33,config_1
8644b50c,30.269893785664976,-97.7471025301428,19,config_1
8644b514,30.269249795828507,-97.7579683281769,22,config_1
8644b51c,30.25778413509299,-97.7579683281769,9,config_1
8644b524,30.25713928618482,-97.76883579990425,5,config_1
8644b52c,30.2564934321953,-97.7797049442397,2,config_1
8644b534,30.267958800944186,-97.7797049442397,7,config_1
8644b539,30.27130960942661,-97.7715529292235,15,config_1
8644b53b,30.265577118940683,-97.7715529292235,22,config_1
8644b53d,30.26589984938945,-97.766118775123,22,config_1
8644b53f,30.271632376359193,-97.766118775123,6,config_1
8644b55,30.2854782232638,-97.7742701630638,18,config_1
8644b57,30.286768650120433,-97.75253521988041,13,config_1
8644b59,30.28805505651969,-97.73080697363837,30,config_1
8644b5b,30.26512499911168,-97.73080697363837,19,config_1
8644b5d,30.26640680866992,-97.70908543300678,8,config_1
8644b5f,30.289337445397152,-97.70908543300678,15,config_1
8644b64,30.279788249540324,-97.67651571401332,14,config_1
8644b6c,30.233917282986884,-97.67651571401332,17,config_1
8644b74,30.236455119517007,-97.63311297235884,15,config_1
8644b7c,30.28232838471177,-97.63311297235884,12,config_1
8644bc,30.219784329452057,-97.52472429686226,47,config_1
8644c1,30.359884714001875,-97.48141627828754,2,config_1
8644c3,30.45155075921632,-97.48141627828754,1,config_1
8644c5,30.446550753894954,-97.56805946490843,23,config_1
8644c7,30.354893639314973,-97.56805946490843,27,config_1
8644c9,30.34983856547093,-97.65481097525692,37,config_1
8644ca4,30.323084790431643,-97.71994536457991,16,config_1
8644cac,30.32051023682665,-97.76340185489671,49,config_1
8644cb4,30.36634462208107,-97.76340185489671,48,config_1
8644cbc,30.368921489305745,-97.71994536457991,12,config_1
8644cc4,30.41474210017279,-97.71994536457991,23,config_1
8644ccc,30.41216292673331,-97.76340185489671,13,config_1
8644cd4,30.45796507707318,-97.76340185489671,8,config_1
8644cdc,30.46054654931995,-97.71994536457991,8,config_1
8644cf,30.44148663205798,-97.65481097525692,46,config_1
8644d04,30.51145391122613,-97.63311297235884,8,config_1
8644d0c,30.557230340613078,-97.63311297235884,16,config_1
8644d14,30.554676567170848,-97.67651571401332,14,config_1
8644d1c,30.508902392533,-97.67651571401332,20,config_1
8644d3,30.52793232491251,-97.74167025909962,18,config_1
8644d5,30.619441080748068,-97.74167025909962,7,config_1
8644d7,30.624587664456687,-97.65481097525692,23,config_1
8644dc,30.586429233124328,-97.52472429686226,27,config_1
8644f,30.50959108146923,-97.26528581122331,45,config_1
86451,30.875552911543373,-97.26528581122331,11,config_1
864524,30.76935921132166,-97.52472429686226,12,config_1
86452c,30.759168500541627,-97.69822718000074,30,config_1
864534,30.941795588388977,-97.69822718000074,8,config_1
86453c,30.95202132625006,-97.52472429686226,13,config_1
86455,31.220396089851533,-97.61142171393448,37,config_1
86457,31.24043139419716,-97.26528581122331,19,config_1
8645c,31.086161312239916,-96.74939926474936,50,config_1
86461,31.294407434020147,-96.23759466618242,5,config_1
86463,31.310400134786356,-95.8987138825821,29,config_1
86465,30.945052776165177,-95.8987138825821,25,config_1
86467,30.92916705590055,-96.23759466618242,6,config_1
86469,30.562833506690712,-96.23759466618242,25,config_1
8646b,30.195444005857052,-96.23759466618242,29,config_1
8646d,30.211107026336748,-95.8987138825821,22,config_1
8646f,30.578609331417873,-95.8987138825821,2,config_1
86471,30.593421637599622,-95.56172791278979,31,config_1
86472c,30.130168913258153,-95.64579506896482,9,config_1
864731,30.181559860768246,-95.51973943774544,20,config_1
864733,30.08946138007494,-95.51973943774544,10,config_1
864735,30.092951152843618,-95.43585298984118,21,config_1
864737,30.185056045512557,-95.43585298984118,10,config_1
86473c,30.321348173329742,-95.47778111042308,5,config_1
86475,30.239577135436164,-95.22666753958994,13,config_1
8647c,31.149953835575754,-95.39395513481692,14,config_1
86484,31.87866254966999,-95.39395513481692,10,config_1
8648b,31.658518180588914,-96.23759466618242,38,config_1
8648c4,31.9349750509088,-96.15269854577356,3,config_1
8648cc,31.926639159490318,-96.32260724129291,7,config_1
8648d4,32.107801562327275,-96.32260724129291,7,config_1
8648d9,32.15934467529481,-96.1951320179046,1,config_1
8648df96cd600b19,32.19231995995745,-96.09638199462525,98,config_1
8648df9c,32.19199403454932,-96.10499584170577,3,config_1
8648f,32.037661507948876,-95.8987138825821,5,config_1
86491,32.399504925591955,-95.8987138825821,27,config_1
86493,32.38320880787125,-96.23759466618242,4,config_1
86495,32.74371967257475,-96.23759466618242,26,config_1
86497,32.76011108576356,-95.8987138825821,8,config_1
86499,32.775500744794876,-95.56172791278979,8,config_1
8649b,32.41480521961503,-95.56172791278979,22,config_1
8649d,32.429124013735745,-95.22666753958994,32,config_1
8649f,32.789903077224324,-95.22666753958994,15,config_1
864a4,33.321531368043786,-95.39395513481692,30,config_1
864ac,34.035158804423595,-95.39395513481692,10,config_1
864b1,33.83417706448965,-95.8987138825821,1,config_1
864b31,34.23179046100148,-95.94097099813557,12,config_1
864b33,34.3203603649116,-95.94097099813557,23,config_1
864b35,34.31623142999711,-96.02557380749096,39,config_1
864b44,34.08836047863795,-96.15269854577356,13,config_1
864b4b,34.312038048177655,-96.1102943120119,24,config_1
864b4d,34.307779991236345,-96.1951320179046,25,config_1
864b4f,34.219225366619824,-96.1951320179046,34,config_1
864b54,34.25700871940796,-96.32260724129291,30,config_1
864b59,34.12189366842541,-96.3651570426858,42,config_1
864b5b,34.12627103793401,-96.28008642818537,24,config_1
864b5d,34.03754762320829,-96.28008642818537,18,config_1
864b5e4,34.01208142500722,-96.34387852238766,2,config_1
864b5ec,34.056462709003625,-96.34387852238766,13,config_1
864b5f4,34.05425979383615,-96.38644279430395,26,config_1
864b5fc,34.00987988363794,-96.38644279430395,37,config_1
864b7,33.817517252567114,-96.23759466618242,49,config_1
864bc,33.29049058697478,-96.06791937864303,29,config_1
864c01,32.95759950886903,-96.45034335805805,19,config_1
864c03,32.95316809529106,-96.53564486778043,14,config_1
864c05,33.042877472244285,-96.53564486778043,13,config_1
864c07,33.04731506853418,-96.45034335805805,5,config_1
864c0c,33.179521266031784,-96.49297974540691,3,config_1
864c14,33.170498212465176,-96.6638120059594,47,config_1
864c19,33.033808310287974,-96.70659142835461,24,config_1
864c1b,33.03837529168963,-96.62106106216318,14,config_1
864c1d,32.94867218962595,-96.62106106216318,26,config_1
864c1f,32.944111575688474,-96.70659142835461,37,config_1
864c204,32.918212995498926,-96.77081381795539,10,config_1
864c20c,32.91588477660569,-96.81366415379489,10,config_1
864c214,32.960749181909684,-96.81366415379489,10,config_1
864c21c,32.96307903400877,-96.77081381795539,31,config_1
864c23,33.02917631256216,-96.7922354503473,21,config_1
864c25,33.024479084154464,-96.87799260898478,35,config_1
864c27,32.93479536379654,-96.87799260898478,27,config_1
864c29,32.93003933905558,-96.96386238196816,40,config_1
864c2a4,32.90399877432687,-97.02833829890636,8,config_1
864c2ac,32.90157240717898,-97.07135716135726,8,config_1
864c2b4,32.946426766083654,-97.07135716135726,21,config_1
864c2bc,32.94885483718041,-97.02833829890636,23,config_1
864c2d,33.014888083545486,-97.04984424386326,39,config_1
864c2f,33.019716411840896,-96.96386238196816,29,config_1
864c31,33.10931289745232,-96.96386238196816,9,config_1
864c33,33.10447788072081,-97.04984424386326,43,config_1
864c35,33.19398664245865,-97.04984424386326,14,config_1
864c37,33.198828294349696,-96.96386238196816,7,config_1
864c39,33.20360410407843,-96.87799260898478,19,config_1
864c3b,33.11408216475355,-96.87799260898478,16,config_1
864c3d,33.11878589509641,-96.7922354503473,25,config_1
864c3f,33.20831428451073,-96.7922354503473,15,config_1
864c5,33.42466297447948,-96.92091345144947,48,config_1
864c7,33.443305262701145,-96.57833866136845,35,config_1
864c84,33.71533595081478,-96.49297974540691,8,config_1
864c8c,33.706240578673395,-96.6638120059594,17,config_1
864c94,33.8841509284299,-96.6638120059594,17,config_1
864c99,33.9354432043109,-96.53564486778043,31,config_1
864c9b,33.84656443516483,-96.53564486778043,24,config_1
864c9d,33.851055472635714,-96.45034335805805,2,config_1
864c9e4,33.91884046950358,-96.42903595990448,12,config_1
864c9ec,33.9166091368449,-96.47165795587398,16,config_1
864c9f4,33.96102926008747,-96.47165795587398,7,config_1
864c9fc,33.96326199950871,-96.42903595990448,29,config_1
864ca1,34.02873863731382,-96.45034335805805,46,config_1
864ca3,34.02423626121194,-96.53564486778043,8,config_1
864ca5,34.11294313676092,-96.53564486778043,32,config_1
864ca7,34.11745110914826,-96.45034335805805,34,config_1
864ca9,34.206076885155156,-96.45034335805805,23,config_1
864cab,34.294615502799296,-96.45034335805805,41,config_1
864cad,34.290096483684934,-96.53564486778043,35,config_1
864cae4,34.22256584140454,-96.55698818466848,16,config_1
864caf4,34.18055064145924,-96.51430871869908,24,config_1
864cafc,34.17827816553298,-96.55698818466848,15,config_1
864cb04,34.17598925129519,-96.59969628987318,11,config_1
864cb14,34.21796873355958,-96.64243297020663,29,config_1
864cb1c,34.22027552566331,-96.59969628987318,20,config_1
864cb3,34.285511663852645,-96.62106106216318,42,config_1
864cb5,34.28086082138166,-96.70659142835461,42,config_1
864cb7,34.1923389482736,-96.70659142835461,33,config_1
864cb9,34.10373006466304,-96.70659142835461,32,config_1
864cbb,34.10836952899364,-96.62106106216318,7,config_1
864cbd,34.019668333451726,-96.62106106216318,10,config_1
864cbf,34.01503463322163,-96.70659142835461,9,config_1
864cc1,34.010334940811326,-96.7922354503473,23,config_1
864cc3,34.00556903762603,-96.87799260898478,14,config_1
864cc5,34.09425268709627,-96.87799260898478,11,config_1
864cc7,34.09902452368643,-96.7922354503473,48,config_1
864cc9,34.18762760947238,-96.7922354503473,32,config_1
864ccb,34.27614373545093,-96.7922354503473,45,config_1
864ccd,34.27136018635361,-96.87799260898478,26,config_1
864cce4,34.203780434490504,-96.89944951510694,24,config_1
864ccec,34.206186662722175,-96.85654274127455,5,config_1
864ccf4,34.1619090159138,-96.85654274127455,22,config_1
864cd1,34.17800557442899,-96.96386238196816,26,config_1
864cd3,34.26650995551138,-96.96386238196816,44,config_1
864cd7,34.17309444291186,-97.04984424386326,45,config_1
864cdc,34.04264362382727,-97.00683933476365,33,config_1
864cf,33.78108454237463,-96.92091345144947,14,config_1
864d04,33.677373568329436,-97.17902604633225,11,config_1
864d14,33.845028658542326,-97.35165580142355,19,config_1
864d19,33.89709415859029,-97.22214211701957,16,config_1
864d1d,33.81328422836918,-97.13593766610796,38,config_1
864d1f,33.90212073716172,-97.13593766610796,50,config_1
864d21,33.99087189450843,-97.13593766610796,35,config_1
864d23,33.98583898509067,-97.22214211701957,13,config_1
864d25,34.07449804508447,-97.22214211701957,14,config_1
864d264,34.1004362208924,-97.15747839073565,27,config_1
864d26c,34.05612586524022,-97.15747839073565,23,config_1
864d274,34.058627874855716,-97.11440388078715,1,config_1
864d284,34.147230085126125,-97.11440388078715,16,config_1
864d28c,34.14472497910701,-97.15747839073565,28,config_1
864d291,34.1785554812185,-97.14670716152928,17,config_1
864d293,34.17729814632859,-97.16825135268444,34,config_1
864d295,34.199426081368316,-97.16825135268444,22,config_1
864d297,34.20068380126923,-97.14670716152928,11,config_1
864d29c,34.19149872613035,-97.11440388078715,17,config_1
864d2b,34.256608580008184,-97.13593766610796,37,config_1
864d2d,34.251557003963036,-97.22214211701957,40,config_1
864d2e4,34.183928276676355,-97.24371051537364,38,config_1
864d2ec,34.18646860776923,-97.20058062454765,13,config_1
864d2f4,34.14220305361906,-97.20058062454765,3,config_1
864d31,34.157958005043696,-97.3084570618028,26,config_1
864d33,34.246437883433394,-97.3084570618028,20,config_1
864d37,34.152777466166214,-97.39488196255758,35,config_1
864d3c,34.02249887353197,-97.35165580142355,20,config_1
864d49,34.14752904459643,-97.48141627828754,40,config_1
864d4b,34.235996159257496,-97.48141627828754,37,config_1
864d9,33.38419865667327,-97.61142171393448,8,config_1
864dac,33.49920078657089,-97.17902604633225,2,config_1
864db4,33.32069532069529,-97.17902604633225,45,config_1
864dbc,33.310593841352684,-97.35165580142355,11,config_1
864dc4,33.131787043268204,-97.35165580142355,2,config_1
864dc9,33.18410496654987,-97.22214211701957,8,config_1
864dca4,33.21020403914299,-97.15747839073565,24,config_1
864dcac,33.21267528434714,-97.11440388078715,17,config_1
864dcb4,33.167943756747746,-97.11440388078715,9,config_1
864dcbc,33.165474198497655,-97.15747839073565,13,config_1
864dcd,33.09957690324923,-97.13593766610796,22,config_1
864dcf,33.094609754904205,-97.22214211701957,8,config_1
864dd1,33.00503361653139,-97.22214211701957,18,config_1
864dd3,33.00999388835464,-97.13593766610796,21,config_1
864dd5,32.920330393607976,-97.13593766610796,19,config_1
864dd7,32.9153770530473,-97.22214211701957,27,config_1
864dd9,32.910357522668384,-97.3084570618028,26,config_1
864ddb,33.00000705952973,-97.3084570618028,31,config_1
864ddd,32.99491401000882,-97.39488196255758,13,config_1
864ddf,32.905271595529186,-97.39488196255758,19,config_1
864df,33.026671193038524,-97.61142171393448,46,config_1
864e04,32.75237082482545,-97.69822718000074,12,config_1
864e0c,32.7629211136185,-97.52472429686226,38,config_1
864e14,32.5831828581948,-97.52472429686226,13,config_1
864e1c,32.572662918839406,-97.69822718000074,6,config_1
864e3,32.30778876008412,-97.61142171393448,3,config_1
864e5,32.328206146256456,-97.26528581122331,19,config_1
864e64,32.60342559297486,-97.17902604633225,39,config_1
864e6c,32.59343654138261,-97.35165580142355,42,config_1
864e71,32.73081936245077,-97.3084570618028,30,config_1
864e724,32.70455877644658,-97.37326545852945,19,config_1
864e72c,32.702007348420054,-97.41650530503672,6,config_1
864e73c,32.74948018816751,-97.37326545852945,29,config_1
864e75,32.81554937243264,-97.39488196255758,28,config_1
864e77,32.82062812097865,-97.3084570618028,30,config_1
864e79,32.82564056924794,-97.22214211701957,37,config_1
864e7b,32.73582467310211,-97.22214211701957,22,config_1
864e7d,32.740763986823865,-97.13593766610796,37,config_1
864e7f,32.83058692378189,-97.13593766610796,38,config_1
864e81,32.83546739232744,-97.04984424386326,49,config_1
864e824,32.86153097681009,-96.98534735970001,4,config_1
864e82c,32.86392283529141,-96.94238440980855,17,config_1
864e834,32.81902347896741,-96.94238440980855,19,config_1
864e83c,32.81663331399837,-96.98534735970001,11,config_1
864e85,32.750445454048034,-96.96386238196816,41,config_1
864e864,32.724375368713154,-97.02833829890636,20,config_1
864e86c,32.76931096586975,-97.02833829890636,12,config_1
864e874,32.76688975084064,-97.07135716135726,13,config_1
864e87c,32.7219558844852,-97.07135716135726,9,config_1
864e89,32.65572861949261,-97.04984424386326,31,config_1
864e8b,32.565741232180564,-97.04984424386326,6,config_1
864e8d,32.570535318341655,-96.96386238196816,8,config_1
864e8f,32.660529660807676,-96.96386238196816,37,config_1
864e91,32.66526542710278,-96.87799260898478,49,config_1
864e93,32.57526422651602,-96.87799260898478,1,config_1
864e95,32.57992816676992,-96.7922354503473,11,config_1
864e964,32.648598608223885,-96.77081381795539,10,config_1
864e96c,32.646280323905565,-96.81366415379489,8,config_1
864e974,32.69126384434383,-96.81366415379489,15,config_1
864e97c,32.69358380054235,-96.77081381795539,18,config_1
864e984,32.73854929392094,-96.77081381795539,17,config_1
864e98c,32.78349502408432,-96.77081381795539,16,config_1
864e994,32.78117174346998,-96.81366415379489,40,config_1
864e99c,32.736227672290774,-96.81366415379489,25,config_1
864e9b,32.7551880257996,-96.87799260898478,41,config_1
864e9d,32.84503150838342,-96.87799260898478,37,config_1
864e9f,32.8497155772872,-96.7922354503473,36,config_1
864ea04,32.87563726450346,-96.7279917988472,15,config_1
864ea0c,32.87793136366645,-96.68519816136498,9,config_1
864ea14,32.8330220951347,-96.68519816136498,6,config_1
864ea19,32.820074131846965,-96.71729072616859,25,config_1
864ea1b,32.842533137988305,-96.71729072616859,34,config_1
864ea1d,32.84138264418016,-96.7386946453784,5,config_1
864ea1f,32.818924045939255,-96.7386946453784,17,config_1
864ea3,32.76447789994794,-96.70659142835461,41,config_1
864ea5,32.7690256275286,-96.62106106216318,39,config_1
864ea7,32.858888798964614,-96.62106106216318,28,config_1
864eac,32.82067260831222,-96.49297974540691,49,config_1
864eb4,32.64076865251589,-96.49297974540691,6,config_1
864ebc,32.63182149570298,-96.6638120059594,24,config_1
864ed,32.36590279494162,-96.57833866136845,26,config_1
864ee4,32.26197653043985,-96.83509992015557,21,config_1
864eec,32.44245111958039,-96.83509992015557,30,config_1
864ef4,32.43301402278504,-97.00683933476365,2,config_1
864f1,31.9860430618311,-96.92091345144947,5,config_1
864f3,32.00426202432811,-96.57833866136845,48,config_1
864f5,31.641424129983594,-96.57833866136845,2,config_1
864f7,31.6233192007235,-96.92091345144947,14,config_1
864f84,31.518228535593515,-97.17902604633225,41,config_1
864f8c,31.50842145839784,-97.35165580142355,9,config_1
864f9c,31.699837384086543,-97.17902604633225,1,config_1
864fb,31.966793302618584,-97.26528581122331,22,config_1
864fd,31.946499625943947,-97.61142171393448,14,config_1
864ff,31.584023768796495,-97.61142171393448,18,config_1
86501,31.562807551937798,-97.95928633924419,2,config_1
86503,31.925149221639725,-97.95928633924419,33,config_1
86505,31.90272960457612,-98.30884408222222,22,config_1
86507,31.54052905691636,-98.30884408222222,20,config_1
8650c,31.68622551393247,-98.83627550306029,25,config_1
86511,32.240106373541884,-98.66005856336714,11,config_1
86513,32.21536134293824,-99.0128926396605,12,config_1
86515,32.57488383632331,-99.0128926396605,24,config_1
86517,32.59977536158831,-98.66005856336714,5,config_1
8651b,32.26375129550319,-98.30884408222222,40,config_1
8651d,32.28630800701027,-97.95928633924419,37,config_1
8651f,32.64624979161649,-97.95928633924419,3,config_1
8653,33.50564014439569,-98.48424653420417,49,config_1
86544,33.07206279301974,-99.54509739864785,20,config_1
8654c,33.783056809681895,-99.54509739864785,13,config_1
86554,33.725399900144886,-100.26001249402657,4,config_1
8655c,33.015015781382,-100.26001249402657,18,config_1
86564,32.29955541026602,-100.26001249402657,30,config_1
865684,32.60437270962983,-99.81249348078939,1,config_1
86568c,32.42509309775571,-99.81249348078939,10,config_1
865694,32.43892706439313,-99.6341350278484,45,config_1
86569c,32.61824702993047,-99.6341350278484,3,config_1
8656b,32.548873802031544,-99.36730841665778,35,config_1
8656d,32.189504673528944,-99.36730841665778,3,config_1
8656f,32.16252521721015,-99.72326726161637,9,config_1
86574,31.634986786941877,-99.54509739864785,3,config_1
8657c,31.57927923784857,-100.26001249402657,10,config_1
86584,30.8544601800588,-100.26001249402657,8,config_1
8658c,30.125383289203373,-100.26001249402657,7,config_1
86594,30.17959168416649,-99.54509739864785,45,config_1
8659c,30.909438073340255,-99.54509739864785,16,config_1
865a4,30.960008052009997,-98.83627550306029,20,config_1
865a9,31.177184550520312,-98.30884408222222,22,config_1
865ab,31.199317897630763,-97.95928633924419,19,config_1
865ad,30.83471593080454,-97.95928633924419,42,config_1
865ae4,30.727034911715585,-98.22129789306325,3,config_1
865aec,30.909551399265315,-98.22129789306325,4,config_1
865af4,30.89827600432277,-98.39649382124541,3,config_1
865afc,30.715798246622338,-98.39649382124541,49,config_1
865b04,30.533055074971134,-98.39649382124541,29,config_1
865b0c,30.350051135519102,-98.39649382124541,9,config_1
865b134,30.291122510074278,-98.24317470116918,18,config_1
865b13c,30.336930459821634,-98.24317470116918,34,config_1
865b15,30.318153586086545,-98.17756380884514,12,config_1
865b17,30.4097448750922,-98.17756380884514,2,config_1
865b1c,30.544252496840773,-98.22129789306325,19,config_1
865b24,30.555187146256856,-98.04651845312563,12,config_1
865b2c,30.56586048991763,-97.87216004899976,39,config_1
865b304,30.447477521035466,-97.93749482375502,15,config_1
865b30c,30.40168471370895,-97.93749482375502,16,config_1
865b314,30.404328541654767,-97.89393166986866,28,config_1
865b31c,30.450123706958088,-97.89393166986866,5,config_1
865b33,30.431165278042197,-97.82863676314237,35,config_1
865b344,30.361142523108004,-97.85039507717951,3,config_1
865b34c,30.36375164116617,-97.80688511561101,43,config_1
865b354,30.31791958437281,-97.80688511561101,26,config_1
865b35c,30.315312809645107,-97.85039507717951,10,config_1
865b37,30.334287454687797,-97.91570993103981,46,config_1
865b39,30.328974496320576,-98.0028892034051,18,config_1
865b3b,30.42058518838333,-98.0028892034051,12,config_1
865b3d,30.41519765186669,-98.09017401782,18,config_1
865b3f,30.32359660131075,-98.09017401782,28,config_1
865b44,30.188765074951853,-98.04651845312563,43,config_1
865b49,30.242603171254085,-97.91570993103981,36,config_1
865b4a4,30.269467104409188,-97.85039507717951,13,config_1
865b4ac,30.272071528313404,-97.80688511561101,47,config_1
865b4b1,30.23702587725476,-97.81776010551877,12,config_1
865b4b3,30.238323179331445,-97.79601179450758,23,config_1
865b4b5,30.215386926067122,-97.79601179450758,1,config_1
865b4b7,30.2140902126309,-97.81776010551877,17,config_1
865b4bc,30.223605481461068,-97.85039507717951,14,config_1
865b4d,30.156084631003004,-97.82863676314237,27,config_1
865b4f,30.15085541080973,-97.91570993103981,23,config_1
865b54,30.015731494442146,-97.87216004899976,26,config_1
865b5c,30.005173146136972,-98.04651845312563,39,config_1
865b64,29.99435638530311,-98.22129789306325,15,config_1
865b6c,30.177908518156258,-98.22129789306325,19,config_1
865b74,30.166791120285037,-98.39649382124541,19,config_1
865b7c,29.983279766705063,-98.39649382124541,16,config_1
865b9,30.05792968118548,-98.66005856336714,23,config_1
865ba4,30.33863021916766,-98.57210164219819,1,config_1
865bac,30.5215934357489,-98.57210164219819,6,config_1
865bb1,30.46711412584495,-98.70407502125441,2,config_1
865bb3,30.558515547859653,-98.70407502125441,3,config_1
865bb5,30.55258002580069,-98.79218356475204,35,config_1
865bb7,30.46118908257105,-98.79218356475204,17,config_1
865bbc,30.326944636763674,-98.74811671290261,4,config_1
865bd,30.400377607935326,-99.0128926396605,9,config_1
865bf,30.03415614512809,-99.0128926396605,32,config_1
865c1,29.666946439306688,-99.0128926396605,9,config_1
865c3,29.29878707488194,-99.0128926396605,2,config_1
865c41,29.451755396177276,-98.79218356475204,4,config_1
865c43,29.457560711214946,-98.70407502125441,44,config_1
865c45,29.36542257542949,-98.70407502125441,4,config_1
865c47,29.35962854876116,-98.79218356475204,1,config_1
865c54,29.23565167078199,-98.57210164219819,5,config_1
865c59,29.376815514067747,-98.5281613251188,37,config_1
865c5b,29.371151507395588,-98.61606741261737,11,config_1
865c5d,29.4633008010114,-98.61606741261737,18,config_1
865c5f,29.46897583543026,-98.5281613251188,24,config_1
865c61,29.56107795903864,-98.5281613251188,46,config_1
865c624,29.631529353588476,-98.50620073434655,12,config_1
865c629,29.66674255524623,-98.49522283487921,5,config_1
865c62b,29.689743270204016,-98.49522283487921,17,config_1
865c62d,29.688330258361397,-98.51718023147153,21,config_1
865c62f,29.66533021536124,-98.51718023147153,9,config_1
865c65,29.647424377761023,-98.61606741261737,26,config_1
865c664,29.576973232538126,-98.6380598200212,17,config_1
865c66c,29.579833886806615,-98.59408135029906,19,config_1
865c674,29.533801572550477,-98.59408135029906,10,config_1
865c67c,29.530943666706463,-98.6380598200212,13,config_1
865c6c,29.592755976780314,-98.74811671290261,16,config_1
865c74,29.776668968125207,-98.74811671290261,21,config_1
865c79,29.831310526675196,-98.61606741261737,4,config_1
865c7b,29.73939743538161,-98.61606741261737,18,config_1
865c7d,29.745105158970148,-98.5281613251188,32,config_1
865c7f,29.837029015057755,-98.5281613251188,7,config_1
865c81,29.84268210816119,-98.4403573420946,20,config_1
865c83,29.848269980480726,-98.35265604392654,1,config_1
865c87,29.75074761397319,-98.4403573420946,47,config_1
865c884,29.680354763320157,-98.46229873376596,19,config_1
865c88c,29.68315571669829,-98.41842236824124,4,config_1
865c894,29.63714216916881,-98.41842236824124,13,config_1
865c89c,29.634343883790542,-98.46229873376596,16,config_1
865c8b,29.566698942580587,-98.4403573420946,38,config_1
865c8d,29.572255086264185,-98.35265604392654,47,config_1
865c8f,29.66431980673125,-98.35265604392654,17,config_1
865c94,29.626515748431625,-98.22129789306325,41,config_1
865c9c,29.81055718612046,-98.22129789306325,47,config_1
865ca4,29.821333652336968,-98.04651845312563,26,config_1
865ca9,29.875237234305057,-97.91570993103981,45,config_1
865cab,29.880437523301296,-97.82863676314237,7,config_1
865cad,29.788432071795807,-97.82863676314237,3,config_1
865cb4,29.647730670860483,-97.87216004899976,6,config_1
865cbc,29.63725142231586,-98.04651845312563,38,config_1
865cd,29.365924716786814,-97.95928633924419,3,config_1
865ce4,29.257725688609163,-98.22129789306325,4,config_1
865cec,29.442236944118477,-98.22129789306325,22,config_1
865cf1,29.38794943622064,-98.35265604392654,7,config_1
865cf3,29.480131424651383,-98.35265604392654,37,config_1
865cf44,29.452940364021885,-98.41842236824124,9,config_1
865cf4c,29.499012804332434,-98.41842236824124,19,config_1
865cf54,29.4962225714295,-98.46229873376596,10,config_1
865cf5c,29.450152831421047,-98.46229873376596,36,config_1
865cf7,29.382414766268383,-98.4403573420946,27,config_1
865cfc,29.246817280680546,-98.39649382124541,15,config_1
865d1,28.97514406578216,-98.30884408222222,40,config_1
865d7,28.604832019854143,-98.30884408222222,24,config_1
865dc,28.756549512130285,-98.83627550306029,2,config_1
865e4,28.70820531676816,-99.54509739864785,13,config_1
865ec,29.44574462859919,-99.54509739864785,30,config_1
865f4,29.392345363497473,-100.26001249402657,8,config_1
865fc,28.655654494741135,-100.26001249402657,2,config_1
87c004,39.79259097272381,-94.97665398592595,21,config_1
87c00c,39.627994696783375,-94.97665398592595,4,config_1
87c014,39.63497905537616,-94.81059550583717,8,config_1
87c01c,39.79958282540095,-94.81059550583717,26,config_1
87c061,39.26471263829315,-94.76915855510096,3,config_1
87c063,39.26129376103743,-94.85206358017719,28,config_1
87c065,39.34414401485566,-94.85206358017719,23,config_1
87c074,39.46295764958907,-94.97665398592595,12,config_1
87c079,39.337108767307996,-95.01824599477534,2,config_1
87c07b,39.340658728187925,-94.93509287631336,20,config_1
87c07d,39.257810505783475,-94.93509287631336,48,config_1
87c084,39.131569550084656,-94.97665398592595,41,config_1
87c089,39.17833444468062,-94.85206358017719,25,config_1
87c08b,39.18175129798421,-94.76915855510096,13,config_1
87c08d,39.098681134379355,-94.76915855510096,21,config_1
87c08f,39.09526633639259,-94.85206358017719,46,config_1
87c091,39.012089709970745,-94.85206358017719,26,config_1
87c0924,39.03545996305666,-94.78987313653973,23,config_1
87c092c,39.037150558091156,-94.74845176846277,13,config_1
87c0934,38.995533851925245,-94.74845176846277,8,config_1
87c093c,38.993843777441484,-94.78987313653973,46,config_1
87c0944,38.95220054299661,-94.78987313653973,18,config_1
87c094c,38.95389009302123,-94.74845176846277,10,config_1
87c0954,38.9122193163902,-94.74845176846277,19,config_1
87c095c,38.910530294738514,-94.78987313653973,8,config_1
87c097,38.928804842409484,-94.85206358017719,41,config_1
87c099,38.925330032354154,-94.93509287631336,13,config_1
87c09b,39.008612740503686,-94.93509287631336,18,config_1
87c09d,39.00507125619558,-95.01824599477534,4,config_1
87c09f,38.921790748785426,-95.01824599477534,19,config_1
87c0a4,38.79844379907593,-94.97665398592595,35,config_1
87c0ac,38.63123487903563,-94.97665398592595,3,config_1
87c0b4,38.638168938479836,-94.81059550583717,18,config_1
87c0bb,38.76191150787163,-94.85206358017719,9,config_1
87c0bd,38.84541201390693,-94.85206358017719,32,config_1
87c0bf,38.848820456871955,-94.76915855510096,16,config_1
87c0c1,38.852164981269105,-94.68637824658086,32,config_1
87c0c3,38.85544584472557,-94.60372309687371,5,config_1
87c0c7,38.76866015398384,-94.68637824658086,18,config_1
87c0cc,38.64484723649029,-94.64503499936119,31,config_1
87c0e4,38.985311088833,-94.47997600454927,17,config_1
87c0e84,38.918816012002075,-94.5830789170299,39,config_1
87c0e8c,38.960488850874654,-94.5830789170299,9,config_1
87c0e94,38.95886301317918,-94.6243751265977,5,config_1
87c0e9c,38.917190682207675,-94.6243751265977,17,config_1
87c0ea4,38.91554947787709,-94.66570270831089,14,config_1
87c0eac,38.913892366694746,-94.70706160729246,23,config_1
87c0eb4,38.95556366655958,-94.70706160729246,10,config_1
87c0ebc,38.95722129585071,-94.66570270831089,10,config_1
87c0ed,39.01885113149565,-94.68637824658086,43,config_1
87c0ef,39.022136098975515,-94.60372309687371,24,config_1
87c0f4,39.145233512559905,-94.64503499936119,37,config_1
87c70c,37.971683356691386,-94.64503499936119,26,config_1
87c714,38.14060808952057,-94.64503499936119,43,config_1
87c734,38.47719247628554,-94.64503499936119,27,config_1
87c73c,38.309111953692494,-94.64503499936119,43,config_1
87c75,38.383112497686724,-94.8935627223328,18,config_1
87c77,38.04613398349081,-94.8935627223328,12,config_1
87c79,37.70747861662477,-94.8935627223328,40,config_1
87c7a4,37.80234028040603,-94.64503499936119,39,config_1
87c7bc,37.63258143830134,-94.64503499936119,27,config_1
87c7c1,37.50336140099963,-94.68637824658086,22,config_1
87c7c3,37.41817389222551,-94.68637824658086,35,config_1
87c7c5,37.42141487643129,-94.60372309687371,3,config_1
87c7c7,37.50660498218831,-94.60372309687371,2,config_1
87c7dc,37.291827030221626,-94.64503499936119,40,config_1
87c7e3,37.24083199990235,-94.85206358017719,25,config_1
87c7e5,37.32621854326774,-94.85206358017719,42,config_1
87c7e7,37.329582783800284,-94.76915855510096,7,config_1
87c7ec,37.45579903596711,-94.81059550583717,40,config_1
87c7f4,37.448935516247104,-94.97665398592595,14,config_1
87c7fc,37.27837495384528,-94.97665398592595,35,config_1
87c804,37.107407205380824,-94.97665398592595,30,config_1
87c80c,37.114248166563016,-94.81059550583717,50,config_1
87c811,36.98406371736018,-94.85206358017719,2,config_1
87c815,36.90162265471218,-94.76915855510096,11,config_1
87c8164,36.877652351062885,-94.83132565603871,28,config_1
87c816c,36.9205733804877,-94.83132565603871,16,config_1
87c8174,36.918882232606,-94.87280927127271,3,config_1
87c817c,36.875961939295415,-94.87280927127271,4,config_1
87c81c,36.93603506182218,-94.97665398592595,2,config_1
87c824,36.76426136712712,-94.97665398592595,43,config_1
87c82c,36.5920890183287,-94.97665398592595,42,config_1
87c83c,36.77107868366428,-94.81059550583717,38,config_1
87c85,36.694782694296634,-94.56244259389422,1,config_1
87c86c,36.949441807505906,-94.64503499936119,38,config_1
87c871,37.07963328843637,-94.60372309687371,4,config_1
87c873,37.07640301118655,-94.68637824658086,39,config_1
87c875,37.161998167711,-94.68637824658086,32,config_1
87c9b,36.34958656396506,-94.56244259389422,4,config_1
87c9d,36.33651399436072,-94.8935627223328,5,config_1
87c9f4,35.9062262809536,-94.81059550583717,28,config_1
87c9f9,35.85768956521025,-94.93509287631336,12,config_1
87c9fb,35.94465583105874,-94.93509287631336,10,config_1
87c9fd,35.94121484286044,-95.01824599477534,19,config_1
87c9ff,35.85425200985621,-95.01824599477534,23,config_1
87ca04,35.725352582445765,-94.97665398592595,39,config_1
87ca09,35.59279136730177,-95.01824599477534,35,config_1
87ca0b,35.505448456717524,-95.01824599477534,13,config_1
87ca0d,35.50887192508664,-94.93509287631336,36,config_1
87ca0f,35.596218410868694,-94.93509287631336,23,config_1
87ca14,35.55757801154273,-94.81059550583717,5,config_1
87ca7,35.2917790915635,-94.8935627223328,3,config_1
87cac,34.77088223876642,-94.72775278355441,12,config_1
87cb4,34.79460479677922,-94.0695453815523,1,config_1
8744,39.85287102346122,-108.04801051576172,26,config_1
87509,41.59811431242835,-109.75916751331724,24,config_1
8750d,41.83587885829101,-110.14025935225098,32,config_1
8750f3,41.516939199757935,-109.99732439614137,19,config_1
8750f7,41.42275655758209,-110.0926111935824,32,config_1
8750fc,41.43518797912004,-110.23556469908166,35,config_1
87511,41.45933719640506,-110.52154591598968,46,config_1
87512c,41.85969242759465,-110.42620876515821,22,config_1
875131,41.794976822763296,-110.56921792788303,29,config_1
875133,41.87124266910556,-110.56921792788303,4,config_1
875135,41.85341416030688,-110.6645683348629,2,config_1
875137,41.77715359620869,-110.6645683348629,18,config_1
87513c,41.67148324147295,-110.61689210015189,27,config_1
87515,41.69403755436612,-110.90297701885287,48,config_1
87517,41.38778608275918,-110.90297701885287,41,config_1
87519,41.079859660514714,-110.90297701885287,26,config_1
8751b,41.15131011094095,-110.52154591598968,3,config_1
8751f,40.77026989303957,-110.90297701885287,47,config_1
8753,41.04899972624418,-111.85685855297612,18,config_1
8754124,41.92124087731774,-111.40374073521347,22,config_1
875412c,41.91193582814346,-111.4514368825246,16,config_1
875413c,41.95916579106489,-111.40374073521347,17,config_1
875415,42.01135239562775,-111.42758875868431,8,config_1
875417,42.029923940585704,-111.33219738883597,2,config_1
87541c,42.01972091568729,-111.1891150511533,1,config_1
87547,41.85081583827211,-111.66607250507464,30,config_1
8754c,41.887694499031255,-112.23840170215038,25,config_1
87551,42.378329268180806,-112.04763702062775,27,config_1
87553,42.30067036145585,-112.42914640441603,1,config_1
87555,42.5998538750365,-112.42914640441603,5,config_1
87557,42.67758409018417,-112.04763702062775,26,config_1
8755c,42.642002766346216,-111.47528509455601,6,config_1
87561,42.90208427872699,-110.90297701885287,34,config_1
87563,42.97400990204967,-110.52154591598968,4,config_1
87567,42.60263585971608,-110.90297701885287,47,config_1
87569,42.30147244872842,-110.90297701885287,36,config_1
8756b,41.998603116555,-110.90297701885287,40,config_1
87570c,42.53647244050815,-110.04496617551588,50,config_1
875714,42.38538642492742,-110.04496617551588,19,config_1
87571c,42.35058325611652,-110.23556469908166,15,config_1
875724,42.19908411575034,-110.23556469908166,25,config_1
87572c,42.047156608621734,-110.23556469908166,27,config_1
875734,42.08192386117436,-110.04496617551588,1,config_1
87577,42.512519149060196,-109.75916751331724,13,config_1
875784,42.75570468945215,-109.66393086492843,17,config_1
875794,42.871833317697934,-109.85441947118673,36,config_1
87579c,42.7215977724075,-109.85441947118673,7,config_1
8757b,42.74491601088889,-110.14025935225098,20,config_1
8757c5,43.01583257301741,-110.0926111935824,46,config_1
8757c6c,42.964098485684254,-110.06878828584347,23,config_1
8757c74,42.926679129896065,-110.06878828584347,36,config_1
8757cc,42.95227305203354,-110.23556469908166,6,config_1
8757d04,43.05878094238772,-110.16408457866042,20,config_1
8757d0c,43.096090026964454,-110.16408457866042,31,config_1
8757d5,43.130103946572625,-110.28322169111406,21,config_1
8757d7,43.14763432139191,-110.18791055344089,34,config_1
8757f,43.113486248182625,-109.75916751331724,2,config_1
87581,43.181034713042585,-109.37832062678952,29,config_1
875854,42.88849024491742,-108.90268301372318,16,config_1
87585c,43.03879069812862,-108.90268301372318,35,config_1
875864,43.18865153860634,-108.90268301372318,40,config_1
87586c,43.15597781319709,-109.09287643303662,4,config_1
875874,43.305387622633766,-109.09287643303662,39,config_1
8758ac,43.465159093440256,-108.14286689033348,44,config_1
8758b4,43.315700086004696,-108.14286689033348,22,config_1
8758c4,43.134591528280964,-108.33266475883127,42,config_1
8758cc,43.165796902626184,-108.14286689033348,27,config_1
8758dc,42.98425613419502,-108.33266475883127,3,config_1
8758f,43.01199683271839,-108.61756263435514,28,config_1
875904,42.77002423164983,-108.71257908243416,45,config_1
875914,42.6507296713564,-108.52257090915697,28,config_1
87591c,42.80193358385215,-108.52257090915697,2,config_1
87593,42.77355929606482,-108.23775189843867,32,config_1
87595,42.47023314742765,-108.23775189843867,26,config_1
87599,42.34273727750223,-108.99776892942042,1,config_1
8759d,42.57996097740468,-109.37832062678952,16,config_1
8759e1,42.3655906119512,-109.52110631484521,45,config_1
8759e3,42.28970122714166,-109.52110631484521,27,config_1
8759e5,42.30645681662171,-109.4259113746011,2,config_1
8759fc,42.18405066790589,-109.47350663665932,36,config_1
875a1,41.971934269968266,-109.37832062678952,22,config_1
875a5,41.73111445613175,-108.99776892942042,1,config_1
875a7,41.66533695693226,-109.37832062678952,40,config_1
875b1,41.486972404017536,-108.61756263435514,25,config_1
875b74,41.61150895847661,-108.33266475883127,26,config_1
875b7c,41.64256300690674,-108.14286689033348,33,config_1
875bc,41.98068044964524,-108.42760468979141,28,config_1
875c24,42.348313172193784,-107.57418545238139,7,config_1
875c2c,42.37799325957666,-107.38488314332629,32,config_1
875c34,42.22494717339534,-107.38488314332629,24,config_1
875c5,41.9797796421945,-107.47951725467925,47,config_1
875c84,41.67325681610905,-107.95318355546407,46,config_1
875c8c,41.70359059001858,-107.7636209979384,10,config_1
875cf,41.671078101427895,-107.47951725467925,27,config_1
875d01,41.82378828038222,-107.24299758620982,27,config_1
875d03,41.74649276002279,-107.24299758620982,17,config_1
875d05,41.76102843573288,-107.14845208549758,29,config_1
875d0c,41.82133073316203,-107.0067030764231,37,config_1
875d14,41.666499472243224,-107.0067030764231,8,config_1
875d5,41.47604079843073,-106.72346389403498,37,config_1
875d64,41.72318272366821,-106.62913035392717,31,config_1
875d6d,41.726675435306205,-106.86503947741906,27,config_1
875d6f,41.74084842210498,-106.77064581500318,41,config_1
875d74,41.84986870902074,-106.81783770824106,3,config_1
875d7c,41.878048662405156,-106.62913035392717,22,config_1
875dc,42.22082758211599,-106.91225102614887,8,config_1
875e4,42.83138365901172,-106.91225102614887,34,config_1
875e9,42.591931044888184,-107.47951725467925,17,config_1
875ea4,42.47084916554571,-107.7636209979384,48,config_1
875eac,42.440431953536695,-107.95318355546407,27,config_1
875eb4,42.5925553358736,-107.95318355546407,4,config_1
875f4,43.31723880826789,-107.66888695938226,36,config_1
875fc,43.43481605010357,-106.91225102614887,1,config_1
54a01,46.69627491445258,-116.50323898101068,6,config_1
54a021,46.728883302637556,-116.86990628469317,9,config_1
54a0264,46.678575559586676,-116.98633260419386,2,config_1
54a026c,46.692100973038066,-116.93305775552197,14,config_1
54a0274,46.72514917170096,-116.96672262604505,19,config_1
54a027c,46.711593405197405,-117.02004308843635,25,config_1
54a02c,46.62817442264636,-117.10256003500996,1,config_1
54a031,46.542902335193226,-116.94846309608276,7,config_1
54a033,46.51589945966806,-117.05459952640072,8,config_1
54a035,46.450164333797666,-116.98746137287901,44,config_1
54a037,46.47704651827787,-116.88150568809723,4,config_1
54a03c,46.55017947314869,-116.75576869953292,12,config_1
54a044,46.41818140731834,-116.62287598793877,19,config_1
54a04c,46.3649937677052,-116.8343659404662,34,config_1
54a054,46.23362335416315,-116.70169370414547,4,config_1
54a05c,46.28633523894178,-116.49092989952238,25,config_1
54a07,46.43085090249642,-116.23966227141241,50,config_1
54a09,46.16606598052111,-115.97985139499544,3,config_1
54a0b,45.90195409711273,-115.72374319010174,1,config_1
54a0c4,45.891751134644295,-116.10069311100112,43,config_1
54a0d4,45.709708553134966,-116.18032247148817,8,config_1
54a0d9,45.79488045300263,-116.32902692153203,15,config_1
54a0db,45.820581872467294,-116.22487439483173,28,config_1
54a0dd,45.88604901964514,-116.28949309604252,14,config_1
54a0f,46.06291092107564,-116.3996339814568,31,config_1
54a14,45.775177155762165,-116.8955248936224,41,config_1
54a1c,46.29527448275069,-117.4295907902205,2,config_1
54a24,46.07297628255483,-118.27174051612829,3,config_1
54a29,46.02872563633426,-119.04087275863668,46,config_1
54a2a4,46.00409777403071,-119.42617740179166,40,config_1
54a2ac,45.94483649564443,-119.63552320665697,17,config_1
54a2b4,45.81915990028238,-119.49287497528061,9,config_1
54a2bc,45.87791041223789,-119.28415519895266,19,config_1
54a2d,45.659877064867864,-119.17683633115419,7,config_1
54a2f,45.77504239195271,-118.7606452586583,26,config_1
54a31,45.52181636727887,-118.48419213411044,38,config_1
54a33,45.408641093159964,-118.89783632181928,16,config_1
54a37,45.26908292381726,-118.21145719386575,24,config_1
54a3c,45.56062679935791,-117.726706078548,12,config_1
54a41,45.23064095296023,-117.1222472628227,20,config_1
54a43,44.975244581052856,-116.86207302086858,6,config_1
54a45,44.87103428614596,-117.26995848504329,8,config_1
54a47,45.124564487011526,-117.53280784459027,19,config_1
54a49,45.016876454043214,-117.94238482985907,50,config_1
54a4b,44.90759225649767,-118.35092443240963,2,config_1
54a4d,44.65784760356354,-118.08290436559409,9,config_1
54a4f,44.76523038808489,-117.6769200328145,49,config_1
54a504,44.60313303946659,-117.37899140559311,10,config_1
54a50c,44.477529245370455,-117.24923857575564,31,config_1
54a514,44.42539394204224,-117.45086362764317,11,config_1
54a57,44.26374842085015,-117.15659617859465,19,config_1
54a5c,44.54284482942752,-116.68048912600881,2,config_1
54a6004,44.410949660772765,-116.01655286708319,26,config_1
54a6014,44.45503499759502,-115.9973095445983,24,config_1
54a601c,44.42320291720334,-115.96627755228457,9,config_1
54a605,44.52124189747084,-115.96836412928151,3,config_1
54a607,44.49664681637072,-116.06914994240402,22,config_1
54a60c,44.604615309619476,-116.11235652038474,32,config_1
54a614,44.65393941818562,-115.91018193433767,8,config_1
54a63,44.66284547336563,-115.5450082760695,3,config_1
54a65,44.920466949086425,-115.79263808119926,3,config_1
54a661,44.95504798794252,-116.14137406661999,42,config_1
54a663,44.92998351406612,-116.24328415496181,4,config_1
54a667,44.89078211707331,-116.07837933135772,44,config_1
54a669,44.82656116483566,-116.01560283164068,7,config_1
54a66d,44.73765660591658,-116.05443463369848,25,config_1
54a66f,44.80172079633331,-116.11716671831684,22,config_1
54a69,45.07784725502912,-116.45331778584747,46,config_1
54a6b,45.335091157956654,-116.7107577692082,5,config_1
54a6c1,45.30256470542373,-116.35682324376494,36,config_1
54a6c5,45.39274689481314,-116.31791568601764,12,config_1
54a6c7,45.36720469569692,-116.42097152432818,16,config_1
54a6cc,45.47711350167777,-116.46596197464189,3,config_1
54a6d4,45.528335728674755,-116.25921860277896,11,config_1
54a6dc,45.398398689802946,-116.13135469417861,1,config_1
54a6f,45.178829001911105,-116.04374774022213,40,config_1
54a74,45.45803113423271,-115.55271758733107,6,config_1
54a7c,44.93599317741806,-115.0590521692246,26,config_1
54a84,44.41714955873124,-114.57913245827669,13,config_1
54a89,44.40599410684747,-115.30080151170205,3,config_1
54a8b,44.31032202735096,-115.70203619126582,5,config_1
54a8d,44.05598184327602,-115.45843525758934,3,config_1
54a8f,44.149941423302465,-115.0599618238806,42,config_1
54a94,43.72188823075892,-114.90213262495145,32,config_1
54a9c,43.90172524383432,-114.11250173606629,11,config_1
54aa124,43.47501510155272,-113.53001619376705,1,config_1
54aa12c,43.44304518484161,-113.50215271925741,3,config_1
54aa134,43.43245204510756,-113.55088866069585,33,config_1
54aa13c,43.464397626940766,-113.57879626769648,36,config_1
54aa3,43.474342763284795,-113.9664446002761,1,config_1
54aa5,43.22016994080942,-113.74129274889671,1,config_1
54aa7,43.30460154783407,-113.3530948339456,4,config_1
54aac,42.881959002655655,-113.21735355100876,4,config_1
54ab3,42.63188007247025,-113.68260495233189,34,config_1
54ab5,42.54761386113076,-114.06474237780243,26,config_1
54ab7,42.79677867383193,-114.28919947334384,1,config_1
54abb,43.13425611867958,-114.12918421264933,38,config_1
54abd,43.386847081725385,-114.35709829480007,27,config_1
54abf,43.297856972928265,-114.74735024023009,5,config_1
54ac4,43.03720694749265,-115.21415825043253,34,config_1
54ac9,42.709516944451444,-114.67366564222921,33,config_1
54aca1,42.58718411997781,-114.38785619543626,37,config_1
54aca3,42.56552477720166,-114.48353595902545,18,config_1
54ad4,42.36317877737694,-115.51576737813812,2,config_1
54adc,42.85203478806316,-115.98905132459512,17,config_1
54ae1,43.172297076078024,-116.5475669604974,5,config_1
54ae24,43.331958217332605,-116.83090476974382,1,config_1
54ae2c,43.45487157851019,-116.95578004051916,26,config_1
54ae34,43.50461601879852,-116.75903818337981,33,config_1
54ae3c,43.38126451190494,-116.63479280713635,2,config_1
54ae41,43.38711080769477,-116.45677552855295,6,config_1
54ae43,43.411432445891364,-116.35866433551683,7,config_1
54ae444,43.45176244676921,-116.4293463003041,20,config_1
54ae44c,43.46394063903879,-116.3802198060938,43,config_1
54ae454,43.49491670366743,-116.41101056138857,42,config_1
54ae45c,43.482711417518225,-116.4601771176228,47,config_1
54ae47,43.44890432799199,-116.51845440423737,13,config_1
54ae49,43.51074373817542,-116.58033866854132,6,config_1
54ae4b,43.57262860895022,-116.64242911105305,8,config_1
54ae4d,43.59727643873171,-116.54383826069929,20,config_1
54ae4e4,43.55690352603547,-116.47274628908184,43,config_1
54ae4f4,43.51367191589719,-116.49105931736412,4,config_1
54ae4fc,43.52590435050041,-116.44185268931503,26,config_1
54ae501,43.5273102965686,-116.3972326305909,8,config_1
54ae503,43.54281718602799,-116.41265149316514,16,config_1
54ae505,43.548919307299194,-116.38803487117602,13,config_1
54ae507,43.533405636752654,-116.3726260652908,20,config_1
54ae509,43.5394951439982,-116.34801677148441,18,config_1
54ae50b,43.545578815413485,-116.32340476146409,8,config_1
54ae50d,43.56110603521716,-116.33879341650373,11,config_1
54ae50f,43.55501559132915,-116.36341550818852,21,config_1
54ae514,43.58135274158363,-116.3742194822958,18,config_1
54ae519,43.57995532940997,-116.41889110855413,23,config_1
54ae51b,43.56443587375337,-116.40345654811276,23,config_1
54ae51d,43.55832696456234,-116.42808322805378,32,config_1
54ae51f,43.57383962546242,-116.4435278476972,16,config_1
54ae524,43.60017769234668,-116.45439339706833,47,config_1
54ae52c,43.63122704222955,-116.48535003777106,15,config_1
54ae534,43.64349439867305,-116.43600050858115,39,config_1
54ae53c,43.612417804835665,-116.4050841698133,5,config_1
54ae544,43.62463449056151,-116.35576387694474,39,config_1
54ae54c,43.655738293834276,-116.38663981299777,17,config_1
54ae554,43.66795870427063,-116.33726804997076,21,config_1
54ae55c,43.63682772622524,-116.30643261727327,7,config_1
54ae564,43.605708388329354,-116.27564881481402,21,config_1
54ae56c,43.59354227265436,-116.32493958182617,16,config_1
54ae574,43.562461693861714,-116.29416682749908,25,config_1
54ae57c,43.574600744266725,-116.24491654224852,37,config_1
54ae59,43.52191496103096,-116.22351064564052,31,config_1
54ae5a4,43.51925742186977,-116.3126446614144,26,config_1
54ae5ac,43.50709871284577,-116.36183304329336,37,config_1
54ae5b4,43.4760955885876,-116.33108244956705,48,config_1
54ae5bc,43.48822727237412,-116.28193432866276,38,config_1
54ae5d,43.43566136477981,-116.2605100925991,39,config_1
54ae7,43.26887526705082,-116.1568882675859,39,config_1
54ae9,43.36397951896133,-115.76555836928306,21,config_1
54aeb,43.457598816368254,-115.37362724179869,1,config_1
54aed,43.70864015870395,-115.61333025341708,1,config_1
54aee4,43.699861695178015,-115.97025344299091,1,config_1
54aeec,43.57477938366902,-115.84859171759476,1,config_1
54aef3,43.507789991660324,-115.96579689525605,7,config_1
54aef44,43.50539495342848,-116.05473907363604,2,config_1
54aef4c,43.474281027619185,-116.0242930874659,6,config_1
54aef54,43.462296243186294,-116.07340200593494,22,config_1
54aef5c,43.49338339172273,-116.10388862461001,24,config_1
54aef61,43.51369503625574,-116.13908052503075,23,config_1
54aef63,43.52924421197696,-116.15436726380233,26,config_1
54aef65,43.535272609945594,-116.12976967549193,7,config_1
54aef6c,43.53652089451598,-116.08523616548925,10,config_1
54aef74,43.567658798212456,-116.11578446308921,43,config_1
54aef79,43.5663933243986,-116.16036129462033,18,config_1
54aef7b,43.55083148191644,-116.14505907380531,13,config_1
54aef7d,43.544796358009286,-116.16966681406572,11,config_1
54aef7f,43.56035146773117,-116.18497918831972,24,config_1
54aef84,43.58671639108888,-116.19565558902427,34,config_1
54aef8c,43.617851065609685,-116.2263472800884,38,config_1
54aef94,43.62997028165375,-116.17703507663535,24,config_1
54aef9c,43.59880861162842,-116.1463840666699,12,config_1
54aefd,43.69493048084211,-116.14902826033067,49,config_1
54aefe4,43.69232897798686,-116.23849171818676,10,config_1
54aefec,43.661143754957344,-116.20773759355966,28,config_1
54aeff4,43.6489974886852,-116.25709048976887,17,config_1
54aeffc,43.68015560669717,-116.28788531861046,48,config_1
54af004,43.71132536580594,-116.31873186732636,43,config_1
54af00c,43.742506711950085,-116.34963023679799,26,config_1
54af014,43.7547344579057,-116.3001551943741,11,config_1
54af019,43.73437509402908,-116.26464427062253,20,config_1
54af01b,43.72827732686394,-116.2893692505209,30,config_1
54af01d,43.712679349430516,-116.27394829452153,1,config_1
54af01f,43.718770324145375,-116.24923350748543,15,config_1
54af03,43.75740565327403,-116.21051742859326,46,config_1
54af05,43.819927614722054,-116.2722139696388,26,config_1
54af07,43.795437631833835,-116.3713084964399,4,config_1
54af0c,43.901482122522886,-116.41482493722731,1,config_1
54af14,43.95059996970525,-116.21605545863413,34,config_1
54af1c,43.825136369401086,-116.09273918114562,11,config_1
54af3,43.960478655095734,-115.85631062071721,24,config_1
54af41,44.08165328515207,-116.1595257704522,41,config_1
54af45,44.16923354158607,-116.12163124861225,47,config_1
54af47,44.10608882146429,-116.05976010868568,31,config_1
54af4c,44.174209594448776,-115.9408142833056,1,config_1
54af51,44.25698270730563,-116.08356896443281,48,config_1
54af55,44.34490060905727,-116.0453377821438,48,config_1
54af57,44.320329862474104,-116.14569512403706,18,config_1
54af5c,44.25169439857144,-116.26493143385534,3,config_1
54af9,44.01397463682888,-116.9016302143173,47,config_1
54afa9,43.77085298834612,-116.47035832982436,22,config_1
54afaa1,43.741112438736245,-116.39446958083836,5,config_1
54afaa3,43.73497745631832,-116.41920385439265,15,config_1
54afaa5,43.719400946790785,-116.40371631086187,23,config_1
54afaa7,43.72552910554915,-116.37899218229822,10,config_1
54afaa9,43.709948648645195,-116.36352775986855,13,config_1
54afaab,43.69437107481591,-116.34807630093731,17,config_1
54afaad,43.68825654276914,-116.37278014340514,15,config_1
54afaaf,43.70382730667587,-116.38824174473243,8,config_1
54afab4,43.68685362850276,-116.41756749029383,44,config_1
54afab9,43.70712695992688,-116.45315617807518,14,config_1
54afabb,43.713266897269314,-116.42843764692732,19,config_1
54afabd,43.72883657879223,-116.44393532276217,2,config_1
54afabf,43.72268980910912,-116.46866397351882,20,config_1
54afac4,43.70568196174483,-116.49798854044984,41,config_1
54afacc,43.67458246906131,-116.46696859870383,43,config_1
54afad4,43.66228781382301,-116.5163584395593,29,config_1
54afaf,43.74617387331362,-116.56936267169381,6,config_1
54afb4,43.677958139114224,-116.68654351587482,9,config_1
54afbc,43.80210586511096,-116.81181124413952,16,config_1
54afc4,43.75185057663317,-117.01001529292286,47,config_1
54afc9,43.671571627562585,-116.86609480690419,23,config_1
54afcb,43.60970745349177,-116.80343035387646,11,config_1
54afcd,43.58476297788202,-116.9020863489068,10,config_1
54afcf,43.64651656758341,-116.96490925483525,22,config_1
54afdc,43.70121933050667,-117.20801815880262,2,config_1
54aff,43.9121221485457,-117.29995019941629,33,config_1
54b04,43.634136009905674,-117.76646029538429,3,config_1
54b0c,43.42328365157573,-118.55525388753618,32,config_1
54b14,42.94262066485731,-118.03668724868305,10,config_1
54b1d,43.31841397017995,-117.18751968416638,45,config_1
54b1f,43.074256589491355,-116.93754507934442,24,config_1
54b3,42.32371150784166,-116.90117648392277,12,config_1
54b5,41.92631344421631,-118.42497867514854,20,config_1
54b64,42.51840282169745,-119.58406923052317,10,config_1
54b6c,42.73330014463277,-118.81235070504167,46,config_1
54b74,43.206616676345504,-119.34003948939028,15,config_1
54b84,43.4519711572171,-120.67019682978226,10,config_1
54b884,43.65553465310525,-121.31723276870672,48,config_1
54b88c,43.71534280956098,-121.11965844677398,16,config_1
54b894,43.832510027332205,-121.26165405248896,6,config_1
54b899,43.81652173897211,-121.44598168564809,17,config_1
54b89b,43.75810551563616,-121.374574139829,5,config_1
54b89c4,43.75005698027562,-121.46660455667568,18,config_1
54b89cc,43.7209011060719,-121.43090800256451,45,config_1
54b89d4,43.70580449880539,-121.48031445871653,3,config_1
54b89dc,43.73492891564062,-121.51604247630497,1,config_1
54b89f,43.78621526492428,-121.54499713425761,1,config_1
54b8a4,43.88894639422549,-121.60311755151828,38,config_1
54b8a9,43.96120134985473,-121.76091384233007,2,config_1
54b8ab,44.019566705709856,-121.83332677011532,1,config_1
54b8ad,44.050381344207295,-121.73380881252737,19,config_1
54b8af,43.9918882990181,-121.66152114452073,44,config_1
54b8b4,44.06709118532772,-121.54827895114285,28,config_1
54b8b9,43.99426565892039,-121.39064441111805,10,config_1
54b8bb,43.96388433461029,-121.49009518886636,2,config_1
54b8bc4,43.9275257041743,-121.41145461893355,1,config_1
54b8bcc,43.912360164339084,-121.46110950232698,3,config_1
54b8bd1,43.894194415799966,-121.4218332406142,16,config_1
54b8bd3,43.88661792389258,-121.44664309503898,18,config_1
54b8bd5,43.87198788858606,-121.4287425448525,25,config_1
54b8bd7,43.87955648727112,-121.40394063723237,3,config_1
54b8bdc,43.89822366941995,-121.37566581972602,3,config_1
54b8bf,43.935556814403704,-121.31905258871718,10,config_1
54b8c64,44.046836043203776,-121.28409561448822,25,config_1
54b8c6c,44.017397556927214,-121.24832498447707,1,config_1
54b8c74,44.00229000990531,-121.29810218688114,1,config_1
54b8c7c,44.031696884368245,-121.33390508361173,31,config_1
54b8c9,44.08341270862445,-121.36278706950745,45,config_1
54b8cd,44.17274305266661,-121.33480274598949,5,config_1
54b8cf,44.11374092386233,-121.26302602113272,17,config_1
54b8d4,44.18865703154627,-121.14897795084488,36,config_1
54b8f,43.86333573334066,-120.89314699265624,7,config_1
54b94,44.15919725763274,-120.43610234087129,23,config_1
54b9c,43.681998271763,-119.8811683842587,5,config_1
54bb,44.26030792215236,-118.95750915810693,50,config_1
54bc1,44.69722111853458,-120.25488043128036,32,config_1
54bc3,44.93999717202126,-120.53972571000345,15,config_1
54bc5,45.0595117531436,-120.13125942909973,1,config_1
54bc7,44.81471455387465,-119.84870683724444,4,config_1
54bcc,45.11190409095233,-119.37604906596664,29,config_1
54bd4,45.60833675325731,-119.94145552825202,21,config_1
54bd9,45.55019405123717,-120.70748950443846,34,config_1
54bdb,45.30468357386994,-120.41750339630937,10,config_1
54bdd,45.183118839302004,-120.8282513084726,46,config_1
54bdf,45.426550049197175,-121.12050656305522,42,config_1
54be04,45.39329735054384,-121.50331599608923,40,config_1
54be0c,45.2723000695891,-121.35542178452505,2,config_1
54be14,45.20957414141204,-121.56048522539979,32,config_1
54be184,45.26111552419992,-121.73006744684535,20,config_1
54be18c,45.29118681435107,-121.76728460897709,25,config_1
54be194,45.30705587660516,-121.71597683206768,11,config_1
54be19c,45.276951451312634,-121.67879295567823,13,config_1
54be1b,45.31573699635561,-121.62039318725398,31,config_1
54be1c1,45.34154125323139,-121.70538702077934,21,config_1
54be1c3,45.35660857100172,-121.72401061459036,3,config_1
54be1c5,45.36454583920163,-121.69831671329294,26,config_1
54be1c7,45.34947022510936,-121.67970147925669,3,config_1
54be1cc,45.36889632175397,-121.65046071261702,2,config_1
54be1d4,45.39907421464228,-121.68769556407105,5,config_1
54be1dc,45.38318680383598,-121.73912125350817,7,config_1
54be1f,45.34426272497191,-121.79754508296311,30,config_1
54be24,45.266404997571684,-121.91411382183752,24,config_1
54be2c,45.202385464676986,-122.11889447523504,1,config_1
54be34,45.082977007305665,-121.96940743703729,4,config_1
54be3c,45.14646550327857,-121.76514906338068,25,config_1
54be5,44.93536396856177,-121.64523757408546,23,config_1
54be6c,45.089166483173514,-121.41298826353432,22,config_1
54be74,45.15136784733601,-121.20846644587975,11,config_1
54be7c,45.03050531291433,-121.06244392309767,32,config_1
54be9,44.818946678387455,-120.94677161769565,29,config_1
54bec4,44.54772814945636,-121.0342291039815,10,config_1
54becc,44.42820438947417,-120.89078494923992,1,config_1
54bed5,44.32296633976267,-121.10619317169574,21,config_1
54bed64,44.35993948497204,-121.18515179624342,39,config_1
54bed684,44.35828527980597,-121.14029416768369,11,config_1
54bed68c,44.36571451780581,-121.14927544833338,20,config_1
54bed691,44.36670123889343,-121.13761391246271,27,config_1
54bed693,44.37041668232719,-121.14210465442406,29,config_1
54bed695,44.37231277032943,-121.13582643613901,2,config_1
54bed69c,44.362075688378795,-121.12774102574247,4,config_1
54bed6f,44.37875683279155,-121.15647497013904,1,config_1
54bed74,44.40485144714205,-121.17088734657926,2,config_1
54bed7c,44.38964025694079,-121.221139674781,8,config_1
54bedc,44.48684147839869,-121.23584463851584,34,config_1
54bee4,44.60593249064978,-121.38072674115145,10,config_1
54bee9,44.622141152659786,-121.19294479050377,6,config_1
54beeb,44.65268358905417,-121.09184436995798,33,config_1
54beed,44.71256936176554,-121.16417948982705,13,config_1
54bef4,44.78701279591508,-121.32383973980572,25,config_1
54bf04,44.662806537742135,-121.72881102825158,7,config_1
54bf0c,44.60014702624615,-121.9307121491033,14,config_1
54bf14,44.482021337140175,-121.78388414352813,37,config_1
54bf1c,44.54416121909651,-121.58249710642329,7,config_1
54bf29,44.351953293859665,-121.27844956624665,22,config_1
54bf2b,44.2926572362223,-121.20648731960414,37,config_1
54bf2d,44.26225660997641,-121.30669054592362,42,config_1
54bf2f,44.3214251309471,-121.37878355116997,2,config_1
54bf34,44.24597090770205,-121.49293904025276,27,config_1
54bf3c,44.36396115433944,-121.63796162615216,18,config_1
54bf44,44.30197289644191,-121.83845173136989,35,config_1
54bf4c,44.184496628866754,-121.69291912986272,17,config_1
54bf54,44.12266193253748,-121.89252091441664,29,config_1
54bf5c,44.23962289606602,-122.03855546831119,7,config_1
54bf7,44.446791045051484,-122.15891235758095,45,config_1
54bf9,44.68158898096046,-122.4558963583206,23,config_1
54bfb,44.809217663388914,-122.05138088429021,41,config_1
54bfd,45.04633720700083,-122.35003276692846,9,config_1
54bfe4,45.00806881846334,-122.73069433115619,46,config_1
54bfe9,44.93593002198312,-122.56661303836115,6,config_1
54bfed,44.84463931515631,-122.5927411040263,28,config_1
54bfee3,44.88392023186454,-122.6966564250928,1,config_1
54bfee5,44.8920493821076,-122.67131574988046,7,config_1
54bfee7,44.877346295563015,-122.65246477874362,45,config_1
54bfee9,44.88546135281105,-122.62712503180727,47,config_1
54bfeef,44.90017279211304,-122.64596833354581,11,config_1
54bfef4,44.926307005428605,-122.66157842269153,16,config_1
54bff04,44.8937402376341,-122.76298697411528,1,config_1
54bff0c,44.87742245669104,-122.81365053461651,13,config_1
54bff14,44.84809027376791,-122.77585110627142,22,config_1
54bff1c,44.8643745792527,-122.72521793409466,19,config_1
54bff3,44.81221667680239,-122.6939697800211,5,config_1
54bff7,44.83826165674499,-122.87066514987185,9,config_1
54bff9,44.89683021561005,-122.9464701848918,6,config_1
54bffb,44.929612185645446,-122.84510699501038,4,config_1
54bffd,44.988324342033636,-122.92102301976797,18,config_1
54bfff,44.95540774611907,-123.02250671429792,42,config_1
80a04,41.066557386071196,-118.29943499572406,4,config_1
80a0c,41.26350078429079,-117.54958462854715,34,config_1
80a14,40.664775856113884,-117.54958462854715,2,config_1
80a19,40.367484298030085,-118.1122678531936,2,config_1
80a1b,40.6681407224553,-118.1122678531936,30,config_1
80a1d,40.56859521479611,-118.4863962961138,2,config_1
80a1f,40.26810526725259,-118.4863962961138,23,config_1
80a3,39.658279661245274,-117.92490017414548,32,config_1
80a5,40.038474881049915,-116.41938900264319,23,config_1
80a601,40.8567483963308,-115.71017885717612,33,config_1
80a603,40.93244098925595,-115.71017885717612,20,config_1
80a605,40.90983195750347,-115.80485214579663,3,config_1
80a607,40.834148006223344,-115.80485214579663,18,config_1
80a60c,40.837935912499624,-115.94679974061097,8,config_1
80a614,40.9890818292615,-115.94679974061097,1,config_1
80a65,41.14623302108114,-116.23046162917431,3,config_1
80a6c,40.8558875026205,-116.79678490847915,5,config_1
80a74,41.455166343996204,-116.79678490847915,4,config_1
80a7c,41.64145675248086,-116.04138886338704,7,config_1
80a84,41.822283418287796,-115.28375849518459,3,config_1
80a8c,41.222018216232634,-115.28375849518459,20,config_1
80a94,41.39686522905675,-114.52426397902158,33,config_1
80a9c,41.99756675311401,-114.52426397902158,19,config_1
80aa4,42.167236416956044,-113.76328281204688,11,config_1
80aa9,42.44007439785509,-113.19180206007258,32,config_1
80aad,42.221573645498374,-112.81055116837047,9,config_1
80aaf,42.14104437014885,-113.19180206007258,14,config_1
80ab04,41.8953419748843,-113.28708499366572,29,config_1
80ab0c,41.74459413879428,-113.28708499366572,28,config_1
80ab14,41.78515903047214,-113.09650644641742,16,config_1
80ab19,41.908366486789255,-113.04885412319857,10,config_1
80ab1b,41.888164107536966,-113.14415579054433,35,config_1
80ab1d,41.96344353224476,-113.14415579054433,45,config_1
80ab1f,41.983651612274144,-113.04885412319857,50,config_1
80ab21,42.00377053180743,-112.95354092186565,16,config_1
80ab23,41.92847976789527,-112.95354092186565,14,config_1
80ab25,41.94850385763465,-112.85821695200005,33,config_1
80ab27,42.023800198089106,-112.85821695200005,3,config_1
80ab2c,42.01603787319254,-112.71521248330575,39,config_1
80aba3,41.65564531642269,-113.52523185074935,14,config_1
80aba5,41.7311067602376,-113.52523185074935,44,config_1
80abac,41.854397891451214,-113.47760977145342,32,config_1
80abf,41.373071554317015,-113.95364658268294,9,config_1
80ad,40.7344342591377,-113.38235448459531,14,config_1
80af,40.39741775389783,-114.90422082333554,43,config_1
80b01,39.494606543765336,-115.47335544292073,44,config_1
80b04c,39.37109136752972,-114.99914638140322,41,config_1
80b054,39.21511297260465,-114.99914638140322,11,config_1
80b07,39.183645157388355,-115.47335544292073,8,config_1
80b0c,38.758295035199986,-115.28375849518459,24,config_1
80b11,39.04498417659597,-114.71429184441094,32,config_1
80b15,38.815298654253354,-114.33414316655818,3,config_1
80b17,39.12986303937377,-114.33414316655818,47,config_1
80b1c,39.55644952841721,-114.52426397902158,24,config_1
80b24,39.724026671852265,-113.76328281204688,1,config_1
80b3d,39.21338173391366,-113.95364658268294,41,config_1
80b3e3,38.90695436513261,-114.09637053303845,3,config_1
80b3e5,38.927706734992526,-114.00122604467316,16,config_1
80b3e7,39.00648544215427,-114.00122604467316,40,config_1
80b3ec,38.998085854775226,-113.85847369345004,37,config_1
80b3fc,38.799005093654664,-114.0488007261198,6,config_1
80b5,38.22679706381197,-113.38235448459531,3,config_1
80b7,37.895659434305685,-114.90422082333554,22,config_1
80b84,37.31475810595445,-116.04138886338704,8,config_1
80b894,37.07710338218029,-116.70249504859957,11,config_1
80b899,36.94591586801299,-116.749645007243,36,config_1
80b89f,36.865964272671214,-116.749645007243,22,config_1
80b8a1,36.843113901052256,-116.84391466490845,20,config_1
80b8a3,36.92304695037378,-116.84391466490845,9,config_1
80b8a7,36.820185369279805,-116.93814339443468,23,config_1
80b8ac,36.82560002883973,-117.07940822560565,1,config_1
80b8b4,36.98520465238245,-117.07940822560565,3,config_1
80b8bc,37.031310700212686,-116.89103418926852,4,config_1
80b8c4,37.19065088744656,-116.89103418926852,36,config_1
80b8cc,37.144472115772736,-117.07940822560565,1,config_1
80b8d4,37.303400007728435,-117.07940822560565,25,config_1
80b94,37.768731108453245,-116.79678490847915,45,config_1
80b9c,37.950583312102836,-116.04138886338704,4,config_1
80bb,38.80260971572387,-116.41938900264319,41,config_1
80bc1,38.10081345068643,-117.36164757079143,47,config_1
80bc3,38.00568777747253,-117.73733730424752,13,config_1
80bcc,38.8324036070608,-117.54958462854715,2,config_1
80bd1,38.53247307521534,-118.1122678531936,22,config_1
80bd5,38.74357104362401,-118.4863962961138,4,config_1
80bd64,38.4870441909171,-118.57979810860881,37,config_1
80bd6c,38.53644811126151,-118.39294170620582,13,config_1
80bd7c,38.33211099152749,-118.57979810860881,1,config_1
80bdac,38.32373571397803,-118.01860874756083,23,config_1
80bdb4,38.167912596042335,-118.01860874756083,30,config_1
80bdd,37.90931294254935,-118.1122678531936,6,config_1
80bdf,37.8117033002993,-118.4863962961138,1,config_1
80be4,37.38986432048104,-118.29943499572406,2,config_1
80be9,37.69175470362915,-117.73733730424752,1,config_1
80beb,37.7866167101454,-117.36164757079143,30,config_1
80becb,37.624723668733,-117.22057706092727,22,config_1
80becd,37.54571479200292,-117.22057706092727,43,config_1
80bed4,37.415352080327956,-117.26761160397515,14,config_1
80bf4,36.948162275399916,-117.54958462854715,2,config_1
5341,47.6081209328702,-109.93728561808545,50,config_1
53424,47.65351126337343,-111.44301717141765,28,config_1
5342c,47.481276761957204,-112.30448605757401,20,config_1
53431,47.101251266839974,-111.74707354761061,29,config_1
53433,47.015751615757814,-112.17226599748652,13,config_1
534344,46.827124056651094,-111.89593583188288,5,config_1
53434c,46.784532511107884,-112.10717418260244,2,config_1
534351,46.69056642409844,-111.96959469583496,13,config_1
534353,46.66931068527796,-112.07487777638816,7,config_1
5343544,46.62241472867387,-112.00623339744253,37,config_1
534354c,46.61179692445088,-112.05879133089998,17,config_1
5343554,46.57702746553457,-112.03058900559375,13,config_1
534355c,46.587620197172335,-111.97808450422696,21,config_1
534357,46.62087180150499,-111.91334945249535,36,config_1
53435c,46.687312680137595,-111.78365834908989,1,config_1
53437,46.81994098321721,-111.52339355230343,2,config_1
5343c,47.08415078591966,-110.99934564920936,46,config_1
53441,46.699004094903465,-110.46646606387849,20,config_1
53443,46.41670502369318,-110.25661606567633,15,config_1
53445,46.339391698930015,-110.67145446018989,8,config_1
534464,46.530012682391664,-110.93554196639825,1,config_1
53446c,46.56966606077883,-110.72680198478663,15,config_1
534474,46.71052415138091,-110.83388062309187,47,config_1
53449,46.5396314525358,-111.30316212239708,28,config_1
5344a4,46.54774793216228,-111.67224406331967,30,config_1
5344ac,46.505955572064764,-111.8817615309675,34,config_1
5344bc,46.40843339362942,-111.56168458486422,16,config_1
5344c4,46.26937258055519,-111.45197161329632,32,config_1
5344d1,46.134748240541654,-111.525620067915,33,config_1
5344d5,46.04518665466827,-111.57444240879641,15,config_1
5344d7,46.06555567090339,-111.47107312550155,5,config_1
5344dc,46.13056894455146,-111.34309693666248,44,config_1
5344f,46.26035102248427,-111.08631189736317,21,config_1
53451,45.982127006492206,-110.87277697035258,3,config_1
53453,45.90288299949479,-111.28418870458758,31,config_1
534541,45.76004023531116,-110.99678539933176,2,config_1
534543,45.69105493498433,-110.9438884395044,23,config_1
5345444,45.69359588117529,-111.03371959758812,36,config_1
534544c,45.65915510705144,-111.00724281668634,23,config_1
5345454,45.64934637320489,-111.05827416633933,2,config_1
534545c,45.68376381316493,-111.08480323751915,8,config_1
5345464,45.71819809487519,-111.11138272544954,31,config_1
534546c,45.7280535504647,-111.0602467396682,19,config_1
5345474,45.762528065374,-111.08682436514623,2,config_1
534547c,45.75264916869302,-111.13801275229578,14,config_1
534549,45.72057157152383,-111.20143382433724,25,config_1
53454b,45.70067979082776,-111.30375482007766,1,config_1
53454d,45.63197574197937,-111.250230734629,33,config_1
53454f,45.65177337141075,-111.14811809918642,27,config_1
534554,45.53888648020386,-111.11942310460981,39,config_1
53455c,45.57799297673518,-110.91581999164879,21,config_1
534561,45.5725879539736,-110.7370004089714,1,config_1
534563,45.591783317925874,-110.63530702428419,15,config_1
534565,45.66081601845589,-110.6873836013909,32,config_1
534567,45.64152896140988,-110.78928712766144,15,config_1
534579,45.699077186989655,-110.4835853425212,36,config_1
53457b4,45.6579310260512,-110.59795940697397,26,config_1
53457bc,45.6674849150896,-110.54703618125825,27,config_1
53457c4,45.63291153532689,-110.52112970413138,8,config_1
53457cc,45.62338041764545,-110.57200015055062,29,config_1
53457d4,45.58884726963781,-110.54609036773947,21,config_1
53457f,45.62986231598703,-110.43193099829226,1,config_1
534584,45.69281504405364,-110.30505541826548,29,config_1
534589,45.6862010898384,-110.12690772634019,28,config_1
53458b,45.70477266918719,-110.02524788616266,43,config_1
53458d,45.77434697555613,-110.07605009716536,19,config_1
53458f,45.75568615430536,-110.17792391723235,18,config_1
53459c,45.83165722478649,-110.40812223425897,1,config_1
5345e4,45.9437994651992,-109.7949997138899,1,config_1
5345ec,45.90683904096344,-109.9993416663827,43,config_1
5345f1,45.81135526413548,-109.87232804261849,45,config_1
5345f24,45.81495874837858,-109.96138344921035,26,config_1
5345f2c,45.805695565327845,-110.0123409399116,10,config_1
5345f34,45.77085703674559,-109.98697143713731,15,config_1
5345f5,45.72324021540484,-109.923596886123,5,config_1
5345f74,45.76361489552818,-109.80910838545518,47,config_1
5345f7c,45.72874633801776,-109.7839977028426,10,config_1
5345fc,45.80388638452273,-109.69451414463067,13,config_1
53463,45.99924985966303,-109.03138056136392,6,config_1
53465,46.28210164202243,-109.22775463709439,50,config_1
53467,46.209660754790875,-109.6387941527152,2,config_1
534684,46.40288056050609,-109.8942493536213,1,config_1
53468c,46.44006058902308,-109.68734782280629,34,config_1
534694,46.581841224643796,-109.78923284936819,20,config_1
5346b,46.77605664785208,-110.0481426337697,6,config_1
5346d,46.85135137395864,-109.62992079948309,12,config_1
5346f,46.566143693267826,-109.42724644177632,5,config_1
53474,46.817190094865374,-108.90393196454495,4,config_1
53479,46.42187832473535,-108.40647584098421,19,config_1
5347a4,46.44158802848768,-108.76276089765625,1,config_1
5347b4,46.26423245354166,-108.87092204793784,40,config_1
5347bc,46.299007118305155,-108.6660485413216,18,config_1
5347d,46.068629279537944,-108.62416245445094,17,config_1
5347f,46.13633564141397,-108.2172884255752,1,config_1
53481,45.852057891135786,-108.03107899657321,7,config_1
534862c,45.73848210772729,-108.59908845994413,41,config_1
5348634,45.74695179754471,-108.54866114470698,20,config_1
534865,45.74197924704461,-108.46125216656365,10,config_1
534867,45.67151293667676,-108.41425267678248,2,config_1
534874,45.873119057272795,-108.38046177986804,2,config_1
53487ac,45.79909691544605,-108.47138801896446,36,config_1
53487b4,45.79065812864781,-108.52185907300222,26,config_1
53487c4,45.817454972052595,-108.5960569581434,9,config_1
53487cc,45.78219359809406,-108.57233584171733,23,config_1
53487d1,45.78463794906413,-108.6161333547143,22,config_1
53487d3,45.76701987934533,-108.60426374878078,12,config_1
53487d5,45.76277088214465,-108.6294994324011,6,config_1
53487d7,45.78038379201794,-108.64138280235544,13,config_1
53487dc,45.80894405681257,-108.64659445324334,20,config_1
53487f,45.866115892352795,-108.65703542026206,4,config_1
534881,45.84898019493638,-108.75828666467035,22,config_1
534883,45.83174094245868,-108.85955847225665,15,config_1
534887,45.778522031525846,-108.71047558143776,30,config_1
534889,45.708141581306,-108.66285114476212,21,config_1
53488d,45.62084891079481,-108.71602601390487,10,config_1
53488f,45.691068707928025,-108.76368357914481,20,config_1
534891,45.673893108369626,-108.86453675658642,2,config_1
534893,45.603756330071256,-108.81666091339771,40,config_1
534895,45.58656142427332,-108.91731618905462,8,config_1
534897,45.65661476178885,-108.96540976150398,5,config_1
53489c,45.770553836562286,-108.98729915657671,1,config_1
5348ac,45.70010955049843,-109.39224034165883,18,config_1
5348b1,45.60416307407243,-109.26813858345443,45,config_1
5348b3,45.58647358778593,-109.3690817402993,11,config_1
5348b5,45.51675820882237,-109.32012283758485,3,config_1
5348bc,45.595531303429226,-109.09252140847306,21,config_1
5348c4,45.45582984519347,-108.9960574990744,12,config_1
5348cc,45.42107847074954,-109.1968330392222,42,config_1
5348d4,45.282019544403184,-109.1002549751053,47,config_1
5348dc,45.31643690423491,-108.90033709840732,10,config_1
5348f,45.43721070367699,-108.64773389776887,37,config_1
534904c,45.21446278986259,-108.47040806679038,3,config_1
5349054,45.179619414510796,-108.44714639515782,46,config_1
534905c,45.18788578976017,-108.39751068587155,2,config_1
53490a4,45.09975447427329,-108.22922463927091,34,config_1
53490b4,45.05679466408466,-108.25571100032835,26,config_1
53490bc,45.09159754209321,-108.27868678008045,8,config_1
53490f,45.131513133331445,-108.38755965020022,8,config_1
53491b,45.18457721852805,-108.53327675325463,13,config_1
53491d,45.25424331739018,-108.58005128564716,14,config_1
53491f,45.237459702179585,-108.6796263663207,44,config_1
534921,45.22057582700809,-108.77922359166332,35,config_1
534925,45.134170068652885,-108.83142604712555,2,config_1
534927,45.20359166970435,-108.87884207545382,25,config_1
53492c,45.143268671006865,-109.0044173138472,13,config_1
534934,45.00482850973188,-108.90931267227593,1,config_1
53493c,45.03858728532475,-108.71109705096387,36,config_1
53495,44.81444206242927,-108.66952762087914,12,config_1
534964,44.79472533408569,-108.3283083557348,41,config_1
53496c,44.933176167742026,-108.42028426056729,25,config_1
534971,44.92299577364329,-108.24948931635191,28,config_1
534973,44.99242074619516,-108.29533542551461,37,config_1
534975,45.00868518685788,-108.19666535595186,20,config_1
5349c,45.11561412300014,-107.7753932197069,11,config_1
534b,44.22203080004959,-107.63420332078704,43,config_1
534c1,44.47309405588767,-108.87520921835886,35,config_1
534c7,44.200346357299196,-108.68964524102024,17,config_1
534cc,43.76162394477291,-108.60793000999028,31,config_1
534d4c,43.413269748010336,-109.32974794463597,45,config_1
534d54,43.37969020245832,-109.5204885307432,13,config_1
534d5b,43.48768190958331,-109.54344723297989,24,config_1
534d5d,43.55415434123182,-109.59076382012505,3,config_1
534d5f,43.537070553634585,-109.68663631617156,25,config_1
534d601,43.57215486406807,-109.75242077677964,17,config_1
534d603,43.58876912948793,-109.76437120346404,21,config_1
534d607,43.57645595886712,-109.7284193772671,24,config_1
534d61c,43.61585721859914,-109.77030138475145,1,config_1
534e1,44.53569670389852,-110.24746020934775,25,config_1
534e21,44.677299274915164,-110.52168872401872,27,config_1
534e23,44.69582306291305,-110.42244711359538,1,config_1
534e25,44.76364672350571,-110.47302482092067,29,config_1
534e27,44.74503464112333,-110.57246863390276,2,config_1
534e2c,44.85615691768963,-110.59912034965092,6,config_1
534e34,44.893447458010314,-110.39963589853438,25,config_1
534e3c,44.75739161543943,-110.29871139864483,1,config_1
534e4c,44.93033777827128,-110.20017919297646,42,config_1
534e51,44.92354847093788,-110.02566608862104,15,config_1
534e53,44.99195544221479,-110.07559929477627,17,config_1
534e55,45.01014371721043,-109.97579486980862,27,config_1
534e9,44.67821032974727,-109.45798551956415,17,config_1
534eac,44.69538729710466,-108.9178937746891,10,config_1
534eb4,44.8328735283595,-109.01239039308781,32,config_1
534ebc,44.798651285738856,-109.20992573201347,15,config_1
534ec4,44.93611918670317,-109.30598134849836,11,config_1
534ecc,44.97067251465473,-109.10760977126053,12,config_1
534ed4,45.10878168780113,-109.20355912774416,14,config_1
534ed9,45.1171660664428,-109.37722234129234,9,config_1
534edb,45.048160160012365,-109.32874777792131,3,config_1
534edc4,45.0522717188691,-109.41552494844339,36,config_1
534edcc,45.01781939646899,-109.39125519361056,9,config_1
534edd4,45.009054044044504,-109.44099165282499,10,config_1
534eddc,45.04348527617806,-109.46531379184181,2,config_1
534ee4,45.03860594325962,-109.6020461789448,1,config_1
534eec,44.901168455686644,-109.50442040315394,7,config_1
534ef9,44.959651564160005,-109.82648176080596,25,config_1
534efd,45.04621925370574,-109.776218763306,4,config_1
534eff,45.02823165798205,-109.87600106396042,32,config_1
534f1,45.22727383777162,-109.85017224612612,13,config_1
534f24,45.21197346073224,-109.50030231557737,41,config_1
534f29,45.203818257610834,-109.32595984671254,23,config_1
534f2b,45.2212876537744,-109.22605349860457,46,config_1
534f2d,45.29061457104334,-109.2744762222954,13,config_1
534f2f,45.27306083409432,-109.37459479368854,1,config_1
534f34,45.38592003170153,-109.39767706906616,17,config_1
534f3c,45.35035447251563,-109.59858235974778,5,config_1
534f44,45.48903439517193,-109.69761871412055,1,config_1
534f49,45.48124228584786,-109.52162473655856,3,config_1
534f4a4,45.47721837872086,-109.43377732542791,17,config_1
534f4b4,45.520893506878885,-109.4079412990493,14,config_1
534f4bc,45.512003827883056,-109.45834364791945,26,config_1
534f4d,45.568681292906874,-109.47004014545882,2,config_1
534f54,45.66426684628434,-109.59480365615345,16,config_1
534f5c,45.6280104000848,-109.79741893801776,2,config_1
534f64,45.591340243809036,-110.00007880494861,1,config_1
534f6c,45.452714605067996,-109.89942627379236,2,config_1
534f74,45.41598446013707,-110.10127589064744,5,config_1
534f79,45.5103482171233,-110.22795445067564,48,config_1
534f7d,45.5982013783537,-110.17754202225638,12,config_1
534f7f,45.57951142800321,-110.27900452522528,1,config_1
534f89,45.52282023884216,-110.58342845146662,49,config_1
534f8b,45.50371614662812,-110.68491215741086,1,config_1
534f8d,45.43491392147738,-110.63302140968273,16,config_1
534f9c,45.378844062378256,-110.30316026766513,3,config_1
534fd1,45.03565762550566,-110.67724001095868,49,config_1
534fd3,44.96754816703058,-110.62589872785144,8,config_1
534fd5,44.948668745148574,-110.72595181098801,28,config_1
534fdc,45.12841416953487,-110.80489605714057,10,config_1
534fe4,45.26496306103424,-110.90894908523184,36,config_1
534fec,45.30333314595235,-110.70700414470198,15,config_1
534ff4,45.440524780442765,-110.81101665027893,6,config_1
534ffc,45.40178817770254,-111.01378889982415,5,config_1
535000c,45.41881324045145,-111.2310051773795,30,config_1
5350014,45.384637015742626,-111.20446605801145,30,config_1
535003,45.33830244373547,-111.1394301283512,8,config_1
535005,45.31867135953603,-111.24071272081433,13,config_1
53500c,45.32307770212634,-111.41932734918333,22,config_1
5350104,45.25279066354494,-111.27684005258637,16,config_1
535010c,45.21875178308822,-111.25034656851733,39,config_1
535011c,45.242933053125434,-111.32740333584232,2,config_1
535013,45.21110623782844,-111.38993053113968,1,config_1
535017,45.16282861406684,-111.23591736192195,18,config_1
53501c,45.22618359087036,-111.11089966957555,14,config_1
53502c,44.95409428690122,-110.90193909960388,1,config_1
535034,44.91564125719023,-111.10226456738125,4,config_1
53503b,45.02699086479271,-111.1306321569324,26,config_1
53503d,45.09487566449598,-111.18317636654093,41,config_1
53504c,44.87678572021845,-111.30259159189339,39,config_1
535053,44.81369899260305,-111.42638042393403,50,config_1
535055,44.794016143237165,-111.52643917978905,2,config_1
535057,44.861302291081614,-111.57959345743402,38,config_1
535059,44.92865523273705,-111.6329446821101,33,config_1
53505d,45.01603772526797,-111.58583722975634,19,config_1
53505f,44.99607459048546,-111.68649377661195,35,config_1
5350654,45.17321284035082,-111.68132256757504,25,config_1
535065c,45.139361681191204,-111.65442410840079,39,config_1
535067,45.08361739363771,-111.63938507739238,48,config_1
535074,45.28310459136326,-111.62207891216345,32,config_1
53507c,45.24272015108655,-111.82480896660331,16,config_1
5350c,44.9385075001413,-112.1666649977326,3,config_1
53514,44.40413366339562,-111.73589954886808,16,config_1
5351a4,44.56873867290663,-111.29225412474948,4,config_1
5351ac,44.70299750045611,-111.39719467198071,38,config_1
5351b1,44.69854239909287,-111.22139231692896,5,config_1
5351b3,44.76587779894332,-111.27375863845074,1,config_1
5351b4c,44.797291740027525,-111.2119460073967,25,config_1
5351b54,44.80697339778193,-111.16198951267833,25,config_1
5351b5c,44.77323134207889,-111.13588262084808,8,config_1
5351b7,44.71784141773716,-111.1217288015726,17,config_1
5351b84,44.67210883609079,-111.05785186627848,5,config_1
5351b8c,44.638436037752115,-111.031937876143,9,config_1
5351b9c,44.66251829788107,-111.10760878481267,48,config_1
5351bd,44.56407817453108,-111.11723900096327,1,config_1
5351c4,44.64538927785198,-110.89479535482404,49,config_1
5351cc,44.7803760770773,-110.99814428326614,25,config_1
5351d4,44.81846637127512,-110.79862549297042,27,config_1
5351d9,44.72632315120572,-110.67191808843371,44,config_1
5351db,44.70751228383599,-110.7713723103147,13,config_1
5351dd,44.63995466039224,-110.72018979538642,12,config_1
5351e9,44.553736405382175,-110.76825496771623,33,config_1
5351eb,44.53490612605434,-110.86731695949544,14,config_1
5351ed,44.46766868145377,-110.81611493050445,35,config_1
5351f4,44.37626216086218,-110.69038258434233,48,config_1
5351fc,44.41328400245595,-110.49326338312453,36,config_1
53521,44.19346587406413,-110.44107491308228,45,config_1
535224,44.20506782660407,-110.78565649254209,23,config_1
53523c,44.07157188416269,-110.6845361056505,38,config_1
535244,43.93836478663635,-110.58415486203035,35,config_1
535251,43.811322117946645,-110.65502203466583,2,config_1
535253,43.79298476186196,-110.75214535115718,11,config_1
535255,43.726815691595874,-110.7020204951172,17,config_1
535257,43.745066587366644,-110.60508966214559,23,config_1
535259,43.76322314446168,-110.50816607169946,46,config_1
53525a4,43.80842609431761,-110.56971993949323,2,config_1
53525b4,43.85071286310409,-110.54607851679296,29,config_1
53525bc,43.817512982581356,-110.52118761964057,37,config_1
53525c4,43.826576209075235,-110.47265726228107,32,config_1
53525cc,43.85979757190139,-110.49749970808267,13,config_1
53525dc,43.83561577052962,-110.42412897006817,34,config_1
53527,43.926015884860554,-110.24265899733818,42,config_1
535283,43.71928329943508,-109.92668983183144,3,config_1
535285,43.701766144844925,-110.0231746952052,25,config_1
535287,43.76829814439638,-110.07177829438871,24,config_1
53528c,43.70850838858977,-110.19235010596083,2,config_1
53529c,43.61081801767614,-109.90250397959892,41,config_1
5352fd,43.59469583693471,-110.60231582582017,13,config_1
5352ff,43.66071927894125,-110.65207760046076,41,config_1
535301,43.642460500045935,-110.7488233376458,32,config_1
535303,43.57652308743133,-110.69887044262391,30,config_1
5353044,43.57929349780279,-110.78379783094513,4,config_1
535304c,43.5463752935073,-110.75879520602683,12,config_1
5353054,43.53722954702518,-110.80705366426547,7,config_1
535305c,43.57012615891259,-110.8321038114021,28,config_1
535307,43.62410780559162,-110.84557524408652,29,config_1
53530c,43.56353339447524,-110.96547600563683,10,config_1
535311,43.47420476861646,-110.84184704827736,26,config_1
5353174,43.4295440814039,-110.78029211821247,24,config_1
535317c,43.39674160972816,-110.7553750606191,43,config_1
53531c,43.46869661928329,-110.6724168474781,27,config_1
535324,43.33734614106712,-110.57340045942061,6,config_1
53532c,43.20629066994129,-110.47509603295228,16,config_1
535339,43.25945500855935,-110.78829005100917,5,config_1
53533b,43.27756387198203,-110.69247159488292,5,config_1
53533c4,43.3221279663867,-110.75365348207927,4,config_1
53533cc,43.331191369296704,-110.70567547385143,14,config_1
53533d4,43.363957359717716,-110.73050288011237,39,config_1
53533f,43.324843536610125,-110.83809050312928,2,config_1
53534c,43.1343654971885,-110.85724340744713,23,config_1
535354,43.09785399906655,-111.04835711294265,8,config_1
53535ac,43.19290449113303,-111.03927152721592,18,config_1
53535b4,43.225462319213094,-111.06438373689721,34,config_1
53535bc,43.21623607075214,-111.11232587626958,1,config_1
53535d,43.26970617566175,-111.12614220033518,48,config_1
535363,43.381441134473405,-111.32380418132433,12,config_1
535367,43.33490746959667,-111.17668355993125,50,config_1
535374,43.52635250710911,-111.1588179140928,7,config_1
53537c,43.488797355946645,-111.35217103514756,20,config_1
5353c,43.874042351540396,-111.31753030105163,16,config_1
53541,43.88915064746232,-112.00896067627552,29,config_1
53545,43.54893840317887,-112.18717371896359,30,config_1
535464,43.542727784237236,-111.84310679710285,13,config_1
53546c,43.673161276763516,-111.94807511497382,1,config_1
535474,43.712186767006216,-111.75323031832433,11,config_1
53547c,43.581390173572416,-111.64900769570525,35,config_1
5354c,43.19881473213263,-111.6800612155514,11,config_1
53551,43.211230305849234,-112.3624145855317,6,config_1
53553,42.95452519803648,-112.15182800415043,2,config_1
535544,42.95960003768497,-112.49193953816,12,config_1
535549,42.873742069178,-112.36483189287382,30,config_1
53554b,42.80999269552252,-112.31229157385319,1,config_1
53554d,42.79041644494584,-112.40775237692368,4,config_1
53554f,42.85407499516033,-112.4604696273203,29,config_1
53555c,42.919809511617885,-112.68373078667034,2,config_1
5355c,43.55734806961038,-112.87897889684928,20,config_1
5357,44.422004008217534,-113.14818896125877,33,config_1
53584,45.122894022579636,-114.24455976179476,20,config_1
5358c,45.65188037561498,-114.72641649255016,3,config_1
53594,45.83899933249983,-113.89777307197674,44,config_1
5359c,45.30324116640355,-113.42815232705385,6,config_1
535a4,45.476970823010845,-112.61029171846985,11,config_1
535a9,45.466729031217525,-111.88650148489289,33,config_1
535aac,45.49936426852028,-111.32302131978912,30,config_1
535ab4,45.63635617451516,-111.43028657626463,2,config_1
535abc,45.59603898894601,-111.63469597325735,21,config_1
535ac1,45.68845225650431,-111.76755095240189,10,config_1
535ac3,45.756904498846296,-111.8223121978773,25,config_1
535ac5,45.77740833136269,-111.71959800185901,40,config_1
535ac7,45.708859485501335,-111.6650431515463,1,config_1
535acc,45.773611564052516,-111.53836509616596,1,config_1
535ad1,45.866516330089226,-111.67142990052515,36,config_1
535ad3,45.88690529730115,-111.56849316917356,26,config_1
535ad5,45.955775893333524,-111.62304519242905,11,config_1
535ad7,45.935290243511226,-111.72619057835827,18,config_1
535ad9,45.91469821069952,-111.82932784563728,26,config_1
535adb,45.84602137846787,-111.77435923729385,21,config_1
535add,45.8254205059709,-111.87728023255141,13,config_1
535ade4,45.87166403218896,-111.94441014710168,24,config_1
535adec,45.88202754513216,-111.89287435253557,13,config_1
535adf4,45.9163452175066,-111.92048848092762,6,config_1
535adfc,45.90595723070735,-111.97207603434565,14,config_1
535af,45.739311714405055,-112.10677306696982,22,config_1
535b04,45.923186978163294,-112.3775567050497,37,config_1
535b0c,46.06002273007525,-112.49061404809572,27,config_1
535b1c,45.96551834868764,-112.17074996455713,5,config_1
535b5,46.37325352789367,-112.13949991359608,19,config_1
535b7,46.28744744587441,-112.55737655848304,25,config_1
535b8c,46.246018727695706,-113.13764066228131,24,config_1
535b94,46.10953136534209,-113.02122465451308,16,config_1
535b984,46.08586093987968,-112.84779936836424,7,config_1
535b98c,46.096795320616046,-112.79579326305044,28,config_1
535b994,46.130964292543304,-112.82455590688183,2,config_1
535b99c,46.12000429339091,-112.87661308564809,23,config_1
535b9d,46.19869206500095,-112.78959103160395,11,config_1
535b9f,46.130248262164486,-112.73211134857296,2,config_1
535ba3,46.04012452637829,-112.77871573024979,21,config_1
535ba5,45.97189980082627,-112.72146219798246,8,config_1
535ba7,45.99353664142365,-112.6177979610119,47,config_1
535bac,45.88042933251608,-112.58430556434368,1,config_1
535bd,45.839352125600676,-113.15871427592204,7,config_1
535bf,46.11062792023758,-113.3922326624365,33,config_1
535c1,46.382788903892994,-113.62925514478259,1,config_1
535c24,46.56413697461758,-113.91502702038518,23,config_1
535c29,46.65470120377508,-114.05911881193289,6,config_1
535c2b,46.72294667863646,-114.1202508496845,36,config_1
535c2d,46.74660994870959,-114.0140936631506,10,config_1
535c34,46.74763044680719,-113.8244547090492,27,config_1
535c3c,46.61069733158677,-113.70366318848838,18,config_1
535c44,46.65681534152204,-113.49217884923198,31,config_1
535c4c,46.79417967618892,-113.61214919313677,24,config_1
535c54,46.84028244361386,-113.39972408527295,2,config_1
535c59,46.74829373174,-113.25731505908406,10,config_1
535c5b,46.72551425878249,-113.3632441269832,27,config_1
535c5f,46.6793984745338,-113.19807315529061,46,config_1
535c61,46.61055799323839,-113.13905516613639,23,config_1
535c65,46.51931041492486,-113.18556733925995,26,config_1
535c67,46.58799039476326,-113.24456938586803,13,config_1
535c6c,46.51966449680208,-113.37310953144146,9,config_1
535c74,46.38273102101681,-113.25493289177922,48,config_1
535c7c,46.42756059607102,-113.04498456509405,1,config_1
535c84,46.47195215533196,-112.83494516143735,18,config_1
535c8c,46.60972389530258,-112.95146914086423,22,config_1
535c94,46.65409101168515,-112.74051021370703,15,config_1
535c9c,46.51590487458748,-112.62482254841875,7,config_1
535ca1,46.513993806388896,-112.4385535582804,8,config_1
535ca3,46.58318279148004,-112.49586251711607,38,config_1
535ca64,46.5582946722515,-112.32152819606931,28,config_1
535ca6c,46.547511645452,-112.37406413864072,31,config_1
535cac,46.60249075498786,-112.20435930972354,47,config_1
535cbc,46.698015313613894,-112.52946940996945,6,config_1
535cd,46.928451133423884,-112.59720458667802,4,config_1
535ce4,46.93114471420425,-112.97454727156753,31,config_1
535cec,46.7925055613328,-112.85708230280324,32,config_1
535d01,46.97829153964862,-113.3298123104592,30,config_1
535d034,47.024201194265984,-113.21144269919135,21,config_1
535d03c,47.01277820516219,-113.26478092676632,33,config_1
535d05,47.07049150229713,-113.28292979509135,18,config_1
535d07,47.04750864311152,-113.38975068171283,20,config_1
535d09,47.11677852359389,-113.44991796361525,11,config_1
535d0b,47.186100676334,-113.51031523929154,37,config_1
535d0c4,47.18615467727061,-113.41480428658942,26,config_1
535d0d4,47.23245383539678,-113.39132579422193,1,config_1
535d0dc,47.19771205087465,-113.36120173706333,34,config_1
535d0f,47.139869090703314,-113.34288606498934,37,config_1
535d1cc,47.03559596319662,-113.15809781165984,6,config_1
535d1d4,47.000907194203975,-113.12837014938142,4,config_1
535d1dc,47.012247128178124,-113.07507168507469,45,config_1
535d3,47.20743421479958,-112.83137902528665,13,config_1
535d71,47.34831627798949,-113.52413720102209,19,config_1
535d73,47.27878198817856,-113.46348867427682,2,config_1
535d744,47.278670481344825,-113.5592628622798,33,config_1
535d74c,47.243957040851846,-113.52891716252502,22,config_1
535d77,47.32489975852072,-113.63180413101809,25,config_1
535d79,47.39437565738472,-113.6928979399195,49,config_1
535d7c4,47.46423285352424,-113.65784611818995,15,config_1
535d7dc,47.49904975744675,-113.68848923502104,46,config_1
535d7f,47.46390176731536,-113.75422612832915,2,config_1
535d84,47.39354479378287,-113.88544765851742,1,config_1
535d89,47.392301095458734,-114.07829326144449,9,config_1
535d8d,47.2991221597392,-114.12407321807893,26,config_1
535d8f,47.32310761347393,-114.01633274104971,18,config_1
535d94,47.207513839198505,-113.9775510717577,2,config_1
535d9c,47.25492342755677,-113.76262624999877,1,config_1
535db,47.024050252351195,-113.68699229623022,7,config_1
535dc4,47.02211004509374,-114.0687818419552,48,config_1
535dc9,46.93090132072483,-113.92340607198655,26,config_1
535dcb,46.86222635235294,-113.86242771252972,36,config_1
535dcc1,46.873242523799,-113.95183773840036,14,config_1
535dcc3,46.867337864836365,-113.97846209744795,30,config_1
535dcc5,46.85019623283869,-113.96318697675572,5,config_1
535dcc7,46.856094043211606,-113.93657542970955,3,config_1
535dccc,46.82743434935218,-113.92700531066717,1,config_1
535dcdc,46.84990168242322,-114.0107456977494,26,config_1
535dce4,46.88417064523566,-114.04136309670366,29,config_1
535dcec,46.896014557704305,-113.98808021798713,37,config_1
535dcf4,46.930323517882734,-114.01870401332057,4,config_1
535dcfc,46.918452098536555,-114.07203813657183,10,config_1
535dd4,46.837336656948814,-114.15915241577468,18,config_1
535ddc,46.97423551540944,-114.28259478518439,34,config_1
535df,47.20427515669001,-114.36200399141323,23,config_1
535e04,47.199384505773615,-114.74757267826352,16,config_1
535e0c,47.06255459651039,-114.62144424873523,45,config_1
535e11,47.059782655238884,-114.81378780492776,45,config_1
535e13,46.99158379717168,-114.75065682573944,35,config_1
535e1c,47.14970309174735,-114.96269039445957,28,config_1
535e5,46.73544841951235,-114.96646322384923,3,config_1
535e64,46.74113027195517,-114.58470458036054,9,config_1
535e74,46.92591054676586,-114.49625749826818,31,config_1
535e7c,46.789456566599924,-114.37200390140195,13,config_1
535e9,46.561365388299095,-114.29312206833913,21,config_1
535ea4,46.38127614584403,-114.00475792008845,29,config_1
535eac,46.24562321621117,-113.88415320389835,12,config_1
535eb4,46.19905084965058,-114.09365918331125,16,config_1
535ebc,46.33427090115952,-114.21505942720655,8,config_1
535ed,46.195638284398015,-114.46884971870385,2,config_1
535ef,46.46516156572527,-114.71582226780518,47,config_1
535f4,46.184056127014536,-115.22239744616999,16,config_1
535fc,46.7191696786044,-115.7330029511862,2,config_1
87604,43.54661003907631,-106.15809365922375,7,config_1
8760c,42.94302866051239,-106.15809365922375,41,config_1
87614,43.048942530511944,-105.4068079114331,9,config_1
8763,43.50002404328581,-104.2861115827901,1,config_1
8765,42.27767949176169,-104.2861115827901,42,config_1
87664,41.819907748612586,-105.4068079114331,20,config_1
8766c,42.438002969609244,-105.4068079114331,11,config_1
87679,41.84225776903397,-106.34637906744265,43,config_1
8767b,41.896459691315535,-105.96998775016152,16,config_1
8767c4,41.65017467942597,-106.06401788566258,8,config_1
8767d4,41.52108385254013,-105.87600401452671,13,config_1
8767dc,41.49438065980511,-106.06401788566258,37,config_1
8767f,41.53159852464974,-106.34637906744265,31,config_1
876804,41.28371540943097,-106.44058717271729,42,config_1
87680c,41.31110988950717,-106.25221430786118,24,config_1
87681c,41.127087572724186,-106.44058717271729,1,config_1
87686c,41.18148213869194,-106.06401788566258,1,config_1
876874,41.33814933099577,-106.06401788566258,13,config_1
87687c,41.36483428492762,-105.87600401452671,50,config_1
876885,41.358556460994706,-105.6412526632361,40,config_1
876887,41.345481578274985,-105.73511707429685,36,config_1
87688c,41.23446035881694,-105.68817878401569,28,config_1
876894,41.26041981484453,-105.50054826391207,41,config_1
87689c,41.417143114499915,-105.50054826391207,1,config_1
8768c4,41.128848060269256,-105.31311850329111,11,config_1
8768cc,41.154085331982635,-105.12589552960189,49,config_1
8768dc,40.971232881708275,-105.31311850329111,6,config_1
8768e4,40.94566402512966,-105.50054826391207,29,config_1
8768e9,41.07033033178135,-105.45367176673147,27,config_1
8768ed,41.13613727015647,-105.54743730866592,19,config_1
8768ef,41.05745063023039,-105.54743730866592,11,config_1
876e4,40.75557168282636,-103.91439904540992,4,config_1
876ec,40.6618539864436,-104.65878213755632,1,config_1
876f1,41.16086655074063,-104.47233005083724,15,config_1
876f3,41.11250782251378,-104.84546192392926,50,config_1
876f5,41.42695590176002,-104.84546192392926,31,config_1
876f7,41.47538374095602,-104.47233005083724,32,config_1
876f9,41.522418807757354,-104.10013262592865,23,config_1
876fb,41.207835352734804,-104.10013262592865,21,config_1
876fcc,41.16321972481441,-103.82162609645312,25,config_1
876fd4,41.18566006961442,-103.63627151570851,27,config_1
876ff,41.56806828006613,-103.72891667819331,2,config_1
87704,41.47681570545685,-103.17403478565704,36,config_1
8770c,41.5598456403957,-102.43805808577758,40,config_1
87711,41.065354682631515,-102.62162106466255,39,config_1
87713,41.10543227451957,-102.2547919038435,17,config_1
87717,40.7469758041587,-102.62162106466255,12,config_1
8771c,40.843791229286325,-103.17403478565704,39,config_1
8773,39.92294463415644,-102.80547525792774,18,config_1
877404,40.57609592532989,-101.98046125028425,6,config_1
87741c,40.59507975718874,-101.79796125168906,50,config_1
87743,40.54268733564946,-101.52480554998527,33,config_1
87745,40.22058874133704,-101.52480554998527,16,config_1
87749,39.85959287022081,-101.8891720843707,32,config_1
8774b,39.534093170630456,-101.8891720843707,2,config_1
8774ec,39.806349997144125,-101.61577730716193,30,config_1
8774f4,39.96869792548277,-101.61577730716193,38,config_1
87751,39.93258749821686,-101.16173564777472,43,config_1
87753,39.60693370828015,-101.16173564777472,12,config_1
87755,39.64141173362987,-100.80000510701574,17,config_1
87757,39.967137723652854,-100.80000510701574,8,config_1
877584,40.21873868514241,-100.70978669392025,25,config_1
87758c,40.380300330391556,-100.70978669392025,7,config_1
87759c,40.20176037332815,-100.89030986411571,23,config_1
8775b,40.25650387873525,-101.16173564777472,14,config_1
8775f,40.61334818718161,-100.80000510701574,42,config_1
87764,41.076142779162794,-100.98070031132626,34,config_1
8776d,41.14417280634816,-101.8891720843707,38,config_1
8776f,41.181586324336074,-101.52480554998527,22,config_1
87774,41.63749322793395,-101.70682943311247,1,config_1
877c,43.15114710263331,-102.0718280662253,40,config_1
8783,42.74585700633671,-99.90181306343518,12,config_1
8784c,42.52285134167598,-98.83627550306029,2,config_1
87853,42.406418513086834,-98.30884408222222,16,config_1
87855,42.43129801084637,-97.95928633924419,47,config_1
878561,42.63531794300361,-97.82863676314237,32,config_1
878563,42.71311335720011,-97.82863676314237,16,config_1
878565,42.70711292570512,-97.91570993103981,5,config_1
878567,42.62931883886357,-97.91570993103981,7,config_1
87857c,42.826595558948,-97.87216004899976,1,config_1
878d,43.03153171283092,-95.7299821027788,10,config_1
878e4,42.66516425382389,-96.74939926474936,15,config_1
878f9,42.7666452517483,-97.61142171393448,16,config_1
878fb,42.78917280150376,-97.26528581122331,7,config_1
878fd,42.477491070424776,-97.26528581122331,15,config_1
878fec,42.538812309592416,-97.52472429686226,19,config_1
878ff4,42.52726245843883,-97.69822718000074,44,config_1
87901,42.141459945849796,-97.61142171393448,2,config_1
87902c,42.2479453332842,-97.17902604633225,37,config_1
87903c,42.0797568861966,-97.35165580142355,31,config_1
879084,41.582549292048256,-97.69822718000074,12,config_1
879094,41.434988155110034,-97.52472429686226,15,config_1
87909c,41.423485283249626,-97.69822718000074,33,config_1
8790b,41.18981516269373,-97.61142171393448,12,config_1
8790d,41.21221226696082,-97.26528581122331,20,config_1
8790f,41.53129356806092,-97.26528581122331,10,config_1
87911,41.55256359024594,-96.92091345144947,1,config_1
87914c,41.16856296085561,-96.6638120059594,47,config_1
879154,41.178325572786484,-96.49297974540691,47,config_1
87915c,41.33835668801784,-96.49297974540691,43,config_1
879164,41.497930092382894,-96.49297974540691,39,config_1
87917c,41.657044289233845,-96.49297974540691,27,config_1
879181,41.77848064409726,-96.45034335805805,21,config_1
879183,41.7736571914623,-96.53564486778043,9,config_1
8791864,41.8762779811386,-96.47165795587398,27,config_1
879186c,41.83670100382468,-96.47165795587398,27,config_1
879189,41.93678923011028,-96.45034335805805,24,config_1
87918a4,41.99723148838734,-96.42903595990448,9,config_1
87918b4,42.03429654294124,-96.47165795587398,35,config_1
87918bc,41.99483534666596,-96.47165795587398,17,config_1
8791b,41.86983851659903,-96.92091345144947,25,config_1
8791d,42.18526573305039,-96.92091345144947,6,config_1
8791f,42.20544078758436,-96.57833866136845,6,config_1
87921,42.22448476566363,-96.23759466618242,9,config_1
879221,42.02052745621035,-96.3651570426858,33,config_1
879223,42.0252149719203,-96.28008642818537,34,config_1
87922c,41.82520587516023,-96.32260724129291,5,config_1
879234,41.834434574104726,-96.15269854577356,45,config_1
87925,41.92692152241489,-95.8987138825821,31,config_1
879384,41.214590906984775,-95.81428853484881,44,config_1
8793884,41.149077038372454,-95.9198387432287,47,config_1
8793889,41.17969642190755,-95.9092753881462,40,config_1
879388b,41.199738934375205,-95.9092753881462,1,config_1
879388d,41.19865315167011,-95.93040394687645,8,config_1
879388f,41.17861074084597,-95.93040394687645,14,config_1
8793894,41.18699621607522,-95.96211063966837,14,config_1
8793899,41.156377193659345,-95.97268322803032,20,config_1
879389b,41.15747133363485,-95.95153989605136,14,config_1
879389d,41.137414751213655,-95.95153989605136,18,config_1
879389f,41.136320714886764,-95.97268322803032,14,config_1
87938a4,41.144700675658925,-96.00441205201167,16,config_1
87938ac,41.14248675724379,-96.04674291893367,43,config_1
87938b4,41.18258471620395,-96.04674291893367,29,config_1
87938bc,41.184799052130074,-96.00441205201167,17,config_1
87938c4,41.2248688747453,-96.00441205201167,29,config_1
87938cc,41.22265412593901,-96.04674291893367,23,config_1
87938d4,41.262694962050645,-96.04674291893367,15,config_1
87938dc,41.26491011911447,-96.00441205201167,8,config_1
87938e4,41.267108097356115,-95.96211063966837,8,config_1
87938ec,41.227066448132064,-95.96211063966837,25,config_1
87938f1,41.23871654427415,-95.93040394687645,4,config_1
87938f24,41.22342397557144,-95.93568724161423,13,config_1
87938f2c,41.21340813981519,-95.93568724161423,4,config_1
87938f34,41.213952138734925,-95.9251211140415,1,config_1
87938f3c,41.22396799974258,-95.9251211140415,36,config_1
87938f7,41.23980252856463,-95.9092753881462,24,config_1
87938fc,41.26928892821248,-95.9198387432287,22,config_1
879394,41.365989673432814,-95.98325766018019,33,config_1
8793b,41.60957437374421,-95.8987138825821,47,config_1
8793d,41.59168827751169,-96.23759466618242,25,config_1
8793eb,41.399255397912064,-96.1102943120119,2,config_1
8793ed,41.319346658155744,-96.1102943120119,47,config_1
8793ef,41.31481164928742,-96.1951320179046,16,config_1
8793f1,41.234790057608556,-96.1951320179046,26,config_1
8793f3,41.239323411220845,-96.1102943120119,28,config_1
8793f44,41.178104403036535,-96.13149277021542,13,config_1
8793f4c,41.18035317693946,-96.0891031789097,8,config_1
8793f54,41.140255638976264,-96.0891031789097,50,config_1
8793f5c,41.13800728956779,-96.13149277021542,45,config_1
8793f7,41.15465418889395,-96.1951320179046,46,config_1
8793fc,41.18780769252191,-96.32260724129291,47,config_1
879401,41.06513648637467,-96.3651570426858,36,config_1
879403,40.9847762784513,-96.3651570426858,12,config_1
879405,40.98944305871173,-96.28008642818537,41,config_1
879406c,41.04856473289341,-96.30134320727262,23,config_1
8794074,41.08871708045269,-96.30134320727262,10,config_1
879407c,41.09103422269168,-96.25883691187738,19,config_1
87940c,41.03650970406013,-96.15269854577356,38,config_1
87941c,40.866363695147506,-96.32260724129291,1,config_1
87943,40.6287135784285,-96.23759466618242,22,config_1
87945,40.64651790192333,-95.8987138825821,49,config_1
879464,40.893105136331485,-95.81428853484881,1,config_1
87946c,40.884466057473276,-95.98325766018019,1,config_1
879471,41.007418325870596,-95.94097099813557,6,config_1
879475,41.083395131920504,-96.02557380749096,35,config_1
8794764,41.106770101176345,-95.96211063966837,29,config_1
879476c,41.066614267654415,-95.96211063966837,18,config_1
8794774,41.06879304560312,-95.9198387432287,24,config_1
879477c,41.108949298840706,-95.9198387432287,27,config_1
879479,41.09211116404106,-95.85648637454487,48,config_1
87947b,41.01174042673628,-95.85648637454487,4,config_1
87947d,41.01599434346719,-95.77212042411867,3,config_1
87951,40.33855315824203,-95.56172791278979,12,config_1
87955,40.02766163389052,-95.22666753958994,1,config_1
87957,40.01208086786522,-95.56172791278979,46,config_1
87959,39.99542970114765,-95.8987138825821,44,config_1
8795b,40.321869641350084,-95.8987138825821,8,config_1
8795f,39.977692064884515,-96.23759466618242,32,config_1
879604,39.88179431613656,-96.49297974540691,6,config_1
87960c,40.045427531973644,-96.49297974540691,17,config_1
879614,40.03572441422744,-96.6638120059594,39,config_1
87961b,39.91549852913506,-96.62106106216318,32,config_1
87961d,39.83357498989551,-96.62106106216318,19,config_1
87961f,39.828659711427306,-96.70659142835461,17,config_1
879624,39.86212749201303,-96.83509992015557,2,config_1
87962c,39.85187173436066,-97.00683933476365,2,config_1
879634,40.01547448464883,-97.00683933476365,37,config_1
87963c,40.02574070429329,-96.83509992015557,13,config_1
879644,40.18891059124939,-96.83509992015557,14,config_1
87964c,40.17863427142716,-97.00683933476365,31,config_1
879654,40.34134920669376,-97.00683933476365,10,config_1
87965c,40.35163526715548,-96.83509992015557,19,config_1
879664,40.36163823166306,-96.6638120059594,15,config_1
879669,40.23715691748151,-96.70659142835461,14,config_1
87966b,40.155679507619794,-96.70659142835461,15,config_1
87966d,40.16060470064263,-96.62106106216318,23,config_1
87966f,40.24208448090388,-96.62106106216318,7,config_1
87968c,40.523924964918095,-96.6638120059594,8,config_1
879693,40.642867147919915,-96.70659142835461,2,config_1
879695,40.72367226731233,-96.70659142835461,28,config_1
879697,40.72861315454021,-96.62106106216318,32,config_1
8796a4,40.85689643168396,-96.49297974540691,26,config_1
8796ac,41.017838290345814,-96.49297974540691,36,config_1
8796b1,40.9703568672904,-96.62106106216318,32,config_1
8796b3,41.05071141526464,-96.62106106216318,28,config_1
8796b9,40.884943847775695,-96.70659142835461,20,config_1
8796bb,40.889888837320825,-96.62106106216318,21,config_1
8796bd,40.80930753039419,-96.62106106216318,21,config_1
8796bf,40.804364570988746,-96.70659142835461,44,config_1
8796c1,40.79935101404905,-96.7922354503473,27,config_1
8796c3,40.79426661783948,-96.87799260898478,17,config_1
8796c5,40.874841739801006,-96.87799260898478,24,config_1
8796c7,40.87992822924891,-96.7922354503473,22,config_1
8796cc,40.998045857182724,-96.83509992015557,3,config_1
8796d4,40.9877243831065,-97.00683933476365,1,config_1
8796dc,40.826806757321236,-97.00683933476365,22,config_1
8796f,40.58976906346002,-96.92091345144947,11,config_1
87971,40.568597739799536,-97.26528581122331,9,config_1
879724,40.81620778946675,-97.17902604633225,41,config_1
87972c,40.97711683698611,-97.17902604633225,16,config_1
879734,40.96622131499573,-97.35165580142355,18,config_1
879739,40.84282109867322,-97.39488196255758,10,config_1
87973b,40.84833783483764,-97.3084570618028,44,config_1
87973d,40.76777366107775,-97.3084570618028,3,config_1
879744,40.7941448108874,-97.52472429686226,23,config_1
87975c,40.782677052919034,-97.69822718000074,34,config_1
87977,40.546273398247386,-97.61142171393448,37,config_1
87978c,40.13466309882152,-97.69822718000074,3,config_1
879794,40.14608951285392,-97.52472429686226,37,config_1
87979c,40.30877346150212,-97.52472429686226,27,config_1
8797b,40.24409090789683,-97.26528581122331,32,config_1
8797d,39.917803241309834,-97.26528581122331,10,config_1
8797f,39.89556392866921,-97.61142171393448,50,config_1
87981,39.87216159804796,-97.95928633924419,5,config_1
87983,40.19835861127867,-97.95928633924419,9,config_1
87985,40.17372965035999,-98.30884408222222,42,config_1
87987,39.847581801539405,-98.30884408222222,9,config_1
87989,39.82181041273541,-98.66005856336714,27,config_1
8798b,39.794833641332914,-99.0128926396605,17,config_1
8798c4,40.04639798786352,-98.92453434317243,19,config_1
8798dc,40.20898570960277,-98.92453434317243,38,config_1
8798f,40.147906455111624,-98.66005856336714,42,config_1
87991,40.4722350732974,-98.66005856336714,21,config_1
879924,40.371131337718325,-98.92453434317243,8,config_1
87992c,40.357291645182805,-99.10134979604823,2,config_1
879934,40.51898082836929,-99.10134979604823,29,config_1
87993c,40.5328330523414,-98.92453434317243,41,config_1
879941,40.65723446453356,-98.88039245390264,41,config_1
879943,40.73775221419235,-98.88039245390264,5,config_1
8799464,40.66879386820244,-98.99079377407365,31,config_1
879946c,40.67224040995963,-98.94661461650963,19,config_1
8799474,40.6319546780029,-98.94661461650963,18,config_1
879947c,40.62850887773695,-98.99079377407365,14,config_1
8799484,40.62504394032415,-99.03499768400519,10,config_1
879948c,40.66532818459247,-99.03499768400519,28,config_1
8799494,40.66184333288625,-99.0792262715641,30,config_1
879949c,40.621559839536445,-99.0792262715641,8,config_1
87994b,40.63644236637649,-99.14561525951646,12,config_1
87994d,40.716951249742145,-99.14561525951646,8,config_1
87994f,40.723961587235294,-99.05710889775952,13,config_1
879954,40.841021834126046,-99.10134979604823,7,config_1
879969,40.744532925317706,-98.79218356475204,18,config_1
87996b,40.664012294587465,-98.79218356475204,27,config_1
87996d,40.67071404327488,-98.70407502125441,12,config_1
87996f,40.75123751830207,-98.70407502125441,16,config_1
879974,40.72090232897766,-98.57210164219819,45,config_1
87997c,40.8817332505714,-98.57210164219819,26,config_1
879981,40.93162330275126,-98.4403573420946,28,config_1
879983,40.851316259024394,-98.4403573420946,9,config_1
8799844,40.87621480112571,-98.37457171013507,15,config_1
879984c,40.83603216030721,-98.37457171013507,32,config_1
8799854,40.83921551115803,-98.33074683162457,3,config_1
879985c,40.87939880220662,-98.33074683162457,11,config_1
8799864,40.91955394413451,-98.33074683162457,10,config_1
879986c,40.91636929953668,-98.37457171013507,12,config_1
8799874,40.95649562986808,-98.37457171013507,26,config_1
879987c,40.95968091128116,-98.33074683162457,28,config_1
87998c,40.90735869873179,-98.22129789306325,30,config_1
879994,40.74650661310234,-98.22129789306325,17,config_1
879999,40.69676452565974,-98.35265604392654,16,config_1
87999b,40.7772990149178,-98.35265604392654,12,config_1
87999d,40.77089673808562,-98.4403573420946,29,config_1
8799a4,40.57256431789411,-98.39649382124541,36,config_1
8799ac,40.410826869776194,-98.39649382124541,18,config_1
8799bc,40.585205338293115,-98.22129789306325,14,config_1
8799c1,40.63485950892557,-98.09017401782,46,config_1
8799c7,40.55409280483796,-98.09017401782,9,config_1
8799cc,40.43578815296684,-98.04651845312563,16,config_1
8799f,40.84541482909882,-97.95928633924419,21,config_1
879a4,41.31374370976711,-98.13385582671398,32,config_1
879b4,41.89599133698777,-98.83627550306029,8,config_1
879b9,41.40726284234922,-99.0128926396605,47,config_1
879bd4,41.04211418238893,-98.57210164219819,27,config_1
879bdc,41.02883797788774,-98.74811671290261,25,config_1
879bf,41.08836030487698,-99.0128926396605,18,config_1
879d,41.492537434213524,-99.90181306343518,19,config_1
879e1,40.646739314474765,-100.43965601897102,25,config_1
879e3,40.324452760090495,-100.43965601897102,1,config_1
879e5,40.356509312612566,-100.08072981765946,2,config_1
879e7,40.67885302120282,-100.08072981765946,34,config_1
879e9,40.70970141479207,-99.72326726161637,37,config_1
879eac,40.82683831763376,-99.27855828820766,5,config_1
879eb4,40.66605316626236,-99.27855828820766,33,config_1
879ebc,40.65157252225176,-99.45615499039194,28,config_1
879ec4,40.490353588006286,-99.45615499039194,11,config_1
879ecc,40.50482155800769,-99.27855828820766,14,config_1
879ed4,40.34314522304475,-99.27855828820766,11,config_1
879edc,40.3286904221237,-99.45615499039194,33,config_1
879ef,40.38730318435012,-99.72326726161637,9,config_1
879f1,40.06313467377643,-99.72326726161637,15,config_1
879f24,40.16658480581163,-99.45615499039194,23,config_1
879f2c,40.18102593935453,-99.27855828820766,5,config_1
879f34,40.01846553300199,-99.27855828820766,7,config_1
879f3c,40.0040385683257,-99.45615499039194,30,config_1
879f5,39.766638047664635,-99.36730841665778,9,config_1
879f7,39.737210557129316,-99.72326726161637,30,config_1
879f94,39.78029899854248,-100.17032573166424,37,config_1
879f9c,39.79595658887336,-99.99122538486702,21,config_1
879fd,40.000404559950375,-100.43965601897102,3,config_1
879fec,39.764326233674545,-100.34978946920158,2,config_1
879ff4,39.60098595134498,-100.34978946920158,14,config_1
879ffc,39.58471397938813,-100.52961150246017,36,config_1
5321,48.61063196275594,-103.15720819932973,1,config_1
5323,48.40308275369865,-104.83499219425873,8,config_1
5325,47.19442434183427,-104.2059630216571,50,config_1
532c,45.51376838607385,-102.57617830581343,2,config_1
5331,45.80837039793239,-105.18444864390555,41,config_1
5333,44.66354488062658,-104.57608940494013,6,config_1
5335,44.454658784374956,-106.09935394072954,43,config_1
53364,45.238950917508724,-106.9873571849699,21,config_1
5336c,45.35601138418614,-106.20171088761673,15,config_1
5337c,45.8059810724829,-107.33764576987134,28,config_1
533c,47.44538990252218,-107.00863259867317,29,config_1
549361,46.09253374611033,-123.9365210341686,15,config_1
549363,46.12742635287706,-123.83253105908348,11,config_1
549365,46.18677213740197,-123.91227052741866,41,config_1
549367,46.15173761067099,-124.01637849098238,5,config_1
54936c,46.2581773069839,-124.08450039849525,16,config_1
549374,46.328481344558476,-123.87567149510258,19,config_1
54937c,46.209364619303464,-123.71605666957866,37,config_1
54945,45.893440827384225,-122.85425393513302,49,config_1
54947,46.13330432642842,-123.1661068977671,24,config_1
54949,45.996297469706725,-123.58236268423515,29,config_1
5494a04,46.02197813963641,-123.95463140594354,3,config_1
5494a14,45.97499976725344,-123.9666682864336,5,config_1
5494a1c,45.99242902278998,-123.91484242586537,50,config_1
5494a3,45.93942020652776,-123.88116826914937,21,config_1
5494a41,45.939796818815786,-123.97567675728996,24,config_1
5494a43,45.93107770026529,-124.0015548847505,3,config_1
5494a45,45.916342872437234,-123.9816732923742,47,config_1
5494a47,45.92505316421193,-123.95580243417936,7,config_1
5494a49,45.910309514910814,-123.93594331691013,7,config_1
5494a4d,45.88687322236633,-123.94195569392993,32,config_1
5494a4e1,45.89281915188563,-123.96405669572145,37,config_1
5494a4e3,45.89650203141795,-123.96902112733645,14,config_1
5494a4e5,45.898678229117685,-123.96255694492156,11,config_1
5494a4e7,45.8949947985609,-123.95759296752455,2,config_1
5494a4ec,45.9000997064688,-123.95037797606587,3,config_1
5494a4f4,45.907468221936846,-123.96030646576678,6,config_1
5494a4fc,45.903114909770224,-123.97323718446158,7,config_1
5494a51,45.89290067758465,-123.98766255367738,8,config_1
5494a5204,45.888425325927756,-123.96518121043866,25,config_1
5494a520c,45.88658409323023,-123.96269953595439,5,config_1
5494a5214,45.885496338138836,-123.96593074487969,24,config_1
5494a521c,45.88733743310842,-123.96841253285085,6,config_1
5494a523,45.884784977180985,-123.97201827560316,21,config_1
5494a525,45.88110320074146,-123.96705483355217,14,config_1
5494a527,45.88327848176755,-123.96059300366728,19,config_1
5494a52c,45.8766678109054,-123.95638093589179,19,config_1
5494a534,45.872318165433086,-123.96930224446545,23,config_1
5494a7,45.96354187607536,-124.06427056238675,12,config_1
5494b1,45.810945572839195,-124.008567883627,38,config_1
5494b64,45.72881121143628,-123.93532355452489,42,config_1
5494b6c,45.758183677913244,-123.97489390278712,46,config_1
5494b74,45.77553096461845,-123.92333995284535,14,config_1
5494bc,45.83354431886302,-123.81407485023365,21,config_1
5494c4,45.71556514440772,-123.65644291781683,4,config_1
5494cc,45.64676011623329,-123.86237566111049,42,config_1
5494d4,45.529347762531195,-123.70523741844457,1,config_1
5494dc,45.597595738497574,-123.49977451492549,7,config_1
5494f,45.75866279079122,-123.26853181263735,33,config_1
549501,45.66037802468876,-122.91968181257504,5,config_1
549503,45.62693254583949,-123.02282408180253,11,config_1
5495044,45.59068576471431,-122.93915741391251,9,config_1
549504c,45.573990765406165,-122.99065315002353,17,config_1
5495054,45.54428241496691,-122.95210233983639,32,config_1
549505c,45.56094313992627,-122.90063759249483,33,config_1
5495064,45.57758014366212,-122.84914418901631,21,config_1
549506c,45.607357023818594,-122.88763287987958,8,config_1
5495074,45.62400449281106,-122.83607963557766,24,config_1
549507c,45.594193376472816,-122.79762221710806,48,config_1
5495084,45.56438413146292,-122.75922464350096,30,config_1
549508c,45.547805079518234,-122.81071529893603,30,config_1
5495091,45.52961560976151,-122.76906868893886,16,config_1
5495093,45.52133294532821,-122.79479518522301,10,config_1
5495095,45.506451109723656,-122.7756215970261,11,config_1
5495097,45.51472524725177,-122.74990292858993,22,config_1
5495099,45.52299344984612,-122.72417720296717,48,config_1
549509b,45.53789233682927,-122.74333511785996,12,config_1
549509d,45.54616312038097,-122.71759448300428,4,config_1
549509f,45.53125571136899,-122.6984444311788,19,config_1
54950a04,45.52213853156389,-122.67765886463285,34,config_1
54950a0c,45.51468415072015,-122.66809600727147,19,config_1
54950a14,45.51055982691381,-122.68095922912418,34,config_1
54950a1c,45.51801208015322,-122.6905240564604,7,config_1
54950a24,45.51388414278618,-122.70338749211464,14,config_1
54950a2c,45.50975472022771,-122.716249170215,38,config_1
54950a34,45.50230672311948,-122.70668040952,16,config_1
54950a3c,45.50643401745888,-122.69382069700062,4,config_1
54950a5,45.49319720780043,-122.68590608676298,25,config_1
54950a7,45.50144244602728,-122.66018905718924,14,config_1
54950a9,45.48653660876108,-122.64108371265209,37,config_1
54950ab,45.471631314451734,-122.62199324817144,9,config_1
54950ad,45.46340307183827,-122.6476945142619,14,config_1
54950af,45.478299871801276,-122.66679286312996,18,config_1
54950b1,45.47005720113569,-122.6924950201276,9,config_1
54950b3,45.455168897984805,-122.67338880438462,15,config_1
54950b5,45.44692879897792,-122.69907610750691,22,config_1
54950b7,45.46180860286365,-122.71819017261524,13,config_1
54950bc,45.48826070595497,-122.73403656523594,45,config_1
54950c4,45.47172613693838,-122.78543631186837,22,config_1
54950cc,45.44199101477293,-122.7471549843348,33,config_1
54950d4,45.42546683575761,-122.79849533207965,30,config_1
54950dc,45.455167904161684,-122.83680782536067,18,config_1
54950e4,45.48487090773235,-122.87517976564695,21,config_1
54950ec,45.501463249422216,-122.82377713003044,34,config_1
54950f4,45.53120227592204,-122.86217752738578,30,config_1
54950fc,45.51457577017012,-122.91361124109031,13,config_1
5495104,45.49792561189502,-122.96501635263638,38,config_1
549510c,45.48125185086533,-123.01639277495796,7,config_1
549511c,45.46825493246871,-122.92655394005118,10,config_1
549513,45.41546108083697,-122.8946250604236,27,config_1
549515,45.38223736110229,-122.99716688522332,11,config_1
549517,45.44140428964642,-123.07412642929737,4,config_1
549519,45.50057773123603,-123.15132365859832,11,config_1
54951a4,45.51089000086684,-123.05494551702208,4,config_1
54951ac,45.527598018622335,-123.00353834368217,27,config_1
54951b4,45.55727207593876,-123.04212000090983,15,config_1
54951bc,45.5405297464926,-123.09355787961901,34,config_1
54951d,45.59339209373215,-123.1258501314257,21,config_1
54951f,45.55975707229058,-123.2287592665428,3,config_1
549524,45.47964111286609,-123.34406418751146,3,config_1
54952c,45.41194671598311,-123.54905400824097,1,config_1
549534,45.2945619330906,-123.39382007857569,3,config_1
549539,45.31550913640053,-123.20190719861274,20,config_1
54953d,45.4079500339652,-123.1766757169508,14,config_1
54953f,45.34891991350762,-123.09959449348479,27,config_1
549541,45.289896478625785,-123.02274989878718,17,config_1
549543,45.230880336214035,-122.9461412456282,21,config_1
549545,45.19774215278079,-123.04821173566067,2,config_1
549547,45.25662221656687,-123.12494167754282,24,config_1
54954c,45.17719831865168,-123.23953026987837,47,config_1
549554,45.05986072563618,-123.0861792162156,26,config_1
549559,45.08000500418455,-122.89545586564758,8,config_1
54955b,45.13886954856946,-122.97171669206686,15,config_1
54955d,45.17187208987556,-122.86976784658351,7,config_1
54955f,45.11287233991971,-122.79362901407235,23,config_1
549564,45.19159928856739,-122.67862935948932,35,config_1
549569,45.26392548095067,-122.84395807806548,23,config_1
54956b,45.32307755588039,-122.92044433274707,23,config_1
54956d,45.3561650532377,-122.81802566691583,30,config_1
54956e4,45.319930115210504,-122.73513248320721,4,config_1
54956ec,45.30346074001942,-122.78632346402566,3,config_1
54956f4,45.27383589555715,-122.74818562064019,5,config_1
54956f93,45.2836845033225,-122.69308518659241,47,config_1
54956f95,45.28739140362131,-122.69784416968982,4,config_1
54956f9c,45.28040523662829,-122.71145326221156,1,config_1
549571,45.329735089057436,-122.63925646910941,40,config_1
5495724,45.36607080860394,-122.72204833390226,18,config_1
549572c,45.395767778611,-122.76024219764706,14,config_1
5495734,45.41225795901906,-122.708933058862,15,config_1
549573c,45.38252704556062,-122.67077044688014,5,config_1
5495744,45.39895967699165,-122.6194647461854,6,config_1
549574c,45.4287245144053,-122.65759596697339,39,config_1
5495754,45.44516739609214,-122.60623100993578,11,config_1
549575c,45.415368654422686,-122.56813131981727,11,config_1
549577,45.36249877516487,-122.53673942058207,14,config_1
54957c,45.25690974120018,-122.47419175284617,12,config_1
549584,45.32184354756758,-122.26931980053114,19,config_1
54958c,45.38639768122647,-122.06401918838041,8,config_1
549591,45.46022074407094,-122.22853176892954,7,config_1
549593,45.492603767538526,-122.12557943376629,1,config_1
5495944,45.52956514171209,-122.20802847922594,26,config_1
549594c,45.54578315875337,-122.15647645593711,19,config_1
5495954,45.57585240088682,-122.19431887476829,8,config_1
549595c,45.559600644506745,-122.24590354593907,30,config_1
5495964,45.54332483002652,-122.29746106779834,25,config_1
549596c,45.513323087897405,-122.25955349297597,3,config_1
549597c,45.527025005001356,-122.34899134968357,26,config_1
5495984,45.51070121712929,-122.4004943012694,21,config_1
549598c,45.49435351425048,-122.45196983256811,20,config_1
5495994,45.464453180043336,-122.41396557173343,17,config_1
549599c,45.48076705949738,-122.36252212942001,3,config_1
54959b,45.42774198470452,-122.33137635794274,6,config_1
54959d,45.395167868097275,-122.43411248023591,15,config_1
54959e4,45.43175392951714,-122.51677025611298,17,config_1
54959ec,45.44811545407697,-122.46538164374758,24,config_1
54959f4,45.47798194434652,-122.50341785392995,46,config_1
54959fc,45.461586555539675,-122.5548382760434,32,config_1
5495a04,45.491421489830095,-122.59296573551933,35,config_1
5495a09,45.50968174198434,-122.63446502764646,29,config_1
5495a0b,45.52459661841507,-122.65357737208312,27,config_1
5495a0d,45.532838469246386,-122.6278384447301,12,config_1
5495a0f,45.51791508957677,-122.60873400920435,26,config_1
5495a14,45.537721940276384,-122.57966880681761,39,config_1
5495a1c,45.50785079837465,-122.54151354488577,13,config_1
5495a24,45.52425626778927,-122.49003361500652,4,config_1
5495a2c,45.54063784974779,-122.43852603515344,29,config_1
5495a34,45.570576881470984,-122.47661742208858,7,config_1
5495a3c,45.55416136477599,-122.52815700965833,20,config_1
5495a5,45.6072594946009,-122.55966380656399,13,config_1
5495a64,45.597470783103056,-122.65615840444629,7,config_1
5495a6c,45.5675952939552,-122.6178837299336,22,config_1
5495a74,45.55109797946125,-122.66939933229116,50,config_1
5495a7c,45.58093938239785,-122.70770564918686,33,config_1
5495a9,45.633999524408495,-122.73948351365863,38,config_1
5495ab,45.69372812853475,-122.81642402428908,15,config_1
5495ad,45.72698245783537,-122.71305142312553,1,config_1
5495bc,45.62652357665749,-122.36667527155068,13,config_1
5495e1,45.68180777174847,-121.78777365240131,7,config_1
5495e3,45.62117100956638,-121.71270722930043,3,config_1
5495e5,45.589174670316346,-121.81608323695424,9,config_1
5495e7,45.649677321227294,-121.89128431009817,47,config_1
5495e9,45.61744946141014,-121.99468904094734,41,config_1
5495ea4,45.60828354984459,-122.09106844882592,6,config_1
5495eac,45.592080051755204,-122.14270714528533,26,config_1
5495eb04,45.579336617334896,-122.09971547839758,27,config_1
5495eb1b,45.57441961749937,-122.10703064241561,5,config_1
5495eb1d,45.578183233970904,-122.11175514241003,23,config_1
5495eb1e1,45.57832939747082,-122.1175592799678,15,config_1
5495eb1e3,45.57782327460527,-122.11917211783522,42,config_1
5495eb1e5,45.57688247745067,-122.11799070552861,8,config_1
5495eb1e64,45.57702684209295,-122.11648576571882,23,config_1
5495eb1e6c,45.57749725232896,-122.11707644525613,27,config_1
5495eb1e74,45.57775029552421,-122.11627003179733,7,config_1
5495eb1e7c,45.57727987706018,-122.11567936028605,7,config_1
5495eb1ec,45.57572431008701,-122.11541232087541,21,config_1
5495eb1f4,45.57471218176078,-122.11863778360411,1,config_1
5495eb1fc,45.576593671863,-122.12100058788837,4,config_1
5495eb3,45.56545424106972,-122.12724363215422,11,config_1
5495ebc,45.578146893827764,-122.05329174519309,46,config_1
5495ed,45.52489067872995,-122.02252007835348,9,config_1
5495f4,45.450569151686715,-121.85829568653263,23,config_1
5495f9,45.46820832341885,-121.66639659969965,32,config_1
5495fd,45.56054748442948,-121.63787984137518,30,config_1
5495fe4,45.523014387132335,-121.5561147957429,15,config_1
5495fec,45.50715730996804,-121.60771023644159,24,config_1
5495ff4,45.476872641372864,-121.57045814575052,18,config_1
549604,45.57775232516994,-121.44560351326663,29,config_1
549609,45.65306975429581,-121.60922715803356,5,config_1
54960b,45.71384044270054,-121.68415781468778,18,config_1
54960d,45.74577496620545,-121.580437549104,17,config_1
54960e4,45.708038532170804,-121.49839922409828,24,config_1
54960ec,45.69214600751425,-121.55023380579149,7,config_1
54960f4,45.66171396342792,-121.51287969391869,21,config_1
549614,45.76293777373835,-121.38733978503286,11,config_1
549619,45.68702051935048,-121.223893541159,11,config_1
54961b,45.655549631313285,-121.327541899039,26,config_1
54961d,45.5945414574066,-121.25336500939484,3,config_1
54961f,45.6258799067386,-121.14985626705264,14,config_1
54963,45.796006299705105,-121.00126883087775,4,config_1
5499,46.725238590638696,-119.54524524241785,6,config_1
549e4,47.5730748192771,-117.67448875400636,13,config_1
549f84,46.759975770650236,-117.2380976278868,4,config_1
549f89,46.7679406946184,-117.04402960699838,44,config_1
549f8b,46.795088379594425,-116.93721939805538,15,config_1
549f8d,46.86132861053758,-117.00477460659363,21,config_1
549f94,46.947040748508314,-117.16020596583411,17,config_1
549fc4,47.13477871485241,-117.0815582202597,22,config_1
549fcc,47.267965314591365,-117.21856620724007,39,config_1
549fd4,47.32318694444472,-117.00214314372323,2,config_1
549ff,46.96230303125335,-116.77064563892745,23,config_1
53603,47.337942790207336,-116.60931641794492,5,config_1
53604c,47.4861226062439,-116.35127984949823,20,config_1
536054,47.539518544562405,-116.13382063547691,43,config_1
53605c,47.40389059397425,-116.00063084606681,5,config_1
53608c,47.320394477640626,-115.65230265387815,7,config_1
536093,47.39314048728319,-115.52268554888646,32,config_1
536095,47.418845928240486,-115.41436608682312,15,config_1
536097,47.35061602924288,-115.34939814171975,45,config_1
5360a24,47.28439410591532,-115.1875938450626,3,config_1
5360a29,47.306819708415965,-115.2252591606768,15,config_1
5360a2b,47.32388231314715,-115.24139418473038,21,config_1
5360a2f,47.313155442649006,-115.198257525994,18,config_1
5360a5,47.33302751722126,-115.06868552521401,2,config_1
5360a7,47.26464996884546,-115.00460287498171,6,config_1
5360b4,47.47358472680877,-115.00268905937983,1,config_1
5360bc,47.42298069392051,-115.21942735667665,5,config_1
5360d,47.65409551451384,-115.30556765376139,5,config_1
5360e4,47.644925898324104,-115.69819356350656,3,config_1
5360ec,47.508341076191286,-115.56659090224979,14,config_1
5360f1,47.50342995415923,-115.7624179381251,15,config_1
5360f24,47.45887307064165,-115.68587981564077,30,config_1
5360f2c,47.42483079681051,-115.65303839545705,36,config_1
5360f3c,47.445860299964075,-115.74012413210993,9,config_1
5360f7,47.477257585122416,-115.87102769754931,39,config_1
53611,47.82355493647478,-116.00704769208299,1,config_1
5361409,48.038919326583596,-115.86104482477823,19,config_1
536140b,48.04555225958282,-115.8335056125139,17,config_1
536140f,48.05610084949208,-115.87780269627413,15,config_1
536141c,48.07188567760684,-115.94431859372075,27,config_1
536143,48.13010574440461,-115.9672121056032,6,config_1
536145,48.156774943986626,-115.85676025243849,38,config_1
5361464,48.11175259485252,-115.77887024442833,35,config_1
536146c,48.09849328224364,-115.83403461339019,2,config_1
5361474,48.064087732220266,-115.80055091267015,13,config_1
536147c,48.0773167549995,-115.74543762194477,3,config_1
536151,48.252343041052924,-115.81334017509137,34,config_1
536155,48.34807137994879,-115.76970343698264,20,config_1
536157,48.32139722850911,-115.88068699297001,13,config_1
53615c,48.24672134926885,-116.01318804502141,25,config_1
5361624,48.23745617856474,-116.31338901445179,34,config_1
536163d,48.21512124443717,-116.27395651993801,26,config_1
536163f,48.19796676770264,-116.25691911018276,28,config_1
536165,48.144939963059606,-116.25583699349065,21,config_1
536167,48.17196937390946,-116.14530668544303,49,config_1
536168c,48.113754169670734,-116.12210554953344,42,config_1
5361694,48.079452463543305,-116.08829202479588,19,config_1
536169c,48.09286082978477,-116.03313740450642,20,config_1
53617c,48.138357843237245,-116.45571037033278,23,config_1
536181,48.13133116256656,-116.6557976341015,24,config_1
536183,48.063140300729145,-116.58703753804933,33,config_1
536185,48.035637373929696,-116.69730409921439,32,config_1
536194,47.89240417108123,-116.75917809777748,12,config_1
53619c,47.94727199482624,-116.53937058907967,11,config_1
5361ac,47.675294568700586,-116.26800136853481,1,config_1
5361b3,47.60105982241437,-116.39792039443721,5,config_1
5361b5,47.5740640692742,-116.5068803957278,39,config_1
5361b7,47.6416826716751,-116.57470826640315,25,config_1
5361bc,47.756840737102905,-116.62220561221308,1,config_1
5361c1,47.74954118582011,-116.82059389389994,9,config_1
5361c24,47.745726735510644,-116.91986322016423,8,config_1
5361c2c,47.73188365900274,-116.9745741524424,6,config_1
5361c34,47.698171871622705,-116.94012874584686,8,config_1
5361c3c,47.711983793619574,-116.88546579911922,34,config_1
5361c5,47.65450554551602,-116.8612857451306,4,config_1
5361c64,47.65824323124244,-116.76227651618831,44,config_1
5361c6c,47.692000885955544,-116.79649956881377,32,config_1
5361c7c,47.671935296168975,-116.70767584200726,5,config_1
5361cc,47.56706734547123,-116.7042277600736,39,config_1
5361d4,47.512262593392066,-116.92194926719601,2,config_1
5361dc,47.64670175834785,-117.05945147472666,7,config_1
5361f,47.87668118067037,-117.1578210265445,8,config_1
53624,48.33937164704846,-117.35782102077606,6,config_1
536384,48.85421534836872,-116.33777324977335,1,config_1
536389,48.76386564582282,-116.17796203685943,17,config_1
53638b,48.69448183382085,-116.10926828533582,2,config_1
53638f,48.7364498846037,-116.29018746217021,39,config_1
536394,48.66055768945294,-116.42375963825607,1,config_1
5363b,48.64592688075106,-116.8293512662635,7,config_1
5363c1,48.51573690275921,-116.48768055063717,15,config_1
5363c3,48.44691753702256,-116.41868800353038,11,config_1
5363c5,48.41939176099038,-116.53002670188567,29,config_1
5363cc,48.41212662452567,-116.73162069331559,6,config_1
5363d04,48.347239306310875,-116.56164688699653,11,config_1
5363d0c,48.312963101156924,-116.52716887649046,18,config_1
5363d14,48.29918844291552,-116.58266099531299,17,config_1
5363d1c,48.333433362473954,-116.61718912791616,5,config_1
5363d5,48.227188446331695,-116.61408363715809,17,config_1
5363d64,48.23072264871854,-116.51379873452075,20,config_1
5363d6c,48.264951512373734,-116.5481975783187,44,config_1
5363d8c,48.27177005242182,-116.34757275782698,34,config_1
5363d94,48.306092258986794,-116.38182088738797,48,config_1
5363db,48.3507295478912,-116.46109190767382,49,config_1
5363ec,48.52247958088836,-116.28586382456969,2,config_1
5363f4,48.57693122717806,-116.06257996298523,4,config_1
5363f9,48.48653134579997,-115.90475330802141,7,config_1
5363fe4,48.39329699441113,-115.84801703556182,22,config_1
5363fec,48.42789672762186,-115.88180529801627,9,config_1
5363ff4,48.441280155799575,-115.82616891961393,28,config_1
5363ffc,48.406649822139734,-115.79243246431352,13,config_1
53641,48.58809025793958,-115.65965286452436,48,config_1
53643,48.69358213800496,-115.21243830891672,1,config_1
53645,48.97417905579433,-115.48066834222587,3,config_1
5365c,48.989805593632624,-114.67093743067078,39,config_1
536604,48.710517776289166,-114.01051040502473,4,config_1
53660c,48.66093156446786,-114.23382855713369,10,config_1
536611,48.567162814061945,-114.08209565973404,4,config_1
536615,48.47178393263968,-114.12952383404664,1,config_1
5366164,48.47259144594552,-114.03034814555966,18,config_1
5366174,48.52023933547585,-114.00656124536545,30,config_1
536617c,48.48486008127689,-113.9748344637204,15,config_1
536619,48.52091578293788,-113.90735875416229,41,config_1
53661b,48.59178279603048,-113.97077023483786,32,config_1
53661c4,48.5924252052166,-113.87141451005598,15,config_1
53661cc,48.627912975973516,-113.90309890664213,28,config_1
53661d4,48.64014569391742,-113.84737732146057,37,config_1
536624,48.42682218495688,-113.75730726660761,8,config_1
53662c,48.28525127148754,-113.63219027302878,28,config_1
5366394,48.354394371238676,-113.99071201518305,45,config_1
536639c,48.319117692968426,-113.95912260704718,16,config_1
53663d,48.42570333803289,-113.95507737108615,9,config_1
53663e4,48.42498183137154,-114.05407628384033,16,config_1
53663ec,48.389682441204094,-114.02236319119733,36,config_1
53663f4,48.37741055484478,-114.07774587918529,27,config_1
536641,48.37655852081811,-114.17671780132248,42,config_1
536643,48.35180486232695,-114.28747450970532,8,config_1
536645,48.28148707919276,-114.22367930461249,12,config_1
536647,48.30612566063615,-114.11314098059643,18,config_1
53664c,48.18834261462575,-114.07334956975846,38,config_1
5366504,48.210284837418826,-114.25874891660908,23,config_1
536650c,48.19791863751175,-114.31390459299257,20,config_1
5366514,48.16286504707842,-114.28205690934153,9,config_1
536653,48.11645659709142,-114.20689188371308,22,config_1
536655,48.09180806787498,-114.31691180715701,1,config_1
536657,48.16180665605284,-114.38064572462841,26,config_1
53665c,48.2793706065498,-114.42143559895219,9,config_1
53667,48.51522327835127,-114.50368763983607,33,config_1
5366ac,48.35317349744235,-115.56966940943184,39,config_1
5366b24,48.25994591123201,-115.5140151966723,21,config_1
5366b3c,48.22531017477689,-115.48076550843656,36,config_1
5366b5,48.166845331875976,-115.45862375890401,44,config_1
5366c4,48.12759293472177,-115.08394640444803,38,config_1
5366cb,48.097661491029655,-115.39245124975675,49,config_1
5366cd,48.028516722943635,-115.32652989403861,45,config_1
5366cf,48.05434991141578,-115.21646831384504,34,config_1
5366db,48.01072254707397,-115.0410991642945,41,config_1
5366dd,48.03620041391161,-114.93114333574445,32,config_1
5366e1,47.992024749777286,-114.75655163734658,14,config_1
5366e3,48.01714863339299,-114.64670981821577,6,config_1
5366e5,48.086800048406204,-114.7110847544321,44,config_1
5366e7,48.06155963993043,-114.8211381746402,16,config_1
5366f9,48.13692372406188,-114.49083744753669,40,config_1
5366fb,48.111921466258764,-114.60098415198685,16,config_1
5366ff,48.067040457314064,-114.42688882529112,1,config_1
536704,47.94995658393444,-114.38623868345482,18,config_1
536709,47.85765852467254,-114.23651437699739,2,config_1
53670b,47.78795570886,-114.17354286711026,43,config_1
53670d,47.76352718072852,-114.28262398103989,4,config_1
53670f,47.8331162272265,-114.34580804600702,6,config_1
53675,47.47966380379973,-114.6137059184163,2,config_1
536764,47.48406329879816,-114.22581414508355,4,config_1
536774,47.671374043172605,-114.13392419193407,50,config_1
53677c,47.53236308508113,-114.00921067697634,14,config_1
536781,47.53347756241397,-113.81578980606932,1,config_1
536785,47.626960288822204,-113.76907189315493,40,config_1
536786c,47.56872093304005,-113.74995225430044,20,config_1
5367874,47.53387913933098,-113.71919123383506,32,config_1
536794,47.76747458865636,-113.69857192964535,12,config_1
536799,47.76657901768659,-113.89295922413343,8,config_1
53679b,47.69674537138249,-113.83089628916001,42,config_1
53679f,47.74249773566665,-114.00190495438922,1,config_1
5367a4,47.859308985380174,-114.04114182389593,5,config_1
5367ac,47.999147641198796,-114.16692796400577,33,config_1
5367b1,48.00066765051444,-113.9709614885147,9,config_1
5367b24,48.04717969119743,-114.04549947132861,9,config_1
5367b2c,48.082245092434,-114.07699362802866,21,config_1
5367b34,48.09443720115171,-114.02203386163325,17,config_1
5367b3c,48.05934340842058,-113.99059390524782,35,config_1
5367b5,48.09509991823783,-113.92388882002416,35,config_1
5367bc,47.90757369264056,-113.82253107456742,50,config_1
53684,48.04784377424642,-112.77697758216684,17,config_1
536884,48.33298472285793,-113.41138846834842,22,config_1
53688d,48.42759968992468,-113.16587860975096,39,config_1
53688f,48.4040392256951,-113.27649312607903,25,config_1
536891,48.475217318873575,-113.3382678340789,24,config_1
536893,48.498888975154955,-113.2274271827758,12,config_1
536895,48.57022727633786,-113.28922014614221,23,config_1
536897,48.546443939692175,-113.40028731281993,2,config_1
53689c,48.475005570331774,-113.53561287066832,19,config_1
5368a3,48.59370081190887,-113.57381093349562,3,config_1
5368a4c,48.65314021183607,-113.5929883767408,12,config_1
5368a54,48.688770470025226,-113.6243916682006,31,config_1
5368a5c,48.67666022574301,-113.68015269531448,34,config_1
5368a7,48.64065638209922,-113.74799619247796,42,config_1
5368a84,48.68790413907846,-113.82328038513909,32,config_1
5368a8c,48.700104215057365,-113.76748253123527,36,config_1
5368a94,48.735700475010255,-113.79912347668518,29,config_1
5368ab,48.78298402413562,-113.87467303738622,8,config_1
5368ad,48.80746587911675,-113.76277517265882,25,config_1
5368ae4,48.76006564663386,-113.68738514639256,7,config_1
5368aec,48.747898437268574,-113.74325926523564,38,config_1
5368af1,48.724218081271815,-113.70560801649441,14,config_1
5368af3,48.718137492579274,-113.73352141946316,27,config_1
5368af44,48.70630225909808,-113.71470671518232,6,config_1
5368af4c,48.703262719731306,-113.728657510394,4,config_1
5368af54,48.6943613283687,-113.72076780523821,50,config_1
5368af5c,48.697399086010314,-113.70682053738318,6,config_1
5368af7,48.706404959876025,-113.68983844813233,8,config_1
5368afc,48.72441230570829,-113.65585720708363,7,config_1
5368b24,48.807895380359504,-113.66303501328846,42,config_1
5368b2c,48.84360009706125,-113.69463142691772,7,config_1
5368b3c,48.82002949829298,-113.60708463489912,3,config_1
5368b5,48.85605933401269,-113.53886020462556,5,config_1
5368b7,48.78453063347595,-113.47607751330723,17,config_1
5368b9,48.713048674171986,-113.41354409160134,36,config_1
5368ba4,48.71289895543221,-113.51284123760689,33,config_1
5368bac,48.70085005224769,-113.56862113492942,32,config_1
5368bb4,48.665191458337375,-113.53727445103031,4,config_1
5368bbc,48.67721208010555,-113.48155128942177,1,config_1
5368bd,48.61771852465392,-113.46255276986314,1,config_1
5368bf,48.64161403148998,-113.35125871020159,4,config_1
5368d,48.80840711861771,-113.16553571395352,5,config_1
5368f,48.52174746870863,-112.9196648690491,34,config_1
5369c,48.22674871414353,-111.90100617582074,2,config_1
536b,48.7736824893287,-110.80828328460862,4,config_1
536f,49.57777376810437,-113.56950624422853,34,config_1
531,51.3786418539575,-107.54900222906777,1,config_1
86341,33.19770827767789,-93.90626879090993,23,config_1
86345,33.54544526439566,-94.23333545857355,42,config_1
86347,33.55616395172208,-93.90626879090993,12,config_1
86354,34.06252900916841,-94.72775278355441,22,config_1
8635c,33.348618938234175,-94.72775278355441,37,config_1
86364,32.629398506440324,-94.72775278355441,45,config_1
8636c,32.65239459447722,-94.0695453815523,38,config_1
86374,31.92784856604255,-94.0695453815523,5,config_1
8637c,31.905127482149442,-94.72775278355441,19,config_1
86384,31.17607867822554,-94.72775278355441,20,config_1
8638c,30.442537644415054,-94.72775278355441,11,config_1
86394,30.46465927910684,-94.0695453815523,13,config_1
8639c,31.198508269802126,-94.0695453815523,16,config_1
863b,30.858922248180154,-93.09770198132622,1,config_1
863ec,29.726599575060234,-94.0695453815523,20,config_1
863f1,29.525508409212723,-94.56244259389422,36,config_1
863f3,29.895415982648124,-94.56244259389422,7,config_1
863f5,29.883583976677322,-94.8935627223328,25,config_1
863f7,29.51376636956181,-94.8935627223328,45,config_1
863f84,29.23271960704705,-94.97665398592595,25,config_1
863f9d,29.283654563203253,-94.85206358017719,43,config_1
863f9e4,29.30907275299941,-94.78987313653973,30,config_1
863f9ec,29.26270834631825,-94.78987313653973,12,config_1
863f9fc,29.310547911515194,-94.74845176846277,16,config_1
8661,27.570588562992125,-99.90181306343518,6,config_1
8665,26.16900048073332,-98.48424653420417,50,config_1
8667,27.664827355762355,-98.48424653420417,20,config_1
86681,28.274346959657226,-97.61142171393448,9,config_1
86683,28.293203706659533,-97.26528581122331,1,config_1
86685,27.920740241096542,-97.26528581122331,45,config_1
86687,27.902046902642613,-97.61142171393448,15,config_1
86689,27.52898436210236,-97.61142171393448,8,config_1
8668b,27.155201945312953,-97.61142171393448,1,config_1
8668d,27.173557984663677,-97.26528581122331,3,config_1
8668ec,27.449557103282782,-97.35165580142355,32,config_1
8668f4,27.636335355211692,-97.35165580142355,32,config_1
8668fc,27.64538033825934,-97.17902604633225,26,config_1
8669b,27.93847364744315,-96.92091345144947,41,config_1
8669d,28.311091981760725,-96.92091345144947,23,config_1
8669f,28.328023737649694,-96.57833866136845,16,config_1
866f4,26.60243699059419,-97.43813547748366,6,config_1
866f9,26.02997022777748,-97.61142171393448,9,config_1
866fa4,26.13743188325994,-97.35165580142355,2,config_1
866fa9,26.19098084894281,-97.22214211701957,3,config_1
866fab,26.195281442356226,-97.13593766610796,2,config_1
866fad,26.101264044245603,-97.13593766610796,47,config_1
866faf,26.09697434782094,-97.22214211701957,1,config_1
866fb4,25.958043723399193,-97.17902604633225,1,config_1
866fbc,25.949383305439152,-97.35165580142355,3,config_1
866fd,25.67138624225083,-97.26528581122331,3,config_1
54c004,44.876672870898346,-123.13638658468328,27,config_1
54c00c,44.75993901131253,-122.98441784854745,35,config_1
54c014,44.69423326686318,-123.18612488324155,17,config_1
54c01c,44.810428677874434,-123.33856408610643,2,config_1
54c03,44.652692322458776,-123.56430088676868,45,config_1
54c044,44.51254266271394,-123.23540084902007,47,config_1
54c04c,44.44665935280053,-123.43575796387397,20,config_1
54c054,44.3316017155305,-123.28422109042361,11,config_1
54c05c,44.3969513015164,-123.08432313881148,18,config_1
54c064,44.46194719118777,-122.88399265056638,4,config_1
54c06c,44.57807122331754,-123.034602798656,42,config_1
54c074,44.64324195883134,-122.8333690337179,7,config_1
54c07c,44.52658635807166,-122.68323485952999,9,config_1
54c09,44.319811141654064,-122.55980800458357,24,config_1
54c0b,44.08732541386454,-122.26447724367158,8,config_1
54c0d,43.9610091899147,-122.66182272622748,26,config_1
54c0e1,44.05676496888519,-122.99619917183729,47,config_1
54c0e24,44.091744359106464,-123.07704223696287,45,config_1
54c0e2c,44.120437698967734,-123.11446429564242,1,config_1
54c0e34,44.13662561181379,-123.06475719553863,4,config_1
54c0e3c,44.107899342388684,-123.02736383444964,9,config_1
54c0ec,44.165890674987395,-122.78487478452585,2,config_1
54c0f4,44.281399125097025,-122.93414948155494,7,config_1
54c0fc,44.21657986499223,-123.13358548269316,16,config_1
54c104,44.15141099179493,-123.3325920901741,15,config_1
54c10c,44.085895544765485,-123.53116421653026,1,config_1
54c119,43.992168924597216,-123.19452922831502,1,config_1
54c11b,44.04931982233878,-123.26946117113417,2,config_1
54c11c4,44.0593692680978,-123.17631943730957,22,config_1
54c11cc,44.087996700540586,-123.21379850766172,11,config_1
54c11d4,44.10422804620399,-123.16414475955719,13,config_1
54c11dc,44.07556765206611,-123.12669413113962,43,config_1
54c11e1,44.05811412245296,-123.0862375476658,34,config_1
54c11e3,44.04378180408187,-123.06755752229664,18,config_1
54c11e5,44.0357085866693,-123.0923589827379,9,config_1
54c11e7,44.050032686383894,-123.11104615039208,14,config_1
54c11ec,44.03074441732155,-123.13889596314753,12,config_1
54c11f4,44.00212221798227,-123.10152800827267,13,config_1
54c11fc,44.018254836662265,-123.0519597129871,13,config_1
54c124,43.922545334410984,-123.03308913047809,20,config_1
54c12c,43.80817910644299,-122.88466561287404,15,config_1
54c131,43.78874655309706,-123.06972748231526,29,config_1
54c137,43.75662668813892,-123.16829000791552,32,config_1
54c13c,43.85808447641714,-123.23076201303829,7,config_1
54c15,43.70421932766813,-123.45159560053577,26,config_1
54c17,43.93041073831826,-123.7524358267999,24,config_1
54c181,44.021800202461975,-124.09063389524485,29,config_1
54c185,44.11170311481232,-124.06811152898989,37,config_1
54c187,44.07818451236414,-124.16710891310443,5,config_1
54c18c,44.179641205614885,-124.23267551598474,34,config_1
54c194,44.24691214575153,-124.03413271386738,36,config_1
54c19c,44.13346150644872,-123.88126859245368,5,config_1
54c1b,44.29004488927913,-123.65923829337514,19,config_1
54c1c4,44.42785263974292,-123.98845919831362,32,config_1
54c1cc,44.494975131402725,-123.78855993945692,1,config_1
54c1d1,44.56405410506756,-123.95392441536728,1,config_1
54c1d3,44.59773131027361,-123.85369417775613,4,config_1
54c1d5,44.65509119707853,-123.93076661624858,1,config_1
54c1d64,44.64405475424302,-124.02535698928652,8,config_1
54c1d74,44.59851323571121,-124.03684943437378,11,config_1
54c1d79,44.61572252214316,-124.07837260651121,7,config_1
54c1d7b,44.62419646462211,-124.05330630379224,49,config_1
54c1d7d,44.63849899375138,-124.07264804040794,34,config_1
54c1dc,44.54188417145705,-124.14269449172951,47,config_1
54c1f,44.38312736701289,-124.36475954433166,31,config_1
54c24,44.0657751952635,-124.8044749726811,6,config_1
54c379,43.331467897076955,-124.43986184421446,26,config_1
54c37f,43.276326212267705,-124.3642109612264,27,config_1
54c384,43.353560979140546,-124.2563094794697,31,config_1
54c38c,43.41949821664116,-124.0616545322461,1,config_1
54c394,43.53071693181374,-124.2126802429866,22,config_1
54c3b,43.66400217750503,-124.53873409546958,1,config_1
54c3c1,43.664080870972825,-124.17969784759082,13,config_1
54c3c3,43.6972664470952,-124.08167717511888,9,config_1
54c3c5,43.75322679834406,-124.15758423738522,29,config_1
54c3c7,43.71990841033953,-124.25570819418175,1,config_1
54c3d4,43.88730059527768,-124.12422402492338,31,config_1
54c3f,43.573792872511746,-123.84394233243346,11,config_1
54c41,43.34984751231448,-123.54486997172863,20,config_1
54c424,43.21381787233215,-123.22564996050073,28,config_1
54c434,43.03850811474893,-123.27271778690421,17,config_1
54c439,43.10624211048535,-123.4314931064407,32,config_1
54c43b,43.13812198344,-123.33452574262127,10,config_1
54c43d,43.193990737494225,-123.40827409703043,11,config_1
54c45,42.99848276189875,-123.6364814143673,20,config_1
54c47,43.22019292862031,-123.93380483756474,2,config_1
54c481,43.22119100253183,-124.2887739623751,31,config_1
54c483,43.188178253077005,-124.38561895460934,37,config_1
54c485,43.13318100389377,-124.31029563610402,1,config_1
54c487,43.16606280913744,-124.21355032060332,1,config_1
54c48c,43.067051717689395,-124.14942481543466,1,config_1
54c494,43.001520954694755,-124.34239785430927,12,config_1
54c49c,43.111109048396834,-124.49291628206542,44,config_1
54c4b,42.95703409642745,-124.70648009751596,5,config_1
54c4d,42.7394784181924,-124.40596141965908,24,config_1
54c51,42.65012487287633,-123.7264753861822,34,config_1
54c53,42.52204680581851,-124.10877736105398,7,config_1
54c55,42.30477239312683,-123.81489569636997,46,config_1
54c564,42.34475723085215,-123.45687370097714,22,config_1
54c56c,42.45410607390559,-123.60238822298459,3,config_1
54c574,42.51707206266033,-123.41144084464236,20,config_1
54c57c,42.40721984877689,-123.26633961669377,32,config_1
54c59,42.55562099202924,-123.05194289368586,23,config_1
54c5b,42.77694772097019,-123.34253909107473,40,config_1
54c5d,42.90249240398519,-122.95700532614191,1,config_1
54c5f,42.679149793255675,-122.66814046304096,15,config_1
54c60c,42.827135856439256,-122.45086898631487,4,config_1
54c614,42.88817613645495,-122.2576209362575,45,config_1
54c61c,42.77532285421319,-122.11515311092946,5,config_1
54c624,42.835536106240745,-121.92200316178884,6,config_1
54c62c,42.895417416542415,-121.7284991118777,3,config_1
54c639,42.99239214658704,-122.05114909477884,26,config_1
54c63b,42.935635641606915,-121.97999579242195,12,config_1
54c63c4,42.927150189468705,-122.07042443096364,37,config_1
54c63cc,42.89882335255788,-122.03485653204577,3,config_1
54c63d4,42.88371325081643,-122.08323925427237,16,config_1
54c63d9,42.90114803771136,-122.12202970308677,17,config_1
54c63db,42.90871992670494,-122.09783307020649,14,config_1
54c63dd,42.922872882667825,-122.1156410807077,8,config_1
54c63dec,42.91365172857351,-122.12933993681311,14,config_1
54c63df1,42.912577304215844,-122.14064232221635,6,config_1
54c63df3,42.90904117885962,-122.13618745649168,3,config_1
54c63df5,42.907146019453364,-122.14223668671507,12,config_1
54c63df7,42.91068165858065,-122.14669200554489,47,config_1
54c63dfc,42.91693348260179,-122.15035138659667,32,config_1
54c63e1,42.929439569739664,-122.1576733894851,26,config_1
54c63e3,42.9435870872467,-122.17551495568148,34,config_1
54c63e5,42.95118232494511,-122.15129655036696,8,config_1
54c63e7,42.93702701803306,-122.13346223762754,6,config_1
54c63ec,42.95548179871644,-122.10604492059447,26,config_1
54c63f1,42.972936632009485,-122.144912665091,32,config_1
54c63f3,42.980529266183204,-122.12067560318935,29,config_1
54c63f5,42.99470249085722,-122.138521721618,5,config_1
54c63f7,42.98710205863656,-122.16276605784198,2,config_1
54c63fc,42.96861464720355,-122.19018806123974,19,config_1
54c644,43.06231209927719,-122.2068519695312,45,config_1
54c64c,43.12318762661608,-122.01240605701764,6,config_1
54c654,43.237188108238875,-122.15563089173722,8,config_1
54c67,43.026736394391946,-122.56991205223854,25,config_1
54c69,43.25234781649885,-122.86037131108083,26,config_1
54c6a4,43.38987658342697,-123.17815914811611,3,config_1
54c6ac,43.502588240451196,-123.32618284637691,34,config_1
54c6b4,43.566684178668595,-123.13023943905824,17,config_1
54c6d,43.60518718979046,-122.76199349160275,9,config_1
54c6f,43.37729528639235,-122.46992511964605,15,config_1
54c704,43.41280404823799,-122.10395145129691,2,config_1
54c70c,43.47400616184507,-121.90781928241123,29,config_1
54c714,43.58915972265669,-122.05180728062534,32,config_1
54c73,43.73082566621374,-122.36813051715662,37,config_1
54c75,43.85507960162658,-121.97270543357864,22,config_1
54c764,43.7115370868139,-121.65746181239086,4,config_1
54c76c,43.65052263034608,-121.85482001904214,1,config_1
54c774,43.53486372812543,-121.71131857605988,15,config_1
54c779,43.551282275201956,-121.52805712552629,28,config_1
54c77d,43.63951183069799,-121.50082156190993,28,config_1
54c77f,43.58138754726953,-121.4295976606652,5,config_1
54c783,43.49330370068033,-121.45692480775763,37,config_1
54c785,43.43534591910004,-121.38600817737027,18,config_1
54c787,43.465201612939325,-121.2877989083981,33,config_1
54c789,43.40714099030308,-121.21722273854562,18,config_1
54c78b,43.34910261081071,-121.14686116115314,41,config_1
54c78d,43.319494782838014,-121.24481936285649,1,config_1
54c79c,43.419282328031414,-121.56868238524474,14,config_1
54c7a1,43.40284190672304,-121.75139527382625,14,config_1
54c7a5,43.31505752719688,-121.77796420815713,3,config_1
54c7a7,43.372515396063044,-121.8493722220287,35,config_1
54c7b4,43.183726289078535,-121.81759635493945,28,config_1
54c7d,43.04189366274489,-121.50788951256666,1,config_1
54c7f4,43.247387135154575,-121.09061487268261,31,config_1
54c7fb,43.14588674158163,-121.0346374597272,26,config_1
54c7ff,43.11718159706775,-120.86754762192012,44,config_1
54c801,43.05926195969174,-120.79824914625372,18,config_1
54c803,43.00136755348012,-120.72916132305076,24,config_1
54c805,42.972493076182666,-120.82636149227412,23,config_1
54c811,42.885906016197666,-120.85435067712812,30,config_1
54c817,42.82830432252329,-120.78542875422166,27,config_1
54c81c,42.90023822722354,-120.6744377369098,15,config_1
54c824,42.784726578347964,-120.537390437649,14,config_1
54c82c,42.66932366389013,-120.40117366891602,39,config_1
54c831,42.655656154625056,-120.5799104948092,20,config_1
54c833,42.598160652555876,-120.51181810333607,37,config_1
54c83b,42.71317891529626,-120.64820930583691,38,config_1
54c83d,42.77072846288081,-120.71671517816176,5,config_1
54c83f,42.74204517312853,-120.81337839078437,18,config_1
54c85,42.58428343850044,-120.9513548483899,3,config_1
54c8a4,42.66254651236281,-121.97352076992635,23,config_1
54c8ac,42.60249828641778,-122.16585229053337,6,config_1
54c8b4,42.49029390548043,-122.0245893905314,21,config_1
54c8bc,42.54985106190351,-121.83271915708123,8,config_1
54c8d,42.35159522787022,-121.71869339468007,49,config_1
54c94,42.072399586916205,-121.11426101152512,5,config_1
54c984,42.04370300715486,-120.43609449055012,22,config_1
54c989,42.05682065999541,-120.2600389137008,13,config_1
54c98d,42.14140338512118,-120.23162452063495,26,config_1
54c98f,42.11373412422865,-120.32688222572463,13,config_1
54c991,42.17067725715517,-120.39392644006368,6,config_1
54c9924,42.17726382709134,-120.3056393854344,4,config_1
54c992c,42.19112146093209,-120.25794557466638,34,config_1
54c9934,42.21967322202489,-120.29143958838172,17,config_1
54c993c,42.20578646264833,-120.33916484814858,11,config_1
54c995,42.25555204892316,-120.36566372194672,50,config_1
54c99c,42.1572393776818,-120.57055628616618,1,config_1
54c9c1,42.340607084485356,-120.33727952413196,35,config_1
54c9c3,42.368460553467635,-120.241499923662,10,config_1
54c9c5,42.42584236743216,-120.30877303969503,36,config_1
54c9d4,42.554033251812214,-120.26578224284475,48,config_1
54c9dc,42.438859059223944,-120.13121098426181,2,config_1
54c9f,42.23888628902059,-120.02644746497042,24,config_1
54cb,41.507503734430315,-119.93476272635633,44,config_1
54cec,41.84157525455871,-121.8720630899273,32,config_1
54cf04,42.0285955207142,-122.50489511194581,17,config_1
54cf0c,42.13868434322304,-122.6463044523153,36,config_1
54cf14,42.19903227732458,-122.45629680814142,1,config_1
54cf3,42.2332965948329,-122.10036360734084,21,config_1
54cf5,42.456073968218995,-122.38260537678957,16,config_1
54cf6c,42.30968537881724,-122.59808262572841,1,config_1
54cf74,42.24884549717808,-122.78852507052856,26,config_1
54cf79,42.31615946725227,-122.94335903958773,1,config_1
54cf7b,42.34684386440482,-122.84806869277996,27,config_1
54cf7c4,42.38055037329714,-122.92565283462919,18,config_1
54cf7cc,42.39591945724583,-122.87794400423607,15,config_1
54cf7d4,42.42353577203729,-122.91381649391644,4,config_1
54cf7dc,42.40813557330041,-122.9615521407747,17,config_1
54cf7f,42.371228547762456,-123.0151351998463,19,config_1
54cf9,42.21173237284752,-123.14522966585862,19,config_1
54cfb,41.99289037164719,-122.85950953959319,26,config_1
54cff,42.087687601336455,-123.52428399758318,27,config_1
54d01,41.96242266800689,-123.90178457932723,45,config_1
54d07,41.83595992457574,-124.27769631326638,18,config_1
54da9,42.04901943877291,-124.57140423715856,1,config_1
54daa4,42.091830905974376,-124.215040374825,42,config_1
54dab4,42.26335231875557,-124.17281374699573,1,config_1
54dabc,42.19915872709705,-124.3621353180827,15,config_1
54dad,42.392736864229775,-124.48940928236216,25,config_1
54ea789,44.66128728393211,-124.06691677407717,20,config_1
54ea78d,44.684087391538164,-124.06117879537726,10,config_1
54ea78f,44.675598814787925,-124.0862802953753,40,config_1
54ea794,44.70131791232505,-124.1027974892019,2,config_1
54ea7c4,44.74697681652781,-124.09133815994049,29,config_1
54ea7cc,44.77564477410485,-124.13017453778426,1,config_1
54ea7d4,44.79268299530309,-124.0798519031946,11,config_1
54ea7dc,44.763980813299696,-124.04104283403346,24,config_1
54ea7f,44.71245562347281,-124.00806782120071,20,config_1
54ea84,44.79200082601639,-123.89582604627594,14,config_1
54ea884,44.8384364386107,-124.06833862094382,21,config_1
54ea88c,44.85546475732365,-124.01792876497726,18,config_1
54ea894,44.88423713605141,-124.05679821468968,17,config_1
54ea8c4,44.93008507686548,-124.0452305854526,25,config_1
54ea8d4,44.97598024993118,-124.03363563376905,28,config_1
54ea8dc,44.94713760927208,-123.99470562696763,12,config_1
54ea8f,44.89537744565771,-123.9616647646235,4,config_1
54ea93,44.9871215651513,-123.93829887165637,24,config_1
54ea95,45.02112683354469,-123.83704148406437,29,config_1
54ea97,44.96320313962693,-123.75949351231586,1,config_1
54eaa4,44.9266527613575,-123.49192558396595,4,config_1
54eaac,44.99343884135767,-123.28928051945917,14,config_1
54eab4,45.110232174922714,-123.44310492571198,5,config_1
54eabc,45.04290077136406,-123.6462145472849,49,config_1
54eac4,45.15916791109494,-123.80143613906317,18,config_1
54ead4,45.34388168318147,-123.7535662142877,15,config_1
54ead9,45.3216983565396,-123.94579242351732,25,config_1
54eadb,45.2634856313629,-123.86753405649682,6,config_1
54eadc4,45.2523424968133,-123.96348652060657,19,config_1
54eadd04,45.22347552587971,-123.97084042572739,9,config_1
54eadd0c,45.21918973836677,-123.98355960238469,24,config_1
54eadd14,45.21193389465351,-123.9737789273617,31,config_1
54eadd1c,45.216217519595936,-123.96106150977403,1,config_1
54eadd3,45.20319057032962,-123.95275764775536,15,config_1
54eadd5,45.19462697399448,-123.9781834058196,3,config_1
54eae9,45.136985140528715,-123.9928366911475,42,config_1
54eaeb,45.079054369049,-123.91482233222274,19,config_1
54eaed,45.044911544777975,-124.01619175788112,37,config_1
54eaef,45.10270433595387,-124.09431773899009,2,config_1
54eb24,45.39174013900307,-124.11469781515643,11,config_1
54eb29,45.41433775763144,-123.9221015756163,10,config_1
54eb2b,45.44867037595223,-123.81979334194347,15,config_1
54eb2d,45.50716553134139,-123.89829714004513,7,config_1
54eb2f,45.47269370123135,-124.00071981528333,49,config_1
54eb34,45.577582386659536,-124.06781249679507,49,config_1
80964,37.81897829939038,-119.04599270243568,2,config_1
80974,38.2356241347838,-119.78892484955995,14,config_1
8097d,38.334985866071094,-118.8596803520908,1,config_1
8097e4,38.59185285447843,-118.76644078693931,39,config_1
8097fc,38.74602189262745,-118.76644078693931,24,config_1
80981,38.95153586917263,-118.8596803520908,28,config_1
80983,38.85046324750905,-119.23207840138082,29,config_1
809844,39.10546382290707,-119.13906420284766,45,config_1
80985c,39.25809768424033,-119.13906420284766,21,config_1
80987,39.2576852613438,-118.8596803520908,2,config_1
80989,39.56239755135253,-118.8596803520908,8,config_1
8098b,39.86565845835353,-118.8596803520908,37,config_1
8098c4,39.71384502534753,-119.13906420284766,12,config_1
8098d4,39.813842826735886,-119.32503466239531,10,config_1
8098d9,39.6876829768343,-119.37149086844235,30,config_1
8098dc4,39.650191787816055,-119.30180106344304,27,config_1
8098dd4,39.62513737622101,-119.25532292304659,26,config_1
8098ddc,39.6123368466632,-119.30180106344304,29,config_1
8098df,39.612027882583526,-119.37149086844235,29,config_1
8098e4,39.51119739820113,-119.32503466239531,10,config_1
8098ec,39.56229006420074,-119.13906420284766,44,config_1
8098f4,39.410373697023694,-119.13906420284766,29,config_1
8098fc,39.359334044327966,-119.32503466239531,46,config_1
809904,39.30798828257803,-119.51077084299,24,config_1
809909,39.23128150810012,-119.64991620525349,18,config_1
80990b,39.205387862707326,-119.74260395507105,25,config_1
80990d,39.28134719550135,-119.74260395507105,20,config_1
80990f,39.30725479850295,-119.64991620525349,23,config_1
809911,39.38313914607222,-119.64991620525349,9,config_1
809912c,39.3317671701841,-119.7657663254125,5,config_1
8099134,39.36967852407655,-119.7657663254125,26,config_1
809913c,39.382659827565526,-119.71943774820171,31,config_1
8099144,39.420552341081795,-119.71943774820171,27,config_1
8099149,39.40134518059483,-119.75418562041214,23,config_1
809914b,39.39484852603224,-119.77734606886416,6,config_1
809914d,39.41378709072596,-119.77734606886416,7,config_1
809914f,39.42028459458016,-119.75418562041214,16,config_1
8099154,39.445434473612,-119.7657663254125,37,config_1
809915c,39.45842255871876,-119.71943774820171,17,config_1
80991c,39.459797818053886,-119.51077084299,9,config_1
809924,39.61124907051809,-119.51077084299,47,config_1
809934,39.71053121880375,-119.69626771448172,47,config_1
8099384,39.5966785704289,-119.7657663254125,26,config_1
809938c,39.558901089662086,-119.7657663254125,32,config_1
8099394,39.571899162289945,-119.71943774820171,40,config_1
8099399,39.60348400309151,-119.70785320909282,15,config_1
809939b,39.59698847984131,-119.7310213305978,16,config_1
809939d,39.615872846477735,-119.7310213305978,21,config_1
809939f,39.62236918509004,-119.70785320909282,5,config_1
80993b,39.61025631481741,-119.64991620525349,24,config_1
80993d,39.53464012366414,-119.64991620525349,33,config_1
80993e4,39.49627045299958,-119.71943774820171,26,config_1
80993ec,39.534095996588334,-119.71943774820171,37,config_1
80993f4,39.521101228522596,-119.7657663254125,37,config_1
80993fc,39.48327901409688,-119.7657663254125,38,config_1
8099404,39.47026865452201,-119.81207951785828,27,config_1
809940c,39.508087527137945,-119.81207951785828,28,config_1
8099414,39.49505492380736,-119.85837724834269,16,config_1
809941c,39.457239405673185,-119.85837724834269,4,config_1
8099441,39.513613207955906,-119.89309035295541,25,config_1
8099443,39.53250298615854,-119.89309035295541,16,config_1
8099445,39.52597044599086,-119.91622755074835,21,config_1
8099447,39.50708150190457,-119.91622755074835,1,config_1
809944c,39.50671965386059,-119.95092601552939,15,config_1
8099454,39.5444838886228,-119.95092601552939,4,config_1
809945c,39.55756088691003,-119.90465943984674,3,config_1
8099464,39.57061902098213,-119.85837724834269,5,config_1
809946c,39.53284813796052,-119.85837724834269,31,config_1
8099474,39.545884071103075,-119.81207951785828,34,config_1
809947c,39.58365825929888,-119.81207951785828,37,config_1
8099484,39.62141006474718,-119.81207951785828,11,config_1
8099489,39.60219471104344,-119.84680426949548,25,config_1
809948d,39.61453739052387,-119.86994925600274,13,config_1
809948f,39.6210637884477,-119.84680426949548,14,config_1
8099494,39.64609368572949,-119.85837724834269,39,config_1
809949c,39.65913946060998,-119.81207951785828,18,config_1
80994b,39.70916854105543,-119.83523032066351,19,config_1
80994d,39.68302944381094,-119.92779468446135,50,config_1
80994f,39.60763173556912,-119.92779468446135,50,config_1
8099524,39.64453692020532,-119.99717689872801,11,config_1
809952c,39.6822085141122,-119.99717689872801,40,config_1
8099534,39.669080706191124,-120.0434120129589,1,config_1
80995c,39.45506695613932,-120.06652363285929,37,config_1
809964,39.30377730273375,-120.06652363285929,11,config_1
80996b,39.406988810451196,-119.83523032066351,21,config_1
80996c4,39.343659300995995,-119.85837724834269,27,config_1
80996cc,39.35667833806219,-119.81207951785828,6,config_1
80996d4,39.31877042483932,-119.81207951785828,21,config_1
80996f,39.30514860891265,-119.92779468446135,41,config_1
8099704,39.24174765526692,-119.95092601552939,44,config_1
809970c,39.20380593634193,-119.95092601552939,42,config_1
8099714,39.21685206841915,-119.90465943984674,6,config_1
809971c,39.2547973163405,-119.90465943984674,2,config_1
809973,39.25536412770129,-119.83523032066351,26,config_1
809975,39.17941885551629,-119.83523032066351,15,config_1
809977,39.153374739206235,-119.92779468446135,36,config_1
80997c,39.152134117551746,-120.06652363285929,8,config_1
809984,39.000139201259735,-120.06652363285929,4,config_1
809994,38.89992923227823,-119.881520291274,42,config_1
809999,39.02726357998396,-119.83523032066351,1,config_1
80999a4,38.98871779023682,-119.90465943984674,8,config_1
80999ac,38.97569335735716,-119.95092601552939,28,config_1
80999b4,39.01376700901391,-119.95092601552939,24,config_1
80999bc,39.0267951211066,-119.90465943984674,1,config_1
80999cc,39.051818743670914,-119.95092601552939,27,config_1
80999d4,39.089848532424156,-119.95092601552939,11,config_1
80999dc,39.10288392763477,-119.90465943984674,18,config_1
80999f,39.103385263492484,-119.83523032066351,15,config_1
8099a1,39.129340010849724,-119.74260395507105,46,config_1
8099a3,39.053203867788646,-119.74260395507105,21,config_1
8099bc,38.95176561463266,-119.69626771448172,35,config_1
8099c4,38.79895143796481,-119.69626771448172,21,config_1
8099cc,38.85042792607963,-119.51077084299,15,config_1
8099d1,38.72271274315678,-119.55716769160676,28,config_1
8099d7,38.64602075105967,-119.55716769160676,38,config_1
8099dc,38.64578790990438,-119.69626771448172,45,config_1
8099e4,38.59407363660998,-119.881520291274,44,config_1
8099ec,38.74717530257438,-119.881520291274,21,config_1
809e4,40.65726799882358,-119.78892484955995,3,config_1
809e9,40.15778186329634,-119.97405342347365,16,config_1
809ea3,39.95745657911437,-120.02029643173765,12,config_1
809ea5,39.88243105562635,-120.02029643173765,40,config_1
809ead,39.73210994639969,-120.02029643173765,48,config_1
809eaf,39.80731544240063,-120.02029643173765,22,config_1
809eb04,39.8457924040019,-119.95092601552939,25,config_1
809eb14,39.821307008632175,-119.90465943984674,8,config_1
809eb1c,39.808207386216296,-119.95092601552939,20,config_1
809eb3,39.75833749310105,-119.92779468446135,28,config_1
809eb5,39.784489370079626,-119.83523032066351,2,config_1
809ebc,39.95931497096353,-119.881520291274,17,config_1
809ed,39.962395028603474,-119.60354950502408,18,config_1
809ef,40.262350138231035,-119.60354950502408,1,config_1
809f4,40.26695579045059,-119.04599270243568,38,config_1
809fac,40.56407063155632,-119.32503466239531,22,config_1
809fb1,40.688701319958966,-119.27856381369884,28,config_1
809fb3,40.66289727808841,-119.37149086844235,33,config_1
809fb5,40.73726819526338,-119.37149086844235,1,config_1
809fb6c,40.73805026175471,-119.30180106344304,3,config_1
809fb71,40.7570109173014,-119.26694382286807,3,config_1
809fb744,40.7478981656965,-119.24951213265092,8,config_1
809fb74c,40.73860160339694,-119.24951213265092,6,config_1
809fb754,40.74181925170974,-119.23788987166326,2,config_1
809fb759,40.74959617716947,-119.23498416482164,7,config_1
809fb75b,40.747987600978306,-119.24079552188635,2,config_1
809fb75d,40.75263557599632,-119.24079552188635,4,config_1
809fb75e1,40.75538390214269,-119.2371634502601,49,config_1
809fb75e5,40.75462410654488,-119.23571059683897,2,config_1
809fb75e7,40.75422197069532,-119.2371634502601,16,config_1
809fb75ec,40.75268009926623,-119.23643702531857,9,config_1
809fb75f4,40.75348432532731,-119.23353129017491,5,config_1
809fb75fc,40.75580824599966,-119.23353129017491,8,config_1
809fb77,40.76344944628092,-119.24370111547155,15,config_1
809fb7c,40.788104926950766,-119.25532292304659,1,config_1
809fb83,40.78846821404913,-119.22045478201282,38,config_1
809fb85,40.794897545699264,-119.19720483240249,24,config_1
809fb8c,40.813823477127116,-119.16232314940831,3,config_1
809fb94,40.776650100746835,-119.16232314940831,1,config_1
809fb99,40.75772017514515,-119.19720483240249,4,config_1
809fb9b,40.77631178229506,-119.19720483240249,31,config_1
809fb9c4,40.76684347011051,-119.21464263323712,13,config_1
809fb9cc,40.77613758054813,-119.21464263323712,30,config_1
809fb9d4,40.77292191872042,-119.22626670477904,10,config_1
809fb9dc,40.763627963451356,-119.22626670477904,10,config_1
809fb9f,40.751292083434116,-119.22045478201282,15,config_1
809fbb,40.71442703181805,-119.18557850464043,5,config_1
809fbd,40.74007417936393,-119.09253557554277,3,config_1
809fbf,40.81447513252472,-119.09253557554277,6,config_1
809fd,40.96151586175313,-119.23207840138082,39,config_1
809ff,41.06392310969191,-118.8596803520908,13,config_1
80c1,35.89395658325506,-117.92490017414548,34,config_1
80c58c,35.357788331469074,-115.75751959733307,33,config_1
80c594,35.31451561130038,-115.94679974061097,28,config_1
80c64,36.026614093901316,-116.04138886338704,23,config_1
80c6c,35.84827462377858,-116.79678490847915,10,config_1
80c704,36.320087428466806,-116.51379639269945,26,config_1
80c70c,36.481255034908166,-116.51379639269945,47,config_1
80c714,36.436076757645914,-116.70249504859957,8,config_1
80c71c,36.274987953341544,-116.70249504859957,44,config_1
80c73,36.28728255079922,-116.98524219342079,50,config_1
80c744,36.55126749254884,-116.89103418926852,16,config_1
80c74c,36.505389145528845,-117.07940822560565,2,config_1
80c754,36.66566069624167,-117.07940822560565,44,config_1
80c75c,36.711616537269144,-116.89103418926852,40,config_1
80c77,36.699775760583485,-116.60816530936988,49,config_1
80c78c,36.89230821551949,-116.13594306437999,1,config_1
80c799,36.658017225025795,-116.27770732529453,20,config_1
80c79f,36.63563457251383,-116.37217110069318,46,config_1
80c7a4,36.52612035792361,-116.32494384537713,44,config_1
80c7ac,36.364874890848164,-116.32494384537713,9,config_1
80c7b4,36.40934873490636,-116.13594306437999,12,config_1
80c7b9,36.541455463055684,-116.0886703738045,42,config_1
80c7bb,36.51926847197864,-116.18320684587422,2,config_1
80c7bd,36.59983663170899,-116.18320684587422,38,config_1
80c7c5,36.58559204476288,-115.89949230735594,15,config_1
80c7c7,36.56356338457123,-115.99409862249263,36,config_1
80c7cc,36.4535073886168,-115.94679974061097,1,config_1
80c7d4,36.49734931384905,-115.75751959733307,14,config_1
80c7dc,36.65882276713576,-115.75751959733307,3,config_1
80c84,36.84791623950343,-115.28375849518459,32,config_1
80c884,36.37898828441461,-115.5681083893613,7,config_1
80c88c,36.42211750970797,-115.3785719022423,37,config_1
80c891,36.289689082837356,-115.42596745141297,21,config_1
80c8924,36.32608478325768,-115.35487132197885,13,config_1
80c8929,36.34426648612563,-115.31931697651964,4,config_1
80c892d,36.32932101851375,-115.29561177946167,26,config_1
80c892f,36.32397133897493,-115.31931697651964,27,config_1
80c8931,36.3036709619339,-115.31931697651964,50,config_1
80c8933,36.30901945597859,-115.29561177946167,44,config_1
80c8935,36.28871266574981,-115.29561177946167,26,config_1
80c8937,36.283365360191326,-115.31931697651964,48,config_1
80c893c,36.28548759376934,-115.35487132197885,9,config_1
80c8944,36.244869533852274,-115.35487132197885,1,config_1
80c8949,36.263054538946065,-115.31931697651964,21,config_1
80c894b,36.26840065302512,-115.29561177946167,20,config_1
80c894d,36.24808342301233,-115.29561177946167,23,config_1
80c894f,36.24273850340712,-115.31931697651964,23,config_1
80c8951,36.222417258793605,-115.31931697651964,31,config_1
80c8953,36.22776098092941,-115.29561177946167,19,config_1
80c8955,36.20743333200444,-115.29561177946167,11,config_1
80c8957,36.20209081033476,-115.31931697651964,18,config_1
80c895c,36.204230645192446,-115.35487132197885,41,config_1
80c8979,36.19025020607698,-115.46150915854916,1,config_1
80c897d,36.17530341556035,-115.43781516137456,5,config_1
80c897f,36.16993099887585,-115.46150915854916,46,config_1
80c899,36.186950522092474,-115.52073578584024,31,config_1
80c89b,36.26815298897605,-115.52073578584024,10,config_1
80c89d,36.24653728422911,-115.61547316278964,24,config_1
80c89f,36.165354202833576,-115.61547316278964,1,config_1
80c8a1,36.0840884208547,-115.61547316278964,2,config_1
80c8a24,36.12060627814117,-115.54442306069672,2,config_1
80c8a2c,36.13137726766612,-115.49704657613238,50,config_1
80c8a3c,36.079945385813765,-115.54442306069672,14,config_1
80c8a5,36.024297242646135,-115.52073578584024,6,config_1
80c8a7,36.00274027517193,-115.61547316278964,1,config_1
80c8ac,35.89133771339766,-115.5681083893613,1,config_1
80c8b4,35.93423340049402,-115.3785719022423,21,config_1
80c8b84,36.05214443823294,-115.30746460704879,28,config_1
80c8b89,36.08535838881982,-115.29561177946167,16,config_1
80c8b8b,36.1057171684404,-115.29561177946167,11,config_1
80c8b8d,36.1003806940923,-115.31931697651964,23,config_1
80c8b8f,36.08002313294219,-115.31931697651964,16,config_1
80c8b9c,36.04146764250788,-115.35487132197885,3,config_1
80c8bb,36.045774953068936,-115.42596745141297,14,config_1
80c8bc4,36.11218407545494,-115.4022706158482,3,config_1
80c8bcc,36.10145770860589,-115.44966239756026,43,config_1
80c8bd1,36.13464703275285,-115.43781516137456,24,config_1
80c8bd3,36.129277048031106,-115.46150915854916,17,config_1
80c8bd5,36.14960661110844,-115.46150915854916,34,config_1
80c8bd7,36.15497781331856,-115.43781516137456,42,config_1
80c8bd9,36.16034404186293,-115.41411926909691,5,config_1
80c8bda4,36.143754667198436,-115.4200434192104,12,config_1
80c8bdac,36.133587526720234,-115.4200434192104,25,config_1
80c8bdb4,36.13626863765234,-115.40819500125025,12,config_1
80c8bdbc,36.14643608218881,-115.40819500125025,8,config_1
80c8bdd,36.1453720839082,-115.39042149308908,6,config_1
80c8be1,36.171061566714734,-115.366721844731,5,config_1
80c8be3,36.17641285742369,-115.34302033540983,38,config_1
80c8be5,36.15607722529968,-115.34302033540983,42,config_1
80c8be7,36.15072714472364,-115.366721844731,11,config_1
80c8bec,36.12289054919738,-115.35487132197885,36,config_1
80c8bf1,36.14108029433042,-115.31931697651964,21,config_1
80c8bf3,36.12073308298503,-115.31931697651964,36,config_1
80c8bf5,36.126070772800034,-115.29561177946167,19,config_1
80c8bf7,36.146419196609905,-115.29561177946167,9,config_1
80c8bf9,36.16676243459129,-115.29561177946167,12,config_1
80c8bfb,36.16142232284863,-115.31931697651964,24,config_1
80c8bfd,36.181759163269945,-115.31931697651964,20,config_1
80c8bff,36.187100481475625,-115.29561177946167,20,config_1
80c8c04,36.18493382410928,-115.26005056226762,49,config_1
80c8c09,36.151753112148,-115.2719047556442,28,config_1
80c8c0b,36.131403477711636,-115.2719047556442,29,config_1
80c8c0d,36.13673119495518,-115.24819591648244,17,config_1
80c8c0f,36.157082038181365,-115.24819591648244,10,config_1
80c8c11,36.16240597195527,-115.22448527339863,21,config_1
80c8c13,36.14205392177462,-115.22448527339863,19,config_1
80c8c15,36.1473716554225,-115.20077283782196,5,config_1
80c8c17,36.16772491072357,-115.20077283782196,10,config_1
80c8c1c,36.19558530060847,-115.21262927895731,39,config_1
80c8c24,36.206216780632914,-115.16520084855117,44,config_1
80c8c2c,36.216828242367036,-115.11776536259309,31,config_1
80c8c31,36.183651729662394,-115.12962489053015,38,config_1
80c8c33,36.188950661118966,-115.10590539941185,15,config_1
80c8c35,36.16859260365042,-115.10590539941185,23,config_1
80c8c37,36.163294869991226,-115.12962489053015,18,config_1
80c8c39,36.15799213225674,-115.15334263494128,15,config_1
80c8c3b,36.17834779230175,-115.15334263494128,38,config_1
80c8c3d,36.1730388517487,-115.17705862118852,12,config_1
80c8c3f,36.15268439315995,-115.17705862118852,7,config_1
80c8c41,36.13232473904688,-115.17705862118852,16,config_1
80c8c43,36.11195989469266,-115.17705862118852,42,config_1
80c8c45,36.11726522191367,-115.15334263494128,5,config_1
80c8c47,36.13763127370002,-115.15334263494128,10,config_1
80c8c4c,36.135398420349034,-115.11776536259309,39,config_1
80c8c54,36.094652317851704,-115.11776536259309,31,config_1
80c8c59,36.07651755983104,-115.15334263494128,29,config_1
80c8c5b,36.09689398218989,-115.15334263494128,11,config_1
80c8c5d,36.09158986539065,-115.17705862118852,30,config_1
80c8c5f,36.07121465644432,-115.17705862118852,33,config_1
80c8c61,36.06590676176776,-115.20077283782196,26,config_1
80c8c63,36.060593878536835,-115.22448527339863,27,config_1
80c8c65,36.08096665513238,-115.22448527339863,25,config_1
80c8c67,36.086280755460095,-115.20077283782196,16,config_1
80c8c6c,36.114174701915175,-115.21262927895731,47,config_1
80c8c71,36.09601395414801,-115.24819591648244,16,config_1
80c8c73,36.11637516518187,-115.24819591648244,18,config_1
80c8c75,36.11104865972556,-115.2719047556442,14,config_1
80c8c77,36.09068866347751,-115.2719047556442,22,config_1
80c8c79,36.07032349426529,-115.2719047556442,49,config_1
80c8c7b,36.07564756715033,-115.24819591648244,26,config_1
80c8c7d,36.05527600949565,-115.24819591648244,13,config_1
80c8c7f,36.04995315739688,-115.2719047556442,42,config_1
80c8c81,36.02957765819035,-115.2719047556442,17,config_1
80c8c83,36.009197001973924,-115.2719047556442,16,config_1
80c8c85,36.01451740349338,-115.24819591648244,9,config_1
80c8c87,36.03489928650096,-115.24819591648244,17,config_1
80c8c8c,36.03268117370598,-115.21262927895731,32,config_1
80c8c94,35.991903417237666,-115.21262927895731,7,config_1
80c8c9c,35.98127625968569,-115.26005056226762,7,config_1
80c8cb,35.92539077607315,-115.23634081971663,26,config_1
80c8cc4,35.96170736992575,-115.16520084855117,42,config_1
80c8cd4,35.931460955964866,-115.11776536259309,11,config_1
80c8cdc,35.97228975375991,-115.11776536259309,26,config_1
80c8ce4,36.01309794190777,-115.11776536259309,50,config_1
80c8ce9,35.99496015044774,-115.15334263494128,1,config_1
80c8ceb,35.989662130640845,-115.17705862118852,7,config_1
80c8cec4,36.00628472199897,-115.17112979008085,16,config_1
80c8cecc,36.00363400589949,-115.18298734169528,15,config_1
80c8ced4,36.0138305007474,-115.18298734169528,16,config_1
80c8cedc,36.01648152305033,-115.17112979008085,6,config_1
80c8cef,36.01535725012008,-115.15334263494128,3,config_1
80c8cf1,36.03574918846839,-115.15334263494128,12,config_1
80c8cf3,36.03044872088342,-115.17705862118852,12,config_1
80c8cf5,36.05083427316732,-115.17705862118852,21,config_1
80c8cf7,36.056135960149646,-115.15334263494128,35,config_1
80c8cf9,36.06143265495794,-115.12962489053015,18,config_1
80c8cfb,36.04104466572452,-115.12962489053015,28,config_1
80c8cfd,36.04633514993096,-115.10590539941185,10,config_1
80c8cff,36.066724354872655,-115.10590539941185,17,config_1
80c8d04,36.06445766834074,-115.07032291273677,29,config_1
80c8d09,36.082569458189184,-115.03473656048314,17,config_1
80c8d0b,36.0878411515067,-115.01101019723924,7,config_1
80c8d0d,36.06744710214479,-115.01101019723924,10,config_1
80c8d0f,36.062176617173016,-115.03473656048314,32,config_1
80c8d11,36.041778594557165,-115.03473656048314,21,config_1
80c8d13,36.04704786820424,-115.01101019723924,14,config_1
80c8d15,36.026643455021414,-115.01101019723924,10,config_1
80c8d17,36.021375395679115,-115.03473656048314,22,config_1
80c8d19,36.01610233617497,-115.05846122291463,4,config_1
80c8d1b,36.036504318904534,-115.05846122291463,25,config_1
80c8d1d,36.03122504393392,-115.08218417304988,10,config_1
80c8d1f,36.01082427919787,-115.08218417304988,21,config_1
80c8d3,35.967710408691985,-115.0465991050183,15,config_1
80c8d5,35.98875045124652,-114.95168692349858,29,config_1
80c8d7,36.070400926759895,-114.95168692349858,39,config_1
80c8d9,36.151968372886415,-114.95168692349858,22,config_1
80c8da4,36.11578636891206,-115.02287359074474,11,config_1
80c8dac,36.105229352199395,-115.07032291273677,47,config_1
80c8db4,36.14598027434892,-115.07032291273677,44,config_1
80c8dbc,36.156542096049364,-115.02287359074474,11,config_1
80c8dc4,36.1972769952784,-115.02287359074474,10,config_1
80c8dcc,36.186710392401814,-115.07032291273677,14,config_1
80c8dd4,36.227419664133315,-115.07032291273677,34,config_1
80c8ddc,36.2379910243926,-115.02287359074474,5,config_1
80c8df,36.23345244958083,-114.95168692349858,21,config_1
80c8e1,36.31485281940864,-114.95168692349858,20,config_1
80c8e64,36.30877550054706,-115.07032291273677,4,config_1
80c8e6c,36.31935630426478,-115.02287359074474,2,config_1
80c8e74,36.2786841413483,-115.02287359074474,29,config_1
80c8e79,36.260583523024636,-115.05846122291463,15,config_1
80c8e7b,36.28092307629121,-115.05846122291463,8,config_1
80c8e7d,36.27562941791807,-115.08218417304988,23,config_1
80c8e7f,36.25529104689759,-115.08218417304988,12,config_1
80c8e81,36.24999355400581,-115.10590539941185,24,config_1
80c8e83,36.24469104703971,-115.12962489053015,19,config_1
80c8e85,36.2650270481186,-115.12962489053015,1,config_1
80c8e87,36.270330740964184,-115.10590539941185,16,config_1
80c8e8c,36.2981746062767,-115.11776536259309,22,config_1
80c8e94,36.2875536429502,-115.16520084855117,36,config_1
80c8e99,36.2544046255519,-115.17705862118852,17,config_1
80c8e9b,36.25971834207905,-115.15334263494128,13,config_1
80c8e9d,36.23938352869831,-115.15334263494128,25,config_1
80c8e9f,36.234071001689344,-115.17705862118852,30,config_1
80c8ea4,36.23625939579041,-115.21262927895731,49,config_1
80c8ea9,36.21810339586348,-115.24819591648244,14,config_1
80c8eab,36.21277086143381,-115.2719047556442,19,config_1
80c8ead,36.233099708996946,-115.2719047556442,23,config_1
80c8eaf,36.238433440238126,-115.24819591648244,11,config_1
80c8eb1,36.25875827178481,-115.24819591648244,16,config_1
80c8eb3,36.25342334672381,-115.2719047556442,19,config_1
80c8eb5,36.27374176938748,-115.2719047556442,26,config_1
80c8eb7,36.27907788527774,-115.24819591648244,13,config_1
80c8eb9,36.284408997949065,-115.22448527339863,5,config_1
80c8ebb,36.264088195447165,-115.22448527339863,26,config_1
80c8ebd,36.269413114971364,-115.20077283782196,19,config_1
80c8ebf,36.28973510466325,-115.20077283782196,5,config_1
80c8ec4,36.31754496805244,-115.21262927895731,44,config_1
80c8ec9,36.299392275501305,-115.24819591648244,27,config_1
80c8ecb,36.29405497177117,-115.2719047556442,18,config_1
80c8ecd,36.31436294866821,-115.2719047556442,10,config_1
80c8ecf,36.31970143725001,-115.24819591648244,12,config_1
80c8ed4,36.34748586101624,-115.26005056226762,17,config_1
80c8f4,36.46492651781005,-115.18891595142229,3,config_1
80c8fc,36.50741390380816,-114.99914638140322,1,config_1
80c904,36.54957829818912,-114.80926906488743,35,config_1
80c909,36.62157889487593,-114.6667939171,17,config_1
80c90b,36.642426527514814,-114.57177989160081,37,config_1
80c90d,36.561207179601425,-114.57177989160081,1,config_1
80c90f,36.54037740155701,-114.6667939171,35,config_1
80c911,36.45909064152397,-114.6667939171,14,config_1
80c912c,36.505427934405404,-114.54802266728746,14,config_1
80c9134,36.464751969021115,-114.54802266728746,37,config_1
80c9144,36.41367598483602,-114.59553564034555,5,config_1
80c9149,36.43163796605548,-114.55990146316435,1,config_1
80c914b,36.43682282947115,-114.53614350542233,8,config_1
80c914d,36.41646833151073,-114.53614350542233,25,config_1
80c914f,36.41128460490046,-114.55990146316435,30,config_1
80c9154,36.383336262852495,-114.54802266728746,1,config_1
80c917,36.37771894345563,-114.6667939171,1,config_1
80c91c,36.38705940951085,-114.80926906488743,28,config_1
80c924,36.224202558830996,-114.80926906488743,31,config_1
80c929,36.09138022036734,-114.85674817305113,45,config_1
80c92b,36.00971041564109,-114.85674817305113,36,config_1
80c92c4,36.04580658848869,-114.78552711795506,19,config_1
80c92c9,36.012553582643534,-114.79739828962245,17,config_1
80c92cb,35.992117553142826,-114.79739828962245,5,config_1
80c92cd,35.997330651558414,-114.7736555513296,2,config_1
80c92cf,36.017767888828466,-114.7736555513296,27,config_1
80c92d1,36.02297717135003,-114.74991123898384,45,config_1
80c92d3,36.00253872815009,-114.74991123898384,22,config_1
80c92d5,36.00774178032816,-114.72616536414777,12,config_1
80c92d7,36.02818142761983,-114.72616536414777,30,config_1
80c92dc,36.056228759588706,-114.73803849615418,2,config_1
80c92f,36.112279149318695,-114.76178359119083,4,config_1
80c934,36.102628128582666,-114.61928990191176,2,config_1
80c939,36.23547855347918,-114.57177989160081,13,config_1
80c93b,36.214722061058694,-114.6667939171,39,config_1
80c93f,36.31703773317801,-114.57177989160081,1,config_1
80c941,36.337731739552225,-114.47674225712757,39,config_1
80c943,36.358344498831705,-114.38168175769879,10,config_1
80c945,36.27674846015434,-114.38168175769879,2,config_1
80c947,36.25615407294312,-114.47674225712757,28,config_1
80c94c,36.14392296553471,-114.42921481897034,3,config_1
80c954,36.18489365354469,-114.23904976812737,1,config_1
80c964,36.51138634433616,-114.23904976812737,8,config_1
80c969,36.439855704707355,-114.38168175769879,11,config_1
80c96a4,36.404023693482515,-114.45297924676231,1,config_1
80c96b1,36.42682054284531,-114.48862322713724,17,config_1
80c96b3,36.421646978318144,-114.51238408953819,33,config_1
80c96b44,36.438208281476115,-114.50644400909464,7,config_1
80c96b4c,36.43561980301177,-114.51832407957438,29,config_1
80c96b54,36.44579614962595,-114.51832407957438,18,config_1
80c96b5c,36.44838491126072,-114.50644400909464,8,config_1
80c96bc,36.44475125126956,-114.45297924676231,16,config_1
80c96d,36.50063279904503,-114.47674225712757,37,config_1
80c974,36.63293281274744,-114.42921481897034,8,config_1
80c97c,36.67412037341553,-114.23904976812737,4,config_1
80c9c,37.01727952299506,-114.52426397902158,24,config_1
80cb,36.9367763776853,-113.38235448459531,20,config_1
80ce3,34.84720364336053,-114.71429184441094,1,config_1
80ce5,35.17821087856442,-114.71429184441094,36,config_1
80ce7,35.25992474605841,-114.33414316655818,44,config_1
80ceb,35.91874996672142,-114.33414316655818,1,config_1
80cec4,35.77509312045265,-114.61928990191176,23,config_1
80cec9,35.90840399813907,-114.57177989160081,6,config_1
80cecd,35.96959807017503,-114.6667939171,22,config_1
80cecf,35.887723793217155,-114.6667939171,23,config_1
80ced4,35.897485713464796,-114.80926906488743,48,config_1
80cedc,35.73363119451221,-114.80926906488743,4,config_1
80cf1,35.424629289101,-115.09404500241959,3,config_1
80cf3,35.752747515702225,-115.09404500241959,29,config_1
80cf44,35.60733295233472,-115.3785719022423,37,config_1
80cf4c,35.77094577976437,-115.3785719022423,31,config_1
80cf64,35.40074954007604,-115.5681083893613,42,config_1
80cf6c,35.44339773152336,-115.3785719022423,27,config_1
80cf7c,35.23658040050293,-115.5681083893613,7,config_1
80cfc,34.88818150017172,-115.28375849518459,3,config_1
86d84,32.648380018365515,-109.18800474020169,6,config_2
86d8c,32.76613104394006,-108.42760468979141,54,config_2
86d94,32.06630758392501,-108.42760468979141,63,config_2
86d99,31.80408405118572,-108.99776892942042,27,config_2
86d9b,32.15460438361439,-108.99776892942042,78,config_2
86d9d,32.09496324337445,-109.37832062678952,46,config_2
86db,30.951860899740495,-108.80761947009503,8,config_2
86dd,31.170406262378183,-107.29028389464884,41,config_2
86de01,32.019847820666364,-106.58197892714489,2,config_2
86de03,32.10820732637211,-106.58197892714489,1,config_2
86de05,32.095526748904746,-106.67629204160652,57,config_2
86de07,32.00718620532801,-106.67629204160652,68,config_2
86de0c,32.03221071194093,-106.81783770824106,8,config_2
86de14,32.20869360418048,-106.81783770824106,87,config_2
86de1c,32.234269414640345,-106.62913035392717,81,config_2
86de3,32.48576704653213,-106.72346389403498,90,config_2
86de5,32.433755500824994,-107.10119308682007,13,config_2
86de7,32.081587719312495,-107.10119308682007,10,config_2
86dec,32.17764290641432,-107.66888695938226,69,config_2
86df4,32.87874636367703,-107.66888695938226,66,config_2
86dfc,32.9862181299786,-106.91225102614887,7,config_2
86e01,33.23849020435528,-106.34637906744265,2,config_2
86e03,33.28850514479508,-105.96998775016152,18,config_2
86e05,32.93784515433881,-105.96998775016152,28,config_2
86e061,32.775156724602994,-106.20514842188963,76,config_2
86e063,32.7626664424942,-106.29929122158622,54,config_2
86e065,32.850499433579586,-106.29929122158622,71,config_2
86e067,32.86300707999088,-106.20514842188963,3,config_2
86e074,32.963157740474074,-106.44058717271729,1,config_2
86e07c,32.787694115309435,-106.44058717271729,1,config_2
86e0c,32.385088575201415,-106.15809365922375,30,config_2
86e1c,33.18574821781208,-105.4068079114331,26,config_2
86e3,32.969574598184394,-104.2861115827901,98,config_2
86e41,32.017874584916534,-104.84546192392926,69,config_2
86e43,31.661700424984133,-104.84546192392926,8,config_2
86e47,32.06176705315889,-104.47233005083724,97,config_2
86e4c,31.947010046504747,-103.91439904540992,6,config_2
86e54,31.231107306566113,-103.91439904540992,7,config_2
86e5c,31.14713046514542,-104.65878213755632,5,config_2
86e64,31.058272187934506,-105.4068079114331,3,config_2
86e6c,31.771963856377475,-105.4068079114331,7,config_2
86e71,31.52340376801829,-105.96998775016152,3,config_2
86e73,31.878720555726105,-105.96998775016152,38,config_2
86e75,31.82983407045989,-106.34637906744265,75,config_2
86e77,31.474820460529326,-106.34637906744265,6,config_2
86e7c,30.964506716398027,-106.15809365922375,1,config_2
86ed,28.654208362025958,-104.2861115827901,66,config_2
86ee4,29.786700406602325,-103.91439904540992,25,config_2
86eec,29.705042955179085,-104.65878213755632,1,config_2
86ef4,30.428062733481102,-104.65878213755632,9,config_2
86efc,30.51090936028981,-103.91439904540992,87,config_2
86f1,30.263803246138146,-102.80547525792774,32,config_2
86f204,29.380350761792247,-103.451176849024,16,config_2
86f20c,29.197958880194463,-103.451176849024,28,config_2
86f2104,29.278116857456865,-103.33562723188659,17,config_2
86f210c,29.28277941214237,-103.28943675756224,43,config_2
86f2114,29.237151679564768,-103.28943675756224,40,config_2
86f211c,29.232493670428422,-103.33562723188659,4,config_2
86f213,29.166361090652924,-103.31252988549524,7,config_2
86f215,29.175627501036313,-103.22018279623359,2,config_2
86f217,29.266923941289853,-103.22018279623359,6,config_2
86f21c,29.3991184946125,-103.26634785926352,48,config_2
86f23,29.33547073089173,-102.9896150485228,53,config_2
86f25,28.96988888169498,-102.9896150485228,4,config_2
86f27,28.933292099473064,-103.35872878555274,3,config_2
86f5,28.936850205971126,-101.34310583455695,10,config_2
86f7,30.400162337945318,-101.34310583455695,29,config_2
86f9,31.84730436225948,-101.34310583455695,21,config_2
86fb,31.707254188342684,-102.80547525792774,34,config_2
86fd,33.13265357551238,-102.80547525792774,36,config_2
86fe4,33.595849265812916,-101.70682943311247,34,config_2
86fec,32.88684586721839,-101.70682943311247,10,config_2
86ff4,32.953302765371205,-100.98070031132626,74,config_2
86ffc,33.66302387809893,-100.98070031132626,4,config_2
87204,33.68371168667545,-106.91225102614887,99,config_2
8720c,33.575100397447606,-107.66888695938226,1,config_2
87214,34.266467139229505,-107.66888695938226,24,config_2
8721c,34.37614615830161,-106.91225102614887,64,config_2
872204,34.846246578644894,-106.62913035392717,10,config_2
872209,34.981537677748776,-106.58197892714489,9,config_2
87220b,35.06722860797057,-106.58197892714489,24,config_2
87220c4,35.03589074856492,-106.6527099211625,31,config_2
87220cc,35.07870933440729,-106.6527099211625,43,config_2
87220d4,35.07206433186745,-106.69987670323877,26,config_2
87220dc,35.02924933866187,-106.69987670323877,42,config_2
87220f,34.96830717635516,-106.67629204160652,45,config_2
872214,34.99114394854021,-106.81783770824106,14,config_2
87221c,34.819663616385284,-106.81783770824106,49,config_2
87223,34.86490572500623,-107.10119308682007,30,config_2
87225,35.207004810685156,-107.10119308682007,2,config_2
872264,35.33307355223786,-106.81783770824106,4,config_2
87226c,35.162281673434464,-106.81783770824106,27,config_2
872271,35.22507824357043,-106.67629204160652,20,config_2
872273,35.139574214309256,-106.67629204160652,76,config_2
872275,35.152833348692646,-106.58197892714489,48,config_2
872277,35.238351495469196,-106.58197892714489,32,config_2
87227c,35.359828813793214,-106.62913035392717,14,config_2
8722c,35.7449475871579,-106.91225102614887,74,config_2
87234,35.63334655030604,-107.66888695938226,35,config_2
872384,35.16552393244321,-107.95318355546407,13,config_2
87238c,34.99508840818153,-107.95318355546407,32,config_2
872394,35.02378778071477,-107.7636209979384,24,config_2
87239c,35.194284888992044,-107.7636209979384,74,config_2
8723b,35.15154820689286,-107.47951725467925,61,config_2
8723d,34.809689335356424,-107.47951725467925,5,config_2
8723f,34.7531441277272,-107.8583867896444,42,config_2
87244,34.83661551454136,-108.42760468979141,54,config_2
8724c,35.51636026706173,-108.42760468979141,92,config_2
87254,35.39399076379331,-109.18800474020169,39,config_2
8725c,34.715284394145534,-109.18800474020169,49,config_2
8727,33.74786648533911,-108.80761947009503,93,config_2
873a4,36.73477252185684,-109.18800474020169,88,config_2
873ac,36.06721734694656,-109.18800474020169,14,config_2
873b4,36.19054884940218,-108.42760468979141,51,config_2
873b84,36.65406049425573,-108.14286689033348,74,config_2
873b8c,36.82088445948896,-108.14286689033348,37,config_2
873b94,36.79088438031434,-108.33266475883127,10,config_2
873bb,36.661941153360814,-108.61756263435514,20,config_2
873bd,36.99459028375367,-108.61756263435514,1,config_2
873bf,37.055429494622416,-108.23775189843867,11,config_2
873c4,36.97772057880847,-107.66888695938226,57,config_2
873cc,36.308443175380226,-107.66888695938226,31,config_2
873d4,36.42089984060606,-106.91225102614887,97,config_2
873d9,36.951418487452834,-106.72346389403498,99,config_2
873db,36.896259290597975,-107.10119308682007,18,config_2
873dd,37.229696462462684,-107.10119308682007,3,config_2
873df,37.28503790867621,-106.72346389403498,3,config_2
87004,34.36746385834631,-100.98070031132626,6,config_2
8700c,35.06638763194719,-100.98070031132626,19,config_2
87014,34.997915427712485,-101.70682943311247,97,config_2
8701c,34.299617578644025,-101.70682943311247,11,config_2
87024,34.22684746365561,-102.43805808577758,4,config_2
8702c4,34.226411649394365,-103.26634785926352,5,config_2
8702dc4,34.381689370828894,-103.24326320176718,27,config_2
8702ddc,34.38674291962364,-103.1971066538153,95,config_2
8702de1,34.420704086794636,-103.18557018475742,43,config_2
8702de3,34.442498008154864,-103.18557018475742,37,config_2
8702de5,34.43997432617424,-103.20864419143828,45,config_2
8702de7,34.41818114703205,-103.20864419143828,36,config_2
8702dec,34.42528414705752,-103.24326320176718,87,config_2
8702df4,34.46885760475188,-103.24326320176718,6,config_2
8702dfc,34.47391710430892,-103.1971066538153,13,config_2
8702e4,34.42109544071095,-103.08179027824441,100,config_2
8702ec,34.24650469907109,-103.08179027824441,4,config_2
87034,34.845982406002406,-103.17403478565704,85,config_2
8703c,34.92446954871148,-102.43805808577758,3,config_2
8705,35.921155923343846,-102.80547525792774,20,config_2
8707,36.06991069362731,-101.34310583455695,19,config_2
87084,37.1279063705676,-100.98070031132626,23,config_2
8708c,37.05782634326976,-101.70682943311247,12,config_2
87094,37.73214758319636,-101.70682943311247,53,config_2
87099,37.95317939829766,-101.16173564777472,17,config_2
8709b,37.617457639305286,-101.16173564777472,20,config_2
8709d,37.65139818663326,-100.80000510701574,24,config_2
8709f,37.98722220570917,-100.80000510701574,50,config_2
870a4,38.470949065435285,-100.98070031132626,22,config_2
870a9,38.984796304981984,-100.80000510701574,14,config_2
870ab,39.313959130767,-100.80000510701574,77,config_2
870ad,39.279558179318556,-101.16173564777472,55,config_2
870af,38.950477358043486,-101.16173564777472,20,config_2
870b1,38.9148740680343,-101.52480554998527,33,config_2
870b3,39.243869314979136,-101.52480554998527,19,config_2
870b5,39.20688202679373,-101.8891720843707,24,config_2
870b7,38.87797600437521,-101.8891720843707,36,config_2
870bc,38.40001605776872,-101.70682943311247,7,config_2
870d,38.61504389066563,-102.80547525792774,10,config_2
870f,37.280690496116634,-102.80547525792774,9,config_2
87104,36.81668198411202,-103.91439904540992,49,config_2
8710c,36.72578603577055,-104.65878213755632,60,config_2
87164,37.198730971474454,-106.15809365922375,34,config_2
87171,36.77304966069307,-105.59433880659961,13,config_2
87173,36.82259813646065,-105.21948079223417,3,config_2
87175,36.485245148115986,-105.21948079223417,31,config_2
871764,36.363801617410125,-105.50054826391207,21,config_2
87176c,36.53278727292038,-105.50054826391207,83,config_2
871774,36.50774220284412,-105.68817878401569,46,config_2
87177c,36.33880202907964,-105.68817878401569,8,config_2
87179,36.38515415061818,-105.96998775016152,5,config_2
8717b,36.722151002665655,-105.96998775016152,2,config_2
8717d,36.669898534535236,-106.34637906744265,7,config_2
8717f,36.33308857384016,-106.34637906744265,93,config_2
87181,35.99480537681307,-106.34637906744265,86,config_2
871824,36.11857916470452,-106.06401788566258,59,config_2
87182c,36.14420314409097,-105.87600401452671,73,config_2
871834,35.97457335763054,-105.87600401452671,1,config_2
871839,35.91296844269162,-106.0169970655137,51,config_2
87183b,35.99785592227153,-106.0169970655137,27,config_2
87183d,35.98497841654831,-106.11105011534488,28,config_2
871844,35.77905507079722,-106.06401788566258,23,config_2
87184c,35.804580102292995,-105.87600401452671,64,config_2
8718504,35.68863021919813,-105.94648743653362,55,config_2
871850c,35.64602413800463,-105.94648743653362,95,config_2
8718514,35.65237340790974,-105.8994955568318,6,config_2
871851c,35.69498267871954,-105.8994955568318,25,config_2
871855,35.59789525527132,-105.82902978439431,1,config_2
871857,35.585247982808376,-105.92299003479476,47,config_2
871859,35.57251741627937,-106.0169970655137,10,config_2
87185b,35.65776457460111,-106.0169970655137,85,config_2
87185d,35.64493769382002,-106.11105011534488,6,config_2
87185f,35.55970350869149,-106.11105011534488,3,config_2
871864,35.582944657038276,-106.25221430786118,13,config_2
87186c,35.75319557802099,-106.25221430786118,79,config_2
871874,35.72700127765383,-106.44058717271729,22,config_2
87187c,35.55680295686417,-106.44058717271729,4,config_2
871884,35.38625034709729,-106.44058717271729,40,config_2
87188c,35.41233841157553,-106.25221430786118,32,config_2
871894,35.24137997599311,-106.25221430786118,12,config_2
87189c,35.21534658557788,-106.44058717271729,77,config_2
8718b,34.971355628787144,-106.34637906744265,36,config_2
8718d,35.02259244971104,-105.96998775016152,14,config_2
8718e4,35.2924500800989,-105.87600401452671,59,config_2
8718f4,35.43809330417531,-106.06401788566258,21,config_2
8718fc,35.46351535917702,-105.87600401452671,79,config_2
87191,35.4154978402409,-105.59433880659961,29,config_2
87193,35.072507055688185,-105.59433880659961,55,config_2
87195,35.1211025928096,-105.21948079223417,57,config_2
87197,35.4642994905847,-105.21948079223417,60,config_2
8719c,35.95203495587482,-105.4068079114331,84,config_2
871a4,36.04756590113465,-104.65878213755632,11,config_2
871ac,36.13780041436311,-103.91439904540992,1,config_2
871b4,35.452971786567815,-103.91439904540992,95,config_2
871bc,35.363455761931455,-104.65878213755632,11,config_2
871c4,34.67365469013606,-104.65878213755632,77,config_2
871c9,34.91381763214866,-104.10013262592865,43,config_2
871cb,34.95699235229625,-103.72891667819331,59,config_2
871cd,34.61020581512252,-103.72891667819331,15,config_2
871cf,34.56722575755272,-104.10013262592865,33,config_2
871d4,34.06627961898421,-103.91439904540992,1,config_2
871dc,33.97837437463926,-104.65878213755632,50,config_2
871f,34.184493033741475,-105.78206743935718,81,config_2
87a04,39.19874377148038,-100.26001249402657,61,config_2
87a0c,38.53678925738163,-100.26001249402657,28,config_2
87a14,38.597626198765326,-99.54509739864785,89,config_2
87a1c,39.25988557805692,-99.54509739864785,58,config_2
87a24,39.31609316655254,-98.83627550306029,50,config_2
87a2c,39.36747025008236,-98.13385582671398,24,config_2
87a34,38.70468170309181,-98.13385582671398,98,config_2
87a3c,38.653556166632896,-98.83627550306029,83,config_2
87a44,37.98425851730306,-98.83627550306029,90,config_2
87a49,38.19083888191821,-98.30884408222222,98,config_2
87a4a4,38.293018673321384,-98.04651845312563,30,config_2
87a4ac,38.30487589390091,-97.87216004899976,37,config_2
87a4b4,38.137035624658814,-97.87216004899976,99,config_2
87a4bc,38.12519515900761,-98.04651845312563,60,config_2
87a4c1,37.99605187981117,-98.09017401782,21,config_2
87a4c3,37.9118305004598,-98.09017401782,12,config_2
87a4c5,37.91781245903109,-98.0028892034051,11,config_2
87a4c7,38.00203825296458,-98.0028892034051,83,config_2
87a4c9,38.0079520281108,-97.91570993103981,31,config_2
87a4cb,38.01379342249101,-97.82863676314237,17,config_2
87a4cd,37.929558970532746,-97.82863676314237,30,config_2
87a4cf,37.92372187673891,-97.91570993103981,40,config_2
87a4f,37.854413086928595,-98.30884408222222,57,config_2
87a51,37.516339847404666,-98.30884408222222,2,config_2
87a53,37.540475869776444,-97.95928633924419,8,config_2
87a55,37.20069800913137,-97.95928633924419,49,config_2
87a57,37.17664007369433,-98.30884408222222,44,config_2
87a59,37.15141789112534,-98.66005856336714,37,config_2
87a5b,37.49103554050732,-98.66005856336714,18,config_2
87a5d,37.46454966440201,-99.0128926396605,12,config_2
87a5f,37.12501825652961,-99.0128926396605,37,config_2
87a64,37.25308031593278,-99.54509739864785,57,config_2
87a69,37.77469604920507,-99.36730841665778,14,config_2
87a6b,38.11088756915965,-99.36730841665778,45,config_2
87a6d,38.08182410276906,-99.72326726161637,8,config_2
87a6f,37.74571839138519,-99.72326726161637,52,config_2
87a71,37.71551735275621,-100.08072981765946,54,config_2
87a73,38.051533265291624,-100.08072981765946,9,config_2
87a75,38.020003135223114,-100.43965601897102,8,config_2
87a77,37.684081092744144,-100.43965601897102,38,config_2
87a7c,37.1929620617629,-100.26001249402657,8,config_2
87a9,36.198654568532326,-99.90181306343518,7,config_2
87aa4,35.12996144190496,-100.26001249402657,31,config_2
87aac,34.43046004733547,-100.26001249402657,21,config_2
87ab4,34.48868718731357,-99.54509739864785,1,config_2
87abc,35.18871942524917,-99.54509739864785,69,config_2
87ac4,35.24275101245371,-98.83627550306029,54,config_2
87acc,34.5422331954533,-98.83627550306029,42,config_2
87ad4,34.59119242586573,-98.13385582671398,19,config_2
87adc,35.29215205594181,-98.13385582671398,6,config_2
87af,36.30806451520898,-98.48424653420417,32,config_2
87b01,36.88214109141718,-97.61142171393448,13,config_2
87b03,36.539087276995375,-97.61142171393448,28,config_2
87b044,36.641333070930806,-97.35165580142355,13,config_2
87b04c,36.46938296137899,-97.35165580142355,100,config_2
87b054,36.47990341459135,-97.17902604633225,27,config_2
87b05c,36.65187270231197,-97.17902604633225,1,config_2
87b064,36.82344784434161,-97.17902604633225,1,config_2
87b06c,36.8128894571667,-97.35165580142355,27,config_2
87b071,36.94396589839565,-97.3084570618028,32,config_2
87b073,36.93860977828511,-97.39488196255758,18,config_2
87b075,37.02408769242697,-97.39488196255758,13,config_2
87b077,37.02944840683668,-97.3084570618028,42,config_2
87b07c,36.994625926053835,-97.17902604633225,16,config_2
87b09,36.92441598166638,-96.92091345144947,28,config_2
87b0b,36.94388990536518,-96.57833866136845,72,config_2
87b0f,36.581212094227816,-96.92091345144947,35,config_2
87b104,36.31776687053005,-97.00683933476365,72,config_2
87b10c,36.144998768687124,-97.00683933476365,58,config_2
87b114,36.15492861559916,-96.83509992015557,47,config_2
87b13,36.25576816987602,-96.57833866136845,38,config_2
87b15,35.909367123506016,-96.57833866136845,55,config_2
87b17,35.89010922788603,-96.92091345144947,33,config_2
87b18c,35.77770545633417,-97.35165580142355,59,config_2
87b194,35.951200244342246,-97.35165580142355,82,config_2
87b19c,35.96166061329158,-97.17902604633225,15,config_2
87b1a4,36.134794323784,-97.17902604633225,55,config_2
87b1ac,36.3075429484362,-97.17902604633225,41,config_2
87b1b4,36.29704209734331,-97.35165580142355,14,config_2
87b1bc,36.124313500287066,-97.35165580142355,58,config_2
87b1f,35.84830491897991,-97.61142171393448,34,config_2
87b204,35.58216502503628,-97.69822718000074,22,config_2
87b20c,35.407962059488796,-97.69822718000074,14,config_2
87b211,35.459790460476206,-97.56805946490843,49,config_2
87b213,35.37258726407458,-97.56805946490843,21,config_2
87b215,35.37798976333666,-97.48141627828754,60,config_2
87b217,35.46519867756033,-97.48141627828754,29,config_2
87b219,35.55231450844149,-97.48141627828754,32,config_2
87b21b,35.54690062967078,-97.56805946490843,43,config_2
87b21d,35.633917360840194,-97.56805946490843,32,config_2
87b21f,35.639336845243704,-97.48141627828754,29,config_2
87b224,35.60383231579316,-97.35165580142355,54,config_2
87b22c,35.614250489150876,-97.17902604633225,8,config_2
87b234,35.43998048457857,-97.17902604633225,3,config_2
87b23c,35.42958405495318,-97.35165580142355,42,config_2
87b244,35.25496395873711,-97.35165580142355,82,config_2
87b24c,35.265338212303675,-97.17902604633225,6,config_2
87b254,35.09032700870221,-97.17902604633225,17,config_2
87b25c,35.07997536472856,-97.35165580142355,55,config_2
87b264,35.069349151325305,-97.52472429686226,7,config_2
87b2684,35.18276807803526,-97.45977247140304,43,config_2
87b268c,35.180090645993815,-97.50306688961776,4,config_2
87b2694,35.22380982595907,-97.50306688961776,28,config_2
87b269c,35.226488712848905,-97.45977247140304,50,config_2
87b26b,35.29068817979624,-97.48141627828754,40,config_2
87b26d,35.28529145457151,-97.56805946490843,7,config_2
87b26f,35.197903449358954,-97.56805946490843,3,config_2
87b274,35.23338815738723,-97.69822718000074,1,config_2
87b27c,35.05844665881247,-97.69822718000074,20,config_2
87b29,34.80082004331816,-97.61142171393448,87,config_2
87b2b,34.44874807994539,-97.61142171393448,32,config_2
87b2c4,34.552832760721586,-97.35165580142355,32,config_2
87b2cc,34.3764046028416,-97.35165580142355,21,config_2
87b2d3,34.33995598018533,-97.22214211701957,19,config_2
87b2d5,34.345013669966406,-97.13593766610796,81,config_2
87b2d7,34.43333109395179,-97.13593766610796,86,config_2
87b2d9,34.52156039883899,-97.13593766610796,73,config_2
87b2db,34.51649064398076,-97.22214211701957,37,config_2
87b2dd,34.604625428460785,-97.22214211701957,50,config_2
87b2df,34.609701134771846,-97.13593766610796,34,config_2
87b2e1,34.697752855166826,-97.13593766610796,27,config_2
87b2e3,34.7857151167163,-97.13593766610796,9,config_2
87b2e5,34.780627669378184,-97.22214211701957,44,config_2
87b2e64,34.713387373874355,-97.24371051537364,31,config_2
87b2e6c,34.715945887024795,-97.20058062454765,18,config_2
87b2e74,34.67194455466674,-97.20058062454765,35,config_2
87b2e7c,34.66938751929512,-97.24371051537364,30,config_2
87b2ec,34.72890629670785,-97.35165580142355,96,config_2
87b2f4,34.904621663130136,-97.35165580142355,73,config_2
87b2fc,34.91495026282538,-97.17902604633225,14,config_2
87b304,34.925006651551605,-97.00683933476365,33,config_2
87b30c,34.934792571831565,-96.83509992015557,53,config_2
87b314,34.75900868161026,-96.83509992015557,89,config_2
87b31c,34.749244965705444,-97.00683933476365,41,config_2
87b321,34.614709178057524,-97.04984424386326,3,config_2
87b323,34.61964977488598,-96.96386238196816,6,config_2
87b325,34.531497381818184,-96.96386238196816,58,config_2
87b327,34.52656257271623,-97.04984424386326,46,config_2
87b32c,34.39664804437829,-97.00683933476365,76,config_2
87b334,34.40636610838678,-96.83509992015557,52,config_2
87b33c,34.58286534552771,-96.83509992015557,51,config_2
87b344,34.59233900552037,-96.6638120059594,76,config_2
87b34c,34.415817386806644,-96.6638120059594,72,config_2
87b353,34.37854203316969,-96.53564486778043,35,config_2
87b355,34.38306650281718,-96.45034335805805,76,config_2
87b357,34.47142942922107,-96.45034335805805,16,config_2
87b35c,34.601546995848096,-96.49297974540691,98,config_2
87b364,34.77773365280684,-96.49297974540691,58,config_2
87b3684,34.70597340727614,-96.59969628987318,26,config_2
87b368c,34.74999437240649,-96.59969628987318,5,config_2
87b3694,34.74767112080825,-96.64243297020663,74,config_2
87b369c,34.70365149331843,-96.64243297020663,42,config_2
87b36b,34.72214906475616,-96.70659142835461,77,config_2
87b36c4,34.789327063744466,-96.68519816136498,59,config_2
87b36cc,34.78696918262903,-96.7279917988472,35,config_2
87b36d4,34.83094114239358,-96.7279917988472,6,config_2
87b36dc,34.83330036840129,-96.68519816136498,47,config_2
87b36f,34.81482312188348,-96.62106106216318,73,config_2
87b371,34.9027285571258,-96.62106106216318,22,config_2
87b373,34.89803946160303,-96.70659142835461,59,config_2
87b375,34.98584898729669,-96.70659142835461,58,config_2
87b37c,34.95356006951812,-96.49297974540691,1,config_2
87b384,35.12902275567145,-96.49297974540691,1,config_2
87b38c,35.304118273725166,-96.49297974540691,26,config_2
87b393,35.34088746826004,-96.62106106216318,2,config_2
87b395,35.33617253696089,-96.70659142835461,50,config_2
87b397,35.24872968561469,-96.70659142835461,64,config_2
87b39c,35.119751910132294,-96.6638120059594,69,config_2
87b3b,35.19291140982009,-96.92091345144947,92,config_2
87b3d,35.5422593775057,-96.92091345144947,33,config_2
87b3f,35.56143896328144,-96.57833866136845,28,config_2
87b41,35.57954609777117,-96.23759466618242,64,config_2
87b43,35.59659544484302,-95.8987138825821,81,config_2
87b47,35.23003984163502,-96.23759466618242,4,config_2
87b4a4,34.610491101993766,-96.32260724129291,56,config_2
87b4ac,34.43392665259486,-96.32260724129291,85,config_2
87b4b1,34.48462550745206,-96.1951320179046,33,config_2
87b4b3,34.39624685679587,-96.1951320179046,50,config_2
87b4b5,34.400510041444925,-96.1102943120119,76,config_2
87b4b7,34.48889377409845,-96.1102943120119,1,config_2
87b4bc,34.61917312666029,-96.15269854577356,14,config_2
87b4d,34.54344605812911,-95.8987138825821,82,config_2
87b4f,34.89595805380332,-95.8987138825821,66,config_2
87b504,34.99587105193243,-95.64579506896482,69,config_2
87b514,34.82761874317825,-95.47778111042308,43,config_2
87b51c,34.8199490359406,-95.64579506896482,20,config_2
87b55,34.57402317582468,-95.22666753958994,4,config_2
87b57,34.92667642576983,-95.22666753958994,57,config_2
87b59,35.27787142623932,-95.22666753958994,1,config_2
87b5a4,35.17913158642652,-95.47778111042308,68,config_2
87b5ac,35.17142754945675,-95.64579506896482,72,config_2
87b5b4,35.346615095569945,-95.64579506896482,82,config_2
87b5bc,35.35433581072388,-95.47778111042308,9,config_2
87b5c4,35.52916738044704,-95.47778111042308,69,config_2
87b5cc,35.52143031039644,-95.64579506896482,41,config_2
87b5d4,35.69586986717627,-95.64579506896482,33,config_2
87b5dc,35.7036229697638,-95.47778111042308,8,config_2
87b5f,35.62758073035127,-95.22666753958994,54,config_2
87b604,35.89246856123163,-95.1432068497593,45,config_2
87b60c,35.88521135107178,-95.31025045570311,47,config_2
87b614,36.05892008475813,-95.31025045570311,54,config_2
87b634,36.40517659762142,-95.31025045570311,58,config_2
87b63c,36.23224287092597,-95.31025045570311,53,config_2
87b644,36.22470139491305,-95.47778111042308,1,config_2
87b64c,36.397620868300436,-95.47778111042308,53,config_2
87b654,36.389806839182775,-95.64579506896482,13,config_2
87b65c,36.21690211898293,-95.64579506896482,41,config_2
87b664,36.04360896532281,-95.64579506896482,29,config_2
87b674,35.87769930603242,-95.47778111042308,95,config_2
87b67c,35.869930492298806,-95.64579506896482,57,config_2
87b689,35.9942201388377,-95.77212042411867,13,config_2
87b68b,36.08095740857633,-95.77212042411867,29,config_2
87b68d,36.07686857040709,-95.85648637454487,57,config_2
87b68f,35.99013530407835,-95.85648637454487,13,config_2
87b691,35.98598510232307,-95.94097099813557,40,config_2
87b693,36.072714299369316,-95.94097099813557,68,config_2
87b695,36.068494358466836,-96.02557380749096,92,config_2
87b697,35.98176929689398,-96.02557380749096,58,config_2
87b69c,35.85361489546882,-95.98325766018019,4,config_2
87b6a4,35.845064318097315,-96.15269854577356,6,config_2
87b6ac,35.83624938440091,-96.32260724129291,12,config_2
87b6b4,36.0098609837762,-96.32260724129291,27,config_2
87b6bc,36.01869344273059,-96.15269854577356,71,config_2
87b6d,36.27401988976557,-96.23759466618242,13,config_2
87b6e4,36.37339615816689,-95.98325766018019,73,config_2
87b6e9,36.241655079894315,-96.02557380749096,16,config_2
87b6eb,36.155123082661355,-96.02557380749096,66,config_2
87b6ec4,36.17994012585915,-95.96211063966837,48,config_2
87b6ecc,36.1366483856249,-95.96211063966837,35,config_2
87b6ed4,36.13874344443655,-95.9198387432287,29,config_2
87b6edc,36.18203619418263,-95.9198387432287,5,config_2
87b6ef,36.24588316220079,-95.94097099813557,55,config_2
87b6f1,36.250045444266824,-95.85648637454487,43,config_2
87b6f3,36.16350541361583,-95.85648637454487,79,config_2
87b6f5,36.1675982133254,-95.77212042411867,45,config_2
87b6f7,36.25414216371831,-95.77212042411867,3,config_2
87b6fc,36.38173257575033,-95.81428853484881,4,config_2
87b70c,36.726334990807054,-95.81428853484881,14,config_2
87b714,36.71796805113994,-95.98325766018019,70,config_2
87b71c,36.54587902406246,-95.98325766018019,44,config_2
87b73,36.61893668649894,-96.23759466618242,9,config_2
87b75,36.96227433759821,-96.23759466618242,30,config_2
87b77,36.97958426648054,-95.8987138825821,23,config_2
87b79,36.99583493917285,-95.56172791278979,72,config_2
87b7b,36.652379208234066,-95.56172791278979,31,config_2
87b7cc,36.57771820611493,-95.31025045570311,11,config_2
87b7d4,36.585031046401475,-95.1432068497593,74,config_2
87b7dc,36.75719069795605,-95.1432068497593,32,config_2
87b7f,37.01104184713288,-95.22666753958994,58,config_2
87b804,37.271267891664316,-95.1432068497593,49,config_2
87b80c,37.44181688545928,-95.1432068497593,6,config_2
87b814,37.4344411403081,-95.31025045570311,74,config_2
87b81c,37.263904144041916,-95.31025045570311,90,config_2
87b824,37.25628172523593,-95.47778111042308,55,config_2
87b82c,37.24839866312311,-95.64579506896482,56,config_2
87b834,37.41891035985244,-95.64579506896482,11,config_2
87b83c,37.426806290630985,-95.47778111042308,38,config_2
87b844,37.59692179972877,-95.47778111042308,85,config_2
87b84c,37.58901330987984,-95.64579506896482,2,config_2
87b854,37.75870482267066,-95.64579506896482,1,config_2
87b85c,37.766625563369026,-95.47778111042308,93,config_2
87b87,37.69320719300512,-95.22666753958994,65,config_2
87b884,37.950995303662964,-95.1432068497593,71,config_2
87b88c,37.94358529627722,-95.31025045570311,48,config_2
87b894,38.11246895309677,-95.31025045570311,71,config_2
87b89c,38.11988980883777,-95.1432068497593,39,config_2
87b8a4,38.288364238151914,-95.1432068497593,18,config_2
87b8ac,38.456416114749366,-95.1432068497593,5,config_2
87b8b4,38.44897441266415,-95.31025045570311,74,config_2
87b8bc,38.28093281797955,-95.31025045570311,49,config_2
87b8d,38.35336107952697,-95.56172791278979,29,config_2
87b8f,38.016467102418936,-95.56172791278979,55,config_2
87b91,38.00006050543444,-95.8987138825821,51,config_2
87b93,38.33690757539888,-95.8987138825821,35,config_2
87b944,38.23981917159275,-96.15269854577356,6,config_2
87b94c,38.40780367780611,-96.15269854577356,46,config_2
87b954,38.39876327329945,-96.32260724129291,48,config_2
87b95c,38.23079134912269,-96.32260724129291,10,config_2
87b97,37.98258412232734,-96.23759466618242,5,config_2
87b9c,37.48310144664223,-96.06791937864303,79,config_2
87ba4,37.44614510974571,-96.74939926474936,47,config_2
87ba84,37.16540408538897,-97.17902604633225,1,config_2
87ba91,37.28529404999976,-97.3084570618028,37,config_2
87ba93,37.370374143394116,-97.3084570618028,35,config_2
87ba95,37.3649955809055,-97.39488196255758,11,config_2
87ba97,37.27991987038358,-97.39488196255758,20,config_2
87ba9c,37.15480944720643,-97.35165580142355,86,config_2
87bab,37.22360524896747,-97.61142171393448,1,config_2
87bad,37.56345723784455,-97.61142171393448,28,config_2
87bae1,37.7042809232782,-97.39488196255758,26,config_2
87bae3,37.70967649263237,-97.3084570618028,64,config_2
87bae5,37.625004279002965,-97.3084570618028,14,config_2
87bae7,37.61961288290332,-97.39488196255758,5,config_2
87baec,37.49512023125898,-97.35165580142355,23,config_2
87baf4,37.50574945105736,-97.17902604633225,3,config_2
87bafc,37.67531119536496,-97.17902604633225,84,config_2
87bb1,37.92358291380899,-97.26528581122331,82,config_2
87bb24,37.82285460383044,-97.52472429686226,63,config_2
87bb2c,37.8116242725562,-97.69822718000074,42,config_2
87bb34,37.9803128407714,-97.69822718000074,15,config_2
87bb3c,37.991559914458996,-97.52472429686226,3,config_2
87bb5,38.23823883760223,-97.61142171393448,88,config_2
87bb7,38.26020986732079,-97.26528581122331,84,config_2
87bb9,38.28104739236964,-96.92091345144947,61,config_2
87bbb,37.94436039902519,-96.92091345144947,40,config_2
87bbd,37.96402248946025,-96.57833866136845,53,config_2
87bbe4,38.22149063741994,-96.49297974540691,26,config_2
87bbec,38.21191512886275,-96.6638120059594,22,config_2
87bbf4,38.37986069132068,-96.6638120059594,23,config_2
87bbfc,38.38944958175424,-96.49297974540691,34,config_2
87bc1,38.635825608716864,-96.57833866136845,53,config_2
87bc24,38.89078222964544,-96.49297974540691,78,config_2
87bc2c,39.057037268418675,-96.49297974540691,69,config_2
87bc31,39.00831303234005,-96.62106106216318,37,config_2
87bc33,39.09132840676162,-96.62106106216318,38,config_2
87bc35,39.08643800534409,-96.70659142835461,22,config_2
87bc37,39.00342561768028,-96.70659142835461,28,config_2
87bc3c,38.881155357981044,-96.6638120059594,16,config_2
87bc5,38.949358692902884,-96.92091345144947,58,config_2
87bc7,38.616053199210654,-96.92091345144947,38,config_2
87bcb,38.57312758898384,-97.61142171393448,23,config_2
87bcd,38.90632244361712,-97.61142171393448,67,config_2
87bcf,38.92841052296785,-97.26528581122331,12,config_2
87bd4,39.41412630334877,-97.43813547748366,94,config_2
87bd84,39.68782795787213,-97.00683933476365,7,config_2
87bd89,39.73659240308109,-96.87799260898478,1,config_2
87bd8b,39.74164559959143,-96.7922354503473,43,config_2
87bd8d,39.659506939128796,-96.7922354503473,50,config_2
87bd8f,39.65445645430331,-96.87799260898478,18,config_2
87bd94,39.533578881320885,-96.83509992015557,30,config_2
87bd9c,39.52334514206077,-97.00683933476365,8,config_2
87bdb,39.280945566843414,-96.92091345144947,97,config_2
87bdc4,39.37858846317301,-96.6638120059594,17,config_2
87bdc9,39.252138661896886,-96.70659142835461,52,config_2
87bdcb,39.169342444413395,-96.70659142835461,23,config_2
87bdcd,39.174235787720164,-96.62106106216318,71,config_2
87bdcf,39.25703490235032,-96.62106106216318,39,config_2
87bdd1,39.26186149760622,-96.53564486778043,33,config_2
87bdd3,39.179059529404206,-96.53564486778043,48,config_2
87bdd5,39.18381390879418,-96.45034335805805,22,config_2
87bdd7,39.266618687236296,-96.45034335805805,24,config_2
87bddc,39.388250109529636,-96.49297974540691,41,config_2
87bdf,39.63071212618312,-96.57833866136845,18,config_2
87be1,39.64951253240552,-96.23759466618242,28,config_2
87be3,39.66721307625181,-95.8987138825821,51,config_2
87be5,39.33723555525053,-95.8987138825821,5,config_2
87be64,39.24133220573672,-96.15269854577356,33,config_2
87be6c,39.40674315202266,-96.15269854577356,31,config_2
87be7c,39.23223397533335,-96.32260724129291,42,config_2
87be84,39.06639938139798,-96.32260724129291,51,config_2
87be8c,39.07548671851177,-96.15269854577356,37,config_2
87be94,38.909208867991225,-96.15269854577356,57,config_2
87be9c,38.90013275827642,-96.32260724129291,57,config_2
87beb,38.65449109341921,-96.23759466618242,99,config_2
87bed,38.672064996428546,-95.8987138825821,38,config_2
87bef,39.00551372862383,-95.8987138825821,81,config_2
87bf04,39.10111959213894,-95.64579506896482,91,config_2
87bf0c,39.109127418995335,-95.47778111042308,67,config_2
87bf14,38.94280815076366,-95.47778111042308,65,config_2
87bf1c,38.93481016221407,-95.64579506896482,76,config_2
87bf3,38.688562914297606,-95.56172791278979,11,config_2
87bf44,38.78378113825695,-95.31025045570311,38,config_2
87bf4c,38.61659131089693,-95.31025045570311,74,config_2
87bf54,38.62404301380947,-95.1432068497593,23,config_2
87bf5c,38.791242562371075,-95.1432068497593,28,config_2
87bf61,38.91818673610689,-95.10152248359266,37,config_2
87bf63,39.001465001221426,-95.10152248359266,9,config_2
87bf65,38.99779372053584,-95.18492188756028,54,config_2
87bf67,38.91451773950286,-95.18492188756028,66,config_2
87bf69,38.91078350495252,-95.26844374824067,67,config_2
87bf6b,38.90698377924388,-95.35208760396613,45,config_2
87bf6d,38.990255065831136,-95.35208760396613,79,config_2
87bf6f,38.994057159887085,-95.26844374824067,95,config_2
87bf74,39.11687034071522,-95.31025045570311,43,config_2
87bf7c,39.12435037432493,-95.1432068497593,7,config_2
87bf9,39.369328708003344,-95.22666753958994,26,config_2
87bfb,39.35381492420033,-95.56172791278979,11,config_2
87bfc4,39.605474990058624,-95.47778111042308,83,config_2
87bfcc,39.59743940845311,-95.64579506896482,36,config_2
87bfd4,39.762002783946365,-95.64579506896482,19,config_2
87bfdc,39.770047036048446,-95.47778111042308,46,config_2
87bfe4,39.77782512859454,-95.31025045570311,29,config_2
87bfec,39.61324471130742,-95.31025045570311,39,config_2
87bff4,39.620750599932535,-95.1432068497593,17,config_2
87bffc,39.78533909274184,-95.1432068497593,39,config_2
86404,28.938192472482168,-95.39395513481692,43,config_2
86409,29.501123243302253,-95.22666753958994,91,config_2
8640a4,29.781769536782075,-95.1432068497593,36,config_2
8640ac,29.966398359236102,-95.1432068497593,21,config_2
8640b4,29.959786529660697,-95.31025045570311,32,config_2
8640b9,29.819672248017405,-95.35208760396613,9,config_2
8640bb,29.82302652918589,-95.26844374824067,7,config_2
8640bd,29.730659910901096,-95.26844374824067,6,config_2
8640bf,29.727311981163066,-95.35208760396613,95,config_2
8640c1,29.723906263439893,-95.43585298984118,66,config_2
8640c3,29.720442543224415,-95.51973943774544,29,config_2
8640c5,29.812789773957824,-95.51973943774544,11,config_2
8640c7,29.816260067935005,-95.43585298984118,9,config_2
8640cc,29.95294287747097,-95.47778111042308,35,config_2
8640d4,29.945865677209675,-95.64579506896482,21,config_2
8640dc,29.761313934618144,-95.64579506896482,31,config_2
8640e4,29.576518569889355,-95.64579506896482,44,config_2
8640ec,29.58354228478337,-95.47778111042308,22,config_2
8640f4,29.39848099246645,-95.47778111042308,8,config_2
8640fc,29.39148451206124,-95.64579506896482,64,config_2
86411,29.47307845952827,-95.8987138825821,31,config_2
86413,29.8425838339039,-95.8987138825821,72,config_2
86415,29.82703651809303,-96.23759466618242,26,config_2
86417,29.457649738535203,-96.23759466618242,3,config_2
8641c,28.909559669047898,-96.06791937864303,31,config_2
86424,28.87717828684354,-96.74939926474936,25,config_2
8642c,28.84094667826595,-97.43813547748366,6,config_2
86434,29.580617797468626,-97.43813547748366,65,config_2
8643c,29.617428456801527,-96.74939926474936,44,config_2
86444,30.353859258393445,-96.74939926474936,81,config_2
86449,30.14258310143638,-97.26528581122331,47,config_2
8644a4,30.03607884049197,-97.52472429686226,16,config_2
8644ac,30.026032896758466,-97.69822718000074,55,config_2
8644b1,30.166350280171464,-97.65481097525692,46,config_2
8644b3,30.161249525253425,-97.74167025909962,43,config_2
8644b44,30.23136342440552,-97.71994536457991,27,config_2
8644b4c,30.228793520243528,-97.76340185489671,23,config_2
8644b51,30.263839173892688,-97.75253521988041,83,config_2
8644b53,30.262549330079125,-97.7742701630638,79,config_2
8644b55,30.2854782232638,-97.7742701630638,18,config_2
8644b57,30.286768650120433,-97.75253521988041,13,config_2
8644b5c,30.277232077441795,-97.71994536457991,72,config_2
8644b7,30.258126250646576,-97.65481097525692,58,config_2
8644bc,30.219784329452057,-97.52472429686226,47,config_2
8644c4,30.403236040720408,-97.52472429686226,53,config_2
8644c9,30.34983856547093,-97.65481097525692,37,config_2
8644ca4,30.323084790431643,-97.71994536457991,16,config_2
8644cac,30.32051023682665,-97.76340185489671,49,config_2
8644cb4,30.36634462208107,-97.76340185489671,48,config_2
8644cbc,30.368921489305745,-97.71994536457991,12,config_2
8644cd,30.436358203188615,-97.74167025909962,52,config_2
8644cf,30.44148663205798,-97.65481097525692,46,config_2
8644d1,30.533069860674864,-97.65481097525692,58,config_2
8644d3,30.52793232491251,-97.74167025909962,18,config_2
8644d5,30.619441080748068,-97.74167025909962,7,config_2
8644d7,30.624587664456687,-97.65481097525692,23,config_2
8644dc,30.586429233124328,-97.52472429686226,27,config_2
8644f,30.50959108146923,-97.26528581122331,45,config_2
86451,30.875552911543373,-97.26528581122331,11,config_2
86453,30.85565226515239,-97.61142171393448,63,config_2
86455,31.220396089851533,-97.61142171393448,37,config_2
86457,31.24043139419716,-97.26528581122331,19,config_2
8645c,31.086161312239916,-96.74939926474936,50,config_2
86464,31.120018546616496,-96.06791937864303,65,config_2
8646c,30.38724914064403,-96.06791937864303,78,config_2
86471,30.593421637599622,-95.56172791278979,31,config_2
86473,30.22581351822073,-95.56172791278979,75,config_2
86475,30.239577135436164,-95.22666753958994,13,config_2
8647c,31.149953835575754,-95.39395513481692,14,config_2
86484,31.87866254966999,-95.39395513481692,10,config_2
8648b,31.658518180588914,-96.23759466618242,38,config_2
8648c4,31.9349750509088,-96.15269854577356,3,config_2
8648cc,31.926639159490318,-96.32260724129291,7,config_2
8648d4,32.107801562327275,-96.32260724129291,7,config_2
8648d9,32.15934467529481,-96.1951320179046,1,config_2
8648df94,32.19250453314468,-96.09440027503382,98,config_2
8648df9c,32.19199403454932,-96.10499584170577,3,config_2
8648f,32.037661507948876,-95.8987138825821,5,config_2
86494,32.571918438309666,-96.06791937864303,65,config_2
8649c,32.602612671349874,-95.39395513481692,77,config_2
864a4,33.321531368043786,-95.39395513481692,30,config_2
864ac,34.035158804423595,-95.39395513481692,10,config_2
864b1,33.83417706448965,-95.8987138825821,1,config_2
864b3,34.18950934049419,-95.8987138825821,74,config_2
864b44,34.08836047863795,-96.15269854577356,13,config_2
864b4c,34.26564945174071,-96.15269854577356,83,config_2
864b54,34.25700871940796,-96.32260724129291,30,config_2
864b59,34.12189366842541,-96.3651570426858,42,config_2
864b5b,34.12627103793401,-96.28008642818537,24,config_2
864b5d,34.03754762320829,-96.28008642818537,18,config_2
864b5f,34.03317568365569,-96.3651570426858,78,config_2
864b7,33.817517252567114,-96.23759466618242,49,config_2
864bc,33.29049058697478,-96.06791937864303,29,config_2
864c04,33.00025816692411,-96.49297974540691,51,config_2
864c0c,33.179521266031784,-96.49297974540691,3,config_2
864c14,33.170498212465176,-96.6638120059594,47,config_2
864c19,33.033808310287974,-96.70659142835461,24,config_2
864c1b,33.03837529168963,-96.62106106216318,14,config_2
864c1d,32.94867218962595,-96.62106106216318,26,config_2
864c1f,32.944111575688474,-96.70659142835461,37,config_2
864c21,32.93948603839875,-96.7922354503473,61,config_2
864c23,33.02917631256216,-96.7922354503473,21,config_2
864c25,33.024479084154464,-96.87799260898478,35,config_2
864c27,32.93479536379654,-96.87799260898478,27,config_2
864c29,32.93003933905558,-96.96386238196816,40,config_2
864c2b,32.92521775249787,-97.04984424386326,60,config_2
864c2d,33.014888083545486,-97.04984424386326,39,config_2
864c2f,33.019716411840896,-96.96386238196816,29,config_2
864c34,33.15166983045958,-97.00683933476365,73,config_2
864c3c,33.161214973793854,-96.83509992015557,75,config_2
864c5,33.42466297447948,-96.92091345144947,48,config_2
864c7,33.443305262701145,-96.57833866136845,35,config_2
864c84,33.71533595081478,-96.49297974540691,8,config_2
864c8c,33.706240578673395,-96.6638120059594,17,config_2
864c94,33.8841509284299,-96.6638120059594,17,config_2
864c99,33.9354432043109,-96.53564486778043,31,config_2
864c9b,33.84656443516483,-96.53564486778043,24,config_2
864c9d,33.851055472635714,-96.45034335805805,2,config_2
864c9f,33.93993993545446,-96.45034335805805,64,config_2
864ca1,34.02873863731382,-96.45034335805805,46,config_2
864ca3,34.02423626121194,-96.53564486778043,8,config_2
864ca5,34.11294313676092,-96.53564486778043,32,config_2
864ca7,34.11745110914826,-96.45034335805805,34,config_2
864ca9,34.206076885155156,-96.45034335805805,23,config_2
864cab,34.294615502799296,-96.45034335805805,41,config_2
864cad,34.290096483684934,-96.53564486778043,35,config_2
864caf,34.201563365111966,-96.53564486778043,55,config_2
864cb1,34.196984126669165,-96.62106106216318,60,config_2
864cb3,34.285511663852645,-96.62106106216318,42,config_2
864cb5,34.28086082138166,-96.70659142835461,42,config_2
864cb7,34.1923389482736,-96.70659142835461,33,config_2
864cbc,34.061719673240624,-96.6638120059594,58,config_2
864cc4,34.05231437246704,-96.83509992015557,96,config_2
864cc9,34.18762760947238,-96.7922354503473,32,config_2
864ccb,34.27614373545093,-96.7922354503473,45,config_2
864ccd,34.27136018635361,-96.87799260898478,26,config_2
864ccf,34.18284989092724,-96.87799260898478,51,config_2
864cd1,34.17800557442899,-96.96386238196816,26,config_2
864cd3,34.26650995551138,-96.96386238196816,44,config_2
864cd7,34.17309444291186,-97.04984424386326,45,config_2
864cdc,34.04264362382727,-97.00683933476365,33,config_2
864cf,33.78108454237463,-96.92091345144947,14,config_2
864d04,33.677373568329436,-97.17902604633225,11,config_2
864d14,33.845028658542326,-97.35165580142355,19,config_2
864d19,33.89709415859029,-97.22214211701957,16,config_2
864d1d,33.81328422836918,-97.13593766610796,38,config_2
864d1f,33.90212073716172,-97.13593766610796,50,config_2
864d21,33.99087189450843,-97.13593766610796,35,config_2
864d23,33.98583898509067,-97.22214211701957,13,config_2
864d25,34.07449804508447,-97.22214211701957,14,config_2
864d27,34.07953723099811,-97.13593766610796,51,config_2
864d284,34.147230085126125,-97.11440388078715,16,config_2
864d28c,34.14472497910701,-97.15747839073565,28,config_2
864d294,34.18899208201875,-97.15747839073565,84,config_2
864d29c,34.19149872613035,-97.11440388078715,17,config_2
864d2b,34.256608580008184,-97.13593766610796,37,config_2
864d2d,34.251557003963036,-97.22214211701957,40,config_2
864d2f,34.16307087236159,-97.22214211701957,54,config_2
864d34,34.19962542305069,-97.35165580142355,81,config_2
864d3c,34.02249887353197,-97.35165580142355,20,config_2
864d5,34.095267570885966,-97.61142171393448,77,config_2
864d9,33.38419865667327,-97.61142171393448,8,config_2
864db,33.40496528400982,-97.26528581122331,58,config_2
864dc4,33.131787043268204,-97.35165580142355,2,config_2
864dc9,33.18410496654987,-97.22214211701957,8,config_2
864dcb,33.189078936701314,-97.13593766610796,63,config_2
864dcd,33.09957690324923,-97.13593766610796,22,config_2
864dcf,33.094609754904205,-97.22214211701957,8,config_2
864dd4,32.96270202967597,-97.17902604633225,85,config_2
864ddc,32.952655876640875,-97.35165580142355,89,config_2
864df,33.026671193038524,-97.61142171393448,46,config_2
864e1,32.66785705573455,-97.61142171393448,69,config_2
864e3,32.30778876008412,-97.61142171393448,3,config_2
864e5,32.328206146256456,-97.26528581122331,19,config_2
864e64,32.60342559297486,-97.17902604633225,39,config_2
864e6c,32.59343654138261,-97.35165580142355,42,config_2
864e71,32.73081936245077,-97.3084570618028,30,config_2
864e73,32.72574784873103,-97.39488196255758,54,config_2
864e75,32.81554937243264,-97.39488196255758,28,config_2
864e77,32.82062812097865,-97.3084570618028,30,config_2
864e79,32.82564056924794,-97.22214211701957,37,config_2
864e7b,32.73582467310211,-97.22214211701957,22,config_2
864e7d,32.740763986823865,-97.13593766610796,37,config_2
864e7f,32.83058692378189,-97.13593766610796,38,config_2
864e81,32.83546739232744,-97.04984424386326,49,config_2
864e83,32.84028218382286,-96.96386238196816,51,config_2
864e85,32.750445454048034,-96.96386238196816,41,config_2
864e87,32.74563751096051,-97.04984424386326,54,config_2
864e8c,32.61315165717936,-97.00683933476365,82,config_2
864e91,32.66526542710278,-96.87799260898478,49,config_2
864e93,32.57526422651602,-96.87799260898478,1,config_2
864e95,32.57992816676992,-96.7922354503473,11,config_2
864e97,32.66993612885012,-96.7922354503473,51,config_2
864e99,32.75986543709132,-96.7922354503473,98,config_2
864e9b,32.7551880257996,-96.87799260898478,41,config_2
864e9d,32.84503150838342,-96.87799260898478,37,config_2
864e9f,32.8497155772872,-96.7922354503473,36,config_2
864ea04,32.87563726450346,-96.7279917988472,15,config_2
864ea0c,32.87793136366645,-96.68519816136498,9,config_2
864ea14,32.8330220951347,-96.68519816136498,6,config_2
864ea1c,32.83072961850467,-96.7279917988472,81,config_2
864ea3,32.76447789994794,-96.70659142835461,41,config_2
864ea5,32.7690256275286,-96.62106106216318,39,config_2
864ea7,32.858888798964614,-96.62106106216318,28,config_2
864eac,32.82067260831222,-96.49297974540691,49,config_2
864eb4,32.64076865251589,-96.49297974540691,6,config_2
864ebc,32.63182149570298,-96.6638120059594,24,config_2
864ed,32.36590279494162,-96.57833866136845,26,config_2
864ef,32.347573082143434,-96.92091345144947,53,config_2
864f4,31.81403698736281,-96.74939926474936,69,config_2
864f9,31.604190084441676,-97.26528581122331,51,config_2
864fb,31.966793302618584,-97.26528581122331,22,config_2
864fd,31.946499625943947,-97.61142171393448,14,config_2
864ff,31.584023768796495,-97.61142171393448,18,config_2
86504,31.733083289609205,-98.13385582671398,77,config_2
8650c,31.68622551393247,-98.83627550306029,25,config_2
86514,32.40782332145301,-98.83627550306029,52,config_2
8651c,32.455256936248034,-98.13385582671398,80,config_2
8653,33.50564014439569,-98.48424653420417,49,config_2
8655,33.400118050344666,-99.90181306343518,55,config_2
86564,32.29955541026602,-100.26001249402657,30,config_2
86569,32.52173400630715,-99.72326726161637,59,config_2
8656b,32.548873802031544,-99.36730841665778,35,config_2
8656d,32.189504673528944,-99.36730841665778,3,config_2
8656f,32.16252521721015,-99.72326726161637,9,config_2
86574,31.634986786941877,-99.54509739864785,3,config_2
8657c,31.57927923784857,-100.26001249402657,10,config_2
8659,30.518286860745835,-99.90181306343518,76,config_2
865a4,30.960008052009997,-98.83627550306029,20,config_2
865a9,31.177184550520312,-98.30884408222222,22,config_2
865ab,31.199317897630763,-97.95928633924419,19,config_2
865ad,30.83471593080454,-97.95928633924419,42,config_2
865af,30.812731753148537,-98.30884408222222,59,config_2
865b04,30.533055074971134,-98.39649382124541,29,config_2
865b0c,30.350051135519102,-98.39649382124541,9,config_2
865b14,30.361208801412218,-98.22129789306325,66,config_2
865b1c,30.544252496840773,-98.22129789306325,19,config_2
865b24,30.555187146256856,-98.04651845312563,12,config_2
865b2c,30.56586048991763,-97.87216004899976,39,config_2
865b31,30.42590766866006,-97.91570993103981,64,config_2
865b33,30.431165278042197,-97.82863676314237,35,config_2
865b35,30.339535661310975,-97.82863676314237,82,config_2
865b37,30.334287454687797,-97.91570993103981,46,config_2
865b3c,30.37210465465863,-98.04651845312563,76,config_2
865b44,30.188765074951853,-98.04651845312563,43,config_2
865b49,30.242603171254085,-97.91570993103981,36,config_2
865b4a4,30.269467104409188,-97.85039507717951,13,config_2
865b4ac,30.272071528313404,-97.80688511561101,47,config_2
865b4b4,30.226207547051636,-97.80688511561101,53,config_2
865b4bc,30.223605481461068,-97.85039507717951,14,config_2
865b4d,30.156084631003004,-97.82863676314237,27,config_2
865b4f,30.15085541080973,-97.91570993103981,23,config_2
865b54,30.015731494442146,-97.87216004899976,26,config_2
865b5c,30.005173146136972,-98.04651845312563,39,config_2
865b7,30.080647732549952,-98.30884408222222,69,config_2
865b9,30.05792968118548,-98.66005856336714,23,config_2
865bb,30.42432404893557,-98.66005856336714,68,config_2
865bd,30.400377607935326,-99.0128926396605,9,config_2
865bf,30.03415614512809,-99.0128926396605,32,config_2
865c1,29.666946439306688,-99.0128926396605,9,config_2
865c3,29.29878707488194,-99.0128926396605,2,config_2
865c44,29.408607178997574,-98.74811671290261,53,config_2
865c54,29.23565167078199,-98.57210164219819,5,config_2
865c5c,29.4200762597503,-98.57210164219819,90,config_2
865c61,29.56107795903864,-98.5281613251188,46,config_2
865c63,29.653121270711214,-98.5281613251188,64,config_2
865c65,29.647424377761023,-98.61606741261737,26,config_2
865c67,29.555391962502256,-98.61606741261737,59,config_2
865c6c,29.592755976780314,-98.74811671290261,16,config_2
865c74,29.776668968125207,-98.74811671290261,21,config_2
865c7c,29.78822624920605,-98.57210164219819,61,config_2
865c84,29.79952185716575,-98.39649382124541,68,config_2
865c89,29.658753022504452,-98.4403573420946,52,config_2
865c8b,29.566698942580587,-98.4403573420946,38,config_2
865c8d,29.572255086264185,-98.35265604392654,47,config_2
865c8f,29.66431980673125,-98.35265604392654,17,config_2
865c94,29.626515748431625,-98.22129789306325,41,config_2
865c9c,29.81055718612046,-98.22129789306325,47,config_2
865ca4,29.821333652336968,-98.04651845312563,26,config_2
865cac,29.83185269379977,-97.87216004899976,55,config_2
865cb4,29.647730670860483,-97.87216004899976,6,config_2
865cbc,29.63725142231586,-98.04651845312563,38,config_2
865cd,29.365924716786814,-97.95928633924419,3,config_2
865ce4,29.257725688609163,-98.22129789306325,4,config_2
865cec,29.442236944118477,-98.22129789306325,22,config_2
865cf1,29.38794943622064,-98.35265604392654,7,config_2
865cf3,29.480131424651383,-98.35265604392654,37,config_2
865cf5,29.47458598575015,-98.4403573420946,74,config_2
865cf7,29.382414766268383,-98.4403573420946,27,config_2
865cfc,29.246817280680546,-98.39649382124541,15,config_2
865d4,28.800767770339537,-98.13385582671398,64,config_2
865dc,28.756549512130285,-98.83627550306029,2,config_2
865f,29.05146194995472,-99.90181306343518,53,config_2
87c01,39.71387448327644,-94.8935627223328,59,config_2
87c064,39.30445050986651,-94.81059550583717,54,config_2
87c074,39.46295764958907,-94.97665398592595,12,config_2
87c07c,39.29748189564806,-94.97665398592595,70,config_2
87c084,39.131569550084656,-94.97665398592595,41,config_2
87c089,39.17833444468062,-94.85206358017719,25,config_2
87c08b,39.18175129798421,-94.76915855510096,13,config_2
87c08d,39.098681134379355,-94.76915855510096,21,config_2
87c08f,39.09526633639259,-94.85206358017719,46,config_2
87c091,39.012089709970745,-94.85206358017719,26,config_2
87c093,39.01550242118734,-94.76915855510096,90,config_2
87c095,38.93221543531459,-94.76915855510096,55,config_2
87c097,38.928804842409484,-94.85206358017719,41,config_2
87c09c,38.9652227788756,-94.97665398592595,54,config_2
87c0a4,38.79844379907593,-94.97665398592595,35,config_2
87c0ac,38.63123487903563,-94.97665398592595,3,config_2
87c0b4,38.638168938479836,-94.81059550583717,18,config_2
87c0bc,38.805386884063125,-94.81059550583717,57,config_2
87c0d,38.73176021645834,-94.56244259389422,86,config_2
87c0e4,38.985311088833,-94.47997600454927,17,config_2
87c0e9,38.93884499887653,-94.60372309687371,70,config_2
87c0eb,38.93556206818537,-94.68637824658086,57,config_2
87c0ed,39.01885113149565,-94.68637824658086,43,config_2
87c0ef,39.022136098975515,-94.60372309687371,24,config_2
87c0f4,39.145233512559905,-94.64503499936119,37,config_2
87c71,38.059426341928194,-94.56244259389422,69,config_2
87c73,38.3964426155579,-94.56244259389422,70,config_2
87c75,38.383112497686724,-94.8935627223328,18,config_2
87c77,38.04613398349081,-94.8935627223328,12,config_2
87c79,37.70747861662477,-94.8935627223328,40,config_2
87c7b,37.72073117452561,-94.56244259389422,66,config_2
87c7c4,37.462409460595396,-94.64503499936119,62,config_2
87c7dc,37.291827030221626,-94.64503499936119,40,config_2
87c7e4,37.28522732949151,-94.81059550583717,74,config_2
87c7ec,37.45579903596711,-94.81059550583717,40,config_2
87c7f4,37.448935516247104,-94.97665398592595,14,config_2
87c7fc,37.27837495384528,-94.97665398592595,35,config_2
87c804,37.107407205380824,-94.97665398592595,30,config_2
87c80c,37.114248166563016,-94.81059550583717,50,config_2
87c814,36.94286433700601,-94.81059550583717,64,config_2
87c81c,36.93603506182218,-94.97665398592595,2,config_2
87c824,36.76426136712712,-94.97665398592595,43,config_2
87c82c,36.5920890183287,-94.97665398592595,42,config_2
87c83c,36.77107868366428,-94.81059550583717,38,config_2
87c85,36.694782694296634,-94.56244259389422,1,config_2
87c86c,36.949441807505906,-94.64503499936119,38,config_2
87c874,37.120836882951544,-94.64503499936119,75,config_2
87c9b,36.34958656396506,-94.56244259389422,4,config_2
87c9d,36.33651399436072,-94.8935627223328,5,config_2
87c9f,35.989800794454055,-94.8935627223328,92,config_2
87ca04,35.725352582445765,-94.97665398592595,39,config_2
87ca09,35.59279136730177,-95.01824599477534,35,config_2
87ca0b,35.505448456717524,-95.01824599477534,13,config_2
87ca0d,35.50887192508664,-94.93509287631336,36,config_2
87ca0f,35.596218410868694,-94.93509287631336,23,config_2
87ca14,35.55757801154273,-94.81059550583717,5,config_2
87ca7,35.2917790915635,-94.8935627223328,3,config_2
87cac,34.77088223876642,-94.72775278355441,12,config_2
87cb4,34.79460479677922,-94.0695453815523,1,config_2
8744,39.85287102346122,-108.04801051576172,26,config_2
87509,41.59811431242835,-109.75916751331724,24,config_2
8750d,41.83587885829101,-110.14025935225098,32,config_2
8750f,41.52944726965829,-110.14025935225098,86,config_2
87511,41.45933719640506,-110.52154591598968,46,config_2
87512c,41.85969242759465,-110.42620876515821,22,config_2
875134,41.82422134494347,-110.61689210015189,53,config_2
87513c,41.67148324147295,-110.61689210015189,27,config_2
87515,41.69403755436612,-110.90297701885287,48,config_2
87517,41.38778608275918,-110.90297701885287,41,config_2
8751c,40.96114957773461,-110.71224653410287,76,config_2
8753,41.04899972624418,-111.85685855297612,18,config_2
87544,42.039889865178736,-111.47528509455601,96,config_2
8754c,41.887694499031255,-112.23840170215038,25,config_2
87554,42.48950081319842,-112.23840170215038,59,config_2
8755c,42.642002766346216,-111.47528509455601,6,config_2
87564,42.78870569972412,-110.71224653410287,85,config_2
8756c,42.18631392467769,-110.71224653410287,76,config_2
87571,42.44362298845131,-110.14025935225098,84,config_2
87573,42.140607456520236,-110.14025935225098,53,config_2
87577,42.512519149060196,-109.75916751331724,13,config_2
87579,42.813872317928414,-109.75916751331724,60,config_2
8757b,42.74491601088889,-110.14025935225098,20,config_2
8757c5,43.01583257301741,-110.0926111935824,46,config_2
8757c7,42.9410489961539,-110.0926111935824,59,config_2
8757cc,42.95227305203354,-110.23556469908166,6,config_2
8757d1,43.07307129880128,-110.18791055344089,51,config_2
8757d5,43.130103946572625,-110.28322169111406,21,config_2
8757d7,43.14763432139191,-110.18791055344089,34,config_2
8757f,43.113486248182625,-109.75916751331724,2,config_2
87581,43.181034713042585,-109.37832062678952,29,config_2
87585,42.94741273909886,-108.99776892942042,51,config_2
87587,43.24712288975873,-108.99776892942042,83,config_2
8758b,43.37492059078686,-108.23775189843867,66,config_2
8758d,43.075124518084,-108.23775189843867,72,config_2
8758f,43.01199683271839,-108.61756263435514,28,config_2
87591,42.710480555704244,-108.61756263435514,75,config_2
87593,42.77355929606482,-108.23775189843867,32,config_2
87595,42.47023314742765,-108.23775189843867,26,config_2
87599,42.34273727750223,-108.99776892942042,1,config_2
8759d,42.57996097740468,-109.37832062678952,16,config_2
8759e4,42.336049609628205,-109.47350663665932,74,config_2
8759fc,42.18405066790589,-109.47350663665932,36,config_2
875a4,41.85193945234001,-109.18800474020169,63,config_2
875b4,41.363654817349705,-108.42760468979141,84,config_2
875bc,41.98068044964524,-108.42760468979141,28,config_2
875c3,42.286733931289575,-107.47951725467925,63,config_2
875c5,41.9797796421945,-107.47951725467925,47,config_2
875cc,41.486309857265994,-107.66888695938226,83,config_2
875d04,41.79243430629057,-107.19572028421828,73,config_2
875d0c,41.82133073316203,-107.0067030764231,37,config_2
875d14,41.666499472243224,-107.0067030764231,8,config_2
875d5,41.47604079843073,-106.72346389403498,37,config_2
875d64,41.72318272366821,-106.62913035392717,31,config_2
875d6c,41.69501992394578,-106.81783770824106,68,config_2
875d74,41.84986870902074,-106.81783770824106,3,config_2
875d7c,41.878048662405156,-106.62913035392717,22,config_2
875dc,42.22082758211599,-106.91225102614887,8,config_2
875e4,42.83138365901172,-106.91225102614887,34,config_2
875ec,42.71397300644586,-107.66888695938226,96,config_2
875f4,43.31723880826789,-107.66888695938226,36,config_2
875fc,43.43481605010357,-106.91225102614887,1,config_2
54a01,46.69627491445258,-116.50323898101068,6,config_2
54a024,46.68232503818636,-116.88961594540686,69,config_2
54a02c,46.62817442264636,-117.10256003500996,1,config_2
54a034,46.4965122620102,-116.96798543735393,63,config_2
54a03c,46.55017947314869,-116.75576869953292,12,config_2
54a05,46.32581841451287,-116.66237797182485,82,config_2
54a07,46.43085090249642,-116.23966227141241,50,config_2
54a09,46.16606598052111,-115.97985139499544,3,config_2
54a0b,45.90195409711273,-115.72374319010174,1,config_2
54a0c4,45.891751134644295,-116.10069311100112,43,config_2
54a0d4,45.709708553134966,-116.18032247148817,8,config_2
54a0dc,45.84044378023197,-116.30928297500316,57,config_2
54a0f,46.06291092107564,-116.3996339814568,31,config_2
54a14,45.775177155762165,-116.8955248936224,41,config_2
54a1c,46.29527448275069,-117.4295907902205,2,config_2
54a24,46.07297628255483,-118.27174051612829,3,config_2
54a29,46.02872563633426,-119.04087275863668,46,config_2
54a2b,45.911540339628736,-119.45960538832693,85,config_2
54a2d,45.659877064867864,-119.17683633115419,7,config_2
54a2f,45.77504239195271,-118.7606452586583,26,config_2
54a34,45.339491874084075,-118.55369269471477,78,config_2
54a3c,45.56062679935791,-117.726706078548,12,config_2
54a44,45.050494706892984,-117.19644018068523,53,config_2
54a49,45.016876454043214,-117.94238482985907,50,config_2
54a4b,44.90759225649767,-118.35092443240963,2,config_2
54a4d,44.65784760356354,-118.08290436559409,9,config_2
54a4f,44.76523038808489,-117.6769200328145,49,config_2
54a54,44.336783427883056,-117.48655817896223,71,config_2
54a5c,44.54284482942752,-116.68048912600881,2,config_2
54a604,44.4770934479143,-115.98767181524495,84,config_2
54a60c,44.604615309619476,-116.11235652038474,32,config_2
54a614,44.65393941818562,-115.91018193433767,8,config_2
54a63,44.66284547336563,-115.5450082760695,3,config_2
54a65,44.920466949086425,-115.79263808119926,3,config_2
54a664,44.91041790374833,-116.16076703772434,90,config_2
54a66c,44.78208786644459,-116.03504055300924,54,config_2
54a69,45.07784725502912,-116.45331778584747,46,config_2
54a6b,45.335091157956654,-116.7107577692082,5,config_2
54a6d,45.437901130117524,-116.29839491450626,79,config_2
54a6f,45.178829001911105,-116.04374774022213,40,config_2
54a74,45.45803113423271,-115.55271758733107,6,config_2
54a7c,44.93599317741806,-115.0590521692246,26,config_2
54a84,44.41714955873124,-114.57913245827669,13,config_2
54a8c,44.2306548658293,-115.37996531936747,53,config_2
54a94,43.72188823075892,-114.90213262495145,32,config_2
54a9c,43.90172524383432,-114.11250173606629,11,config_2
54aa4,43.38993003734719,-113.65871795249885,79,config_2
54aac,42.881959002655655,-113.21735355100876,4,config_2
54ab4,42.71477799417127,-113.98489007121277,61,config_2
54abc,43.216529213874374,-114.43724694649585,70,config_2
54ac4,43.03720694749265,-115.21415825043253,34,config_2
54acc,42.54183003500016,-114.75115784376231,88,config_2
54ad4,42.36317877737694,-115.51576737813812,2,config_2
54adc,42.85203478806316,-115.98905132459512,17,config_2
54ae1,43.172297076078024,-116.5475669604974,5,config_2
54ae3,43.418201518967464,-116.79504946553985,62,config_2
54ae41,43.38711080769477,-116.45677552855295,6,config_2
54ae43,43.411432445891364,-116.35866433551683,7,config_2
54ae444,43.45176244676921,-116.4293463003041,20,config_2
54ae44c,43.46394063903879,-116.3802198060938,43,config_2
54ae454,43.49491670366743,-116.41101056138857,42,config_2
54ae45c,43.482711417518225,-116.4601771176228,47,config_2
54ae47,43.44890432799199,-116.51845440423737,13,config_2
54ae49,43.51074373817542,-116.58033866854132,6,config_2
54ae4b,43.57262860895022,-116.64242911105305,8,config_2
54ae4d,43.59727643873171,-116.54383826069929,20,config_2
54ae4f,43.53528240044864,-116.48190777791568,73,config_2
54ae504,43.538113473886874,-116.3926349994847,57,config_2
54ae50c,43.55029926273061,-116.34340634608819,58,config_2
54ae514,43.58135274158363,-116.3742194822958,18,config_2
54ae51c,43.56913981827311,-116.42348841755178,94,config_2
54ae524,43.60017769234668,-116.45439339706833,47,config_2
54ae52c,43.63122704222955,-116.48535003777106,15,config_2
54ae534,43.64349439867305,-116.43600050858115,39,config_2
54ae53c,43.612417804835665,-116.4050841698133,5,config_2
54ae55,43.64629129037289,-116.3465209995248,84,config_2
54ae57,43.58407973931449,-116.28491285183847,99,config_2
54ae59,43.52191496103096,-116.22351064564052,31,config_2
54ae5a4,43.51925742186977,-116.3126446614144,26,config_2
54ae5ac,43.50709871284577,-116.36183304329336,37,config_2
54ae5b4,43.4760955885876,-116.33108244956705,48,config_2
54ae5bc,43.48822727237412,-116.28193432866276,38,config_2
54ae5d,43.43566136477981,-116.2605100925991,39,config_2
54ae7,43.26887526705082,-116.1568882675859,39,config_2
54ae9,43.36397951896133,-115.76555836928306,21,config_2
54aeb,43.457598816368254,-115.37362724179869,1,config_2
54aed,43.70864015870395,-115.61333025341708,1,config_2
54aee4,43.699861695178015,-115.97025344299091,1,config_2
54aeec,43.57477938366902,-115.84859171759476,1,config_2
54aef3,43.507789991660324,-115.96579689525605,7,config_2
54aef5,43.48384031657126,-116.0640755869524,54,config_2
54aef64,43.52448250107923,-116.13442636140839,56,config_2
54aef6c,43.53652089451598,-116.08523616548925,10,config_2
54aef74,43.567658798212456,-116.11578446308921,43,config_2
54aef7c,43.555593518519935,-116.16501531620014,66,config_2
54aef84,43.58671639108888,-116.19565558902427,34,config_2
54aef8c,43.617851065609685,-116.2263472800884,38,config_2
54aef94,43.62997028165375,-116.17703507663535,24,config_2
54aef9c,43.59880861162842,-116.1463840666699,12,config_2
54aefd,43.69493048084211,-116.14902826033067,49,config_2
54aefe4,43.69232897798686,-116.23849171818676,10,config_2
54aefec,43.661143754957344,-116.20773759355966,28,config_2
54aeff4,43.6489974886852,-116.25709048976887,17,config_2
54aeffc,43.68015560669717,-116.28788531861046,48,config_2
54af004,43.71132536580594,-116.31873186732636,43,config_2
54af00c,43.742506711950085,-116.34963023679799,26,config_2
54af014,43.7547344579057,-116.3001551943741,11,config_2
54af01c,43.72352589696829,-116.26929755143044,66,config_2
54af03,43.75740565327403,-116.21051742859326,46,config_2
54af05,43.819927614722054,-116.2722139696388,26,config_2
54af07,43.795437631833835,-116.3713084964399,4,config_2
54af0c,43.901482122522886,-116.41482493722731,1,config_2
54af14,43.95059996970525,-116.21605545863413,34,config_2
54af1c,43.825136369401086,-116.09273918114562,11,config_2
54af3,43.960478655095734,-115.85631062071721,24,config_2
54af41,44.08165328515207,-116.1595257704522,41,config_2
54af45,44.16923354158607,-116.12163124861225,47,config_2
54af47,44.10608882146429,-116.05976010868568,31,config_2
54af4c,44.174209594448776,-115.9408142833056,1,config_2
54af51,44.25698270730563,-116.08356896443281,48,config_2
54af55,44.34490060905727,-116.0453377821438,48,config_2
54af57,44.320329862474104,-116.14569512403706,18,config_2
54af5c,44.25169439857144,-116.26493143385534,3,config_2
54af9,44.01397463682888,-116.9016302143173,47,config_2
54afa9,43.77085298834612,-116.47035832982436,22,config_2
54afaa4,43.730255364968514,-116.39909420829296,53,config_2
54afaac,43.699101268560575,-116.3681552134179,53,config_2
54afab4,43.68685362850276,-116.41756749029383,44,config_2
54afabc,43.71798044037568,-116.44854700930688,55,config_2
54afac4,43.70568196174483,-116.49798854044984,41,config_2
54afacc,43.67458246906131,-116.46696859870383,43,config_2
54afad4,43.66228781382301,-116.5163584395593,29,config_2
54afaf,43.74617387331362,-116.56936267169381,6,config_2
54afb4,43.677958139114224,-116.68654351587482,9,config_2
54afbc,43.80210586511096,-116.81181124413952,16,config_2
54afc4,43.75185057663317,-117.01001529292286,47,config_2
54afcc,43.62814587454761,-116.88411023989046,66,config_2
54afdc,43.70121933050667,-117.20801815880262,2,config_2
54aff,43.9121221485457,-117.29995019941629,33,config_2
54b04,43.634136009905674,-117.76646029538429,3,config_2
54b0c,43.42328365157573,-118.55525388753618,32,config_2
54b14,42.94262066485731,-118.03668724868305,10,config_2
54b1c,43.14624495197405,-117.25744755205403,69,config_2
54b3,42.32371150784166,-116.90117648392277,12,config_2
54b5,41.92631344421631,-118.42497867514854,20,config_2
54b7,42.861082475112525,-119.46311424385001,71,config_2
54b84,43.4519711572171,-120.67019682978226,10,config_2
54b884,43.65553465310525,-121.31723276870672,48,config_2
54b88c,43.71534280956098,-121.11965844677398,16,config_2
54b894,43.832510027332205,-121.26165405248896,6,config_2
54b89c,43.77220042922091,-121.45973801551357,90,config_2
54b8a4,43.88894639422549,-121.60311755151828,38,config_2
54b8ac,44.00576832158383,-121.7473767309188,66,config_2
54b8b4,44.06709118532772,-121.54827895114285,28,config_2
54b8bc,43.94976089325351,-121.40452574100416,91,config_2
54b8c4,44.0102176759002,-121.20557147240805,58,config_2
54b8cc,44.12805497378892,-121.34881083620567,67,config_2
54b8d4,44.18865703154627,-121.14897795084488,36,config_2
54b8f,43.86333573334066,-120.89314699265624,7,config_2
54b94,44.15919725763274,-120.43610234087129,23,config_2
54b9c,43.681998271763,-119.8811683842587,5,config_2
54bb,44.26030792215236,-118.95750915810693,50,config_2
54bc4,44.87800633320671,-120.19335589390107,52,config_2
54bcc,45.11190409095233,-119.37604906596664,29,config_2
54bd4,45.60833675325731,-119.94145552825202,21,config_2
54bd9,45.55019405123717,-120.70748950443846,34,config_2
54bdb,45.30468357386994,-120.41750339630937,10,config_2
54bdd,45.183118839302004,-120.8282513084726,46,config_2
54bdf,45.426550049197175,-121.12050656305522,42,config_2
54be04,45.39329735054384,-121.50331599608923,40,config_2
54be0c,45.2723000695891,-121.35542178452505,2,config_2
54be14,45.20957414141204,-121.56048522539979,32,config_2
54be19,45.28407996377201,-121.72302629509494,69,config_2
54be1b,45.31573699635561,-121.62039318725398,31,config_2
54be1d,45.37605243177827,-121.6947784238573,67,config_2
54be1f,45.34426272497191,-121.79754508296311,30,config_2
54be3,45.17459891222707,-121.9418257184675,54,config_2
54be5,44.93536396856177,-121.64523757408546,23,config_2
54be7,45.0600050993649,-121.23751208073057,65,config_2
54be9,44.818946678387455,-120.94677161769565,29,config_2
54bec4,44.54772814945636,-121.0342291039815,10,config_2
54becc,44.42820438947417,-120.89078494923992,1,config_2
54bed5,44.32296633976267,-121.10619317169574,21,config_2
54bed64,44.35993948497204,-121.18515179624342,39,config_2
54bed6c,44.37511880365175,-121.13493250603959,94,config_2
54bed74,44.40485144714205,-121.17088734657926,2,config_2
54bed7c,44.38964025694079,-121.221139674781,8,config_2
54bedc,44.48684147839869,-121.23584463851584,34,config_2
54bef,44.696381106557254,-121.35234908523014,87,config_2
54bf1,44.57232189083365,-121.75641122727569,65,config_2
54bf29,44.351953293859665,-121.27844956624665,22,config_2
54bf2b,44.2926572362223,-121.20648731960414,37,config_2
54bf2d,44.26225660997641,-121.30669054592362,42,config_2
54bf2f,44.3214251309471,-121.37878355116997,2,config_2
54bf34,44.24597090770205,-121.49293904025276,27,config_2
54bf3c,44.36396115433944,-121.63796162615216,18,config_2
54bf5,44.21222518863602,-121.86554818356971,88,config_2
54bf7,44.446791045051484,-122.15891235758095,45,config_2
54bf9,44.68158898096046,-122.4558963583206,23,config_2
54bfb,44.809217663388914,-122.05138088429021,41,config_2
54bfd,45.04633720700083,-122.35003276692846,9,config_2
54bfe4,45.00806881846334,-122.73069433115619,46,config_2
54bfe9,44.93593002198312,-122.56661303836115,6,config_2
54bfed,44.84463931515631,-122.5927411040263,28,config_2
54bfee4,44.88063598774065,-122.67455772446607,53,config_2
54bfeec,44.89687445181344,-122.62387056259648,58,config_2
54bfef4,44.926307005428605,-122.66157842269153,16,config_2
54bff4,44.825282755970896,-122.78227188590266,69,config_2
54bffc,44.94255395507608,-122.93376154653947,70,config_2
80a1,40.86722940883832,-117.92490017414548,97,config_2
80a3,39.658279661245274,-117.92490017414548,32,config_2
80a5,40.038474881049915,-116.41938900264319,23,config_2
80a64,41.04166513065583,-116.04138886338704,86,config_2
80a6c,40.8558875026205,-116.79678490847915,5,config_2
80a74,41.455166343996204,-116.79678490847915,4,config_2
80a7c,41.64145675248086,-116.04138886338704,7,config_2
80a9,41.61118506144487,-114.90422082333554,75,config_2
80aa4,42.167236416956044,-113.76328281204688,11,config_2
80aac,42.33123152476634,-113.00119891646547,55,config_2
80ab04,41.8953419748843,-113.28708499366572,29,config_2
80ab0c,41.74459413879428,-113.28708499366572,28,config_2
80ab14,41.78515903047214,-113.09650644641742,16,config_2
80ab19,41.908366486789255,-113.04885412319857,10,config_2
80ab1b,41.888164107536966,-113.14415579054433,35,config_2
80ab1d,41.96344353224476,-113.14415579054433,45,config_2
80ab1f,41.983651612274144,-113.04885412319857,50,config_2
80ab24,41.97616272870443,-112.90588023511566,66,config_2
80ab2c,42.01603787319254,-112.71521248330575,39,config_2
80abc,41.566133886728444,-113.76328281204688,99,config_2
80ad,40.7344342591377,-113.38235448459531,14,config_2
80af,40.39741775389783,-114.90422082333554,43,config_2
80b01,39.494606543765336,-115.47335544292073,44,config_2
80b05,39.27141667090552,-115.09404500241959,52,config_2
80b07,39.183645157388355,-115.47335544292073,8,config_2
80b0c,38.758295035199986,-115.28375849518459,24,config_2
80b14,38.930548641292546,-114.52426397902158,82,config_2
80b1c,39.55644952841721,-114.52426397902158,24,config_2
80b24,39.724026671852265,-113.76328281204688,1,config_2
80b3d,39.21338173391366,-113.95364658268294,41,config_2
80b3e4,38.95673932548553,-114.0488007261198,59,config_2
80b3ec,38.998085854775226,-113.85847369345004,37,config_2
80b3fc,38.799005093654664,-114.0488007261198,6,config_2
80b5,38.22679706381197,-113.38235448459531,3,config_2
80b7,37.895659434305685,-114.90422082333554,22,config_2
80b84,37.31475810595445,-116.04138886338704,8,config_2
80b89,37.0200298404823,-116.60816530936988,69,config_2
80b8b,36.92851788893871,-116.98524219342079,60,config_2
80b8d,37.24712516410434,-116.98524219342079,62,config_2
80b94,37.768731108453245,-116.79678490847915,45,config_2
80b9c,37.950583312102836,-116.04138886338704,4,config_2
80bb,38.80260971572387,-116.41938900264319,41,config_2
80bc4,38.20991602223594,-117.54958462854715,60,config_2
80bcc,38.8324036070608,-117.54958462854715,2,config_2
80bd4,38.6384147506811,-118.29943499572406,77,config_2
80bdc,38.016908811729344,-118.29943499572406,60,config_2
80be4,37.38986432048104,-118.29943499572406,2,config_2
80be9,37.69175470362915,-117.73733730424752,1,config_2
80beb,37.7866167101454,-117.36164757079143,30,config_2
80bed,37.47102966452967,-117.36164757079143,79,config_2
80bf4,36.948162275399916,-117.54958462854715,2,config_2
5341,47.6081209328702,-109.93728561808545,50,config_2
53424,47.65351126337343,-111.44301717141765,28,config_2
5342c,47.481276761957204,-112.30448605757401,20,config_2
53431,47.101251266839974,-111.74707354761061,29,config_2
53433,47.015751615757814,-112.17226599748652,13,config_2
534344,46.827124056651094,-111.89593583188288,5,config_2
53434c,46.784532511107884,-112.10717418260244,2,config_2
534351,46.69056642409844,-111.96959469583496,13,config_2
534353,46.66931068527796,-112.07487777638816,7,config_2
534355,46.599716372789516,-112.01841820461227,88,config_2
534357,46.62087180150499,-111.91334945249535,36,config_2
53435c,46.687312680137595,-111.78365834908989,1,config_2
53437,46.81994098321721,-111.52339355230343,2,config_2
5343c,47.08415078591966,-110.99934564920936,46,config_2
53441,46.699004094903465,-110.46646606387849,20,config_2
53443,46.41670502369318,-110.25661606567633,15,config_2
53445,46.339391698930015,-110.67145446018989,8,config_2
53447,46.620194996441505,-110.88482714692957,63,config_2
53449,46.5396314525358,-111.30316212239708,28,config_2
5344b,46.457316383078364,-111.72140746107145,80,config_2
5344c4,46.26937258055519,-111.45197161329632,32,config_2
5344d4,46.08994861816423,-111.55005877612793,53,config_2
5344dc,46.13056894455146,-111.34309693666248,44,config_2
5344f,46.26035102248427,-111.08631189736317,21,config_2
53451,45.982127006492206,-110.87277697035258,3,config_2
53453,45.90288299949479,-111.28418870458758,31,config_2
534541,45.76004023531116,-110.99678539933176,2,config_2
534543,45.69105493498433,-110.9438884395044,23,config_2
534545,45.67146645059643,-111.04600368981845,69,config_2
534547,45.74035840175635,-111.09911037158174,66,config_2
53454c,45.6762548682559,-111.2258593850039,86,config_2
534554,45.53888648020386,-111.11942310460981,39,config_2
53455c,45.57799297673518,-110.91581999164879,21,config_2
534564,45.61668342136197,-110.71221939030369,63,config_2
534579,45.699077186989655,-110.4835853425212,36,config_2
53457b,45.67999877067059,-110.58548269590182,53,config_2
53457d,45.6108747817686,-110.53361691183252,58,config_2
53457f,45.62986231598703,-110.43193099829226,1,config_2
534584,45.69281504405364,-110.30505541826548,29,config_2
534589,45.6862010898384,-110.12690772634019,28,config_2
53458b,45.70477266918719,-110.02524788616266,43,config_2
53458d,45.77434697555613,-110.07605009716536,19,config_2
53458f,45.75568615430536,-110.17792391723235,18,config_2
53459c,45.83165722478649,-110.40812223425897,1,config_2
5345e4,45.9437994651992,-109.7949997138899,1,config_2
5345ec,45.90683904096344,-109.9993416663827,43,config_2
5345f1,45.81135526413548,-109.87232804261849,45,config_2
5345f3,45.792903349944304,-109.97418449417418,51,config_2
5345f5,45.72324021540484,-109.923596886123,5,config_2
5345f7,45.741603716590724,-109.82195565573828,57,config_2
5345fc,45.80388638452273,-109.69451414463067,13,config_2
53464,46.10486449383929,-109.33378567288833,58,config_2
5346c,46.67153584037573,-109.73636874690597,78,config_2
53474,46.817190094865374,-108.90393196454495,4,config_2
5347c,46.2449765836059,-108.51579888145999,96,config_2
53481,45.852057891135786,-108.03107899657321,7,config_2
534864,45.69833573485889,-108.48806559450713,73,config_2
534874,45.873119057272795,-108.38046177986804,2,config_2
53487b,45.8125244014292,-108.50843617833486,62,config_2
53487c4,45.817454972052595,-108.5960569581434,9,config_2
53487cc,45.78219359809406,-108.57233584171733,23,config_2
53487d4,45.773703320224456,-108.62281821026319,53,config_2
53487dc,45.80894405681257,-108.64659445324334,20,config_2
53487f,45.866115892352795,-108.65703542026206,4,config_2
534884,45.805155585485615,-108.78493605913283,67,config_2
53488c,45.664477656100864,-108.68946741244652,51,config_2
534894,45.630209569427755,-108.89095511855498,55,config_2
53489c,45.770553836562286,-108.98729915657671,1,config_2
5348b,45.64791918666102,-109.24206147666,98,config_2
5348c4,45.45582984519347,-108.9960574990744,12,config_2
5348cc,45.42107847074954,-109.1968330392222,42,config_2
5348d4,45.282019544403184,-109.1002549751053,47,config_2
5348dc,45.31643690423491,-108.90033709840732,10,config_2
5348f,45.43721070367699,-108.64773389776887,37,config_2
534904,45.24432733034749,-108.40748361241911,51,config_2
53490c,45.104913846824005,-108.31493822457365,76,config_2
53491c,45.21104133222441,-108.60637248440334,71,config_2
534924,45.17735517305223,-108.80535274161646,62,config_2
53492c,45.143268671006865,-109.0044173138472,13,config_2
534934,45.00482850973188,-108.90931267227593,1,config_2
53493c,45.03858728532475,-108.71109705096387,36,config_2
53495,44.81444206242927,-108.66952762087914,12,config_2
534964,44.79472533408569,-108.3283083557348,41,config_2
53496c,44.933176167742026,-108.42028426056729,25,config_2
534974,44.9658229317099,-108.2231052462263,85,config_2
5349c,45.11561412300014,-107.7753932197069,11,config_2
534b,44.22203080004959,-107.63420332078704,43,config_2
534c4,44.30328091094406,-108.97676224990714,52,config_2
534cc,43.76162394477291,-108.60793000999028,31,config_2
534d4c,43.413269748010336,-109.32974794463597,45,config_2
534d54,43.37969020245832,-109.5204885307432,13,config_2
534d5c,43.51239838783152,-109.61496949363496,52,config_2
534d7,43.72928368428379,-109.66164378018698,63,config_2
534e1,44.53569670389852,-110.24746020934775,25,config_2
534e3,44.80687639921563,-110.44861442490169,91,config_2
534e4c,44.93033777827128,-110.20017919297646,42,config_2
534e54,44.96682770881029,-110.00075729321496,59,config_2
534e9,44.67821032974727,-109.45798551956415,17,config_2
534eb,44.74711129453357,-109.06360191080752,57,config_2
534ec4,44.93611918670317,-109.30598134849836,11,config_2
534ecc,44.97067251465473,-109.10760977126053,12,config_2
534ed4,45.10878168780113,-109.20355912774416,14,config_2
534edc,45.07389412882259,-109.40277110806798,69,config_2
534ef,44.95214021362089,-109.65259112266644,69,config_2
534f1,45.22727383777162,-109.85017224612612,13,config_2
534f24,45.21197346073224,-109.50030231557737,41,config_2
534f2c,45.24719842167905,-109.30024576473541,83,config_2
534f34,45.38592003170153,-109.39767706906616,17,config_2
534f3c,45.35035447251563,-109.59858235974778,5,config_2
534f5,45.57657832873066,-109.64632342455187,81,config_2
534f7,45.503589218791454,-110.05078799863512,69,config_2
534f9,45.428952394313,-110.45539648460935,69,config_2
534fd,45.07920813491962,-110.65280479342698,95,config_2
534ff,45.35266913143647,-110.86009025888941,62,config_2
535004,45.36263903236143,-111.21656157451423,81,config_2
53500c,45.32307770212634,-111.41932734918333,22,config_2
535014,45.186995067463094,-111.3128486431527,76,config_2
53501c,45.22618359087036,-111.11089966957555,14,config_2
53503,45.0027456842012,-111.05425089997534,72,config_2
53504c,44.87678572021845,-111.30259159189339,39,config_2
535054,44.83752804818593,-111.50291308051217,90,config_2
53505c,44.972327359755774,-111.60941666193872,87,config_2
535065,45.15126313766594,-111.69313226623676,64,config_2
535067,45.08361739363771,-111.63938507739238,48,config_2
535074,45.28310459136326,-111.62207891216345,32,config_2
53507c,45.24272015108655,-111.82480896660331,16,config_2
5350c,44.9385075001413,-112.1666649977326,3,config_2
53514,44.40413366339562,-111.73589954886808,16,config_2
5351a4,44.56873867290663,-111.29225412474948,4,config_2
5351ac,44.70299750045611,-111.39719467198071,38,config_2
5351b4,44.7418863377799,-111.1976696846837,81,config_2
5351bc,44.60726201297629,-111.09352243515163,63,config_2
5351c4,44.64538927785198,-110.89479535482404,49,config_2
5351cc,44.7803760770773,-110.99814428326614,25,config_2
5351d4,44.81846637127512,-110.79862549297042,27,config_2
5351dc,44.68312014503085,-110.69607984198744,69,config_2
5351ec,44.51068370882955,-110.79221051791568,82,config_2
5351f4,44.37626216086218,-110.69038258434233,48,config_2
5351fc,44.41328400245595,-110.49326338312453,36,config_2
53521,44.19346587406413,-110.44107491308228,45,config_2
53523,44.11969707967996,-110.83299150068463,61,config_2
535244,43.93836478663635,-110.58415486203035,35,config_2
535254,43.76905001554944,-110.67854579391425,53,config_2
535259,43.76322314446168,-110.50816607169946,46,config_2
53525b,43.82956477155268,-110.55790540180261,68,config_2
53525d,43.84771269363767,-110.46079627441907,79,config_2
53527,43.926015884860554,-110.24265899733818,42,config_2
53529,43.65975563128542,-110.04713819582156,95,config_2
5352f,43.58873125555067,-110.4328286793987,54,config_2
535301,43.642460500045935,-110.7488233376458,32,config_2
535303,43.57652308743133,-110.69887044262391,30,config_2
535305,43.5582567816041,-110.79543178455607,51,config_2
535307,43.62410780559162,-110.84557524408652,29,config_2
53530c,43.56353339447524,-110.96547600563683,10,config_2
535314,43.4322357226571,-110.8649826126495,93,config_2
53531c,43.46869661928329,-110.6724168474781,27,config_2
53533,43.25385298662833,-110.61987264900625,91,config_2
53534c,43.1343654971885,-110.85724340744713,23,config_2
535354,43.09785399906655,-111.04835711294265,8,config_2
53535b,43.20457632106405,-111.07578134546307,53,config_2
53535d,43.26970617566175,-111.12614220033518,48,config_2
53537,43.44219913625805,-111.20459096007158,89,config_2
5353c,43.874042351540396,-111.31753030105163,16,config_2
53541,43.88915064746232,-112.00896067627552,29,config_2
53545,43.54893840317887,-112.18717371896359,30,config_2
53547,43.62737970849574,-111.79826292826023,60,config_2
5354c,43.19881473213263,-111.6800612155514,11,config_2
53554,43.043319215508525,-112.4489437696075,86,config_2
5355c,43.55734806961038,-112.87897889684928,20,config_2
5357,44.422004008217534,-113.14818896125877,33,config_2
5359,45.479660248961444,-114.07273505959277,73,config_2
535a4,45.476970823010845,-112.61029171846985,11,config_2
535a9,45.466729031217525,-111.88650148489289,33,config_2
535ab,45.54781570554807,-111.4785537412974,53,config_2
535ac4,45.732911281265736,-111.74360128047756,76,config_2
535acc,45.773611564052516,-111.53836509616596,1,config_2
535ad4,45.911127188881935,-111.64726471381914,91,config_2
535ad9,45.91469821069952,-111.82932784563728,26,config_2
535adb,45.84602137846787,-111.77435923729385,21,config_2
535add,45.8254205059709,-111.87728023255141,13,config_2
535adf,45.89399986024589,-111.93245604290287,57,config_2
535af,45.739311714405055,-112.10677306696982,22,config_2
535b1,46.01289367718183,-112.33037690685198,69,config_2
535b5,46.37325352789367,-112.13949991359608,19,config_2
535b7,46.28744744587441,-112.55737655848304,25,config_2
535b8c,46.246018727695706,-113.13764066228131,24,config_2
535b94,46.10953136534209,-113.02122465451308,16,config_2
535b9c,46.15353052319325,-112.81291426244572,73,config_2
535bb,45.92697638402106,-112.74469034086334,77,config_2
535bd,45.839352125600676,-113.15871427592204,7,config_2
535bf,46.11062792023758,-113.3922326624365,33,config_2
535c1,46.382788903892994,-113.62925514478259,1,config_2
535c24,46.56413697461758,-113.91502702038518,23,config_2
535c2c,46.70063579153175,-114.03663263438003,52,config_2
535c34,46.74763044680719,-113.8244547090492,27,config_2
535c3c,46.61069733158677,-113.70366318848838,18,config_2
535c44,46.65681534152204,-113.49217884923198,31,config_2
535c4c,46.79417967618892,-113.61214919313677,24,config_2
535c54,46.84028244361386,-113.39972408527295,2,config_2
535c5c,46.70249000534164,-113.2805819366446,83,config_2
535c64,46.56491477079488,-113.16233822524066,62,config_2
535c6c,46.51966449680208,-113.37310953144146,9,config_2
535c74,46.38273102101681,-113.25493289177922,48,config_2
535c7c,46.42756059607102,-113.04498456509405,1,config_2
535c9,46.562944529265025,-112.78783687631628,62,config_2
535ca1,46.513993806388896,-112.4385535582804,8,config_2
535ca3,46.58318279148004,-112.49586251711607,38,config_2
535ca7,46.53558941704294,-112.33354265444876,59,config_2
535cac,46.60249075498786,-112.20435930972354,47,config_2
535cbc,46.698015313613894,-112.52946940996945,6,config_2
535cd,46.928451133423884,-112.59720458667802,4,config_2
535cf,46.8393554037799,-113.0218240353096,63,config_2
535d01,46.97829153964862,-113.3298123104592,30,config_2
535d03,47.001167159934475,-113.22320209906896,54,config_2
535d05,47.07049150229713,-113.28292979509135,18,config_2
535d07,47.04750864311152,-113.38975068171283,20,config_2
535d09,47.11677852359389,-113.44991796361525,11,config_2
535d0b,47.186100676334,-113.51031523929154,37,config_2
535d0d,47.20929942183721,-113.40307199438847,61,config_2
535d0f,47.139869090703314,-113.34288606498934,37,config_2
535d1c,47.07000459483866,-113.0929136613235,55,config_2
535d3,47.20743421479958,-112.83137902528665,13,config_2
535d71,47.34831627798949,-113.52413720102209,19,config_2
535d73,47.27878198817856,-113.46348867427682,2,config_2
535d75,47.255474592368806,-113.5709435971739,55,config_2
535d77,47.32489975852072,-113.63180413101809,25,config_2
535d79,47.39437565738472,-113.6928979399195,49,config_2
535d7d,47.487537959901815,-113.6461342075536,61,config_2
535d7f,47.46390176731536,-113.75422612832915,2,config_2
535d9,47.30045112903804,-113.93160923259923,57,config_2
535db,47.024050252351195,-113.68699229623022,7,config_2
535dc4,47.02211004509374,-114.0687818419552,48,config_2
535dc9,46.93090132072483,-113.92340607198655,26,config_2
535dcb,46.86222635235294,-113.86242771252972,36,config_2
535dcd,46.838676782076476,-113.96885658751987,79,config_2
535dcf,46.90724215171903,-114.03004023808859,80,config_2
535dd4,46.837336656948814,-114.15915241577468,18,config_2
535ddc,46.97423551540944,-114.28259478518439,34,config_2
535df,47.20427515669001,-114.36200399141323,23,config_2
535e04,47.199384505773615,-114.74757267826352,16,config_2
535e0c,47.06255459651039,-114.62144424873523,45,config_2
535e14,47.01332870945564,-114.8357543861826,80,config_2
535e1c,47.14970309174735,-114.96269039445957,28,config_2
535e5,46.73544841951235,-114.96646322384923,3,config_2
535e7,46.83344054094849,-114.54058555727025,53,config_2
535e9,46.561365388299095,-114.29312206833913,21,config_2
535eb,46.29008388014209,-114.0493115287457,65,config_2
535ed,46.195638284398015,-114.46884971870385,2,config_2
535ef,46.46516156572527,-114.71582226780518,47,config_2
535f4,46.184056127014536,-115.22239744616999,16,config_2
535fc,46.7191696786044,-115.7330029511862,2,config_2
8761,43.29942845402367,-105.78206743935718,57,config_2
8763,43.50002404328581,-104.2861115827901,1,config_2
8765,42.27767949176169,-104.2861115827901,42,config_2
87664,41.819907748612586,-105.4068079114331,20,config_2
8766c,42.438002969609244,-105.4068079114331,11,config_2
87679,41.84225776903397,-106.34637906744265,43,config_2
8767b,41.896459691315535,-105.96998775016152,16,config_2
8767d,41.585732765334335,-105.96998775016152,58,config_2
8767f,41.53159852464974,-106.34637906744265,31,config_2
87681,41.219192378387376,-106.34637906744265,67,config_2
87687,41.27325213513759,-105.96998775016152,64,config_2
876884,41.39116533843378,-105.68817878401569,76,config_2
87688c,41.23446035881694,-105.68817878401569,28,config_2
876894,41.26041981484453,-105.50054826391207,41,config_2
87689c,41.417143114499915,-105.50054826391207,1,config_2
8768d,41.06275261742485,-105.21948079223417,66,config_2
8768f,41.01159493684781,-105.59433880659961,86,config_2
876e4,40.75557168282636,-103.91439904540992,4,config_2
876ec,40.6618539864436,-104.65878213755632,1,config_2
876f1,41.16086655074063,-104.47233005083724,15,config_2
876f3,41.11250782251378,-104.84546192392926,50,config_2
876f5,41.42695590176002,-104.84546192392926,31,config_2
876f7,41.47538374095602,-104.47233005083724,32,config_2
876fc,41.388329891062995,-103.91439904540992,98,config_2
87704,41.47681570545685,-103.17403478565704,36,config_2
8770c,41.5598456403957,-102.43805808577758,40,config_2
87714,40.92657678174682,-102.43805808577758,68,config_2
8771c,40.843791229286325,-103.17403478565704,39,config_2
8773,39.92294463415644,-102.80547525792774,18,config_2
87741,40.505395531404986,-101.8891720843707,56,config_2
87743,40.54268733564946,-101.52480554998527,33,config_2
87745,40.22058874133704,-101.52480554998527,16,config_2
87749,39.85959287022081,-101.8891720843707,32,config_2
8774b,39.534093170630456,-101.8891720843707,2,config_2
8774f,39.89674276959039,-101.52480554998527,68,config_2
87754,39.787395117166284,-100.98070031132626,80,config_2
87759,40.29112148880807,-100.80000510701574,55,config_2
8775b,40.25650387873525,-101.16173564777472,14,config_2
8775f,40.61334818718161,-100.80000510701574,42,config_2
8777,41.358423277185786,-101.34310583455695,95,config_2
877c,43.15114710263331,-102.0718280662253,40,config_2
8783,42.74585700633671,-99.90181306343518,12,config_2
8784c,42.52285134167598,-98.83627550306029,2,config_2
87853,42.406418513086834,-98.30884408222222,16,config_2
87855,42.43129801084637,-97.95928633924419,47,config_2
87857,42.74293770397735,-97.95928633924419,61,config_2
878d,43.03153171283092,-95.7299821027788,10,config_2
878e4,42.66516425382389,-96.74939926474936,15,config_2
878f9,42.7666452517483,-97.61142171393448,16,config_2
878fb,42.78917280150376,-97.26528581122331,7,config_2
878fd,42.477491070424776,-97.26528581122331,15,config_2
878ff,42.454983901933794,-97.61142171393448,63,config_2
87904,41.99538434578463,-97.43813547748366,70,config_2
87909,41.50886457917505,-97.61142171393448,60,config_2
8790b,41.18981516269373,-97.61142171393448,12,config_2
8790d,41.21221226696082,-97.26528581122331,20,config_2
8790f,41.53129356806092,-97.26528581122331,10,config_2
87911,41.55256359024594,-96.92091345144947,1,config_2
87914c,41.16856296085561,-96.6638120059594,47,config_2
879154,41.178325572786484,-96.49297974540691,47,config_2
87915c,41.33835668801784,-96.49297974540691,43,config_2
87917,41.57268996406312,-96.57833866136845,66,config_2
879184,41.815697828603824,-96.49297974540691,84,config_2
87918c,41.97388930687256,-96.49297974540691,85,config_2
8791b,41.86983851659903,-96.92091345144947,25,config_2
8791d,42.18526573305039,-96.92091345144947,6,config_2
8791f,42.20544078758436,-96.57833866136845,6,config_2
87921,42.22448476566363,-96.23759466618242,9,config_2
879224,41.98340305971434,-96.32260724129291,67,config_2
87922c,41.82520587516023,-96.32260724129291,5,config_2
879234,41.834434574104726,-96.15269854577356,45,config_2
87925,41.92692152241489,-95.8987138825821,31,config_2
879384,41.214590906984775,-95.81428853484881,44,config_2
8793884,41.149077038372454,-95.9198387432287,47,config_2
879388c,41.18917623945357,-95.9198387432287,63,config_2
8793894,41.18699621607522,-95.96211063966837,14,config_2
879389c,41.146897425567566,-95.96211063966837,66,config_2
87938a4,41.144700675658925,-96.00441205201167,16,config_2
87938ac,41.14248675724379,-96.04674291893367,43,config_2
87938b4,41.18258471620395,-96.04674291893367,29,config_2
87938bc,41.184799052130074,-96.00441205201167,17,config_2
87938d,41.24378774307451,-96.02557380749096,75,config_2
87938e4,41.267108097356115,-95.96211063966837,8,config_2
87938ec,41.227066448132064,-95.96211063966837,25,config_2
87938f4,41.22924687752488,-95.9198387432287,82,config_2
87938fc,41.26928892821248,-95.9198387432287,22,config_2
879394,41.365989673432814,-95.98325766018019,33,config_2
8793b,41.60957437374421,-95.8987138825821,47,config_2
8793d,41.59168827751169,-96.23759466618242,25,config_2
8793ec,41.35705609058244,-96.15269854577356,65,config_2
8793f1,41.234790057608556,-96.1951320179046,26,config_2
8793f3,41.239323411220845,-96.1102943120119,28,config_2
8793f44,41.178104403036535,-96.13149277021542,13,config_2
8793f4c,41.18035317693946,-96.0891031789097,8,config_2
8793f54,41.140255638976264,-96.0891031789097,50,config_2
8793f5c,41.13800728956779,-96.13149277021542,45,config_2
8793f7,41.15465418889395,-96.1951320179046,46,config_2
8793fc,41.18780769252191,-96.32260724129291,47,config_2
879401,41.06513648637467,-96.3651570426858,36,config_2
879403,40.9847762784513,-96.3651570426858,12,config_2
879405,40.98944305871173,-96.28008642818537,41,config_2
879407,41.06980509408998,-96.28008642818537,52,config_2
87940c,41.03650970406013,-96.15269854577356,38,config_2
87941c,40.866363695147506,-96.32260724129291,1,config_2
87943,40.6287135784285,-96.23759466618242,22,config_2
87945,40.64651790192333,-95.8987138825821,49,config_2
879464,40.893105136331485,-95.81428853484881,1,config_2
87946c,40.884466057473276,-95.98325766018019,1,config_2
879471,41.007418325870596,-95.94097099813557,6,config_2
879475,41.083395131920504,-96.02557380749096,35,config_2
879477,41.08778738020829,-95.94097099813557,98,config_2
87947c,41.05407592019669,-95.81428853484881,55,config_2
87954,40.18347133353734,-95.39395513481692,59,config_2
8795c,40.150132040497795,-96.06791937864303,84,config_2
879604,39.88179431613656,-96.49297974540691,6,config_2
87960c,40.045427531973644,-96.49297974540691,17,config_2
879614,40.03572441422744,-96.6638120059594,39,config_2
87961c,39.87210104797342,-96.6638120059594,68,config_2
87963,39.93889429071641,-96.92091345144947,54,config_2
87965,40.265223567706514,-96.92091345144947,74,config_2
87967,40.28522061210774,-96.57833866136845,74,config_2
87969,40.60980253094514,-96.57833866136845,70,config_2
8796a4,40.85689643168396,-96.49297974540691,26,config_2
8796ac,41.017838290345814,-96.49297974540691,36,config_2
8796b4,41.00808318029977,-96.6638120059594,60,config_2
8796b9,40.884943847775695,-96.70659142835461,20,config_2
8796bb,40.889888837320825,-96.62106106216318,21,config_2
8796bd,40.80930753039419,-96.62106106216318,21,config_2
8796bf,40.804364570988746,-96.70659142835461,44,config_2
8796c4,40.83711990562858,-96.83509992015557,90,config_2
8796cc,40.998045857182724,-96.83509992015557,3,config_2
8796d4,40.9877243831065,-97.00683933476365,1,config_2
8796dc,40.826806757321236,-97.00683933476365,22,config_2
8796f,40.58976906346002,-96.92091345144947,11,config_2
87971,40.568597739799536,-97.26528581122331,9,config_2
879724,40.81620778946675,-97.17902604633225,41,config_2
87972c,40.97711683698611,-97.17902604633225,16,config_2
879734,40.96622131499573,-97.35165580142355,18,config_2
87973c,40.805321101566484,-97.35165580142355,57,config_2
87975,40.86894714993594,-97.61142171393448,57,config_2
87977,40.546273398247386,-97.61142171393448,37,config_2
87979,40.22180752732397,-97.61142171393448,67,config_2
8797b,40.24409090789683,-97.26528581122331,32,config_2
8797d,39.917803241309834,-97.26528581122331,10,config_2
8797f,39.89556392866921,-97.61142171393448,50,config_2
87984,40.02332681373885,-98.13385582671398,65,config_2
87989,39.82181041273541,-98.66005856336714,27,config_2
8798b,39.794833641332914,-99.0128926396605,17,config_2
8798d,40.12087517060858,-99.0128926396605,57,config_2
8798f,40.147906455111624,-98.66005856336714,42,config_2
87991,40.4722350732974,-98.66005856336714,21,config_2
87993,40.445153044290564,-99.0128926396605,80,config_2
879941,40.65723446453356,-98.88039245390264,41,config_2
879943,40.73775221419235,-98.88039245390264,5,config_2
879947,40.65038034043804,-98.96870109658148,82,config_2
879949,40.64344971101394,-99.05710889775952,76,config_2
87994b,40.63644236637649,-99.14561525951646,12,config_2
87994d,40.716951249742145,-99.14561525951646,8,config_2
87994f,40.723961587235294,-99.05710889775952,13,config_2
879954,40.841021834126046,-99.10134979604823,7,config_2
87996c,40.70764769052496,-98.74811671290261,73,config_2
879974,40.72090232897766,-98.57210164219819,45,config_2
87997c,40.8817332505714,-98.57210164219819,26,config_2
879981,40.93162330275126,-98.4403573420946,28,config_2
879983,40.851316259024394,-98.4403573420946,9,config_2
879985,40.85772118119297,-98.35265604392654,61,config_2
879987,40.93803081618768,-98.35265604392654,76,config_2
87998c,40.90735869873179,-98.22129789306325,30,config_2
879994,40.74650661310234,-98.22129789306325,17,config_2
87999c,40.7338547213042,-98.39649382124541,57,config_2
8799b,40.49810647471476,-98.30884408222222,68,config_2
8799d,40.52278116618243,-97.95928633924419,71,config_2
8799f,40.84541482909882,-97.95928633924419,21,config_2
879a4,41.31374370976711,-98.13385582671398,32,config_2
879b4,41.89599133698777,-98.83627550306029,8,config_2
879b9,41.40726284234922,-99.0128926396605,47,config_2
879bd,41.11553271047585,-98.66005856336714,52,config_2
879bf,41.08836030487698,-99.0128926396605,18,config_2
879d,41.492537434213524,-99.90181306343518,19,config_2
879e4,40.50201874185927,-100.26001249402657,62,config_2
879e9,40.70970141479207,-99.72326726161637,37,config_2
879eb,40.73929700508867,-99.36730841665778,66,config_2
879ed,40.416846817455,-99.36730841665778,69,config_2
879ef,40.38730318435012,-99.72326726161637,9,config_2
879f1,40.06313467377643,-99.72326726161637,15,config_2
879f3,40.09262229097036,-99.36730841665778,65,config_2
879f5,39.766638047664635,-99.36730841665778,9,config_2
879f7,39.737210557129316,-99.72326726161637,30,config_2
879f9,39.70653847449692,-100.08072981765946,58,config_2
879fd,40.000404559950375,-100.43965601897102,3,config_2
879ff,39.674609498063404,-100.43965601897102,52,config_2
5324,47.89891501243172,-103.69082093498783,59,config_2
532c,45.51376838607385,-102.57617830581343,2,config_2
5331,45.80837039793239,-105.18444864390555,41,config_2
5333,44.66354488062658,-104.57608940494013,6,config_2
5335,44.454658784374956,-106.09935394072954,43,config_2
5337,45.582278638747276,-106.7644208954601,64,config_2
533c,47.44538990252218,-107.00863259867317,29,config_2
549364,46.139629486184624,-123.92441059070664,72,config_2
54936c,46.2581773069839,-124.08450039849525,16,config_2
549374,46.328481344558476,-123.87567149510258,19,config_2
54937c,46.209364619303464,-123.71605666957866,37,config_2
54944,46.0807264098345,-122.80134019839946,73,config_2
54949,45.996297469706725,-123.58236268423515,29,config_2
5494a1,45.998483081923666,-123.96065350705925,58,config_2
5494a3,45.93942020652776,-123.88116826914937,21,config_2
5494a44,45.928068376834744,-123.97867593490766,81,config_2
5494a49,45.910309514910814,-123.93594331691013,7,config_2
5494a4d,45.88687322236633,-123.94195569392993,32,config_2
5494a4f,45.90160804313255,-123.96180689895728,80,config_2
5494a51,45.89290067758465,-123.98766255367738,8,config_2
5494a521,45.88696080908128,-123.96555599186067,60,config_2
5494a523,45.884784977180985,-123.97201827560316,21,config_2
5494a525,45.88110320074146,-123.96705483355217,14,config_2
5494a527,45.88327848176755,-123.96059300366728,19,config_2
5494a52c,45.8766678109054,-123.95638093589179,19,config_2
5494a534,45.872318165433086,-123.96930224446545,23,config_2
5494a7,45.96354187607536,-124.06427056238675,12,config_2
5494b1,45.810945572839195,-124.008567883627,38,config_2
5494b64,45.72881121143628,-123.93532355452489,42,config_2
5494b6c,45.758183677913244,-123.97489390278712,46,config_2
5494b74,45.77553096461845,-123.92333995284535,14,config_2
5494bc,45.83354431886302,-123.81407485023365,21,config_2
5494d,45.62236260726557,-123.68089881363895,54,config_2
5494f,45.75866279079122,-123.26853181263735,33,config_2
549501,45.66037802468876,-122.91968181257504,5,config_2
549503,45.62693254583949,-123.02282408180253,11,config_2
549505,45.56747827262728,-122.94563374814999,91,config_2
5495064,45.57758014366212,-122.84914418901631,21,config_2
549506c,45.607357023818594,-122.88763287987958,8,config_2
5495074,45.62400449281106,-122.83607963557766,24,config_2
549507c,45.594193376472816,-122.79762221710806,48,config_2
5495084,45.56438413146292,-122.75922464350096,30,config_2
549508c,45.547805079518234,-122.81071529893603,30,config_2
5495094,45.518031908111034,-122.77234612066754,59,config_2
549509c,45.53457683450834,-122.72088682536919,83,config_2
54950a1,45.51634881673832,-122.67930929296931,94,config_2
54950a3,45.508095070323755,-122.70503419632178,72,config_2
54950a5,45.49319720780043,-122.68590608676298,25,config_2
54950a7,45.50144244602728,-122.66018905718924,14,config_2
54950ac,45.47496839062171,-122.64439009797567,78,config_2
54950b4,45.45849154935476,-122.69578654366407,59,config_2
54950bc,45.48826070595497,-122.73403656523594,45,config_2
54950c4,45.47172613693838,-122.78543631186837,22,config_2
54950cc,45.44199101477293,-122.7471549843348,33,config_2
54950d4,45.42546683575761,-122.79849533207965,30,config_2
54950dc,45.455167904161684,-122.83680782536067,18,config_2
54950f,45.50803077826468,-122.86868252686698,98,config_2
549514,45.42847772090839,-122.98432965853573,97,config_2
549519,45.50057773123603,-123.15132365859832,11,config_2
54951b,45.53407521309736,-123.04853659250377,80,config_2
54951d,45.59339209373215,-123.1258501314257,21,config_2
54951f,45.55975707229058,-123.2287592665428,3,config_2
54953,45.387007906721884,-123.36900144724818,68,config_2
549544,45.243795988280354,-123.03549590885348,64,config_2
54954c,45.17719831865168,-123.23953026987837,47,config_2
549554,45.05986072563618,-123.0861792162156,26,config_2
54955c,45.12591525133184,-122.88262701931349,53,config_2
549564,45.19159928856739,-122.67862935948932,35,config_2
549569,45.26392548095067,-122.84395807806548,23,config_2
54956b,45.32307755588039,-122.92044433274707,23,config_2
54956d,45.3561650532377,-122.81802566691583,30,config_2
54956f,45.296877195136325,-122.74166292131297,64,config_2
549571,45.329735089057436,-122.63925646910941,40,config_2
549573,45.38915857774362,-122.7154945942373,52,config_2
549575,45.42205773860672,-122.61285181309627,67,config_2
549577,45.36249877516487,-122.53673942058207,14,config_2
54957c,45.25690974120018,-122.47419175284617,12,config_2
549584,45.32184354756758,-122.26931980053114,19,config_2
54958c,45.38639768122647,-122.06401918838041,8,config_2
549591,45.46022074407094,-122.22853176892954,7,config_2
549593,45.492603767538526,-122.12557943376629,1,config_2
549595,45.55270300681905,-122.20117776144487,83,config_2
549597,45.520185164361344,-122.30426028413997,54,config_2
549599,45.48757141719401,-122.407233946108,61,config_2
54959b,45.42774198470452,-122.33137635794274,6,config_2
54959d,45.395167868097275,-122.43411248023591,15,config_2
54959e4,45.43175392951714,-122.51677025611298,17,config_2
54959ec,45.44811545407697,-122.46538164374758,24,config_2
54959f4,45.47798194434652,-122.50341785392995,46,config_2
54959fc,45.461586555539675,-122.5548382760434,32,config_2
5495a04,45.491421489830095,-122.59296573551933,35,config_2
5495a0c,45.52125865650281,-122.6311527243357,94,config_2
5495a14,45.537721940276384,-122.57966880681761,39,config_2
5495a1c,45.50785079837465,-122.54151354488577,13,config_2
5495a3,45.547410789513826,-122.48332952014773,60,config_2
5495a5,45.6072594946009,-122.55966380656399,13,config_2
5495a64,45.597470783103056,-122.65615840444629,7,config_2
5495a6c,45.5675952939552,-122.6178837299336,22,config_2
5495a74,45.55109797946125,-122.66939933229116,50,config_2
5495a7c,45.58093938239785,-122.70770564918686,33,config_2
5495ac,45.68046779773375,-122.72628331482727,54,config_2
5495bc,45.62652357665749,-122.36667527155068,13,config_2
5495e4,45.63546829235949,-121.80194532210868,66,config_2
5495e9,45.61744946141014,-121.99468904094734,41,config_2
5495ea4,45.60828354984459,-122.09106844882592,6,config_2
5495eac,45.592080051755204,-122.14270714528533,26,config_2
5495eb04,45.579336617334896,-122.09971547839758,27,config_2
5495eb1b,45.57441961749937,-122.10703064241561,5,config_2
5495eb1d,45.578183233970904,-122.11175514241003,23,config_2
5495eb1e1,45.57832939747082,-122.1175592799678,15,config_2
5495eb1e3,45.57782327460527,-122.11917211783522,42,config_2
5495eb1e5,45.57688247745067,-122.11799070552861,8,config_2
5495eb1e7,45.57738856740294,-122.11637789976267,64,config_2
5495eb1ec,45.57572431008701,-122.11541232087541,21,config_2
5495eb1f4,45.57471218176078,-122.11863778360411,1,config_2
5495eb1fc,45.576593671863,-122.12100058788837,4,config_2
5495eb3,45.56545424106972,-122.12724363215422,11,config_2
5495ebc,45.578146893827764,-122.05329174519309,46,config_2
5495ed,45.52489067872995,-122.02252007835348,9,config_2
5495f4,45.450569151686715,-121.85829568653263,23,config_2
5495f9,45.46820832341885,-121.66639659969965,32,config_2
5495fd,45.56054748442948,-121.63787984137518,30,config_2
5495ff,45.499937795871986,-121.5632907244453,57,config_2
549604,45.57775232516994,-121.44560351326663,29,config_2
54960c,45.699399503168316,-121.59484953218589,92,config_2
549614,45.76293777373835,-121.38733978503286,11,config_2
54961c,45.64075823348489,-121.23864679970491,54,config_2
54963,45.796006299705105,-121.00126883087775,4,config_2
5499,46.725238590638696,-119.54524524241785,6,config_2
549e4,47.5730748192771,-117.67448875400636,13,config_2
549f84,46.759975770650236,-117.2380976278868,4,config_2
549f8c,46.81461363936161,-117.02442569299184,80,config_2
549f94,46.947040748508314,-117.16020596583411,17,config_2
549fd,47.228899221686476,-117.04194730992043,63,config_2
549ff,46.96230303125335,-116.77064563892745,23,config_2
53604,47.25695293663096,-116.25875004888053,73,config_2
53609,47.27817964845879,-115.47901538198053,99,config_2
5360b,47.379839906949805,-115.04673975049882,71,config_2
5360d,47.65409551451384,-115.30556765376139,5,config_2
5360e4,47.644925898324104,-115.69819356350656,3,config_2
5360ec,47.508341076191286,-115.56659090224979,14,config_2
5360f1,47.50342995415923,-115.7624179381251,15,config_2
5360f3,47.43535531588047,-115.6965629062945,75,config_2
5360f7,47.477257585122416,-115.87102769754931,39,config_2
53611,47.82355493647478,-116.00704769208299,1,config_2
536141,48.06136753895746,-115.89996529787989,78,config_2
536143,48.13010574440461,-115.9672121056032,6,config_2
536145,48.156774943986626,-115.85676025243849,38,config_2
536147,48.08791514251502,-115.78971728886681,53,config_2
536154,48.300187208724,-115.79154899106739,67,config_2
53615c,48.24672134926885,-116.01318804502141,25,config_2
536163,48.21350302950329,-116.32399819680506,88,config_2
536165,48.144939963059606,-116.25583699349065,21,config_2
536167,48.17196937390946,-116.14530668544303,49,config_2
53616c,48.05559728539383,-116.0989679684128,81,config_2
53617c,48.138357843237245,-116.45571037033278,23,config_2
536184,48.08346380463187,-116.676576709847,89,config_2
536194,47.89240417108123,-116.75917809777748,12,config_2
53619c,47.94727199482624,-116.53937058907967,11,config_2
5361b,47.716230969846094,-116.44481423927182,71,config_2
5361c1,47.74954118582011,-116.82059389389994,9,config_2
5361c3,47.72194412908471,-116.93000223437058,56,config_2
5361c5,47.65450554551602,-116.8612857451306,4,config_2
5361c7,47.681978403796485,-116.75206986887983,81,config_2
5361cc,47.56706734547123,-116.7042277600736,39,config_2
5361d4,47.512262593392066,-116.92194926719601,2,config_2
5361dc,47.64670175834785,-117.05945147472666,7,config_2
5361f,47.87668118067037,-117.1578210265445,8,config_2
53624,48.33937164704846,-117.35782102077606,6,config_2
53639,48.75730624916351,-116.38087549790063,60,config_2
5363b,48.64592688075106,-116.8293512662635,7,config_2
5363c4,48.46754408854646,-116.50888026870878,55,config_2
5363cc,48.41212662452567,-116.73162069331559,6,config_2
5363d1,48.32320879265578,-116.57216052588832,51,config_2
5363d5,48.227188446331695,-116.61408363715809,17,config_2
5363d7,48.25470371694077,-116.50328372848998,64,config_2
5363d9,48.28209976352823,-116.39241612117912,82,config_2
5363db,48.3507295478912,-116.46109190767382,49,config_2
5363f,48.480651589726136,-116.10590335219587,85,config_2
5365,49.16816510443443,-115.3898065910772,91,config_2
536604,48.710517776289166,-114.01051040502473,4,config_2
53660c,48.66093156446786,-114.23382855713369,10,config_2
536614,48.519454221260276,-114.10583913237608,68,config_2
536619,48.52091578293788,-113.90735875416229,41,config_2
53661b,48.59178279603048,-113.97077023483786,32,config_2
53661d,48.616280700924335,-113.85940337024144,80,config_2
536624,48.42682218495688,-113.75730726660761,8,config_2
53662c,48.28525127148754,-113.63219027302878,28,config_2
536639,48.330643875074216,-114.00256098160035,61,config_2
53663d,48.42570333803289,-113.95507737108615,9,config_2
53663f,48.401191396929235,-114.06591838573529,79,config_2
536644,48.329003522765255,-114.20022750268735,80,config_2
53664c,48.18834261462575,-114.07334956975846,38,config_2
536651,48.1865701001418,-114.2704100700717,52,config_2
536653,48.11645659709142,-114.20689188371308,22,config_2
536655,48.09180806787498,-114.31691180715701,1,config_2
536657,48.16180665605284,-114.38064572462841,26,config_2
53665c,48.2793706065498,-114.42143559895219,9,config_2
53667,48.51522327835127,-114.50368763983607,33,config_2
5366ac,48.35317349744235,-115.56966940943184,39,config_2
5366b3,48.236067652741355,-115.52504857090041,57,config_2
5366b5,48.166845331875976,-115.45862375890401,44,config_2
5366c4,48.12759293472177,-115.08394640444803,38,config_2
5366cb,48.097661491029655,-115.39245124975675,49,config_2
5366cd,48.028516722943635,-115.32652989403861,45,config_2
5366cf,48.05434991141578,-115.21646831384504,34,config_2
5366dc,47.98879139742596,-114.95364552458007,73,config_2
5366e4,48.03939276195624,-114.73384609003423,80,config_2
5366fc,48.08951930619623,-114.51385786029404,57,config_2
53671,47.85558398388224,-114.43217522064971,73,config_2
53675,47.47966380379973,-114.6137059184163,2,config_2
53677,47.57764042510491,-114.17997990713876,68,config_2
536784,47.58019954091761,-113.792458919337,93,config_2
536794,47.76747458865636,-113.69857192964535,12,config_2
53679c,47.71965816087423,-113.91632184491522,51,config_2
5367a4,47.859308985380174,-114.04114182389593,5,config_2
5367ac,47.999147641198796,-114.16692796400577,33,config_2
5367b1,48.00066765051444,-113.9709614885147,9,config_2
5367b3,48.07080361945008,-114.03377383412095,82,config_2
5367b5,48.09509991823783,-113.92388882002416,35,config_2
5367bc,47.90757369264056,-113.82253107456742,50,config_2
53684,48.04784377424642,-112.77697758216684,17,config_2
536884,48.33298472285793,-113.41138846834842,22,config_2
53688c,48.38023617093654,-113.19045037002353,64,config_2
536894,48.52270351834967,-113.31377419878491,61,config_2
53689c,48.475005570331774,-113.53561287066832,19,config_2
5368a3,48.59370081190887,-113.57381093349562,3,config_2
5368a5,48.66490969672817,-113.63654983117544,77,config_2
5368a7,48.64065638209922,-113.74799619247796,42,config_2
5368a9,48.71179757482406,-113.81120944149697,97,config_2
5368ab,48.78298402413562,-113.87467303738622,8,config_2
5368ad,48.80746587911675,-113.76277517265882,25,config_2
5368ae4,48.76006564663386,-113.68738514639256,7,config_2
5368aec,48.747898437268574,-113.74325926523564,38,config_2
5368af1,48.724218081271815,-113.70560801649441,14,config_2
5368af3,48.718137492579274,-113.73352141946316,27,config_2
5368af5,48.70033149857495,-113.71773773082303,66,config_2
5368af7,48.706404959876025,-113.68983844813233,8,config_2
5368afc,48.72441230570829,-113.65585720708363,7,config_2
5368b4,48.808215554915286,-113.56337382204376,74,config_2
5368b9,48.713048674171986,-113.41354409160134,36,config_2
5368bb,48.689040505809054,-113.52506541900044,70,config_2
5368bd,48.61771852465392,-113.46255276986314,1,config_2
5368bf,48.64161403148998,-113.35125871020159,4,config_2
5368d,48.80840711861771,-113.16553571395352,5,config_2
5368f,48.52174746870863,-112.9196648690491,34,config_2
5369c,48.22674871414353,-111.90100617582074,2,config_2
536b,48.7736824893287,-110.80828328460862,4,config_2
536f,49.57777376810437,-113.56950624422853,34,config_2
531,51.3786418539575,-107.54900222906777,1,config_2
86344,33.37187356077451,-94.0695453815523,77,config_2
86354,34.06252900916841,-94.72775278355441,22,config_2
8635c,33.348618938234175,-94.72775278355441,37,config_2
86364,32.629398506440324,-94.72775278355441,45,config_2
8636c,32.65239459447722,-94.0695453815523,38,config_2
86374,31.92784856604255,-94.0695453815523,5,config_2
8637c,31.905127482149442,-94.72775278355441,19,config_2
8639,30.82144165749157,-94.39763566548027,60,config_2
863b,30.858922248180154,-93.09770198132622,1,config_2
863ec,29.726599575060234,-94.0695453815523,20,config_2
863f1,29.525508409212723,-94.56244259389422,36,config_2
863f3,29.895415982648124,-94.56244259389422,7,config_2
863f5,29.883583976677322,-94.8935627223328,25,config_2
863f7,29.51376636956181,-94.8935627223328,45,config_2
863f84,29.23271960704705,-94.97665398592595,25,config_2
863f9d,29.283654563203253,-94.85206358017719,43,config_2
863f9f,29.28663131452443,-94.76915855510096,58,config_2
8664,26.873943041714885,-99.18990521297464,76,config_2
86684,28.097803881433773,-97.43813547748366,70,config_2
86689,27.52898436210236,-97.61142171393448,8,config_2
8668b,27.155201945312953,-97.61142171393448,1,config_2
8668d,27.173557984663677,-97.26528581122331,3,config_2
8668f,27.547510788498307,-97.26528581122331,90,config_2
8669c,28.133429370477497,-96.74939926474936,80,config_2
866f,26.244408488148757,-97.09287704309902,77,config_2
54c01,44.78535948854263,-123.16131394357724,81,config_2
54c03,44.652692322458776,-123.56430088676868,45,config_2
54c05,44.421978444490605,-123.25986752718795,96,config_2
54c07,44.55250127717842,-122.85873960891334,62,config_2
54c09,44.319811141654064,-122.55980800458357,24,config_2
54c0b,44.08732541386454,-122.26447724367158,8,config_2
54c0d,43.9610091899147,-122.66182272622748,26,config_2
54c0e1,44.05676496888519,-122.99619917183729,47,config_2
54c0e3,44.11417913764924,-123.07090323961494,59,config_2
54c0ec,44.165890674987395,-122.78487478452585,2,config_2
54c0f4,44.281399125097025,-122.93414948155494,7,config_2
54c0fc,44.21657986499223,-123.13358548269316,16,config_2
54c104,44.15141099179493,-123.3325920901741,15,config_2
54c10c,44.085895544765485,-123.53116421653026,1,config_2
54c119,43.992168924597216,-123.19452922831502,1,config_2
54c11b,44.04931982233878,-123.26946117113417,2,config_2
54c11d,44.081792802771545,-123.17023558837161,89,config_2
54c11e4,44.0469098922947,-123.08929914137289,75,config_2
54c11ec,44.03074441732155,-123.13889596314753,12,config_2
54c11f4,44.00212221798227,-123.10152800827267,13,config_2
54c11fc,44.018254836662265,-123.0519597129871,13,config_2
54c124,43.922545334410984,-123.03308913047809,20,config_2
54c12c,43.80817910644299,-122.88466561287404,15,config_2
54c134,43.7442405070422,-123.08188481162051,61,config_2
54c13c,43.85808447641714,-123.23076201303829,7,config_2
54c15,43.70421932766813,-123.45159560053577,26,config_2
54c17,43.93041073831826,-123.7524358267999,24,config_2
54c184,44.06672801095436,-124.07938566800536,71,config_2
54c18c,44.179641205614885,-124.23267551598474,34,config_2
54c194,44.24691214575153,-124.03413271386738,36,config_2
54c19c,44.13346150644872,-123.88126859245368,5,config_2
54c1b,44.29004488927913,-123.65923829337514,19,config_2
54c1c4,44.42785263974292,-123.98845919831362,32,config_2
54c1cc,44.494975131402725,-123.78855993945692,1,config_2
54c1d1,44.56405410506756,-123.95392441536728,1,config_2
54c1d3,44.59773131027361,-123.85369417775613,4,config_2
54c1d5,44.65509119707853,-123.93076661624858,1,config_2
54c1d64,44.64405475424302,-124.02535698928652,8,config_2
54c1d74,44.59851323571121,-124.03684943437378,11,config_2
54c1d7c,44.62710928055486,-124.07551116023032,90,config_2
54c1dc,44.54188417145705,-124.14269449172951,47,config_2
54c1f,44.38312736701289,-124.36475954433166,31,config_2
54c24,44.0657751952635,-124.8044749726811,6,config_2
54c34,43.35137398655756,-124.96993263279091,53,config_2
54c39,43.44204429105919,-124.23454418453811,54,config_2
54c3b,43.66400217750503,-124.53873409546958,1,config_2
54c3d,43.79787074599428,-124.14648956234514,83,config_2
54c3f,43.573792872511746,-123.84394233243346,11,config_2
54c41,43.34984751231448,-123.54486997172863,20,config_2
54c43,43.12606937316566,-123.24923638179864,98,config_2
54c45,42.99848276189875,-123.6364814143673,20,config_2
54c47,43.22019292862031,-123.93380483756474,2,config_2
54c484,43.17716233876064,-124.29954687446859,70,config_2
54c48c,43.067051717689395,-124.14942481543466,1,config_2
54c494,43.001520954694755,-124.34239785430927,12,config_2
54c49c,43.111109048396834,-124.49291628206542,44,config_2
54c4b,42.95703409642745,-124.70648009751596,5,config_2
54c4d,42.7394784181924,-124.40596141965908,24,config_2
54c51,42.65012487287633,-123.7264753861822,34,config_2
54c53,42.52204680581851,-124.10877736105398,7,config_2
54c55,42.30477239312683,-123.81489569636997,46,config_2
54c57,42.43082110939229,-123.43420698396265,77,config_2
54c5c,42.72868374472665,-123.00468327354528,79,config_2
54c61,42.80138568638664,-122.28283780051216,54,config_2
54c624,42.835536106240745,-121.92200316178884,6,config_2
54c62c,42.895417416542415,-121.7284991118777,3,config_2
54c639,42.99239214658704,-122.05114909477884,26,config_2
54c63b,42.935635641606915,-121.97999579242195,12,config_2
54c63c4,42.927150189468705,-122.07042443096364,37,config_2
54c63cc,42.89882335255788,-122.03485653204577,3,config_2
54c63d4,42.88371325081643,-122.08323925427237,16,config_2
54c63d9,42.90114803771136,-122.12202970308677,17,config_2
54c63db,42.90871992670494,-122.09783307020649,14,config_2
54c63dd,42.922872882667825,-122.1156410807077,8,config_2
54c63dec,42.91365172857351,-122.12933993681311,14,config_2
54c63df4,42.909861571608346,-122.14143955942004,68,config_2
54c63dfc,42.91693348260179,-122.15035138659667,32,config_2
54c63e4,42.940309503356055,-122.1544858499444,74,config_2
54c63ec,42.95548179871644,-122.10604492059447,26,config_2
54c63f4,42.98381811746591,-122.14171807638263,68,config_2
54c63fc,42.96861464720355,-122.19018806123974,19,config_2
54c65,43.14965760329115,-122.18129833255341,59,config_2
54c67,43.026736394391946,-122.56991205223854,25,config_2
54c69,43.25234781649885,-122.86037131108083,26,config_2
54c6b,43.47818677803697,-123.15425327939593,54,config_2
54c6d,43.60518718979046,-122.76199349160275,9,config_2
54c6f,43.37729528639235,-122.46992511964605,15,config_2
54c71,43.50088943415792,-122.07793785981843,63,config_2
54c73,43.73082566621374,-122.36813051715662,37,config_2
54c75,43.85507960162658,-121.97270543357864,22,config_2
54c77,43.62310838818734,-121.68445070867918,81,config_2
54c784,43.47929203317245,-121.3723145685716,88,config_2
54c78c,43.36329502046602,-121.231036402636,60,config_2
54c79c,43.419282328031414,-121.56868238524474,14,config_2
54c7b,43.2712344002001,-121.7912043230043,80,config_2
54c7d,43.04189366274489,-121.50788951256666,1,config_2
54c7f4,43.247387135154575,-121.09061487268261,31,config_2
54c7fc,43.13157240130904,-120.95104473790114,70,config_2
54c804,43.01585479156597,-120.81232076658755,65,config_2
54c814,42.84268067708525,-120.86829934383351,57,config_2
54c81c,42.90023822722354,-120.6744377369098,15,config_2
54c824,42.784726578347964,-120.537390437649,14,config_2
54c82c,42.66932366389013,-120.40117366891602,39,config_2
54c834,42.61272320671617,-120.59402233419776,57,config_2
54c83c,42.727649265918764,-120.7307462457853,61,config_2
54c85,42.58428343850044,-120.9513548483899,3,config_2
54c8b,42.576328090335,-121.99911082492847,58,config_2
54c8d,42.35159522787022,-121.71869339468007,49,config_2
54c94,42.072399586916205,-121.11426101152512,5,config_2
54c984,42.04370300715486,-120.43609449055012,22,config_2
54c98c,42.09908954543275,-120.24584687134009,52,config_2
54c991,42.17067725715517,-120.39392644006368,6,config_2
54c993,42.19846289849502,-120.29854328559853,66,config_2
54c995,42.25555204892316,-120.36566372194672,50,config_2
54c99c,42.1572393776818,-120.57055628616618,1,config_2
54c9c4,42.38320219499694,-120.32304161845266,81,config_2
54c9d4,42.554033251812214,-120.26578224284475,48,config_2
54c9dc,42.438859059223944,-120.13121098426181,2,config_2
54c9f,42.23888628902059,-120.02644746497042,24,config_2
54cb,41.507503734430315,-119.93476272635633,44,config_2
54cec,41.84157525455871,-121.8720630899273,32,config_2
54cf1,42.11372148756606,-122.48064842022644,54,config_2
54cf3,42.2332965948329,-122.10036360734084,21,config_2
54cf5,42.456073968218995,-122.38260537678957,16,config_2
54cf6c,42.30968537881724,-122.59808262572841,1,config_2
54cf74,42.24884549717808,-122.78852507052856,26,config_2
54cf79,42.31615946725227,-122.94335903958773,1,config_2
54cf7b,42.34684386440482,-122.84806869277996,27,config_2
54cf7d,42.40203725949187,-122.91973789192978,54,config_2
54cf7f,42.371228547762456,-123.0151351998463,19,config_2
54cfc,42.040905903328465,-123.19126782252341,72,config_2
54d4,40.78778037496809,-124.19441089783537,63,config_2
54dc,42.45113689813503,-126.57303097851934,84,config_2
54ea79,44.6785061912281,-124.10851708652727,72,config_2
54ea7d,44.769823997213,-124.0855984036182,65,config_2
54ea7f,44.71245562347281,-124.00806782120071,20,config_2
54ea84,44.79200082601639,-123.89582604627594,14,config_2
54ea89,44.86133088122843,-124.0625718144921,56,config_2
54ea8d,44.95302676007616,-124.0394365311521,65,config_2
54ea8f,44.89537744565771,-123.9616647646235,4,config_2
54ea94,44.975207354377915,-123.84885389304235,54,config_2
54eab,45.01834862111124,-123.46757285523105,72,config_2
54eac4,45.15916791109494,-123.80143613906317,18,config_2
54ead4,45.34388168318147,-123.7535662142877,15,config_2
54ead9,45.3216983565396,-123.94579242351732,25,config_2
54eadb,45.2634856313629,-123.86753405649682,6,config_2
54eadc4,45.2523424968133,-123.96348652060657,19,config_2
54eadd4,45.206164184250035,-123.97524752317952,83,config_2
54eaf,45.11439290904406,-124.18419078759804,100,config_2
54eb24,45.39174013900307,-124.11469781515643,11,config_2
54eb2c,45.46072810555688,-123.91021360884784,81,config_2
54eb34,45.577582386659536,-124.06781249679507,49,config_2
8094,37.20172848568333,-120.15893030899788,80,config_2
80981,38.95153586917263,-118.8596803520908,28,config_2
80983,38.85046324750905,-119.23207840138082,29,config_2
80985,39.15638500580205,-119.23207840138082,66,config_2
80987,39.2576852613438,-118.8596803520908,2,config_2
80989,39.56239755135253,-118.8596803520908,8,config_2
8098b,39.86565845835353,-118.8596803520908,37,config_2
8098c4,39.71384502534753,-119.13906420284766,12,config_2
8098d4,39.813842826735886,-119.32503466239531,10,config_2
8098d9,39.6876829768343,-119.37149086844235,30,config_2
8098dd,39.63767061383146,-119.27856381369884,82,config_2
8098df,39.612027882583526,-119.37149086844235,29,config_2
8098e4,39.51119739820113,-119.32503466239531,10,config_2
8098ec,39.56229006420074,-119.13906420284766,44,config_2
8098f4,39.410373697023694,-119.13906420284766,29,config_2
8098fc,39.359334044327966,-119.32503466239531,46,config_2
809904,39.30798828257803,-119.51077084299,24,config_2
80990c,39.25633837502313,-119.69626771448172,86,config_2
809911,39.38313914607222,-119.64991620525349,9,config_2
809913,39.35721778363886,-119.74260395507105,62,config_2
8099144,39.420552341081795,-119.71943774820171,27,config_2
809914c,39.40756763443569,-119.7657663254125,52,config_2
8099154,39.445434473612,-119.7657663254125,37,config_2
809915c,39.45842255871876,-119.71943774820171,17,config_2
80991c,39.459797818053886,-119.51077084299,9,config_2
809924,39.61124907051809,-119.51077084299,47,config_2
809934,39.71053121880375,-119.69626771448172,47,config_2
8099384,39.5966785704289,-119.7657663254125,26,config_2
809938c,39.558901089662086,-119.7657663254125,32,config_2
8099394,39.571899162289945,-119.71943774820171,40,config_2
809939c,39.60967992305,-119.71943774820171,57,config_2
80993b,39.61025631481741,-119.64991620525349,24,config_2
80993d,39.53464012366414,-119.64991620525349,33,config_2
80993e4,39.49627045299958,-119.71943774820171,26,config_2
80993ec,39.534095996588334,-119.71943774820171,37,config_2
80993f4,39.521101228522596,-119.7657663254125,37,config_2
80993fc,39.48327901409688,-119.7657663254125,38,config_2
809941,39.48266777560914,-119.83523032066351,75,config_2
809945,39.53214458148915,-119.92779468446135,85,config_2
8099464,39.57061902098213,-119.85837724834269,5,config_2
809946c,39.53284813796052,-119.85837724834269,31,config_2
8099474,39.545884071103075,-119.81207951785828,34,config_2
809947c,39.58365825929888,-119.81207951785828,37,config_2
8099484,39.62141006474718,-119.81207951785828,11,config_2
809948c,39.60836754586187,-119.85837724834269,52,config_2
8099494,39.64609368572949,-119.85837724834269,39,config_2
809949c,39.65913946060998,-119.81207951785828,18,config_2
80994b,39.70916854105543,-119.83523032066351,19,config_2
80994d,39.68302944381094,-119.92779468446135,50,config_2
80994f,39.60763173556912,-119.92779468446135,50,config_2
809954,39.60600131300832,-120.06652363285929,52,config_2
80995c,39.45506695613932,-120.06652363285929,37,config_2
809964,39.30377730273375,-120.06652363285929,11,config_2
80996b,39.406988810451196,-119.83523032066351,21,config_2
80996d,39.33122085395669,-119.83523032066351,54,config_2
80996f,39.30514860891265,-119.92779468446135,41,config_2
809971,39.22930584738724,-119.92779468446135,94,config_2
809973,39.25536412770129,-119.83523032066351,26,config_2
809975,39.17941885551629,-119.83523032066351,15,config_2
809977,39.153374739206235,-119.92779468446135,36,config_2
80997c,39.152134117551746,-120.06652363285929,8,config_2
809984,39.000139201259735,-120.06652363285929,4,config_2
809994,38.89992923227823,-119.881520291274,42,config_2
809999,39.02726357998396,-119.83523032066351,1,config_2
80999b,39.00124839148819,-119.92779468446135,61,config_2
80999d,39.07735551095746,-119.92779468446135,56,config_2
80999f,39.103385263492484,-119.83523032066351,15,config_2
8099a4,39.10422854608839,-119.69626771448172,67,config_2
8099bc,38.95176561463266,-119.69626771448172,35,config_2
8099c4,38.79895143796481,-119.69626771448172,21,config_2
8099cc,38.85042792607963,-119.51077084299,15,config_2
8099d4,38.69720338902121,-119.51077084299,66,config_2
8099dc,38.64578790990438,-119.69626771448172,45,config_2
8099f,38.64468354167561,-119.97405342347365,65,config_2
809e4,40.65726799882358,-119.78892484955995,3,config_2
809e9,40.15778186329634,-119.97405342347365,16,config_2
809ea4,39.90679725685847,-120.06652363285929,52,config_2
809eac,39.75657864435968,-120.06652363285929,70,config_2
809eb4,39.80904640703062,-119.881520291274,83,config_2
809ebc,39.95931497096353,-119.881520291274,17,config_2
809ed,39.962395028603474,-119.60354950502408,18,config_2
809ef,40.262350138231035,-119.60354950502408,1,config_2
809f4,40.26695579045059,-119.04599270243568,38,config_2
809fac,40.56407063155632,-119.32503466239531,22,config_2
809fb1,40.688701319958966,-119.27856381369884,28,config_2
809fb3,40.66289727808841,-119.37149086844235,33,config_2
809fb5,40.73726819526338,-119.37149086844235,1,config_2
809fb6c,40.73805026175471,-119.30180106344304,3,config_2
809fb71,40.7570109173014,-119.26694382286807,3,config_2
809fb744,40.7478981656965,-119.24951213265092,8,config_2
809fb74c,40.73860160339694,-119.24951213265092,6,config_2
809fb754,40.74181925170974,-119.23788987166326,2,config_2
809fb759,40.74959617716947,-119.23498416482164,7,config_2
809fb75b,40.747987600978306,-119.24079552188635,2,config_2
809fb75d,40.75263557599632,-119.24079552188635,4,config_2
809fb75f,40.75424419118196,-119.23498416482164,89,config_2
809fb77,40.76344944628092,-119.24370111547155,15,config_2
809fb7c,40.788104926950766,-119.25532292304659,1,config_2
809fb84,40.80097402941192,-119.2088302586068,62,config_2
809fb8c,40.813823477127116,-119.16232314940831,3,config_2
809fb94,40.776650100746835,-119.16232314940831,1,config_2
809fb99,40.75772017514515,-119.19720483240249,4,config_2
809fb9b,40.77631178229506,-119.19720483240249,31,config_2
809fb9d,40.769883069163754,-119.22045478201282,63,config_2
809fb9f,40.751292083434116,-119.22045478201282,15,config_2
809fbb,40.71442703181805,-119.18557850464043,5,config_2
809fbd,40.74007417936393,-119.09253557554277,3,config_2
809fbf,40.81447513252472,-119.09253557554277,6,config_2
809fd,40.96151586175313,-119.23207840138082,39,config_2
809ff,41.06392310969191,-118.8596803520908,13,config_2
80c1,35.89395658325506,-117.92490017414548,34,config_2
80c5,34.95920828882321,-116.41938900264319,61,config_2
80c64,36.026614093901316,-116.04138886338704,23,config_2
80c6c,35.84827462377858,-116.79678490847915,10,config_2
80c704,36.320087428466806,-116.51379639269945,26,config_2
80c70c,36.481255034908166,-116.51379639269945,47,config_2
80c714,36.436076757645914,-116.70249504859957,8,config_2
80c71c,36.274987953341544,-116.70249504859957,44,config_2
80c73,36.28728255079922,-116.98524219342079,50,config_2
80c744,36.55126749254884,-116.89103418926852,16,config_2
80c74c,36.505389145528845,-117.07940822560565,2,config_2
80c754,36.66566069624167,-117.07940822560565,44,config_2
80c75c,36.711616537269144,-116.89103418926852,40,config_2
80c77,36.699775760583485,-116.60816530936988,49,config_2
80c79,36.7897336801538,-116.23046162917431,67,config_2
80c7a4,36.52612035792361,-116.32494384537713,44,config_2
80c7ac,36.364874890848164,-116.32494384537713,9,config_2
80c7b4,36.40934873490636,-116.13594306437999,12,config_2
80c7bc,36.570671126413515,-116.13594306437999,82,config_2
80c7d,36.55622806690574,-115.85217641246463,69,config_2
80c84,36.84791623950343,-115.28375849518459,32,config_2
80c884,36.37898828441461,-115.5681083893613,7,config_2
80c88c,36.42211750970797,-115.3785719022423,37,config_2
80c891,36.289689082837356,-115.42596745141297,21,config_2
80c8924,36.32608478325768,-115.35487132197885,13,config_2
80c892c,36.336795327529984,-115.30746460704879,57,config_2
80c8931,36.3036709619339,-115.31931697651964,50,config_2
80c8933,36.30901945597859,-115.29561177946167,44,config_2
80c8935,36.28871266574981,-115.29561177946167,26,config_2
80c8937,36.283365360191326,-115.31931697651964,48,config_2
80c893c,36.28548759376934,-115.35487132197885,9,config_2
80c8944,36.244869533852274,-115.35487132197885,1,config_2
80c894c,36.25557055567369,-115.30746460704879,87,config_2
80c8954,36.214926869827906,-115.30746460704879,79,config_2
80c895c,36.204230645192446,-115.35487132197885,41,config_2
80c897,36.20846734777577,-115.42596745141297,52,config_2
80c89c,36.21676905280592,-115.5681083893613,66,config_2
80c8a4,36.05421796451002,-115.5681083893613,75,config_2
80c8ac,35.89133771339766,-115.5681083893613,1,config_2
80c8b4,35.93423340049402,-115.3785719022423,21,config_2
80c8b9,36.067173224924375,-115.33116888644844,97,config_2
80c8bb,36.045774953068936,-115.42596745141297,14,config_2
80c8bc4,36.11218407545494,-115.4022706158482,3,config_2
80c8bcc,36.10145770860589,-115.44966239756026,43,config_2
80c8bd1,36.13464703275285,-115.43781516137456,24,config_2
80c8bd3,36.129277048031106,-115.46150915854916,17,config_2
80c8bd5,36.14960661110844,-115.46150915854916,34,config_2
80c8bd7,36.15497781331856,-115.43781516137456,42,config_2
80c8bdc,36.15285963598408,-115.4022706158482,68,config_2
80c8be4,36.163570969637625,-115.35487132197885,96,config_2
80c8bec,36.12289054919738,-115.35487132197885,36,config_2
80c8bf4,36.133577107447366,-115.30746460704879,85,config_2
80c8bfc,36.17426237308871,-115.30746460704879,76,config_2
80c8c04,36.18493382410928,-115.26005056226762,49,config_2
80c8c0c,36.144243727955896,-115.26005056226762,84,config_2
80c8c14,36.15489038861112,-115.21262927895731,55,config_2
80c8c1c,36.19558530060847,-115.21262927895731,39,config_2
80c8c24,36.206216780632914,-115.16520084855117,44,config_2
80c8c2c,36.216828242367036,-115.11776536259309,31,config_2
80c8c34,36.17612374260177,-115.11776536259309,94,config_2
80c8c3c,36.16551706743865,-115.16520084855117,72,config_2
80c8c44,36.12479655563121,-115.16520084855117,73,config_2
80c8c4c,36.135398420349034,-115.11776536259309,39,config_2
80c8c54,36.094652317851704,-115.11776536259309,31,config_2
80c8c59,36.07651755983104,-115.15334263494128,29,config_2
80c8c5b,36.09689398218989,-115.15334263494128,11,config_2
80c8c5d,36.09158986539065,-115.17705862118852,30,config_2
80c8c5f,36.07121465644432,-115.17705862118852,33,config_2
80c8c64,36.07343828279969,-115.21262927895731,94,config_2
80c8c6c,36.114174701915175,-115.21262927895731,47,config_2
80c8c74,36.103532881058676,-115.26005056226762,70,config_2
80c8c79,36.07032349426529,-115.2719047556442,49,config_2
80c8c7b,36.07564756715033,-115.24819591648244,26,config_2
80c8c7d,36.05527600949565,-115.24819591648244,13,config_2
80c8c7f,36.04995315739688,-115.2719047556442,42,config_2
80c8c84,36.0220491043833,-115.26005056226762,59,config_2
80c8c8c,36.03268117370598,-115.21262927895731,32,config_2
80c8c94,35.991903417237666,-115.21262927895731,7,config_2
80c8c9c,35.98127625968569,-115.26005056226762,7,config_2
80c8cb,35.92539077607315,-115.23634081971663,26,config_2
80c8cd,35.946590459166416,-115.14148398179033,79,config_2
80c8ce4,36.01309794190777,-115.11776536259309,50,config_2
80c8cec,36.00251065195177,-115.16520084855117,64,config_2
80c8cf4,36.04329330538313,-115.16520084855117,80,config_2
80c8cfc,36.053885477515266,-115.11776536259309,73,config_2
80c8d04,36.06445766834074,-115.07032291273677,29,config_2
80c8d0c,36.07500985623604,-115.02287359074474,66,config_2
80c8d14,36.03421260055374,-115.02287359074474,67,config_2
80c8d1c,36.02366526532323,-115.07032291273677,60,config_2
80c8d3,35.967710408691985,-115.0465991050183,15,config_2
80c8d5,35.98875045124652,-114.95168692349858,29,config_2
80c8d7,36.070400926759895,-114.95168692349858,39,config_2
80c8d9,36.151968372886415,-114.95168692349858,22,config_2
80c8da4,36.11578636891206,-115.02287359074474,11,config_2
80c8dac,36.105229352199395,-115.07032291273677,47,config_2
80c8db4,36.14598027434892,-115.07032291273677,44,config_2
80c8dbc,36.156542096049364,-115.02287359074474,11,config_2
80c8dd,36.2123546370799,-115.0465991050183,63,config_2
80c8df,36.23345244958083,-114.95168692349858,21,config_2
80c8e1,36.31485281940864,-114.95168692349858,20,config_2
80c8e7,36.293736130544346,-115.0465991050183,93,config_2
80c8e84,36.25751187756457,-115.11776536259309,60,config_2
80c8e8c,36.2981746062767,-115.11776536259309,22,config_2
80c8e94,36.2875536429502,-115.16520084855117,36,config_2
80c8e9c,36.246895653115466,-115.16520084855117,85,config_2
80c8ea4,36.23625939579041,-115.21262927895731,49,config_2
80c8eac,36.22560312738381,-115.26005056226762,67,config_2
80c8eb4,36.26625159580664,-115.26005056226762,74,config_2
80c8ebc,36.276912632202475,-115.21262927895731,55,config_2
80c8ec4,36.31754496805244,-115.21262927895731,44,config_2
80c8ecc,36.306879187566985,-115.26005056226762,67,config_2
80c8ed4,36.34748586101624,-115.26005056226762,17,config_2
80c8f4,36.46492651781005,-115.18891595142229,3,config_2
80c8fc,36.50741390380816,-114.99914638140322,1,config_2
80c904,36.54957829818912,-114.80926906488743,35,config_2
80c90c,36.591418367124774,-114.61928990191176,90,config_2
80c911,36.45909064152397,-114.6667939171,14,config_2
80c913,36.479902378555735,-114.57177989160081,51,config_2
80c915,36.398512452747624,-114.57177989160081,70,config_2
80c917,36.37771894345563,-114.6667939171,1,config_2
80c91c,36.38705940951085,-114.80926906488743,28,config_2
80c924,36.224202558830996,-114.80926906488743,31,config_2
80c929,36.09138022036734,-114.85674817305113,45,config_2
80c92b,36.00971041564109,-114.85674817305113,36,config_2
80c92c4,36.04580658848869,-114.78552711795506,19,config_2
80c92cc,36.004943694640865,-114.78552711795506,51,config_2
80c92d1,36.02297717135003,-114.74991123898384,45,config_2
80c92d3,36.00253872815009,-114.74991123898384,22,config_2
80c92d5,36.00774178032816,-114.72616536414777,12,config_2
80c92d7,36.02818142761983,-114.72616536414777,30,config_2
80c92dc,36.056228759588706,-114.73803849615418,2,config_2
80c92f,36.112279149318695,-114.76178359119083,4,config_2
80c934,36.102628128582666,-114.61928990191176,2,config_2
80c93c,36.26589589023287,-114.61928990191176,53,config_2
80c95,36.246180846793905,-114.33414316655818,83,config_2
80c964,36.51138634433616,-114.23904976812737,8,config_2
80c969,36.439855704707355,-114.38168175769879,11,config_2
80c96a4,36.404023693482515,-114.45297924676231,1,config_2
80c96b1,36.42682054284531,-114.48862322713724,17,config_2
80c96b3,36.421646978318144,-114.51238408953819,33,config_2
80c96b5,36.442002611304275,-114.51238408953819,62,config_2
80c96bc,36.44475125126956,-114.45297924676231,16,config_2
80c96d,36.50063279904503,-114.47674225712757,37,config_2
80c974,36.63293281274744,-114.42921481897034,8,config_2
80c97c,36.67412037341553,-114.23904976812737,4,config_2
80c9c,37.01727952299506,-114.52426397902158,24,config_2
80cb,36.9367763776853,-113.38235448459531,20,config_2
80ce4,35.05379562943539,-114.52426397902158,81,config_2
80ceb,35.91874996672142,-114.33414316655818,1,config_2
80cec4,35.77509312045265,-114.61928990191176,23,config_2
80cecc,35.93902628719803,-114.61928990191176,51,config_2
80ced4,35.897485713464796,-114.80926906488743,48,config_2
80cedc,35.73363119451221,-114.80926906488743,4,config_2
80cf1,35.424629289101,-115.09404500241959,3,config_2
80cf3,35.752747515702225,-115.09404500241959,29,config_2
80cf5,35.66783240006553,-115.47335544292073,68,config_2
80cf7,35.34004648351478,-115.47335544292073,76,config_2
80cfc,34.88818150017172,-115.28375849518459,3,config_2
86d84,32.648380018365515,-109.18800474020169,6,config_3
86d8c,32.76613104394006,-108.42760468979141,54,config_3
86d94,32.06630758392501,-108.42760468979141,63,config_3
86d9c,31.949906296822004,-109.18800474020169,151,config_3
86db,30.951860899740495,-108.80761947009503,8,config_3
86dd,31.170406262378183,-107.29028389464884,41,config_3
86de04,32.057710677420566,-106.62913035392717,128,config_3
86de0c,32.03221071194093,-106.81783770824106,8,config_3
86de14,32.20869360418048,-106.81783770824106,87,config_3
86de1c,32.234269414640345,-106.62913035392717,81,config_3
86de3,32.48576704653213,-106.72346389403498,90,config_3
86de5,32.433755500824994,-107.10119308682007,13,config_3
86de7,32.081587719312495,-107.10119308682007,10,config_3
86dec,32.17764290641432,-107.66888695938226,69,config_3
86df4,32.87874636367703,-107.66888695938226,66,config_3
86dfc,32.9862181299786,-106.91225102614887,7,config_3
86e01,33.23849020435528,-106.34637906744265,2,config_3
86e03,33.28850514479508,-105.96998775016152,18,config_3
86e05,32.93784515433881,-105.96998775016152,28,config_3
86e061,32.775156724602994,-106.20514842188963,76,config_3
86e063,32.7626664424942,-106.29929122158622,54,config_3
86e065,32.850499433579586,-106.29929122158622,71,config_3
86e067,32.86300707999088,-106.20514842188963,3,config_3
86e074,32.963157740474074,-106.44058717271729,1,config_3
86e07c,32.787694115309435,-106.44058717271729,1,config_3
86e0c,32.385088575201415,-106.15809365922375,30,config_3
86e1c,33.18574821781208,-105.4068079114331,26,config_3
86e3,32.969574598184394,-104.2861115827901,98,config_3
86e5,31.54796555760672,-104.2861115827901,192,config_3
86e7,31.36908667195912,-105.78206743935718,133,config_3
86ec,29.299863407075296,-105.03236346529708,188,config_3
86f1,30.263803246138146,-102.80547525792774,32,config_3
86f204,29.380350761792247,-103.451176849024,16,config_3
86f20c,29.197958880194463,-103.451176849024,28,config_3
86f214,29.216653795420726,-103.26634785926352,119,config_3
86f21c,29.3991184946125,-103.26634785926352,48,config_3
86f23,29.33547073089173,-102.9896150485228,53,config_3
86f25,28.96988888169498,-102.9896150485228,4,config_3
86f27,28.933292099473064,-103.35872878555274,3,config_3
86f5,28.936850205971126,-101.34310583455695,10,config_3
86f7,30.400162337945318,-101.34310583455695,29,config_3
86f9,31.84730436225948,-101.34310583455695,21,config_3
86fb,31.707254188342684,-102.80547525792774,34,config_3
86fd,33.13265357551238,-102.80547525792774,36,config_3
86ff,33.27599859636511,-101.34310583455695,122,config_3
8721,33.97665363685664,-107.29028389464884,188,config_3
872204,34.846246578644894,-106.62913035392717,10,config_3
872209,34.981537677748776,-106.58197892714489,9,config_3
87220b,35.06722860797057,-106.58197892714489,24,config_3
87220d,35.0539837237011,-106.67629204160652,142,config_3
87220f,34.96830717635516,-106.67629204160652,45,config_3
872214,34.99114394854021,-106.81783770824106,14,config_3
87221c,34.819663616385284,-106.81783770824106,49,config_3
87223,34.86490572500623,-107.10119308682007,30,config_3
87225,35.207004810685156,-107.10119308682007,2,config_3
872264,35.33307355223786,-106.81783770824106,4,config_3
87226c,35.162281673434464,-106.81783770824106,27,config_3
872274,35.188980569205135,-106.62913035392717,176,config_3
87227c,35.359828813793214,-106.62913035392717,14,config_3
8722c,35.7449475871579,-106.91225102614887,74,config_3
87234,35.63334655030604,-107.66888695938226,35,config_3
87239,35.09475567938631,-107.8583867896444,143,config_3
8723b,35.15154820689286,-107.47951725467925,61,config_3
8723d,34.809689335356424,-107.47951725467925,5,config_3
8723f,34.7531441277272,-107.8583867896444,42,config_3
87244,34.83661551454136,-108.42760468979141,54,config_3
8724c,35.51636026706173,-108.42760468979141,92,config_3
87254,35.39399076379331,-109.18800474020169,39,config_3
8725c,34.715284394145534,-109.18800474020169,49,config_3
8727,33.74786648533911,-108.80761947009503,93,config_3
873a4,36.73477252185684,-109.18800474020169,88,config_3
873ac,36.06721734694656,-109.18800474020169,14,config_3
873b4,36.19054884940218,-108.42760468979141,51,config_3
873bc,36.85899053287267,-108.42760468979141,153,config_3
873c4,36.97772057880847,-107.66888695938226,57,config_3
873cc,36.308443175380226,-107.66888695938226,31,config_3
873d4,36.42089984060606,-106.91225102614887,97,config_3
873dc,37.09096374335165,-106.91225102614887,123,config_3
8701,34.68416115174411,-101.34310583455695,133,config_3
87024,34.22684746365561,-102.43805808577758,4,config_3
8702c4,34.226411649394365,-103.26634785926352,5,config_3
8702dd,34.36241250687153,-103.22018279623359,122,config_3
8702de4,34.43034067781355,-103.1971066538153,161,config_3
8702dec,34.42528414705752,-103.24326320176718,87,config_3
8702df4,34.46885760475188,-103.24326320176718,6,config_3
8702dfc,34.47391710430892,-103.1971066538153,13,config_3
8702f,34.343782545790944,-102.9896150485228,104,config_3
87034,34.845982406002406,-103.17403478565704,85,config_3
8703c,34.92446954871148,-102.43805808577758,3,config_3
8705,35.921155923343846,-102.80547525792774,20,config_3
8707,36.06991069362731,-101.34310583455695,19,config_3
8709,37.431573424045425,-101.34310583455695,199,config_3
870a4,38.470949065435285,-100.98070031132626,22,config_3
870ac,39.132570252977715,-100.98070031132626,166,config_3
870b4,39.06127419492094,-101.70682943311247,112,config_3
870bc,38.40001605776872,-101.70682943311247,7,config_3
870d,38.61504389066563,-102.80547525792774,10,config_3
870f,37.280690496116634,-102.80547525792774,9,config_3
8711,37.10889915590756,-104.2861115827901,109,config_3
87164,37.198730971474454,-106.15809365922375,34,config_3
87171,36.77304966069307,-105.59433880659961,13,config_3
87173,36.82259813646065,-105.21948079223417,3,config_3
87175,36.485245148115986,-105.21948079223417,31,config_3
87177,36.435871831642885,-105.59433880659961,158,config_3
8717c,36.52792822385739,-106.15809365922375,107,config_3
87181,35.99480537681307,-106.34637906744265,86,config_3
871824,36.11857916470452,-106.06401788566258,59,config_3
87182c,36.14420314409097,-105.87600401452671,73,config_3
871834,35.97457335763054,-105.87600401452671,1,config_3
87183c,35.9489983501422,-106.06401788566258,106,config_3
871844,35.77905507079722,-106.06401788566258,23,config_3
87184c,35.804580102292995,-105.87600401452671,64,config_3
871851,35.67050801303144,-105.92299003479476,181,config_3
871855,35.59789525527132,-105.82902978439431,1,config_3
871857,35.585247982808376,-105.92299003479476,47,config_3
87185c,35.6087523611413,-106.06401788566258,104,config_3
87187,35.655072482762144,-106.34637906744265,118,config_3
87189,35.313914204681836,-106.34637906744265,161,config_3
8718b,34.971355628787144,-106.34637906744265,36,config_3
8718d,35.02259244971104,-105.96998775016152,14,config_3
8718f,35.36537049228529,-105.96998775016152,159,config_3
87191,35.4154978402409,-105.59433880659961,29,config_3
87193,35.072507055688185,-105.59433880659961,55,config_3
87195,35.1211025928096,-105.21948079223417,57,config_3
87197,35.4642994905847,-105.21948079223417,60,config_3
8719c,35.95203495587482,-105.4068079114331,84,config_3
871b,35.751832590170785,-104.2861115827901,118,config_3
871c4,34.67365469013606,-104.65878213755632,77,config_3
871cc,34.76239448311456,-103.91439904540992,150,config_3
871d4,34.06627961898421,-103.91439904540992,1,config_3
871dc,33.97837437463926,-104.65878213755632,50,config_3
871f,34.184493033741475,-105.78206743935718,81,config_3
87a04,39.19874377148038,-100.26001249402657,61,config_3
87a0c,38.53678925738163,-100.26001249402657,28,config_3
87a14,38.597626198765326,-99.54509739864785,89,config_3
87a1c,39.25988557805692,-99.54509739864785,58,config_3
87a24,39.31609316655254,-98.83627550306029,50,config_3
87a2c,39.36747025008236,-98.13385582671398,24,config_3
87a34,38.70468170309181,-98.13385582671398,98,config_3
87a3c,38.653556166632896,-98.83627550306029,83,config_3
87a44,37.98425851730306,-98.83627550306029,90,config_3
87a49,38.19083888191821,-98.30884408222222,98,config_3
87a4a4,38.293018673321384,-98.04651845312563,30,config_3
87a4ac,38.30487589390091,-97.87216004899976,37,config_3
87a4b4,38.137035624658814,-97.87216004899976,99,config_3
87a4bc,38.12519515900761,-98.04651845312563,60,config_3
87a4c4,37.95695529060391,-98.04651845312563,127,config_3
87a4cc,37.96877855184628,-97.87216004899976,118,config_3
87a4f,37.854413086928595,-98.30884408222222,57,config_3
87a54,37.35888560713079,-98.13385582671398,103,config_3
87a5c,37.30835482078843,-98.83627550306029,104,config_3
87a64,37.25308031593278,-99.54509739864785,57,config_3
87a6c,37.92863935472173,-99.54509739864785,119,config_3
87a74,37.868143358061836,-100.26001249402657,109,config_3
87a7c,37.1929620617629,-100.26001249402657,8,config_3
87a9,36.198654568532326,-99.90181306343518,7,config_3
87ab,34.810762202165584,-99.90181306343518,122,config_3
87ad,34.918372610667284,-98.48424653420417,121,config_3
87af,36.30806451520898,-98.48424653420417,32,config_3
87b01,36.88214109141718,-97.61142171393448,13,config_3
87b03,36.539087276995375,-97.61142171393448,28,config_3
87b05,36.56070692292222,-97.26528581122331,141,config_3
87b07,36.90383785222499,-97.26528581122331,149,config_3
87b0c,36.76286894750185,-96.74939926474936,135,config_3
87b11,36.236435129017984,-96.92091345144947,177,config_3
87b13,36.25576816987602,-96.57833866136845,38,config_3
87b15,35.909367123506016,-96.57833866136845,55,config_3
87b17,35.89010922788603,-96.92091345144947,33,config_3
87b19,35.869759886484964,-97.26528581122331,156,config_3
87b1b,36.21600621244862,-97.26528581122331,168,config_3
87b1f,35.84830491897991,-97.61142171393448,34,config_3
87b204,35.58216502503628,-97.69822718000074,22,config_3
87b20c,35.407962059488796,-97.69822718000074,14,config_3
87b214,35.41891182020425,-97.52472429686226,159,config_3
87b21c,35.593137736531446,-97.52472429686226,136,config_3
87b23,35.52199295394299,-97.26528581122331,107,config_3
87b25,35.172731267351544,-97.26528581122331,160,config_3
87b264,35.069349151325305,-97.52472429686226,7,config_3
87b26c,35.24431451219599,-97.52472429686226,175,config_3
87b274,35.23338815738723,-97.69822718000074,1,config_3
87b27c,35.05844665881247,-97.69822718000074,20,config_3
87b29,34.80082004331816,-97.61142171393448,87,config_3
87b2b,34.44874807994539,-97.61142171393448,32,config_3
87b2c4,34.552832760721586,-97.35165580142355,32,config_3
87b2cc,34.3764046028416,-97.35165580142355,21,config_3
87b2d4,34.38666145093744,-97.17902604633225,186,config_3
87b2dc,34.56311396348467,-97.17902604633225,194,config_3
87b2e4,34.739211416344965,-97.17902604633225,194,config_3
87b2ec,34.72890629670785,-97.35165580142355,96,config_3
87b2f4,34.904621663130136,-97.35165580142355,73,config_3
87b2fc,34.91495026282538,-97.17902604633225,14,config_3
87b304,34.925006651551605,-97.00683933476365,33,config_3
87b30c,34.934792571831565,-96.83509992015557,53,config_3
87b314,34.75900868161026,-96.83509992015557,89,config_3
87b31c,34.749244965705444,-97.00683933476365,41,config_3
87b324,34.573124248068645,-97.00683933476365,113,config_3
87b32c,34.39664804437829,-97.00683933476365,76,config_3
87b334,34.40636610838678,-96.83509992015557,52,config_3
87b33c,34.58286534552771,-96.83509992015557,51,config_3
87b344,34.59233900552037,-96.6638120059594,76,config_3
87b34c,34.415817386806644,-96.6638120059594,72,config_3
87b354,34.425003641641766,-96.49297974540691,127,config_3
87b35c,34.601546995848096,-96.49297974540691,98,config_3
87b364,34.77773365280684,-96.49297974540691,58,config_3
87b369,34.72682747949404,-96.62106106216318,147,config_3
87b36b,34.72214906475616,-96.70659142835461,77,config_3
87b36d,34.810139341943646,-96.70659142835461,147,config_3
87b36f,34.81482312188348,-96.62106106216318,73,config_3
87b374,34.94430978475526,-96.6638120059594,139,config_3
87b37c,34.95356006951812,-96.49297974540691,1,config_3
87b384,35.12902275567145,-96.49297974540691,1,config_3
87b38c,35.304118273725166,-96.49297974540691,26,config_3
87b394,35.294827257060895,-96.6638120059594,116,config_3
87b39c,35.119751910132294,-96.6638120059594,69,config_3
87b3b,35.19291140982009,-96.92091345144947,92,config_3
87b3d,35.5422593775057,-96.92091345144947,33,config_3
87b3f,35.56143896328144,-96.57833866136845,28,config_3
87b44,35.413617182429356,-96.06791937864303,149,config_3
87b4a4,34.610491101993766,-96.32260724129291,56,config_3
87b4ac,34.43392665259486,-96.32260724129291,85,config_3
87b4b4,34.44258821660642,-96.15269854577356,160,config_3
87b4bc,34.61917312666029,-96.15269854577356,14,config_3
87b4d,34.54344605812911,-95.8987138825821,82,config_3
87b4f,34.89595805380332,-95.8987138825821,66,config_3
87b54,34.74324838778567,-95.39395513481692,193,config_3
87b59,35.27787142623932,-95.22666753958994,1,config_3
87b5a4,35.17913158642652,-95.47778111042308,68,config_3
87b5ac,35.17142754945675,-95.64579506896482,72,config_3
87b5b4,35.346615095569945,-95.64579506896482,82,config_3
87b5bc,35.35433581072388,-95.47778111042308,9,config_3
87b5d,35.61260193094442,-95.56172791278979,151,config_3
87b5f,35.62758073035127,-95.22666753958994,54,config_3
87b61,35.975777742252816,-95.22666753958994,146,config_3
87b63,36.32243671814948,-95.22666753958994,111,config_3
87b65,36.30733894942599,-95.56172791278979,108,config_3
87b67,35.96073822084735,-95.56172791278979,181,config_3
87b68c,36.03556554667645,-95.81428853484881,112,config_3
87b691,35.98598510232307,-95.94097099813557,40,config_3
87b693,36.072714299369316,-95.94097099813557,68,config_3
87b695,36.068494358466836,-96.02557380749096,92,config_3
87b697,35.98176929689398,-96.02557380749096,58,config_3
87b69c,35.85361489546882,-95.98325766018019,4,config_3
87b6b,35.92754804505331,-96.23759466618242,116,config_3
87b6d,36.27401988976557,-96.23759466618242,13,config_3
87b6e4,36.37339615816689,-95.98325766018019,73,config_3
87b6e9,36.241655079894315,-96.02557380749096,16,config_3
87b6eb,36.155123082661355,-96.02557380749096,66,config_3
87b6ed,36.15934711583187,-95.94097099813557,117,config_3
87b6ef,36.24588316220079,-95.94097099813557,55,config_3
87b6f4,36.2088431135458,-95.81428853484881,170,config_3
87b6fc,36.38173257575033,-95.81428853484881,4,config_3
87b74,36.79957740094139,-96.06791937864303,190,config_3
87b79,36.99583493917285,-95.56172791278979,72,config_3
87b7b,36.652379208234066,-95.56172791278979,31,config_3
87b7d,36.667532766461996,-95.22666753958994,117,config_3
87b7f,37.01104184713288,-95.22666753958994,58,config_3
87b804,37.271267891664316,-95.1432068497593,49,config_3
87b80c,37.44181688545928,-95.1432068497593,6,config_3
87b814,37.4344411403081,-95.31025045570311,74,config_3
87b81c,37.263904144041916,-95.31025045570311,90,config_3
87b83,37.337682933015344,-95.56172791278979,160,config_3
87b85,37.67790082712856,-95.56172791278979,181,config_3
87b87,37.69320719300512,-95.22666753958994,65,config_3
87b884,37.950995303662964,-95.1432068497593,71,config_3
87b88c,37.94358529627722,-95.31025045570311,48,config_3
87b894,38.11246895309677,-95.31025045570311,71,config_3
87b89c,38.11988980883777,-95.1432068497593,39,config_3
87b8b,38.36875738811565,-95.22666753958994,146,config_3
87b8d,38.35336107952697,-95.56172791278979,29,config_3
87b8f,38.016467102418936,-95.56172791278979,55,config_3
87b91,38.00006050543444,-95.8987138825821,51,config_3
87b93,38.33690757539888,-95.8987138825821,35,config_3
87b95,38.319381104541016,-96.23759466618242,110,config_3
87b97,37.98258412232734,-96.23759466618242,5,config_3
87b9c,37.48310144664223,-96.06791937864303,79,config_3
87ba4,37.44614510974571,-96.74939926474936,47,config_3
87ba9,37.24537567669818,-97.26528581122331,190,config_3
87bab,37.22360524896747,-97.61142171393448,1,config_3
87bad,37.56345723784455,-97.61142171393448,28,config_3
87bae4,37.66466530634052,-97.35165580142355,109,config_3
87baec,37.49512023125898,-97.35165580142355,23,config_3
87baf4,37.50574945105736,-97.17902604633225,3,config_3
87bafc,37.67531119536496,-97.17902604633225,84,config_3
87bb1,37.92358291380899,-97.26528581122331,82,config_3
87bb3,37.90167538198623,-97.61142171393448,123,config_3
87bb5,38.23823883760223,-97.61142171393448,88,config_3
87bb7,38.26020986732079,-97.26528581122331,84,config_3
87bb9,38.28104739236964,-96.92091345144947,61,config_3
87bbb,37.94436039902519,-96.92091345144947,40,config_3
87bbd,37.96402248946025,-96.57833866136845,53,config_3
87bbf,38.300766135722085,-96.57833866136845,105,config_3
87bc1,38.635825608716864,-96.57833866136845,53,config_3
87bc24,38.89078222964544,-96.49297974540691,78,config_3
87bc2c,39.057037268418675,-96.49297974540691,69,config_3
87bc34,39.047398451506076,-96.6638120059594,125,config_3
87bc3c,38.881155357981044,-96.6638120059594,16,config_3
87bc5,38.949358692902884,-96.92091345144947,58,config_3
87bc7,38.616053199210654,-96.92091345144947,38,config_3
87bcc,38.75111115735907,-97.43813547748366,102,config_3
87bd4,39.41412630334877,-97.43813547748366,94,config_3
87bd9,39.61079632814842,-96.92091345144947,157,config_3
87bdb,39.280945566843414,-96.92091345144947,97,config_3
87bdc4,39.37858846317301,-96.6638120059594,17,config_3
87bdcc,39.21321021438528,-96.6638120059594,185,config_3
87bdd4,39.22286062219928,-96.49297974540691,127,config_3
87bddc,39.388250109529636,-96.49297974540691,41,config_3
87bdf,39.63071212618312,-96.57833866136845,18,config_3
87be4,39.49373923043933,-96.06791937864303,190,config_3
87be84,39.06639938139798,-96.32260724129291,51,config_3
87be8c,39.07548671851177,-96.15269854577356,37,config_3
87be94,38.909208867991225,-96.15269854577356,57,config_3
87be9c,38.90013275827642,-96.32260724129291,57,config_3
87beb,38.65449109341921,-96.23759466618242,99,config_3
87bed,38.672064996428546,-95.8987138825821,38,config_3
87bef,39.00551372862383,-95.8987138825821,81,config_3
87bf04,39.10111959213894,-95.64579506896482,91,config_3
87bf0c,39.109127418995335,-95.47778111042308,67,config_3
87bf14,38.94280815076366,-95.47778111042308,65,config_3
87bf1c,38.93481016221407,-95.64579506896482,76,config_3
87bf3,38.688562914297606,-95.56172791278979,11,config_3
87bf5,38.70400068234026,-95.22666753958994,163,config_3
87bf64,38.95801243914644,-95.1432068497593,166,config_3
87bf69,38.91078350495252,-95.26844374824067,67,config_3
87bf6b,38.90698377924388,-95.35208760396613,45,config_3
87bf6d,38.990255065831136,-95.35208760396613,79,config_3
87bf6f,38.994057159887085,-95.26844374824067,95,config_3
87bf74,39.11687034071522,-95.31025045570311,43,config_3
87bf7c,39.12435037432493,-95.1432068497593,7,config_3
87bf9,39.369328708003344,-95.22666753958994,26,config_3
87bfb,39.35381492420033,-95.56172791278979,11,config_3
87bfd,39.68382953668838,-95.56172791278979,184,config_3
87bff,39.69937792760342,-95.22666753958994,124,config_3
86404,28.938192472482168,-95.39395513481692,43,config_3
86409,29.501123243302253,-95.22666753958994,91,config_3
8640a4,29.781769536782075,-95.1432068497593,36,config_3
8640ac,29.966398359236102,-95.1432068497593,21,config_3
8640b4,29.959786529660697,-95.31025045570311,32,config_3
8640bc,29.775182517777935,-95.31025045570311,117,config_3
8640c4,29.76836455636092,-95.47778111042308,115,config_3
8640cc,29.95294287747097,-95.47778111042308,35,config_3
8640d4,29.945865677209675,-95.64579506896482,21,config_3
8640dc,29.761313934618144,-95.64579506896482,31,config_3
8640f,29.487565156761832,-95.56172791278979,138,config_3
86414,29.65032632959495,-96.06791937864303,132,config_3
8641c,28.909559669047898,-96.06791937864303,31,config_3
8643,29.229990216591975,-97.09287704309902,140,config_3
86444,30.353859258393445,-96.74939926474936,81,config_3
86449,30.14258310143638,-97.26528581122331,47,config_3
8644a4,30.03607884049197,-97.52472429686226,16,config_3
8644ac,30.026032896758466,-97.69822718000074,55,config_3
8644b1,30.166350280171464,-97.65481097525692,46,config_3
8644b3,30.161249525253425,-97.74167025909962,43,config_3
8644b44,30.23136342440552,-97.71994536457991,27,config_3
8644b4c,30.228793520243528,-97.76340185489671,23,config_3
8644b54,30.274659844858633,-97.76340185489671,193,config_3
8644b5c,30.277232077441795,-97.71994536457991,72,config_3
8644b7,30.258126250646576,-97.65481097525692,58,config_3
8644bc,30.219784329452057,-97.52472429686226,47,config_3
8644c4,30.403236040720408,-97.52472429686226,53,config_3
8644c9,30.34983856547093,-97.65481097525692,37,config_3
8644cb,30.344719302401725,-97.74167025909962,125,config_3
8644cd,30.436358203188615,-97.74167025909962,52,config_3
8644cf,30.44148663205798,-97.65481097525692,46,config_3
8644d4,30.576274015881204,-97.69822718000074,106,config_3
8644dc,30.586429233124328,-97.52472429686226,27,config_3
8644f,30.50959108146923,-97.26528581122331,45,config_3
86454,31.048274789305523,-97.43813547748366,130,config_3
8645c,31.086161312239916,-96.74939926474936,50,config_3
86464,31.120018546616496,-96.06791937864303,65,config_3
8646c,30.38724914064403,-96.06791937864303,78,config_3
86474,30.416772049483072,-95.39395513481692,119,config_3
8647c,31.149953835575754,-95.39395513481692,14,config_3
86484,31.87866254966999,-95.39395513481692,10,config_3
8648c,31.848336807299006,-96.06791937864303,162,config_3
86494,32.571918438309666,-96.06791937864303,65,config_3
8649c,32.602612671349874,-95.39395513481692,77,config_3
864a4,33.321531368043786,-95.39395513481692,30,config_3
864ac,34.035158804423595,-95.39395513481692,10,config_3
864b1,33.83417706448965,-95.8987138825821,1,config_3
864b3,34.18950934049419,-95.8987138825821,74,config_3
864b44,34.08836047863795,-96.15269854577356,13,config_3
864b4c,34.26564945174071,-96.15269854577356,83,config_3
864b54,34.25700871940796,-96.32260724129291,30,config_3
864b5c,34.07974094975244,-96.32260724129291,162,config_3
864b7,33.817517252567114,-96.23759466618242,49,config_3
864bc,33.29049058697478,-96.06791937864303,29,config_3
864c04,33.00025816692411,-96.49297974540691,51,config_3
864c0c,33.179521266031784,-96.49297974540691,3,config_3
864c14,33.170498212465176,-96.6638120059594,47,config_3
864c1c,32.99126001417063,-96.6638120059594,101,config_3
864c24,32.98200241282274,-96.83509992015557,144,config_3
864c2c,32.97248364964949,-97.00683933476365,168,config_3
864c34,33.15166983045958,-97.00683933476365,73,config_3
864c3c,33.161214973793854,-96.83509992015557,75,config_3
864c5,33.42466297447948,-96.92091345144947,48,config_3
864c7,33.443305262701145,-96.57833866136845,35,config_3
864c9,33.79982448134698,-96.57833866136845,163,config_3
864ca4,34.07086127635621,-96.49297974540691,120,config_3
864cac,34.248107185783425,-96.49297974540691,154,config_3
864cb4,34.238943059758114,-96.6638120059594,177,config_3
864cbc,34.061719673240624,-96.6638120059594,58,config_3
864cc4,34.05231437246704,-96.83509992015557,96,config_3
864ccc,34.229514567477416,-96.83509992015557,154,config_3
864cd4,34.21981995280197,-97.00683933476365,115,config_3
864cdc,34.04264362382727,-97.00683933476365,33,config_3
864cf,33.78108454237463,-96.92091345144947,14,config_3
864d1,33.761283507536376,-97.26528581122331,134,config_3
864d24,34.03270569530416,-97.17902604633225,113,config_3
864d29,34.168116280467956,-97.13593766610796,145,config_3
864d2b,34.256608580008184,-97.13593766610796,37,config_3
864d2d,34.251557003963036,-97.22214211701957,40,config_3
864d2f,34.16307087236159,-97.22214211701957,54,config_3
864d34,34.19962542305069,-97.35165580142355,81,config_3
864d3c,34.02249887353197,-97.35165580142355,20,config_3
864d5,34.095267570885966,-97.61142171393448,77,config_3
864d9,33.38419865667327,-97.61142171393448,8,config_3
864db,33.40496528400982,-97.26528581122331,58,config_3
864dc4,33.131787043268204,-97.35165580142355,2,config_3
864dcc,33.1418610811523,-97.17902604633225,101,config_3
864dd4,32.96270202967597,-97.17902604633225,85,config_3
864ddc,32.952655876640875,-97.35165580142355,89,config_3
864df,33.026671193038524,-97.61142171393448,46,config_3
864e1,32.66785705573455,-97.61142171393448,69,config_3
864e3,32.30778876008412,-97.61142171393448,3,config_3
864e5,32.328206146256456,-97.26528581122331,19,config_3
864e64,32.60342559297486,-97.17902604633225,39,config_3
864e6c,32.59343654138261,-97.35165580142355,42,config_3
864e74,32.77320435468398,-97.35165580142355,142,config_3
864e7c,32.783222179069526,-97.17902604633225,134,config_3
864e84,32.79297623745491,-97.00683933476365,195,config_3
864e8c,32.61315165717936,-97.00683933476365,82,config_3
864e94,32.62261639738445,-96.83509992015557,112,config_3
864e99,32.75986543709132,-96.7922354503473,98,config_3
864e9b,32.7551880257996,-96.87799260898478,41,config_3
864e9d,32.84503150838342,-96.87799260898478,37,config_3
864e9f,32.8497155772872,-96.7922354503473,36,config_3
864ea1,32.8543346029607,-96.70659142835461,111,config_3
864ea3,32.76447789994794,-96.70659142835461,41,config_3
864ea5,32.7690256275286,-96.62106106216318,39,config_3
864ea7,32.858888798964614,-96.62106106216318,28,config_3
864eac,32.82067260831222,-96.49297974540691,49,config_3
864eb4,32.64076865251589,-96.49297974540691,6,config_3
864ebc,32.63182149570298,-96.6638120059594,24,config_3
864ed,32.36590279494162,-96.57833866136845,26,config_3
864ef,32.347573082143434,-96.92091345144947,53,config_3
864f4,31.81403698736281,-96.74939926474936,69,config_3
864fc,31.77565397841012,-97.43813547748366,105,config_3
86504,31.733083289609205,-98.13385582671398,77,config_3
8650c,31.68622551393247,-98.83627550306029,25,config_3
86514,32.40782332145301,-98.83627550306029,52,config_3
8651c,32.455256936248034,-98.13385582671398,80,config_3
8653,33.50564014439569,-98.48424653420417,49,config_3
8655,33.400118050344666,-99.90181306343518,55,config_3
8657,31.96859879163716,-99.90181306343518,149,config_3
8659,30.518286860745835,-99.90181306343518,76,config_3
865a4,30.960008052009997,-98.83627550306029,20,config_3
865ac,31.006256252046203,-98.13385582671398,142,config_3
865b1,30.44720709035921,-98.30884408222222,123,config_3
865b24,30.555187146256856,-98.04651845312563,12,config_3
865b2c,30.56586048991763,-97.87216004899976,39,config_3
865b31,30.42590766866006,-97.91570993103981,64,config_3
865b33,30.431165278042197,-97.82863676314237,35,config_3
865b35,30.339535661310975,-97.82863676314237,82,config_3
865b37,30.334287454687797,-97.91570993103981,46,config_3
865b3c,30.37210465465863,-98.04651845312563,76,config_3
865b44,30.188765074951853,-98.04651845312563,43,config_3
865b49,30.242603171254085,-97.91570993103981,36,config_3
865b4b,30.247841914798993,-97.82863676314237,127,config_3
865b4d,30.156084631003004,-97.82863676314237,27,config_3
865b4f,30.15085541080973,-97.91570993103981,23,config_3
865b54,30.015731494442146,-97.87216004899976,26,config_3
865b5c,30.005173146136972,-98.04651845312563,39,config_3
865b7,30.080647732549952,-98.30884408222222,69,config_3
865bc,30.229456183789885,-98.83627550306029,132,config_3
865c1,29.666946439306688,-99.0128926396605,9,config_3
865c3,29.29878707488194,-99.0128926396605,2,config_3
865c5,29.322201707693324,-98.66005856336714,148,config_3
865c64,29.604269423593927,-98.57210164219819,195,config_3
865c6c,29.592755976780314,-98.74811671290261,16,config_3
865c74,29.776668968125207,-98.74811671290261,21,config_3
865c7c,29.78822624920605,-98.57210164219819,61,config_3
865c84,29.79952185716575,-98.39649382124541,68,config_3
865c8c,29.615522218521853,-98.39649382124541,154,config_3
865c94,29.626515748431625,-98.22129789306325,41,config_3
865c9c,29.81055718612046,-98.22129789306325,47,config_3
865cb,29.73460420400754,-97.95928633924419,125,config_3
865cd,29.365924716786814,-97.95928633924419,3,config_3
865cf,29.34457725298882,-98.30884408222222,186,config_3
865d4,28.800767770339537,-98.13385582671398,64,config_3
865dc,28.756549512130285,-98.83627550306029,2,config_3
865f,29.05146194995472,-99.90181306343518,53,config_3
87c04,39.55590521591865,-94.72775278355441,195,config_3
87c084,39.131569550084656,-94.97665398592595,41,config_3
87c08c,39.13852991103739,-94.81059550583717,105,config_3
87c091,39.012089709970745,-94.85206358017719,26,config_3
87c093,39.01550242118734,-94.76915855510096,90,config_3
87c095,38.93221543531459,-94.76915855510096,55,config_3
87c097,38.928804842409484,-94.85206358017719,41,config_3
87c09c,38.9652227788756,-94.97665398592595,54,config_3
87c0b,38.718394360024426,-94.8935627223328,113,config_3
87c0d,38.73176021645834,-94.56244259389422,86,config_3
87c0e4,38.985311088833,-94.47997600454927,17,config_3
87c0ec,38.97887004598183,-94.64503499936119,194,config_3
87c0f4,39.145233512559905,-94.64503499936119,37,config_3
87c74,38.22161677122893,-94.72775278355441,169,config_3
87c79,37.70747861662477,-94.8935627223328,40,config_3
87c7b,37.72073117452561,-94.56244259389422,66,config_3
87c7d,37.38037773016189,-94.56244259389422,102,config_3
87c7f,37.36716703331267,-94.8935627223328,163,config_3
87c81,37.025220711432596,-94.8935627223328,146,config_3
87c83,36.68166197441016,-94.8935627223328,123,config_3
87c85,36.694782694296634,-94.56244259389422,1,config_3
87c87,37.03838746816187,-94.56244259389422,113,config_3
87c9c,36.1699997127124,-94.72775278355441,101,config_3
87cb,35.135299661123526,-94.39763566548027,167,config_3
8744,39.85287102346122,-108.04801051576172,26,config_3
8750c,41.71741118002093,-109.94968595355701,142,config_3
87511,41.45933719640506,-110.52154591598968,46,config_3
87513,41.765680580679,-110.52154591598968,102,config_3
87515,41.69403755436612,-110.90297701885287,48,config_3
87517,41.38778608275918,-110.90297701885287,41,config_3
8751c,40.96114957773461,-110.71224653410287,76,config_3
8753,41.04899972624418,-111.85685855297612,18,config_3
8755,42.26633781364549,-111.85685855297612,186,config_3
87564,42.78870569972412,-110.71224653410287,85,config_3
8756c,42.18631392467769,-110.71224653410287,76,config_3
87574,42.32694304658701,-109.94968595355701,150,config_3
87579,42.813872317928414,-109.75916751331724,60,config_3
8757b,42.74491601088889,-110.14025935225098,20,config_3
8757c4,42.98713588961745,-110.04496617551588,105,config_3
8757cc,42.95227305203354,-110.23556469908166,6,config_3
8757d4,43.10161337402913,-110.23556469908166,106,config_3
8757f,43.113486248182625,-109.75916751331724,2,config_3
87584,43.06463713502707,-109.18800474020169,163,config_3
8758c,43.19385159070138,-108.42760468979141,166,config_3
87594,42.59077151379867,-108.42760468979141,133,config_3
8759c,42.461763519206436,-109.18800474020169,127,config_3
875b,41.609458877349844,-108.80761947009503,175,config_3
875c4,42.10363847689278,-107.66888695938226,110,config_3
875cc,41.486309857265994,-107.66888695938226,83,config_3
875d1,41.729570671219,-107.10119308682007,118,config_3
875d5,41.47604079843073,-106.72346389403498,37,config_3
875d7,41.786629425885295,-106.72346389403498,124,config_3
875dc,42.22082758211599,-106.91225102614887,8,config_3
875f,43.075967807441266,-107.29028389464884,167,config_3
54a01,46.69627491445258,-116.50323898101068,6,config_3
54a03,46.589334514931885,-116.9288941802327,145,config_3
54a05,46.32581841451287,-116.66237797182485,82,config_3
54a07,46.43085090249642,-116.23966227141241,50,config_3
54a0c,45.98302290415068,-116.06060021784302,143,config_3
54a14,45.775177155762165,-116.8955248936224,41,config_3
54a1c,46.29527448275069,-117.4295907902205,2,config_3
54a24,46.07297628255483,-118.27174051612829,3,config_3
54a2c,45.84394914604468,-119.10917615591471,164,config_3
54a34,45.339491874084075,-118.55369269471477,78,config_3
54a3c,45.56062679935791,-117.726706078548,12,config_3
54a44,45.050494706892984,-117.19644018068523,53,config_3
54a4c,44.837013874938236,-118.01296514374329,110,config_3
54a54,44.336783427883056,-117.48655817896223,71,config_3
54a5c,44.54284482942752,-116.68048912600881,2,config_3
54a61,44.56543239210673,-115.94901335178645,124,config_3
54a63,44.66284547336563,-115.5450082760695,3,config_3
54a65,44.920466949086425,-115.79263808119926,3,config_3
54a67,44.82128407340336,-116.19942189762433,144,config_3
54a6c,45.25753681141179,-116.37621034121527,170,config_3
54a74,45.45803113423271,-115.55271758733107,6,config_3
54a7c,44.93599317741806,-115.0590521692246,26,config_3
54a9,44.06820186927229,-114.7420407576597,109,config_3
54aa4,43.38993003734719,-113.65871795249885,79,config_3
54aac,42.881959002655655,-113.21735355100876,4,config_3
54ab4,42.71477799417127,-113.98489007121277,61,config_3
54abc,43.216529213874374,-114.43724694649585,70,config_3
54ad,42.69885754621541,-115.36623146951,141,config_3
54ae1,43.172297076078024,-116.5475669604974,5,config_3
54ae3,43.418201518967464,-116.79504946553985,62,config_3
54ae44,43.43020126567081,-116.43849927732597,178,config_3
54ae4c,43.553988777092684,-116.56210831712814,107,config_3
54ae504,43.538113473886874,-116.3926349994847,57,config_3
54ae50c,43.55029926273061,-116.34340634608819,58,config_3
54ae514,43.58135274158363,-116.3742194822958,18,config_3
54ae51c,43.56913981827311,-116.42348841755178,94,config_3
54ae53,43.62183072903165,-116.44520196070314,106,config_3
54ae55,43.64629129037289,-116.3465209995248,84,config_3
54ae57,43.58407973931449,-116.28491285183847,99,config_3
54ae59,43.52191496103096,-116.22351064564052,31,config_3
54ae5b,43.497671199389096,-116.3218685529208,149,config_3
54ae5d,43.43566136477981,-116.2605100925991,39,config_3
54ae7,43.26887526705082,-116.1568882675859,39,config_3
54ae9,43.36397951896133,-115.76555836928306,21,config_3
54aeb,43.457598816368254,-115.37362724179869,1,config_3
54aed,43.70864015870395,-115.61333025341708,1,config_3
54aee4,43.699861695178015,-115.97025344299091,1,config_3
54aeec,43.57477938366902,-115.84859171759476,1,config_3
54aef3,43.507789991660324,-115.96579689525605,7,config_3
54aef5,43.48384031657126,-116.0640755869524,54,config_3
54aef7,43.54606536259657,-116.12511046519369,175,config_3
54aef9,43.60833804405216,-116.1863503914616,108,config_3
54aefd,43.69493048084211,-116.14902826033067,49,config_3
54aeff,43.6706579357906,-116.24779616820398,103,config_3
54af01,43.73302460912809,-116.30944860057669,146,config_3
54af03,43.75740565327403,-116.21051742859326,46,config_3
54af05,43.819927614722054,-116.2722139696388,26,config_3
54af07,43.795437631833835,-116.3713084964399,4,config_3
54af0c,43.901482122522886,-116.41482493722731,1,config_3
54af14,43.95059996970525,-116.21605545863413,34,config_3
54af1c,43.825136369401086,-116.09273918114562,11,config_3
54af3,43.960478655095734,-115.85631062071721,24,config_3
54af44,44.12542228911408,-116.1405994092326,119,config_3
54af4c,44.174209594448776,-115.9408142833056,1,config_3
54af54,44.300920577240575,-116.06447455693295,114,config_3
54af5c,44.25169439857144,-116.26493143385534,3,config_3
54af9,44.01397463682888,-116.9016302143173,47,config_3
54afa9,43.77085298834612,-116.47035832982436,22,config_3
54afaa4,43.730255364968514,-116.39909420829296,53,config_3
54afaac,43.699101268560575,-116.3681552134179,53,config_3
54afab4,43.68685362850276,-116.41756749029383,44,config_3
54afabc,43.71798044037568,-116.44854700930688,55,config_3
54afad,43.68397956605207,-116.50717850296289,113,config_3
54afaf,43.74617387331362,-116.56936267169381,6,config_3
54afb4,43.677958139114224,-116.68654351587482,9,config_3
54afbc,43.80210586511096,-116.81181124413952,16,config_3
54afd,43.66481923761525,-117.04582710893777,115,config_3
54aff,43.9121221485457,-117.29995019941629,33,config_3
54b1,43.286983478669754,-117.90275086542516,114,config_3
54b3,42.32371150784166,-116.90117648392277,12,config_3
54b5,41.92631344421631,-118.42497867514854,20,config_3
54b7,42.861082475112525,-119.46311424385001,71,config_3
54b84,43.4519711572171,-120.67019682978226,10,config_3
54b89,43.74393077390025,-121.28950595634689,160,config_3
54b8a4,43.88894639422549,-121.60311755151828,38,config_3
54b8ac,44.00576832158383,-121.7473767309188,66,config_3
54b8b4,44.06709118532772,-121.54827895114285,28,config_3
54b8bc,43.94976089325351,-121.40452574100416,91,config_3
54b8d,44.09934592924397,-121.17733902682762,161,config_3
54b8f,43.86333573334066,-120.89314699265624,7,config_3
54b94,44.15919725763274,-120.43610234087129,23,config_3
54b9c,43.681998271763,-119.8811683842587,5,config_3
54bb,44.26030792215236,-118.95750915810693,50,config_3
54bc4,44.87800633320671,-120.19335589390107,52,config_3
54bcc,45.11190409095233,-119.37604906596664,29,config_3
54bd4,45.60833675325731,-119.94145552825202,21,config_3
54bdc,45.3662941867252,-120.76815465198709,132,config_3
54be04,45.39329735054384,-121.50331599608923,40,config_3
54be0c,45.2723000695891,-121.35542178452505,2,config_3
54be14,45.20957414141204,-121.56048522539979,32,config_3
54be1c,45.330043260422165,-121.7089190426352,197,config_3
54be3,45.17459891222707,-121.9418257184675,54,config_3
54be5,44.93536396856177,-121.64523757408546,23,config_3
54be7,45.0600050993649,-121.23751208073057,65,config_3
54be9,44.818946678387455,-120.94677161769565,29,config_3
54bec4,44.54772814945636,-121.0342291039815,10,config_3
54becc,44.42820438947417,-120.89078494923992,1,config_3
54bed4,44.36782743819609,-121.09186627704061,164,config_3
54bedc,44.48684147839869,-121.23584463851584,34,config_3
54bef,44.696381106557254,-121.35234908523014,87,config_3
54bf1,44.57232189083365,-121.75641122727569,65,config_3
54bf3,44.33568617122157,-121.46507887898873,148,config_3
54bf5,44.21222518863602,-121.86554818356971,88,config_3
54bf7,44.446791045051484,-122.15891235758095,45,config_3
54bf9,44.68158898096046,-122.4558963583206,23,config_3
54bfb,44.809217663388914,-122.05138088429021,41,config_3
54bfd,45.04633720700083,-122.35003276692846,9,config_3
54bfe4,45.00806881846334,-122.73069433115619,46,config_3
54bfec,44.890261439316056,-122.57969236762722,161,config_3
54bff4,44.825282755970896,-122.78227188590266,69,config_3
54bffc,44.94255395507608,-122.93376154653947,70,config_3
80a1,40.86722940883832,-117.92490017414548,97,config_3
80a3,39.658279661245274,-117.92490017414548,32,config_3
80a5,40.038474881049915,-116.41938900264319,23,config_3
80a7,41.25000439206775,-116.41938900264319,102,config_3
80a9,41.61118506144487,-114.90422082333554,75,config_3
80aa4,42.167236416956044,-113.76328281204688,11,config_3
80aac,42.33123152476634,-113.00119891646547,55,config_3
80ab04,41.8953419748843,-113.28708499366572,29,config_3
80ab0c,41.74459413879428,-113.28708499366572,28,config_3
80ab14,41.78515903047214,-113.09650644641742,16,config_3
80ab1c,41.935930514636944,-113.09650644641742,140,config_3
80ab3,41.92079389513552,-112.81055116837047,105,config_3
80abc,41.566133886728444,-113.76328281204688,99,config_3
80ad,40.7344342591377,-113.38235448459531,14,config_3
80af,40.39741775389783,-114.90422082333554,43,config_3
80b04,39.383416232289086,-115.28375849518459,104,config_3
80b0c,38.758295035199986,-115.28375849518459,24,config_3
80b14,38.930548641292546,-114.52426397902158,82,config_3
80b1c,39.55644952841721,-114.52426397902158,24,config_3
80b3,39.493031684625855,-113.38235448459531,144,config_3
80b5,38.22679706381197,-113.38235448459531,3,config_3
80b7,37.895659434305685,-114.90422082333554,22,config_3
80b84,37.31475810595445,-116.04138886338704,8,config_3
80b8c,37.13397701321393,-116.79678490847915,191,config_3
80b94,37.768731108453245,-116.79678490847915,45,config_3
80b9c,37.950583312102836,-116.04138886338704,4,config_3
80bb,38.80260971572387,-116.41938900264319,41,config_3
80bd,38.42574400799265,-117.92490017414548,199,config_3
80bf,37.17059355256716,-117.92490017414548,114,config_3
5341,47.6081209328702,-109.93728561808545,50,config_3
53424,47.65351126337343,-111.44301717141765,28,config_3
5342c,47.481276761957204,-112.30448605757401,20,config_3
53434,46.91835023497737,-111.84654522349557,196,config_3
5343c,47.08415078591966,-110.99934564920936,46,config_3
53444,46.51890610923327,-110.56942472236398,106,config_3
53449,46.5396314525358,-111.30316212239708,28,config_3
5344b,46.457316383078364,-111.72140746107145,80,config_3
5344d,46.17958547398556,-111.50112609689961,129,config_3
5344f,46.26035102248427,-111.08631189736317,21,config_3
53451,45.982127006492206,-110.87277697035258,3,config_3
53453,45.90288299949479,-111.28418870458758,31,config_3
534544,45.71573465928271,-111.02142186694202,160,config_3
53454c,45.6762548682559,-111.2258593850039,86,config_3
534554,45.53888648020386,-111.11942310460981,39,config_3
53455c,45.57799297673518,-110.91581999164879,21,config_3
534564,45.61668342136197,-110.71221939030369,63,config_3
53457c,45.65495752456863,-110.50862872188618,148,config_3
53459,45.78106342197356,-110.2544988332784,138,config_3
5345e4,45.9437994651992,-109.7949997138899,1,config_3
5345ec,45.90683904096344,-109.9993416663827,43,config_3
5345f4,45.76727959849308,-109.89799067750873,158,config_3
5345fc,45.80388638452273,-109.69451414463067,13,config_3
53464,46.10486449383929,-109.33378567288833,58,config_3
5346c,46.67153584037573,-109.73636874690597,78,config_3
53474,46.817190094865374,-108.90393196454495,4,config_3
5347c,46.2449765836059,-108.51579888145999,96,config_3
53481,45.852057891135786,-108.03107899657321,7,config_3
534864,45.69833573485889,-108.48806559450713,73,config_3
534874,45.873119057272795,-108.38046177986804,2,config_3
53487c,45.83934392631606,-108.5826544726477,171,config_3
53489,45.71761199107575,-108.83806091726274,174,config_3
5348b,45.64791918666102,-109.24206147666,98,config_3
5348d,45.36885332548963,-109.04826862184558,111,config_3
5348f,45.43721070367699,-108.64773389776887,37,config_3
53491,45.15806770461639,-108.46033915032993,198,config_3
53493,45.09102055971516,-108.85744368608202,112,config_3
53495,44.81444206242927,-108.66952762087914,12,config_3
53497,44.880203758081514,-108.27581774167025,151,config_3
5349c,45.11561412300014,-107.7753932197069,11,config_3
534b,44.22203080004959,-107.63420332078704,43,config_3
534c4,44.30328091094406,-108.97676224990714,52,config_3
534cc,43.76162394477291,-108.60793000999028,31,config_3
534d4,43.62982494100404,-109.37463511879474,173,config_3
534e1,44.53569670389852,-110.24746020934775,25,config_3
534e3,44.80687639921563,-110.44861442490169,91,config_3
534e5,44.880306045025534,-110.05052142848916,101,config_3
534e9,44.67821032974727,-109.45798551956415,17,config_3
534eb,44.74711129453357,-109.06360191080752,57,config_3
534ed,45.02237834009188,-109.25487977494312,106,config_3
534ef,44.95214021362089,-109.65259112266644,69,config_3
534f1,45.22727383777162,-109.85017224612612,13,config_3
534f3,45.29887454472666,-109.44910057722915,146,config_3
534f5,45.57657832873066,-109.64632342455187,81,config_3
534f7,45.503589218791454,-110.05078799863512,69,config_3
534f9,45.428952394313,-110.45539648460935,69,config_3
534fd,45.07920813491962,-110.65280479342698,95,config_3
534ff,45.35266913143647,-110.86009025888941,62,config_3
53501,45.27474144685075,-111.26481083117892,193,config_3
53503,45.0027456842012,-111.05425089997534,72,config_3
53504c,44.87678572021845,-111.30259159189339,39,config_3
535054,44.83752804818593,-111.50291308051217,90,config_3
53505c,44.972327359755774,-111.60941666193872,87,config_3
53507,45.19517209882935,-111.66949988682403,160,config_3
5350c,44.9385075001413,-112.1666649977326,3,config_3
53514,44.40413366339562,-111.73589954886808,16,config_3
5351b,44.655236451162985,-111.24506382405163,186,config_3
5351d,44.731852543856725,-110.84681391738626,170,config_3
5351f,44.462085196622716,-110.64244110500381,166,config_3
53521,44.19346587406413,-110.44107491308228,45,config_3
53523,44.11969707967996,-110.83299150068463,61,config_3
535244,43.93836478663635,-110.58415486203035,35,config_3
535254,43.76905001554944,-110.67854579391425,53,config_3
53525c,43.80544912008341,-110.48450587819806,193,config_3
53527,43.926015884860554,-110.24265899733818,42,config_3
5352c,43.49208631852569,-110.14249857303861,149,config_3
535304,43.600339692025685,-110.77215178454607,142,config_3
53530c,43.56353339447524,-110.96547600563683,10,config_3
535314,43.4322357226571,-110.8649826126495,93,config_3
53531c,43.46869661928329,-110.6724168474781,27,config_3
53533,43.25385298662833,-110.61987264900625,91,config_3
53535,43.18122061982219,-111.00279642978992,132,config_3
53537,43.44219913625805,-111.20459096007158,89,config_3
5353c,43.874042351540396,-111.31753030105163,16,config_3
53544,43.71873233420612,-112.09844346053298,119,config_3
5354c,43.19881473213263,-111.6800612155514,11,config_3
53554,43.043319215508525,-112.4489437696075,86,config_3
5355c,43.55734806961038,-112.87897889684928,20,config_3
5357,44.422004008217534,-113.14818896125877,33,config_3
5359,45.479660248961444,-114.07273505959277,73,config_3
535a4,45.476970823010845,-112.61029171846985,11,config_3
535a9,45.466729031217525,-111.88650148489289,33,config_3
535ab,45.54781570554807,-111.4785537412974,53,config_3
535ac4,45.732911281265736,-111.74360128047756,76,config_3
535acc,45.773611564052516,-111.53836509616596,1,config_3
535ad4,45.911127188881935,-111.64726471381914,91,config_3
535adc,45.87004033003394,-111.85333097829947,117,config_3
535af,45.739311714405055,-112.10677306696982,22,config_3
535b4,46.192767730397904,-112.23537293113796,113,config_3
535b9,46.199903513142566,-112.97497484951411,113,config_3
535bb,45.92697638402106,-112.74469034086334,77,config_3
535bd,45.839352125600676,-113.15871427592204,7,config_3
535bf,46.11062792023758,-113.3922326624365,33,config_3
535c1,46.382788903892994,-113.62925514478259,1,config_3
535c3,46.655804815422584,-113.86984678562656,120,config_3
535c5,46.74847086701016,-113.44605953251634,140,config_3
535c7,46.47374497328387,-113.20874269671974,120,config_3
535c9,46.562944529265025,-112.78783687631628,62,config_3
535cb,46.65038084153986,-112.36660089112056,158,config_3
535cd,46.928451133423884,-112.59720458667802,4,config_3
535cf,46.8393554037799,-113.0218240353096,63,config_3
535d04,47.02437216522746,-113.30639864952964,122,config_3
535d0c,47.163019608318486,-113.42652269567535,146,config_3
535d1c,47.07000459483866,-113.0929136613235,55,config_3
535d3,47.20743421479958,-112.83137902528665,13,config_3
535d74,47.30187606306706,-113.54756823461487,101,config_3
535d7c,47.44093742976075,-113.66954402695869,112,config_3
535d9,47.30045112903804,-113.93160923259923,57,config_3
535db,47.024050252351195,-113.68699229623022,7,config_3
535dc4,47.02211004509374,-114.0687818419552,48,config_3
535dc9,46.93090132072483,-113.92340607198655,26,config_3
535dcb,46.86222635235294,-113.86242771252972,36,config_3
535dcd,46.838676782076476,-113.96885658751987,79,config_3
535dcf,46.90724215171903,-114.03004023808859,80,config_3
535dd4,46.837336656948814,-114.15915241577468,18,config_3
535ddc,46.97423551540944,-114.28259478518439,34,config_3
535df,47.20427515669001,-114.36200399141323,23,config_3
535e1,47.106276635641805,-114.79176878666895,169,config_3
535e5,46.73544841951235,-114.96646322384923,3,config_3
535e7,46.83344054094849,-114.54058555727025,53,config_3
535ec,46.37818142460507,-114.38139510255823,135,config_3
535f4,46.184056127014536,-115.22239744616999,16,config_3
535fc,46.7191696786044,-115.7330029511862,2,config_3
8761,43.29942845402367,-105.78206743935718,57,config_3
8763,43.50002404328581,-104.2861115827901,1,config_3
8765,42.27767949176169,-104.2861115827901,42,config_3
8767,42.07774470498232,-105.78206743935718,179,config_3
87684,41.089524879437086,-106.15809365922375,131,config_3
87689,41.325895906541106,-105.59433880659961,146,config_3
8768d,41.06275261742485,-105.21948079223417,66,config_3
8768f,41.01159493684781,-105.59433880659961,86,config_3
876e4,40.75557168282636,-103.91439904540992,4,config_3
876ec,40.6618539864436,-104.65878213755632,1,config_3
876f4,41.294322728623484,-104.65878213755632,128,config_3
876fc,41.388329891062995,-103.91439904540992,98,config_3
8771,41.203321579528335,-102.80547525792774,183,config_3
8773,39.92294463415644,-102.80547525792774,18,config_3
87744,40.36339262075965,-101.70682943311247,105,config_3
8774c,39.715777150276075,-101.70682943311247,102,config_3
87754,39.787395117166284,-100.98070031132626,80,config_3
8775c,40.43529229171374,-100.98070031132626,111,config_3
8777,41.358423277185786,-101.34310583455695,95,config_3
877c,43.15114710263331,-102.0718280662253,40,config_3
8784,43.42119333788496,-99.18990521297464,138,config_3
878c,43.61150136204474,-96.40773576934623,126,config_3
87904,41.99538434578463,-97.43813547748366,70,config_3
8790c,41.36092038187326,-97.43813547748366,102,config_3
87911,41.55256359024594,-96.92091345144947,1,config_3
87915,41.25355032719378,-96.57833866136845,137,config_3
87917,41.57268996406312,-96.57833866136845,66,config_3
87919,41.88999053066143,-96.57833866136845,169,config_3
8791b,41.86983851659903,-96.92091345144947,25,config_3
8791d,42.18526573305039,-96.92091345144947,6,config_3
8791f,42.20544078758436,-96.57833866136845,6,config_3
87924,42.07607891199186,-96.06791937864303,157,config_3
879384,41.214590906984775,-95.81428853484881,44,config_3
879389,41.168042438817366,-95.94097099813557,190,config_3
87938b,41.16364851596172,-96.02557380749096,105,config_3
87938d,41.24378774307451,-96.02557380749096,75,config_3
87938f,41.24818330370641,-95.94097099813557,137,config_3
879394,41.365989673432814,-95.98325766018019,33,config_3
8793b,41.60957437374421,-95.8987138825821,47,config_3
8793d,41.59168827751169,-96.23759466618242,25,config_3
8793ec,41.35705609058244,-96.15269854577356,65,config_3
8793f1,41.234790057608556,-96.1951320179046,26,config_3
8793f3,41.239323411220845,-96.1102943120119,28,config_3
8793f5,41.15918584943838,-96.1102943120119,116,config_3
8793f7,41.15465418889395,-96.1951320179046,46,config_3
8793fc,41.18780769252191,-96.32260724129291,47,config_3
87941,40.951526290404686,-96.23759466618242,180,config_3
87943,40.6287135784285,-96.23759466618242,22,config_3
87945,40.64651790192333,-95.8987138825821,49,config_3
87947,40.96936027281737,-95.8987138825821,196,config_3
87954,40.18347133353734,-95.39395513481692,59,config_3
8795c,40.150132040497795,-96.06791937864303,84,config_3
87961,39.95885212378827,-96.57833866136845,130,config_3
87963,39.93889429071641,-96.92091345144947,54,config_3
87965,40.265223567706514,-96.92091345144947,74,config_3
87967,40.28522061210774,-96.57833866136845,74,config_3
87969,40.60980253094514,-96.57833866136845,70,config_3
8796a4,40.85689643168396,-96.49297974540691,26,config_3
8796ac,41.017838290345814,-96.49297974540691,36,config_3
8796b4,41.00808318029977,-96.6638120059594,60,config_3
8796bc,40.84714915219625,-96.6638120059594,106,config_3
8796d,40.91251646489407,-96.92091345144947,116,config_3
8796f,40.58976906346002,-96.92091345144947,11,config_3
87971,40.568597739799536,-97.26528581122331,9,config_3
87973,40.89130938570456,-97.26528581122331,132,config_3
87975,40.86894714993594,-97.61142171393448,57,config_3
87977,40.546273398247386,-97.61142171393448,37,config_3
8797c,40.070182502907144,-97.43813547748366,159,config_3
87984,40.02332681373885,-98.13385582671398,65,config_3
8798c,39.97172786799671,-98.83627550306029,143,config_3
87991,40.4722350732974,-98.66005856336714,21,config_3
87993,40.445153044290564,-99.0128926396605,80,config_3
879944,40.694089081756616,-98.92453434317243,128,config_3
87994c,40.68022480034269,-99.10134979604823,109,config_3
879954,40.841021834126046,-99.10134979604823,7,config_3
87997,40.79478174339934,-98.66005856336714,144,config_3
879984,40.89469636518777,-98.39649382124541,174,config_3
87998c,40.90735869873179,-98.22129789306325,30,config_3
879994,40.74650661310234,-98.22129789306325,17,config_3
87999c,40.7338547213042,-98.39649382124541,57,config_3
8799b,40.49810647471476,-98.30884408222222,68,config_3
8799d,40.52278116618243,-97.95928633924419,71,config_3
8799f,40.84541482909882,-97.95928633924419,21,config_3
879b,41.606421620925396,-98.48424653420417,157,config_3
879d,41.492537434213524,-99.90181306343518,19,config_3
879e4,40.50201874185927,-100.26001249402657,62,config_3
879ec,40.5636651772279,-99.54509739864785,181,config_3
879f4,39.91527512642326,-99.54509739864785,119,config_3
879fc,39.85386376202764,-100.26001249402657,113,config_3
5324,47.89891501243172,-103.69082093498783,59,config_3
532c,45.51376838607385,-102.57617830581343,2,config_3
5334,45.127353618527074,-105.64946255030826,154,config_3
533c,47.44538990252218,-107.00863259867317,29,config_3
5493,46.66196972163992,-124.17385964401133,144,config_3
54944,46.0807264098345,-122.80134019839946,73,config_3
54949,45.996297469706725,-123.58236268423515,29,config_3
5494a1,45.998483081923666,-123.96065350705925,58,config_3
5494a3,45.93942020652776,-123.88116826914937,21,config_3
5494a44,45.928068376834744,-123.97867593490766,81,config_3
5494a4c,45.89858990023956,-123.93895041696929,119,config_3
5494a54,45.88118398772167,-123.99065446092045,164,config_3
5494a7,45.96354187607536,-124.06427056238675,12,config_3
5494b4,45.76417876902437,-124.02047407919807,140,config_3
5494bc,45.83354431886302,-123.81407485023365,21,config_3
5494d,45.62236260726557,-123.68089881363895,54,config_3
5494f,45.75866279079122,-123.26853181263735,33,config_3
549501,45.66037802468876,-122.91968181257504,5,config_3
549503,45.62693254583949,-123.02282408180253,11,config_3
549505,45.56747827262728,-122.94563374814999,91,config_3
549507,45.60078650920949,-122.84261582138784,101,config_3
5495084,45.56438413146292,-122.75922464350096,30,config_3
549508c,45.547805079518234,-122.81071529893603,30,config_3
5495094,45.518031908111034,-122.77234612066754,59,config_3
549509c,45.53457683450834,-122.72088682536919,83,config_3
54950a1,45.51634881673832,-122.67930929296931,94,config_3
54950a3,45.508095070323755,-122.70503419632178,72,config_3
54950a5,45.49319720780043,-122.68590608676298,25,config_3
54950a7,45.50144244602728,-122.66018905718924,14,config_3
54950ac,45.47496839062171,-122.64439009797567,78,config_3
54950b4,45.45849154935476,-122.69578654366407,59,config_3
54950bc,45.48826070595497,-122.73403656523594,45,config_3
54950d,45.4485906765008,-122.79196971118373,103,config_3
54950f,45.50803077826468,-122.86868252686698,98,config_3
549514,45.42847772090839,-122.98432965853573,97,config_3
54951c,45.546961587976,-123.13860213471669,115,config_3
54953,45.387007906721884,-123.36900144724818,68,config_3
54955,45.15173498734285,-123.0608974894459,190,config_3
549564,45.19159928856739,-122.67862935948932,35,config_3
54956c,45.310022002439766,-122.83100725898468,140,config_3
549574,45.375873213427816,-122.6260698236293,173,config_3
54957c,45.25690974120018,-122.47419175284617,12,config_3
549584,45.32184354756758,-122.26931980053114,19,config_3
54958c,45.38639768122647,-122.06401918838041,8,config_3
549594,45.506438807969616,-122.21487104310319,145,config_3
549599,45.48757141719401,-122.407233946108,61,config_3
54959b,45.42774198470452,-122.33137635794274,6,config_3
54959d,45.395167868097275,-122.43411248023591,15,config_3
54959f,45.4548621472219,-122.51009802730806,119,config_3
5495a1,45.51456592160037,-122.58632123523381,181,config_3
5495a3,45.547410789513826,-122.48332952014773,60,config_3
5495a5,45.6072594946009,-122.55966380656399,13,config_3
5495a7,45.57427858415014,-122.66278282400003,112,config_3
5495ac,45.68046779773375,-122.72628331482727,54,config_3
5495bc,45.62652357665749,-122.36667527155068,13,config_3
5495e4,45.63546829235949,-121.80194532210868,66,config_3
5495e9,45.61744946141014,-121.99468904094734,41,config_3
5495ea4,45.60828354984459,-122.09106844882592,6,config_3
5495eac,45.592080051755204,-122.14270714528533,26,config_3
5495eb04,45.579336617334896,-122.09971547839758,27,config_3
5495eb1c,45.575289499206285,-122.11261833176464,183,config_3
5495eb3,45.56545424106972,-122.12724363215422,11,config_3
5495ebc,45.578146893827764,-122.05329174519309,46,config_3
5495ed,45.52489067872995,-122.02252007835348,9,config_3
5495f4,45.450569151686715,-121.85829568653263,23,config_3
5495fc,45.514355005138,-121.65215514900997,119,config_3
5497,46.22908782612636,-121.23921488820876,190,config_3
5499,46.725238590638696,-119.54524524241785,6,config_3
549f,47.193955076385706,-117.8281775709059,200,config_3
53604,47.25695293663096,-116.25875004888053,73,config_3
53609,47.27817964845879,-115.47901538198053,99,config_3
5360b,47.379839906949805,-115.04673975049882,71,config_3
5360d,47.65409551451384,-115.30556765376139,5,config_3
5360f,47.55055477049246,-115.74106195660326,146,config_3
53611,47.82355493647478,-116.00704769208299,1,config_3
536144,48.10905112714252,-115.87838955297256,175,config_3
536154,48.300187208724,-115.79154899106739,67,config_3
53615c,48.24672134926885,-116.01318804502141,25,config_3
536164,48.19277763576244,-116.23457800476315,158,config_3
53616c,48.05559728539383,-116.0989679684128,81,config_3
53617c,48.138357843237245,-116.45571037033278,23,config_3
53619,47.98785192329248,-116.71797999756127,112,config_3
5361b,47.716230969846094,-116.44481423927182,71,config_3
5361d,47.607049778575956,-116.8815566329569,198,config_3
5361f,47.87668118067037,-117.1578210265445,8,config_3
53624,48.33937164704846,-117.35782102077606,6,config_3
53639,48.75730624916351,-116.38087549790063,60,config_3
5363b,48.64592688075106,-116.8293512662635,7,config_3
5363c4,48.46754408854646,-116.50888026870878,55,config_3
5363cc,48.41212662452567,-116.73162069331559,6,config_3
5363d4,48.27517826402056,-116.59314832033921,132,config_3
5363dc,48.330094881321294,-116.3712123888307,131,config_3
5363f,48.480651589726136,-116.10590335219587,85,config_3
5365,49.16816510443443,-115.3898065910772,91,config_3
536604,48.710517776289166,-114.01051040502473,4,config_3
53660c,48.66093156446786,-114.23382855713369,10,config_3
536614,48.519454221260276,-114.10583913237608,68,config_3
53661c,48.56857921492375,-113.88341076878423,153,config_3
53663,48.33185315248976,-113.80519454261659,185,config_3
536644,48.329003522765255,-114.20022750268735,80,config_3
53664c,48.18834261462575,-114.07334956975846,38,config_3
536654,48.139169685715004,-114.29368946096697,101,config_3
53665c,48.2793706065498,-114.42143559895219,9,config_3
53667,48.51522327835127,-114.50368763983607,33,config_3
5366b,48.31002627410098,-115.39214991112362,140,config_3
5366c4,48.12759293472177,-115.08394640444803,38,config_3
5366cc,48.07604536453083,-115.30438321397757,128,config_3
5366dc,47.98879139742596,-114.95364552458007,73,config_3
5366f,48.13424655140782,-114.68826742275883,137,config_3
53674,47.66730896553307,-114.52338040978613,143,config_3
53679,47.67375975034542,-113.74562852318286,156,config_3
5367a4,47.859308985380174,-114.04114182389593,5,config_3
5367ac,47.999147641198796,-114.16692796400577,33,config_3
5367b4,48.04786450795656,-113.9474538725847,126,config_3
5367bc,47.90757369264056,-113.82253107456742,50,config_3
53684,48.04784377424642,-112.77697758216684,17,config_3
53689,48.427768743303226,-113.36270127581034,166,config_3
5368a4,48.61721646034892,-113.66082097706588,122,config_3
5368a9,48.71179757482406,-113.81120944149697,97,config_3
5368ab,48.78298402413562,-113.87467303738622,8,config_3
5368ad,48.80746587911675,-113.76277517265882,25,config_3
5368af,48.736164911925314,-113.69953750314701,167,config_3
5368b4,48.808215554915286,-113.56337382204376,74,config_3
5368bc,48.665364825545,-113.43807877549085,111,config_3
5368d,48.80840711861771,-113.16553571395352,5,config_3
5368f,48.52174746870863,-112.9196648690491,34,config_3
5369c,48.22674871414353,-111.90100617582074,2,config_3
536b,48.7736824893287,-110.80828328460862,4,config_3
536f,49.57777376810437,-113.56950624422853,34,config_3
531,51.3786418539575,-107.54900222906777,1,config_3
8635,33.7184163496609,-94.39763566548027,136,config_3
8637,32.27977129024882,-94.39763566548027,107,config_3
8639,30.82144165749157,-94.39763566548027,60,config_3
863b,30.858922248180154,-93.09770198132622,1,config_3
863ec,29.726599575060234,-94.0695453815523,20,config_3
863f4,29.704802294748838,-94.72775278355441,113,config_3
863fc,28.963182469777568,-94.72775278355441,126,config_3
8664,26.873943041714885,-99.18990521297464,76,config_3
86684,28.097803881433773,-97.43813547748366,70,config_3
8668c,27.351520349093526,-97.43813547748366,102,config_3
8669c,28.133429370477497,-96.74939926474936,80,config_3
866f,26.244408488148757,-97.09287704309902,77,config_3
54c01,44.78535948854263,-123.16131394357724,81,config_3
54c03,44.652692322458776,-123.56430088676868,45,config_3
54c05,44.421978444490605,-123.25986752718795,96,config_3
54c07,44.55250127717842,-122.85873960891334,62,config_3
54c0c,44.140037892724614,-122.61104912349285,189,config_3
54c104,44.15141099179493,-123.3325920901741,15,config_3
54c10c,44.085895544765485,-123.53116421653026,1,config_3
54c119,43.992168924597216,-123.19452922831502,1,config_3
54c11b,44.04931982233878,-123.26946117113417,2,config_3
54c11d,44.081792802771545,-123.17023558837161,89,config_3
54c11f,44.02451020567663,-123.09541707331097,113,config_3
54c13,43.83329937627308,-123.05754249073107,103,config_3
54c15,43.70421932766813,-123.45159560053577,26,config_3
54c17,43.93041073831826,-123.7524358267999,24,config_3
54c19,44.15672550892216,-124.05681138567812,146,config_3
54c1b,44.29004488927913,-123.65923829337514,19,config_3
54c1d,44.51860638504195,-123.96546283470988,195,config_3
54c1f,44.38312736701289,-124.36475954433166,31,config_3
54c24,44.0657751952635,-124.8044749726811,6,config_3
54c34,43.35137398655756,-124.96993263279091,53,config_3
54c3c,43.6195788958522,-124.1907169604774,149,config_3
54c44,43.17378923690397,-123.59088067847978,140,config_3
54c4c,42.913984194702664,-124.36368010680411,156,config_3
54c54,42.47707309510937,-123.77087957325718,164,config_3
54c5c,42.72868374472665,-123.00468327354528,79,config_3
54c61,42.80138568638664,-122.28283780051216,54,config_3
54c624,42.835536106240745,-121.92200316178884,6,config_3
54c62c,42.895417416542415,-121.7284991118777,3,config_3
54c639,42.99239214658704,-122.05114909477884,26,config_3
54c63b,42.935635641606915,-121.97999579242195,12,config_3
54c63c4,42.927150189468705,-122.07042443096364,37,config_3
54c63cc,42.89882335255788,-122.03485653204577,3,config_3
54c63d4,42.88371325081643,-122.08323925427237,16,config_3
54c63dc,42.91200901694447,-122.11883627266492,153,config_3
54c63f,42.9620580344992,-122.14810548925053,187,config_3
54c65,43.14965760329115,-122.18129833255341,59,config_3
54c67,43.026736394391946,-122.56991205223854,25,config_3
54c6c,43.42839456053729,-122.81140340544489,104,config_3
54c71,43.50088943415792,-122.07793785981843,63,config_3
54c73,43.73082566621374,-122.36813051715662,37,config_3
54c75,43.85507960162658,-121.97270543357864,22,config_3
54c77,43.62310838818734,-121.68445070867918,81,config_3
54c79,43.391445632545825,-121.39967126111955,162,config_3
54c7b,43.2712344002001,-121.7912043230043,80,config_3
54c7d,43.04189366274489,-121.50788951256666,1,config_3
54c7f,43.160124370553255,-121.11832536982583,101,config_3
54c81,42.929176816759295,-120.84037142778668,137,config_3
54c83,42.698634366971426,-120.56576796767523,171,config_3
54c85,42.58428343850044,-120.9513548483899,3,config_3
54c8c,42.523069032081985,-121.6666807212986,107,config_3
54c94,42.072399586916205,-121.11426101152512,5,config_3
54c99,42.12830745027974,-120.40801249446149,197,config_3
54c9d,42.46852760149477,-120.29447368587468,131,config_3
54c9f,42.23888628902059,-120.02644746497042,24,config_3
54cb,41.507503734430315,-119.93476272635633,44,config_3
54cec,41.84157525455871,-121.8720630899273,32,config_3
54cf1,42.11372148756606,-122.48064842022644,54,config_3
54cf3,42.2332965948329,-122.10036360734084,21,config_3
54cf5,42.456073968218995,-122.38260537678957,16,config_3
54cf7,42.33453501594179,-122.7646577300378,128,config_3
54cfc,42.040905903328465,-123.19126782252341,72,config_3
54d4,40.78778037496809,-124.19441089783537,63,config_3
54dc,42.45113689813503,-126.57303097851934,84,config_3
54ea4,44.79237005714711,-124.63279390957445,157,config_3
54ea9,44.88350978951549,-123.87239526412462,193,config_3
54eab,45.01834862111124,-123.46757285523105,72,config_3
54ead,45.2514306997266,-123.77755811370257,166,config_3
54eaf,45.11439290904406,-124.18419078759804,100,config_3
54eb4,45.53113163105477,-124.45451925130276,141,config_3
8094,37.20172848568333,-120.15893030899788,80,config_3
80984,39.05434876601501,-119.04599270243568,125,config_3
80989,39.56239755135253,-118.8596803520908,8,config_3
8098b,39.86565845835353,-118.8596803520908,37,config_3
8098d,39.76394043760573,-119.23207840138082,163,config_3
8098f,39.46088220542153,-119.23207840138082,129,config_3
809904,39.30798828257803,-119.51077084299,24,config_3
80990c,39.25633837502313,-119.69626771448172,86,config_3
809911,39.38313914607222,-119.64991620525349,9,config_3
809913,39.35721778363886,-119.74260395507105,62,config_3
809915,39.43299940379022,-119.74260395507105,133,config_3
80991c,39.459797818053886,-119.51077084299,9,config_3
809924,39.61124907051809,-119.51077084299,47,config_3
809934,39.71053121880375,-119.69626771448172,47,config_3
809939,39.584294858108485,-119.74260395507105,155,config_3
80993b,39.61025631481741,-119.64991620525349,24,config_3
80993d,39.53464012366414,-119.64991620525349,33,config_3
80993f,39.5086918348851,-119.74260395507105,138,config_3
809941,39.48266777560914,-119.83523032066351,75,config_3
809945,39.53214458148915,-119.92779468446135,85,config_3
809947,39.55825753010636,-119.83523032066351,107,config_3
809949,39.63375785686624,-119.83523032066351,120,config_3
80994b,39.70916854105543,-119.83523032066351,19,config_3
80994d,39.68302944381094,-119.92779468446135,50,config_3
80994f,39.60763173556912,-119.92779468446135,50,config_3
809954,39.60600131300832,-120.06652363285929,52,config_3
80995c,39.45506695613932,-120.06652363285929,37,config_3
809964,39.30377730273375,-120.06652363285929,11,config_3
80996c,39.35608577093057,-119.881520291274,116,config_3
809974,39.20438631340865,-119.881520291274,171,config_3
80997c,39.152134117551746,-120.06652363285929,8,config_3
80999,38.95013004071575,-119.97405342347365,179,config_3
8099b,39.05386133850651,-119.60354950502408,102,config_3
8099d,38.74817384474112,-119.60354950502408,147,config_3
8099f,38.64468354167561,-119.97405342347365,65,config_3
809e4,40.65726799882358,-119.78892484955995,3,config_3
809e9,40.15778186329634,-119.97405342347365,16,config_3
809ea4,39.90679725685847,-120.06652363285929,52,config_3
809eac,39.75657864435968,-120.06652363285929,70,config_3
809eb4,39.80904640703062,-119.881520291274,83,config_3
809ebc,39.95931497096353,-119.881520291274,17,config_3
809ed,39.962395028603474,-119.60354950502408,18,config_3
809ef,40.262350138231035,-119.60354950502408,1,config_3
809f4,40.26695579045059,-119.04599270243568,38,config_3
809fac,40.56407063155632,-119.32503466239531,22,config_3
809fb1,40.688701319958966,-119.27856381369884,28,config_3
809fb3,40.66289727808841,-119.37149086844235,33,config_3
809fb5,40.73726819526338,-119.37149086844235,1,config_3
809fb7,40.763082339753666,-119.27856381369884,140,config_3
809fbc,40.76447013600109,-119.13906420284766,193,config_3
809fd,40.96151586175313,-119.23207840138082,39,config_3
809ff,41.06392310969191,-118.8596803520908,13,config_3
80c1,35.89395658325506,-117.92490017414548,34,config_3
80c5,34.95920828882321,-116.41938900264319,61,config_3
80c64,36.026614093901316,-116.04138886338704,23,config_3
80c6c,35.84827462377858,-116.79678490847915,10,config_3
80c71,36.37818198029142,-116.60816530936988,125,config_3
80c73,36.28728255079922,-116.98524219342079,50,config_3
80c75,36.60856371588773,-116.98524219342079,102,config_3
80c77,36.699775760583485,-116.60816530936988,49,config_3
80c79,36.7897336801538,-116.23046162917431,67,config_3
80c7b,36.467834759822175,-116.23046162917431,147,config_3
80c7d,36.55622806690574,-115.85217641246463,69,config_3
80c84,36.84791623950343,-115.28375849518459,32,config_3
80c884,36.37898828441461,-115.5681083893613,7,config_3
80c88c,36.42211750970797,-115.3785719022423,37,config_3
80c891,36.289689082837356,-115.42596745141297,21,config_3
80c8924,36.32608478325768,-115.35487132197885,13,config_3
80c892c,36.336795327529984,-115.30746460704879,57,config_3
80c8934,36.29619338879683,-115.30746460704879,168,config_3
80c893c,36.28548759376934,-115.35487132197885,9,config_3
80c8944,36.244869533852274,-115.35487132197885,1,config_3
80c894c,36.25557055567369,-115.30746460704879,87,config_3
80c8954,36.214926869827906,-115.30746460704879,79,config_3
80c895c,36.204230645192446,-115.35487132197885,41,config_3
80c897,36.20846734777577,-115.42596745141297,52,config_3
80c89c,36.21676905280592,-115.5681083893613,66,config_3
80c8a4,36.05421796451002,-115.5681083893613,75,config_3
80c8ac,35.89133771339766,-115.5681083893613,1,config_3
80c8b4,35.93423340049402,-115.3785719022423,21,config_3
80c8b9,36.067173224924375,-115.33116888644844,97,config_3
80c8bb,36.045774953068936,-115.42596745141297,14,config_3
80c8bc4,36.11218407545494,-115.4022706158482,3,config_3
80c8bcc,36.10145770860589,-115.44966239756026,43,config_3
80c8bd4,36.14212839449306,-115.44966239756026,117,config_3
80c8bdc,36.15285963598408,-115.4022706158482,68,config_3
80c8be4,36.163570969637625,-115.35487132197885,96,config_3
80c8bec,36.12289054919738,-115.35487132197885,36,config_3
80c8bf4,36.133577107447366,-115.30746460704879,85,config_3
80c8bfc,36.17426237308871,-115.30746460704879,76,config_3
80c8c04,36.18493382410928,-115.26005056226762,49,config_3
80c8c0c,36.144243727955896,-115.26005056226762,84,config_3
80c8c14,36.15489038861112,-115.21262927895731,55,config_3
80c8c1c,36.19558530060847,-115.21262927895731,39,config_3
80c8c24,36.206216780632914,-115.16520084855117,44,config_3
80c8c2c,36.216828242367036,-115.11776536259309,31,config_3
80c8c34,36.17612374260177,-115.11776536259309,94,config_3
80c8c3c,36.16551706743865,-115.16520084855117,72,config_3
80c8c44,36.12479655563121,-115.16520084855117,73,config_3
80c8c4c,36.135398420349034,-115.11776536259309,39,config_3
80c8c54,36.094652317851704,-115.11776536259309,31,config_3
80c8c5c,36.08405528747156,-115.16520084855117,103,config_3
80c8c64,36.07343828279969,-115.21262927895731,94,config_3
80c8c6c,36.114174701915175,-115.21262927895731,47,config_3
80c8c74,36.103532881058676,-115.26005056226762,70,config_3
80c8c7c,36.06280132571474,-115.26005056226762,130,config_3
80c8c9,36.00698255541094,-115.23634081971663,105,config_3
80c8cb,35.92539077607315,-115.23634081971663,26,config_3
80c8cd,35.946590459166416,-115.14148398179033,79,config_3
80c8ce4,36.01309794190777,-115.11776536259309,50,config_3
80c8cec,36.00251065195177,-115.16520084855117,64,config_3
80c8cf4,36.04329330538313,-115.16520084855117,80,config_3
80c8cfc,36.053885477515266,-115.11776536259309,73,config_3
80c8d04,36.06445766834074,-115.07032291273677,29,config_3
80c8d0c,36.07500985623604,-115.02287359074474,66,config_3
80c8d14,36.03421260055374,-115.02287359074474,67,config_3
80c8d1c,36.02366526532323,-115.07032291273677,60,config_3
80c8d3,35.967710408691985,-115.0465991050183,15,config_3
80c8d5,35.98875045124652,-114.95168692349858,29,config_3
80c8d7,36.070400926759895,-114.95168692349858,39,config_3
80c8d9,36.151968372886415,-114.95168692349858,22,config_3
80c8db,36.13088962669853,-115.0465991050183,113,config_3
80c8dd,36.2123546370799,-115.0465991050183,63,config_3
80c8df,36.23345244958083,-114.95168692349858,21,config_3
80c8e4,36.344968546438146,-114.99914638140322,113,config_3
80c8e84,36.25751187756457,-115.11776536259309,60,config_3
80c8e8c,36.2981746062767,-115.11776536259309,22,config_3
80c8e94,36.2875536429502,-115.16520084855117,36,config_3
80c8e9c,36.246895653115466,-115.16520084855117,85,config_3
80c8ea4,36.23625939579041,-115.21262927895731,49,config_3
80c8eac,36.22560312738381,-115.26005056226762,67,config_3
80c8eb4,36.26625159580664,-115.26005056226762,74,config_3
80c8ebc,36.276912632202475,-115.21262927895731,55,config_3
80c8ed,36.33252171802768,-115.23634081971663,128,config_3
80c8f4,36.46492651781005,-115.18891595142229,3,config_3
80c8fc,36.50741390380816,-114.99914638140322,1,config_3
80c904,36.54957829818912,-114.80926906488743,35,config_3
80c90c,36.591418367124774,-114.61928990191176,90,config_3
80c914,36.4288268598318,-114.61928990191176,136,config_3
80c91c,36.38705940951085,-114.80926906488743,28,config_3
80c924,36.224202558830996,-114.80926906488743,31,config_3
80c929,36.09138022036734,-114.85674817305113,45,config_3
80c92b,36.00971041564109,-114.85674817305113,36,config_3
80c92d,36.03059013291026,-114.76178359119083,181,config_3
80c92f,36.112279149318695,-114.76178359119083,4,config_3
80c934,36.102628128582666,-114.61928990191176,2,config_3
80c93c,36.26589589023287,-114.61928990191176,53,config_3
80c95,36.246180846793905,-114.33414316655818,83,config_3
80c97,36.57226103939219,-114.33414316655818,197,config_3
80c9c,37.01727952299506,-114.52426397902158,24,config_3
80cb,36.9367763776853,-113.38235448459531,20,config_3
80ce4,35.05379562943539,-114.52426397902158,81,config_3
80cec,35.713594071372796,-114.52426397902158,127,config_3
80cf4,35.546632644165236,-115.28375849518459,176,config_3
80cfc,34.88818150017172,-115.28375849518459,3,config_3
