[15:54:11] INFO - Starting training multi head with weighted loss...
[15:58:57] INFO - Epoch 1/30 | train loss=inf acc=11.97% | val loss=5.5420 acc=20.87% | time=285.88s
[16:01:59] INFO - Epoch 2/30 | train loss=4.7928 acc=32.45% | val loss=4.9843 acc=26.41% | time=181.68s
[16:05:10] INFO - Epoch 3/30 | train loss=4.0711 acc=39.05% | val loss=4.3701 acc=31.29% | time=191.10s
[16:08:54] INFO - Epoch 4/30 | train loss=3.3230 acc=48.57% | val loss=4.0006 acc=34.53% | time=223.48s
[16:11:57] INFO - Epoch 5/30 | train loss=2.8081 acc=55.84% | val loss=3.7340 acc=37.31% | time=182.09s
[16:15:12] INFO - Epoch 6/30 | train loss=2.4283 acc=61.59% | val loss=3.5575 acc=38.93% | time=194.66s
[16:18:09] INFO - Epoch 7/30 | train loss=2.1244 acc=66.24% | val loss=3.4198 acc=40.53% | time=177.09s
[16:21:49] INFO - Epoch 8/30 | train loss=1.8835 acc=70.05% | val loss=3.3158 acc=41.51% | time=219.60s
[16:24:54] INFO - Epoch 9/30 | train loss=1.6867 acc=73.25% | val loss=3.2291 acc=42.47% | time=184.35s
[16:28:22] INFO - Epoch 10/30 | train loss=1.5150 acc=76.13% | val loss=3.1551 acc=43.20% | time=208.47s
[16:31:17] INFO - Epoch 11/30 | train loss=1.3730 acc=78.39% | val loss=3.1141 acc=43.71% | time=174.26s
[16:34:12] INFO - Epoch 12/30 | train loss=1.2461 acc=80.51% | val loss=3.0657 acc=44.09% | time=174.33s
[16:37:07] INFO - Epoch 13/30 | train loss=1.1421 acc=82.17% | val loss=3.0342 acc=44.38% | time=174.84s
[16:40:02] INFO - Epoch 14/30 | train loss=1.0479 acc=83.68% | val loss=3.0070 acc=44.93% | time=174.36s
[16:42:56] INFO - Epoch 15/30 | train loss=0.9669 acc=84.95% | val loss=2.9901 acc=45.19% | time=174.07s
[16:45:51] INFO - Epoch 16/30 | train loss=0.8928 acc=86.15% | val loss=2.9642 acc=45.41% | time=174.93s
[16:48:46] INFO - Epoch 17/30 | train loss=0.8301 acc=87.12% | val loss=2.9651 acc=45.62% | time=174.06s
[16:51:41] INFO - Epoch 18/30 | train loss=0.7729 acc=88.02% | val loss=2.9423 acc=45.73% | time=175.13s
[16:54:36] INFO - Epoch 19/30 | train loss=0.7243 acc=88.77% | val loss=2.9316 acc=46.01% | time=174.98s
[16:57:30] INFO - Epoch 20/30 | train loss=0.6745 acc=89.66% | val loss=2.9337 acc=45.94% | time=173.15s
[17:00:22] INFO - Epoch 21/30 | train loss=0.6358 acc=90.09% | val loss=2.9355 acc=46.04% | time=172.43s
[17:03:15] INFO - Epoch 22/30 | train loss=0.6085 acc=90.43% | val loss=2.9115 acc=46.53% | time=172.17s
[17:06:08] INFO - Epoch 23/30 | train loss=0.5664 acc=91.11% | val loss=2.9286 acc=46.38% | time=172.91s
[17:09:03] INFO - Epoch 24/30 | train loss=0.5377 acc=91.55% | val loss=2.9219 acc=46.65% | time=174.68s
[17:11:58] INFO - Epoch 25/30 | train loss=0.5140 acc=91.86% | val loss=2.9239 acc=46.60% | time=175.05s
[17:14:53] INFO - Epoch 26/30 | train loss=0.4878 acc=92.29% | val loss=2.9170 acc=46.82% | time=175.17s
[17:17:48] INFO - Epoch 27/30 | train loss=0.4631 acc=92.62% | val loss=2.9256 acc=46.64% | time=173.99s
[17:20:41] INFO - Epoch 28/30 | train loss=0.4452 acc=92.90% | val loss=2.9168 acc=46.97% | time=173.50s
[17:23:35] INFO - Epoch 29/30 | train loss=0.4300 acc=93.07% | val loss=2.9391 acc=47.00% | time=173.37s
[17:26:29] INFO - Epoch 30/30 | train loss=0.4077 acc=93.40% | val loss=2.9333 acc=46.96% | time=173.79s
[18:56:56] INFO - Starting training baseline_single_head with weighted loss...
[19:00:17] INFO - Epoch 1/30 | train loss=6.2959 acc=12.49% | val loss=5.3358 acc=21.68% | time=200.43s
[19:03:07] INFO - Epoch 2/30 | train loss=4.6881 acc=31.33% | val loss=4.7951 acc=26.96% | time=169.67s
[19:05:56] INFO - Epoch 3/30 | train loss=4.0139 acc=37.80% | val loss=4.1989 acc=32.16% | time=169.57s
[19:08:45] INFO - Epoch 4/30 | train loss=3.3259 acc=46.51% | val loss=3.8397 acc=35.51% | time=168.25s
[19:11:33] INFO - Epoch 5/30 | train loss=2.8537 acc=53.35% | val loss=3.5830 acc=37.97% | time=168.13s
[19:14:21] INFO - Epoch 6/30 | train loss=2.5029 acc=58.71% | val loss=3.4078 acc=39.95% | time=167.97s
[19:17:10] INFO - Epoch 7/30 | train loss=2.2217 acc=63.01% | val loss=3.2702 acc=41.66% | time=168.25s
[19:19:58] INFO - Epoch 8/30 | train loss=1.9946 acc=66.75% | val loss=3.1688 acc=42.56% | time=168.05s
[19:22:46] INFO - Epoch 9/30 | train loss=1.8094 acc=69.76% | val loss=3.0815 acc=43.31% | time=168.17s
[19:25:35] INFO - Epoch 10/30 | train loss=1.6435 acc=72.69% | val loss=3.0041 acc=44.54% | time=168.14s
[19:28:23] INFO - Epoch 11/30 | train loss=1.5062 acc=75.00% | val loss=2.9574 acc=44.84% | time=168.28s
[19:31:11] INFO - Epoch 12/30 | train loss=1.3811 acc=77.27% | val loss=2.9052 acc=45.09% | time=167.90s
[19:34:00] INFO - Epoch 13/30 | train loss=1.2786 acc=79.01% | val loss=2.8719 acc=45.28% | time=168.31s
[19:36:48] INFO - Epoch 14/30 | train loss=1.1836 acc=80.65% | val loss=2.8436 acc=46.05% | time=168.19s
[19:39:36] INFO - Epoch 15/30 | train loss=1.0996 acc=82.03% | val loss=2.8250 acc=46.30% | time=168.14s
[19:42:24] INFO - Epoch 16/30 | train loss=1.0232 acc=83.45% | val loss=2.7957 acc=46.45% | time=168.02s
[19:45:13] INFO - Epoch 17/30 | train loss=0.9573 acc=84.61% | val loss=2.7953 acc=46.51% | time=168.31s
[19:48:01] INFO - Epoch 18/30 | train loss=0.8952 acc=85.57% | val loss=2.7660 acc=46.83% | time=168.04s
[19:50:50] INFO - Epoch 19/30 | train loss=0.8443 acc=86.41% | val loss=2.7536 acc=47.09% | time=168.30s
[19:53:38] INFO - Epoch 20/30 | train loss=0.7889 acc=87.55% | val loss=2.7529 acc=46.91% | time=167.96s
[19:56:26] INFO - Epoch 21/30 | train loss=0.7473 acc=88.10% | val loss=2.7499 acc=47.02% | time=168.17s
[19:59:14] INFO - Epoch 22/30 | train loss=0.7155 acc=88.50% | val loss=2.7301 acc=47.65% | time=168.11s
[20:02:03] INFO - Epoch 23/30 | train loss=0.6687 acc=89.32% | val loss=2.7407 acc=47.48% | time=168.42s
[20:04:51] INFO - Epoch 24/30 | train loss=0.6358 acc=89.88% | val loss=2.7303 acc=47.54% | time=168.08s
[20:07:39] INFO - Epoch 25/30 | train loss=0.6093 acc=90.30% | val loss=2.7296 acc=47.80% | time=168.17s
[20:10:27] INFO - Epoch 26/30 | train loss=0.5772 acc=90.83% | val loss=2.7260 acc=47.91% | time=168.28s
[20:13:20] INFO - Epoch 27/30 | train loss=0.5495 acc=91.28% | val loss=2.7262 acc=47.57% | time=172.71s
[20:16:08] INFO - Epoch 28/30 | train loss=0.5283 acc=91.57% | val loss=2.7205 acc=48.01% | time=168.22s
[20:18:57] INFO - Epoch 29/30 | train loss=0.5100 acc=91.84% | val loss=2.7339 acc=48.06% | time=168.23s
[20:21:45] INFO - Epoch 30/30 | train loss=0.4835 acc=92.31% | val loss=2.7285 acc=48.07% | time=168.12s
[18:29:11] INFO - Starting training baseline_multi_head_ISN for scene urban ...
[18:30:37] INFO - Epoch 1/1 | train loss=6.7759 acc=2.87% | val loss=6.2849 acc=5.90% | time=85.81s
[18:30:37] INFO - Training completed.
[18:30:37] INFO - Starting training baseline_multi_head_ISN for scene natural ...
[18:34:09] INFO - Epoch 1/1 | train loss=6.3311 acc=13.82% | val loss=5.3600 acc=23.07% | time=211.80s
[18:34:09] INFO - Training completed.
[22:32:52] INFO - Starting training baseline_multi_head_ISN for scene urban ...
[22:34:29] INFO - Epoch 1/25 | train loss=6.7759 acc=2.87% | val loss=6.2849 acc=5.89% | time=96.87s
[22:35:24] INFO - Epoch 2/25 | train loss=5.7024 acc=12.27% | val loss=5.8295 acc=9.41% | time=54.19s
[22:36:18] INFO - Epoch 3/25 | train loss=5.0323 acc=20.42% | val loss=5.5118 acc=12.12% | time=54.37s
[22:37:12] INFO - Epoch 4/25 | train loss=4.4944 acc=28.80% | val loss=5.2835 acc=13.59% | time=54.04s
[22:38:07] INFO - Epoch 5/25 | train loss=4.0440 acc=36.35% | val loss=5.0888 acc=15.06% | time=54.17s
[22:39:01] INFO - Epoch 6/25 | train loss=3.6780 acc=44.72% | val loss=5.0096 acc=16.49% | time=53.56s
[22:39:55] INFO - Epoch 7/25 | train loss=3.5000 acc=48.15% | val loss=4.9513 acc=16.70% | time=53.61s
[22:40:48] INFO - Epoch 8/25 | train loss=3.3411 acc=50.96% | val loss=4.8837 acc=17.35% | time=53.59s
[22:41:42] INFO - Epoch 9/25 | train loss=3.1936 acc=53.56% | val loss=4.8243 acc=18.11% | time=53.67s
[22:42:36] INFO - Epoch 10/25 | train loss=3.0515 acc=56.11% | val loss=4.7764 acc=18.44% | time=53.54s
[22:43:30] INFO - Epoch 11/25 | train loss=2.9218 acc=58.81% | val loss=4.7856 acc=18.48% | time=53.39s
[22:44:24] INFO - Epoch 12/25 | train loss=2.8485 acc=59.93% | val loss=4.7344 acc=19.05% | time=53.72s
[22:45:17] INFO - Epoch 13/25 | train loss=2.7936 acc=60.81% | val loss=4.7185 acc=19.12% | time=53.54s
[22:46:11] INFO - Epoch 14/25 | train loss=2.7479 acc=61.55% | val loss=4.6996 acc=19.40% | time=53.53s
[22:47:05] INFO - Epoch 15/25 | train loss=2.6801 acc=62.46% | val loss=4.6833 acc=19.79% | time=53.49s
[22:47:59] INFO - Epoch 16/25 | train loss=2.6291 acc=63.62% | val loss=4.6664 acc=19.79% | time=53.58s
[22:48:52] INFO - Epoch 17/25 | train loss=2.5994 acc=64.02% | val loss=4.6646 acc=19.81% | time=53.51s
[22:49:46] INFO - Epoch 18/25 | train loss=2.5730 acc=64.48% | val loss=4.6523 acc=19.96% | time=53.43s
[22:50:40] INFO - Epoch 19/25 | train loss=2.5370 acc=65.31% | val loss=4.6490 acc=20.03% | time=53.67s
[22:51:34] INFO - Epoch 20/25 | train loss=2.5196 acc=65.25% | val loss=4.6415 acc=20.14% | time=53.59s
[22:52:27] INFO - Epoch 21/25 | train loss=2.4911 acc=66.02% | val loss=4.6443 acc=19.98% | time=53.51s
[22:53:21] INFO - Epoch 22/25 | train loss=2.4701 acc=66.26% | val loss=4.6307 acc=20.41% | time=53.55s
[22:54:15] INFO - Epoch 23/25 | train loss=2.4655 acc=66.25% | val loss=4.6332 acc=20.00% | time=53.38s
[22:55:08] INFO - Epoch 24/25 | train loss=2.4546 acc=66.51% | val loss=4.6355 acc=19.88% | time=53.62s
[22:56:02] INFO - Epoch 25/25 | train loss=2.4377 acc=66.68% | val loss=4.6339 acc=20.16% | time=53.58s
[22:56:02] INFO - Training completed.
[22:56:02] INFO - Starting training baseline_multi_head_ISN for scene natural ...
[22:59:55] INFO - Epoch 1/25 | train loss=6.3311 acc=13.82% | val loss=5.3600 acc=23.08% | time=233.17s
[23:02:03] INFO - Epoch 2/25 | train loss=4.4406 acc=35.40% | val loss=4.4162 acc=32.93% | time=128.01s
[23:04:24] INFO - Epoch 3/25 | train loss=3.4778 acc=47.63% | val loss=3.8510 acc=38.83% | time=140.78s
[23:07:27] INFO - Epoch 4/25 | train loss=2.8574 acc=55.91% | val loss=3.5263 acc=42.51% | time=182.45s
[23:09:39] INFO - Epoch 5/25 | train loss=2.4077 acc=62.61% | val loss=3.2724 acc=45.04% | time=131.83s
[23:11:46] INFO - Epoch 6/25 | train loss=2.0909 acc=68.30% | val loss=3.1472 acc=46.86% | time=126.70s
[23:13:56] INFO - Epoch 7/25 | train loss=1.9415 acc=70.68% | val loss=3.0700 acc=47.72% | time=129.59s
[23:16:04] INFO - Epoch 8/25 | train loss=1.8067 acc=72.86% | val loss=2.9767 acc=48.80% | time=127.80s
[23:18:18] INFO - Epoch 9/25 | train loss=1.6949 acc=74.62% | val loss=2.9240 acc=49.42% | time=133.38s
[23:20:23] INFO - Epoch 10/25 | train loss=1.5834 acc=76.21% | val loss=2.8527 acc=50.07% | time=124.70s
[23:22:59] INFO - Epoch 11/25 | train loss=1.4833 acc=78.23% | val loss=2.8227 acc=50.46% | time=155.53s
[23:25:08] INFO - Epoch 12/25 | train loss=1.4406 acc=78.87% | val loss=2.7935 acc=50.81% | time=129.26s
[23:27:39] INFO - Epoch 13/25 | train loss=1.3940 acc=79.64% | val loss=2.7870 acc=51.05% | time=150.59s
[23:29:48] INFO - Epoch 14/25 | train loss=1.3495 acc=80.29% | val loss=2.7505 acc=51.20% | time=128.91s
[23:31:55] INFO - Epoch 15/25 | train loss=1.3063 acc=80.97% | val loss=2.7275 acc=51.55% | time=126.44s
[23:34:04] INFO - Epoch 16/25 | train loss=1.2620 acc=81.79% | val loss=2.7148 acc=51.60% | time=128.76s
[23:36:44] INFO - Epoch 17/25 | train loss=1.2456 acc=82.05% | val loss=2.7059 acc=51.76% | time=159.57s
[23:38:48] INFO - Epoch 18/25 | train loss=1.2245 acc=82.36% | val loss=2.6896 acc=51.88% | time=123.89s
[23:40:52] INFO - Epoch 19/25 | train loss=1.2155 acc=82.51% | val loss=2.6928 acc=52.00% | time=123.68s
[23:42:56] INFO - Epoch 20/25 | train loss=1.1927 acc=82.85% | val loss=2.6708 acc=52.13% | time=123.60s
[23:45:00] INFO - Epoch 21/25 | train loss=1.1720 acc=83.32% | val loss=2.6613 acc=52.14% | time=123.57s
[23:47:04] INFO - Epoch 22/25 | train loss=1.1644 acc=83.39% | val loss=2.6672 acc=52.20% | time=123.69s
[23:49:08] INFO - Epoch 23/25 | train loss=1.1577 acc=83.50% | val loss=2.6507 acc=52.35% | time=123.67s
[23:51:12] INFO - Epoch 24/25 | train loss=1.1407 acc=83.87% | val loss=2.6542 acc=52.36% | time=123.61s
[23:53:16] INFO - Epoch 25/25 | train loss=1.1377 acc=83.81% | val loss=2.6424 acc=52.43% | time=123.60s
[23:53:16] INFO - Training completed.
[11:20:54] INFO - Starting training baseline_multi_head_ISN for scene urban ...
[11:21:27] INFO - Starting training baseline_multi_head_ISN for scene urban ...
[11:22:20] INFO - Epoch 1/3 | train loss=7.1337 acc=0.83% | val loss=6.8691 acc=1.78% | time=52.84s
[11:22:39] INFO - Epoch 2/3 | train loss=6.2011 acc=6.81% | val loss=6.6471 acc=4.07% | time=19.15s
[11:22:59] INFO - Epoch 3/3 | train loss=5.6390 acc=16.70% | val loss=6.4842 acc=5.15% | time=19.22s
[11:22:59] INFO - Training completed.
[11:22:59] INFO - Starting training baseline_multi_head_ISN for scene natural ...
[11:24:53] INFO - Epoch 1/3 | train loss=7.2172 acc=4.48% | val loss=6.6609 acc=10.29% | time=113.62s
[11:26:19] INFO - Epoch 2/3 | train loss=5.7598 acc=22.60% | val loss=6.0260 acc=17.56% | time=85.50s
[11:27:00] INFO - Epoch 3/3 | train loss=4.8491 acc=36.77% | val loss=5.5499 acc=21.98% | time=41.24s
[11:27:01] INFO - Training completed.
[12:18:43] INFO - Starting training baseline_multi_head_ISN for scene urban ...
[12:25:46] INFO - Starting training baseline_multi_head_ISN for scene urban ...
[12:28:12] INFO - Starting training baseline_multi_head_ISN for scene urban ...
[12:29:02] INFO - Epoch 1/3 | train loss=7.3188 acc=0.95% | val loss=7.1564 acc=2.14% | time=50.10s
[12:29:22] INFO - Epoch 2/3 | train loss=6.7475 acc=8.14% | val loss=7.0056 acc=4.37% | time=19.28s
[12:29:41] INFO - Epoch 3/3 | train loss=6.3808 acc=19.39% | val loss=6.8949 acc=5.45% | time=19.40s
[12:29:42] INFO - Training completed.
[12:29:42] INFO - Starting training baseline_multi_head_ISN for scene natural ...
[12:32:07] INFO - Epoch 1/3 | train loss=7.4426 acc=5.00% | val loss=7.0850 acc=11.16% | time=145.12s
[12:32:49] INFO - Epoch 2/3 | train loss=6.5231 acc=24.66% | val loss=6.6918 acc=18.54% | time=42.00s
[12:33:31] INFO - Epoch 3/3 | train loss=5.9588 acc=40.08% | val loss=6.4141 acc=22.92% | time=41.75s
[12:33:32] INFO - Training completed.
[14:28:08] INFO - Starting training baseline_multi_head_ISN for scene urban ...
[14:31:49] INFO - Starting training baseline_multi_head_ISN for scene urban ...
[14:39:46] INFO - Starting training baseline_multi_head_ISN for scene urban ...
[14:47:44] INFO - Starting training baseline_multi_head_ISN for scene urban ...
[15:05:55] INFO - Starting training baseline_multi_head_ISN for scene urban ...
[15:08:27] INFO - Starting training baseline_multi_head_ISN for scene urban ...
[15:09:46] INFO - Starting training baseline_multi_head_ISN for scene urban ...
[15:13:05] INFO - Starting training baseline_multi_head_ISN for scene urban ...
[15:22:03] INFO - Starting training baseline_multi_head_ISN for scene urban ...
[15:33:05] INFO - Starting training baseline_multi_head_ISN for scene urban ...
[15:33:55] INFO - Epoch 1/3 | train loss=7.3188 acc=0.95% | val loss=7.1564 acc=2.14% | time=50.14s
[15:34:14] INFO - Epoch 2/3 | train loss=6.7475 acc=8.15% | val loss=7.0056 acc=4.35% | time=19.14s
[15:34:34] INFO - Epoch 3/3 | train loss=6.3808 acc=19.40% | val loss=6.8949 acc=5.45% | time=19.40s
[15:34:34] INFO - Training completed.
[15:34:34] INFO - Starting training baseline_multi_head_ISN for scene natural ...
[15:36:07] INFO - Epoch 1/3 | train loss=7.4426 acc=5.00% | val loss=7.0849 acc=11.15% | time=92.77s
[15:36:52] INFO - Epoch 2/3 | train loss=6.5231 acc=24.66% | val loss=6.6918 acc=18.54% | time=45.26s
[15:37:45] INFO - Starting training baseline_multi_head_ISN for scene urban ...
[15:41:29] INFO - Starting training baseline_multi_head_ISN for scene urban ...
[15:42:19] INFO - Epoch 1/3 | train loss=7.3188 acc=0.95% | val loss=7.1564 acc=2.14% | geo acc={'acc@1km': 0.005089058540761471, 'acc@5km': 0.048346057534217834, 'acc@25km': 0.20737913250923157, 'acc@100km': 0.2633587718009949} 
[15:42:38] INFO - Epoch 2/3 | train loss=6.7475 acc=8.15% | val loss=7.0056 acc=4.35% | geo acc={'acc@1km': 0.012722646817564964, 'acc@5km': 0.09096692502498627, 'acc@25km': 0.2525445222854614, 'acc@100km': 0.32251909375190735} 
[15:42:58] INFO - Epoch 3/3 | train loss=6.3808 acc=19.40% | val loss=6.8949 acc=5.45% | geo acc={'acc@1km': 0.021628499031066895, 'acc@5km': 0.11513994634151459, 'acc@25km': 0.31106871366500854, 'acc@100km': 0.3765903413295746} 
[15:42:58] INFO - Training completed.
[15:42:58] INFO - Starting training baseline_multi_head_ISN for scene natural ...
[15:43:59] INFO - Starting training baseline_multi_head_ISN for scene urban ...
[15:44:49] INFO - Epoch 1/3 | train loss=7.3188 acc=0.95% | val loss=7.1564 acc=2.14% | geo acc={'acc@1km': 0.51, 'acc@5km': 4.83, 'acc@25km': 20.87, 'acc@100km': 26.46} 
[15:45:08] INFO - Epoch 2/3 | train loss=6.7475 acc=8.15% | val loss=7.0056 acc=4.35% | geo acc={'acc@1km': 1.27, 'acc@5km': 9.1, 'acc@25km': 25.25, 'acc@100km': 32.25} 
[15:45:28] INFO - Epoch 3/3 | train loss=6.3808 acc=19.41% | val loss=6.8949 acc=5.45% | geo acc={'acc@1km': 2.16, 'acc@5km': 11.51, 'acc@25km': 31.11, 'acc@100km': 37.66} 
[15:45:28] INFO - Training completed.
[15:45:28] INFO - Starting training baseline_multi_head_ISN for scene natural ...
[15:46:39] INFO - Epoch 1/3 | train loss=7.4426 acc=5.00% | val loss=7.0849 acc=11.15% | geo acc={'acc@1km': 0.21, 'acc@5km': 5.55, 'acc@25km': 16.06, 'acc@100km': 27.76} 
[15:47:22] INFO - Epoch 2/3 | train loss=6.5231 acc=24.66% | val loss=6.6918 acc=18.54% | geo acc={'acc@1km': 0.69, 'acc@5km': 10.67, 'acc@25km': 27.42, 'acc@100km': 40.98} 
[15:48:04] INFO - Epoch 3/3 | train loss=5.9588 acc=40.08% | val loss=6.4141 acc=22.93% | geo acc={'acc@1km': 1.19, 'acc@5km': 14.25, 'acc@25km': 34.82, 'acc@100km': 48.25} 
[15:48:05] INFO - Training completed.
[15:48:05] INFO - Starting training baseline_multi_head_ISN for scene urban ...
[15:48:26] INFO - Epoch 1/3 | train loss=6.0682 acc=32.01% | val loss=6.8073 acc=6.70% | geo acc={'acc@1km': 2.42, 'acc@5km': 12.98, 'acc@25km': 34.03, 'acc@100km': 41.73} 
[15:50:23] INFO - Starting training baseline_multi_head_ISN for scene urban ...
[15:51:14] INFO - Epoch 1/3 | train loss=7.3188 acc=0.95% | val loss=7.1564 acc=2.14% | geo acc={'acc@1km': '0.51%', 'acc@5km': '4.83%', 'acc@25km': '20.87%', 'acc@100km': '26.46%'} | time=50.4s
[15:51:33] INFO - Epoch 2/3 | train loss=6.7475 acc=8.15% | val loss=7.0056 acc=4.35% | geo acc={'acc@1km': '1.27%', 'acc@5km': '9.10%', 'acc@25km': '25.25%', 'acc@100km': '32.25%'} | time=19.4s
[15:51:53] INFO - Epoch 3/3 | train loss=6.3808 acc=19.40% | val loss=6.8949 acc=5.45% | geo acc={'acc@1km': '2.16%', 'acc@5km': '11.51%', 'acc@25km': '31.17%', 'acc@100km': '37.72%'} | time=19.6s
[15:51:53] INFO - Training completed.
[15:51:53] INFO - Starting training baseline_multi_head_ISN for scene natural ...
[15:53:04] INFO - Epoch 1/3 | train loss=7.4426 acc=5.00% | val loss=7.0849 acc=11.15% | geo acc={'acc@1km': '0.21%', 'acc@5km': '5.55%', 'acc@25km': '16.06%', 'acc@100km': '27.73%'} | time=70.4s
[15:53:51] INFO - Epoch 2/3 | train loss=6.5231 acc=24.66% | val loss=6.6918 acc=18.52% | geo acc={'acc@1km': '0.66%', 'acc@5km': '10.64%', 'acc@25km': '27.39%', 'acc@100km': '40.92%'} | time=46.4s
[15:54:34] INFO - Epoch 3/3 | train loss=5.9588 acc=40.08% | val loss=6.4141 acc=22.95% | geo acc={'acc@1km': '1.19%', 'acc@5km': '14.25%', 'acc@25km': '34.87%', 'acc@100km': '48.25%'} | time=43.3s
[15:54:35] INFO - Training completed.
[16:04:06] INFO - Starting training baseline_multi_head_ISN for scene urban ...
[17:28:39] INFO - Starting training baseline_multi_head_ISN for scene urban ...
[17:29:30] INFO - Epoch 1/3 | train loss=7.3188 acc=0.95% | val loss=7.1564 acc=2.14% | geo acc={'acc@1km': '0.51%', 'acc@5km': '4.77%', 'acc@25km': '20.80%', 'acc@100km': '26.40%'} | time=51.0s
[12:34:27] INFO - Starting training baseline_multi_head_ISN for scene urban ...
[12:41:51] INFO - Starting training baseline_multi_head_ISN for scene urban ...
[12:44:27] INFO - Epoch 1/3 | train loss=7.3188 acc=0.95% | val loss=7.1564 acc=2.14% | geo acc={'acc@1km': '0.00%', 'acc@5km': '0.00%', 'acc@25km': '0.00%', 'acc@100km': '0.00%'} | time=156.8s
[12:46:34] INFO - Epoch 2/3 | train loss=6.7475 acc=8.15% | val loss=7.0056 acc=4.35% | geo acc={'acc@1km': '0.00%', 'acc@5km': '0.00%', 'acc@25km': '0.00%', 'acc@100km': '0.00%'} | time=126.6s
[12:49:53] INFO - Starting training baseline_multi_head_ISN for scene urban ...
[12:51:17] INFO - Epoch 1/3 | train loss=7.3188 acc=0.95% | val loss=7.1571 acc=2.42% | geo acc={'acc@1km': '0.00%', 'acc@5km': '0.00%', 'acc@25km': '0.00%', 'acc@100km': '0.00%'} | time=84.1s
[12:58:03] INFO - Starting training baseline_multi_head_ISN for scene urban ...
[12:58:16] INFO - Starting training baseline_multi_head_ISN for scene urban ...
[12:59:39] INFO - Epoch 1/3 | train loss=7.3188 acc=0.95% | val loss=7.1571 acc=2.42% | geo acc={'acc@1km': '0.00%', 'acc@5km': '0.00%', 'acc@25km': '0.00%', 'acc@100km': '0.00%'} | time=83.3s
[13:00:32] INFO - Epoch 2/3 | train loss=6.7475 acc=8.14% | val loss=6.9968 acc=4.83% | geo acc={'acc@1km': '0.00%', 'acc@5km': '0.00%', 'acc@25km': '0.00%', 'acc@100km': '0.00%'} | time=53.0s
[13:01:26] INFO - Epoch 3/3 | train loss=6.3808 acc=19.41% | val loss=6.8790 acc=6.04% | geo acc={'acc@1km': '0.00%', 'acc@5km': '0.00%', 'acc@25km': '0.00%', 'acc@100km': '0.00%'} | time=53.2s
[13:01:26] INFO - Training completed.
[13:01:26] INFO - Starting training baseline_multi_head_ISN for scene natural ...
[13:15:16] INFO - Starting training baseline_multi_head_ISN for scene urban ...
[13:41:51] INFO - Starting training baseline_multi_head_ISN for scene urban ...
[13:43:03] INFO - Starting training baseline_multi_head_ISN for scene urban ...
[13:45:39] INFO - Epoch 1/3 | train loss=7.3188 acc=0.95% | val loss=7.1570 acc=2.42% | geo acc={'acc@1km': '0.00%', 'acc@5km': '0.76%', 'acc@25km': '2.10%', 'acc@100km': '4.01%'} | time=155.4s
[13:47:36] INFO - Starting training baseline_multi_head_ISN for scene urban ...
[13:49:25] INFO - Starting training baseline_multi_head_ISN for scene urban ...
[13:50:13] INFO - Epoch 1/3 | train loss=7.3188 acc=0.95% | val loss=7.1571 acc=2.42% | geo acc={'acc@1km': '0.00%', 'acc@5km': '0.76%', 'acc@25km': '1.91%', 'acc@100km': '4.58%'} | time=48.8s
[13:50:32] INFO - Epoch 2/3 | train loss=6.7475 acc=8.15% | val loss=6.9968 acc=4.83% | geo acc={'acc@1km': '0.19%', 'acc@5km': '1.34%', 'acc@25km': '4.77%', 'acc@100km': '9.35%'} | time=18.6s
[13:50:52] INFO - Epoch 3/3 | train loss=6.3808 acc=19.40% | val loss=6.8790 acc=6.04% | geo acc={'acc@1km': '0.00%', 'acc@5km': '2.86%', 'acc@25km': '7.82%', 'acc@100km': '13.74%'} | time=19.0s
[13:50:52] INFO - Training completed.
[13:50:52] INFO - Starting training baseline_multi_head_ISN for scene natural ...
[13:53:15] INFO - Starting training baseline_multi_head_ISN_inference for scene urban ...
[13:54:56] INFO - Epoch 1/20 | train loss=7.0916 acc=3.13% | val loss=6.8023 acc=6.39% | geo acc={'acc@1km': '0.25%', 'acc@5km': '3.13%', 'acc@25km': '10.28%', 'acc@100km': '15.78%'} | time=101.3s
[13:56:02] INFO - Epoch 2/20 | train loss=6.4257 acc=13.40% | val loss=6.5357 acc=9.91% | geo acc={'acc@1km': '0.53%', 'acc@5km': '5.13%', 'acc@25km': '15.34%', 'acc@100km': '21.83%'} | time=65.9s
[13:57:09] INFO - Epoch 3/20 | train loss=6.0201 acc=22.46% | val loss=6.3631 acc=12.67% | geo acc={'acc@1km': '0.76%', 'acc@5km': '6.49%', 'acc@25km': '18.87%', 'acc@100km': '25.59%'} | time=66.1s
[13:58:15] INFO - Epoch 4/20 | train loss=5.7040 acc=31.90% | val loss=6.2456 acc=14.05% | geo acc={'acc@1km': '0.69%', 'acc@5km': '6.75%', 'acc@25km': '19.08%', 'acc@100km': '25.53%'} | time=66.4s
[13:59:22] INFO - Epoch 5/20 | train loss=5.4454 acc=39.81% | val loss=6.1477 acc=15.69% | geo acc={'acc@1km': '0.88%', 'acc@5km': '7.52%', 'acc@25km': '19.98%', 'acc@100km': '27.49%'} | time=66.4s
[14:00:28] INFO - Epoch 6/20 | train loss=5.2302 acc=48.34% | val loss=6.1023 acc=17.05% | geo acc={'acc@1km': '1.16%', 'acc@5km': '7.57%', 'acc@25km': '21.24%', 'acc@100km': '28.20%'} | time=66.0s
[14:01:35] INFO - Epoch 7/20 | train loss=5.1301 acc=51.65% | val loss=6.0752 acc=17.37% | geo acc={'acc@1km': '0.95%', 'acc@5km': '7.86%', 'acc@25km': '21.66%', 'acc@100km': '29.00%'} | time=66.1s
[14:02:41] INFO - Epoch 8/20 | train loss=5.0412 acc=54.32% | val loss=6.0418 acc=18.07% | geo acc={'acc@1km': '1.03%', 'acc@5km': '8.17%', 'acc@25km': '22.30%', 'acc@100km': '29.46%'} | time=66.3s
[14:03:48] INFO - Epoch 9/20 | train loss=4.9592 acc=56.76% | val loss=6.0126 acc=18.85% | geo acc={'acc@1km': '1.05%', 'acc@5km': '8.36%', 'acc@25km': '21.90%', 'acc@100km': '29.67%'} | time=66.6s
[14:04:55] INFO - Epoch 10/20 | train loss=4.8800 acc=59.03% | val loss=5.9900 acc=19.32% | geo acc={'acc@1km': '1.20%', 'acc@5km': '8.40%', 'acc@25km': '22.32%', 'acc@100km': '30.19%'} | time=66.4s
[14:06:01] INFO - Epoch 11/20 | train loss=4.8047 acc=61.84% | val loss=5.9921 acc=19.33% | geo acc={'acc@1km': '1.13%', 'acc@5km': '8.36%', 'acc@25km': '21.89%', 'acc@100km': '29.92%'} | time=65.8s
[14:07:07] INFO - Epoch 12/20 | train loss=4.7630 acc=62.93% | val loss=5.9670 acc=19.83% | geo acc={'acc@1km': '1.14%', 'acc@5km': '8.72%', 'acc@25km': '22.71%', 'acc@100km': '30.47%'} | time=66.0s
[14:08:13] INFO - Epoch 13/20 | train loss=4.7330 acc=63.75% | val loss=5.9604 acc=19.91% | geo acc={'acc@1km': '1.20%', 'acc@5km': '8.83%', 'acc@25km': '22.90%', 'acc@100km': '30.80%'} | time=66.4s
[14:09:20] INFO - Epoch 14/20 | train loss=4.7081 acc=64.59% | val loss=5.9503 acc=20.07% | geo acc={'acc@1km': '0.97%', 'acc@5km': '8.76%', 'acc@25km': '23.03%', 'acc@100km': '30.83%'} | time=66.2s
[14:10:25] INFO - Epoch 15/20 | train loss=4.6701 acc=65.48% | val loss=5.9412 acc=20.57% | geo acc={'acc@1km': '1.13%', 'acc@5km': '8.82%', 'acc@25km': '22.57%', 'acc@100km': '30.55%'} | time=65.3s
[14:11:32] INFO - Epoch 16/20 | train loss=4.6399 acc=66.49% | val loss=5.9325 acc=20.62% | geo acc={'acc@1km': '1.16%', 'acc@5km': '9.16%', 'acc@25km': '23.03%', 'acc@100km': '30.78%'} | time=66.6s
[14:12:39] INFO - Epoch 17/20 | train loss=4.6240 acc=67.04% | val loss=5.9321 acc=20.52% | geo acc={'acc@1km': '1.20%', 'acc@5km': '8.99%', 'acc@25km': '22.88%', 'acc@100km': '31.12%'} | time=66.0s
[14:13:45] INFO - Epoch 18/20 | train loss=4.6082 acc=67.51% | val loss=5.9257 acc=20.63% | geo acc={'acc@1km': '1.13%', 'acc@5km': '8.91%', 'acc@25km': '22.67%', 'acc@100km': '31.06%'} | time=66.4s
[14:13:45] INFO - Early stopping.
[14:13:45] INFO - Training completed.
[14:13:45] INFO - Starting training baseline_multi_head_ISN_inference for scene natural ...
[15:56:19] INFO - Starting training baseline_multi_head_ISN_inceptionv4 for scene urban ...
[16:00:08] INFO - Epoch 1/30 | train loss=7.2557 acc=1.38% | val loss=7.0480 acc=2.62% | geo acc={'acc@1km': '0.06%', 'acc@5km': '0.95%', 'acc@25km': '3.84%', 'acc@100km': '7.27%'} | time=229.2s
[16:02:34] INFO - Epoch 2/30 | train loss=6.7303 acc=5.85% | val loss=6.8907 acc=4.60% | geo acc={'acc@1km': '0.08%', 'acc@5km': '1.43%', 'acc@25km': '4.20%', 'acc@100km': '8.72%'} | time=128.1s
[16:04:05] INFO - Epoch 3/30 | train loss=6.4178 acc=10.56% | val loss=6.8031 acc=5.81% | geo acc={'acc@1km': '0.21%', 'acc@5km': '1.72%', 'acc@25km': '5.99%', 'acc@100km': '10.53%'} | time=90.3s
[16:05:36] INFO - Epoch 4/30 | train loss=6.1806 acc=15.44% | val loss=6.7523 acc=6.53% | geo acc={'acc@1km': '0.17%', 'acc@5km': '2.16%', 'acc@25km': '7.23%', 'acc@100km': '11.77%'} | time=90.7s
[16:07:06] INFO - Epoch 5/30 | train loss=5.9957 acc=19.32% | val loss=6.7207 acc=7.23% | geo acc={'acc@1km': '0.21%', 'acc@5km': '2.33%', 'acc@25km': '7.52%', 'acc@100km': '11.93%'} | time=90.1s
[16:08:37] INFO - Epoch 6/30 | train loss=5.7932 acc=25.71% | val loss=6.6602 acc=7.98% | geo acc={'acc@1km': '0.29%', 'acc@5km': '2.63%', 'acc@25km': '8.13%', 'acc@100km': '13.03%'} | time=90.1s
[16:10:07] INFO - Epoch 7/30 | train loss=5.7184 acc=27.58% | val loss=6.6604 acc=7.96% | geo acc={'acc@1km': '0.27%', 'acc@5km': '2.50%', 'acc@25km': '8.36%', 'acc@100km': '13.72%'} | time=90.1s
[16:11:37] INFO - Epoch 8/30 | train loss=5.6544 acc=29.32% | val loss=6.6576 acc=7.93% | geo acc={'acc@1km': '0.19%', 'acc@5km': '2.54%', 'acc@25km': '8.45%', 'acc@100km': '13.59%'} | time=90.2s
[16:13:07] INFO - Epoch 9/30 | train loss=5.5943 acc=30.82% | val loss=6.6456 acc=8.21% | geo acc={'acc@1km': '0.23%', 'acc@5km': '2.44%', 'acc@25km': '8.30%', 'acc@100km': '13.57%'} | time=90.2s
[16:14:38] INFO - Epoch 10/30 | train loss=5.5347 acc=32.56% | val loss=6.6466 acc=8.47% | geo acc={'acc@1km': '0.23%', 'acc@5km': '2.67%', 'acc@25km': '8.19%', 'acc@100km': '12.80%'} | time=90.2s
[16:16:08] INFO - Epoch 11/30 | train loss=5.4561 acc=35.49% | val loss=6.6276 acc=8.65% | geo acc={'acc@1km': '0.31%', 'acc@5km': '2.37%', 'acc@25km': '8.20%', 'acc@100km': '13.28%'} | time=90.2s
[16:17:39] INFO - Epoch 12/30 | train loss=5.4349 acc=36.05% | val loss=6.6256 acc=8.68% | geo acc={'acc@1km': '0.36%', 'acc@5km': '2.61%', 'acc@25km': '8.62%', 'acc@100km': '13.62%'} | time=90.3s
[16:19:09] INFO - Epoch 13/30 | train loss=5.4138 acc=36.60% | val loss=6.6246 acc=8.61% | geo acc={'acc@1km': '0.25%', 'acc@5km': '2.56%', 'acc@25km': '8.20%', 'acc@100km': '13.30%'} | time=90.1s
[16:20:39] INFO - Epoch 14/30 | train loss=5.3918 acc=37.08% | val loss=6.6168 acc=8.64% | geo acc={'acc@1km': '0.25%', 'acc@5km': '2.84%', 'acc@25km': '8.89%', 'acc@100km': '14.16%'} | time=90.0s
[16:22:09] INFO - Epoch 15/30 | train loss=5.3634 acc=38.05% | val loss=6.6239 acc=8.71% | geo acc={'acc@1km': '0.25%', 'acc@5km': '2.77%', 'acc@25km': '8.51%', 'acc@100km': '13.64%'} | time=90.1s
[16:23:39] INFO - Epoch 16/30 | train loss=5.3330 acc=39.23% | val loss=6.6115 acc=8.69% | geo acc={'acc@1km': '0.31%', 'acc@5km': '2.84%', 'acc@25km': '9.20%', 'acc@100km': '14.25%'} | time=90.1s
[16:23:40] INFO - Early stopping.
[16:23:40] INFO - Training completed.
[16:23:40] INFO - Starting training baseline_multi_head_ISN_inceptionv4 for scene natural ...
[16:27:55] INFO - Epoch 1/30 | train loss=7.1783 acc=6.96% | val loss=6.7339 acc=12.13% | geo acc={'acc@1km': '0.03%', 'acc@5km': '0.26%', 'acc@25km': '2.26%', 'acc@100km': '8.23%'} | time=255.6s
[16:31:35] INFO - Epoch 2/30 | train loss=6.2997 acc=19.55% | val loss=6.4010 acc=17.81% | geo acc={'acc@1km': '0.05%', 'acc@5km': '0.39%', 'acc@25km': '3.04%', 'acc@100km': '10.27%'} | time=218.9s
[16:35:13] INFO - Epoch 3/30 | train loss=5.9045 acc=27.24% | val loss=6.2262 acc=21.40% | geo acc={'acc@1km': '0.03%', 'acc@5km': '0.49%', 'acc@25km': '3.68%', 'acc@100km': '11.66%'} | time=218.0s
[16:38:51] INFO - Epoch 4/30 | train loss=5.6577 acc=33.04% | val loss=6.1376 acc=23.69% | geo acc={'acc@1km': '0.05%', 'acc@5km': '0.51%', 'acc@25km': '3.77%', 'acc@100km': '12.45%'} | time=217.6s
[16:42:38] INFO - Epoch 5/30 | train loss=5.4728 acc=37.62% | val loss=6.0799 acc=24.77% | geo acc={'acc@1km': '0.07%', 'acc@5km': '0.55%', 'acc@25km': '4.46%', 'acc@100km': '13.25%'} | time=226.3s
[16:46:14] INFO - Epoch 6/30 | train loss=5.2800 acc=43.53% | val loss=6.0002 acc=26.46% | geo acc={'acc@1km': '0.05%', 'acc@5km': '0.72%', 'acc@25km': '4.80%', 'acc@100km': '13.56%'} | time=215.6s
[16:50:21] INFO - Epoch 7/30 | train loss=5.2198 acc=45.55% | val loss=5.9757 acc=27.06% | geo acc={'acc@1km': '0.06%', 'acc@5km': '0.79%', 'acc@25km': '4.61%', 'acc@100km': '14.00%'} | time=246.7s
[16:53:56] INFO - Epoch 8/30 | train loss=5.1604 acc=47.13% | val loss=5.9583 acc=27.66% | geo acc={'acc@1km': '0.06%', 'acc@5km': '0.76%', 'acc@25km': '4.71%', 'acc@100km': '14.27%'} | time=215.0s
[16:57:32] INFO - Epoch 9/30 | train loss=5.1135 acc=48.58% | val loss=5.9461 acc=27.86% | geo acc={'acc@1km': '0.08%', 'acc@5km': '0.78%', 'acc@25km': '4.93%', 'acc@100km': '14.64%'} | time=214.9s
[17:01:07] INFO - Epoch 10/30 | train loss=5.0687 acc=50.10% | val loss=5.9304 acc=28.22% | geo acc={'acc@1km': '0.06%', 'acc@5km': '0.78%', 'acc@25km': '4.81%', 'acc@100km': '14.03%'} | time=214.2s
[17:05:10] INFO - Epoch 11/30 | train loss=4.9919 acc=52.77% | val loss=5.9022 acc=28.95% | geo acc={'acc@1km': '0.08%', 'acc@5km': '0.76%', 'acc@25km': '4.81%', 'acc@100km': '14.55%'} | time=243.0s
[17:09:16] INFO - Epoch 12/30 | train loss=4.9745 acc=53.28% | val loss=5.8890 acc=29.20% | geo acc={'acc@1km': '0.07%', 'acc@5km': '0.92%', 'acc@25km': '5.08%', 'acc@100km': '14.45%'} | time=244.6s
[17:12:49] INFO - Epoch 13/30 | train loss=4.9552 acc=53.96% | val loss=5.8951 acc=29.26% | geo acc={'acc@1km': '0.06%', 'acc@5km': '0.76%', 'acc@25km': '5.12%', 'acc@100km': '14.53%'} | time=212.5s
[17:16:49] INFO - Epoch 14/30 | train loss=4.9306 acc=54.63% | val loss=5.8784 acc=29.58% | geo acc={'acc@1km': '0.08%', 'acc@5km': '0.86%', 'acc@25km': '5.14%', 'acc@100km': '14.74%'} | time=239.9s
[17:20:23] INFO - Epoch 15/30 | train loss=4.9162 acc=55.15% | val loss=5.8801 acc=29.61% | geo acc={'acc@1km': '0.10%', 'acc@5km': '0.92%', 'acc@25km': '4.96%', 'acc@100km': '14.63%'} | time=213.4s
[17:24:26] INFO - Epoch 16/30 | train loss=4.8781 acc=56.52% | val loss=5.8624 acc=29.90% | geo acc={'acc@1km': '0.08%', 'acc@5km': '0.90%', 'acc@25km': '5.13%', 'acc@100km': '14.61%'} | time=242.5s
[17:27:59] INFO - Epoch 17/30 | train loss=4.8751 acc=56.55% | val loss=5.8600 acc=30.02% | geo acc={'acc@1km': '0.06%', 'acc@5km': '0.77%', 'acc@25km': '5.00%', 'acc@100km': '14.54%'} | time=213.0s
[17:31:33] INFO - Epoch 18/30 | train loss=4.8636 acc=56.97% | val loss=5.8657 acc=29.83% | geo acc={'acc@1km': '0.09%', 'acc@5km': '0.84%', 'acc@25km': '5.10%', 'acc@100km': '14.62%'} | time=213.7s
[17:35:32] INFO - Epoch 19/30 | train loss=4.8555 acc=57.23% | val loss=5.8607 acc=29.90% | geo acc={'acc@1km': '0.06%', 'acc@5km': '0.79%', 'acc@25km': '5.03%', 'acc@100km': '14.50%'} | time=239.6s
[10:44:42] INFO - Starting training baseline_multi_head_ISN_inceptionv4_argmax for scene urban ...
[10:50:19] INFO - Starting training baseline_multi_head_ISN_inceptionv4_argmax for scene urban ...
[10:52:27] INFO - Starting training baseline_multi_head_ISN_inceptionv4_argmax for scene urban ...
[10:54:07] INFO - Epoch 1/3 | train loss=7.2221 acc=1.72% | val loss=7.0061 acc=3.14% | geo acc={'acc@1km': '1.05%', 'acc@5km': '5.99%', 'acc@25km': '19.71%', 'acc@100km': '24.25%'} | time=99.9s
[10:55:25] INFO - Epoch 2/3 | train loss=6.5849 acc=7.58% | val loss=6.8439 acc=5.43% | geo acc={'acc@1km': '1.87%', 'acc@5km': '9.90%', 'acc@25km': '24.90%', 'acc@100km': '30.55%'} | time=78.1s
[10:56:43] INFO - Epoch 3/3 | train loss=6.2562 acc=12.98% | val loss=6.7887 acc=6.40% | geo acc={'acc@1km': '2.33%', 'acc@5km': '10.23%', 'acc@25km': '25.82%', 'acc@100km': '31.98%'} | time=78.1s
[10:56:44] INFO - Training completed.
[10:56:44] INFO - Starting training baseline_multi_head_ISN_inceptionv4_argmax for scene natural ...
[11:00:16] INFO - Epoch 1/3 | train loss=7.0488 acc=8.43% | val loss=6.5835 acc=14.38% | geo acc={'acc@1km': '0.79%', 'acc@5km': '8.33%', 'acc@25km': '21.21%', 'acc@100km': '30.62%'} | time=211.9s
[11:03:33] INFO - Epoch 2/3 | train loss=6.1241 acc=22.07% | val loss=6.2998 acc=19.43% | geo acc={'acc@1km': '1.31%', 'acc@5km': '11.65%', 'acc@25km': '27.58%', 'acc@100km': '38.27%'} | time=197.0s
[11:06:44] INFO - Epoch 3/3 | train loss=5.7528 acc=30.04% | val loss=6.1683 acc=23.08% | geo acc={'acc@1km': '1.69%', 'acc@5km': '14.00%', 'acc@25km': '31.97%', 'acc@100km': '42.42%'} | time=190.5s
[11:06:44] INFO - Training completed.
[11:07:48] INFO - Starting training baseline_multi_head_ISN_inceptionv4_weighted for scene urban ...
[11:09:53] INFO - Epoch 1/3 | train loss=7.2221 acc=1.72% | val loss=7.0061 acc=3.15% | geo acc={'acc@1km': '0.13%', 'acc@5km': '2.14%', 'acc@25km': '8.41%', 'acc@100km': '11.72%'} | time=124.8s
[11:11:30] INFO - Epoch 2/3 | train loss=6.5849 acc=7.57% | val loss=6.8440 acc=5.44% | geo acc={'acc@1km': '0.32%', 'acc@5km': '3.43%', 'acc@25km': '10.76%', 'acc@100km': '15.09%'} | time=96.6s
[11:13:28] INFO - Starting training baseline_multi_head_ISN_inceptionv4_weighted for scene urban ...
[11:15:27] INFO - Epoch 1/3 | train loss=7.2221 acc=1.73% | val loss=7.0061 acc=3.15% | geo acc={'acc@1km': '0.38%', 'acc@5km': '3.63%', 'acc@25km': '12.27%', 'acc@100km': '15.47%'} | time=118.3s
[11:18:51] INFO - Starting training baseline_multi_head_ISN_inceptionv4_weighted for scene urban ...
[11:20:49] INFO - Epoch 1/3 | train loss=7.2221 acc=1.72% | val loss=7.0061 acc=3.14% | geo acc={'acc@1km': '1.55%', 'acc@5km': '7.59%', 'acc@25km': '23.41%', 'acc@100km': '28.41%'} | time=118.3s
[11:22:26] INFO - Epoch 2/3 | train loss=6.5849 acc=7.58% | val loss=6.8440 acc=5.43% | geo acc={'acc@1km': '2.80%', 'acc@5km': '11.56%', 'acc@25km': '27.32%', 'acc@100km': '32.86%'} | time=96.7s
[11:24:03] INFO - Epoch 3/3 | train loss=6.2562 acc=12.99% | val loss=6.7887 acc=6.39% | geo acc={'acc@1km': '3.51%', 'acc@5km': '12.19%', 'acc@25km': '27.61%', 'acc@100km': '33.91%'} | time=96.2s
[11:24:03] INFO - Training completed.
[11:24:03] INFO - Starting training baseline_multi_head_ISN_inceptionv4_weighted for scene natural ...
[11:29:04] INFO - Epoch 1/3 | train loss=7.0488 acc=8.43% | val loss=6.5835 acc=14.37% | geo acc={'acc@1km': '3.53%', 'acc@5km': '13.51%', 'acc@25km': '23.63%', 'acc@100km': '32.40%'} | time=301.3s
[11:33:22] INFO - Epoch 2/3 | train loss=6.1241 acc=22.07% | val loss=6.2998 acc=19.43% | geo acc={'acc@1km': '4.95%', 'acc@5km': '18.39%', 'acc@25km': '29.98%', 'acc@100km': '39.91%'} | time=257.1s
[11:37:35] INFO - Epoch 3/3 | train loss=5.7528 acc=30.04% | val loss=6.1683 acc=23.08% | geo acc={'acc@1km': '5.98%', 'acc@5km': '21.78%', 'acc@25km': '34.57%', 'acc@100km': '43.85%'} | time=252.5s
[11:37:35] INFO - Training completed.
[11:41:47] INFO - Starting training baseline_multi_head_ISN_inference_weighted for scene urban ...
[11:43:36] INFO - Epoch 1/3 | train loss=7.0916 acc=3.13% | val loss=6.8023 acc=6.39% | geo acc={'acc@1km': '3.87%', 'acc@5km': '15.80%', 'acc@25km': '34.75%', 'acc@100km': '40.72%'} | time=109.0s
[11:44:44] INFO - Epoch 2/3 | train loss=6.4257 acc=13.40% | val loss=6.5357 acc=9.91% | geo acc={'acc@1km': '5.86%', 'acc@5km': '20.85%', 'acc@25km': '41.96%', 'acc@100km': '48.08%'} | time=67.3s
[11:45:51] INFO - Epoch 3/3 | train loss=6.0201 acc=22.46% | val loss=6.3631 acc=12.67% | geo acc={'acc@1km': '7.75%', 'acc@5km': '24.67%', 'acc@25km': '46.21%', 'acc@100km': '52.49%'} | time=67.2s
[11:45:51] INFO - Training completed.
[11:45:51] INFO - Starting training baseline_multi_head_ISN_inference_weighted for scene natural ...
[11:49:22] INFO - Epoch 1/3 | train loss=6.8908 acc=14.79% | val loss=6.3135 acc=24.21% | geo acc={'acc@1km': '5.68%', 'acc@5km': '22.49%', 'acc@25km': '38.33%', 'acc@100km': '50.67%'} | time=210.9s
[11:52:04] INFO - Epoch 2/3 | train loss=5.7641 acc=37.18% | val loss=5.7977 acc=34.26% | geo acc={'acc@1km': '8.60%', 'acc@5km': '32.12%', 'acc@25km': '50.53%', 'acc@100km': '61.97%'} | time=160.8s
[11:54:44] INFO - Epoch 3/3 | train loss=5.2301 acc=49.73% | val loss=5.5068 acc=40.09% | geo acc={'acc@1km': '10.23%', 'acc@5km': '37.85%', 'acc@25km': '57.72%', 'acc@100km': '68.23%'} | time=159.8s
[11:54:44] INFO - Training completed.
[12:08:50] INFO - Starting training baseline_multi_head_ISN_365_weighted for scene urban ...
[12:10:38] INFO - Epoch 1/3 | train loss=7.1053 acc=2.77% | val loss=6.7698 acc=5.79% | geo acc={'acc@1km': '3.09%', 'acc@5km': '14.35%', 'acc@25km': '33.89%', 'acc@100km': '39.06%'} | time=108.0s
[12:11:47] INFO - Epoch 2/3 | train loss=6.5051 acc=8.84% | val loss=6.4762 acc=9.44% | geo acc={'acc@1km': '4.98%', 'acc@5km': '19.19%', 'acc@25km': '39.73%', 'acc@100km': '45.12%'} | time=68.1s
[12:12:54] INFO - Epoch 3/3 | train loss=6.1649 acc=13.86% | val loss=6.3042 acc=12.27% | geo acc={'acc@1km': '6.95%', 'acc@5km': '23.13%', 'acc@25km': '45.05%', 'acc@100km': '51.25%'} | time=66.6s
[12:12:54] INFO - Training completed.
[12:12:54] INFO - Starting training baseline_multi_head_ISN_365_weighted for scene natural ...
[12:16:15] INFO - Epoch 1/3 | train loss=6.9230 acc=10.79% | val loss=6.2836 acc=19.61% | geo acc={'acc@1km': '4.17%', 'acc@5km': '17.57%', 'acc@25km': '33.29%', 'acc@100km': '46.89%'} | time=201.4s
[12:19:54] INFO - Epoch 2/3 | train loss=5.9095 acc=27.67% | val loss=5.8040 acc=29.66% | geo acc={'acc@1km': '6.77%', 'acc@5km': '27.26%', 'acc@25km': '46.58%', 'acc@100km': '59.25%'} | time=218.7s
[12:22:35] INFO - Epoch 3/3 | train loss=5.4805 acc=37.19% | val loss=5.5616 acc=35.10% | geo acc={'acc@1km': '8.57%', 'acc@5km': '32.46%', 'acc@25km': '52.91%', 'acc@100km': '65.06%'} | time=161.0s
[12:22:36] INFO - Training completed.
[13:09:11] INFO - Starting training baseline_multi_head_ISN_365_weighted for scene urban ...
[13:09:38] INFO - Starting training MH_ISN_res_w_diff_partitions for scene urban ...
[13:12:41] INFO - Epoch 1/3 | train loss=6.3834 acc=4.74% | val loss=6.1396 acc=9.09% | geo acc={'acc@1km': '1.97%', 'acc@5km': '8.03%', 'acc@25km': '15.63%', 'acc@100km': '17.76%'} | time=183.3s
[13:13:43] INFO - Epoch 2/3 | train loss=5.8583 acc=14.79% | val loss=5.9038 acc=12.05% | geo acc={'acc@1km': '3.07%', 'acc@5km': '11.87%', 'acc@25km': '23.77%', 'acc@100km': '27.55%'} | time=61.2s
[13:14:44] INFO - Epoch 3/3 | train loss=5.5403 acc=21.85% | val loss=5.7522 acc=14.74% | geo acc={'acc@1km': '3.78%', 'acc@5km': '12.46%', 'acc@25km': '23.43%', 'acc@100km': '26.43%'} | time=60.6s
[13:14:44] INFO - Training completed.
[13:14:44] INFO - Starting training MH_ISN_res_w_diff_partitions for scene natural ...
[13:18:14] INFO - Epoch 1/3 | train loss=6.5979 acc=15.39% | val loss=6.0547 acc=25.16% | geo acc={'acc@1km': '4.72%', 'acc@5km': '19.52%', 'acc@25km': '33.12%', 'acc@100km': '44.04%'} | time=210.4s
[13:21:42] INFO - Epoch 2/3 | train loss=5.5671 acc=37.41% | val loss=5.5620 acc=35.19% | geo acc={'acc@1km': '6.81%', 'acc@5km': '26.75%', 'acc@25km': '42.64%', 'acc@100km': '52.63%'} | time=201.6s
[13:25:26] INFO - Epoch 3/3 | train loss=5.0795 acc=49.10% | val loss=5.2840 acc=40.67% | geo acc={'acc@1km': '8.03%', 'acc@5km': '31.28%', 'acc@25km': '48.11%', 'acc@100km': '57.12%'} | time=223.9s
[13:25:26] INFO - Training completed.
[13:33:25] INFO - Starting training MH_res_w_same_partitions for scene total ...
[13:38:02] INFO - Starting training MH_res_w_same_partitions for scene total ...
[13:42:25] INFO - Epoch 1/3 | train loss=6.8985 acc=13.26% | val loss=6.3449 acc=22.39% | geo acc={'acc@1km': '6.55%', 'acc@5km': '24.79%', 'acc@25km': '42.66%', 'acc@100km': '53.80%'} | time=262.9s
[13:46:40] INFO - Epoch 2/3 | train loss=5.8495 acc=33.65% | val loss=5.8967 acc=30.46% | geo acc={'acc@1km': '8.82%', 'acc@5km': '32.20%', 'acc@25km': '52.43%', 'acc@100km': '62.46%'} | time=254.7s
[13:50:28] INFO - Epoch 3/3 | train loss=5.3713 acc=44.86% | val loss=5.6634 acc=34.75% | geo acc={'acc@1km': '10.67%', 'acc@5km': '36.98%', 'acc@25km': '57.61%', 'acc@100km': '66.92%'} | time=228.0s
[13:50:29] INFO - Training completed.
[13:59:01] INFO - Starting training baseline_multi_head_ISN for scene urban ...
[14:00:37] INFO - Epoch 1/3 | train loss=6.3834 acc=4.75% | val loss=6.1396 acc=9.09% | geo acc={'acc@1km': '1.98%', 'acc@5km': '8.05%', 'acc@25km': '15.63%', 'acc@100km': '17.76%'} | time=95.6s
[14:01:39] INFO - Epoch 2/3 | train loss=5.8583 acc=14.78% | val loss=5.9038 acc=12.06% | geo acc={'acc@1km': '3.09%', 'acc@5km': '11.91%', 'acc@25km': '23.77%', 'acc@100km': '27.57%'} | time=61.8s
[14:02:41] INFO - Epoch 3/3 | train loss=5.5403 acc=21.86% | val loss=5.7522 acc=14.76% | geo acc={'acc@1km': '3.80%', 'acc@5km': '12.46%', 'acc@25km': '23.43%', 'acc@100km': '26.46%'} | time=61.7s
[14:02:41] INFO - Training completed.
[14:02:41] INFO - Starting training baseline_multi_head_ISN for scene natural ...
[14:05:55] INFO - Epoch 1/3 | train loss=6.5979 acc=15.39% | val loss=6.0547 acc=25.15% | geo acc={'acc@1km': '4.71%', 'acc@5km': '19.54%', 'acc@25km': '33.12%', 'acc@100km': '44.08%'} | time=193.8s
[14:08:42] INFO - Epoch 2/3 | train loss=5.5672 acc=37.41% | val loss=5.5620 acc=35.19% | geo acc={'acc@1km': '6.81%', 'acc@5km': '26.74%', 'acc@25km': '42.64%', 'acc@100km': '52.61%'} | time=167.6s
[14:11:37] INFO - Epoch 3/3 | train loss=5.0795 acc=49.10% | val loss=5.2840 acc=40.67% | geo acc={'acc@1km': '8.02%', 'acc@5km': '31.28%', 'acc@25km': '48.09%', 'acc@100km': '57.10%'} | time=174.5s
[14:11:37] INFO - Training completed.
[14:41:46] INFO - Starting training MH_ISN_res_w for scene urban ...
[14:42:41] INFO - Epoch 1/1 | train loss=6.5852 acc=1.52% | val loss=6.4510 acc=3.46% | geo acc={'acc@1km': '0.57%', 'acc@5km': '4.96%', 'acc@25km': '22.90%', 'acc@100km': '28.24%'} | time=55.4s
[14:42:42] INFO - Training completed.
[14:42:42] INFO - Starting training MH_ISN_res_w for scene natural ...
[14:44:24] INFO - Epoch 1/1 | train loss=7.1181 acc=5.41% | val loss=6.7839 acc=11.62% | geo acc={'acc@1km': '1.96%', 'acc@5km': '8.84%', 'acc@25km': '18.71%', 'acc@100km': '30.60%'} | time=101.9s
[14:44:25] INFO - Training completed.
[13:03:05] INFO - Starting training MH_ISN_res_wd_dp for scene urban ...
[13:04:45] INFO - Starting training MH_ISN_res_wd_dp for scene urban ...
[13:06:17] INFO - Epoch 1/15 | train loss=6.5464 acc=6.69% | val loss=6.2033 acc=12.05% | geo acc={'acc@1km': '2.80%', 'acc@5km': '10.25%', 'acc@25km': '19.54%', 'acc@100km': '22.38%'} | time=92.1s
[13:07:30] INFO - Epoch 2/15 | train loss=5.7491 acc=20.54% | val loss=5.9603 acc=15.59% | geo acc={'acc@1km': '4.06%', 'acc@5km': '13.64%', 'acc@25km': '26.90%', 'acc@100km': '30.32%'} | time=72.4s
[13:08:43] INFO - Epoch 3/15 | train loss=5.3372 acc=30.10% | val loss=5.8379 acc=18.30% | geo acc={'acc@1km': '4.67%', 'acc@5km': '14.63%', 'acc@25km': '27.15%', 'acc@100km': '30.43%'} | time=72.6s
[13:09:55] INFO - Epoch 4/15 | train loss=5.0450 acc=38.28% | val loss=5.7477 acc=20.00% | geo acc={'acc@1km': '5.48%', 'acc@5km': '17.08%', 'acc@25km': '30.45%', 'acc@100km': '33.60%'} | time=72.5s
[13:11:08] INFO - Epoch 5/15 | train loss=4.8065 acc=45.60% | val loss=5.6953 acc=21.22% | geo acc={'acc@1km': '5.65%', 'acc@5km': '16.98%', 'acc@25km': '30.13%', 'acc@100km': '33.22%'} | time=72.5s
[13:12:21] INFO - Epoch 6/15 | train loss=4.5928 acc=53.70% | val loss=5.6447 acc=22.34% | geo acc={'acc@1km': '5.97%', 'acc@5km': '17.65%', 'acc@25km': '30.68%', 'acc@100km': '34.23%'} | time=72.5s
[13:13:33] INFO - Epoch 7/15 | train loss=4.5080 acc=56.32% | val loss=5.6302 acc=23.07% | geo acc={'acc@1km': '6.37%', 'acc@5km': '18.24%', 'acc@25km': '31.54%', 'acc@100km': '34.84%'} | time=71.7s
[13:14:45] INFO - Epoch 8/15 | train loss=4.4333 acc=58.53% | val loss=5.6213 acc=22.90% | geo acc={'acc@1km': '6.18%', 'acc@5km': '18.37%', 'acc@25km': '32.00%', 'acc@100km': '35.58%'} | time=72.5s
[13:15:58] INFO - Epoch 9/15 | train loss=4.3621 acc=61.11% | val loss=5.6003 acc=23.66% | geo acc={'acc@1km': '6.35%', 'acc@5km': '18.22%', 'acc@25km': '31.54%', 'acc@100km': '34.97%'} | time=72.6s
[13:17:11] INFO - Epoch 10/15 | train loss=4.2939 acc=62.96% | val loss=5.5946 acc=23.68% | geo acc={'acc@1km': '6.56%', 'acc@5km': '19.06%', 'acc@25km': '33.14%', 'acc@100km': '36.44%'} | time=72.7s
[13:18:24] INFO - Epoch 11/15 | train loss=4.2176 acc=65.66% | val loss=5.5745 acc=24.12% | geo acc={'acc@1km': '6.62%', 'acc@5km': '18.85%', 'acc@25km': '32.15%', 'acc@100km': '35.47%'} | time=72.7s
[13:19:36] INFO - Epoch 12/15 | train loss=4.1862 acc=66.96% | val loss=5.5707 acc=24.10% | geo acc={'acc@1km': '6.98%', 'acc@5km': '18.81%', 'acc@25km': '31.86%', 'acc@100km': '35.15%'} | time=72.4s
[13:20:48] INFO - Epoch 13/15 | train loss=4.1562 acc=67.82% | val loss=5.5663 acc=24.33% | geo acc={'acc@1km': '6.70%', 'acc@5km': '19.08%', 'acc@25km': '32.28%', 'acc@100km': '35.58%'} | time=71.4s
[13:21:59] INFO - Epoch 14/15 | train loss=4.1294 acc=68.66% | val loss=5.5573 acc=24.53% | geo acc={'acc@1km': '6.85%', 'acc@5km': '19.08%', 'acc@25km': '31.85%', 'acc@100km': '35.03%'} | time=71.5s
[13:23:11] INFO - Epoch 15/15 | train loss=4.1035 acc=69.24% | val loss=5.5598 acc=24.79% | geo acc={'acc@1km': '7.04%', 'acc@5km': '19.61%', 'acc@25km': '32.59%', 'acc@100km': '36.02%'} | time=71.6s
[13:23:11] INFO - Training completed.
[13:23:11] INFO - Starting training MH_ISN_res_wd_dp for scene natural ...
[13:27:35] INFO - Epoch 1/15 | train loss=6.4672 acc=21.12% | val loss=5.7821 acc=33.63% | geo acc={'acc@1km': '6.85%', 'acc@5km': '26.26%', 'acc@25km': '42.36%', 'acc@100km': '52.71%'} | time=264.1s
[13:31:01] INFO - Epoch 2/15 | train loss=5.2187 acc=46.42% | val loss=5.3657 acc=42.41% | geo acc={'acc@1km': '8.66%', 'acc@5km': '33.00%', 'acc@25km': '50.01%', 'acc@100km': '59.07%'} | time=205.9s
[13:34:28] INFO - Epoch 3/15 | train loss=4.7629 acc=57.91% | val loss=5.1530 acc=47.37% | geo acc={'acc@1km': '9.68%', 'acc@5km': '36.07%', 'acc@25km': '54.05%', 'acc@100km': '61.67%'} | time=206.4s
[13:37:55] INFO - Epoch 4/15 | train loss=4.4819 acc=65.86% | val loss=5.0465 acc=50.07% | geo acc={'acc@1km': '10.03%', 'acc@5km': '37.95%', 'acc@25km': '55.76%', 'acc@100km': '63.38%'} | time=206.5s
[13:41:21] INFO - Epoch 5/15 | train loss=4.2926 acc=71.36% | val loss=4.9637 acc=51.96% | geo acc={'acc@1km': '10.24%', 'acc@5km': '38.96%', 'acc@25km': '56.95%', 'acc@100km': '64.31%'} | time=206.0s
[13:44:47] INFO - Epoch 6/15 | train loss=4.1179 acc=77.10% | val loss=4.8879 acc=53.91% | geo acc={'acc@1km': '10.71%', 'acc@5km': '40.46%', 'acc@25km': '58.51%', 'acc@100km': '65.52%'} | time=206.3s
[13:48:13] INFO - Epoch 7/15 | train loss=4.0560 acc=79.03% | val loss=4.8622 acc=54.71% | geo acc={'acc@1km': '10.76%', 'acc@5km': '40.61%', 'acc@25km': '58.61%', 'acc@100km': '65.32%'} | time=205.0s
[13:51:39] INFO - Epoch 8/15 | train loss=4.0033 acc=80.43% | val loss=4.8336 acc=55.30% | geo acc={'acc@1km': '10.91%', 'acc@5km': '41.09%', 'acc@25km': '59.07%', 'acc@100km': '65.90%'} | time=205.9s
[13:55:06] INFO - Epoch 9/15 | train loss=3.9540 acc=81.91% | val loss=4.8212 acc=55.58% | geo acc={'acc@1km': '10.91%', 'acc@5km': '41.25%', 'acc@25km': '59.39%', 'acc@100km': '65.75%'} | time=206.4s
[13:58:31] INFO - Epoch 10/15 | train loss=3.9125 acc=83.10% | val loss=4.7895 acc=56.02% | geo acc={'acc@1km': '11.07%', 'acc@5km': '41.47%', 'acc@25km': '59.81%', 'acc@100km': '66.12%'} | time=205.1s
[14:01:57] INFO - Epoch 11/15 | train loss=3.8532 acc=84.96% | val loss=4.7694 acc=56.80% | geo acc={'acc@1km': '11.34%', 'acc@5km': '42.09%', 'acc@25km': '60.09%', 'acc@100km': '66.55%'} | time=205.6s
[14:05:24] INFO - Epoch 12/15 | train loss=3.8377 acc=85.42% | val loss=4.7818 acc=56.64% | geo acc={'acc@1km': '11.15%', 'acc@5km': '41.86%', 'acc@25km': '59.97%', 'acc@100km': '66.46%'} | time=206.4s
[14:08:50] INFO - Epoch 13/15 | train loss=3.8184 acc=85.97% | val loss=4.7835 acc=57.04% | geo acc={'acc@1km': '11.11%', 'acc@5km': '41.82%', 'acc@25km': '60.08%', 'acc@100km': '66.37%'} | time=206.0s
[14:12:16] INFO - Epoch 14/15 | train loss=3.8038 acc=86.31% | val loss=4.7600 acc=56.88% | geo acc={'acc@1km': '11.12%', 'acc@5km': '42.05%', 'acc@25km': '60.32%', 'acc@100km': '66.52%'} | time=206.1s
[14:15:42] INFO - Epoch 15/15 | train loss=3.7886 acc=86.72% | val loss=4.7510 acc=57.58% | geo acc={'acc@1km': '11.34%', 'acc@5km': '42.53%', 'acc@25km': '60.75%', 'acc@100km': '66.80%'} | time=206.2s
[14:15:42] INFO - Training completed.
[14:30:56] INFO - Starting training res_cbam_wd_sp for scene total ...
[14:35:58] INFO - Epoch 1/15 | train loss=7.4759 acc=11.64% | val loss=6.7337 acc=21.87% | geo acc={'acc@1km': '6.46%', 'acc@5km': '24.33%', 'acc@25km': '42.98%', 'acc@100km': '54.20%'} | time=302.3s
[14:39:21] INFO - Epoch 2/15 | train loss=6.0708 acc=36.15% | val loss=6.2453 acc=30.34% | geo acc={'acc@1km': '9.23%', 'acc@5km': '33.30%', 'acc@25km': '53.93%', 'acc@100km': '64.19%'} | time=202.7s
[14:43:24] INFO - Epoch 3/15 | train loss=5.5037 acc=49.86% | val loss=6.0193 acc=34.21% | geo acc={'acc@1km': '10.78%', 'acc@5km': '37.29%', 'acc@25km': '58.43%', 'acc@100km': '67.80%'} | time=242.1s
[14:46:46] INFO - Epoch 4/15 | train loss=5.1617 acc=59.33% | val loss=5.8838 acc=37.30% | geo acc={'acc@1km': '12.07%', 'acc@5km': '40.21%', 'acc@25km': '61.91%', 'acc@100km': '71.36%'} | time=202.4s
[14:50:11] INFO - Epoch 5/15 | train loss=4.9198 acc=66.47% | val loss=5.7890 acc=39.53% | geo acc={'acc@1km': '12.92%', 'acc@5km': '42.36%', 'acc@25km': '64.47%', 'acc@100km': '73.27%'} | time=204.4s
[14:54:00] INFO - Epoch 6/15 | train loss=4.7170 acc=73.20% | val loss=5.7325 acc=40.52% | geo acc={'acc@1km': '13.44%', 'acc@5km': '43.49%', 'acc@25km': '65.51%', 'acc@100km': '74.43%'} | time=228.6s
[14:57:24] INFO - Epoch 7/15 | train loss=4.6284 acc=76.01% | val loss=5.7038 acc=41.10% | geo acc={'acc@1km': '13.36%', 'acc@5km': '43.80%', 'acc@25km': '65.75%', 'acc@100km': '74.64%'} | time=204.4s
[15:00:45] INFO - Epoch 8/15 | train loss=4.5567 acc=78.11% | val loss=5.6723 acc=41.77% | geo acc={'acc@1km': '13.60%', 'acc@5km': '44.46%', 'acc@25km': '66.69%', 'acc@100km': '75.36%'} | time=201.0s
[15:04:33] INFO - Epoch 9/15 | train loss=4.4896 acc=79.98% | val loss=5.6457 acc=42.33% | geo acc={'acc@1km': '13.80%', 'acc@5km': '44.77%', 'acc@25km': '67.16%', 'acc@100km': '75.77%'} | time=227.1s
[15:08:02] INFO - Epoch 10/15 | train loss=4.4274 acc=81.70% | val loss=5.6201 acc=42.99% | geo acc={'acc@1km': '14.13%', 'acc@5km': '45.52%', 'acc@25km': '67.74%', 'acc@100km': '76.31%'} | time=208.7s
[15:11:23] INFO - Epoch 11/15 | train loss=4.3593 acc=83.80% | val loss=5.6039 acc=43.20% | geo acc={'acc@1km': '14.13%', 'acc@5km': '45.51%', 'acc@25km': '67.86%', 'acc@100km': '76.52%'} | time=201.4s
[15:15:14] INFO - Epoch 12/15 | train loss=4.3288 acc=84.74% | val loss=5.5955 acc=43.44% | geo acc={'acc@1km': '14.33%', 'acc@5km': '45.91%', 'acc@25km': '68.22%', 'acc@100km': '76.74%'} | time=230.7s
[15:18:43] INFO - Epoch 13/15 | train loss=4.3030 acc=85.37% | val loss=5.5906 acc=43.50% | geo acc={'acc@1km': '14.30%', 'acc@5km': '46.01%', 'acc@25km': '68.12%', 'acc@100km': '76.66%'} | time=208.8s
[15:23:10] INFO - Epoch 14/15 | train loss=4.2787 acc=85.96% | val loss=5.5749 acc=43.91% | geo acc={'acc@1km': '14.41%', 'acc@5km': '46.36%', 'acc@25km': '68.49%', 'acc@100km': '77.09%'} | time=266.5s
[15:27:08] INFO - Epoch 15/15 | train loss=4.2549 acc=86.54% | val loss=5.5712 acc=43.96% | geo acc={'acc@1km': '14.38%', 'acc@5km': '46.35%', 'acc@25km': '68.71%', 'acc@100km': '77.26%'} | time=237.8s
[15:27:08] INFO - Training completed.
[16:06:31] INFO - Starting training MH_res_cbam_wd_sp for scene total ...
[16:10:50] INFO - Epoch 1/15 | train loss=7.1183 acc=13.30% | val loss=6.4135 acc=23.72% | geo acc={'acc@1km': '6.94%', 'acc@5km': '26.01%', 'acc@25km': '45.35%', 'acc@100km': '56.95%'} | time=259.6s
[16:15:42] INFO - Epoch 2/15 | train loss=5.8339 acc=35.62% | val loss=5.9645 acc=32.23% | geo acc={'acc@1km': '9.56%', 'acc@5km': '34.57%', 'acc@25km': '56.09%', 'acc@100km': '66.37%'} | time=290.9s
[16:19:37] INFO - Epoch 3/15 | train loss=5.3351 acc=47.18% | val loss=5.7613 acc=36.37% | geo acc={'acc@1km': '11.24%', 'acc@5km': '38.57%', 'acc@25km': '60.17%', 'acc@100km': '69.60%'} | time=234.7s
[16:23:44] INFO - Epoch 4/15 | train loss=5.0349 acc=55.00% | val loss=5.6361 acc=39.23% | geo acc={'acc@1km': '12.39%', 'acc@5km': '41.48%', 'acc@25km': '63.44%', 'acc@100km': '72.72%'} | time=247.4s
[16:27:33] INFO - Epoch 5/15 | train loss=4.8188 acc=61.09% | val loss=5.5428 acc=41.06% | geo acc={'acc@1km': '13.08%', 'acc@5km': '43.30%', 'acc@25km': '65.59%', 'acc@100km': '74.55%'} | time=228.4s
[16:31:47] INFO - Epoch 6/15 | train loss=4.6353 acc=66.97% | val loss=5.4881 acc=42.57% | geo acc={'acc@1km': '13.53%', 'acc@5km': '44.43%', 'acc@25km': '66.69%', 'acc@100km': '75.57%'} | time=253.8s
[16:35:37] INFO - Epoch 7/15 | train loss=4.5559 acc=69.18% | val loss=5.4599 acc=43.30% | geo acc={'acc@1km': '13.68%', 'acc@5km': '44.97%', 'acc@25km': '67.40%', 'acc@100km': '76.20%'} | time=229.2s
[16:39:28] INFO - Epoch 8/15 | train loss=4.4884 acc=71.15% | val loss=5.4312 acc=43.91% | geo acc={'acc@1km': '13.93%', 'acc@5km': '45.86%', 'acc@25km': '68.17%', 'acc@100km': '76.88%'} | time=230.9s
[16:43:48] INFO - Epoch 9/15 | train loss=4.4281 acc=72.95% | val loss=5.4020 acc=44.59% | geo acc={'acc@1km': '14.10%', 'acc@5km': '46.35%', 'acc@25km': '68.76%', 'acc@100km': '77.27%'} | time=259.2s
[16:47:36] INFO - Epoch 10/15 | train loss=4.3707 acc=74.56% | val loss=5.3780 acc=45.12% | geo acc={'acc@1km': '14.22%', 'acc@5km': '46.67%', 'acc@25km': '69.00%', 'acc@100km': '77.61%'} | time=227.8s
[16:51:36] INFO - Epoch 11/15 | train loss=4.3072 acc=76.48% | val loss=5.3639 acc=45.38% | geo acc={'acc@1km': '14.32%', 'acc@5km': '46.87%', 'acc@25km': '69.52%', 'acc@100km': '77.88%'} | time=240.0s
[16:55:31] INFO - Epoch 12/15 | train loss=4.2796 acc=77.34% | val loss=5.3570 acc=45.52% | geo acc={'acc@1km': '14.33%', 'acc@5km': '46.78%', 'acc@25km': '69.40%', 'acc@100km': '77.73%'} | time=235.2s
[16:59:26] INFO - Epoch 13/15 | train loss=4.2564 acc=77.92% | val loss=5.3486 acc=45.71% | geo acc={'acc@1km': '14.45%', 'acc@5km': '47.22%', 'acc@25km': '69.89%', 'acc@100km': '78.18%'} | time=233.9s
[17:04:11] INFO - Epoch 14/15 | train loss=4.2339 acc=78.63% | val loss=5.3364 acc=46.13% | geo acc={'acc@1km': '14.58%', 'acc@5km': '47.53%', 'acc@25km': '69.90%', 'acc@100km': '78.28%'} | time=285.3s
[17:08:04] INFO - Epoch 15/15 | train loss=4.2111 acc=79.20% | val loss=5.3324 acc=46.18% | geo acc={'acc@1km': '14.57%', 'acc@5km': '47.38%', 'acc@25km': '70.21%', 'acc@100km': '78.48%'} | time=232.4s
[17:08:04] INFO - Training completed.
[19:30:23] INFO - Saved consolidated checkpoints
[19:30:23] INFO - Deleted
[19:31:41] INFO - Saved consolidated checkpoints
[19:31:41] INFO - Deleted
[19:31:41] INFO - Deleted
[19:32:57] INFO - Starting training MH_ISN_res_cbam_wd_sp for scene urban ...
[19:34:31] INFO - Epoch 1/15 | train loss=6.6341 acc=5.09% | val loss=6.2150 acc=10.73% | geo acc={'acc@1km': '3.42%', 'acc@5km': '14.56%', 'acc@25km': '35.93%', 'acc@100km': '41.86%'} | time=94.7s
[19:35:46] INFO - Epoch 2/15 | train loss=5.7868 acc=18.06% | val loss=5.9194 acc=15.20% | geo acc={'acc@1km': '4.73%', 'acc@5km': '18.95%', 'acc@25km': '42.55%', 'acc@100km': '48.52%'} | time=74.1s
[19:37:00] INFO - Epoch 3/15 | train loss=5.3326 acc=27.82% | val loss=5.7819 acc=18.20% | geo acc={'acc@1km': '6.20%', 'acc@5km': '21.81%', 'acc@25km': '45.75%', 'acc@100km': '52.22%'} | time=74.1s
[19:38:14] INFO - Epoch 4/15 | train loss=5.0123 acc=36.34% | val loss=5.6947 acc=20.10% | geo acc={'acc@1km': '7.10%', 'acc@5km': '24.10%', 'acc@25km': '48.04%', 'acc@100km': '54.30%'} | time=74.1s
[19:39:28] INFO - Epoch 5/15 | train loss=4.7625 acc=44.09% | val loss=5.6492 acc=21.47% | geo acc={'acc@1km': '7.54%', 'acc@5km': '24.79%', 'acc@25km': '48.56%', 'acc@100km': '55.16%'} | time=74.1s
[19:40:43] INFO - Epoch 6/15 | train loss=4.5439 acc=52.12% | val loss=5.6023 acc=22.45% | geo acc={'acc@1km': '7.65%', 'acc@5km': '25.70%', 'acc@25km': '49.97%', 'acc@100km': '56.82%'} | time=74.0s
[19:41:57] INFO - Epoch 7/15 | train loss=4.4577 acc=55.17% | val loss=5.5916 acc=22.86% | geo acc={'acc@1km': '8.03%', 'acc@5km': '25.74%', 'acc@25km': '49.93%', 'acc@100km': '56.80%'} | time=74.1s
[19:43:11] INFO - Epoch 8/15 | train loss=4.3823 acc=57.72% | val loss=5.5761 acc=23.11% | geo acc={'acc@1km': '8.28%', 'acc@5km': '26.27%', 'acc@25km': '50.47%', 'acc@100km': '57.47%'} | time=74.2s
[19:44:25] INFO - Epoch 9/15 | train loss=4.3116 acc=60.27% | val loss=5.5662 acc=23.54% | geo acc={'acc@1km': '8.28%', 'acc@5km': '26.31%', 'acc@25km': '50.85%', 'acc@100km': '57.66%'} | time=74.1s
[19:45:40] INFO - Epoch 10/15 | train loss=4.2448 acc=62.60% | val loss=5.5532 acc=23.94% | geo acc={'acc@1km': '8.49%', 'acc@5km': '26.94%', 'acc@25km': '51.61%', 'acc@100km': '58.42%'} | time=74.0s
[19:46:54] INFO - Epoch 11/15 | train loss=4.1708 acc=65.27% | val loss=5.5375 acc=24.23% | geo acc={'acc@1km': '8.36%', 'acc@5km': '26.58%', 'acc@25km': '51.73%', 'acc@100km': '58.56%'} | time=74.0s
[19:48:08] INFO - Epoch 12/15 | train loss=4.1391 acc=66.58% | val loss=5.5333 acc=24.33% | geo acc={'acc@1km': '8.51%', 'acc@5km': '27.11%', 'acc@25km': '51.61%', 'acc@100km': '58.33%'} | time=74.1s
[19:49:22] INFO - Epoch 13/15 | train loss=4.1101 acc=67.66% | val loss=5.5361 acc=24.28% | geo acc={'acc@1km': '8.55%', 'acc@5km': '26.71%', 'acc@25km': '51.54%', 'acc@100km': '58.20%'} | time=74.2s
[19:50:36] INFO - Epoch 14/15 | train loss=4.0823 acc=68.46% | val loss=5.5232 acc=24.84% | geo acc={'acc@1km': '8.57%', 'acc@5km': '26.50%', 'acc@25km': '51.46%', 'acc@100km': '58.10%'} | time=74.0s
[19:51:50] INFO - Epoch 15/15 | train loss=4.0583 acc=69.17% | val loss=5.5227 acc=24.98% | geo acc={'acc@1km': '8.83%', 'acc@5km': '27.27%', 'acc@25km': '51.84%', 'acc@100km': '59.00%'} | time=74.0s
[19:51:50] INFO - Training completed.
[19:51:50] INFO - Starting training MH_ISN_res_cbam_wd_sp for scene natural ...
[19:55:39] INFO - Epoch 1/15 | train loss=6.5768 acc=18.00% | val loss=5.8567 acc=30.82% | geo acc={'acc@1km': '6.07%', 'acc@5km': '24.74%', 'acc@25km': '42.92%', 'acc@100km': '55.57%'} | time=228.8s
[19:59:10] INFO - Epoch 2/15 | train loss=5.3167 acc=42.63% | val loss=5.4149 acc=40.25% | geo acc={'acc@1km': '8.34%', 'acc@5km': '32.98%', 'acc@25km': '53.77%', 'acc@100km': '65.60%'} | time=210.3s
[20:02:40] INFO - Epoch 3/15 | train loss=4.8432 acc=54.40% | val loss=5.1863 acc=45.72% | geo acc={'acc@1km': '9.66%', 'acc@5km': '37.33%', 'acc@25km': '59.88%', 'acc@100km': '70.61%'} | time=210.3s
[20:06:11] INFO - Epoch 4/15 | train loss=4.5461 acc=62.69% | val loss=5.0699 acc=48.74% | geo acc={'acc@1km': '10.14%', 'acc@5km': '39.65%', 'acc@25km': '62.13%', 'acc@100km': '72.59%'} | time=210.1s
[20:09:41] INFO - Epoch 5/15 | train loss=4.3463 acc=68.57% | val loss=4.9762 acc=50.88% | geo acc={'acc@1km': '10.62%', 'acc@5km': '41.35%', 'acc@25km': '64.62%', 'acc@100km': '74.71%'} | time=210.4s
[20:13:12] INFO - Epoch 6/15 | train loss=4.1685 acc=74.49% | val loss=4.9034 acc=52.67% | geo acc={'acc@1km': '11.04%', 'acc@5km': '42.60%', 'acc@25km': '65.87%', 'acc@100km': '76.14%'} | time=210.2s
[20:16:42] INFO - Epoch 7/15 | train loss=4.1013 acc=76.55% | val loss=4.8725 acc=53.43% | geo acc={'acc@1km': '11.20%', 'acc@5km': '43.24%', 'acc@25km': '66.85%', 'acc@100km': '76.67%'} | time=210.3s
[20:20:13] INFO - Epoch 8/15 | train loss=4.0443 acc=78.15% | val loss=4.8424 acc=54.35% | geo acc={'acc@1km': '11.35%', 'acc@5km': '43.93%', 'acc@25km': '67.54%', 'acc@100km': '77.49%'} | time=210.4s
[20:23:44] INFO - Epoch 9/15 | train loss=3.9911 acc=79.94% | val loss=4.8275 acc=54.79% | geo acc={'acc@1km': '11.46%', 'acc@5km': '44.53%', 'acc@25km': '68.01%', 'acc@100km': '77.96%'} | time=210.2s
[20:27:14] INFO - Epoch 10/15 | train loss=3.9477 acc=81.21% | val loss=4.7945 acc=55.24% | geo acc={'acc@1km': '11.35%', 'acc@5km': '44.09%', 'acc@25km': '68.31%', 'acc@100km': '78.12%'} | time=210.3s
[20:30:45] INFO - Epoch 11/15 | train loss=3.8851 acc=83.35% | val loss=4.7750 acc=55.95% | geo acc={'acc@1km': '11.59%', 'acc@5km': '44.91%', 'acc@25km': '69.03%', 'acc@100km': '78.79%'} | time=210.4s
[20:34:15] INFO - Epoch 12/15 | train loss=3.8681 acc=83.81% | val loss=4.7829 acc=55.82% | geo acc={'acc@1km': '11.61%', 'acc@5km': '44.83%', 'acc@25km': '68.47%', 'acc@100km': '78.24%'} | time=210.3s
[20:37:45] INFO - Epoch 13/15 | train loss=3.8465 acc=84.47% | val loss=4.7793 acc=56.18% | geo acc={'acc@1km': '11.55%', 'acc@5km': '45.06%', 'acc@25km': '69.01%', 'acc@100km': '78.60%'} | time=210.3s
[20:41:16] INFO - Epoch 14/15 | train loss=3.8312 acc=84.85% | val loss=4.7583 acc=56.28% | geo acc={'acc@1km': '11.78%', 'acc@5km': '45.37%', 'acc@25km': '69.32%', 'acc@100km': '78.83%'} | time=210.6s
[20:44:47] INFO - Epoch 15/15 | train loss=3.8142 acc=85.30% | val loss=4.7483 acc=56.93% | geo acc={'acc@1km': '11.83%', 'acc@5km': '45.72%', 'acc@25km': '69.77%', 'acc@100km': '79.28%'} | time=210.2s
[20:44:47] INFO - Training completed.
[20:44:48] INFO - Saved consolidated checkpoints
[20:44:48] INFO - Deleted
[20:44:48] INFO - Deleted
[16:40:01] INFO - Starting training MH_inceptionv4_wd_sp_30 for scene total ...
[16:47:22] INFO - Epoch 1/30 | train loss=7.8193 acc=7.72% | val loss=7.3005 acc=13.03% | geo acc={'acc@1km': '3.53%', 'acc@5km': '13.48%', 'acc@25km': '25.46%', 'acc@100km': '33.14%'} | time=441.1s
[16:53:03] INFO - Epoch 2/30 | train loss=6.7107 acc=16.72% | val loss=7.2928 acc=15.26% | geo acc={'acc@1km': '4.52%', 'acc@5km': '16.02%', 'acc@25km': '28.55%', 'acc@100km': '36.69%'} | time=340.4s
[16:58:46] INFO - Epoch 3/30 | train loss=6.4105 acc=20.64% | val loss=7.3429 acc=16.53% | geo acc={'acc@1km': '4.71%', 'acc@5km': '17.18%', 'acc@25km': '29.75%', 'acc@100km': '37.79%'} | time=343.0s
[17:04:29] INFO - Epoch 4/30 | train loss=5.3019 acc=33.42% | val loss=6.5387 acc=21.14% | geo acc={'acc@1km': '6.21%', 'acc@5km': '21.98%', 'acc@25km': '36.01%', 'acc@100km': '44.25%'} | time=342.8s
[17:10:10] INFO - Epoch 5/30 | train loss=5.1763 acc=34.92% | val loss=6.4503 acc=21.82% | geo acc={'acc@1km': '6.43%', 'acc@5km': '22.90%', 'acc@25km': '37.29%', 'acc@100km': '45.53%'} | time=341.0s
[17:15:51] INFO - Epoch 6/30 | train loss=5.1081 acc=35.86% | val loss=6.4220 acc=21.97% | geo acc={'acc@1km': '6.54%', 'acc@5km': '23.06%', 'acc@25km': '37.26%', 'acc@100km': '45.45%'} | time=340.5s
[17:21:34] INFO - Epoch 7/30 | train loss=4.9859 acc=38.01% | val loss=6.3638 acc=22.69% | geo acc={'acc@1km': '6.68%', 'acc@5km': '23.57%', 'acc@25km': '38.35%', 'acc@100km': '46.66%'} | time=343.1s
[17:27:19] INFO - Epoch 8/30 | train loss=4.9582 acc=38.52% | val loss=6.3378 acc=22.79% | geo acc={'acc@1km': '6.76%', 'acc@5km': '23.87%', 'acc@25km': '38.57%', 'acc@100km': '46.76%'} | time=344.6s
[17:33:05] INFO - Epoch 9/30 | train loss=4.9537 acc=38.49% | val loss=6.3412 acc=22.69% | geo acc={'acc@1km': '6.76%', 'acc@5km': '23.63%', 'acc@25km': '38.54%', 'acc@100km': '46.95%'} | time=345.0s
[17:38:46] INFO - Epoch 10/30 | train loss=4.9372 acc=38.93% | val loss=6.3256 acc=22.88% | geo acc={'acc@1km': '6.80%', 'acc@5km': '23.87%', 'acc@25km': '38.62%', 'acc@100km': '46.90%'} | time=341.0s
[17:44:24] INFO - Epoch 11/30 | train loss=4.9379 acc=38.99% | val loss=6.3550 acc=22.62% | geo acc={'acc@1km': '6.75%', 'acc@5km': '23.60%', 'acc@25km': '38.27%', 'acc@100km': '46.46%'} | time=338.0s
[17:50:02] INFO - Epoch 12/30 | train loss=4.9452 acc=38.67% | val loss=6.3205 acc=22.93% | geo acc={'acc@1km': '6.71%', 'acc@5km': '23.96%', 'acc@25km': '38.61%', 'acc@100km': '46.86%'} | time=338.4s
[17:55:43] INFO - Epoch 13/30 | train loss=4.9402 acc=38.76% | val loss=6.3176 acc=23.00% | geo acc={'acc@1km': '6.82%', 'acc@5km': '24.01%', 'acc@25km': '38.86%', 'acc@100km': '47.32%'} | time=340.1s
[18:01:26] INFO - Epoch 14/30 | train loss=4.9401 acc=38.86% | val loss=6.3366 acc=22.95% | geo acc={'acc@1km': '6.69%', 'acc@5km': '23.75%', 'acc@25km': '38.63%', 'acc@100km': '46.89%'} | time=343.3s
[18:07:10] INFO - Epoch 15/30 | train loss=4.9380 acc=38.84% | val loss=6.3191 acc=22.98% | geo acc={'acc@1km': '6.82%', 'acc@5km': '23.91%', 'acc@25km': '38.81%', 'acc@100km': '47.25%'} | time=343.4s
[18:13:49] INFO - Starting training MH_inceptionv4_wd_sp_30 for scene total ...
[18:23:37] INFO - Epoch 1/30 | train loss=7.6346 acc=6.48% | val loss=7.0218 acc=11.61% | geo acc={'acc@1km': '2.89%', 'acc@5km': '12.00%', 'acc@25km': '24.95%', 'acc@100km': '33.85%'} | time=588.3s
[18:33:05] INFO - Epoch 2/30 | train loss=6.5178 acc=15.52% | val loss=6.8153 acc=15.24% | geo acc={'acc@1km': '3.94%', 'acc@5km': '15.83%', 'acc@25km': '29.86%', 'acc@100km': '39.21%'} | time=567.3s
[18:42:51] INFO - Epoch 3/30 | train loss=6.1314 acc=20.20% | val loss=6.8016 acc=16.49% | geo acc={'acc@1km': '4.50%', 'acc@5km': '17.27%', 'acc@25km': '31.90%', 'acc@100km': '41.31%'} | time=586.2s
[18:52:15] INFO - Epoch 4/30 | train loss=5.0500 acc=34.90% | val loss=5.9666 acc=23.49% | geo acc={'acc@1km': '7.08%', 'acc@5km': '25.05%', 'acc@25km': '41.35%', 'acc@100km': '50.52%'} | time=563.5s
[19:01:37] INFO - Epoch 5/30 | train loss=4.9705 acc=36.29% | val loss=5.9271 acc=24.09% | geo acc={'acc@1km': '7.01%', 'acc@5km': '25.60%', 'acc@25km': '42.08%', 'acc@100km': '51.10%'} | time=561.8s
[19:11:22] INFO - Epoch 6/30 | train loss=4.9291 acc=36.97% | val loss=5.9101 acc=24.15% | geo acc={'acc@1km': '7.12%', 'acc@5km': '25.77%', 'acc@25km': '41.91%', 'acc@100km': '51.17%'} | time=584.2s
[19:20:40] INFO - Epoch 7/30 | train loss=4.8215 acc=39.33% | val loss=5.8414 acc=25.21% | geo acc={'acc@1km': '7.58%', 'acc@5km': '26.62%', 'acc@25km': '43.29%', 'acc@100km': '52.31%'} | time=558.2s
[00:02:13] INFO - Starting training MH_inceptionv4_wd_sp_30 for scene total ...
[00:16:20] INFO - Starting training MH_inceptionv4_wd_sp_30 for scene total ...
[00:25:14] INFO - Starting training MH_res_cbam_wd_sp for scene total ...
[00:42:46] INFO - Starting training MH_res_cbam_wd_sp for scene total ...
[00:49:33] INFO - Epoch 1/15 | train loss=7.5853 acc=10.38% | val loss=6.9814 acc=17.63% | geo acc={'acc@1km': '7.60%', 'acc@5km': '22.34%', 'acc@25km': '36.55%', 'acc@100km': '45.35%'} | time=406.6s
[00:55:48] INFO - Epoch 2/15 | train loss=6.3729 acc=27.51% | val loss=6.6703 acc=23.69% | geo acc={'acc@1km': '10.08%', 'acc@5km': '28.93%', 'acc@25km': '44.75%', 'acc@100km': '53.06%'} | time=374.5s
[01:01:55] INFO - Epoch 3/15 | train loss=5.8577 acc=37.65% | val loss=6.5301 acc=26.91% | geo acc={'acc@1km': '11.44%', 'acc@5km': '32.26%', 'acc@25km': '48.33%', 'acc@100km': '56.46%'} | time=366.7s
[01:08:03] INFO - Epoch 4/15 | train loss=5.5236 acc=45.34% | val loss=6.4566 acc=28.96% | geo acc={'acc@1km': '12.20%', 'acc@5km': '34.18%', 'acc@25km': '50.67%', 'acc@100km': '58.31%'} | time=367.6s
[01:14:11] INFO - Epoch 5/15 | train loss=5.2752 acc=51.74% | val loss=6.4055 acc=30.50% | geo acc={'acc@1km': '12.77%', 'acc@5km': '35.62%', 'acc@25km': '52.07%', 'acc@100km': '59.52%'} | time=367.4s
[01:20:18] INFO - Epoch 6/15 | train loss=5.0478 acc=58.61% | val loss=6.3702 acc=31.25% | geo acc={'acc@1km': '13.06%', 'acc@5km': '36.30%', 'acc@25km': '52.92%', 'acc@100km': '60.29%'} | time=366.8s
[01:26:26] INFO - Epoch 7/15 | train loss=4.9550 acc=61.32% | val loss=6.3466 acc=31.92% | geo acc={'acc@1km': '13.29%', 'acc@5km': '36.94%', 'acc@25km': '53.54%', 'acc@100km': '60.84%'} | time=366.9s
[01:32:38] INFO - Epoch 8/15 | train loss=4.8735 acc=63.56% | val loss=6.3336 acc=32.39% | geo acc={'acc@1km': '13.65%', 'acc@5km': '37.41%', 'acc@25km': '54.04%', 'acc@100km': '61.25%'} | time=372.0s
[01:38:52] INFO - Epoch 9/15 | train loss=4.8002 acc=65.70% | val loss=6.3234 acc=32.71% | geo acc={'acc@1km': '13.69%', 'acc@5km': '37.52%', 'acc@25km': '54.18%', 'acc@100km': '61.36%'} | time=372.5s
[01:45:05] INFO - Epoch 10/15 | train loss=4.7320 acc=67.70% | val loss=6.3179 acc=32.93% | geo acc={'acc@1km': '13.81%', 'acc@5km': '37.84%', 'acc@25km': '54.52%', 'acc@100km': '61.64%'} | time=372.7s
[01:46:58] INFO - Starting training MH_res_cbam_wd_sp for scene total ...
[01:53:43] INFO - Epoch 1/15 | train loss=7.6982 acc=8.32% | val loss=7.0875 acc=15.63% | geo acc={'acc@1km': '6.80%', 'acc@5km': '20.49%', 'acc@25km': '34.65%', 'acc@100km': '43.22%'} | time=405.1s
[12:42:24] INFO - Starting training MH_res_cbam_wd_sp for scene total ...
[12:49:22] INFO - Epoch 1/15 | train loss=7.7282 acc=7.98% | val loss=7.1032 acc=15.43% | geo acc={'acc@1km': '6.85%', 'acc@5km': '20.28%', 'acc@25km': '34.11%', 'acc@100km': '42.81%'} | time=417.8s
[12:55:35] INFO - Epoch 2/15 | train loss=6.6686 acc=21.53% | val loss=6.7835 acc=21.21% | geo acc={'acc@1km': '9.19%', 'acc@5km': '26.23%', 'acc@25km': '41.46%', 'acc@100km': '49.97%'} | time=372.7s
[13:01:47] INFO - Epoch 3/15 | train loss=6.2183 acc=29.41% | val loss=6.6340 acc=24.43% | geo acc={'acc@1km': '10.43%', 'acc@5km': '29.55%', 'acc@25km': '45.30%', 'acc@100km': '53.82%'} | time=371.2s
[13:07:57] INFO - Epoch 4/15 | train loss=5.9254 acc=35.20% | val loss=6.5447 acc=26.55% | geo acc={'acc@1km': '11.33%', 'acc@5km': '31.59%', 'acc@25km': '47.71%', 'acc@100km': '55.68%'} | time=369.7s
[13:14:09] INFO - Epoch 5/15 | train loss=5.7064 acc=40.01% | val loss=6.4768 acc=28.22% | geo acc={'acc@1km': '11.87%', 'acc@5km': '33.52%', 'acc@25km': '49.52%', 'acc@100km': '57.16%'} | time=370.9s
[13:20:17] INFO - Epoch 6/15 | train loss=5.5000 acc=45.54% | val loss=6.4386 acc=29.21% | geo acc={'acc@1km': '12.39%', 'acc@5km': '34.37%', 'acc@25km': '50.62%', 'acc@100km': '58.10%'} | time=368.3s
[13:26:22] INFO - Epoch 7/15 | train loss=5.4168 acc=47.63% | val loss=6.4126 acc=29.84% | geo acc={'acc@1km': '12.67%', 'acc@5km': '35.11%', 'acc@25km': '51.23%', 'acc@100km': '58.83%'} | time=364.0s
[13:32:27] INFO - Epoch 8/15 | train loss=5.3427 acc=49.59% | val loss=6.3969 acc=30.25% | geo acc={'acc@1km': '12.79%', 'acc@5km': '35.51%', 'acc@25km': '51.67%', 'acc@100km': '59.17%'} | time=364.8s
[13:38:36] INFO - Epoch 9/15 | train loss=5.2754 acc=51.37% | val loss=6.3809 acc=30.66% | geo acc={'acc@1km': '12.89%', 'acc@5km': '35.70%', 'acc@25km': '52.00%', 'acc@100km': '59.52%'} | time=368.2s
[13:44:45] INFO - Epoch 10/15 | train loss=5.2096 acc=53.21% | val loss=6.3676 acc=31.11% | geo acc={'acc@1km': '13.23%', 'acc@5km': '36.43%', 'acc@25km': '52.74%', 'acc@100km': '60.15%'} | time=368.6s
[13:50:55] INFO - Epoch 11/15 | train loss=5.1323 acc=55.48% | val loss=6.3522 acc=31.44% | geo acc={'acc@1km': '13.31%', 'acc@5km': '36.49%', 'acc@25km': '52.79%', 'acc@100km': '60.24%'} | time=369.3s
[13:57:01] INFO - Epoch 12/15 | train loss=5.1020 acc=56.36% | val loss=6.3487 acc=31.54% | geo acc={'acc@1km': '13.29%', 'acc@5km': '36.65%', 'acc@25km': '53.01%', 'acc@100km': '60.33%'} | time=365.9s
[14:03:10] INFO - Epoch 13/15 | train loss=5.0722 acc=57.24% | val loss=6.3408 acc=31.74% | geo acc={'acc@1km': '13.32%', 'acc@5km': '36.69%', 'acc@25km': '53.04%', 'acc@100km': '60.53%'} | time=368.1s
[14:09:19] INFO - Epoch 14/15 | train loss=5.0467 acc=57.84% | val loss=6.3386 acc=31.72% | geo acc={'acc@1km': '13.37%', 'acc@5km': '36.89%', 'acc@25km': '53.09%', 'acc@100km': '60.54%'} | time=368.6s
[14:15:28] INFO - Epoch 15/15 | train loss=5.0219 acc=58.55% | val loss=6.3296 acc=32.13% | geo acc={'acc@1km': '13.55%', 'acc@5km': '37.06%', 'acc@25km': '53.20%', 'acc@100km': '60.58%'} | time=369.2s
[14:15:28] INFO - Training completed.
[14:15:29] INFO - Saved consolidated checkpoints
[14:15:29] INFO - Deleted
[14:21:54] INFO - Starting training MH_res_cbam_wd_sp_mp16 for scene total ...
[14:28:50] INFO - Epoch 1/15 | train loss=7.6208 acc=9.96% | val loss=7.0042 acc=17.23% | geo acc={'acc@1km': '7.41%', 'acc@5km': '21.92%', 'acc@25km': '36.19%', 'acc@100km': '44.99%'} | time=415.7s
[14:34:57] INFO - Epoch 2/15 | train loss=6.4299 acc=26.60% | val loss=6.6924 acc=23.42% | geo acc={'acc@1km': '10.01%', 'acc@5km': '28.65%', 'acc@25km': '44.21%', 'acc@100km': '52.51%'} | time=366.8s
[14:41:01] INFO - Epoch 3/15 | train loss=5.9368 acc=36.16% | val loss=6.5550 acc=26.60% | geo acc={'acc@1km': '11.26%', 'acc@5km': '31.78%', 'acc@25km': '47.73%', 'acc@100km': '55.71%'} | time=362.8s
[14:47:13] INFO - Epoch 4/15 | train loss=5.6180 acc=43.19% | val loss=6.4772 acc=28.51% | geo acc={'acc@1km': '12.11%', 'acc@5km': '33.58%', 'acc@25km': '49.80%', 'acc@100km': '57.39%'} | time=371.9s
[15:11:11] INFO - Starting training MH_res_cbam_wd_sp_mp16 for scene total ...
[15:17:52] INFO - Epoch 1/15 | train loss=7.6111 acc=10.00% | val loss=7.0142 acc=17.40% | geo acc={'acc@1km': '7.54%', 'acc@5km': '21.96%', 'acc@25km': '36.36%', 'acc@100km': '45.58%'} | time=400.3s
[15:24:04] INFO - Epoch 2/15 | train loss=6.4192 acc=26.71% | val loss=6.6978 acc=23.49% | geo acc={'acc@1km': '10.04%', 'acc@5km': '28.66%', 'acc@25km': '44.37%', 'acc@100km': '52.43%'} | time=371.5s
[15:30:21] INFO - Epoch 3/15 | train loss=5.9250 acc=36.19% | val loss=6.5485 acc=27.03% | geo acc={'acc@1km': '11.40%', 'acc@5km': '32.19%', 'acc@25km': '48.26%', 'acc@100km': '56.12%'} | time=376.5s
[15:36:37] INFO - Epoch 4/15 | train loss=5.6064 acc=43.45% | val loss=6.4684 acc=29.09% | geo acc={'acc@1km': '12.20%', 'acc@5km': '34.03%', 'acc@25km': '50.09%', 'acc@100km': '57.68%'} | time=375.7s
[15:42:57] INFO - Epoch 5/15 | train loss=5.3727 acc=49.19% | val loss=6.4154 acc=30.32% | geo acc={'acc@1km': '12.61%', 'acc@5km': '35.17%', 'acc@25km': '51.68%', 'acc@100km': '58.85%'} | time=379.2s
[15:49:07] INFO - Epoch 6/15 | train loss=5.1500 acc=55.78% | val loss=6.3734 acc=31.47% | geo acc={'acc@1km': '13.08%', 'acc@5km': '36.43%', 'acc@25km': '52.79%', 'acc@100km': '59.94%'} | time=369.4s
[15:55:27] INFO - Epoch 7/15 | train loss=5.0640 acc=58.22% | val loss=6.3520 acc=31.93% | geo acc={'acc@1km': '13.28%', 'acc@5km': '36.83%', 'acc@25km': '53.33%', 'acc@100km': '60.47%'} | time=379.7s
[16:01:38] INFO - Epoch 8/15 | train loss=4.9831 acc=60.48% | val loss=6.3358 acc=32.43% | geo acc={'acc@1km': '13.40%', 'acc@5km': '37.24%', 'acc@25km': '53.65%', 'acc@100km': '60.66%'} | time=370.4s
[16:07:49] INFO - Epoch 9/15 | train loss=4.9141 acc=62.44% | val loss=6.3231 acc=32.83% | geo acc={'acc@1km': '13.43%', 'acc@5km': '37.47%', 'acc@25km': '53.96%', 'acc@100km': '60.97%'} | time=370.6s
[16:14:00] INFO - Epoch 10/15 | train loss=4.8480 acc=64.25% | val loss=6.3149 acc=33.13% | geo acc={'acc@1km': '13.54%', 'acc@5km': '37.65%', 'acc@25km': '54.24%', 'acc@100km': '61.20%'} | time=370.6s
[16:20:09] INFO - Epoch 11/15 | train loss=4.7689 acc=66.71% | val loss=6.3036 acc=33.37% | geo acc={'acc@1km': '13.69%', 'acc@5km': '37.94%', 'acc@25km': '54.48%', 'acc@100km': '61.36%'} | time=368.8s
[16:26:20] INFO - Epoch 12/15 | train loss=4.7388 acc=67.68% | val loss=6.2988 acc=33.52% | geo acc={'acc@1km': '13.89%', 'acc@5km': '38.18%', 'acc@25km': '54.83%', 'acc@100km': '61.59%'} | time=370.0s
[16:32:30] INFO - Epoch 13/15 | train loss=4.7063 acc=68.55% | val loss=6.2956 acc=33.64% | geo acc={'acc@1km': '13.92%', 'acc@5km': '38.28%', 'acc@25km': '54.70%', 'acc@100km': '61.71%'} | time=369.6s
[16:38:37] INFO - Epoch 14/15 | train loss=4.6812 acc=69.27% | val loss=6.2904 acc=33.84% | geo acc={'acc@1km': '13.83%', 'acc@5km': '38.33%', 'acc@25km': '55.04%', 'acc@100km': '61.89%'} | time=366.4s
[16:44:46] INFO - Epoch 15/15 | train loss=4.6559 acc=69.91% | val loss=6.2920 acc=33.83% | geo acc={'acc@1km': '13.89%', 'acc@5km': '38.42%', 'acc@25km': '54.98%', 'acc@100km': '61.86%'} | time=367.8s
[16:44:46] INFO - Training completed.
[16:44:46] INFO - Saved consolidated checkpoints
[16:44:46] INFO - Deleted
[16:50:23] INFO - Starting training MH_ISN_res_cbam_wd_sp_mp16 for scene urban ...
[16:53:01] INFO - Epoch 1/15 | train loss=7.1165 acc=3.51% | val loss=6.6091 acc=7.07% | geo acc={'acc@1km': '6.67%', 'acc@5km': '14.96%', 'acc@25km': '27.07%', 'acc@100km': '32.34%'} | time=158.4s
[16:55:11] INFO - Epoch 2/15 | train loss=5.9747 acc=11.56% | val loss=6.2291 acc=10.64% | geo acc={'acc@1km': '8.46%', 'acc@5km': '18.08%', 'acc@25km': '31.93%', 'acc@100km': '37.53%'} | time=130.1s
[16:57:20] INFO - Epoch 3/15 | train loss=5.2924 acc=19.04% | val loss=6.0814 acc=12.52% | geo acc={'acc@1km': '9.55%', 'acc@5km': '20.62%', 'acc@25km': '33.92%', 'acc@100km': '39.49%'} | time=128.6s
[16:59:31] INFO - Epoch 4/15 | train loss=4.8241 acc=25.78% | val loss=5.9815 acc=13.82% | geo acc={'acc@1km': '10.41%', 'acc@5km': '21.80%', 'acc@25km': '35.69%', 'acc@100km': '40.98%'} | time=130.1s
[17:01:41] INFO - Epoch 5/15 | train loss=4.4643 acc=32.12% | val loss=5.9304 acc=14.59% | geo acc={'acc@1km': '10.93%', 'acc@5km': '22.62%', 'acc@25km': '37.21%', 'acc@100km': '42.49%'} | time=130.1s
[17:03:51] INFO - Epoch 6/15 | train loss=4.1453 acc=39.38% | val loss=5.8830 acc=15.38% | geo acc={'acc@1km': '11.17%', 'acc@5km': '23.28%', 'acc@25km': '37.48%', 'acc@100km': '42.90%'} | time=129.8s
[17:06:02] INFO - Epoch 7/15 | train loss=4.0551 acc=41.33% | val loss=5.8749 acc=15.52% | geo acc={'acc@1km': '11.38%', 'acc@5km': '23.49%', 'acc@25km': '37.46%', 'acc@100km': '42.80%'} | time=130.2s
[17:08:12] INFO - Epoch 8/15 | train loss=3.9741 acc=43.03% | val loss=5.8595 acc=15.87% | geo acc={'acc@1km': '11.49%', 'acc@5km': '23.72%', 'acc@25km': '37.94%', 'acc@100km': '43.27%'} | time=130.3s
[17:10:22] INFO - Epoch 9/15 | train loss=3.9074 acc=44.45% | val loss=5.8455 acc=16.03% | geo acc={'acc@1km': '11.59%', 'acc@5km': '24.21%', 'acc@25km': '38.28%', 'acc@100km': '43.58%'} | time=129.6s
[17:12:31] INFO - Epoch 10/15 | train loss=3.8351 acc=46.03% | val loss=5.8453 acc=16.08% | geo acc={'acc@1km': '11.61%', 'acc@5km': '24.08%', 'acc@25km': '38.20%', 'acc@100km': '43.48%'} | time=128.4s
[17:14:39] INFO - Epoch 11/15 | train loss=3.7556 acc=48.07% | val loss=5.8388 acc=16.17% | geo acc={'acc@1km': '11.74%', 'acc@5km': '24.36%', 'acc@25km': '38.42%', 'acc@100km': '43.73%'} | time=128.2s
[17:16:48] INFO - Epoch 12/15 | train loss=3.7297 acc=48.64% | val loss=5.8401 acc=16.26% | geo acc={'acc@1km': '11.81%', 'acc@5km': '24.54%', 'acc@25km': '38.73%', 'acc@100km': '43.99%'} | time=128.3s
[17:18:57] INFO - Epoch 13/15 | train loss=3.7160 acc=48.70% | val loss=5.8345 acc=16.35% | geo acc={'acc@1km': '11.71%', 'acc@5km': '24.29%', 'acc@25km': '38.72%', 'acc@100km': '43.99%'} | time=129.0s
[17:21:07] INFO - Epoch 14/15 | train loss=3.6928 acc=49.45% | val loss=5.8291 acc=16.41% | geo acc={'acc@1km': '11.61%', 'acc@5km': '24.32%', 'acc@25km': '38.60%', 'acc@100km': '43.97%'} | time=129.6s
[17:23:17] INFO - Epoch 15/15 | train loss=3.6732 acc=49.76% | val loss=5.8305 acc=16.41% | geo acc={'acc@1km': '11.88%', 'acc@5km': '24.29%', 'acc@25km': '38.76%', 'acc@100km': '44.03%'} | time=129.9s
[17:23:17] INFO - Training completed.
[17:23:17] INFO - Starting training MH_ISN_res_cbam_wd_sp_mp16 for scene natural ...
[17:27:10] INFO - Epoch 1/15 | train loss=6.7779 acc=11.54% | val loss=5.8040 acc=21.21% | geo acc={'acc@1km': '4.71%', 'acc@5km': '18.35%', 'acc@25km': '31.89%', 'acc@100km': '43.87%'} | time=232.8s
[17:30:33] INFO - Epoch 2/15 | train loss=5.0112 acc=31.59% | val loss=5.1268 acc=29.24% | geo acc={'acc@1km': '6.75%', 'acc@5km': '25.25%', 'acc@25km': '41.98%', 'acc@100km': '53.33%'} | time=202.5s
[17:33:57] INFO - Epoch 3/15 | train loss=4.2784 acc=41.85% | val loss=4.8076 acc=34.10% | geo acc={'acc@1km': '7.90%', 'acc@5km': '29.25%', 'acc@25km': '47.04%', 'acc@100km': '57.52%'} | time=204.6s
[17:37:22] INFO - Epoch 4/15 | train loss=3.8421 acc=48.89% | val loss=4.6284 acc=36.98% | geo acc={'acc@1km': '8.43%', 'acc@5km': '31.07%', 'acc@25km': '49.47%', 'acc@100km': '59.59%'} | time=204.0s
[17:40:44] INFO - Epoch 5/15 | train loss=3.5339 acc=54.26% | val loss=4.5127 acc=38.86% | geo acc={'acc@1km': '8.83%', 'acc@5km': '32.92%', 'acc@25km': '51.64%', 'acc@100km': '61.37%'} | time=201.9s
[17:44:07] INFO - Epoch 6/15 | train loss=3.2726 acc=60.01% | val loss=4.4427 acc=40.28% | geo acc={'acc@1km': '9.15%', 'acc@5km': '33.70%', 'acc@25km': '52.67%', 'acc@100km': '62.25%'} | time=203.0s
[17:47:31] INFO - Epoch 7/15 | train loss=3.2005 acc=61.54% | val loss=4.4189 acc=40.56% | geo acc={'acc@1km': '9.19%', 'acc@5km': '33.79%', 'acc@25km': '52.80%', 'acc@100km': '62.46%'} | time=203.2s
[17:50:57] INFO - Epoch 8/15 | train loss=3.1332 acc=62.88% | val loss=4.3854 acc=41.12% | geo acc={'acc@1km': '9.22%', 'acc@5km': '34.23%', 'acc@25km': '53.43%', 'acc@100km': '63.03%'} | time=205.9s
[17:54:24] INFO - Epoch 9/15 | train loss=3.0749 acc=64.06% | val loss=4.3604 acc=41.45% | geo acc={'acc@1km': '9.26%', 'acc@5km': '34.41%', 'acc@25km': '53.51%', 'acc@100km': '63.16%'} | time=206.2s
[17:57:50] INFO - Epoch 10/15 | train loss=3.0168 acc=65.23% | val loss=4.3310 acc=42.07% | geo acc={'acc@1km': '9.42%', 'acc@5km': '34.81%', 'acc@25km': '53.99%', 'acc@100km': '63.39%'} | time=205.8s
[18:01:15] INFO - Epoch 11/15 | train loss=2.9524 acc=66.87% | val loss=4.3304 acc=42.18% | geo acc={'acc@1km': '9.39%', 'acc@5km': '34.84%', 'acc@25km': '54.01%', 'acc@100km': '63.42%'} | time=204.6s
[18:04:39] INFO - Epoch 12/15 | train loss=2.9363 acc=67.16% | val loss=4.3205 acc=42.32% | geo acc={'acc@1km': '9.45%', 'acc@5km': '34.97%', 'acc@25km': '54.10%', 'acc@100km': '63.65%'} | time=203.5s
[18:08:05] INFO - Epoch 13/15 | train loss=2.9230 acc=67.44% | val loss=4.3153 acc=42.31% | geo acc={'acc@1km': '9.44%', 'acc@5km': '35.02%', 'acc@25km': '54.37%', 'acc@100km': '63.86%'} | time=206.0s
[18:11:28] INFO - Epoch 14/15 | train loss=2.9065 acc=67.81% | val loss=4.3168 acc=42.40% | geo acc={'acc@1km': '9.40%', 'acc@5km': '35.02%', 'acc@25km': '54.18%', 'acc@100km': '63.55%'} | time=203.5s
[18:14:54] INFO - Epoch 15/15 | train loss=2.8828 acc=68.33% | val loss=4.2943 acc=42.60% | geo acc={'acc@1km': '9.49%', 'acc@5km': '35.15%', 'acc@25km': '54.47%', 'acc@100km': '63.77%'} | time=205.7s
[18:14:55] INFO - Training completed.
[18:14:56] INFO - Saved consolidated checkpoints
[18:14:56] INFO - Deleted
[18:14:56] INFO - Deleted
[18:18:25] INFO - Starting training MH_inceptionv4_cbam_wd_sp_mp16 for scene total ...
[18:32:23] INFO - Epoch 1/15 | train loss=8.1778 acc=2.19% | val loss=7.5534 acc=6.46% | geo acc={'acc@1km': '2.84%', 'acc@5km': '8.80%', 'acc@25km': '16.41%', 'acc@100km': '23.18%'} | time=838.3s
[18:45:54] INFO - Epoch 2/15 | train loss=7.1189 acc=9.46% | val loss=7.2287 acc=9.84% | geo acc={'acc@1km': '4.12%', 'acc@5km': '12.67%', 'acc@25km': '22.28%', 'acc@100km': '29.78%'} | time=810.1s
[18:59:24] INFO - Epoch 3/15 | train loss=6.7778 acc=12.61% | val loss=7.1370 acc=11.14% | geo acc={'acc@1km': '4.61%', 'acc@5km': '14.01%', 'acc@25km': '24.17%', 'acc@100km': '31.77%'} | time=809.9s
[19:12:54] INFO - Epoch 4/15 | train loss=6.3940 acc=16.91% | val loss=7.0111 acc=12.73% | geo acc={'acc@1km': '5.51%', 'acc@5km': '16.04%', 'acc@25km': '26.80%', 'acc@100km': '34.30%'} | time=809.6s
[19:26:25] INFO - Epoch 5/15 | train loss=6.3445 acc=17.60% | val loss=7.0002 acc=12.94% | geo acc={'acc@1km': '5.49%', 'acc@5km': '16.32%', 'acc@25km': '27.34%', 'acc@100km': '34.86%'} | time=810.1s
[19:39:56] INFO - Epoch 6/15 | train loss=6.3197 acc=17.86% | val loss=6.9825 acc=13.13% | geo acc={'acc@1km': '5.64%', 'acc@5km': '16.49%', 'acc@25km': '27.66%', 'acc@100km': '35.19%'} | time=810.6s
[19:53:27] INFO - Epoch 7/15 | train loss=6.2719 acc=18.45% | val loss=6.9806 acc=13.14% | geo acc={'acc@1km': '5.57%', 'acc@5km': '16.40%', 'acc@25km': '27.41%', 'acc@100km': '34.99%'} | time=810.3s
[20:06:58] INFO - Epoch 8/15 | train loss=6.2711 acc=18.50% | val loss=6.9804 acc=13.24% | geo acc={'acc@1km': '5.65%', 'acc@5km': '16.62%', 'acc@25km': '27.73%', 'acc@100km': '35.23%'} | time=810.2s
[20:20:28] INFO - Epoch 9/15 | train loss=6.2600 acc=18.66% | val loss=6.9800 acc=13.22% | geo acc={'acc@1km': '5.63%', 'acc@5km': '16.54%', 'acc@25km': '27.59%', 'acc@100km': '35.11%'} | time=810.0s
[23:37:21] INFO - Epoch 10/15 | train loss=6.2572 acc=18.70% | val loss=6.9787 acc=13.30% | geo acc={'acc@1km': '5.67%', 'acc@5km': '16.49%', 'acc@25km': '27.47%', 'acc@100km': '35.05%'} | time=11812.9s
[02:03:37] INFO - Starting training MH_res_cbam_wd_sp_mp16 for scene total ...
[02:10:22] INFO - Epoch 1/15 | train loss=7.6111 acc=10.00% | val loss=7.0142 acc=17.40% | geo acc={'acc@1km': '7.54%', 'acc@5km': '21.96%', 'acc@25km': '36.36%', 'acc@100km': '45.58%'} | time=404.3s
[02:16:34] INFO - Epoch 2/15 | train loss=6.4192 acc=26.71% | val loss=6.6978 acc=23.49% | geo acc={'acc@1km': '10.04%', 'acc@5km': '28.66%', 'acc@25km': '44.37%', 'acc@100km': '52.43%'} | time=371.8s
[02:22:46] INFO - Epoch 3/15 | train loss=5.9250 acc=36.19% | val loss=6.5485 acc=27.03% | geo acc={'acc@1km': '11.40%', 'acc@5km': '32.19%', 'acc@25km': '48.26%', 'acc@100km': '56.12%'} | time=371.7s
[02:22:51] INFO - Saved consolidated checkpoints
[02:52:05] INFO - Starting training MH_res_cbam_wd_sp_mp16 for scene total ...
[02:54:32] INFO - Epoch 1/1 | train loss=8.2697 acc=2.42% | val loss=7.9113 acc=6.19% | geo acc={'acc@1km': '2.49%', 'acc@5km': '8.53%', 'acc@25km': '17.19%', 'acc@100km': '25.35%'} | time=146.8s
[02:54:32] INFO - Training completed.
[02:55:21] INFO - Saved consolidated checkpoints
[02:55:22] INFO - Deleted
[11:02:16] INFO - Starting training MH_res_cbam_wd_sp_mp16 for scene total ...
[11:03:28] INFO - Starting training MH_res_cbam_wd_sp_mp16 for scene total ...
[13:15:52] INFO - Starting training MH_res_cbam_wd_sp_mp16 for scene total ...
[13:22:40] INFO - Epoch 1/15 | train loss=7.1834 acc=12.31% | val loss=6.4351 acc=20.42% | geo acc={'acc@1km': '8.64%', 'acc@5km': '25.24%', 'acc@25km': '39.85%', 'acc@100km': '48.70%'} | time=408.4s
[13:28:52] INFO - Epoch 2/15 | train loss=5.5654 acc=31.66% | val loss=6.1577 acc=26.11% | geo acc={'acc@1km': '10.91%', 'acc@5km': '30.92%', 'acc@25km': '46.84%', 'acc@100km': '54.65%'} | time=371.4s
[13:35:07] INFO - Epoch 3/15 | train loss=4.9011 acc=43.01% | val loss=6.0408 acc=29.00% | geo acc={'acc@1km': '11.98%', 'acc@5km': '33.88%', 'acc@25km': '50.00%', 'acc@100km': '57.49%'} | time=374.3s
[13:38:10] INFO - Starting training MH_res_cbam_wd_sp for scene total ...
[13:40:45] INFO - Starting training MH_res_cbam_wd_sp for scene total ...
[13:47:35] INFO - Epoch 1/15 | train loss=7.1798 acc=12.31% | val loss=6.4098 acc=20.78% | geo acc={'acc@1km': '8.77%', 'acc@5km': '25.83%', 'acc@25km': '40.46%', 'acc@100km': '49.25%'} | time=409.8s
[13:53:55] INFO - Epoch 2/15 | train loss=5.5269 acc=32.25% | val loss=6.1378 acc=26.26% | geo acc={'acc@1km': '11.09%', 'acc@5km': '31.00%', 'acc@25km': '47.06%', 'acc@100km': '54.82%'} | time=379.2s
[14:00:18] INFO - Epoch 3/15 | train loss=4.8599 acc=43.80% | val loss=6.0266 acc=29.08% | geo acc={'acc@1km': '12.09%', 'acc@5km': '33.85%', 'acc@25km': '49.92%', 'acc@100km': '57.53%'} | time=382.6s
[14:06:34] INFO - Epoch 4/15 | train loss=4.4196 acc=52.79% | val loss=5.9853 acc=30.66% | geo acc={'acc@1km': '12.57%', 'acc@5km': '35.17%', 'acc@25km': '51.59%', 'acc@100km': '59.02%'} | time=375.3s
[14:12:56] INFO - Epoch 5/15 | train loss=4.1126 acc=59.91% | val loss=5.9894 acc=31.41% | geo acc={'acc@1km': '12.79%', 'acc@5km': '35.97%', 'acc@25km': '52.48%', 'acc@100km': '59.67%'} | time=382.0s
[14:19:15] INFO - Epoch 6/15 | train loss=3.7803 acc=69.13% | val loss=5.9197 acc=32.76% | geo acc={'acc@1km': '13.37%', 'acc@5km': '36.99%', 'acc@25km': '53.54%', 'acc@100km': '60.79%'} | time=378.8s
[14:25:36] INFO - Epoch 7/15 | train loss=3.7100 acc=71.08% | val loss=5.9202 acc=32.96% | geo acc={'acc@1km': '13.55%', 'acc@5km': '37.20%', 'acc@25km': '53.65%', 'acc@100km': '60.79%'} | time=380.2s
[14:31:41] INFO - Epoch 8/15 | train loss=3.6438 acc=72.68% | val loss=5.9094 acc=33.14% | geo acc={'acc@1km': '13.53%', 'acc@5km': '37.30%', 'acc@25km': '53.93%', 'acc@100km': '61.08%'} | time=363.8s
[14:37:46] INFO - Epoch 9/15 | train loss=3.5901 acc=74.13% | val loss=5.9052 acc=33.35% | geo acc={'acc@1km': '13.51%', 'acc@5km': '37.49%', 'acc@25km': '53.92%', 'acc@100km': '61.08%'} | time=365.2s
[14:44:08] INFO - Epoch 10/15 | train loss=3.5361 acc=75.39% | val loss=5.9051 acc=33.42% | geo acc={'acc@1km': '13.56%', 'acc@5km': '37.43%', 'acc@25km': '54.01%', 'acc@100km': '61.10%'} | time=381.4s
[14:50:25] INFO - Epoch 11/15 | train loss=3.4618 acc=77.53% | val loss=5.8850 acc=33.60% | geo acc={'acc@1km': '13.69%', 'acc@5km': '37.85%', 'acc@25km': '54.36%', 'acc@100km': '61.22%'} | time=376.7s
[14:57:00] INFO - Epoch 12/15 | train loss=3.4430 acc=78.12% | val loss=5.8846 acc=33.68% | geo acc={'acc@1km': '13.69%', 'acc@5km': '37.99%', 'acc@25km': '54.50%', 'acc@100km': '61.47%'} | time=393.9s
[15:03:24] INFO - Epoch 13/15 | train loss=3.4260 acc=78.44% | val loss=5.8890 acc=33.81% | geo acc={'acc@1km': '13.74%', 'acc@5km': '37.92%', 'acc@25km': '54.36%', 'acc@100km': '61.32%'} | time=383.8s
[16:10:23] INFO - Starting training MH_ISN_res_cbam_wd_sp_mp16 for scene urban ...
[16:13:06] INFO - Epoch 1/15 | train loss=7.2851 acc=4.01% | val loss=6.8924 acc=8.42% | geo acc={'acc@1km': '7.36%', 'acc@5km': '16.43%', 'acc@25km': '29.08%', 'acc@100km': '34.38%'} | time=162.4s
[16:15:16] INFO - Epoch 2/15 | train loss=6.3661 acc=14.20% | val loss=6.6961 acc=11.91% | geo acc={'acc@1km': '9.44%', 'acc@5km': '19.80%', 'acc@25km': '34.00%', 'acc@100km': '39.17%'} | time=129.5s
[16:17:25] INFO - Epoch 3/15 | train loss=5.8257 acc=23.63% | val loss=6.6647 acc=13.63% | geo acc={'acc@1km': '10.04%', 'acc@5km': '21.81%', 'acc@25km': '35.92%', 'acc@100km': '41.14%'} | time=129.4s
[16:19:33] INFO - Epoch 4/15 | train loss=5.4284 acc=33.23% | val loss=6.6286 acc=14.98% | geo acc={'acc@1km': '10.83%', 'acc@5km': '23.09%', 'acc@25km': '37.48%', 'acc@100km': '42.51%'} | time=127.8s
[16:21:41] INFO - Epoch 5/15 | train loss=5.1242 acc=41.99% | val loss=6.6462 acc=15.40% | geo acc={'acc@1km': '10.90%', 'acc@5km': '23.05%', 'acc@25km': '37.95%', 'acc@100km': '43.04%'} | time=127.7s
[16:23:49] INFO - Epoch 6/15 | train loss=4.8211 acc=52.33% | val loss=6.6025 acc=16.10% | geo acc={'acc@1km': '11.48%', 'acc@5km': '24.35%', 'acc@25km': '38.62%', 'acc@100km': '44.04%'} | time=127.9s
[16:25:57] INFO - Epoch 7/15 | train loss=4.7484 acc=54.95% | val loss=6.6018 acc=16.31% | geo acc={'acc@1km': '11.72%', 'acc@5km': '24.39%', 'acc@25km': '38.69%', 'acc@100km': '43.89%'} | time=127.7s
[16:28:05] INFO - Epoch 8/15 | train loss=4.6862 acc=56.93% | val loss=6.5963 acc=16.46% | geo acc={'acc@1km': '11.82%', 'acc@5km': '24.73%', 'acc@25km': '38.99%', 'acc@100km': '44.00%'} | time=127.7s
[16:30:13] INFO - Epoch 9/15 | train loss=4.6387 acc=58.66% | val loss=6.6021 acc=16.75% | geo acc={'acc@1km': '11.68%', 'acc@5km': '24.56%', 'acc@25km': '39.06%', 'acc@100km': '44.31%'} | time=127.6s
[16:32:21] INFO - Epoch 10/15 | train loss=4.5869 acc=60.39% | val loss=6.5966 acc=16.73% | geo acc={'acc@1km': '11.73%', 'acc@5km': '24.79%', 'acc@25km': '39.38%', 'acc@100km': '44.66%'} | time=127.7s
[16:34:30] INFO - Epoch 11/15 | train loss=4.5150 acc=63.15% | val loss=6.5952 acc=16.78% | geo acc={'acc@1km': '11.74%', 'acc@5km': '24.88%', 'acc@25km': '39.48%', 'acc@100km': '44.71%'} | time=129.4s
[16:36:40] INFO - Epoch 12/15 | train loss=4.4951 acc=63.79% | val loss=6.6018 acc=16.89% | geo acc={'acc@1km': '11.83%', 'acc@5km': '24.75%', 'acc@25km': '39.23%', 'acc@100km': '44.59%'} | time=129.6s
[16:38:50] INFO - Epoch 13/15 | train loss=4.4840 acc=64.01% | val loss=6.5990 acc=16.94% | geo acc={'acc@1km': '11.87%', 'acc@5km': '25.05%', 'acc@25km': '39.49%', 'acc@100km': '44.91%'} | time=129.4s
[16:41:00] INFO - Epoch 14/15 | train loss=4.4675 acc=64.62% | val loss=6.5932 acc=16.91% | geo acc={'acc@1km': '11.68%', 'acc@5km': '24.84%', 'acc@25km': '39.44%', 'acc@100km': '44.64%'} | time=129.5s
[16:43:08] INFO - Epoch 15/15 | train loss=4.4550 acc=64.90% | val loss=6.5909 acc=16.91% | geo acc={'acc@1km': '11.89%', 'acc@5km': '24.93%', 'acc@25km': '39.35%', 'acc@100km': '44.47%'} | time=128.0s
[16:43:08] INFO - Training completed.
[16:43:08] INFO - Starting training MH_ISN_res_cbam_wd_sp_mp16 for scene natural ...
[16:47:07] INFO - Epoch 1/15 | train loss=6.9478 acc=15.01% | val loss=6.2190 acc=26.08% | geo acc={'acc@1km': '5.93%', 'acc@5km': '22.51%', 'acc@25km': '37.84%', 'acc@100km': '49.40%'} | time=238.7s
[16:50:33] INFO - Epoch 2/15 | train loss=5.6141 acc=38.43% | val loss=5.8860 acc=34.14% | geo acc={'acc@1km': '7.86%', 'acc@5km': '28.81%', 'acc@25km': '46.60%', 'acc@100km': '57.21%'} | time=206.0s
[16:54:00] INFO - Epoch 3/15 | train loss=5.1313 acc=49.81% | val loss=5.7253 acc=38.66% | geo acc={'acc@1km': '8.77%', 'acc@5km': '32.46%', 'acc@25km': '51.02%', 'acc@100km': '60.65%'} | time=206.0s
[16:57:27] INFO - Epoch 4/15 | train loss=4.8370 acc=57.53% | val loss=5.6518 acc=40.63% | geo acc={'acc@1km': '8.93%', 'acc@5km': '33.32%', 'acc@25km': '52.58%', 'acc@100km': '62.39%'} | time=206.7s
[17:00:57] INFO - Epoch 5/15 | train loss=4.6327 acc=63.33% | val loss=5.5983 acc=41.92% | geo acc={'acc@1km': '9.19%', 'acc@5km': '34.62%', 'acc@25km': '54.20%', 'acc@100km': '63.75%'} | time=209.5s
[17:04:18] INFO - Epoch 6/15 | train loss=4.4167 acc=70.61% | val loss=5.5417 acc=43.48% | geo acc={'acc@1km': '9.45%', 'acc@5km': '35.51%', 'acc@25km': '55.25%', 'acc@100km': '64.71%'} | time=201.2s
[17:07:41] INFO - Epoch 7/15 | train loss=4.3657 acc=72.19% | val loss=5.5355 acc=43.59% | geo acc={'acc@1km': '9.44%', 'acc@5km': '35.44%', 'acc@25km': '55.34%', 'acc@100km': '64.79%'} | time=202.3s
[17:11:03] INFO - Epoch 8/15 | train loss=4.3201 acc=73.59% | val loss=5.5177 acc=44.16% | geo acc={'acc@1km': '9.54%', 'acc@5km': '36.04%', 'acc@25km': '55.97%', 'acc@100km': '65.34%'} | time=202.4s
[17:14:27] INFO - Epoch 9/15 | train loss=4.2809 acc=74.76% | val loss=5.5071 acc=44.33% | geo acc={'acc@1km': '9.64%', 'acc@5km': '36.16%', 'acc@25km': '55.97%', 'acc@100km': '65.32%'} | time=203.8s
[17:17:49] INFO - Epoch 10/15 | train loss=4.2459 acc=75.79% | val loss=5.4952 acc=44.78% | geo acc={'acc@1km': '9.72%', 'acc@5km': '36.46%', 'acc@25km': '56.41%', 'acc@100km': '65.61%'} | time=201.2s
[17:21:12] INFO - Epoch 11/15 | train loss=4.1921 acc=77.68% | val loss=5.4877 acc=45.04% | geo acc={'acc@1km': '9.66%', 'acc@5km': '36.64%', 'acc@25km': '56.55%', 'acc@100km': '65.87%'} | time=202.5s
[17:24:33] INFO - Epoch 12/15 | train loss=4.1821 acc=77.93% | val loss=5.4842 acc=45.15% | geo acc={'acc@1km': '9.68%', 'acc@5km': '36.54%', 'acc@25km': '56.58%', 'acc@100km': '65.82%'} | time=200.6s
[17:27:57] INFO - Epoch 13/15 | train loss=4.1716 acc=78.26% | val loss=5.4823 acc=45.16% | geo acc={'acc@1km': '9.72%', 'acc@5km': '36.64%', 'acc@25km': '56.71%', 'acc@100km': '66.00%'} | time=203.6s
[17:31:18] INFO - Epoch 14/15 | train loss=4.1619 acc=78.62% | val loss=5.4826 acc=45.29% | geo acc={'acc@1km': '9.70%', 'acc@5km': '36.59%', 'acc@25km': '56.53%', 'acc@100km': '65.80%'} | time=201.5s
[17:34:52] INFO - Epoch 15/15 | train loss=4.1460 acc=78.99% | val loss=5.4714 acc=45.34% | geo acc={'acc@1km': '9.87%', 'acc@5km': '36.85%', 'acc@25km': '56.85%', 'acc@100km': '66.03%'} | time=213.7s
[17:34:53] INFO - Training completed.
[17:34:54] INFO - Saved consolidated checkpoints
[17:34:54] INFO - Deleted
[17:34:54] INFO - Deleted
[17:48:31] INFO - Starting training MH_inceptionv4_cbam_wd_sp_mp16 for scene total ...
[18:02:39] INFO - Epoch 1/15 | train loss=8.1729 acc=2.21% | val loss=7.5519 acc=6.54% | geo acc={'acc@1km': '2.96%', 'acc@5km': '8.88%', 'acc@25km': '16.74%', 'acc@100km': '23.62%'} | time=848.6s
[18:16:13] INFO - Epoch 2/15 | train loss=7.1370 acc=9.27% | val loss=7.2572 acc=9.67% | geo acc={'acc@1km': '4.03%', 'acc@5km': '12.61%', 'acc@25km': '22.15%', 'acc@100km': '29.76%'} | time=812.7s
[18:29:49] INFO - Epoch 3/15 | train loss=6.7775 acc=12.65% | val loss=7.1304 acc=11.03% | geo acc={'acc@1km': '4.68%', 'acc@5km': '14.12%', 'acc@25km': '24.31%', 'acc@100km': '31.87%'} | time=815.7s
[18:43:13] INFO - Epoch 4/15 | train loss=6.3897 acc=16.95% | val loss=7.0127 acc=12.63% | geo acc={'acc@1km': '5.49%', 'acc@5km': '16.04%', 'acc@25km': '26.83%', 'acc@100km': '34.26%'} | time=803.5s
[18:56:45] INFO - Epoch 5/15 | train loss=6.3426 acc=17.52% | val loss=7.0031 acc=12.94% | geo acc={'acc@1km': '5.63%', 'acc@5km': '16.39%', 'acc@25km': '27.40%', 'acc@100km': '34.90%'} | time=812.1s
[19:10:11] INFO - Epoch 6/15 | train loss=6.3189 acc=17.82% | val loss=6.9859 acc=13.12% | geo acc={'acc@1km': '5.59%', 'acc@5km': '16.46%', 'acc@25km': '27.39%', 'acc@100km': '34.84%'} | time=805.4s
[19:23:40] INFO - Epoch 7/15 | train loss=6.2730 acc=18.33% | val loss=6.9845 acc=13.12% | geo acc={'acc@1km': '5.62%', 'acc@5km': '16.44%', 'acc@25km': '27.34%', 'acc@100km': '34.85%'} | time=808.0s
[19:37:09] INFO - Epoch 8/15 | train loss=6.2707 acc=18.44% | val loss=6.9854 acc=13.11% | geo acc={'acc@1km': '5.65%', 'acc@5km': '16.51%', 'acc@25km': '27.39%', 'acc@100km': '34.84%'} | time=808.5s
[19:50:37] INFO - Epoch 9/15 | train loss=6.2631 acc=18.56% | val loss=6.9830 acc=13.18% | geo acc={'acc@1km': '5.67%', 'acc@5km': '16.54%', 'acc@25km': '27.48%', 'acc@100km': '34.91%'} | time=808.1s
[20:04:04] INFO - Epoch 10/15 | train loss=6.2591 acc=18.60% | val loss=6.9833 acc=13.21% | geo acc={'acc@1km': '5.58%', 'acc@5km': '16.53%', 'acc@25km': '27.42%', 'acc@100km': '34.71%'} | time=806.1s
[20:17:30] INFO - Epoch 11/15 | train loss=6.2597 acc=18.62% | val loss=6.9833 acc=13.22% | geo acc={'acc@1km': '5.66%', 'acc@5km': '16.59%', 'acc@25km': '27.59%', 'acc@100km': '35.04%'} | time=806.1s
[20:30:58] INFO - Epoch 12/15 | train loss=6.2556 acc=18.70% | val loss=6.9844 acc=13.15% | geo acc={'acc@1km': '5.58%', 'acc@5km': '16.51%', 'acc@25km': '27.52%', 'acc@100km': '35.00%'} | time=807.8s
[20:44:31] INFO - Epoch 13/15 | train loss=6.2580 acc=18.53% | val loss=6.9834 acc=13.11% | geo acc={'acc@1km': '5.60%', 'acc@5km': '16.48%', 'acc@25km': '27.43%', 'acc@100km': '34.81%'} | time=812.6s
[20:58:00] INFO - Epoch 14/15 | train loss=6.2572 acc=18.69% | val loss=6.9851 acc=13.13% | geo acc={'acc@1km': '5.66%', 'acc@5km': '16.51%', 'acc@25km': '27.54%', 'acc@100km': '34.94%'} | time=808.9s
[22:52:55] INFO - Starting training MH_res_cbam_wd_sp_nols for scene total ...
[22:59:50] INFO - Epoch 1/15 | train loss=6.5726 acc=11.95% | val loss=5.4146 acc=19.98% | geo acc={'acc@1km': '8.29%', 'acc@5km': '24.44%', 'acc@25km': '39.16%', 'acc@100km': '48.24%'} | time=415.2s
[23:06:17] INFO - Epoch 2/15 | train loss=4.1792 acc=30.78% | val loss=4.9374 acc=25.52% | geo acc={'acc@1km': '10.59%', 'acc@5km': '30.29%', 'acc@25km': '46.33%', 'acc@100km': '54.31%'} | time=386.8s
[23:08:42] INFO - Starting training MH_res_cbam_wd_sp_nols for scene total ...
[23:15:33] INFO - Epoch 1/15 | train loss=6.4652 acc=14.07% | val loss=5.4420 acc=21.51% | geo acc={'acc@1km': '9.11%', 'acc@5km': '26.35%', 'acc@25km': '40.76%', 'acc@100km': '49.18%'} | time=410.5s
[23:21:38] INFO - Epoch 2/15 | train loss=3.9626 acc=34.75% | val loss=4.9804 acc=26.63% | geo acc={'acc@1km': '11.16%', 'acc@5km': '31.30%', 'acc@25km': '46.85%', 'acc@100km': '54.42%'} | time=364.8s
[23:27:44] INFO - Epoch 3/15 | train loss=3.0168 acc=46.04% | val loss=4.7901 acc=29.23% | geo acc={'acc@1km': '12.32%', 'acc@5km': '33.98%', 'acc@25km': '49.68%', 'acc@100km': '56.99%'} | time=365.8s
[23:33:50] INFO - Epoch 4/15 | train loss=2.4003 acc=54.77% | val loss=4.7057 acc=30.84% | geo acc={'acc@1km': '12.72%', 'acc@5km': '35.29%', 'acc@25km': '51.18%', 'acc@100km': '58.41%'} | time=365.6s
[23:39:56] INFO - Epoch 5/15 | train loss=1.9673 acc=61.40% | val loss=4.7052 acc=31.43% | geo acc={'acc@1km': '12.92%', 'acc@5km': '35.94%', 'acc@25km': '52.04%', 'acc@100km': '59.08%'} | time=365.2s
[23:46:05] INFO - Epoch 6/15 | train loss=1.5154 acc=70.96% | val loss=4.5893 acc=33.01% | geo acc={'acc@1km': '13.68%', 'acc@5km': '37.31%', 'acc@25km': '53.40%', 'acc@100km': '60.31%'} | time=368.2s
[23:52:19] INFO - Epoch 7/15 | train loss=1.4273 acc=72.70% | val loss=4.5948 acc=33.21% | geo acc={'acc@1km': '13.72%', 'acc@5km': '37.62%', 'acc@25km': '53.59%', 'acc@100km': '60.55%'} | time=373.9s
[23:58:24] INFO - Epoch 8/15 | train loss=1.3436 acc=74.13% | val loss=4.6043 acc=33.37% | geo acc={'acc@1km': '13.83%', 'acc@5km': '37.69%', 'acc@25km': '53.84%', 'acc@100km': '60.82%'} | time=364.6s
[00:04:29] INFO - Epoch 9/15 | train loss=1.2705 acc=75.47% | val loss=4.6032 acc=33.47% | geo acc={'acc@1km': '13.73%', 'acc@5km': '37.70%', 'acc@25km': '53.84%', 'acc@100km': '60.83%'} | time=364.3s
[00:10:40] INFO - Epoch 10/15 | train loss=1.1992 acc=76.58% | val loss=4.6236 acc=33.67% | geo acc={'acc@1km': '13.78%', 'acc@5km': '37.72%', 'acc@25km': '53.86%', 'acc@100km': '60.84%'} | time=371.0s
[00:16:45] INFO - Epoch 11/15 | train loss=1.1011 acc=78.84% | val loss=4.5906 acc=33.91% | geo acc={'acc@1km': '13.90%', 'acc@5km': '38.06%', 'acc@25km': '54.09%', 'acc@100km': '60.91%'} | time=364.5s
[00:22:57] INFO - Epoch 12/15 | train loss=1.0817 acc=79.19% | val loss=4.5979 acc=33.92% | geo acc={'acc@1km': '13.95%', 'acc@5km': '38.14%', 'acc@25km': '54.29%', 'acc@100km': '61.10%'} | time=371.4s
[00:29:02] INFO - Epoch 13/15 | train loss=1.0587 acc=79.66% | val loss=4.6133 acc=33.92% | geo acc={'acc@1km': '13.91%', 'acc@5km': '37.96%', 'acc@25km': '54.10%', 'acc@100km': '61.02%'} | time=364.3s
[00:35:06] INFO - Epoch 14/15 | train loss=1.0407 acc=79.93% | val loss=4.6057 acc=34.03% | geo acc={'acc@1km': '13.95%', 'acc@5km': '38.19%', 'acc@25km': '54.20%', 'acc@100km': '61.10%'} | time=363.9s
[00:41:17] INFO - Epoch 15/15 | train loss=1.0271 acc=80.16% | val loss=4.6291 acc=33.90% | geo acc={'acc@1km': '13.91%', 'acc@5km': '38.19%', 'acc@25km': '54.15%', 'acc@100km': '61.03%'} | time=370.5s
[00:41:17] INFO - Training completed.
[00:41:18] INFO - Saved consolidated checkpoints
[00:41:18] INFO - Deleted
