cell_id_token,center_latitude,center_longitude,config_name
0,43.70656904574246,-121.27697695037045,config_1
1,34.819984499858805,-97.22409933553976,config_1
2,38.92615964319591,-95.26223025341274,config_1
3,34.633164421667466,-103.41920365548636,config_1
4,36.06376820127089,-115.03499811422512,config_1
5,36.11753950819569,-115.16030463935626,config_1
6,35.45167226932349,-105.88641798687055,config_1
7,30.265169493562375,-97.72697328999523,config_1
8,39.365942171029715,-119.76365535860985,config_1
9,43.70057414385125,-116.3487526937504,config_1
10,45.48542432221815,-122.77951318244122,config_1
11,40.64102964276972,-99.04339794113565,config_1
12,41.77764495292499,-107.43600265884886,config_1
13,48.35282011296611,-116.547639400637,config_1
14,45.565936193697965,-110.58003975530312,config_1
15,32.944621006674794,-96.73540778810455,config_1
16,32.90493967025748,-96.75660243552177,config_1
17,41.43854633698576,-96.52356763023035,config_1
18,32.28369775041471,-106.88981225663183,config_1
19,41.255816268616066,-95.95326158106701,config_1
20,44.54435313883513,-123.25741104883741,config_1
21,36.39223839468612,-97.16853131347676,config_1
22,43.47178935023767,-108.16657224091223,config_1
23,45.35904556293794,-109.16888383916735,config_1
24,46.89095919352725,-114.04431918988503,config_1
25,47.99108374049182,-114.32148396936311,config_1
26,38.73010778907843,-96.187961585286,config_1
27,40.84157335587214,-115.772137796166,config_1
28,38.259255566376915,-95.24736969993273,config_1
29,35.255144009787784,-97.48792269979853,config_1
30,34.59082202925492,-96.84486968439765,config_1
31,35.889089365091,-106.37949387399999,config_1
32,43.51438747133708,-116.14611499538262,config_1
33,33.001046665683155,-96.88924534223625,config_1
34,45.47834886724163,-122.5721321033883,config_1
35,47.06511646192647,-104.68318671561742,config_1
36,36.090177371791164,-95.94230754615857,config_1
37,41.774170728823,-113.49627732480398,config_1
38,37.71704313956833,-99.89058264945649,config_1
39,46.934593895504996,-112.12340064035426,config_1
40,36.0161447707631,-95.67878018096431,config_1
41,48.231724220097014,-114.17077025027443,config_1
42,41.97329862767275,-121.91247365272014,config_1
43,38.14351663242222,-116.65185017496222,config_1
44,44.95654303542169,-109.80607354136498,config_1
45,48.099691737180244,-116.12304362574947,config_1
46,32.28175532151489,-108.87770764935445,config_1
47,45.27888525027299,-109.19590648143168,config_1
48,42.589987897961734,-120.38383733411449,config_1
49,44.84426080469454,-108.34513269459123,config_1
50,36.6158272033971,-117.10380854457301,config_1
51,43.63327448777031,-116.22302429272126,config_1
52,30.331304782347363,-97.62306342834772,config_1
53,39.04353487257556,-94.6770829094885,config_1
54,44.88020844640937,-116.0913714895648,config_1
55,36.42489481788939,-95.92061112673036,config_1
56,43.44333384039208,-109.44514953771665,config_1
57,40.36064412198543,-96.74405632332771,config_1
58,37.848674900426765,-97.60079013236664,config_1
59,34.2417326191964,-103.266058363612,config_1
60,39.93531581395116,-100.670126713795,config_1
61,45.75865805481171,-108.66625318668427,config_1
62,43.35191779953152,-110.72305511283223,config_1
63,48.10042193667108,-115.79401957215624,config_1
64,41.13712027265506,-95.96501859777804,config_1
65,33.411569406410166,-94.02947723788634,config_1
66,36.218903715977476,-115.12259654602997,config_1
67,42.97981836215727,-122.1109427059736,config_1
68,29.52183031099839,-98.1322338667327,config_1
69,35.239186543717295,-95.5137282488695,config_1
70,44.72702315491359,-111.14498736920105,config_1
71,46.78112618445327,-112.76474329705275,config_1
72,41.120620971546046,-96.25032545398437,config_1
73,40.6225705480007,-98.09699482718986,config_1
74,47.40236190602903,-113.64521755358271,config_1
75,42.56836189431699,-108.26026359858909,config_1
76,44.60747934400803,-124.06072642122002,config_1
77,36.129334657351826,-115.22512577116588,config_1
78,41.23052391951532,-96.09540181898689,config_1
79,32.479209701893126,-107.52913598988937,config_1
80,35.076731744857966,-106.71141129046828,config_1
81,36.8074848395114,-106.56524087033134,config_1
82,46.50545469192682,-111.27812573014523,config_1
83,46.52471964035973,-109.76464894655635,config_1
84,47.42440823155617,-115.64233439634164,config_1
85,32.00213423576635,-101.2553780616843,config_1
86,35.5528595344887,-108.80080931952686,config_1
87,36.687219869466,-114.50482072475249,config_1
88,43.1335354837883,-123.37544715339,config_1
89,38.14143022784912,-98.07838696902789,config_1
90,29.93784597069015,-95.22578558405021,config_1
91,40.82890496015116,-96.68744322655527,config_1
92,45.77378018712044,-108.5910033998678,config_1
93,38.936313893177676,-99.4887683411677,config_1
94,27.755889078003232,-97.30488472432609,config_1
95,32.26155526920618,-109.21589040870184,config_1
96,43.55859413103644,-116.43439236741645,config_1
97,36.26895457435357,-115.04978082773042,config_1
98,45.61625645891382,-106.38695405220909,config_1
99,42.96501833001942,-106.25558670944471,config_1
100,39.02798791905455,-100.08097186808875,config_1
101,41.99097384614038,-110.15205280198126,config_1
102,40.375025469299835,-97.55626017939834,config_1
103,31.075371791695666,-96.71205921154544,config_1
104,36.19287386255543,-115.18675473172392,config_1
105,43.488929571493735,-116.33432809776525,config_1
106,36.155476492257606,-115.34880938590221,config_1
107,45.92551349670285,-116.14753181787896,config_1
108,36.2251101965885,-115.08277009156562,config_1
109,45.72325758260649,-111.78083116154806,config_1
110,34.98988735625355,-105.2640865005726,config_1
111,38.02717055651536,-97.85232405198501,config_1
112,30.539268701193997,-97.9681017946655,config_1
113,42.936742458937736,-122.41981894105047,config_1
114,40.80291576352844,-96.74177307207756,config_1
115,42.98606246107204,-115.35029391115084,config_1
116,44.18510979408992,-121.26572084000972,config_1
117,39.57948484422578,-95.324779713487,config_1
118,47.52287913479633,-113.70487953346826,config_1
119,44.86687995341257,-108.48061416121857,config_1
120,48.193515052982804,-116.57757504361824,config_1
121,46.23250764028543,-116.48284523679786,config_1
122,43.601856981348234,-116.18372256358897,config_1
123,44.0194267985843,-123.02200404392212,config_1
124,39.605400243645754,-119.7326627431542,config_1
125,35.32483433381085,-115.9811359258895,config_1
126,40.251017258299775,-100.64167985815382,config_1
127,36.16068700728203,-115.24783546215552,config_1
128,41.45797934209616,-110.061777352905,config_1
129,38.98629302539253,-99.75135485260512,config_1
130,40.783452310161124,-119.20885969944432,config_1
131,39.58803548824812,-95.58714007227951,config_1
132,34.9227961562151,-106.70519353720324,config_1
133,43.65300938110789,-124.18746985964111,config_1
134,37.723151966725574,-94.70990889898842,config_1
135,34.870709111872564,-96.58819622100593,config_1
136,35.593179627583005,-95.48531422515521,config_1
137,44.838285284784135,-111.41899381914949,config_1
138,41.85863303791797,-96.46326610506436,config_1
139,37.00673910792642,-97.34116636964335,config_1
140,44.97811949133029,-109.83830799107714,config_1
141,47.71102305148812,-116.90152791286175,config_1
142,41.14342188663362,-95.91445898572981,config_1
143,43.591875448853855,-116.46410994759,config_1
144,32.78570036202255,-97.0390895482057,config_1
145,40.82076308447995,-96.9423956727425,config_1
146,29.5156852187136,-98.47180424639973,config_1
147,36.79883124640837,-102.28979049146322,config_1
148,34.22478183845145,-96.63693559112332,config_1
149,36.661302214387376,-114.57140562157959,config_1
150,38.95056936658869,-95.29221965287245,config_1
151,40.16166169058411,-97.32527258237765,config_1
152,36.072105717582254,-115.2811731094743,config_1
153,42.8689006661118,-100.549940999812,config_1
154,41.14329964210799,-95.93344930941907,config_1
155,29.939193981263465,-95.76732868006172,config_1
156,40.843934380882715,-99.14203886534644,config_1
157,39.820686449423576,-100.52815328607429,config_1
158,36.71019940616462,-108.13540010163155,config_1
159,34.813513572365,-96.626569898845,config_1
160,41.14450769553169,-98.02301825643626,config_1
161,37.415766763107165,-94.71328875329006,config_1
162,34.10623330310809,-96.48572190377244,config_1
163,36.23120696947979,-115.31968879832162,config_1
164,31.817830826943165,-109.04427462873167,config_1
165,46.62224730186751,-112.00002325827704,config_1
166,45.814745883257565,-109.9705837607703,config_1
167,43.578079724145994,-116.37744648514105,config_1
168,38.45461165146323,-101.02917896845194,config_1
169,36.74000704106694,-108.67950295157668,config_1
170,35.058279385903404,-95.70666191509939,config_1
171,42.04152220946687,-120.30880880186407,config_1
172,41.66695702341005,-102.98552162298077,config_1
173,31.44597898983942,-100.46213086857767,config_1
174,30.56623984247575,-97.65841719109737,config_1
175,36.04955997139456,-115.02653001364241,config_1
176,37.95522438844634,-98.9533089642366,config_1
177,45.00151513834637,-111.64759326814215,config_1
178,42.93345622376942,-111.00651353779523,config_1
179,39.69659617909692,-120.02339838820374,config_1
180,35.342377914609195,-96.6702583790662,config_1
181,32.748286462855525,-96.63529608054456,config_1
182,35.297258986725154,-95.58451811359463,config_1
183,39.16081770264141,-96.66038062582675,config_1
184,45.73459704687617,-111.12439986049469,config_1
185,43.37872986909819,-121.79399931791355,config_1
186,41.034831145568226,-117.79489425747646,config_1
187,35.91430155385843,-114.62999276435355,config_1
188,35.21991124731496,-97.40078785523721,config_1
189,37.07781839001121,-101.72996407006643,config_1
190,31.287639009209293,-95.4139260060992,config_1
191,41.95126161362508,-111.400817226785,config_1
192,43.984515947169186,-121.58121000595544,config_1
193,44.64682555058252,-121.13658688615348,config_1
194,43.48250131835792,-114.27519424874448,config_1
195,43.05312046074934,-110.15336311101667,config_1
196,31.219271308675843,-98.33694134781109,config_1
197,46.782889341546,-116.9673371822994,config_1
198,45.529096392899,-122.59266065689063,config_1
199,41.964922528195146,-113.05850538416577,config_1
200,45.82864531642071,-116.25026477494859,config_1
201,45.540702926178284,-122.9908160570072,config_1
202,34.408293813750895,-103.11581605896116,config_1
203,44.8355509180403,-109.01183511020501,config_1
204,48.33793573620192,-113.96053862657655,config_1
205,34.254988799329624,-97.25086358756296,config_1
206,43.68752862553868,-116.17935096696502,config_1
207,42.07575307255401,-110.94737227547401,config_1
208,44.64090692476041,-111.33548651009801,config_1
209,45.576291831735254,-122.67803978801797,config_1
210,42.800551741032486,-105.64629557287026,config_1
211,36.73638763287591,-108.19070193011692,config_1
212,43.61737815744235,-116.2702196011064,config_1
213,44.39988113161408,-116.00383130422081,config_1
214,35.411895080216894,-97.52281367107479,config_1
215,33.01030018500259,-101.21823255488881,config_1
216,43.55512435740892,-116.34268166691527,config_1
217,41.315085261101196,-105.60355997929958,config_1
218,40.91602515192443,-98.3483725192128,config_1
219,45.265687741087326,-121.17403629621133,config_1
220,41.73562891900233,-114.78629394645833,config_1
221,45.30137387699169,-122.55960422817,config_1
222,39.887851737318464,-95.78625859212472,config_1
223,33.1473702187616,-97.10213519141519,config_1
224,37.50877356489583,-117.1865250889008,config_1
225,44.714995261827056,-110.50070496516922,config_1
226,32.1212958691984,-96.423156413199,config_1
227,40.95423726014552,-98.59802786300241,config_1
228,40.90604544291251,-98.3080050723617,config_1
229,34.17283990676919,-96.40979680716063,config_1
230,45.601088286945014,-109.17931063972846,config_1
231,36.4009487932155,-95.545597347948,config_1
232,46.82277891258585,-110.69792543656462,config_1
233,43.03034912490858,-110.12749748043332,config_1
234,29.969152092698238,-95.52070211391852,config_1
235,36.191936490867256,-115.15689425678224,config_1
236,39.030782936707936,-96.17252162163587,config_1
237,32.41993504555621,-99.76858910976843,config_1
238,32.55070623105354,-107.47592923380572,config_1
239,38.76131903494985,-118.76404054861958,config_1
240,48.38251757116888,-114.11410926383554,config_1
241,39.3874880711291,-101.11288795906175,config_1
242,39.66236104292796,-96.83962394449308,config_1
243,47.0183770948358,-114.72943129402658,config_1
244,37.976002527242784,-98.35785243523712,config_1
245,45.52481947102641,-123.08910054576108,config_1
246,48.13864675800141,-116.1692084251016,config_1
247,32.85210565031457,-96.67104547716957,config_1
248,32.575595731640746,-107.43419220258,config_1
249,43.17387415090258,-111.00460207450168,config_1
250,37.1096187624725,-96.59708974678949,config_1
251,38.36925783221024,-98.66651868692597,config_1
252,45.25288750751351,-111.25150102719336,config_1
253,32.788320668122786,-96.79756779241225,config_1
254,41.01818031483508,-97.40914424979522,config_1
255,37.22052263955256,-95.71458663122009,config_1
256,45.39884837838336,-107.18755070303813,config_1
257,41.876808252433655,-110.45435375481692,config_1
258,48.18711055664323,-116.23668052109925,config_1
259,39.385640443000995,-95.05304094012435,config_1
260,41.25281847333439,-98.93888814058396,config_1
261,34.41748387029113,-96.09879701312113,config_1
262,35.869601174308166,-106.34651523513666,config_1
263,35.19531774183212,-114.43076039769888,config_1
264,45.23516797415039,-108.64860085439572,config_1
265,38.9628439745389,-114.0341823716886,config_1
266,47.726170600496374,-113.81921469939392,config_1
267,34.3290309482457,-96.05540077960427,config_1
268,32.84518570142746,-96.5982152668997,config_1
269,34.925967138864934,-95.7409246835272,config_1
270,36.224673916619466,-96.8065928836324,config_1
271,41.11472171141892,-104.01884428383616,config_1
272,48.9391801366385,-115.0115607962875,config_1
273,38.426222076349724,-99.87339139584772,config_1
274,40.63678923369991,-99.08260246179451,config_1
275,37.038908267574456,-97.59828559281692,config_1
276,36.91128533319973,-109.07734071856392,config_1
277,35.8769424360495,-106.32480662372001,config_1
278,39.609852143047085,-119.68635193832743,config_1
279,39.57956007250295,-119.74145031746885,config_1
280,42.55428496689505,-97.76707791830384,config_1
281,34.436046745320866,-96.43758995641865,config_1
282,40.51927923548443,-100.65622970281518,config_1
283,43.23444133929493,-117.04456916661532,config_1
284,30.008270911042498,-94.23202985835195,config_1
285,45.100327080646004,-116.304205844371,config_1
286,41.0759904711275,-96.28994882612066,config_1
287,46.19881195214276,-108.91758415963763,config_1
288,32.89919263478639,-96.68487263699305,config_1
289,32.65035048803786,-97.31986720765454,config_1
290,40.3864119026025,-96.92068732307457,config_1
291,43.75346386260883,-110.0661594004199,config_1
292,42.08847356602533,-97.45065872002489,config_1
293,36.09045996252393,-104.72740127346,config_1
294,30.431691704876936,-97.68920609255498,config_1
295,34.131987275493294,-96.28924946616156,config_1
296,37.47506504690443,-97.36516535340304,config_1
297,35.64418407959353,-106.05726748328269,config_1
298,41.003400758317156,-96.22781696542134,config_1
299,29.517705337829344,-98.51383069473938,config_1
300,39.62833852384807,-119.68355099987004,config_1
301,43.50672294810291,-110.85035376929001,config_1
302,37.558234753872,-95.4709182842981,config_1
303,46.1002159916095,-111.51802249786535,config_1
304,40.633785803843296,-96.12059443864307,config_1
305,39.31363652391896,-101.74480635779167,config_1
306,36.8848948307275,-95.1008520086664,config_1
307,47.450021586083565,-115.69377034999442,config_1
308,36.03638675560458,-115.21552231495127,config_1
309,37.177891792589236,-94.96231005997409,config_1
310,40.26882546543988,-96.73867039387837,config_1
311,38.83066529664512,-94.8477398352767,config_1
312,36.48850184029619,-105.61317762698438,config_1
313,42.568981737732294,-113.66422182788571,config_1
314,36.40316453057015,-115.39535829159792,config_1
315,43.46509537107567,-124.22534314664334,config_1
316,45.52196993620435,-122.5232296751959,config_1
317,36.01862652950832,-115.09477094164488,config_1
318,34.240097931243994,-96.91745060029476,config_1
319,28.94471946601822,-96.84458791454588,config_1
320,48.73098327396101,-116.27852562119294,config_1
321,41.731981988189816,-106.47710980263378,config_1
322,43.613567839908484,-110.79087332017333,config_1
323,34.988459403444196,-107.90227733981963,config_1
324,38.55934611280854,-118.64969872157249,config_1
325,47.49306176018527,-113.68001410556846,config_1
326,45.593717977897725,-121.54701416342651,config_1
327,44.355226154106674,-121.17831048525429,config_1
328,34.78717577425394,-96.65678945747396,config_1
329,45.13537141943333,-111.66937933498579,config_1
330,30.137659329564464,-97.85423560774927,config_1
331,46.72133394114846,-113.66738746187222,config_1
332,42.506502777440815,-110.92199375923978,config_1
333,44.357896652134,-121.12790586309802,config_1
334,32.79969527934274,-106.23427136929837,config_1
335,34.80711346764919,-96.69435918688059,config_1
336,34.80823570350626,-97.32773071967847,config_1
337,35.74963406396173,-96.67223719737899,config_1
338,29.747135877538177,-95.48280049267582,config_1
339,43.33579573543019,-124.31396455888714,config_1
340,41.90810670859006,-123.78081266582187,config_1
341,36.154500472499755,-107.30583104134499,config_1
342,43.57647917174205,-116.20891806626354,config_1
343,36.70419345962581,-108.10611638791126,config_1
344,39.413660103919426,-119.78355254621832,config_1
345,42.61506691383609,-114.42984781361544,config_1
346,45.085057850111916,-109.35569295462584,config_1
347,30.38790805240879,-97.85673306893756,config_1
348,45.51976825017275,-109.4478025829882,config_1
349,41.05518661581885,-114.65474272019638,config_1
350,39.04418552600174,-114.03309795105427,config_1
351,40.51476734180256,-101.63378938450687,config_1
352,32.94448415306226,-96.94970397434967,config_1
353,41.194102412553356,-95.94184745715653,config_1
354,35.20665158150455,-97.45964031276858,config_1
355,46.56219028021042,-112.43519420039983,config_1
356,37.59217232383244,-100.46729198827639,config_1
357,33.173956950949275,-96.81546530476753,config_1
358,48.73515301768456,-113.77157852109515,config_1
359,37.154378186643385,-97.80377410867293,config_1
360,37.564074212150686,-101.46898801640656,config_1
361,46.123479323923405,-112.89164144570955,config_1
362,39.41998476704472,-98.0841724301182,config_1
363,42.14930986467875,-120.33298617678611,config_1
364,36.45433420464869,-97.87282616133947,config_1
365,41.27694213231881,-96.08068437391277,config_1
366,41.7795129876275,-96.04996394044397,config_1
367,40.0408926537949,-118.63621025017109,config_1
368,32.804524823303375,-97.2911311494725,config_1
369,34.380988370074796,-97.97200403606071,config_1
370,48.09233397040753,-114.0726983671438,config_1
371,29.773146341915062,-102.87503259111293,config_1
372,36.11807956788106,-115.28679570743897,config_1
373,43.95085688592054,-116.19340281092181,config_1
374,45.494651898501814,-122.48439236135842,config_1
375,44.93106975818284,-110.72481260358518,config_1
376,42.408304097077334,-109.55092877331133,config_1
377,43.83607239141592,-116.91063489374231,config_1
378,47.02555668505401,-113.12973289488107,config_1
379,34.92431113339832,-107.12273527789317,config_1
380,32.66611038655678,-96.86416074066159,config_1
381,33.69377640249234,-107.05676207963084,config_1
382,42.110534186847005,-110.164686492055,config_1
383,38.9358487827631,-94.7420206851643,config_1
384,34.71417411981306,-96.72424794590034,config_1
385,45.90223882401202,-123.93101792922106,config_1
386,43.452341196736086,-113.55319254063149,config_1
387,41.18506664172011,-106.86345569724223,config_1
388,36.22438828833566,-96.74773750129206,config_1
389,35.621688339203445,-115.3864944177605,config_1
390,34.77508383179983,-96.67603358086525,config_1
391,47.70887151839507,-116.86753337095345,config_1
392,46.69798527913133,-113.42867807757109,config_1
393,36.039245425971615,-95.86256368041678,config_1
394,30.261279686678602,-97.22644744355291,config_1
395,36.72617536595353,-97.07351399397517,config_1
396,36.987755742096475,-116.73056765243,config_1
397,33.143660114050626,-97.17456249140825,config_1
398,36.49314574314913,-97.07311067560275,config_1
399,29.42085236196135,-98.4840787533321,config_1
400,45.424679525678314,-122.84539208016028,config_1
401,42.26945848252612,-109.47802382111614,config_1
402,32.85384908581646,-96.79226958931615,config_1
403,41.41598205911711,-104.42005754920235,config_1
404,36.34196828962397,-114.48471934315484,config_1
405,39.51398683931328,-119.81344911534656,config_1
406,43.57610750010214,-116.47357610896572,config_1
407,48.012185158106256,-116.6659395051006,config_1
408,32.759259813390116,-103.56092104385735,config_1
409,45.93929971203422,-119.66711075136541,config_1
410,34.36021083566975,-96.55429714985726,config_1
411,45.511398018206194,-122.60974208475552,config_1
412,39.99893930127042,-99.40555712610183,config_1
413,41.81636071087177,-113.23944879300592,config_1
414,36.143277078753066,-115.32475429458532,config_1
415,45.458147489768706,-122.7618000270747,config_1
416,45.23363211418526,-123.23521849457002,config_1
417,29.46050261058528,-95.85939982999264,config_1
418,45.51258519047673,-122.86886855847133,config_1
419,41.52473704248531,-106.07597657479302,config_1
420,36.09723559835533,-114.92423043912834,config_1
421,37.961665962625666,-98.61895088113987,config_1
422,43.49558259681294,-112.03776870887015,config_1
423,37.74949998916525,-95.46951529045927,config_1
424,43.5197403642238,-116.42959694575596,config_1
425,42.9623685107445,-110.0882213065365,config_1
426,39.35474324963367,-97.49314582514035,config_1
427,42.61714143266448,-97.84183715368985,config_1
428,46.16469418019986,-123.21171164552955,config_1
429,41.03274240161811,-105.41900595929746,config_1
430,43.641445853455785,-109.91190135093439,config_1
431,38.914841215271636,-94.71221743935973,config_1
432,39.821463977318146,-99.97155094198095,config_1
433,42.03923482809909,-96.46300351247487,config_1
434,40.42558898964129,-99.37850180256495,config_1
435,36.03299857720066,-95.89217788229438,config_1
436,45.53819034777681,-122.60667568719663,config_1
437,35.10202913366962,-95.6959067391477,config_1
438,29.588947609199536,-98.59475501788131,config_1
439,34.38713714143312,-103.1941243084224,config_1
440,35.039058375723,-108.34737044113501,config_1
441,46.50174770115302,-114.80528558182806,config_1
442,47.00721108153498,-109.86175654428314,config_1
443,45.69490578737474,-111.06671297204393,config_1
444,45.71522212056045,-110.0101052896553,config_1
445,35.64311619249587,-105.95653177803909,config_1
446,45.512635275965344,-122.72236921515001,config_1
447,44.26041346826704,-121.17866096824582,config_1
448,37.529186039404415,-95.37990944273976,config_1
449,47.30995114135041,-115.21584092839642,config_1
450,48.412407370606175,-114.34114188638826,config_1
451,38.57232129511375,-94.69233146195862,config_1
452,41.10327785279364,-101.77119225369267,config_1
453,41.92184270741363,-113.09457837834636,config_1
454,40.60144807701857,-98.09346093515575,config_1
455,35.6634582316109,-106.753954187465,config_1
456,36.25004847813908,-115.31196849462351,config_1
457,32.47261013023509,-99.7070410675256,config_1
458,48.40679589605409,-113.24041287218273,config_1
459,39.332031365426545,-101.53688917377477,config_1
460,29.580128141196226,-95.70274795662499,config_1
461,36.596250432868196,-97.34553983292089,config_1
462,43.493158286529166,-121.44080924816677,config_1
463,43.761415456850315,-111.79503110144437,config_1
464,37.24753547378817,-94.83179554537328,config_1
465,34.82191047908067,-97.50900070187637,config_1
466,45.67744247192916,-121.27426875962561,config_1
467,39.21928825203382,-96.55558524327319,config_1
468,41.17519804493655,-95.93387020815473,config_1
469,36.15630135975012,-97.07387518635042,config_1
470,35.38609769386061,-97.50382097578138,config_1
471,29.7538268577743,-95.21719738621418,config_1
472,34.47587511393261,-96.04397556496863,config_1
473,45.77335128690732,-110.02710818193245,config_1
474,45.36335792852221,-122.60549278647785,config_1
475,35.02329830985211,-105.75128239000222,config_1
476,32.276348239184664,-109.26267483581,config_1
477,31.867540442192105,-96.33510396133255,config_1
478,34.98727497927815,-96.67929369970571,config_1
479,36.069017620081524,-114.95918210754951,config_1
480,43.59660068488655,-116.29392275821556,config_1
481,45.42736276560614,-122.76097642705408,config_1
482,32.90356761444782,-96.56714484582973,config_1
483,36.7716631242122,-95.567050776889,config_1
484,45.754855617909705,-108.58157108112668,config_1
485,35.45663582247944,-95.63526155793477,config_1
486,39.093197673644504,-114.224562434771,config_1
487,38.376370918375635,-98.12552247867958,config_1
488,38.86834047604909,-96.12714422772869,config_1
489,38.096860855682394,-98.02526612732193,config_1
490,39.609482969635216,-119.75855351505174,config_1
491,38.40728468468342,-96.27598768090651,config_1
492,38.00150471245442,-97.94078177410542,config_1
493,38.765799359250295,-98.25176975281995,config_1
494,34.5644545653458,-100.473809586286,config_1
495,46.71388797932711,-116.99529600412667,config_1
496,43.71012397829154,-116.46494772567817,config_1
497,31.47870396223917,-96.08593255420742,config_1
498,34.5213505434868,-97.2934219326184,config_1
499,34.56656264738131,-96.93199403178056,config_1
500,33.99179788342774,-96.26778207154055,config_1
501,32.888971953283196,-97.28373978624411,config_1
502,35.425970860968185,-96.24908664397239,config_1
503,45.54716035993639,-120.72419991765197,config_1
504,39.0736830973253,-94.9574021643392,config_1
505,45.40913550559445,-105.33068077237999,config_1
506,29.578392277005314,-98.28018555227581,config_1
507,39.10696178444486,-94.87851951707782,config_1
508,29.69818477387673,-98.4984308577052,config_1
509,30.41822438844495,-97.63289916549063,config_1
510,45.49689390343978,-122.93459611874576,config_1
511,39.52112706957683,-119.73784026016446,config_1
512,33.81475779484412,-109.06421793839375,config_1
513,34.64870638625266,-103.61366239161556,config_1
514,44.86288350497649,-111.34176534853893,config_1
515,39.88629196662687,-119.97279220628724,config_1
516,39.2848430510124,-94.94072414037251,config_1
517,35.856042601454035,-94.99676195588685,config_1
518,39.79674675701325,-101.04326840033396,config_1
519,34.16845197167457,-97.22865635955158,config_1
520,35.73618094263741,-96.72109619103793,config_1
521,41.95814672005429,-111.50896674464856,config_1
522,43.093227327728506,-108.90783973657805,config_1
523,41.44716704630564,-96.55569354139271,config_1
524,32.85691799000818,-96.7037750583955,config_1
525,43.52897114764761,-123.28994905912987,config_1
526,40.12620423627049,-98.9478783025671,config_1
527,32.546873459573085,-97.09442569726482,config_1
528,39.42791220198152,-119.72594127222095,config_1
529,45.51582863148211,-118.90231551214171,config_1
530,48.692569118786565,-113.68934522865702,config_1
531,48.603825495324,-116.00925405998501,config_1
532,34.71755421955948,-107.98847161820551,config_1
533,39.52488951656242,-119.79136519240092,config_1
534,41.20927315376214,-96.02747993065829,config_1
535,45.44860838700967,-122.71403986806267,config_1
536,36.751051207652466,-104.13854386922203,config_1
537,32.912807545324625,-97.38854251134613,config_1
538,45.39304069647537,-111.20566992539003,config_1
539,48.63234743435616,-113.87596595296124,config_1
540,45.34672905775839,-118.1807735865911,config_1
541,40.11286090349894,-97.13034246119932,config_1
542,37.94680680399178,-98.0525199835992,config_1
543,42.73034367734866,-112.21820634237666,config_1
544,39.4283279586998,-119.75672126126938,config_1
545,39.31770281499787,-119.89947898286674,config_1
546,39.00319041089357,-96.88601632611112,config_1
547,38.537240266620834,-119.89764928566998,config_1
548,38.619125836928255,-96.94575740010733,config_1
549,34.19110996165227,-96.5293636781029,config_1
550,37.24481511830447,-97.33942125047712,config_1
551,42.54027121598957,-113.40208074459572,config_1
552,36.399910192993104,-106.4794819582042,config_1
553,46.651108290963975,-110.8698318830479,config_1
554,43.4861637103935,-116.23942971221503,config_1
555,45.50064975649907,-122.8740362724952,config_1
556,45.04922171898788,-109.41771524694181,config_1
557,30.914671751224148,-97.89682642208913,config_1
558,39.809021263873504,-95.20700630953374,config_1
559,41.21817175540288,-96.62570421838836,config_1
560,44.84385323000602,-111.30372837071116,config_1
561,47.54765553213702,-116.22721060026251,config_1
562,44.03812411745927,-123.07344405225096,config_1
563,35.55564343647082,-94.97794297855883,config_1
564,42.47076708015647,-96.44212398959004,config_1
565,37.09302110392056,-96.17485352583174,config_1
566,48.262170922879,-113.58665277151182,config_1
567,45.473295292023906,-111.71553752314216,config_1
568,43.81255175201517,-116.26147689484168,config_1
569,36.734678965272,-108.23498147926477,config_1
570,32.42333854979949,-102.39510071258718,config_1
571,45.49758810184481,-122.64838384785973,config_1
572,34.22051040074429,-96.22845834666929,config_1
573,46.50663514860313,-116.55015858304266,config_1
574,42.37395684423549,-111.05117988102475,config_1
575,34.22714294337457,-96.66825972187574,config_1
576,35.167784959415975,-103.70950938910387,config_1
577,30.917317283118564,-97.17482474334518,config_1
578,46.072585120195164,-116.33585331209872,config_1
579,45.52041726619114,-122.749017729786,config_1
580,39.371129844596815,-101.2095978283662,config_1
581,34.33130533483944,-97.15569977663374,config_1
582,32.8034717453442,-96.69010156222478,config_1
583,34.94295563459539,-97.36289937310137,config_1
584,37.64594090604472,-96.2792265883853,config_1
585,34.253708935522,-97.4922944380218,config_1
586,30.523955041544937,-98.26585755918494,config_1
587,39.681410222651884,-119.91834611558377,config_1
588,32.45128747493734,-97.31247793362449,config_1
589,38.41142927713803,-96.17248575138227,config_1
590,45.6928292162702,-121.51713362845194,config_1
591,41.50514698157821,-96.16009661890763,config_1
592,42.592314176094646,-114.5104931881457,config_1
593,38.93836436482083,-97.1753896142945,config_1
594,41.462567300043666,-96.13635481691034,config_1
595,35.19269393791213,-97.4983608797222,config_1
596,44.00379391229031,-117.14540734496029,config_1
597,45.52602836543516,-110.22067667830001,config_1
598,35.28290743935109,-95.58586811528373,config_1
599,30.186706055139783,-97.88357710295784,config_1
600,42.362021567143174,-112.20869862398555,config_1
601,45.46728029141971,-122.81057973082004,config_1
602,42.260443842104124,-98.34547721590269,config_1
603,32.73603371917725,-98.89956907250826,config_1
604,36.571676781942074,-116.41287209000869,config_1
605,39.118351783007576,-114.77461722233426,config_1
606,35.860826543947944,-115.25193344859723,config_1
607,46.30254981713813,-109.29490644084937,config_1
608,29.955756572323,-95.618964225876,config_1
609,34.13937019281,-97.09234392784258,config_1
610,34.6055408960251,-97.2116871087609,config_1
611,39.735018973866886,-119.88573670658506,config_1
612,46.26320703026075,-123.84802839438956,config_1
613,44.99797467335109,-123.99477640341446,config_1
614,43.005542961117435,-117.0595798877092,config_1
615,33.27106757813633,-96.59739727782278,config_1
616,41.14085619894158,-96.10708142906236,config_1
617,43.15694917380959,-121.79954857859242,config_1
618,38.859741722160784,-98.71596481847997,config_1
619,40.64872639247085,-95.82174718260896,config_1
620,36.24220388179508,-115.10347245829344,config_1
621,43.698200188329935,-116.49373544338481,config_1
622,43.04928198344984,-107.05175799103317,config_1
623,29.569524306516076,-98.46982585979812,config_1
624,45.544144074218366,-122.78117911137585,config_1
625,34.68048679252209,-106.78992625565733,config_1
626,45.56822514314581,-122.91164261197504,config_1
627,36.25101312724015,-115.27369565785457,config_1
628,38.800373599556366,-96.67505610345471,config_1
629,43.65025119835676,-116.2401337683427,config_1
630,37.55740575654886,-99.29211075740454,config_1
631,39.088098377558296,-101.14042868631698,config_1
632,30.351011100104312,-97.67273447934875,config_1
633,35.73574859534154,-96.38720958424292,config_1
634,43.78529518997365,-116.26224361808345,config_1
635,42.20494684189047,-122.7069951145648,config_1
636,36.76374102952039,-101.35102995292299,config_1
637,35.6819475363055,-97.0113366077545,config_1
638,32.776306701057905,-97.28609981022747,config_1
639,42.37690372396305,-120.29741629284202,config_1
640,39.09809173547058,-95.50038670783769,config_1
641,45.85637165707967,-116.23750902113333,config_1
642,45.843460638280376,-116.23833871609125,config_1
643,36.485868301223725,-101.81025901013933,config_1
644,32.96073141799379,-96.7912364255158,config_1
645,46.25647143423526,-114.20146097552364,config_1
646,42.85604470005267,-117.57698240809502,config_1
647,36.10819639110386,-115.14664470649863,config_1
648,41.62341645817091,-109.25901982168172,config_1
649,43.111102604116944,-108.32659728211891,config_1
650,34.455501449978414,-96.20966737694147,config_1
651,37.447586666941575,-94.70224393489313,config_1
652,45.18945612392704,-109.2447790652337,config_1
653,48.24645845509692,-116.5411274615733,config_1
654,30.3481280190786,-97.59996241239273,config_1
655,36.73807246616769,-107.62434905016062,config_1
656,36.15724210214582,-96.02634481911991,config_1
657,32.95406458456604,-96.8291604176246,config_1
658,43.61530355430916,-122.10279573259231,config_1
659,45.54419686901693,-122.64717041054428,config_1
660,35.681965793216186,-97.04833134572554,config_1
661,36.239023780195,-115.07275532504629,config_1
662,36.570702356451214,-95.21039506320467,config_1
663,37.5397626926632,-100.64135533311041,config_1
664,35.978658520859994,-106.04768631452178,config_1
665,40.7725535078319,-98.56070631670678,config_1
666,45.63630539324247,-109.26766911242832,config_1
667,30.572358525305,-104.44340610500538,config_1
668,43.595217613132746,-116.45397775007376,config_1
669,36.00530076725012,-115.08217633858666,config_1
670,36.02404165741152,-106.08880437742498,config_1
671,43.352641624126164,-121.18062771940713,config_1
672,33.71209007694933,-98.97768776256015,config_1
673,36.072675715464996,-115.17565214682455,config_1
674,36.49403110815174,-114.76924131976406,config_1
675,34.64734671135623,-95.94742000069095,config_1
676,36.14137857259968,-115.4471446340291,config_1
677,41.90793987608765,-120.3319572406025,config_1
678,46.275301057682,-108.473602875078,config_1
679,36.273296074775196,-115.09595916184398,config_1
680,35.43300565043608,-95.86263416844638,config_1
681,43.61869183827359,-116.23307925308093,config_1
682,30.025234582987654,-98.4601691216572,config_1
683,45.51457092895655,-122.44818682031246,config_1
684,45.5911778853463,-123.11610245399632,config_1
685,38.41336121159129,-94.68731826872764,config_1
686,41.800613285677606,-103.52326587376679,config_1
687,38.20117686911925,-96.44420188016633,config_1
688,48.358698662734184,-113.97799349473534,config_1
689,45.5146672956661,-122.58985045226551,config_1
690,45.03476557495396,-109.92008622406273,config_1
691,32.73651156437955,-96.69758926035297,config_1
692,30.26973696401323,-97.75568177124283,config_1
693,35.04155894256897,-107.44326121285948,config_1
694,35.78362187534331,-105.79623368170728,config_1
695,45.55657722363944,-122.94772867546027,config_1
696,39.65725487855984,-119.85026623020889,config_1
697,48.09769665442816,-114.63719301624376,config_1
698,47.493657187153026,-115.96757706085242,config_1
699,41.7455832581125,-106.923100401681,config_1
700,45.489770109483366,-122.72296030282828,config_1
701,38.1723847300174,-98.19608797988263,config_1
702,41.94379245252401,-113.08171449783354,config_1
703,32.34343255076835,-108.75375166781471,config_1
704,48.316548439230424,-113.35416392490141,config_1
705,36.0937925401039,-95.36448348433679,config_1
706,45.150705107893046,-121.64008093064972,config_1
707,36.71283033833363,-95.66926061642356,config_1
708,46.73708322304189,-114.08847514828943,config_1
709,35.484049277801866,-97.34635090061602,config_1
710,44.6839756370651,-110.48927021697901,config_1
711,41.328374541778196,-104.8621070159754,config_1
712,35.63079612104859,-106.72471310360412,config_1
713,41.696910783108834,-107.91786202424889,config_1
714,46.69782271145382,-116.90691471732305,config_1
715,33.94543572874673,-96.42168875383258,config_1
716,47.61726586729762,-113.76372610600805,config_1
717,34.89824040953555,-95.4426550980172,config_1
718,41.09492734740066,-96.14269609829437,config_1
719,34.661866641231185,-97.21517595135317,config_1
720,42.00006803457458,-96.45612493958328,config_1
721,36.05938226867153,-97.39621228459167,config_1
722,30.551144045233837,-97.19519839745105,config_1
723,45.525679582387625,-122.95547797211283,config_1
724,36.110918629110294,-115.25919551614325,config_1
725,38.41662294288008,-97.61693603895634,config_1
726,45.036342590512895,-111.12101815932667,config_1
727,32.750904932136926,-99.89701479209825,config_1
728,43.54084144579396,-116.30697051409554,config_1
729,33.054446236568,-97.02491210297062,config_1
730,36.053676597439875,-115.13665024479842,config_1
731,36.05560278189031,-95.79876145794873,config_1
732,41.143911901178384,-95.89167532241153,config_1
733,29.432122868882335,-98.73318772209468,config_1
734,48.09140351576675,-116.08137851561703,config_1
735,41.966653000060916,-112.89932603991092,config_1
736,38.52566948540856,-118.26021986142183,config_1
737,41.15781654316412,-95.9466688141275,config_1
738,47.37049020964853,-113.61091059819846,config_1
739,44.82842819215774,-111.46512378441915,config_1
740,33.8238964742176,-109.079801743626,config_1
741,42.06936035356145,-97.33987350936582,config_1
742,45.810796402418305,-111.92764961170437,config_1
743,35.24800242272528,-105.80705711519414,config_1
744,41.26110734904863,-105.59709795773483,config_1
745,40.494565560746,-96.70528752056934,config_1
746,43.31070505148083,-110.7356457274394,config_1
747,43.56644618423683,-116.32841966291055,config_1
748,40.139843965757215,-99.36722425286953,config_1
749,45.49088816889291,-122.916678057622,config_1
750,39.202366952341016,-96.61287799670119,config_1
751,35.98902959415991,-96.57234627445673,config_1
752,35.05381138602972,-106.84146366760889,config_1
753,36.38055025091679,-116.74262403966186,config_1
754,32.17018350942475,-106.69467258953188,config_1
755,47.21890837856297,-114.95489281486,config_1
756,34.79065483790714,-96.63873322302929,config_1
757,32.80780188328632,-96.93936947394494,config_1
758,41.09334583115275,-105.51621884599192,config_1
759,32.69398040983509,-96.85595842455778,config_1
760,45.45154858587737,-122.6045032730097,config_1
761,47.49334505959134,-112.39085262454667,config_1
762,36.30309599148049,-95.62066227148003,config_1
763,36.03697888025044,-115.04974689130522,config_1
764,44.150153428648935,-116.11561404494302,config_1
765,45.53037397631602,-122.98045013283213,config_1
766,39.25960597392397,-119.77610749796307,config_1
767,33.91628456649044,-106.87707195209002,config_1
768,39.00939114799164,-101.36232895953161,config_1
769,30.518659151735413,-97.80314535491611,config_1
770,37.02571632788618,-106.8225116284525,config_1
771,44.511697106566515,-116.0362029916361,config_1
772,38.96871297872443,-94.99767365419355,config_1
773,43.62402264344415,-116.33865306263431,config_1
774,39.584359540469066,-119.45563427653602,config_1
775,35.37346952739675,-108.06237654774897,config_1
776,38.961537115323225,-94.75064592880645,config_1
777,48.21076870934337,-114.3096653480471,config_1
778,39.489638239497125,-119.41557581935173,config_1
779,40.2685026220149,-96.78097905513667,config_1
780,45.544876859862605,-105.852023979898,config_1
781,37.1735857281533,-95.13965476895618,config_1
782,29.976433208131063,-95.18168311222594,config_1
783,42.31631789461205,-107.46384376472616,config_1
784,33.160286981943585,-97.53383201533829,config_1
785,35.9855004847799,-97.0649420343467,config_1
786,35.39041311461011,-115.83715696317414,config_1
787,42.20000945706685,-110.185883369432,config_1
788,35.408262189966464,-103.3213047098947,config_1
789,34.979744997311606,-96.80359300107382,config_1
790,30.383932400682447,-97.57686602998567,config_1
791,37.40109373567535,-117.14893577367599,config_1
792,41.78626225516551,-104.85836331331586,config_1
793,45.204098451308944,-108.79093675245375,config_1
794,41.8114992199084,-110.63556726906961,config_1
795,36.72476808320978,-116.97692217137666,config_1
796,36.60438527695699,-116.25631623353502,config_1
797,44.41620543387893,-121.85733995868999,config_1
798,34.090289041331715,-105.6455305815615,config_1
799,39.24870021945481,-96.71329662790134,config_1
800,41.6620416611938,-105.53319979093199,config_1
801,45.52884033588323,-122.6711152704263,config_1
802,32.878605278370635,-96.77200475015242,config_1
803,38.98494525616524,-119.94302479916189,config_1
804,45.14075741420948,-116.28982007782578,config_1
805,34.831124772059084,-96.8317624657591,config_1
806,37.903882289495456,-97.79185204765844,config_1
807,44.009583333929,-115.61576781282,config_1
808,45.614433831592386,-122.82176702905059,config_1
809,34.371606985417976,-108.39036892825393,config_1
810,46.923385760379496,-117.08121100527127,config_1
811,37.08188359682975,-106.88760200233,config_1
812,43.55534276694407,-121.47837105892751,config_1
813,28.37916350000566,-97.80502876854118,config_1
814,35.075782468094204,-95.7035954157288,config_1
815,42.33892320880005,-107.46601000906668,config_1
816,48.37206873703949,-107.29063221262334,config_1
817,36.05891248361074,-115.07002463708135,config_1
818,46.60011491257056,-111.95212800856075,config_1
819,41.691500759480995,-105.51065874513,config_1
820,30.574391843580333,-97.8589338611992,config_1
821,45.53343769773859,-122.38498122558687,config_1
822,43.27523639172341,-109.11682925478587,config_1
823,30.194781329504107,-97.82737136735474,config_1
824,39.90324210727479,-119.99371147174588,config_1
825,43.133311343138885,-110.20354190791001,config_1
826,29.786008203077856,-95.38985149849229,config_1
827,43.24702773765871,-110.4798422842043,config_1
828,44.6884773234046,-116.051473528926,config_1
829,33.99808162892608,-96.22203084684975,config_1
830,39.30602996132698,-119.54728668359934,config_1
831,38.96558552170101,-95.36672590853482,config_1
832,37.92323283159208,-95.16138337087027,config_1
833,45.5081565116463,-122.52618633983037,config_1
834,36.200093398263164,-115.21932852163582,config_1
835,42.0640008987335,-110.9366070554725,config_1
836,46.364754171913226,-110.95268988091331,config_1
837,43.07569921120978,-114.1316890589281,config_1
838,38.89371467798289,-95.25430953556821,config_1
839,37.66279573995875,-95.4815543413618,config_1
840,35.31628189802603,-96.87938947609561,config_1
841,45.02725707557622,-109.44051413690667,config_1
842,40.682644551605684,-99.37627101382604,config_1
843,33.04411390515105,-96.74707457271386,config_1
844,39.15098994311007,-114.35801547914846,config_1
845,43.218994400924885,-108.99010957811961,config_1
846,38.96509843464871,-94.92106026263954,config_1
847,47.70279000221388,-116.84139236026523,config_1
848,46.30972541216033,-109.13789649510916,config_1
849,36.591021558185766,-114.64734140358715,config_1
850,36.172271905974824,-105.96362726058034,config_1
851,31.960499570286625,-97.87066675795703,config_1
852,48.39860391868326,-114.04212712006532,config_1
853,35.04459017940308,-108.31557321835727,config_1
854,44.846721856742015,-122.7592164726861,config_1
855,36.82356523093525,-94.869641055715,config_1
856,41.23514383879717,-95.90835167389052,config_1
857,32.6892541568228,-97.00215290119682,config_1
858,43.666934341323305,-116.22582134272938,config_1
859,42.42956450597763,-110.10645269570271,config_1
860,45.71895188364755,-111.07508710897041,config_1
861,31.426171348578574,-94.47437794396994,config_1
862,39.51058850386357,-119.98857635648814,config_1
863,42.19951100392683,-97.17682054897999,config_1
864,40.63854794683858,-97.57414004929858,config_1
865,45.18289262106462,-123.95418925713814,config_1
866,37.34023776028852,-95.10975552340481,config_1
867,43.848857861111,-104.19468688889,config_1
868,43.618053903402384,-116.30786096991231,config_1
869,40.82100499541533,-97.65101357520636,config_1
870,32.78021102154209,-96.61731894843913,config_1
871,44.404980163956076,-117.31022627763538,config_1
872,45.6127891126815,-110.576729374005,config_1
873,48.491418229427715,-113.99213661259616,config_1
874,36.12510184368066,-95.85889638333622,config_1
875,32.48699634825834,-100.16913906658878,config_1
876,44.249004228995226,-121.24850684728104,config_1
877,34.25453089435383,-97.16509266845968,config_1
878,30.137498490548584,-97.75289436668488,config_1
879,33.11891774529423,-96.74710391108584,config_1
880,43.530150015141565,-116.38159907801894,config_1
881,38.3927464380862,-96.49654862399329,config_1
882,42.69148435222883,-120.5404784335376,config_1
883,39.234754996913985,-96.15511290504767,config_1
884,33.9175687998932,-97.33197206759068,config_1
885,42.226268405560305,-97.01779482442602,config_1
886,39.53766628004261,-119.75056925319069,config_1
887,43.66037236802013,-116.36873568087432,config_1
888,43.5431069797417,-116.14854848062791,config_1
889,39.3340034791158,-115.015938303763,config_1
890,35.929132495039426,-95.16238854958219,config_1
891,43.54718896273017,-116.60465623868674,config_1
892,39.06969535759578,-96.64732771760903,config_1
893,43.35168793077029,-123.55481960457,config_1
894,32.51089170451145,-107.50467055716166,config_1
895,32.96367908766629,-96.86321711281123,config_1
896,44.90694586216936,-122.87646884557799,config_1
897,35.79948227166717,-96.04584539391523,config_1
898,36.44521765575729,-114.51327324686883,config_1
899,36.13576483259601,-96.00535373188,config_1
900,37.654897429137876,-95.44516900133024,config_1
901,41.2792948468695,-98.94147542753717,config_1
902,45.698588271832,-123.26611990726201,config_1
903,33.97488368522427,-96.4189613655633,config_1
904,41.176416383231356,-96.44421543949082,config_1
905,29.58598013487965,-95.38542380375587,config_1
906,45.77188332598684,-123.33115497498423,config_1
907,43.57384734432643,-111.57940770585859,config_1
908,30.4419953619128,-97.64906783669035,config_1
909,35.63229709209179,-105.92487373734556,config_1
910,41.96891334567884,-123.73732729993002,config_1
911,35.09029982964388,-106.57178679459987,config_1
912,46.479841100148306,-111.66353420711889,config_1
913,45.848881414829265,-108.71540134486582,config_1
914,36.608149953223354,-94.96783295871698,config_1
915,43.489664289932584,-116.30879616648454,config_1
916,34.18011430517982,-97.16546191253684,config_1
917,41.736279248744125,-96.04769116517625,config_1
918,47.383087955808996,-114.09806968486998,config_1
919,48.5466479226187,-113.02318383691764,config_1
920,36.34530554227216,-95.92263176282255,config_1
921,32.48007180062912,-94.18649003409914,config_1
922,41.34981627150369,-105.75864769871075,config_1
923,43.62206765700644,-116.32206306605522,config_1
924,38.88526804959396,-99.23351575974306,config_1
925,43.4385726924427,-116.86417561587898,config_1
926,36.475859911629094,-114.52547670835544,config_1
927,44.2927730349255,-121.55232574986411,config_1
928,46.92260145150854,-116.87402346386692,config_1
929,45.306817080177204,-109.19575082899598,config_1
930,45.53275285693924,-123.12304031448548,config_1
931,38.34268935974114,-95.08495896679673,config_1
932,30.37143321201359,-97.94592002981587,config_1
933,40.02455800556817,-119.39058766952945,config_1
934,30.572694673426433,-98.68380356222269,config_1
935,34.42775154779804,-103.19382672736832,config_1
936,30.387227942195857,-97.69176294975452,config_1
937,43.8458140886889,-110.51293756539262,config_1
938,46.961056611358,-112.09805944752668,config_1
939,38.10488257154034,-117.57662051077,config_1
940,45.06490664288264,-111.64772165679297,config_1
941,37.75414290410857,-100.04587961293089,config_1
942,44.899360832263746,-110.24808243903846,config_1
943,43.61397982893954,-116.16825337932869,config_1
944,44.80362826293196,-109.30519484208432,config_1
945,35.02714800607425,-95.71499052203082,config_1
946,32.96923672031833,-96.52897045933878,config_1
947,34.37342673010231,-96.42585359828257,config_1
948,37.444330129978994,-95.48578265615673,config_1
949,34.742301540975916,-97.26735997696831,config_1
950,41.17261481236517,-96.1190608057345,config_1
951,35.0310281867481,-96.6787948448833,config_1
952,40.794994955694506,-115.848148497975,config_1
953,37.87098268323538,-95.41700621110668,config_1
954,43.71647094685874,-121.39719002588936,config_1
955,41.21096373260721,-96.06617286533067,config_1
956,36.117774860123156,-115.11512557937647,config_1
957,34.486456307195496,-97.4524983018223,config_1
958,48.08216964905316,-116.63035871384422,config_1
959,37.685048090429206,-95.19103970131508,config_1
960,30.16594625228161,-96.0854791297953,config_1
961,41.337520101493446,-106.29184139451127,config_1
962,37.00796701736345,-94.63450199187301,config_1
963,41.11180041144125,-101.3485089188325,config_1
964,34.636466136471185,-97.22682122138306,config_1
965,43.41613694137538,-110.77310030720194,config_1
966,45.12062557844338,-122.95977573786674,config_1
967,32.99631782942129,-96.862237670313,config_1
968,34.89439825516695,-95.64557853277529,config_1
969,34.19390053751888,-97.13602163286906,config_1
970,39.761573734079,-99.12058204215026,config_1
971,32.267359482845656,-109.23827783130446,config_1
972,41.852253550684686,-113.13377769248001,config_1
973,34.97071240472657,-104.92740731206888,config_1
974,48.01109405007276,-114.21605529288667,config_1
975,42.53213606075975,-112.17534725723249,config_1
976,39.401289250040584,-115.70885211225429,config_1
977,30.362339457864632,-97.73799649532323,config_1
978,45.088430496418454,-121.54621296719648,config_1
979,45.59647919665263,-122.74258793423046,config_1
980,37.08628644757386,-100.85260212385398,config_1
981,43.24933089015673,-116.37490818359728,config_1
982,43.74591417749934,-122.48595983281272,config_1
983,35.49276123463846,-98.98705248025836,config_1
984,45.736476957703154,-110.20392129311278,config_1
985,36.268467677076536,-115.26378420654977,config_1
986,38.65764213844946,-96.13007874008771,config_1
987,38.28943099504426,-118.06735062074628,config_1
988,35.305820088390625,-106.21496803993078,config_1
989,36.107334223881765,-115.21465300809868,config_1
990,42.08565255150092,-121.67507978060618,config_1
991,32.75219092327149,-97.34220196438585,config_1
992,43.1467175513009,-123.43371365556555,config_1
993,39.02048903423163,-96.64532642613926,config_1
994,38.310333492088624,-96.9702930931634,config_1
995,33.053082735280206,-97.0863821455606,config_1
996,45.352010360302735,-122.65368504052475,config_1
997,42.206530806492,-96.241585336888,config_1
998,45.12404267417559,-121.58832811961588,config_1
999,45.67596139597224,-110.5229858149146,config_1
1000,41.26710010063825,-102.11129110051749,config_1
1001,40.88251082668828,-96.77721800792447,config_1
1002,45.44653950394491,-122.62805185225729,config_1
1003,30.57293620149337,-97.68991519504237,config_1
1004,48.30878109280262,-116.370363138272,config_1
1005,36.08112952893451,-115.25628940493742,config_1
1006,40.81004644480327,-102.83548451198867,config_1
1007,30.205392566348543,-97.6297650332158,config_1
1008,34.37806662322675,-96.27325784654086,config_1
1009,41.855748059553605,-96.09839029481613,config_1
1010,43.25139263890195,-109.06447974680484,config_1
1011,41.15252547463814,-95.90028149361237,config_1
1012,33.03150487039346,-97.00782616944561,config_1
1013,29.51165667221616,-98.58048532966126,config_1
1014,35.96436350556225,-115.17197318223191,config_1
1015,46.32743974963129,-111.52418563340797,config_1
1016,36.584408572454926,-116.21048787440857,config_1
1017,38.08390469329375,-99.93873023359399,config_1
1018,38.957841145677534,-96.00262131303775,config_1
1019,41.017097003098804,-96.30877409912817,config_1
1020,46.283173018989395,-108.478085928674,config_1
1021,32.231665064863826,-109.05770944253182,config_1
1022,44.03332268710371,-121.53108083245604,config_1
1023,37.62363030126993,-98.74954053839662,config_1
1024,36.30873390785,-96.018292239817,config_1
1025,39.66735367466414,-95.560508290504,config_1
1026,45.52061578913082,-122.54259876818304,config_1
1027,40.820923295972094,-97.8627874596887,config_1
1028,45.517281631391654,-122.99001406738867,config_1
1029,46.17491026083013,-123.96014485600642,config_1
1030,36.34374500516205,-95.30449908809722,config_1
1031,36.178782508890336,-115.31883234750084,config_1
1032,44.30843545434254,-116.08457608145156,config_1
1033,40.62054247193034,-98.40187352141972,config_1
1034,38.93175372102338,-94.62594362976337,config_1
1035,33.099227267662584,-96.67969986746364,config_1
1036,40.82118122116182,-97.12116573340226,config_1
1037,41.42535472746807,-110.1234739635583,config_1
1038,39.13930704209133,-119.18938981684111,config_1
1039,29.166623109548286,-96.04580376479107,config_1
1040,43.590442691259,-119.96685639591,config_1
1041,36.95408571565879,-97.34677627126622,config_1
1042,34.188656982320495,-96.9952399766085,config_1
1043,37.97553932532451,-97.9896524982694,config_1
1044,35.01489147416667,-97.151554905497,config_1
1045,39.01501262051459,-94.63702126252262,config_1
1046,35.181533863656,-106.68336224473,config_1
1047,37.73458640713032,-100.0259699035243,config_1
1048,45.59698026367925,-118.5787325053375,config_1
1049,42.36939710372076,-113.26451599664033,config_1
1050,32.77235534996995,-96.79856311449876,config_1
1051,42.21842229345937,-120.29491633183657,config_1
1052,32.84641007211062,-97.04953723365789,config_1
1053,37.34725608500573,-95.25528321524126,config_1
1054,35.4392581744439,-95.78703356262689,config_1
1055,41.15731687893138,-95.9240496794889,config_1
1056,41.19323279426058,-96.07750629506882,config_1
1057,34.560160727586556,-96.63316459078287,config_1
1058,45.314315734459,-109.4213533009825,config_1
1059,29.391747099915435,-94.71143798026564,config_1
1060,39.42600008115095,-96.57522996732943,config_1
1061,32.649887950492996,-109.052696190336,config_1
1062,45.5543542840375,-122.50728865353693,config_1
1063,32.586697032235115,-107.36665675409334,config_1
1064,45.76865444990725,-107.9202907721475,config_1
1065,30.206783946051303,-96.75622104534925,config_1
1066,41.820921003204916,-106.03776619854347,config_1
1067,40.28555300513355,-96.82412416187888,config_1
1068,39.128867678742104,-100.8473619771958,config_1
1069,44.42604436175694,-117.31434250587812,config_1
1070,36.639057757549864,-117.00034292393201,config_1
1071,46.71919856372908,-114.52125085022847,config_1
1072,41.112092773715716,-95.92804351635912,config_1
1073,43.55037925774338,-116.61250271910828,config_1
1074,42.69039798946295,-108.45176161292515,config_1
1075,46.22596099852378,-113.24872015263776,config_1
1076,36.30673174175463,-96.99236641793023,config_1
1077,30.283959097148404,-97.70592438020186,config_1
1078,39.05499432324186,-95.34538624728988,config_1
1079,38.942842768933524,-94.81547842803768,config_1
1080,40.13638451280525,-98.35978785995539,config_1
1081,42.0019249082184,-96.27642290884944,config_1
1082,38.15735107193035,-95.36333501444965,config_1
1083,39.198316265050686,-94.89329001523288,config_1
1084,48.0229410341695,-115.02061696502163,config_1
1085,44.41992320294565,-108.96883976266913,config_1
1086,38.95764270381701,-96.46580068825747,config_1
1087,30.287189002354168,-97.65163235211561,config_1
1088,34.382033292761314,-96.48701050149806,config_1
1089,36.31889941989262,-95.57540590072092,config_1
1090,48.704881742093654,-113.50989981556582,config_1
1091,43.71703685615226,-110.00123313449699,config_1
1092,45.44357536082166,-122.55605692354374,config_1
1093,36.14660138397553,-115.20491466230817,config_1
1094,44.79941082715998,-111.1063190881735,config_1
1095,40.470586503069924,-99.74878131082724,config_1
1096,34.26195065630683,-96.61859003709134,config_1
1097,37.67955589613768,-96.79584391821243,config_1
1098,35.798845378444,-95.39488755192484,config_1
1099,36.010646742460125,-95.92643216568473,config_1
1100,41.954359588447524,-96.4630725166004,config_1
1101,36.323581918495734,-115.31252235280375,config_1
1102,34.831939628768026,-97.58826760270917,config_1
1103,32.74388022360069,-96.8214518296984,config_1
1104,32.861224149441874,-96.63040681061156,config_1
1105,38.021802838183,-97.5962990739988,config_1
1106,36.28798592043875,-115.1671932106042,config_1
1107,38.776927385563006,-94.68112329290338,config_1
1108,44.07644836535172,-123.04777113856099,config_1
1109,40.966900003747874,-96.41258906314562,config_1
1110,37.79464605402211,-97.49885169234419,config_1
1111,36.263172035487834,-95.33308655826416,config_1
1112,45.68771772939728,-107.57792709359168,config_1
1113,46.0864087594302,-122.93114082606398,config_1
1114,32.46246506712306,-99.76233655700996,config_1
1115,47.68759234510358,-114.12227090592995,config_1
1116,33.20534543856487,-93.88193805190913,config_1
1117,40.46733067641384,-118.26315731211024,config_1
1118,38.609321294614524,-94.84087513571576,config_1
1119,44.45512954401728,-115.99931302444426,config_1
1120,29.526374302453085,-95.08091619916382,config_1
1121,30.486994351761275,-97.74277882268571,config_1
1122,43.45385536989071,-116.4316627940458,config_1
1123,30.650251871318165,-96.31352904184685,config_1
1124,40.31915269944672,-99.36442661931649,config_1
1125,45.41925176823033,-108.88484040498668,config_1
1126,35.723205474399094,-96.8506175335849,config_1
1127,37.51248367786644,-95.26847902429238,config_1
1128,36.12407637778745,-97.0628795941846,config_1
1129,31.501515473926364,-98.59185992697716,config_1
1130,32.79584846883345,-96.82328474473952,config_1
1131,39.53169369725245,-119.82955744480694,config_1
1132,32.89402343495058,-96.86841202495026,config_1
1133,36.07580706042925,-115.02916632871434,config_1
1134,43.567364491361154,-116.1818909625918,config_1
1135,41.21010433112561,-96.00110184165644,config_1
1136,35.9945663552037,-96.09154958901959,config_1
1137,35.176081163088284,-96.67471252073793,config_1
1138,33.60166238292567,-94.98428877952999,config_1
1139,30.07409196971014,-95.51873359740593,config_1
1140,45.596341345915896,-122.75812176776056,config_1
1141,39.09591806490495,-119.92221313575676,config_1
1142,43.15413093838809,-107.68289939441546,config_1
1143,36.55461813384798,-114.6928442441842,config_1
1144,48.25060139997671,-115.48996328604646,config_1
1145,45.471715133357556,-122.60989952189978,config_1
1146,48.398355197458876,-115.82544753447135,config_1
1147,36.78117859185143,-116.93107270179573,config_1
1148,40.16721962971243,-96.94355219379369,config_1
1149,42.468214831723074,-107.59696437213,config_1
1150,32.963713609289236,-96.58969929814552,config_1
1151,46.72321017385667,-113.56466222209,config_1
1152,34.204473155102775,-96.42291246137923,config_1
1153,42.84245192571097,-108.74255182205928,config_1
1154,35.82437092613401,-105.97739313102387,config_1
1155,38.55276416935429,-96.95615243448627,config_1
1156,43.20077124659962,-110.88025222575125,config_1
1157,34.97885897268648,-103.75029094226325,config_1
1158,47.267293016285834,-113.5537481933553,config_1
1159,37.00661974804683,-98.49437636911716,config_1
1160,37.110917326331396,-96.47281145392131,config_1
1161,35.48068021417294,-106.11982231516065,config_1
1162,39.248761735636855,-94.97240770090558,config_1
1163,44.48176084407638,-110.85397914142425,config_1
1164,38.770295138226835,-95.13070879562366,config_1
1165,35.091418482269,-97.41930766983862,config_1
1166,43.57401478256136,-116.31100643611227,config_1
1167,43.673878945358645,-116.29186616464972,config_1
1168,44.96684786948251,-116.26413946186703,config_1
1169,47.59041946235336,-113.75547427738123,config_1
1170,40.031036201473164,-96.03535837469616,config_1
1171,39.46226265887103,-96.2215538892231,config_1
1172,44.449257256172366,-121.19901651523583,config_1
1173,29.695841494505252,-95.316552265769,config_1
1174,35.44171406108587,-106.36040352454235,config_1
1175,32.71953680298412,-97.3696347619699,config_1
1176,48.21787721826829,-116.26315604809416,config_1
1177,46.966934119799184,-114.13304900231088,config_1
1178,32.455086987224064,-94.722484569332,config_1
1179,43.113782369150854,-110.17593222353145,config_1
1180,46.1501740840303,-123.89264909211595,config_1
1181,34.395303390449655,-96.93699898441906,config_1
1182,42.334415962960364,-109.51742406831968,config_1
1183,36.26132537890263,-95.886717290906,config_1
1184,45.53322543788686,-122.93360846875036,config_1
1185,36.15232454297917,-115.05252709136596,config_1
1186,36.72128843111781,-106.56153222993444,config_1
1187,36.3095563038543,-115.20675315529508,config_1
1188,41.965441603983265,-110.06503449211841,config_1
1189,43.57672944891052,-116.41015916490667,config_1
1190,39.75433731124318,-101.99713321491612,config_1
1191,34.237501911341,-96.22078270361179,config_1
1192,36.313259324287216,-114.94657750351071,config_1
1193,47.510817191030874,-113.69221891675993,config_1
1194,39.307017584307495,-119.64058715851559,config_1
1195,43.49687223585322,-116.35949997921175,config_1
1196,48.13349138847507,-116.60470716323454,config_1
1197,40.53755439308423,-101.93185161174334,config_1
1198,35.084568223314264,-96.67881467525187,config_1
1199,34.269871848236996,-95.936092653502,config_1
1200,32.92255616405772,-96.66381362661731,config_1
1201,44.361848782290274,-121.2395269968547,config_1
1202,48.20686810258044,-115.85496104840595,config_1
1203,34.06666373468788,-97.16096448564336,config_1
1204,37.50309126064868,-94.86209232537887,config_1
1205,34.00190037686013,-96.42041984184446,config_1
1206,39.82403213398581,-119.9363240488733,config_1
1207,32.71005574974565,-96.98449905450548,config_1
1208,30.30230840351596,-97.73563076415131,config_1
1209,39.53364120815619,-119.80655551429851,config_1
1210,46.70112720172925,-113.38695757793501,config_1
1211,38.97961316039446,-94.72724242912336,config_1
1212,34.3061172648965,-96.54876244410227,config_1
1213,39.188670236788234,-96.6377943903296,config_1
1214,36.7297986168982,-107.273556745208,config_1
1215,36.45582351198209,-114.71276698962274,config_1
1216,35.42075453771145,-97.50938400853619,config_1
1217,37.7509972421838,-97.3997692460318,config_1
1218,29.370020734575995,-98.521986330246,config_1
1219,40.148469134814306,-101.23638865724101,config_1
1220,32.68981020415506,-96.80902229912179,config_1
1221,45.54207119057189,-122.86906273162563,config_1
1222,41.82360724347322,-110.83559820222276,config_1
1223,35.44227145229579,-97.41281437978556,config_1
1224,43.47831820098867,-116.39312539551777,config_1
1225,39.59997785161803,-119.84157757808853,config_1
1226,39.780948738510396,-99.39245817303149,config_1
1227,40.537698466247335,-101.87567505694915,config_1
1228,43.87416623758662,-121.55257139323842,config_1
1229,32.905428745655804,-96.62850032374992,config_1
1230,45.612894576098675,-123.21553356877777,config_1
1231,35.0675496961686,-104.17703584533665,config_1
1232,46.8669091582341,-113.97912208071385,config_1
1233,35.8117085619658,-95.06900734051958,config_1
1234,45.6512542484254,-110.610315998951,config_1
1235,34.37730366704121,-96.14348983003265,config_1
1236,46.46276906889059,-116.98600290566091,config_1
1237,45.53819319821506,-122.83611637626751,config_1
1238,47.684029535215295,-116.77210295571938,config_1
1239,48.06501263742199,-115.91215270367388,config_1
1240,41.1823842694402,-96.04760458381618,config_1
1241,42.40360526696236,-98.21324577468458,config_1
1242,43.573727298190754,-116.15357607914983,config_1
1243,42.62674624000072,-121.93922111180764,config_1
1244,41.59871135420661,-96.50212445610582,config_1
1245,35.08321440536717,-106.6527423447802,config_1
1246,36.20210884782553,-115.14895963831515,config_1
1247,45.08845380074806,-123.95642162827572,config_1
1248,35.10178142460148,-106.6462402162871,config_1
1249,37.54237009628373,-97.97083314759298,config_1
1250,44.069455510138106,-110.68454631467273,config_1
1251,34.73633104438716,-97.21344891451997,config_1
1252,45.48248798213723,-122.55044027490767,config_1
1253,38.85988393225239,-119.66587514222367,config_1
1254,34.69833320359503,-96.6168345097089,config_1
1255,45.35685836888101,-121.14264103518498,config_1
1256,42.38599936290117,-123.4729564888279,config_1
1257,34.81641883534289,-97.41445053677592,config_1
1258,39.951843726449994,-98.15427812276072,config_1
1259,38.59234033840282,-96.2611624142779,config_1
1260,37.1933353730987,-95.3949394658801,config_1
1261,44.570436715281744,-110.39658230712666,config_1
1262,39.39926669711186,-119.75967615653182,config_1
1263,34.9530399456684,-106.68309412159978,config_1
1264,39.47190554728417,-119.76200897425403,config_1
1265,38.08870018335609,-95.19732112858873,config_1
1266,42.020033454326565,-107.37273225031262,config_1
1267,43.70007249276361,-116.47779650603462,config_1
1268,44.79756456457033,-121.33213418525487,config_1
1269,36.27592972398019,-97.32758717506749,config_1
1270,36.05954387833844,-95.83406693606081,config_1
1271,41.01832375709677,-96.64171411057018,config_1
1272,35.0689345979126,-104.204774715086,config_1
1273,41.77381118298055,-107.08913708938913,config_1
1274,48.42635600581157,-116.49622891242572,config_1
1275,35.221972413742236,-99.93185600810209,config_1
1276,36.069570821352656,-115.14300717234326,config_1
1277,35.57611611644242,-95.49081835074657,config_1
1278,29.516092015352314,-98.40136269972326,config_1
1279,32.96253568294808,-96.98178746936215,config_1
1280,30.4505483422381,-97.61250594834932,config_1
1281,42.727992129056005,-97.2317625734006,config_1
1282,40.55322534327775,-98.95180076860191,config_1
1283,45.42870275846901,-121.96486927504998,config_1
1284,45.359218461632445,-110.7425818858689,config_1
1285,38.57143973148442,-98.26864462365917,config_1
1286,37.39091230950937,-94.70820465997986,config_1
1287,45.49693668716251,-110.225386620805,config_1
1288,35.246197350527204,-95.5746648866138,config_1
1289,46.558663298424165,-112.35070045397048,config_1
1290,42.57604711051027,-114.1445132679741,config_1
1291,36.04834715141367,-96.07441225264365,config_1
1292,44.68949983637283,-117.68843823064937,config_1
1293,45.35758534091344,-123.17313091868992,config_1
1294,45.58309565938589,-123.93983805415677,config_1
1295,48.084121452870164,-113.97771066723186,config_1
1296,36.11582481978332,-97.1636262745175,config_1
1297,33.409329306049756,-104.51310417485206,config_1
1298,36.16875012991203,-115.24240031711969,config_1
1299,44.28936353325795,-121.47909491609472,config_1
1300,42.990430686409915,-106.64987987163227,config_1
1301,34.625019091707365,-96.84270466906028,config_1
1302,45.510984826150974,-122.94831280291508,config_1
1303,35.67151853985685,-94.93472944233294,config_1
1304,38.419137107771185,-95.25517313880873,config_1
1305,45.39522729692575,-116.33712799779198,config_1
1306,34.25830934498825,-95.93610178568426,config_1
1307,32.9161076353381,-96.8900768702475,config_1
1308,42.87821454968616,-122.136334243579,config_1
1309,35.831216838449556,-115.28424036778061,config_1
1310,47.172742844752875,-113.35901848910528,config_1
1311,40.88657688291505,-96.86345940847734,config_1
1312,39.84390838413682,-95.31306927125235,config_1
1313,45.49763752366323,-122.57399620045045,config_1
1314,40.874680466490304,-115.72504898046897,config_1
1315,32.7356793831069,-97.47602390536517,config_1
1316,43.81851198144021,-110.2653157156563,config_1
1317,36.29216727264831,-115.32482413940986,config_1
1318,39.765259819341786,-96.73603102891965,config_1
1319,45.66264708887908,-110.72203587470335,config_1
1320,45.84973763772708,-122.84135215784282,config_1
1321,38.97781517623312,-94.79131069000672,config_1
1322,40.067747998357405,-95.59643401605271,config_1
1323,38.15798630283137,-99.16230242892739,config_1
1324,37.663761467770165,-117.22422753862416,config_1
1325,37.33418674068673,-95.0258058149739,config_1
1326,38.657054407001,-96.22039134047634,config_1
1327,39.60454293019263,-119.8095291658785,config_1
1328,37.55987896151194,-94.70756913744412,config_1
1329,43.58849329630915,-116.35472590610317,config_1
1330,44.88796170209958,-119.01722328799062,config_1
1331,43.59046726817501,-116.43151331233905,config_1
1332,34.73815586426843,-96.70797187735948,config_1
1333,38.20114599414628,-97.84962312431192,config_1
1334,44.66446294331388,-111.38318242544,config_1
1335,46.49073491733187,-113.23067925451002,config_1
1336,37.48839738688477,-95.76553954007251,config_1
1337,44.64482138786056,-110.91474213975327,config_1
1338,30.22435795547524,-96.58482024995584,config_1
1339,39.83085908623251,-95.50633149269859,config_1
1340,38.85521041481039,-96.80806173536692,config_1
1341,48.438691339349056,-115.65700780914139,config_1
1342,41.30806682536011,-110.55579648092268,config_1
1343,37.99397622725314,-98.03501289948893,config_1
1344,38.44711932026078,-98.8824897247794,config_1
1345,44.96690335352508,-117.8724161409675,config_1
1346,36.161927661202455,-95.99609169108767,config_1
1347,45.209375833425,-116.31397752069999,config_1
1348,30.136311227682427,-96.94802503097601,config_1
1349,45.654312302642055,-110.55552339277229,config_1
1350,47.106242379467034,-113.28483222488123,config_1
1351,36.06910523389852,-95.96585117989017,config_1
1352,37.80736164234332,-94.70465234964135,config_1
1353,40.14733286360682,-97.50974134636937,config_1
1354,42.950875412097304,-108.82065315574825,config_1
1355,44.05155919097395,-116.12812876640125,config_1
1356,32.83077000944354,-96.62041226428008,config_1
1357,45.9521700459145,-119.18507442821232,config_1
1358,44.064680568635076,-121.31185818399281,config_1
1359,38.122614517088685,-117.92702545056335,config_1
1360,35.98308719563034,-95.79851997993627,config_1
1361,30.20887000843342,-97.6880134654391,config_1
1362,40.749854855303134,-100.17310759480753,config_1
1363,45.46293448197957,-122.7056048041269,config_1
1364,41.8175459080789,-96.06953361401634,config_1
1365,30.43562599423102,-97.83299717856343,config_1
1366,39.8333272846226,-120.03834710142421,config_1
1367,34.80239847697878,-96.94232735206225,config_1
1368,43.648427313554755,-116.42290104215817,config_1
1369,43.3596385939565,-109.26996555887742,config_1
1370,41.249286336914636,-96.22468692129884,config_1
1371,41.32706824710757,-102.13669258055143,config_1
1372,34.1498627338258,-96.26340400129226,config_1
1373,33.00969988344334,-96.9705133195649,config_1
1374,39.49759844562144,-119.85005256086554,config_1
1375,40.38087358759823,-119.3384376758223,config_1
1376,43.56107217190591,-116.61291666449256,config_1
1377,47.81763121964483,-116.81766791207167,config_1
1378,32.650023204828464,-97.07057486491338,config_1
1379,46.545753015998244,-110.902952931035,config_1
1380,45.45777916040283,-122.83319276985367,config_1
1381,40.46312515776184,-96.72437810269183,config_1
1382,38.06284294502655,-97.98403745860497,config_1
1383,41.17675259748834,-96.06870425142584,config_1
1384,43.67141287915828,-110.70262223701151,config_1
1385,47.73899672433743,-117.00193920117965,config_1
1386,29.792696323473685,-98.70930381661387,config_1
1387,48.513103486771,-116.4416825239909,config_1
1388,43.04065277226918,-108.90105985048477,config_1
1389,39.44696435891587,-96.77987305289541,config_1
1390,35.50048011229055,-94.99864602547743,config_1
1391,34.97286986368827,-95.35545801270207,config_1
1392,34.20028843644523,-97.17005087593074,config_1
1393,39.38709413829016,-120.02510981420916,config_1
1394,34.65692764579294,-96.46970250454027,config_1
1395,37.979381616363604,-100.88498846796622,config_1
1396,42.32245193424724,-120.32264355794517,config_1
1397,42.65713867152094,-108.18757223953665,config_1
1398,46.37250915808811,-108.64319229082048,config_1
1399,44.435742022003296,-123.06156021904559,config_1
1400,47.00910340545992,-113.35617450808782,config_1
1401,34.808081778507095,-96.5453536503517,config_1
1402,35.00805790203818,-96.67871932029836,config_1
1403,39.74107867575495,-100.1588519161121,config_1
1404,45.04694550604078,-108.65528925042226,config_1
1405,43.40144494483244,-110.75545591869567,config_1
1406,43.53454684946619,-116.35596038527594,config_1
1407,42.72763612211024,-110.93350736053569,config_1
1408,43.38464308203366,-124.21840992022334,config_1
1409,36.14931180071071,-96.0688354759237,config_1
1410,39.06424186080791,-95.67581128390384,config_1
1411,48.03800427710184,-113.96105737827092,config_1
1412,42.5733192449069,-97.33881216229295,config_1
1413,30.01501953168447,-96.92552523644564,config_1
1414,34.18707894024793,-97.02651200372884,config_1
1415,41.81686321452136,-113.3363017581732,config_1
1416,31.31685074169975,-96.88236714169174,config_1
1417,43.690450291762865,-116.47456352845002,config_1
1418,34.7800770389986,-96.63607164588859,config_1
1419,45.73352213391978,-116.3046698100411,config_1
1420,45.4425176697771,-109.45375553755,config_1
1421,40.508688760721334,-98.95353281377473,config_1
1422,47.00857661140473,-114.49643832018259,config_1
1423,48.3901059845729,-114.01998479674394,config_1
1424,32.949417599800164,-97.02915319104189,config_1
1425,44.16260053328983,-123.0566470245401,config_1
1426,38.12242025994339,-94.71134290102813,config_1
1427,38.966386901202235,-94.65431139956812,config_1
1428,44.363018113778985,-116.02002603969693,config_1
1429,45.54977031673606,-121.57225667585324,config_1
1430,35.338072336358884,-95.58450034138629,config_1
1431,41.90328091752575,-112.58613373852624,config_1
1432,41.86613523675161,-120.3500710963348,config_1
1433,36.09046707716093,-115.1742631416407,config_1
1434,37.07009128526142,-106.39434367736548,config_1
1435,46.9381772414015,-114.1033680207794,config_1
1436,43.12943064460816,-120.94416214554349,config_1
1437,42.05220025479,-110.93139797375,config_1
1438,45.90182899487276,-109.96888648848173,config_1
1439,37.86813904445613,-97.31445320368873,config_1
1440,40.495391124346604,-99.09503452823157,config_1
1441,32.85265501743477,-97.30807467310616,config_1
1442,36.91762389772184,-94.83748648522636,config_1
1443,36.55262643956863,-95.92827307493572,config_1
1444,42.57471097185858,-109.96498731522274,config_1
1445,43.714555349483426,-116.42728656715323,config_1
1446,35.26688154678615,-95.58641025739026,config_1
1447,42.14971592133967,-112.98376530440085,config_1
1448,39.2446779885,-94.88788365484918,config_1
1449,29.81795343930475,-95.29597749998311,config_1
1450,32.085028601743,-106.788706122134,config_1
1451,34.32195648308034,-96.65122399905054,config_1
1452,42.23710868935488,-121.79623327517406,config_1
1453,43.3022924300892,-123.15604427251802,config_1
1454,46.90087850723744,-112.93376266803068,config_1
1455,39.55048957341353,-119.79423753071625,config_1
1456,45.30420909465036,-123.18284569570017,config_1
1457,41.249823470748204,-95.93295769179748,config_1
1458,35.9343131691775,-115.18991867736054,config_1
1459,34.331410944528734,-97.24730348481178,config_1
1460,34.85723841990081,-95.53375922022376,config_1
1461,34.44418611405357,-96.06540055741772,config_1
1462,45.805233416349395,-111.74646634193422,config_1
1463,44.036340968627535,-123.10785103382203,config_1
1464,42.159688933782896,-120.22318825483623,config_1
1465,39.61534710252261,-119.72143700587176,config_1
1466,46.16460052122597,-111.46276865863346,config_1
1467,43.044946811020914,-110.1453057628475,config_1
1468,35.00255656261217,-105.54344065919389,config_1
1469,36.02551392131781,-95.95478272499926,config_1
1470,48.106822383658894,-114.24918484182999,config_1
1471,45.811254865211005,-116.27800896627123,config_1
1472,44.36416549391886,-121.25038044120603,config_1
1473,33.32275856639044,-94.70463058021276,config_1
1474,49.195478550289,-110.25219872636,config_1
1475,30.053095257714624,-95.86269379563757,config_1
1476,41.236452391708944,-95.97980787781847,config_1
1477,42.39179140191649,-109.54109568277049,config_1
1478,32.86384709981778,-98.11584849281007,config_1
1479,45.661218983195525,-110.65243753034383,config_1
1480,48.43259548913387,-114.04237237867527,config_1
1481,45.251469565297015,-122.94110821916561,config_1
1482,45.08680503713589,-122.95078425278197,config_1
1483,41.67337137435593,-113.54330867185938,config_1
1484,41.82533520334682,-113.17859922053313,config_1
1485,29.996144632998632,-98.12525223041676,config_1
1486,33.161482039378754,-95.16712189870287,config_1
1487,33.98701054328101,-96.94736880567453,config_1
1488,47.40071690647099,-115.46759398192515,config_1
1489,38.78360804291896,-95.19323249182435,config_1
1490,40.459084644398246,-98.60815139649625,config_1
1491,46.688729826436294,-110.87150946912355,config_1
1492,30.108997822192894,-97.3317259487805,config_1
1493,36.47211241352531,-95.9205622584693,config_1
1494,41.081329472575746,-95.90138776268117,config_1
1495,36.68055900519467,-108.04132091440069,config_1
1496,46.19068226939556,-123.82722199869166,config_1
1497,32.87293631757741,-96.88741337168139,config_1
1498,43.648035955269705,-116.44903076157229,config_1
1499,37.439216177546946,-117.16401355787157,config_1
1500,47.71499152335764,-117.00276840509267,config_1
1501,45.2786491754756,-109.21121605113335,config_1
1502,35.21584905657715,-97.47641426386315,config_1
1503,47.811917996566834,-112.18286743805562,config_1
1504,43.7774300550681,-110.52999176949835,config_1
1505,36.142491552823,-115.28918411665641,config_1
1506,30.033270290733824,-95.56541792584117,config_1
1507,32.709321797833184,-96.76325209609362,config_1
1508,36.171514861629035,-115.08093353944653,config_1
1509,35.834210586543705,-114.56828032639798,config_1
1510,38.145671033796894,-97.42339325804416,config_1
1511,41.01104743273351,-102.45040851719538,config_1
1512,37.92598347853219,-99.36010504305956,config_1
1513,47.318357638089,-115.056547312535,config_1
1514,41.065292705525565,-96.64049939570748,config_1
1515,35.253645337921164,-96.68396338470177,config_1
1516,34.20999791232025,-96.62985519049177,config_1
1517,32.95228960335024,-96.66024076093262,config_1
1518,36.14832104011591,-115.303524608945,config_1
1519,38.30969755578343,-96.17994854915757,config_1
1520,32.95868019518336,-97.2720128644982,config_1
1521,35.02236287214664,-106.64841057278409,config_1
1522,39.55443686480983,-119.71745476896373,config_1
1523,36.73961719342267,-116.96678368127499,config_1
1524,39.31100551419155,-94.91641137953114,config_1
1525,39.06052989188412,-94.81033509105339,config_1
1526,31.687870067609005,-96.17803138002273,config_1
1527,41.4385897246455,-97.34240583694441,config_1
1528,41.242022731854036,-96.0188356215213,config_1
1529,45.24350500671646,-122.77818421680362,config_1
1530,42.850762971277064,-120.80095369946642,config_1
1531,35.786532426514036,-97.46477875356962,config_1
1532,45.220188768735326,-111.67931019446358,config_1
1533,45.41804170475283,-109.47444876403667,config_1
1534,35.250832969004925,-97.60013974128833,config_1
1535,38.81656154428117,-113.97779414115917,config_1
1536,36.04496141583137,-115.2472549874807,config_1
1537,44.53881915794,-116.0334925905091,config_1
1538,47.62620870690838,-116.58180931703625,config_1
1539,30.298527414577656,-97.86876482526876,config_1
1540,34.29273675483869,-96.96675867718524,config_1
1541,34.99724275347148,-95.34272708724671,config_1
1542,42.0819193154708,-109.4380609943288,config_1
1543,45.78661070717324,-108.61348385546185,config_1
1544,31.986214640649916,-106.65445837424787,config_1
1545,45.414769949894065,-122.78594121753315,config_1
1546,44.90716332815729,-116.10488151458077,config_1
1547,36.42820433989489,-114.62602633227668,config_1
1548,38.80495526898984,-119.60785616189395,config_1
1549,36.06165376785482,-115.56286194522545,config_1
1550,41.983498800552894,-124.22011278517392,config_1
1551,39.754632000621626,-120.03885922717181,config_1
1552,45.58618656579279,-111.19701808818665,config_1
1553,38.23829977111533,-95.28419234723833,config_1
1554,43.712178308576696,-116.16293022784302,config_1
1555,37.040647136541516,-94.72504386475444,config_1
1556,36.30718272736045,-115.32015715472465,config_1
1557,45.683227770452866,-110.07774852098868,config_1
1558,30.261211746620443,-97.78805334532099,config_1
1559,41.20443213338648,-95.97869989566219,config_1
1560,43.713084479971535,-116.31995136452626,config_1
1561,38.52729101001379,-96.15262326741194,config_1
1562,44.59466653075484,-116.04309769279233,config_1
1563,39.31671588939782,-96.86141348708705,config_1
1564,46.90940176822942,-114.02994495994214,config_1
1565,36.72491348671729,-97.34567911437657,config_1
1566,38.937650494779,-95.14839193927709,config_1
1567,40.85201224925893,-100.75126148985599,config_1
1568,41.17470287799791,-96.23480131789535,config_1
1569,45.123870189194946,-122.7353213882532,config_1
1570,35.69951900445678,-105.92857011405218,config_1
1571,44.15935724042879,-124.11699969607615,config_1
1572,36.23951318712878,-95.96546193943739,config_1
1573,40.8495234142363,-96.6427286652876,config_1
1574,34.5352809191573,-96.24681604434446,config_1
1575,45.5878301366775,-123.01576266599281,config_1
1576,34.67069900140702,-96.55343210245194,config_1
1577,40.80502605108439,-97.58490528163652,config_1
1578,40.10579386315216,-98.51168852837863,config_1
1579,37.0844537020996,-98.4169025982708,config_1
1580,45.470437576691275,-122.47799049267633,config_1
1581,47.035008966429814,-113.23732605500493,config_1
1582,43.62046784620702,-116.37217437429469,config_1
1583,34.980510922355826,-96.67925446431833,config_1
1584,42.49668785830538,-107.83344278847794,config_1
1585,43.837001968737,-116.03329227264,config_1
1586,41.21004726929901,-96.08602270722423,config_1
1587,46.55431188123437,-111.76964767826179,config_1
1588,48.04742087538266,-114.71492643623388,config_1
1589,46.573138967525544,-113.20383183923033,config_1
1590,42.92538837182249,-110.07989275168978,config_1
1591,36.48728941286226,-114.53013693811697,config_1
1592,45.604980065932416,-111.72028678443247,config_1
1593,32.83644691923476,-96.93434564072881,config_1
1594,34.31866386187521,-106.88294734207722,config_1
1595,37.097085978733475,-95.81996554453858,config_1
1596,37.207400196738334,-95.56073326458993,config_1
1597,36.15459043063085,-115.156363697219,config_1
1598,39.09022044079086,-96.54941344822704,config_1
1599,45.74495047992418,-111.17715364924862,config_1
1600,38.69028146542807,-95.10912084305563,config_1
1601,38.32210594762823,-96.3207502935573,config_1
1602,38.163904554033564,-97.1916799961617,config_1
1603,40.82595447529742,-98.36372481015393,config_1
1604,29.66905296197567,-98.34136160662251,config_1
1605,41.304821108188165,-96.50261275478397,config_1
1606,40.0470171723063,-95.42308077984829,config_1
1607,34.84175069161356,-96.67493392006892,config_1
1608,42.723396619933695,-120.6295986457416,config_1
1609,45.52132331383188,-122.84231219341598,config_1
1610,38.1396437652922,-97.84204774185679,config_1
1611,32.98348613359446,-96.46431653189931,config_1
1612,32.76036710479776,-97.0274642571666,config_1
1613,39.23643738730178,-96.56988736538628,config_1
1614,37.34408487310066,-95.60165623433744,config_1
1615,35.45553031331853,-97.53628755694506,config_1
1616,41.05826826765084,-96.34022537113987,config_1
1617,44.02804760860167,-107.84708835865332,config_1
1618,37.811563967843085,-98.42797936581873,config_1
1619,29.286740931940614,-95.38720772291803,config_1
1620,37.52801766113444,-97.2073328972099,config_1
1621,38.66764672586602,-119.65124066595985,config_1
1622,45.51295503967563,-122.8191433850509,config_1
1623,45.372871190373,-108.91144982861499,config_1
1624,41.97248223567044,-112.81730756239946,config_1
1625,43.5646061086537,-110.74353886708705,config_1
1626,41.143729345051774,-95.9783604580394,config_1
1627,36.65029512780168,-95.1298537884994,config_1
1628,45.126077738217035,-121.05597400618299,config_1
1629,29.766620548076446,-98.5124222727125,config_1
1630,38.353496731647,-97.68329720262305,config_1
1631,41.55824271895225,-105.67887518655999,config_1
1632,43.59351073773823,-111.847632275355,config_1
1633,37.06701058069057,-97.0748925018389,config_1
1634,44.05655848769271,-121.33825600070969,config_1
1635,30.687258960880854,-97.98928823501993,config_1
1636,48.40918475690708,-116.52165878151307,config_1
1637,44.89430600584988,-110.41669183188472,config_1
1638,35.60659895691893,-97.57939895242005,config_1
1639,34.161578056387,-96.70684678205387,config_1
1640,37.033149474040336,-97.539193001502,config_1
1641,43.637441500381215,-116.91635280147614,config_1
1642,34.840031313191346,-103.74741938890705,config_1
1643,35.13101847656829,-97.6727963331118,config_1
1644,32.78644394689444,-96.73957112678958,config_1
1645,34.49911543641562,-97.16128476950944,config_1
1646,37.86210992645379,-95.00617615441196,config_1
1647,35.541592142650366,-115.41952193399,config_1
1648,30.543870347195718,-97.55112839526042,config_1
1649,30.990945725687403,-95.91940516447923,config_1
1650,35.20596284885875,-106.65898631731334,config_1
1651,38.20485445589233,-97.50264476594472,config_1
1652,45.372277470483205,-122.74056832172124,config_1
1653,42.499767443242604,-124.42269424509638,config_1
1654,36.051157805197214,-115.27580618993825,config_1
1655,38.988963578282146,-94.54987065594648,config_1
1656,43.57920929001704,-116.1818438263971,config_1
1657,36.22499992393736,-96.66859073683283,config_1
1658,44.03459467524124,-123.81837760182431,config_1
1659,34.806212490415895,-95.8632585943032,config_1
1660,35.08627294001921,-103.735392287927,config_1
1661,39.63713321520587,-119.9028996019138,config_1
1662,39.942609366890515,-120.02703896559558,config_1
1663,30.014191764072642,-95.47571350025048,config_1
1664,41.45207343369469,-96.45990275660223,config_1
1665,41.19335494189975,-97.95581647282125,config_1
1666,41.94089898360247,-96.83486893353663,config_1
1667,34.05743651530056,-96.36352259604489,config_1
1668,34.228468311840494,-97.16238316831884,config_1
1669,48.05063038072036,-114.07375770113786,config_1
1670,43.55462546845486,-116.41139519328246,config_1
1671,45.50632005080737,-123.11091695507614,config_1
1672,41.74279625535366,-106.87086727095756,config_1
1673,43.459221348143814,-116.50829552673909,config_1
1674,44.65774595056241,-110.76267745754622,config_1
1675,32.999962743835724,-96.69711076396726,config_1
1676,35.9591638237022,-114.86583192148493,config_1
1677,38.9197481288143,-101.58386622888646,config_1
1678,45.052358375808154,-122.97915473246577,config_1
1679,35.384012940118,-96.54126595627008,config_1
1680,36.172315380829,-115.13305230247312,config_1
1681,45.473325276695576,-122.76728425807235,config_1
1682,43.89785662184223,-124.11788911040276,config_1
1683,48.345020756867,-113.3159319918689,config_1
1684,38.9419752547716,-98.12421783523631,config_1
1685,32.92814238342706,-96.4225422072546,config_1
1686,48.385404110559875,-113.26716827827785,config_1
1687,41.63878251683245,-108.4651236685787,config_1
1688,36.12466490619348,-114.88389982859609,config_1
1689,35.51725889126804,-97.5732224192797,config_1
1690,34.040932518348086,-96.37446214147015,config_1
1691,46.55681932722201,-112.40461034238328,config_1
1692,40.30893811030506,-97.01756052006446,config_1
1693,39.77324558596945,-119.89101964298219,config_1
1694,39.34550934929282,-94.93798982793128,config_1
1695,46.3246343910644,-111.41507803719601,config_1
1696,39.35464819123812,-94.9214691271853,config_1
1697,35.226499808696445,-100.20218115111444,config_1
1698,39.88532042451705,-120.02395908859111,config_1
1699,41.075035018594235,-98.70399540636156,config_1
1700,45.59932647227025,-109.11690238349249,config_1
1701,35.688266181827174,-105.94665429584924,config_1
1702,37.66938062524067,-98.54416351913851,config_1
1703,43.68389577307781,-109.95612331897674,config_1
1704,38.93489279087912,-96.24096436020308,config_1
1705,46.54959132932766,-110.47637821597665,config_1
1706,38.0217463627657,-98.21740212041385,config_1
1707,32.94246106585208,-96.87325742814998,config_1
1708,45.315652403175825,-120.76491597034294,config_1
1709,47.7584224674517,-114.18060526671141,config_1
1710,45.5076124038028,-122.84936116352704,config_1
1711,36.78529881926369,-95.14213529402787,config_1
1712,34.008876002987,-96.12472986131687,config_1
1713,31.870513676678584,-97.07695206560844,config_1
1714,45.50886936252347,-122.91471105423564,config_1
1715,36.16306921733207,-95.85350035520784,config_1
1716,34.2550384114373,-96.40704942107605,config_1
1717,34.56863740877484,-96.40890472211183,config_1
1718,38.76001797444771,-119.57502877360574,config_1
1719,35.22800326343153,-95.44840355940936,config_1
1720,34.79843335366884,-96.78427049911126,config_1
1721,35.42434493796622,-115.7302688495,config_1
1722,35.229336255106325,-97.48697925108739,config_1
1723,37.94836520572817,-101.47069050616822,config_1
1724,45.64665631176158,-121.51414602757656,config_1
1725,38.145112699959334,-97.567258166817,config_1
1726,41.610070953512,-106.816479015595,config_1
1727,43.523095173466636,-116.32673264007317,config_1
1728,44.465444232426606,-106.84585578041299,config_1
1729,30.307352250545694,-97.79498117049967,config_1
1730,44.80639949454861,-111.2342128370222,config_1
1731,43.6331917856612,-113.295449326012,config_1
1732,38.84760348038864,-95.49827166762216,config_1
1733,36.937233895998666,-94.70790331859874,config_1
1734,39.80489878629907,-98.65601195095793,config_1
1735,43.72550172791645,-116.23546020194526,config_1
1736,43.81366804094268,-110.52577218876876,config_1
1737,34.20110208712441,-96.80250702280951,config_1
1738,39.50645402218174,-119.75326898970044,config_1
1739,39.02963585623215,-94.56722353731469,config_1
1740,44.62399848294869,-107.4809590428285,config_1
1741,36.88529513047865,-106.60302271290897,config_1
1742,42.87861230966206,-109.96741507373054,config_1
1743,39.84983408972044,-118.92468478336556,config_1
1744,35.12196283994419,-107.80769536226292,config_1
1745,48.04482540606057,-115.33292794258581,config_1
1746,43.589190302092035,-110.83575781499026,config_1
1747,39.91814477993137,-101.03077962918631,config_1
1748,35.870899643862614,-97.41757083475562,config_1
1749,32.821058413599125,-97.19639184291515,config_1
1750,37.23878031526929,-98.13185655012951,config_1
1751,44.87424455445374,-110.73575583833234,config_1
1752,29.416316132581816,-98.62643314590859,config_1
1753,47.70707168242842,-116.79721889120557,config_1
1754,44.19181038258121,-116.11342355938098,config_1
1755,34.82761314658978,-95.84462912370888,config_1
1756,42.71951681441553,-120.5932289719915,config_1
1757,48.691620016182306,-113.81233127975061,config_1
1758,34.761876521968645,-96.70065154985448,config_1
1759,41.11440345911225,-101.317775761035,config_1
1760,31.46030102219921,-97.38049799675788,config_1
1761,35.54807275564689,-105.82361433324667,config_1
1762,48.296682119100616,-116.54352466292356,config_1
1763,41.749879257887834,-113.51614217233252,config_1
1764,30.421115238467692,-97.59505099912057,config_1
1765,39.11408633693224,-119.78819220880976,config_1
1766,45.51729563514481,-122.90198701442252,config_1
1767,35.711674335838275,-105.89755644672668,config_1
1768,39.060553547780216,-96.46109851344721,config_1
1769,38.084923657925,-97.86224097586818,config_1
1770,45.95684398275807,-119.34628193420502,config_1
1771,40.143030088464435,-97.66088914963129,config_1
1772,36.27371590312633,-115.32330798719272,config_1
1773,30.76699575911618,-97.79034754513633,config_1
1774,46.162864714833404,-113.135466512798,config_1
1775,38.73604382691663,-115.47138879897126,config_1
1776,43.73519817937643,-110.63772383203185,config_1
1777,45.58748163913409,-122.74918604745002,config_1
1778,43.53104412505063,-124.21379073834376,config_1
1779,38.492737270922,-96.01737231763491,config_1
1780,30.533286433838114,-97.63274826182773,config_1
1781,41.74197622981411,-106.79471763452071,config_1
1782,45.96706540788725,-110.6463422065875,config_1
1783,48.05187497506336,-115.83157784374924,config_1
1784,43.43401970364158,-121.29095612653295,config_1
1785,39.08251142974394,-97.64418780852196,config_1
1786,29.707222473542043,-98.44794841590281,config_1
1787,39.27658854157494,-94.90342270243364,config_1
1788,35.491291474858286,-95.21546813831067,config_1
1789,43.72530762530043,-116.2614253565509,config_1
1790,35.02413433382333,-104.42835704093756,config_1
1791,37.56639951714586,-117.20141715622776,config_1
1792,38.30441258914551,-94.67725212768318,config_1
1793,38.484069776384,-95.50756083428973,config_1
1794,38.36280854127455,-96.8225789126698,config_1
1795,35.189893140283466,-97.44558888129025,config_1
1796,45.422105293346256,-110.65018992704788,config_1
1797,44.74719155480643,-124.0608583232671,config_1
1798,40.6736265820711,-99.23601477340956,config_1
1799,43.04505309204647,-124.40807430590891,config_1
1800,43.586719003608195,-109.75892486075657,config_1
1801,30.712256244304672,-95.57258222480361,config_1
1802,32.78509376466477,-96.84732454742215,config_1
1803,39.055133312469664,-96.7220167054355,config_1
1804,36.260639519112,-97.32644009933351,config_1
1805,43.71354671354893,-116.39284181087764,config_1
1806,37.12830279741296,-116.83933067778749,config_1
1807,44.54792723750232,-110.81368187324448,config_1
1808,36.163325934111135,-95.96868316347162,config_1
1809,42.174884734131545,-120.25411972676218,config_1
1810,41.2357387370933,-96.33337186407853,config_1
1811,33.4434076862528,-94.10959085656569,config_1
1812,35.80309581340818,-106.23777091778251,config_1
1813,33.97345332812812,-96.37709926146972,config_1
1814,46.733829832813115,-117.0384932892216,config_1
1815,37.73238022010175,-97.27997395569689,config_1
1816,35.661526167456145,-105.97769829966677,config_1
1817,48.36263875787404,-116.612180805087,config_1
1818,36.07035684370576,-95.87384065368413,config_1
1819,42.53218750626628,-108.07702481066967,config_1
1820,42.77783173786258,-108.66847034187853,config_1
1821,37.54953870465987,-97.03490717124957,config_1
1822,39.89096773376315,-96.59572326799002,config_1
1823,34.99113006714373,-97.02032104425999,config_1
1824,47.19694009932366,-110.90731821811333,config_1
1825,43.77442386879594,-116.47651932238412,config_1
1826,42.40963307538072,-123.00251494009642,config_1
1827,32.903929242374595,-96.83073184711415,config_1
1828,44.19452350757114,-123.35556681212701,config_1
1829,45.55683330010744,-122.71366372536308,config_1
1830,45.405219588164044,-123.13766166067555,config_1
1831,29.922449965128003,-95.41223869244145,config_1
1832,32.383560901203,-99.26578627838079,config_1
1833,41.38418386275604,-102.28897909849356,config_1
1834,38.902606835158,-101.8417558849583,config_1
1835,32.68363895008049,-97.4864993768812,config_1
1836,34.15036767758955,-96.5054960340205,config_1
1837,43.63870841789268,-116.2073133909342,config_1
1838,45.488747774179295,-122.82460842601,config_1
1839,45.50215173020972,-122.67433103775303,config_1
1840,33.21188562953186,-96.68118088244,config_1
1841,37.51982490291668,-95.46269183094067,config_1
1842,34.46882541493157,-104.23613356878914,config_1
1843,36.28700741504284,-95.83699887165177,config_1
1844,41.096232052427474,-96.41492872223634,config_1
1845,39.333884394601164,-101.901032114955,config_1
1846,32.12605601201363,-98.20785866717802,config_1
1847,46.333198541368,-113.3104075534815,config_1
1848,45.21599771772316,-111.24747824955242,config_1
1849,40.23031918450931,-98.95242179353588,config_1
1850,32.89299394435318,-96.9804392408626,config_1
1851,36.46714076423959,-116.41963979648293,config_1
1852,39.26757836246523,-119.93205171492615,config_1
1853,44.8027874589284,-117.83297886131801,config_1
1854,43.696759383052886,-116.50531885388001,config_1
1855,33.11092019207199,-96.82059683147865,config_1
1856,46.568904871336294,-113.69317879545072,config_1
1857,44.86391306820304,-122.81999285092947,config_1
1858,45.65927527159927,-110.96084285578999,config_1
1859,39.41194630626818,-97.09490690547288,config_1
1860,33.448024552254125,-94.07968852666907,config_1
1861,36.63615078612209,-116.376214310694,config_1
1862,32.81908627301144,-96.846121189691,config_1
1863,31.034729736838464,-99.23113796600276,config_1
1864,43.2051319851445,-110.41122669441302,config_1
1865,40.054795553853296,-96.97590352192786,config_1
1866,45.23087531420011,-109.23843334046056,config_1
1867,40.223797825184256,-100.9260722500885,config_1
1868,32.86980809467789,-96.9380097671654,config_1
1869,45.91518247833519,-111.73580980234401,config_1
1870,33.22574007741361,-98.18219676502878,config_1
1871,36.04026985928003,-115.18087444869155,config_1
1872,38.366254889161006,-97.75708759330439,config_1
1873,33.00827363138828,-96.78161174181808,config_1
1874,45.226121988524184,-108.85462034407534,config_1
1875,44.416321819292996,-121.67044854216401,config_1
1876,32.825128180154266,-97.00726883202387,config_1
1877,43.619892252402046,-116.35715678465782,config_1
1878,34.1175058139157,-96.79903293171877,config_1
1879,45.23242752247065,-123.13314134831062,config_1
1880,32.406837176061025,-98.87955222384583,config_1
1881,39.4854705394408,-98.63362347517295,config_1
1882,35.653485976261244,-97.46211482534827,config_1
1883,36.144506684764885,-115.1421118462107,config_1
1884,46.40892916710731,-116.7462834288113,config_1
1885,44.43008584263712,-122.70397790225589,config_1
1886,37.35926261719126,-95.2269020522893,config_1
1887,37.30851010438323,-97.35608214281517,config_1
1888,35.985791926610176,-97.11017260530416,config_1
1889,41.911400227473074,-107.30152105957207,config_1
1890,38.31804945312153,-95.23793566445609,config_1
1891,46.284943079018326,-108.77821300807665,config_1
1892,45.514164689249846,-122.37967321540445,config_1
1893,32.95207337823831,-97.16913286331616,config_1
1894,48.160761058706065,-116.19462294537662,config_1
1895,48.135639807078924,-114.45465545189663,config_1
1896,45.76883550320785,-108.55048483370929,config_1
1897,38.96369456574522,-95.24414651042201,config_1
1898,33.442006048074,-97.12490859253501,config_1
1899,43.98238795488947,-110.65850979406797,config_1
1900,45.52212981847564,-123.0583528702,config_1
1901,42.752662842289,-110.06380899352,config_1
1902,43.53445616690392,-116.2774635758083,config_1
1903,42.629486295648924,-120.5029539434516,config_1
1904,36.19980332701688,-115.24866294039884,config_1
1905,36.189416014429895,-115.33669940149558,config_1
1906,45.542826619291695,-122.50136041702605,config_1
1907,35.09581876683587,-101.91425280128705,config_1
1908,35.20724156380269,-97.41841060505958,config_1
1909,40.70355503854633,-99.09056478906913,config_1
1910,33.257788898282854,-97.27498368332195,config_1
1911,43.9808615791174,-121.6239165586459,config_1
1912,46.61631076974168,-110.81135024346261,config_1
1913,36.162766497798195,-115.19806753067206,config_1
1914,41.21878302984706,-95.93065213387348,config_1
1915,29.685100662018236,-95.499290660369,config_1
1916,35.00207727394529,-106.69060387045256,config_1
1917,41.3561122550226,-110.34604855561773,config_1
1918,35.497223758656745,-94.78486583126963,config_1
1919,37.88625076922011,-96.73418494668417,config_1
1920,40.864376718069224,-96.72304893147388,config_1
1921,42.359157258804,-110.15475637689627,config_1
1922,42.201074718455715,-109.45946001750708,config_1
1923,29.735610167713226,-95.59378914582966,config_1
1924,45.793471846466225,-108.55399676616497,config_1
1925,43.599200947079716,-116.49795665692714,config_1
1926,38.87454526940537,-115.2256835847809,config_1
1927,36.39906684871429,-97.24245748491701,config_1
1928,43.61270354474588,-116.21032387409815,config_1
1929,39.98882982656096,-120.07182460022113,config_1
1930,37.158401951016565,-97.33960737279735,config_1
1931,40.532694499961146,-97.59500366414696,config_1
1932,40.92918931623101,-96.4734038568859,config_1
1933,45.34548680143381,-122.95693551809282,config_1
1934,40.95050914954078,-98.3889506371411,config_1
1935,28.713452757935602,-98.29209156268243,config_1
1936,32.69528368137064,-97.03378015628401,config_1
1937,46.14096116422897,-123.92173136560262,config_1
1938,35.119149843160756,-103.9591383964225,config_1
1939,36.88228058012197,-94.8531934360521,config_1
1940,38.34535561446585,-99.44145894241696,config_1
1941,32.935854146133046,-96.80637459778387,config_1
1942,43.63458328360706,-116.32763046131261,config_1
1943,39.04403425393438,-94.57118868771252,config_1
1944,41.53128521856125,-109.94210257497868,config_1
1945,45.26254522831555,-109.22609131295665,config_1
1946,45.473266069236786,-122.52233855518826,config_1
1947,45.43954618378837,-122.43325632536502,config_1
1948,45.48235527210882,-122.69578517515671,config_1
1949,36.15950050604161,-95.91748342177577,config_1
1950,30.35376793771694,-97.3026776983708,config_1
1951,36.68991908555388,-101.4641310496045,config_1
1952,45.50489576878155,-122.79368076745662,config_1
1953,38.87143144243778,-96.50571536624854,config_1
1954,39.849473973549564,-99.68233992024979,config_1
1955,34.33752529584065,-103.10973002616288,config_1
1956,44.09657199811834,-116.10570464742949,config_1
1957,44.730019497775054,-110.70258741898708,config_1
1958,30.381657211724434,-97.75864020382862,config_1
1959,34.25497201912271,-96.76789715627179,config_1
1960,39.415842584217444,-99.43039649422039,config_1
1961,41.732216877712624,-106.71501731121592,config_1
1962,45.70488747124576,-108.66742724517096,config_1
1963,39.13138111529859,-95.94564448507883,config_1
1964,38.94341811635367,-95.21841859650708,config_1
1965,45.50671826977481,-122.425934663355,config_1
1966,35.434263170806894,-105.36278655072309,config_1
1967,38.96655678589856,-95.47901523232886,config_1
1968,35.9977086341245,-115.1093019934314,config_1
1969,32.78401226748687,-96.76822285127912,config_1
1970,41.69759863705156,-96.04281661085878,config_1
1971,35.456796960351156,-95.42658859250237,config_1
1972,44.08000795094925,-123.16431342137689,config_1
1973,44.91460422608925,-107.1192029178975,config_1
1974,46.83015073437837,-113.817683440142,config_1
1975,35.07866996165414,-107.66065013601796,config_1
1976,39.4465135224576,-119.73259896170896,config_1
1977,41.17586495624746,-95.91363894422749,config_1
1978,41.108236160488325,-101.3918120097111,config_1
1979,43.497293501263705,-116.46274068963294,config_1
1980,38.487944403603215,-94.9454124301525,config_1
1981,43.818457761842275,-111.78788607779508,config_1
1982,38.83625957927187,-95.2676725270906,config_1
1983,42.00396458684391,-112.19765095327726,config_1
1984,47.83639842113525,-116.77388274617127,config_1
1985,38.961269696338626,-97.35492012406088,config_1
1986,41.178615947855825,-105.58713107044085,config_1
1987,40.84349132649914,-110.84823890530929,config_1
1988,34.6900642253391,-96.7494934911801,config_1
1989,45.79702464590508,-108.58616305358517,config_1
1990,45.130501335742004,-120.69615055298999,config_1
1991,35.88552969953044,-95.66173859662034,config_1
1992,45.53360577207491,-122.76194902711727,config_1
1993,34.27417493012829,-96.51120143588629,config_1
1994,43.55960881024696,-116.16499632682523,config_1
1995,36.81569452057852,-114.05739183919894,config_1
1996,36.6526999999756,-98.043566666663,config_1
1997,45.46828634005456,-122.74250644645169,config_1
1998,30.10543975018578,-98.2696469020085,config_1
1999,45.32831592251695,-116.35338905621784,config_1
2000,38.48785030935726,-95.26889936059105,config_1
2001,40.39785154544461,-98.04633972803983,config_1
2002,34.4483152749812,-97.507906982838,config_1
2003,38.90522771023772,-94.79760473988819,config_1
2004,45.545505286492705,-122.47404148387713,config_1
2005,30.228168599275953,-97.85076602439523,config_1
2006,43.60837162261716,-116.27929183841833,config_1
2007,42.84403392354961,-112.41817258153681,config_1
2008,36.09074704240068,-95.98285054338503,config_1
2009,36.19530031460004,-115.30383722845951,config_1
2010,42.56898320479493,-113.70586362754617,config_1
2011,43.103276258768,-122.20064642770001,config_1
2012,45.69133110804167,-123.17079919612667,config_1
2013,36.26421295979937,-115.14738138858104,config_1
2014,35.17896575588522,-106.58797901893001,config_1
2015,32.87949951433212,-96.7235098631289,config_1
2016,29.084126267461993,-98.42994500057826,config_1
2017,39.196563507503484,-96.5809864307815,config_1
2018,39.56476815998313,-96.76277612875114,config_1
2019,36.565897429328416,-94.97028693625566,config_1
2020,41.878753196588406,-113.11860724850133,config_1
2021,45.89067907794554,-111.84917171758579,config_1
2022,39.6673291311954,-95.4808721768,config_1
2023,42.85097670899027,-109.84542715989478,config_1
2024,39.59779414586872,-94.78864490818829,config_1
2025,36.23931687779225,-108.73501749526946,config_1
2026,41.14692005367622,-104.40104405500715,config_1
2027,47.052080884550676,-114.75634996014722,config_1
2028,35.81609356286158,-96.38793165459566,config_1
2029,46.58811642543647,-111.89860087720218,config_1
2030,36.423111917217625,-108.11563517614438,config_1
2031,36.09802644305226,-115.324067007106,config_1
2032,34.288062267414354,-97.2812577636502,config_1
2033,36.47662842858519,-116.86382324496215,config_1
2034,37.15302476226534,-97.9202283975805,config_1
2035,45.55003588633051,-122.62530826311655,config_1
2036,46.572692585572256,-112.29117442619817,config_1
2037,39.03637433883499,-94.90240772790919,config_1
2038,39.65223328177637,-119.31793205442227,config_1
2039,40.12224160303629,-96.14187225825887,config_1
2040,38.54778397992087,-118.42914835308375,config_1
2041,35.07764785678055,-104.13270600760478,config_1
2042,35.898740878858476,-115.21492652772842,config_1
2043,47.62559546354813,-116.6650448336496,config_1
2044,37.665434211036754,-100.20904668501625,config_1
2045,40.82155785145896,-98.20185265989964,config_1
2046,36.51798739027369,-95.2627514298006,config_1
2047,43.47313058225107,-116.09862211290137,config_1
2048,36.16327940663477,-115.22883393181095,config_1
2049,32.253496491466336,-109.1611660022125,config_1
2050,44.62855591658838,-110.43686256336771,config_1
2051,36.30725431012458,-115.2284072797694,config_1
2052,38.58757801543949,-119.78688577613113,config_1
2053,37.74043831016017,-97.33078265376957,config_1
2054,32.721890992419,-96.53902055014812,config_1
2055,43.66221237832613,-116.32541793775269,config_1
2056,32.717421965004554,-96.64801716263281,config_1
2057,46.402337287268445,-111.58806763997917,config_1
2058,41.96170273486499,-121.92045634782234,config_1
2059,33.63453521979599,-100.7536479964825,config_1
2060,40.67994889007323,-98.76066733090651,config_1
2061,36.237127561878786,-95.33813469278779,config_1
2062,46.32473771999235,-109.44920157389215,config_1
2063,30.19974718547809,-98.15316612752136,config_1
2064,38.05510433344427,-117.25851333587104,config_1
2065,34.622317761265,-96.95580700854067,config_1
2066,39.042346463473,-114.57000761828091,config_1
2067,41.104613620704875,-105.13135264735924,config_1
2068,35.939657280877924,-106.01978502636779,config_1
2069,36.840712231701,-116.86944271956499,config_1
2070,43.61729284562599,-116.19516358305475,config_1
2071,43.623034361356645,-110.6519873945435,config_1
2072,33.10140943094831,-97.13010869688256,config_1
2073,43.711230732266394,-116.91188656092514,config_1
2074,36.00847229787188,-115.24731575171147,config_1
2075,43.49549877350097,-116.43317098897342,config_1
2076,32.711450149549,-97.3143209407027,config_1
2077,34.748598541671875,-96.65852707912734,config_1
2078,36.05097283408906,-115.10689414604498,config_1
2079,43.46423310866343,-116.23445036752855,config_1
2080,45.03193257484035,-108.25985751805385,config_1
2081,37.0970747454,-106.911550397035,config_1
2082,44.659365580271846,-111.10069311298722,config_1
2083,40.690913760169735,-98.91626127131984,config_1
2084,32.602781802530345,-100.42759952715471,config_1
2085,36.23737319965572,-115.18444041191565,config_1
2086,42.43743040024009,-123.31859039434288,config_1
2087,35.101337867381275,-104.04367564706487,config_1
2088,43.584634200931745,-124.18729487675999,config_1
2089,43.608831580191385,-110.72345916755823,config_1
2090,41.80834908337656,-96.4765059134349,config_1
2091,44.862891321791125,-124.0372354814484,config_1
2092,46.780825673829334,-113.7240228839752,config_1
2093,40.64975943407564,-99.00249644962595,config_1
2094,33.15636757057325,-95.41293495415776,config_1
2095,43.67628872518466,-122.24362948484726,config_1
2096,39.11146956965114,-94.65436691425637,config_1
2097,46.702115997472426,-113.3505469119486,config_1
2098,45.445326084166744,-122.81994852739082,config_1
2099,38.91179774711866,-95.31563947720834,config_1
2100,43.6715721459253,-116.26971217287378,config_1
2101,43.55885635631838,-116.37706814877667,config_1
2102,34.41596118271678,-103.24085607642728,config_1
2103,30.630028045992056,-97.71994696404045,config_1
2104,36.071823611202866,-96.00641535088995,config_1
2105,39.64522043714802,-119.72373857912673,config_1
2106,43.562312345042166,-111.04492238177833,config_1
2107,36.03289738366323,-115.02164235773148,config_1
2108,45.69805685095935,-110.47806664714088,config_1
2109,44.73960522172808,-121.22196697947209,config_1
2110,44.568061087083564,-116.03128109300876,config_1
2111,41.257982948321555,-95.98947197187115,config_1
2112,39.04683186205179,-94.60089686269151,config_1
2113,38.23655517281549,-97.7735805879615,config_1
2114,48.072037594038896,-115.9391449533667,config_1
2115,29.60921987657517,-98.46808972722512,config_1
2116,43.58128192034552,-116.23211620912605,config_1
2117,38.38733822776474,-95.72634144704885,config_1
2118,32.74381486246776,-96.84317277248404,config_1
2119,37.165082302167406,-94.7044267017358,config_1
2120,36.04442206380294,-115.15282870450413,config_1
2121,45.18104736219864,-108.45485042290234,config_1
2122,46.85741941699311,-113.98975606079385,config_1
2123,45.62321756271142,-122.86108434338352,config_1
2124,36.397847309223394,-97.41845153328035,config_1
2125,41.9879868273853,-113.17937336712964,config_1
2126,32.78169777191461,-96.889849993887,config_1
2127,39.85445588477243,-96.31419216314569,config_1
2128,44.25093472079259,-116.0882433583097,config_1
2129,38.18423095882662,-94.70126558864112,config_1
2130,42.24878601123364,-107.456167728131,config_1
2131,45.604990131662504,-109.0382445858175,config_1
2132,42.20457281956903,-121.73555197582037,config_1
2133,45.454379592082105,-122.74229965993783,config_1
2134,45.4084564690295,-122.74246396975204,config_1
2135,46.06709760920174,-123.91857231745993,config_1
2136,34.45471299336468,-96.63396467197916,config_1
2137,35.784894076933796,-115.32591850019267,config_1
2138,30.353577123839838,-97.7105297178496,config_1
2139,43.758431261463,-116.51366322493,config_1
2140,46.88549929134982,-114.02140840803115,config_1
2141,45.788790476877764,-109.83334770137712,config_1
2142,35.55293641136611,-95.49768899347569,config_1
2143,35.71568572119375,-97.43787178013226,config_1
2144,38.40944245652225,-95.9931515433915,config_1
2145,45.86486066345034,-116.23630081033444,config_1
2146,39.77499412426563,-95.10848797750069,config_1
2147,30.097435069702605,-95.42570199727287,config_1
2148,41.741674538075834,-106.76752064931476,config_1
2149,32.80743646450635,-96.76076756059418,config_1
2150,32.730377478788405,-97.06170468367712,config_1
2151,37.9823338532252,-98.11540017494367,config_1
2152,44.797733417574555,-120.94448510596888,config_1
2153,42.53978397744552,-120.29736335302903,config_1
2154,41.280638488698465,-106.04913961341077,config_1
2155,48.11670371923794,-116.14156692438922,config_1
2156,35.09866831731355,-106.68682999072061,config_1
2157,32.75734412607748,-97.08904561687658,config_1
2158,37.152631553924664,-97.95140085314411,config_1
2159,44.46125449423357,-110.50715443029567,config_1
2160,47.118299164693795,-113.44729983273793,config_1
2161,34.74413703175826,-95.89587138058377,config_1
2162,41.36472877122833,-96.03560635643684,config_1
2163,42.00264570197118,-96.39141054355498,config_1
2164,36.268930115560835,-115.07915329323467,config_1
2165,39.49675068913439,-119.7959956886277,config_1
2166,38.550093245119484,-119.81712702627748,config_1
2167,37.26086441533368,-95.54676866211666,config_1
2168,30.225415277559666,-97.81513215425406,config_1
2169,29.817537235915097,-95.76321215493503,config_1
2170,43.56245593693718,-116.35666104669488,config_1
2171,45.53861932411104,-122.80732411853684,config_1
2172,45.47216311820565,-122.59096395143594,config_1
2173,43.569416848914834,-116.28901357243045,config_1
2174,43.724129651736256,-121.42159343168613,config_1
2175,45.593629325218096,-122.97297100283181,config_1
2176,34.69314851452945,-108.05123254735001,config_1
2177,34.37086422180194,-96.32039352709742,config_1
2178,48.279374891353136,-116.3469339411664,config_1
2179,46.838422248628156,-114.03984891126177,config_1
2180,38.93684603717435,-94.5827702176737,config_1
2181,32.85483077745233,-97.51180820098405,config_1
2182,35.67370351164485,-95.6450585730488,config_1
2183,36.1612401858027,-115.13623485146107,config_1
2184,43.733056391192896,-116.29150931984525,config_1
2185,44.43738427125464,-110.73187020732236,config_1
2186,36.29277824307131,-115.42820244383901,config_1
2187,36.81987718366211,-116.89616877896778,config_1
2188,45.70743104002646,-109.56202461911,config_1
2189,37.27823023561902,-95.26401945901098,config_1
2190,48.12662117915972,-114.09866673577773,config_1
2191,36.014166204623116,-115.16795206309774,config_1
2192,38.546129858551,-95.37251902981491,config_1
2193,44.616614750982976,-122.03180488073211,config_1
2194,48.516160874233876,-113.08363225170935,config_1
2195,35.22129893003412,-95.60672198091586,config_1
2196,32.757637218885336,-96.96407970789812,config_1
2197,41.3727848688745,-96.06772059255518,config_1
2198,34.76469575654287,-96.56947675520779,config_1
2199,37.34163179013343,-95.17809308248623,config_1
2200,48.36306573436766,-115.83655993941169,config_1
2201,33.409958579490194,-94.07401940135895,config_1
2202,43.03836873851258,-110.13649602026584,config_1
2203,45.27854257473221,-116.34857170446475,config_1
2204,36.175858471352214,-115.26141606468208,config_1
2205,39.49011228919126,-118.79284751376316,config_1
2206,34.407537035818976,-96.8160788708398,config_1
2207,40.53755237490375,-101.78741982339,config_1
2208,35.218438615062155,-95.42508535478554,config_1
2209,45.783467494920714,-108.70581699501857,config_1
2210,40.27249439296931,-97.572532750301,config_1
2211,45.10348588703559,-111.21981393986867,config_1
2212,36.50507922108396,-97.33489462921001,config_1
2213,46.41941681500038,-112.7271794741877,config_1
2214,43.44543749671832,-121.3476123220144,config_1
2215,32.646693068716566,-96.83289067725825,config_1
2216,30.541845685287377,-97.69069656370377,config_1
2217,34.0871604833268,-96.41841284910866,config_1
2218,29.767589066337994,-98.43927671584706,config_1
2219,39.01741548773152,-95.29414295152846,config_1
2220,40.751914274967625,-119.269432460395,config_1
2221,44.35600250290928,-121.11363784626124,config_1
2222,44.756649381994684,-122.45192198368427,config_1
2223,38.874379245802984,-96.37708001420157,config_1
2224,31.059523800378578,-97.42850814369116,config_1
2225,43.55321323988391,-116.83042988476345,config_1
2226,45.49134028811423,-122.52555471370067,config_1
2227,36.95017767659678,-109.07131941775668,config_1
2228,43.5952119178154,-116.476529682859,config_1
2229,38.425640594861,-96.58953477939187,config_1
2230,38.868039571187765,-97.78657626620826,config_1
2231,48.04019832271019,-114.8796715152042,config_1
2232,36.008904618599416,-95.36856617865378,config_1
2233,46.578143145640794,-111.84283134414225,config_1
2234,29.832137781627768,-95.67509372906578,config_1
2235,45.02350581120344,-123.87729279514575,config_1
2236,40.80691466851389,-98.46175495130674,config_1
2237,37.488127472299425,-94.70528064273137,config_1
2238,43.596930241147156,-116.20308238925723,config_1
2239,46.442448550613,-109.25837355481,config_1
2240,34.658717362337036,-97.11169667300405,config_1
2241,38.02700204923843,-95.71145712345178,config_1
2242,34.997699107072705,-106.6272850685653,config_1
2243,41.97370810798582,-113.15079035260588,config_1
2244,36.15203531849333,-115.89599862775667,config_1
2245,40.86032708203342,-96.68893094383492,config_1
2246,32.30634422205691,-97.181792670261,config_1
2247,38.24041194853795,-96.74553746276032,config_1
2248,41.463698561076164,-97.70882733225058,config_1
2249,41.27618653457038,-96.18303574012013,config_1
2250,37.027556299283084,-108.18160881137665,config_1
2251,30.892964749386838,-96.64706920758728,config_1
2252,36.093516805316845,-115.22658713951635,config_1
2253,48.72866021675167,-116.22299016017166,config_1
2254,39.20565420554693,-100.88692370929999,config_1
2255,41.28730506417825,-96.23598533198975,config_1
2256,38.95185006679683,-119.84167980938999,config_1
2257,35.4285771339502,-96.08434721011673,config_1
2258,36.13463580365087,-96.1147676125595,config_1
2259,38.78794982022227,-95.27051883433728,config_1
2260,35.88700841461084,-102.44622053123571,config_1
2261,32.77289741309213,-96.6531842789315,config_1
2262,39.21494785961341,-96.42859260416957,config_1
2263,41.96639347151715,-112.93085438073845,config_1
2264,40.34557632927542,-98.8617929697839,config_1
2265,45.017731108058136,-109.87591723271571,config_1
2266,32.87354900445533,-97.0862741926301,config_1
2267,38.54726937496687,-119.86394820885347,config_1
2268,46.83832679734547,-110.70702983185764,config_1
2269,46.58846786366306,-112.01836672924293,config_1
2270,43.63406135604029,-116.41560189576306,config_1
2271,47.46639971847823,-115.78332970706035,config_1
2272,39.10875003439605,-94.71923899050218,config_1
2273,42.90155115622732,-120.8080592248936,config_1
2274,35.96751075512866,-115.10509917372907,config_1
2275,37.31517835206354,-94.91753934305758,config_1
2276,39.02432150908019,-94.73515132160404,config_1
2277,35.472596253686554,-115.56504457776335,config_1
2278,40.63228660201468,-98.95184272819853,config_1
2279,41.11142208863818,-95.96959120422287,config_1
2280,45.893431371644375,-116.19239271599106,config_1
2281,38.59810065297072,-96.07330411265642,config_1
2282,42.81386504306919,-114.779688344395,config_1
2283,38.99245077851219,-95.33684588603255,config_1
2284,36.73578352243164,-116.63814657184642,config_1
2285,35.954192357294914,-96.23979100112334,config_1
2286,45.520407630432715,-122.34767898226471,config_1
2287,35.014978731250125,-97.2179161314155,config_1
2288,46.57454111842082,-112.50323873114634,config_1
2289,37.939526237943454,-97.87772635836404,config_1
2290,36.56699381413354,-115.65147393583254,config_1
2291,45.06112684047739,-123.67732907032833,config_1
2292,43.76787173846489,-116.49739471640447,config_1
2293,30.00404520712376,-95.31887761525327,config_1
2294,33.024375078317185,-96.55225669408823,config_1
2295,45.47426344284647,-122.7209895039847,config_1
2296,37.837052323209754,-96.06297989480191,config_1
2297,34.20855701376825,-96.59745386445836,config_1
2298,45.1983045257745,-122.44088803458,config_1
2299,44.968877078691264,-110.69789595032245,config_1
2300,33.90258037064827,-96.51626643619245,config_1
2301,43.29757806407268,-108.12448482419939,config_1
2302,45.635535288129226,-121.98321182243612,config_1
2303,32.92590326047441,-97.31921028617195,config_1
2304,45.489656503551686,-122.62160618555811,config_1
2305,43.20063691473219,-108.9592351921986,config_1
2306,43.62841327965054,-116.20617314641363,config_1
2307,32.83145683335831,-96.69101651262586,config_1
2308,38.704734514582064,-119.55162347012545,config_1
2309,34.5968369747239,-103.22880449782183,config_1
2310,39.58833888800608,-119.73181157726349,config_1
2311,36.73029384461245,-107.771199975688,config_1
2312,40.83128411177658,-96.74578451437252,config_1
2313,35.367706476278485,-95.57235284734047,config_1
2314,42.209301760544705,-112.22710324717798,config_1
2315,39.49666414839737,-95.74564492548998,config_1
2316,37.19858147805727,-95.27026953173585,config_1
2317,35.67012324111843,-106.01347705641356,config_1
2318,38.9383043686584,-94.7744711565947,config_1
2319,39.80212920198273,-119.35667521686364,config_1
2320,33.48032104551043,-96.61241041220514,config_1
2321,32.74801300721193,-96.91253897425611,config_1
2322,29.473943654333553,-98.32337190827859,config_1
2323,39.584797090232136,-119.82467618757018,config_1
2324,43.620307728022624,-108.2136479269011,config_1
2325,39.30211654827375,-119.81419232032496,config_1
2326,48.135472520710564,-114.27391717875444,config_1
2327,38.764205839215506,-96.31138713470901,config_1
2328,39.88000783349528,-95.71397889549418,config_1
2329,33.86701644854336,-97.13355496663863,config_1
2330,37.35096739151434,-117.10622553960934,config_1
2331,32.29654520990875,-107.64901093255313,config_1
2332,35.417671512337805,-97.474267746867,config_1
2333,39.671310181976935,-119.71839601973564,config_1
2334,29.258087631978,-97.805349336805,config_1
2335,39.34891167853641,-119.85728300724304,config_1
2336,36.272552606518865,-115.11575314939684,config_1
2337,39.593210866907434,-100.46231417334899,config_1
2338,48.24232959330873,-115.84044511385795,config_1
2339,41.174628125060046,-95.95833520134398,config_1
2340,37.64525856300552,-94.96976308402782,config_1
2341,39.72572502511925,-96.82059887277534,config_1
2342,43.4592122661762,-116.30502054705501,config_1
2343,48.51792294545124,-113.31290807651524,config_1
2344,36.708564684279004,-116.98917970876272,config_1
2345,38.06017486552485,-96.6219179224372,config_1
2346,43.556027024337766,-116.11107970888239,config_1
2347,38.813970480651996,-95.91510185971084,config_1
2348,45.55354575936105,-122.68788164441777,config_1
2349,47.586231573905366,-116.47146550558143,config_1
2350,46.493408798892,-111.25816727767408,config_1
2351,43.512679159483476,-116.41257872833346,config_1
2352,41.8295137726922,-103.614784468424,config_1
2353,45.471440493776996,-109.01912591074307,config_1
2354,41.16209624070173,-96.02846272194354,config_1
2355,29.747891273484115,-96.20850494534062,config_1
2356,36.151490330858,-95.768114987628,config_1
2357,41.168946656988425,-96.15632388119202,config_1
2358,42.155260639571594,-110.98461122753771,config_1
2359,43.153627977200365,-110.30439543167556,config_1
2360,45.347943157172494,-121.58059688968272,config_1
2361,31.66678823755694,-106.23686039724912,config_1
2362,43.53031248009178,-108.18243117871765,config_1
2363,39.409785474285286,-120.02697506723143,config_1
2364,40.822074441617815,-98.03122836254748,config_1
2365,44.6067233096136,-110.84612934892898,config_1
2366,39.04260477651165,-113.85966935155653,config_1
2367,36.54068488661656,-105.50850264258833,config_1
2368,41.968732848169495,-113.10337923043949,config_1
2369,47.02723201381192,-114.2918148685623,config_1
2370,45.56518132675493,-110.19994322593666,config_1
2371,47.10029187893329,-113.4051250439569,config_1
2372,37.99005868439641,-101.08913741843703,config_1
2373,48.107593009039654,-116.13424946343036,config_1
2374,32.88349632771623,-96.81015736250797,config_1
2375,36.02733505514498,-95.79526158253886,config_1
2376,35.047753633169,-95.70979673667284,config_1
2377,44.09000605088459,-123.10402074896278,config_1
2378,36.23584398179024,-114.587659279647,config_1
2379,47.13613532002359,-114.805743419992,config_1
2380,46.87846795402536,-117.00265511363955,config_1
2381,45.454881229208624,-122.51133942616106,config_1
2382,44.636805950744574,-112.54024409440572,config_1
2383,45.14156001600765,-117.96882574217132,config_1
2384,44.14660689247182,-110.6709371512476,config_1
2385,41.79288934675299,-113.46883474459072,config_1
2386,45.40607862237925,-122.23190299000626,config_1
2387,34.08062913609192,-96.38070040944301,config_1
2388,34.65010117161579,-97.26924140748635,config_1
2389,36.247309453097735,-116.75847784886247,config_1
2390,37.17626195397819,-94.82767263479522,config_1
2391,39.21113260141347,-119.79141470735028,config_1
2392,35.4516306619265,-115.35915778089624,config_1
2393,36.386046553906404,-114.4260468401953,config_1
2394,45.459411731190585,-122.63062992049335,config_1
2395,36.13871050989402,-95.82129970806844,config_1
2396,35.22485239540371,-97.45366871738581,config_1
2397,43.81370070158057,-123.04653198170467,config_1
2398,38.87009997529886,-94.72060231306027,config_1
2399,44.82626487094815,-109.47491834448846,config_1
2400,36.30977065736752,-115.29252151994581,config_1
2401,43.229023358958656,-108.04964059903303,config_1
2402,32.24280345908352,-109.1138969060414,config_1
2403,47.48088435236088,-113.67526349041542,config_1
2404,47.268956401856414,-117.11612519525707,config_1
2405,45.385692765523885,-111.71884670602883,config_1
2406,39.04911069629226,-113.94414148404898,config_1
2407,30.515598938436533,-97.67700084041773,config_1
2408,43.0616636532635,-100.59524709223201,config_1
2409,33.1643547033445,-96.43325341353824,config_1
2410,44.96592931105653,-108.28037179744655,config_1
2411,36.174942772213114,-95.73630179041817,config_1
2412,39.79943484366159,-96.01208534085323,config_1
2413,41.633059272425,-108.32804707564884,config_1
2414,45.546042368811975,-123.00108652446268,config_1
2415,45.515732501949714,-122.57110400130209,config_1
2416,43.49383895900311,-116.41162048530319,config_1
2417,35.1581847392336,-106.66803166628999,config_1
2418,34.4257456783712,-103.1695047791632,config_1
2419,48.64346276993131,-113.3201257291477,config_1
2420,45.51222350420036,-122.48462988213736,config_1
2421,32.77331329589362,-97.21128988124678,config_1
2422,43.448229401476084,-110.79009961766137,config_1
2423,44.713883125871284,-111.46725226027856,config_1
2424,35.46132093391175,-97.61133907323435,config_1
2425,40.52784529348513,-98.85464830966625,config_1
2426,41.145079366513706,-96.63079683039683,config_1
2427,30.642187552735525,-97.38586806105795,config_1
2428,36.05421649104754,-95.72356421380277,config_1
2429,47.33668539803095,-113.5838766584313,config_1
2430,42.417589940108364,-105.04180064065997,config_1
2431,40.67104985128007,-99.04922256697645,config_1
2432,45.2052713701813,-108.73586530718569,config_1
2433,43.04210182668267,-120.79763679122499,config_1
2434,42.12153254131585,-107.41975706648327,config_1
2435,32.69405669388477,-96.89035796972159,config_1
2436,44.03833478301776,-121.31739137483038,config_1
2437,35.05972973380927,-106.64324103903529,config_1
2438,36.25842172918345,-115.02674798567818,config_1
2439,37.366704035024796,-94.63145759299259,config_1
2440,45.009018000705574,-121.4945005761877,config_1
2441,29.638039532878953,-98.62047271202786,config_1
2442,40.11291628805839,-96.64624454085458,config_1
2443,35.84217361949841,-95.67735343866003,config_1
2444,44.93853302030447,-111.61377291240609,config_1
2445,39.7255163008384,-95.4486788507072,config_1
2446,41.21789328498127,-95.95621137229949,config_1
2447,43.840845065966455,-116.23689870011636,config_1
2448,43.37948581727535,-121.2155427944863,config_1
2449,30.316093889467325,-97.54119065541627,config_1
2450,41.11263494166175,-101.54223043372416,config_1
2451,38.00262874526457,-97.32725841729491,config_1
2452,36.63244406038999,-114.60424900272999,config_1
2453,39.472336906322,-119.73064871775802,config_1
2454,34.2692783874138,-97.1633135628082,config_1
2455,29.72484132683087,-98.63645415936845,config_1
2456,39.53226770801227,-95.1108517981677,config_1
2457,41.994055343606426,-111.41079171260142,config_1
2458,38.364135565388,-97.33768614917963,config_1
2459,37.90204754668318,-94.70469476722423,config_1
2460,34.16977604242607,-96.84179027557576,config_1
2461,43.49883908250949,-111.44058869367807,config_1
2462,36.246063022546466,-115.1232459047135,config_1
2463,45.53635860039198,-122.89730928310614,config_1
2464,45.23848337002158,-116.32916404357856,config_1
2465,37.45827500320378,-99.975855343581,config_1
2466,38.635388256212934,-96.50061857037306,config_1
2467,43.224539742040164,-124.33919946364686,config_1
2468,39.55101175566599,-119.52191313425473,config_1
2469,29.692973607242287,-95.55582765954728,config_1
2470,41.16118434485619,-95.90104152354154,config_1
2471,30.317169313100717,-97.66295677905599,config_1
2472,34.005930873929465,-96.7310624317827,config_1
2473,41.19177055015337,-96.01590910607506,config_1
2474,39.63000985652822,-119.87885613536551,config_1
2475,42.23557866284292,-97.12287181724516,config_1
2476,38.605538372783755,-95.26003306647274,config_1
2477,35.32931110530814,-97.50635169595944,config_1
2478,48.45634652265883,-113.18751766368773,config_1
2479,39.078135915443774,-119.77789000478897,config_1
2480,38.09954729893433,-97.27534084551048,config_1
2481,43.772910805994,-116.25513465551212,config_1
2482,34.79738515224734,-95.87044807558233,config_1
2483,34.36403415988475,-96.63121147098892,config_1
2484,36.0848782753627,-115.11660796259342,config_1
2485,45.482196674547225,-122.44335909021135,config_1
2486,34.992640049184104,-109.10212441069758,config_1
2487,36.17488645499009,-115.11396159277368,config_1
2488,34.80467945637062,-96.65203881776289,config_1
2489,35.313108469865746,-105.83071378566906,config_1
2490,46.62659297415852,-112.61671676730005,config_1
2491,44.059226364714426,-123.11850721302163,config_1
2492,40.771023038750165,-98.36327577610041,config_1
2493,34.19238788422378,-96.57847209504101,config_1
2494,32.325155036606276,-108.6527272434961,config_1
2495,43.638121258856536,-116.25129520607918,config_1
2496,32.439241102895636,-99.75499922594335,config_1
2497,39.663890547675265,-95.53041793068726,config_1
2498,45.483830165041745,-122.98595739504124,config_1
2499,48.54650543572307,-113.93721962699213,config_1
2500,39.60827882927057,-119.1816273417225,config_1
2501,37.86753040020523,-99.67516381832992,config_1
2502,39.51076225944043,-119.78345065853486,config_1
2503,42.43619672659769,-97.84622156383813,config_1
2504,35.07475313714353,-106.61677899003614,config_1
2505,43.63988968502304,-116.31266420999859,config_1
2506,39.16199220040976,-96.6019407049059,config_1
2507,32.574531665241324,-95.38794272777508,config_1
2508,35.013513521707324,-97.36502297104911,config_1
2509,45.28895681621322,-121.69038191247706,config_1
2510,40.67582175993306,-99.14867608580764,config_1
2511,32.71997555245995,-96.80289386220761,config_1
2512,30.350297542784762,-97.77610975597078,config_1
2513,35.189956218753395,-114.56670583173374,config_1
2514,32.9033325900962,-96.93643773825181,config_1
2515,47.88797915821456,-113.8471750360973,config_1
2516,41.34888065742566,-105.67318991433532,config_1
2517,37.0506890127774,-96.83344517981661,config_1
2518,39.50229965380171,-119.72532130737756,config_1
2519,33.90955022081443,-96.47082068402842,config_1
2520,29.60277708604443,-98.68707503019185,config_1
2521,30.6401904334047,-97.60966998839422,config_1
2522,32.6722816691314,-96.82364068765,config_1
2523,42.41756163705883,-107.50457642663444,config_1
2524,45.17200751602324,-109.32893700249095,config_1
2525,34.675853662511095,-96.77454222065808,config_1
2526,36.10708384722404,-95.89631296079828,config_1
2527,45.48669595130552,-122.86245556936912,config_1
2528,45.47967595399654,-122.68047100097637,config_1
2529,40.977811940696554,-110.85381353167247,config_1
2530,37.76814670619143,-96.98680298723846,config_1
2531,40.4213479763,-96.7423346046995,config_1
2532,41.10576971834931,-102.56130164563501,config_1
2533,42.285224181963606,-113.15676347952399,config_1
2534,41.6557682159265,-108.69305702418106,config_1
2535,35.61604372839429,-94.9805562861949,config_1
2536,39.622542190763696,-119.27670164265113,config_1
2537,46.91371058978521,-113.96385400704618,config_1
2538,35.3852627658175,-97.20738924492201,config_1
2539,40.969653552325205,-98.47034925100364,config_1
2540,44.798303501027476,-110.44940754574665,config_1
2541,32.83065064914959,-96.81702155932852,config_1
2542,36.76523527187574,-114.29287401456608,config_1
2543,32.95484329221933,-96.11019896553466,config_1
2544,29.915643662379377,-97.71868156110386,config_1
2545,41.30280905262671,-96.04298326330557,config_1
2546,44.85696149808372,-106.9827174551443,config_1
2547,36.76814403147809,-95.93579256325187,config_1
2548,39.041472877638924,-118.95331379365128,config_1
2549,38.75246370090302,-94.92950217987224,config_1
2550,45.49850985903025,-118.4191953723905,config_1
2551,45.90001360370205,-111.5843522328122,config_1
2552,41.36159039381935,-96.50155586064623,config_1
2553,39.39147912902834,-119.24813652006912,config_1
2554,30.52557306289316,-98.41409102635133,config_1
2555,45.567694446699456,-122.64034446987057,config_1
2556,33.196784359231565,-96.91796488051945,config_1
2557,39.04358355985969,-94.77847262810987,config_1
2558,39.38355990579332,-119.71007735231022,config_1
2559,40.71801695250338,-99.38967749465863,config_1
2560,34.520786547061924,-97.12538348891205,config_1
2561,44.36297048809323,-121.21860071472788,config_1
2562,41.60829131047972,-105.73189761800857,config_1
2563,34.14378476045749,-97.15493995060048,config_1
2564,38.79087616791991,-96.48720258170484,config_1
2565,41.15888982663842,-95.98083122900815,config_1
2566,40.5671014850568,-98.19356744002334,config_1
2567,36.10273609902387,-115.17449076554654,config_1
2568,43.46440230882546,-121.38756582498026,config_1
2569,30.167678404874675,-97.98554216515329,config_1
2570,32.653298842898394,-96.95348888969758,config_1
2571,35.99853308462244,-96.01570767602122,config_1
2572,38.3617614226146,-97.15340167066311,config_1
2573,42.002826572481226,-96.33949861243016,config_1
2574,38.07114758222668,-97.89732031268291,config_1
2575,38.71426590821458,-96.90783271101074,config_1
2576,37.52700508338545,-94.94849441800807,config_1
2577,43.2849902138407,-110.619802354284,config_1
2578,43.28030971966401,-116.99478720066945,config_1
2579,33.13154930770158,-95.97438269908484,config_1
2580,36.13304071355353,-115.17077481700623,config_1
2581,48.43843959030469,-115.83416096574332,config_1
2582,32.655209559256896,-97.01704339682438,config_1
2583,40.15277325895332,-97.55864607535975,config_1
2584,32.824110017790915,-97.38564872021954,config_1
2585,45.51545325915482,-121.11538892996687,config_1
2586,36.04881758990667,-95.9363219597737,config_1
2587,36.13380723380558,-115.2455330475916,config_1
2588,45.458326008532154,-122.54036235388699,config_1
2589,32.842413632635925,-97.09639693119266,config_1
2590,37.36736760808877,-95.49709976821134,config_1
2591,38.92731952112933,-94.8499352310002,config_1
2592,35.78455351484719,-95.66198529812297,config_1
2593,35.12829665904672,-106.59368223544453,config_1
2594,40.537656571813834,-101.67515686821417,config_1
2595,35.630259441152226,-105.19176731821,config_1
2596,40.821108384377006,-96.81741446250021,config_1
2597,37.81276024933392,-95.44303757083786,config_1
2598,41.20310262650227,-106.81684683316266,config_1
2599,36.57228901126394,-116.17370390398001,config_1
2600,43.770789325023586,-116.26159619775794,config_1
2601,45.552518393688594,-123.06777036056327,config_1
2602,45.611223556376075,-108.82305119897255,config_1
2603,42.59509386399427,-97.60446695309038,config_1
2604,41.78069274960043,-110.55617812581735,config_1
2605,32.694615631699634,-96.78508230399638,config_1
2606,29.551380557636506,-98.60333885822823,config_1
2607,34.20752790668135,-96.97268032569535,config_1
2608,36.11544518664237,-95.97603543233338,config_1
2609,32.91731811369531,-96.96601069940529,config_1
2610,43.635978143454786,-116.3512919961265,config_1
2611,38.96097069667233,-119.76689047724584,config_1
2612,45.516626214459784,-122.96786439129318,config_1
2613,41.091465584886784,-96.04650071567106,config_1
2614,39.229925651668154,-96.6629813450847,config_1
2615,34.22619370391412,-96.902870797769,config_1
2616,46.704054869126566,-113.49246601088001,config_1
2617,37.29712378673542,-94.70539388917518,config_1
2618,42.44967884537129,-120.28155234751722,config_1
2619,45.88188236444581,-111.95633808349379,config_1
2620,36.15688620065333,-105.57848660274333,config_1
2621,38.33485929636431,-98.39817451024062,config_1
2622,46.26942035857791,-112.127979541055,config_1
2623,39.60406182238648,-119.33503996270787,config_1
2624,34.715329890006,-97.12540354121144,config_1
2625,33.403211081837135,-104.32250960866868,config_1
2626,39.472444113857335,-119.9991440308,config_1
2627,33.04108315025446,-96.90433437511177,config_1
2628,35.36428245550364,-96.91533242658184,config_1
2629,32.948961480408194,-96.69184784455744,config_1
2630,43.68470070512896,-116.34813242373104,config_1
2631,45.67612976656703,-111.18460402671128,config_1
2632,41.9660409626125,-112.97303154451357,config_1
2633,29.6206965370587,-98.508075059677,config_1
2634,34.490557173527726,-97.09072909630393,config_1
2635,43.77527911741844,-110.7189698502311,config_1
2636,43.628027146161685,-121.50688932750757,config_1
2637,39.59413651774795,-119.77731646607079,config_1
2638,45.475114951849115,-122.64860893129269,config_1
2639,38.746361929670016,-119.81840468932894,config_1
2640,39.59051204894679,-119.40365493462198,config_1
2641,36.04708440491625,-115.38971068351,config_1
2642,36.14938224510823,-115.11009906350932,config_1
2643,43.605416437157075,-116.62369381679117,config_1
2644,41.04784386643417,-96.29446850642461,config_1
2645,36.2694216775827,-114.49278842079435,config_1
2646,44.799575579116926,-116.077766655495,config_1
2647,42.317968512534144,-121.90919371738343,config_1
2648,42.377244081145946,-122.9024882099714,config_1
2649,30.25913174172344,-97.6074381007694,config_1
2650,37.58769020116729,-99.65746656034858,config_1
2651,35.59019920292209,-97.44255456154853,config_1
2652,45.2905881263552,-111.215688508884,config_1
2653,46.85794229034079,-114.0156703691385,config_1
2654,45.43813903504466,-120.76276606683665,config_1
2655,35.632111289753,-97.42692125583652,config_1
2656,48.476042674372266,-113.85733055737732,config_1
2657,35.41701844904125,-97.49120107644625,config_1
2658,35.91224109630951,-94.9762779629196,config_1
2659,38.839654958178045,-94.92505007755345,config_1
2660,44.0044474413521,-116.17326580513367,config_1
2661,34.22187055099303,-97.25729517984531,config_1
2662,45.48332177204038,-122.74553905745383,config_1
2663,45.447580778815755,-122.8470635893308,config_1
2664,34.173127704588005,-97.34320056240458,config_1
2665,39.38747872113973,-96.89355324210469,config_1
2666,45.49520730348126,-122.95801367440437,config_1
2667,40.67492604749667,-99.00364832890646,config_1
2668,41.735131433308176,-106.62606254501945,config_1
2669,32.920973560548845,-96.84851137423422,config_1
2670,45.47304425698713,-122.63253186832092,config_1
2671,36.1923050757174,-114.912469129883,config_1
2672,44.94897314382484,-116.16338359000194,config_1
2673,34.39993399848493,-97.50583960925763,config_1
2674,36.12737237450971,-115.13386139893115,config_1
2675,39.17646694975221,-96.56139223623784,config_1
2676,36.08179089463214,-115.20474963097536,config_1
2677,42.63106430258333,-123.37947021051046,config_1
2678,45.5231659182717,-122.92140211435837,config_1
2679,41.8086126853085,-106.68855297455833,config_1
2680,39.25307867075195,-96.59758566053736,config_1
2681,44.01299738011657,-123.07899361806999,config_1
2682,39.48591066275841,-119.75403082847322,config_1
2683,33.774857091200055,-97.13922948101754,config_1
2684,41.965646512367464,-113.01689195506538,config_1
2685,36.9047270708527,-97.3527909418279,config_1
2686,40.963062988004346,-98.3205213727059,config_1
2687,43.46839714897852,-116.35611520025503,config_1
2688,30.831019842640384,-97.58411884568477,config_1
2689,45.556635127553065,-122.85866660574598,config_1
2690,45.38556958615451,-122.59459325770514,config_1
2691,43.694181566781026,-116.40956665870483,config_1
2692,45.64304595749248,-110.57398604017648,config_1
2693,35.124503880274005,-95.67863864589886,config_1
2694,41.230441867382694,-96.0228022417374,config_1
2695,45.48996427814942,-122.84618089025997,config_1
2696,39.477508898224656,-119.78482673342064,config_1
2697,39.02200167128737,-95.55741840096685,config_1
2698,32.671114755426764,-97.38825021054706,config_1
2699,29.561328931418206,-98.55511676530895,config_1
2700,41.98021560379992,-120.30138530470789,config_1
2701,45.514955048829336,-110.57371866841054,config_1
2702,30.170114118697906,-97.58413335824292,config_1
2703,45.43316973279553,-122.70357442709955,config_1
2704,42.40719233852825,-110.11940152482,config_1
2705,34.41888210162475,-96.48303228943826,config_1
2706,38.03217164138958,-101.99329218484917,config_1
2707,34.78057464226642,-97.6066444844145,config_1
2708,41.43869943011799,-97.26592369337725,config_1
2709,38.644964415744376,-94.68967695105825,config_1
2710,46.41369936636249,-113.28636586957583,config_1
2711,44.19897370966844,-110.6590294663873,config_1
2712,41.11330241704443,-102.7451553733243,config_1
2713,41.797113047208256,-107.20800413720335,config_1
2714,37.3783062969306,-97.00722935327333,config_1
2715,45.761809956462855,-111.76492388243226,config_1
2716,35.71063114370723,-115.36665921488537,config_1
2717,45.61707820300359,-122.77671715537686,config_1
2718,33.838890493527686,-96.53086181994769,config_1
2719,39.73943574130609,-94.88455502842896,config_1
2720,39.92689106009418,-99.56874494202869,config_1
2721,32.782835186594426,-96.71043629984328,config_1
2722,46.284494972281294,-108.95123343469372,config_1
2723,48.389504562611556,-115.56404261937264,config_1
2724,39.628175023131256,-95.35165298111386,config_1
2725,30.3216248021265,-98.04774385538144,config_1
2726,37.74564977590517,-97.23990939601931,config_1
2727,45.4549500661936,-121.60056272628574,config_1
2728,36.724076015667144,-95.91592357107818,config_1
2729,39.4907228651002,-100.51717097249228,config_1
2730,32.527569294352865,-96.76554998268708,config_1
2731,34.276521593641355,-96.6711187105794,config_1
2732,45.01172724108531,-110.69730563902091,config_1
2733,30.43401551533986,-97.72593117173416,config_1
2734,41.261756444214875,-95.92807235337904,config_1
2735,45.513122226122654,-122.6874858380824,config_1
2736,43.37533852433653,-110.74173454531666,config_1
2737,46.170665029016405,-112.78811683183699,config_1
2738,38.708105808538996,-95.99198187982402,config_1
2739,39.01580779517283,-96.76000713715003,config_1
2740,43.358656117280475,-111.22549652986369,config_1
2741,35.237008553573794,-97.45761174287291,config_1
2742,32.74637616943904,-96.86826023493573,config_1
2743,29.910899203396358,-98.53438161401645,config_1
2744,39.6673707140272,-95.61669833496721,config_1
2745,37.63818567057341,-97.7434236936518,config_1
2746,35.873261363640395,-106.007178123619,config_1
2747,44.17594565054203,-110.66143751470666,config_1
2748,44.36694673733393,-117.29559074538534,config_1
2749,44.8404004484815,-116.08674425687626,config_1
2750,39.66746329299962,-95.498464410661,config_1
2751,36.08901821401358,-96.00080252009957,config_1
2752,48.38596068168478,-114.07115217834064,config_1
2753,36.46237396657964,-95.35839067019748,config_1
2754,43.68997602236642,-116.45580007314643,config_1
2755,45.544263537377056,-122.73522418019166,config_1
2756,45.44675930965719,-122.7709473225746,config_1
2757,32.842155945722006,-96.56509674063693,config_1
2758,45.37885973584178,-123.80529931923303,config_1
2759,39.53748715117501,-119.7760341872451,config_1
2760,45.43377308193332,-122.66817907598865,config_1
2761,34.176923383179286,-97.0774679698733,config_1
2762,32.11321661115953,-98.45074772931015,config_1
2763,39.38724933044577,-115.46794270229455,config_1
2764,36.172264827102005,-115.34645896991682,config_1
2765,37.465991345680784,-100.90645651407368,config_1
2766,43.021732822438416,-122.12503340369578,config_1
2767,32.64207267799512,-96.92946470950568,config_1
2768,36.1389823585441,-95.95960658614457,config_1
2769,39.59111395179946,-97.68532214547199,config_1
2770,36.24005582785255,-115.14678833340301,config_1
2771,45.497034125998454,-122.99089632057908,config_1
2772,38.963798483558065,-95.32929640432056,config_1
2773,45.51042992717847,-122.73838117669945,config_1
2774,45.16459902868393,-111.24600286689498,config_1
2775,39.575203339403224,-95.52925009659181,config_1
2776,42.20490689506904,-120.35068962444379,config_1
2777,37.69538687789496,-97.15817456523813,config_1
2778,36.093690769361125,-95.85619923447277,config_1
2779,35.99473097304672,-96.35601631287228,config_1
2780,48.595298502435305,-114.11931243426751,config_1
2781,38.377069867106286,-97.82974463237473,config_1
2782,34.091679725535414,-96.33916674966959,config_1
2783,42.899323281857086,-112.44376922460728,config_1
2784,36.057094185939235,-115.20401921030846,config_1
2785,29.705321146990585,-98.08082868369753,config_1
2786,43.58904198949737,-116.38933031783472,config_1
2787,33.013116916388974,-96.83076815435672,config_1
2788,37.79056746162493,-117.24187368210002,config_1
2789,36.736048706771484,-94.92332306101198,config_1
2790,44.242242682734854,-110.6478724528958,config_1
2791,37.0445639935252,-95.09639801925798,config_1
2792,44.89356811720602,-108.29513418582668,config_1
2793,44.69703744333647,-110.74473915418314,config_1
2794,36.393987979668445,-114.88386029969057,config_1
2795,34.80236489740967,-97.07248789339147,config_1
2796,44.4807983541658,-117.350289082478,config_1
2797,45.171962723681105,-116.301108576918,config_1
2798,41.319022349959134,-106.50738457423195,config_1
2799,43.60163319002948,-116.37496570241622,config_1
2800,34.1911292402954,-96.89794686755955,config_1
2801,40.81381831022139,-97.31741312953247,config_1
2802,48.1483867774505,-115.86770527894939,config_1
2803,32.66593717883208,-96.91136699677737,config_1
2804,30.022305028852102,-95.4308610467898,config_1
2805,30.339982522189334,-95.08301727185666,config_1
2806,37.33437940575021,-94.83295627813435,config_1
2807,35.221425363655314,-106.50774454995667,config_1
2808,36.15932336582477,-95.94284181830594,config_1
2809,40.53761111859069,-101.73784575621309,config_1
2810,44.777535467569315,-123.06452087821705,config_1
2811,46.532032734863506,-111.96375479348,config_1
2812,30.49913228332672,-97.66884194721754,config_1
2813,44.98870286341247,-122.74838189729388,config_1
2814,40.95353561898156,-96.64315480939246,config_1
2815,32.47670979310894,-99.74131115011447,config_1
2816,40.85675408161193,-96.59675187529388,config_1
2817,48.07758141433442,-115.96611680208048,config_1
2818,29.805313071768587,-98.38972655207009,config_1
2819,39.00233843772386,-94.8351206571222,config_1
2820,45.56215645682163,-122.65699346739561,config_1
2821,45.541592951643835,-109.39773857170154,config_1
2822,39.6563201611403,-96.74267897040865,config_1
2823,34.6994449135401,-95.91150298450569,config_1
2824,34.35202654814091,-96.42777966141853,config_1
2825,36.127011296492995,-115.30266129705602,config_1
2826,45.499675814915676,-122.76253609458354,config_1
2827,38.30398413897369,-97.92485086959394,config_1
2828,34.780615737205125,-96.71157120698051,config_1
2829,39.55415904427331,-119.76425630701786,config_1
2830,46.2662264434326,-108.468929742204,config_1
2831,43.489768919085265,-116.27486428028132,config_1
2832,29.80566374762126,-95.1562585524132,config_1
2833,36.00970349998662,-114.76724610220064,config_1
2834,47.18811038228176,-113.3541811218083,config_1
2835,36.22354273437081,-115.2537656762357,config_1
2836,46.74015663867398,-116.99893687623938,config_1
2837,43.59758289268762,-116.23700496476648,config_1
2838,45.460367087416756,-122.5896422149348,config_1
2839,34.404145508793526,-103.23079375396543,config_1
2840,45.223722039498654,-121.69742883167419,config_1
2841,43.60311876173272,-116.21936106815544,config_1
2842,34.93597732342541,-96.68483767074406,config_1
2843,45.52564234984432,-122.8580006669236,config_1
2844,36.46903128398642,-117.21282294878355,config_1
2845,32.16375833085212,-96.98748803153725,config_1
2846,41.254134774335,-95.90838597869116,config_1
2847,45.71006910778049,-110.39571522301999,config_1
2848,44.891987685998984,-122.6480041715345,config_1
2849,41.96711357230113,-112.85809862209467,config_1
2850,37.03451539555411,-95.62134842307337,config_1
2851,35.18435700437585,-97.41155396929638,config_1
2852,38.84226993390606,-96.5920779773448,config_1
2853,41.966544024721195,-112.76946827500112,config_1
2854,39.84837439905465,-95.5537237606806,config_1
2855,41.32112819666214,-96.0627001701924,config_1
2856,45.566878550401995,-122.75215591168272,config_1
2857,46.600352958344175,-112.05285502343887,config_1
2858,43.575729627109766,-116.35157018783678,config_1
2859,43.13473687026604,-108.93408521734919,config_1
2860,32.62994850012019,-97.4010782978998,config_1
2861,34.177683604522024,-97.4639449399096,config_1
2862,36.13089569778584,-115.15316634377405,config_1
2863,43.33042988127062,-121.17294804339909,config_1
2864,36.591416051866695,-115.97120114924194,config_1
2865,45.560841209290786,-122.88282766417812,config_1
2866,35.39081564554546,-96.41611486303077,config_1
2867,46.87111681694957,-113.88433885121002,config_1
2868,30.164788022746052,-96.33855553273769,config_1
2869,41.75776759414493,-106.98244725513129,config_1
2870,34.397512592182494,-103.21330923556144,config_1
2871,45.62985618707295,-111.19623591904445,config_1
2872,37.10500038020278,-96.63923940659778,config_1
2873,36.11844469666832,-115.32586060978666,config_1
2874,40.60121777635306,-119.3385212831039,config_1
2875,43.798926528127126,-110.15710186176766,config_1
2876,37.38658599374286,-97.33257662400337,config_1
2877,43.46653229303567,-116.46474331816724,config_1
2878,43.55113000605824,-116.46256443914353,config_1
2879,45.43900961823947,-122.83189648434788,config_1
2880,36.25449545391022,-95.66451546150458,config_1
2881,34.81048782987822,-96.64031844395421,config_1
2882,36.16212049962619,-115.17531700412808,config_1
2883,36.167659887478926,-115.1485908306537,config_1
2884,45.79501568564659,-108.65743706343179,config_1
2885,44.32215383052293,-110.60153258306178,config_1
2886,30.243448577276254,-97.76291929087868,config_1
2887,44.83358500824948,-110.73049308325041,config_1
2888,44.95811013150607,-107.315232012018,config_1
2889,39.531232459867105,-119.70771728387115,config_1
2890,36.18808823002925,-95.34281350494358,config_1
2891,38.01053550476649,-97.9937761992097,config_1
2892,40.472451706565636,-101.51908173866636,config_1
2893,34.210136924920555,-96.23386430852798,config_1
2894,45.203464051678004,-123.20745761256386,config_1
2895,44.52314563800104,-121.17973936538014,config_1
2896,39.45938285952766,-119.77648493300391,config_1
2897,34.779217702025505,-96.5902812662905,config_1
2898,43.574940636996956,-116.2550332080313,config_1
2899,36.10696522073643,-95.92070569188911,config_1
2900,43.11561547021896,-120.87163933890966,config_1
2901,47.023764807231274,-113.30155858916953,config_1
2902,45.51234672172238,-121.60381215887124,config_1
2903,41.20611521930909,-103.7245948865752,config_1
2904,41.0061223713367,-95.87838884563148,config_1
2905,45.178767539671114,-123.27751070127334,config_1
2906,34.87322068952628,-96.67423070156036,config_1
2907,48.040576199837986,-114.83147124777206,config_1
2908,32.555742980399,-97.60767613091288,config_1
2909,43.54431258406299,-116.38425082087502,config_1
2910,41.355379373835206,-97.59284025918463,config_1
2911,41.65459851250259,-106.32644564602872,config_1
2912,33.192790041601924,-96.62226792834888,config_1
2913,39.29658595442732,-94.91378241320434,config_1
2914,46.59968097726912,-111.99950425029816,config_1
2915,43.73170378074919,-116.28023246360438,config_1
2916,36.20872444994819,-95.71565644239533,config_1
2917,39.070543271456515,-96.3184270716965,config_1
2918,44.85577880887775,-111.53933902988591,config_1
2919,43.242874626081544,-116.3728482978,config_1
2920,34.12895171623411,-96.56338772347166,config_1
2921,35.26807533250655,-97.60010730787108,config_1
2922,45.53287030481798,-122.69873678756592,config_1
2923,42.287239447202765,-123.61238572517692,config_1
2924,40.02459416381621,-96.7957879178067,config_1
2925,41.185950897924926,-95.99522910142821,config_1
2926,35.1470003445891,-106.67370343013299,config_1
2927,35.719080051406436,-96.77291529666684,config_1
2928,36.13857663431347,-95.89619315258673,config_1
2929,34.42595256222999,-103.21763074786192,config_1
2930,34.44362737094047,-103.22186900912598,config_1
2931,32.627500322166625,-97.23290071150534,config_1
2932,46.59015541250438,-112.12134336945466,config_1
2933,45.6896403166192,-109.438154457713,config_1
2934,32.892424518697005,-96.50799241099793,config_1
2935,36.18210180054442,-115.0309270562919,config_1
2936,33.068378886988505,-96.59849701329932,config_1
2937,35.66514169656223,-96.42275510025999,config_1
2938,35.08690006466235,-104.09497716091236,config_1
2939,36.62651039914129,-116.30907990999286,config_1
2940,32.914131190296565,-97.06940110328087,config_1
2941,36.049869599552125,-95.95935710760217,config_1
2942,41.0481956627666,-96.36418010132658,config_1
2943,37.37977311538987,-95.27209812514305,config_1
2944,41.25869374759579,-110.95856482982438,config_1
2945,45.456445965378165,-122.68343584997,config_1
2946,34.39690946141431,-96.18411763833244,config_1
2947,48.04063549416857,-112.34955839228073,config_1
2948,35.4001472383961,-95.5622934543087,config_1
2949,36.07331503647104,-115.30959930017596,config_1
2950,36.150046506464605,-115.22707260273242,config_1
2951,40.537546208641075,-101.83463564544923,config_1
2952,32.437338096931,-97.09874622794901,config_1
2953,45.60357437407041,-116.29220338399,config_1
2954,41.82213985101154,-110.74969681481933,config_1
2955,37.27106264503752,-98.3794241332044,config_1
2956,34.407942432996315,-103.18083471837672,config_1
2957,42.973282398521924,-111.01247037812999,config_1
2958,34.07240747240621,-96.76485803230577,config_1
2959,36.14924427961665,-115.27176159111465,config_1
2960,35.91302919400867,-94.82621416212207,config_1
2961,39.689803379732666,-119.33413000548097,config_1
2962,40.81693837543086,-96.7833076259275,config_1
2963,46.86487610661627,-110.70861816104133,config_1
2964,47.207888420593264,-113.50720261532993,config_1
2965,40.82139560293814,-97.72485578528426,config_1
2966,38.997113667922335,-94.602579498351,config_1
2967,35.18896534884009,-115.519780022594,config_1
2968,43.649519548357176,-116.22788039568215,config_1
2969,35.12366207479435,-96.67838602757479,config_1
2970,44.423758478251614,-115.99961484905518,config_1
2971,41.226443886963686,-95.93970758923871,config_1
2972,29.667170122492173,-98.50817231644565,config_1
2973,45.525641007032185,-122.64968720081608,config_1
2974,32.751467505031435,-96.986241656755,config_1
2975,45.46307492429391,-122.85759149823636,config_1
2976,40.77180358581505,-98.415138990537,config_1
2977,45.66126325468205,-110.11102797797611,config_1
2978,36.87640601604422,-116.82786798601,config_1
2979,29.8123340088812,-95.5017939298743,config_1
2980,38.70092667157855,-97.61161741850725,config_1
2981,36.13330467832929,-95.94023766666307,config_1
2982,41.13874328997979,-111.16605647363198,config_1
2983,37.34817074889051,-95.32716649764092,config_1
2984,37.63684123687982,-95.48112930765491,config_1
2985,38.484356895099886,-96.21078319342239,config_1
2986,37.145814039637955,-97.40194571688943,config_1
2987,34.3516081754775,-96.54881323942274,config_1
2988,36.09014042945309,-96.08829542467497,config_1
2989,33.731114963051226,-96.60527414839706,config_1
2990,46.70154887789567,-113.23735065964368,config_1
2991,33.01303746867514,-97.38764574793119,config_1
2992,46.475343978729,-110.33578050313665,config_1
2993,45.65027774073971,-110.86843239023472,config_1
2994,34.57180791908587,-97.18198136428292,config_1
2995,37.978373697624406,-100.83598569924062,config_1
2996,47.01601797538563,-114.68714253885364,config_1
2997,39.85682265605815,-119.94015110738549,config_1
2998,36.22511906752282,-96.85577280961482,config_1
2999,35.24796056151809,-97.41875312494923,config_1
3000,45.57883017251099,-109.331443283683,config_1
3001,30.146733094461926,-98.05778921827164,config_1
3002,40.91212613623249,-97.12770145945713,config_1
3003,44.449615308502295,-107.95681799727356,config_1
3004,37.459846906876834,-94.83359174921064,config_1
3005,36.38595970223123,-116.06980089920229,config_1
3006,48.37733391964265,-113.99611459306472,config_1
3007,38.86968075928526,-94.81138108178448,config_1
3008,32.93801408473959,-96.76936936057552,config_1
3009,38.5538493353335,-119.49846295366301,config_1
3010,40.20012368291539,-96.66105964960107,config_1
3011,32.74722521830131,-96.67182456177022,config_1
3012,30.19858064158268,-97.74923608687533,config_1
3013,36.129007421670615,-115.26568926617146,config_1
3014,44.0346131377414,-121.43871119042402,config_1
3015,36.67769428505015,-95.0498759785528,config_1
3016,34.28022826433143,-97.16076979945386,config_1
3017,41.81728015105988,-113.41302459726732,config_1
3018,34.59997391208766,-96.33916909643551,config_1
3019,34.331882500066165,-96.95566643123794,config_1
3020,40.67597847537664,-99.08930109426016,config_1
3021,39.993100439577674,-96.61016967534412,config_1
3022,36.662682484855345,-95.9353731349501,config_1
3023,36.10746524671918,-115.23765940120086,config_1
3024,36.63599719935063,-94.98149121840392,config_1
3025,41.260774138795,-104.84220334642715,config_1
3026,33.95715695336279,-96.4867620559694,config_1
3027,36.08470648057791,-95.78603421540477,config_1
3028,32.715754955539175,-96.894373746626,config_1
3029,36.8086794886594,-116.911345961872,config_1
3030,45.67975628254567,-111.01486850831606,config_1
3031,48.32502107360146,-116.42442895595677,config_1
3032,38.9158948669047,-95.09463895756356,config_1
3033,44.630095435101225,-123.06260186717188,config_1
3034,32.76477126785291,-96.69469390218364,config_1
3035,35.22338216118527,-97.43583480283813,config_1
3036,45.44081734438353,-123.80977876980478,config_1
3037,39.372335594594034,-119.81594068898862,config_1
3038,43.56885799306879,-116.13291810747104,config_1
3039,41.17552971775001,-95.89736118107386,config_1
3040,43.02162286548943,-110.12148530862187,config_1
3041,35.70919543191008,-96.39854306040196,config_1
3042,43.47372126493434,-121.4042661470587,config_1
3043,40.70822662766581,-98.65884976929127,config_1
3044,42.79584203776667,-123.29401891955997,config_1
3045,38.034591299940296,-95.17002577496008,config_1
3046,45.47399968667843,-109.44945200936428,config_1
3047,34.9844673323629,-95.72203111356473,config_1
3048,46.76249203745946,-114.29589332969,config_1
3049,34.17303242780066,-97.27857293044433,config_1
3050,43.28999592940385,-116.39671183665001,config_1
3051,39.015072206502225,-94.78444645745812,config_1
3052,37.072799138103264,-96.65773885021393,config_1
3053,35.21020655091924,-97.44076751301317,config_1
3054,45.50741213892937,-122.7075299095592,config_1
3055,35.23423856948268,-97.43237758733406,config_1
3056,48.4789439722238,-116.463610841278,config_1
3057,43.507170983155255,-116.33884023265063,config_1
3058,47.32687231337333,-115.25493666200593,config_1
3059,32.8073206248095,-96.63290394606359,config_1
3060,38.983119046708765,-94.68909760659666,config_1
3061,33.22727592977159,-96.81209465161892,config_1
3062,37.34975807692089,-94.63798704555738,config_1
3063,38.8035300592623,-96.12972140253831,config_1
3064,43.73908117050662,-116.39202086574247,config_1
3065,32.87662637226649,-97.18691198844135,config_1
3066,37.88026597020676,-97.70873097127516,config_1
3067,32.85071989263442,-96.99565736688997,config_1
3068,42.366235746428934,-107.44983982946611,config_1
3069,30.41813920215333,-98.10161181232033,config_1
3070,35.91709820802016,-95.54869192329467,config_1
3071,39.269973945044356,-119.94765019881665,config_1
3072,40.74988965379319,-96.61630083437507,config_1
3073,38.938915251479855,-95.17733280674258,config_1
3074,42.53890279155691,-110.10574791953353,config_1
3075,30.378761020677334,-97.63969795792939,config_1
3076,37.59535074275143,-95.86616659749558,config_1
3077,47.78942801537055,-116.9365175191855,config_1
3078,36.07319263429945,-114.82250741418966,config_1
3079,36.93065236071911,-106.78729615689556,config_1
3080,47.71223085323867,-116.96382950068,config_1
3081,38.9277550126126,-95.73516848408858,config_1
3082,36.08800749946214,-115.14388978909093,config_1
3083,35.463069870594175,-95.55111950189232,config_1
3084,40.36133895037021,-98.43246940388089,config_1
3085,34.9622630099593,-96.67889199473198,config_1
3086,46.922344211234865,-116.92729239367617,config_1
3087,39.33101547942375,-94.9195421638474,config_1
3088,36.088294351648756,-115.04769263613498,config_1
3089,41.66044194613614,-96.02916070121113,config_1
3090,36.06358110605597,-115.15733669611998,config_1
3091,43.666450539614274,-116.40125607714002,config_1
3092,35.88209211270857,-106.31518982204857,config_1
3093,32.943808315750495,-96.90329288713991,config_1
3094,30.387067977279077,-97.91675974962844,config_1
3095,36.13792290159402,-95.91831445068303,config_1
3096,46.76436754456534,-110.72202959957555,config_1
3097,34.23402649624988,-96.97543152039745,config_1
3098,41.710951557901,-107.82536034651056,config_1
3099,39.12957268910474,-96.68952082933897,config_1
3100,43.379013077460996,-116.41394678433916,config_1
3101,35.66350416902043,-97.27548436970213,config_1
3102,37.287832168142636,-99.06262458317178,config_1
3103,36.10972290740244,-97.37705961389345,config_1
3104,34.995790353827246,-96.92835378678532,config_1
3105,45.51095406160653,-122.97462298382455,config_1
3106,32.682064135914,-96.19585862125638,config_1
3107,47.56014835799402,-113.74121452895862,config_1
3108,35.3007148056598,-97.4885730310192,config_1
3109,30.463266587444952,-97.68237231302126,config_1
3110,43.75278671565888,-121.45360970163254,config_1
3111,45.58532409683475,-122.80867983516927,config_1
3112,43.63215398089589,-116.36767455498564,config_1
3113,45.556523545720154,-122.53705113903511,config_1
3114,45.44799657705129,-122.58588174613335,config_1
3115,34.196471834063836,-96.71764966523166,config_1
3116,35.32359440134276,-99.58277169837878,config_1
3117,41.38592417935475,-110.21254365890903,config_1
3118,45.09520901132855,-108.23876763978576,config_1
3119,40.6307917544082,-97.0872869425441,config_1
3120,39.05811018133129,-95.07596450345329,config_1
3121,36.033187358796866,-115.13022117492565,config_1
3122,44.80045024034313,-110.7395867407969,config_1
3123,42.723719729566746,-120.66181797080326,config_1
3124,34.01425279529327,-96.38656435819217,config_1
3125,41.540130503277986,-96.49904836585979,config_1
3126,36.21491549923323,-115.32487814980222,config_1
3127,32.75460120012378,-96.74427578487155,config_1
3128,46.14084079343866,-112.98844989692752,config_1
3129,34.78498679369609,-96.57258932286727,config_1
3130,33.38651816142066,-96.58089121248366,config_1
3131,30.46514534502075,-97.65420359117331,config_1
3132,38.679706733494854,-95.2598012081023,config_1
3133,38.26271952209139,-116.20830662385302,config_1
3134,47.23887603361456,-111.73548400648058,config_1
3135,29.647657250730447,-98.4210407455505,config_1
3136,42.760006308909134,-114.48636917579573,config_1
3137,34.295491605440674,-96.61801350709835,config_1
3138,41.43309673553745,-111.06478377280274,config_1
3139,31.757057482860183,-98.95822400146118,config_1
3140,43.64543382835041,-116.49159128995184,config_1
3141,48.24598853637402,-116.30638401098459,config_1
3142,34.145534169793784,-96.38534576702797,config_1
3143,39.66861341364052,-119.98026863560702,config_1
3144,43.22986634016453,-123.35239497348813,config_1
3145,39.52279391569382,-119.7665768718124,config_1
3146,36.17647539067131,-115.22451340116027,config_1
3147,42.09661070054472,-110.95350474350693,config_1
3148,36.16649919198138,-95.87760454163747,config_1
3149,34.23531726222603,-96.70739980356252,config_1
3150,36.28716488630153,-115.13239288665403,config_1
3151,37.680453250301,-97.41977991261868,config_1
3152,29.57685328148592,-98.34615079921639,config_1
3153,35.969720556021876,-114.69848720822712,config_1
3154,43.13397134935741,-121.05878560250048,config_1
3155,41.432712188662336,-105.90490082375597,config_1
3156,39.001384373396455,-95.21299026869356,config_1
3157,38.06816683625888,-97.33774480976574,config_1
3158,43.44151823900465,-121.86456646790948,config_1
3159,43.41114844576091,-108.16307258188817,config_1
3160,39.02860156798476,-94.60002660761963,config_1
3161,36.28697379581984,-115.09131221918166,config_1
3162,48.69746554419185,-116.31427164657465,config_1
3163,45.310028770456,-123.09840251675499,config_1
3164,38.21983826642101,-98.09940561265013,config_1
3165,43.727325932051954,-123.171460181588,config_1
3166,44.71585460111628,-110.64708072141433,config_1
3167,31.22025820659475,-99.96452432120276,config_1
3168,32.64581751162126,-96.89544737050625,config_1
3169,41.26001658675214,-96.01908421624803,config_1
3170,37.108578300572404,-96.5358065921334,config_1
3171,44.93972875552953,-123.01886017020125,config_1
3172,36.93140646112608,-109.14660147717287,config_1
3173,35.57127465149772,-95.65670607593766,config_1
3174,36.42818453728011,-95.27475044907399,config_1
3175,33.19100133081675,-94.95841913075702,config_1
3176,48.168162961916465,-114.29908527041,config_1
3177,33.028643384961384,-97.25580309860398,config_1
3178,29.73659871968376,-95.81238870036552,config_1
3179,36.142720996260714,-95.98546471083256,config_1
3180,30.703399716963503,-97.60571412776149,config_1
3181,32.81774507240453,-96.73292453438705,config_1
3182,32.97784952234535,-96.90736825640327,config_1
3183,39.04046275926254,-119.17108960249702,config_1
3184,36.25052857375867,-95.33545935550121,config_1
3185,45.503255156473024,-122.50712630824839,config_1
3186,34.1010497942427,-96.9459950305596,config_1
3187,29.483210953272867,-98.68144536668719,config_1
3188,39.80583832951827,-97.69164479585056,config_1
3189,32.99921668075666,-97.0160984895605,config_1
3190,39.40900850440116,-119.73913838976489,config_1
3191,36.04605027946187,-96.00971855435164,config_1
3192,46.494861373304,-116.46363574981415,config_1
3193,34.492164934168635,-97.04870614879252,config_1
3194,38.00554121503266,-94.704022447796,config_1
3195,36.423856845085574,-95.39451012112272,config_1
3196,36.32513070664171,-115.35839988804712,config_1
3197,48.039850954235675,-115.86451022284085,config_1
3198,35.184918215639996,-95.64155578240478,config_1
3199,39.32037247908884,-94.94154965142805,config_1
3200,46.8746499989938,-113.99935030028132,config_1
3201,32.71640441508375,-97.243659744195,config_1
3202,45.48126742732025,-110.210591958955,config_1
3203,34.36352529619297,-96.09884647342146,config_1
3204,36.2162507746863,-106.7868967757274,config_1
3205,45.441236534264426,-122.53220006290037,config_1
3206,38.89125543518229,-94.84647984379365,config_1
3207,34.172960788220806,-97.40395923544753,config_1
3208,29.596972625162202,-98.52726419541314,config_1
3209,32.82939819215048,-96.78080109434289,config_1
3210,36.72177513804861,-108.16587036304892,config_1
3211,41.135020061805044,-96.06685778354475,config_1
3212,34.52489925216094,-97.19452690126535,config_1
3213,37.947136926412355,-100.83081087639516,config_1
3214,30.225855303972658,-97.73211100295512,config_1
3215,45.331121555476,-109.17651819146882,config_1
3216,45.43673223737249,-122.73199736905411,config_1
3217,37.10154331184652,-94.70760255663292,config_1
3218,43.6644889114935,-116.47044001246786,config_1
3219,43.73238225711107,-116.30739848954157,config_1
3220,45.00418845259922,-110.01148548418003,config_1
3221,36.119289592372,-115.0515704899142,config_1
3222,29.53500985347672,-98.3180210090383,config_1
3223,29.649369232252447,-97.52783675485234,config_1
3224,28.891716196391837,-99.65335843471415,config_1
3225,30.32606243512584,-97.75918196537272,config_1
3226,41.73035386890234,-113.52309482388334,config_1
3227,45.659914919637,-110.7856474122525,config_1
3228,33.91789158688817,-106.866792829945,config_1
3229,40.627976086778546,-100.60100619408891,config_1
3230,44.53302156578622,-117.39967908824724,config_1
3231,35.984845810948656,-95.81526595033355,config_1
3232,38.04953398535209,-95.37787702222833,config_1
3233,38.24647095984843,-97.6072954864193,config_1
3234,37.070342630256974,-97.33394954528492,config_1
3235,36.79856637528113,-116.71316129961468,config_1
3236,34.995239812205334,-96.679081437523,config_1
3237,37.85093842684977,-95.83503440312123,config_1
3238,30.215928905988818,-97.89128485972836,config_1
3239,36.13595753625919,-115.29908003883281,config_1
3240,45.522559441893,-122.77331441039568,config_1
3241,36.476234195849614,-97.32735188344721,config_1
3242,38.30233557170092,-98.18529383308528,config_1
3243,38.649904691785004,-95.2053386402255,config_1
3244,42.19748780752077,-120.25403341675587,config_1
3245,47.183236398221744,-113.39895265548552,config_1
3246,31.212837235288827,-95.98962182379067,config_1
3247,36.16010774498237,-115.32022820303665,config_1
3248,45.539653554485334,-122.53147180289925,config_1
3249,34.173310973643495,-96.57971374346249,config_1
3250,44.34158785482404,-116.03124565841715,config_1
3251,38.9557276696198,-95.20120078635411,config_1
3252,35.473361843309505,-115.4717205422889,config_1
3253,45.24539715677459,-110.87053189931125,config_1
3254,33.38870640366691,-94.09045145683963,config_1
3255,41.14093621632692,-102.9983492797878,config_1
3256,36.223645386760786,-115.21678689245698,config_1
3257,46.54881552973318,-112.85694972907045,config_1
3258,39.57108683290658,-119.79639072628588,config_1
3259,40.49380071138367,-99.01503298153666,config_1
3260,41.67291983922835,-96.50226815162033,config_1
3261,43.836725797562444,-110.44080084358126,config_1
3262,43.55625555364633,-116.19243305451252,config_1
3263,39.12331290587327,-94.81605458677488,config_1
3264,45.46674538484608,-122.78689207819838,config_1
3265,41.186384923148175,-95.97329462133004,config_1
3266,44.41058273865298,-110.59995461539127,config_1
3267,46.27479485833446,-112.74959800813363,config_1
3268,38.497754406645114,-96.43015831533393,config_1
3269,35.44556027084255,-115.66971440376554,config_1
3270,33.32244673735457,-96.57145645155487,config_1
3271,34.612289187500814,-96.43350500209117,config_1
3272,45.848705373004115,-109.94372597771796,config_1
3273,41.3045920040566,-96.07125457629354,config_1
3274,36.148256588319505,-97.05539786964727,config_1
3275,36.11693770363366,-115.17944666800557,config_1
3276,39.27840152004018,-95.71985102931612,config_1
3277,29.689316583164945,-96.85702739815893,config_1
3278,34.781856187367495,-96.6015861028185,config_1
3279,38.15722656984905,-97.0991781268188,config_1
3280,32.827988119126,-96.90626999538011,config_1
3281,36.37790485447755,-95.9206536764312,config_1
3282,39.01367735896325,-94.70349205346842,config_1
3283,40.89493178100504,-98.37925823349711,config_1
3284,34.45430901479033,-103.1857880200764,config_1
3285,39.32914335633633,-119.87578854121888,config_1
3286,34.74644309769229,-97.16837479372577,config_1
3287,46.99555084654558,-114.45467173298643,config_1
3288,45.50852698516844,-122.62722669062232,config_1
3289,33.46382202735575,-94.38350844341726,config_1
3290,37.99744256802677,-100.6572356155993,config_1
3291,48.03215877971256,-114.92337268788387,config_1
3292,38.99311929975181,-96.5823585008526,config_1
3293,39.07891371009601,-100.30392325849971,config_1
3294,35.954158420769595,-95.3924647893818,config_1
3295,45.44878691458209,-122.80648699509219,config_1
3296,39.058576950829575,-95.40250870345577,config_1
3297,32.88724657136287,-97.22983183744941,config_1
3298,41.73910118272532,-106.82912380661399,config_1
3299,38.83886356730039,-97.60458412036503,config_1
3300,32.666254758836025,-96.75560440816292,config_1
3301,36.27935760261664,-115.25658561522421,config_1
3302,34.76287365117324,-96.65902436731041,config_1
3303,37.69052429240922,-95.47386209369292,config_1
3304,29.542611898546397,-98.50243221868672,config_1
3305,35.55175046793213,-105.88778269133056,config_1
3306,36.09519463286248,-115.29034733489074,config_1
3307,35.4573730294148,-105.62686259281199,config_1
3308,32.71015516579362,-97.01687953262831,config_1
3309,36.0221768869889,-115.07635206505016,config_1
3310,33.225415772115504,-97.13088571952255,config_1
3311,43.64437947152994,-116.21763423808706,config_1
3312,43.095218613397876,-110.16690143536998,config_1
3313,32.446799447552145,-99.69995815838885,config_1
3314,35.23691315592349,-95.47030018825082,config_1
3315,33.060043209823405,-96.82806111088722,config_1
3316,39.80190844869748,-119.91633752421104,config_1
3317,39.978575751614855,-97.65948897157443,config_1
3318,41.76378164621846,-113.50945073127454,config_1
3319,41.41429867783696,-96.51209784821273,config_1
3320,43.61683297111636,-122.06961749733362,config_1
3321,32.83779856668793,-97.1470478262574,config_1
3322,36.16229967828328,-114.80141010231141,config_1
3323,29.650915972279495,-98.46804562030485,config_1
3324,42.631492445462,-108.19454250504502,config_1
3325,44.04869287971885,-121.38613179772857,config_1
3326,36.122352931546025,-97.10843780975111,config_1
3327,32.272296529611,-109.25016034358545,config_1
3328,44.31223573344816,-121.17213739596164,config_1
3329,44.9579517427182,-120.94873333057241,config_1
3330,34.93406200632253,-95.33486210081638,config_1
3331,30.449556790712048,-97.80187028555133,config_1
3332,36.26714384084784,-115.60487390347261,config_1
3333,35.987738579495065,-95.37502470117832,config_1
3334,34.892240521468686,-95.7708944298542,config_1
3335,43.55031262785642,-116.32454554050345,config_1
3336,45.53377574221367,-122.5631945805372,config_1
3337,32.083306229444794,-106.67956594292815,config_1
3338,45.494249834709876,-122.74663805701958,config_1
3339,39.01014690754106,-95.68866344588012,config_1
3340,30.293623870254493,-97.77100491706115,config_1
3341,29.945349588236546,-95.48865988389352,config_1
3342,45.5833551146685,-122.455717142105,config_1
3343,37.69492436594624,-97.2425196366993,config_1
3344,36.19880074533246,-114.69352279314232,config_1
3345,36.12572174784325,-115.19430874613894,config_1
3346,40.80651474326208,-96.62052075841709,config_1
3347,45.385708998626555,-122.83606387354457,config_1
3348,30.314049618734927,-97.6937419863594,config_1
3349,45.17097115413816,-109.44708200256439,config_1
3350,30.519962953084736,-97.85584102834683,config_1
3351,32.72381860188586,-97.00052346719781,config_1
3352,36.2067419301255,-95.85176840434089,config_1
3353,44.09154178618654,-121.29949834058058,config_1
3354,45.57648289023218,-122.70028478949638,config_1
3355,36.0217793328869,-96.00342652915656,config_1
3356,38.95497689177228,-95.3508299626268,config_1
3357,43.63180945076052,-116.27848934129781,config_1
3358,39.06485257045636,-94.62418043168954,config_1
3359,44.93714147132057,-109.74855447169573,config_1
3360,47.15399611378682,-114.08354695561407,config_1
3361,36.11247176675523,-96.00954913433912,config_1
3362,39.046001317209154,-95.75360809061164,config_1
3363,36.202861693537436,-114.97641033263842,config_1
3364,40.93674219706647,-110.8349817925876,config_1
3365,41.13256754872411,-95.95208263469671,config_1
3366,33.00531385185491,-97.67510446149683,config_1
3367,41.14147546057689,-104.7767081610197,config_1
3368,34.51179050604549,-97.34096645084817,config_1
3369,34.00576351383948,-96.49042297686789,config_1
3370,37.255672185736074,-97.40039290575665,config_1
3371,35.091566925362066,-103.08355489412716,config_1
3372,34.515663925910836,-96.97100914925261,config_1
3373,43.687715844008004,-116.36894141395635,config_1
3374,40.133905705765414,-96.66976540609646,config_1
3375,40.706927330757445,-99.79239071137718,config_1
3376,48.08050888796782,-115.17327801348428,config_1
3377,34.32271719287532,-96.42244417845848,config_1
3378,38.2773315500199,-94.670826197424,config_1
3379,38.142598393903,-97.91694185143125,config_1
3380,48.05850473113464,-115.89384647295209,config_1
3381,39.84437920844759,-96.66098095873535,config_1
3382,41.23395291719773,-96.04895830478256,config_1
3383,32.76978936991692,-96.57864982779941,config_1
3384,32.68421913551065,-97.15226656157064,config_1
3385,45.498287877003136,-122.40275588560283,config_1
3386,42.01461298584197,-122.62175791372216,config_1
3387,45.457855276251436,-122.56629493117023,config_1
3388,32.36465248115315,-96.77658853747403,config_1
3389,38.95130072085163,-95.07687590901463,config_1
3390,45.52977711319676,-122.62398219181519,config_1
3391,32.30799240321178,-106.74639613672568,config_1
3392,41.116214582835106,-95.94755958269673,config_1
3393,41.2533209795865,-96.5364780591184,config_1
3394,45.86421369291501,-108.85207807614042,config_1
3395,34.17728607743734,-96.71489302839733,config_1
3396,36.074650657285936,-115.09072667528852,config_1
3397,36.9878780128024,-106.78386150595702,config_1
3398,42.731739697092365,-120.7258515492845,config_1
3399,33.08035829534885,-97.04203099952873,config_1
3400,45.55902468627269,-122.56514195020335,config_1
3401,30.279922991698587,-97.80993684759362,config_1
3402,36.20390996887316,-95.97278076122599,config_1
3403,30.243057027142093,-95.48539406239091,config_1
3404,30.11361927768424,-97.59759257568305,config_1
3405,38.94216458093725,-94.69008215529993,config_1
3406,35.617861289162555,-97.50839395509105,config_1
3407,33.15255649155833,-96.598713059057,config_1
3408,35.979177850885556,-115.18102542436938,config_1
3409,36.699155954425706,-116.57905753511413,config_1
3410,30.717938871145254,-98.30206686033075,config_1
3411,43.54524274575993,-109.65783746526918,config_1
3412,38.17781353389261,-95.70797152115959,config_1
3413,41.60452952980897,-104.25929838487848,config_1
3414,47.44329532754769,-113.66728834130375,config_1
3415,45.950465518397465,-108.74518715523385,config_1
3416,48.73100639542459,-113.72753408343698,config_1
3417,36.18859770509872,-115.12882239210528,config_1
3418,32.76904090051667,-97.75051868520008,config_1
3419,39.038567819121134,-94.63597198264864,config_1
3420,36.162441818648176,-115.28287355774889,config_1
3421,36.44274068444664,-97.32710160259978,config_1
3422,43.67967831867505,-116.49413986783249,config_1
3423,39.211490037490194,-96.49313558729925,config_1
3424,34.95272215553977,-96.74610879881466,config_1
3425,47.675500917566524,-113.80375508342141,config_1
3426,33.95580218708317,-97.1470006359844,config_1
3427,34.28191368224641,-96.54745186513986,config_1
3428,39.18964798130861,-94.82017142997009,config_1
3429,29.334947623742092,-98.40893140292528,config_1
3430,40.408878939119134,-99.14409503448951,config_1
3431,43.553423356260694,-110.82268242938176,config_1
3432,45.877578096950174,-123.60289288696158,config_1
3433,35.45050740993743,-95.73357698393964,config_1
3434,36.160180621430996,-95.8999765935111,config_1
3435,39.52134043007158,-100.62035199703654,config_1
3436,33.12244507799393,-95.69038095120166,config_1
3437,34.820794957030266,-106.75508590563507,config_1
3438,45.892909227945644,-112.17172306684999,config_1
3439,48.09522896406621,-114.00483564309847,config_1
3440,45.4981809417696,-122.89808017208284,config_1
3441,35.898707031694826,-106.02024351399716,config_1
3442,42.148528408009994,-96.21785278659111,config_1
3443,36.42729584892078,-114.50078186251888,config_1
3444,36.162172479218945,-116.43294806650788,config_1
3445,35.467600183098824,-97.57134801935857,config_1
3446,39.702930576186446,-96.77946211331339,config_1
3447,48.37620792566043,-116.54568579187286,config_1
3448,40.884669050259255,-110.83176796597301,config_1
3449,41.25898603408452,-96.0561203626408,config_1
3450,37.21099995046501,-116.96378339161002,config_1
3451,34.651316552173384,-96.80711740845277,config_1
3452,36.57115019048111,-116.08451330864601,config_1
3453,45.49165559539085,-108.88194893997999,config_1
3454,41.66093293470708,-108.06516789130119,config_1
3455,45.92311193878457,-112.4116777429403,config_1
3456,43.905842385303416,-114.71746968351762,config_1
3457,36.01476229121719,-114.96027533714343,config_1
3458,41.97418505360208,-111.4029332084946,config_1
3459,44.657969356955334,-110.98821325227757,config_1
3460,44.86792820001681,-121.41568513764777,config_1
3461,44.799854178887465,-111.16714098169646,config_1
3462,38.18847698340623,-95.2624368801065,config_1
3463,46.10515225678432,-112.82537616360965,config_1
3464,45.99513290220394,-111.58791020349588,config_1
3465,42.221158854840255,-120.24447256056956,config_1
3466,36.20540765940489,-115.33791481746945,config_1
3467,29.84809609493663,-95.33374417025951,config_1
3468,43.904147475364,-110.6077185811555,config_1
3469,42.729988857425546,-109.72108252786037,config_1
3470,35.2885298364985,-95.5930665380515,config_1
3471,37.08647811452702,-95.5868822955062,config_1
3472,34.372410029479056,-96.37081643170455,config_1
3473,36.35557509757892,-97.02999518474749,config_1
3474,31.08724809078748,-97.72452406354675,config_1
3475,43.719561647091595,-116.46539039208935,config_1
3476,39.643425446834236,-119.93773261174167,config_1
3477,32.6722814573336,-97.02820819448293,config_1
3478,45.64530561105126,-113.96240424685399,config_1
3479,32.72435560155387,-100.88836358167724,config_1
3480,32.83771163273456,-96.96636241470111,config_1
3481,36.38952167457425,-97.08356256134643,config_1
3482,41.3909745416454,-105.81934193055696,config_1
3483,39.05608491037611,-119.1807798911092,config_1
3484,39.29761483056733,-96.51710668059374,config_1
3485,45.473894223967044,-122.83468057724538,config_1
3486,39.823633532728536,-95.72235175592117,config_1
3487,39.04049399535966,-95.48985314216253,config_1
3488,35.53913628106143,-106.79554645644998,config_1
3489,35.35180255630984,-97.49828051239511,config_1
3490,36.12959957599062,-115.33948664186283,config_1
3491,38.425314024713316,-95.81305693740809,config_1
3492,41.222981416011805,-95.97848689148748,config_1
3493,40.94042938855319,-98.32598315016266,config_1
3494,33.073284435044165,-96.87882930847327,config_1
3495,44.29076004880691,-116.08380216390418,config_1
3496,45.45261067119781,-122.79488435115094,config_1
3497,39.60388075727968,-95.7225230782601,config_1
3498,34.173988341624515,-97.12624245603818,config_1
3499,39.516091529887646,-95.41328144331952,config_1
3500,40.66647681222071,-98.83886743423483,config_1
3501,45.582312518484876,-122.72904198097324,config_1
3502,34.28756593896248,-96.42693672575261,config_1
3503,37.35380203262429,-98.7145065342997,config_1
3504,46.736735938430755,-112.00381497318126,config_1
3505,30.510504507203613,-97.73196781473068,config_1
3506,41.30980940250934,-96.1296991942054,config_1
3507,36.180257746293734,-115.24740049331734,config_1
3508,40.096039775091924,-98.82992179005056,config_1
3509,34.42603402340107,-104.19366123433785,config_1
3510,32.5962843185825,-96.93617603194444,config_1
3511,43.041405541287105,-112.4066079338967,config_1
3512,36.29905674664468,-115.30491749809305,config_1
3513,45.7874628861048,-123.95305090694232,config_1
3514,48.16955818295718,-115.86914207365957,config_1
3515,44.5535723107438,-123.500704729984,config_1
3516,36.087765785333666,-115.01787770627934,config_1
3517,47.418567258291546,-115.59041287235809,config_1
3518,43.69448241215484,-116.4404873790416,config_1
3519,45.285653123512496,-109.18934166973001,config_1
3520,45.398336440113646,-109.12890734047647,config_1
3521,30.364232866692053,-97.89745894673216,config_1
3522,43.49247943925946,-110.76663831905799,config_1
3523,39.05965893338511,-95.6140398468506,config_1
3524,41.70861914740864,-113.53080830677055,config_1
3525,45.52687022595299,-123.00015490070548,config_1
3526,34.20980822405548,-97.4770433296722,config_1
3527,29.59493037308079,-98.23093707958084,config_1
3528,46.23166377427117,-112.76803166886499,config_1
3529,38.99834365109397,-94.66683137237622,config_1
3530,45.590263174330005,-110.5655489416853,config_1
3531,39.1419958603518,-94.89571495125827,config_1
3532,35.082006225177366,-101.26259762245726,config_1
3533,32.69545428583836,-99.32216043039674,config_1
3534,43.7602768319102,-116.271858953594,config_1
3535,35.45587542053618,-97.50543468779655,config_1
3536,30.156243903634202,-97.50516011807039,config_1
3537,39.66144600522959,-95.3992308641725,config_1
3538,32.70570954702271,-96.83333928044313,config_1
3539,37.6497945203638,-97.56215751127003,config_1
3540,34.80103178706211,-96.63479681305277,config_1
3541,37.15389976584273,-97.85019648366598,config_1
3542,41.370068782828994,-114.03353263925715,config_1
3543,45.506219135085786,-122.55284159829668,config_1
3544,48.45026068406295,-114.02524983458751,config_1
3545,41.2879815044561,-96.01562768296743,config_1
3546,35.25185174392629,-97.45594293200544,config_1
3547,41.05254349357562,-95.96251929097609,config_1
3548,32.61440146882545,-97.32131048359601,config_1
3549,45.49318042297976,-122.70401464406486,config_1
3550,35.94731897693304,-115.09751437253797,config_1
3551,41.8957699797528,-113.109123908212,config_1
3552,34.117606355570224,-96.70919500677752,config_1
3553,29.58735260981702,-98.40116698227747,config_1
3554,35.17599124832516,-107.87263686215687,config_1
3555,34.43544887145768,-97.1343724027129,config_1
3556,34.64219929966085,-96.63480117072771,config_1
3557,45.59422853091205,-122.77697431107056,config_1
3558,35.95505349810675,-115.14069814012169,config_1
3559,32.74420968945331,-96.79395856233295,config_1
3560,35.964993346474074,-95.650444185864,config_1
3561,39.72133677527077,-95.7300471465034,config_1
3562,35.882888644429755,-95.4063774002192,config_1
3563,40.022217468733395,-101.53607187517002,config_1
3564,47.70802551957663,-116.85442438721687,config_1
3565,45.6268318451514,-108.95207243319999,config_1
3566,36.145796311857964,-115.17008403171525,config_1
3567,41.92923075284904,-111.43040648472915,config_1
3568,45.06423342581933,-121.52230303445322,config_1
3569,39.84088001512029,-101.55942312414584,config_1
3570,44.92660801829503,-110.09824820517261,config_1
3571,35.05283585562569,-96.93144929801775,config_1
3572,35.13537533615545,-103.82970857338445,config_1
3573,37.628901443092175,-97.29607807612346,config_1
3574,32.762681338086296,-96.81925871848475,config_1
3575,38.96823286788721,-95.30651588418738,config_1
3576,38.999769682907505,-119.16141755799003,config_1
3577,33.3242960525627,-97.00881657870772,config_1
3578,45.486734355616484,-122.80199328694084,config_1
3579,43.72161840545046,-116.50837542992966,config_1
3580,30.235706677510667,-98.365739461205,config_1
3581,38.91023674771122,-119.72520957832859,config_1
3582,41.09357014584589,-96.25766065343022,config_1
3583,36.70456636260882,-95.64700465091093,config_1
3584,38.863724832396095,-94.66521635665809,config_1
3585,30.3297546236912,-97.72768008725157,config_1
3586,47.37495228275301,-115.35227773448158,config_1
3587,43.47438136451514,-116.42109722583427,config_1
3588,34.605075649705,-96.883153517468,config_1
3589,35.78360187383986,-105.94980974376928,config_1
3590,36.928420513864,-106.55675929036462,config_1
3591,35.934852500714534,-95.28381935759107,config_1
3592,32.40974876618283,-99.4680859224094,config_1
3593,48.31584869263886,-116.47757032621642,config_1
3594,38.561693721130574,-95.27589831741398,config_1
3595,45.31730248241806,-122.76688444911842,config_1
3596,40.02333434482807,-120.10419594994093,config_1
3597,45.557297973480246,-108.85084219287846,config_1
3598,32.8303572105772,-96.6610317291645,config_1
3599,43.6929747657496,-116.31332568551137,config_1
3600,36.18755699956104,-115.10067931659384,config_1
3601,44.04461846742967,-121.28052080997603,config_1
3602,43.450329770239684,-121.70037455556677,config_1
3603,47.00552863919793,-113.05007487847503,config_1
3604,35.52624364414725,-98.31931799404549,config_1
3605,45.52949272866725,-122.50199991877692,config_1
3606,45.75185308004978,-109.76902451581866,config_1
3607,34.374113819002154,-97.14523174465367,config_1
3608,33.96673380810345,-104.58105888967349,config_1
3609,34.72636601648751,-96.64357818024708,config_1
3610,41.69240868560055,-110.56751408110901,config_1
3611,43.87041062921404,-121.43526752356539,config_1
3612,43.64857864495184,-116.2736972885478,config_1
3613,34.82506842290575,-96.68152970807643,config_1
3614,29.44293098727041,-98.40127449461664,config_1
3615,34.189488238442124,-96.24366631581688,config_1
3616,31.521448252797533,-97.09862498256761,config_1
3617,36.40560112347736,-97.33111442737136,config_1
3618,48.130808556540444,-115.86626564526952,config_1
3619,40.84091528914843,-99.25308650043743,config_1
3620,35.61925803226536,-97.61768831114928,config_1
3621,39.57811147565458,-119.69279391671783,config_1
3622,41.13881473306968,-96.14199343505513,config_1
3623,43.57497772150593,-116.44495877160765,config_1
3624,30.100810969610677,-97.69912125319966,config_1
3625,32.88012062349061,-96.6609229787227,config_1
3626,36.328377289299254,-115.2812138722158,config_1
3627,39.03333044936004,-119.7800854544085,config_1
3628,30.522909880663498,-97.698240217784,config_1
3629,30.169584698470707,-96.44378800312795,config_1
3630,29.568639096848038,-98.648959986895,config_1
3631,34.30014679961764,-97.1595213076057,config_1
3632,32.068448046620375,-98.95332516184224,config_1
3633,37.68493004700802,-97.32039821095468,config_1
3634,44.969568329436925,-124.00975128771728,config_1
3635,31.81684615933706,-106.53707537673424,config_1
3636,39.36111747724715,-101.00057037653707,config_1
3637,39.187348236784686,-96.30764860605682,config_1
3638,41.423242988750545,-106.78709556886623,config_1
3639,36.12691318802847,-115.08300836555568,config_1
3640,36.420382374992414,-114.54691258664347,config_1
3641,32.7014749359592,-96.93910429510106,config_1
3642,41.878982398086755,-106.48706841246877,config_1
3643,35.07042349012857,-106.6441412137827,config_1
3644,39.42770256077072,-120.02771100833715,config_1
3645,35.16581910184067,-95.65263040185283,config_1
3646,40.21780384522255,-99.36839439415604,config_1
3647,35.085429387583495,-106.63926525852534,config_1
3648,41.1907151528195,-96.398888771903,config_1
3649,39.295768368443284,-96.75881072180142,config_1
3650,39.47910753273717,-119.81190731666744,config_1
3651,45.79344878221049,-108.4663302029334,config_1
3652,41.23386822756246,-96.37947488774375,config_1
3653,39.6671349122584,-95.44743077309481,config_1
3654,45.565495469303215,-122.6111121186491,config_1
3655,45.4315060710793,-122.8057902140239,config_1
3656,47.36072145417621,-115.31615560341949,config_1
3657,39.67532215215011,-100.30593554003423,config_1
3658,36.8698449433086,-97.34997507851581,config_1
3659,40.19361379430033,-97.5755028733035,config_1
3660,39.59402749065841,-119.71116436810667,config_1
3661,32.839264474130175,-96.75368674302294,config_1
3662,43.67940370025025,-116.30574731491068,config_1
3663,32.94901668065052,-96.62672627936387,config_1
3664,39.523651488771755,-119.944118559993,config_1
3665,36.88972506957276,-116.7594930515303,config_1
3666,34.06820311472874,-106.89460381311332,config_1
3667,36.173609218805915,-115.16841620828917,config_1
3668,38.37743152915451,-97.489799871834,config_1
3669,43.74367953862341,-124.13824438521874,config_1
3670,38.501512036354924,-100.49804080284459,config_1
3671,38.352802654054386,-97.92444203325374,config_1
3672,41.5013540532655,-109.99992460327901,config_1
3673,39.19701888964527,-119.9279744510809,config_1
3674,29.468851827245874,-98.51497307275154,config_1
3675,39.680135766011176,-97.07081210466525,config_1
3676,37.715094935424545,-100.12923311125273,config_1
3677,36.2791820015428,-115.00254930415102,config_1
3678,45.5130847648783,-122.88825483826191,config_1
3679,45.78883499796394,-108.51616721746605,config_1
3680,44.674055400295,-111.41073805375777,config_1
3681,29.8753741785128,-95.32698804832201,config_1
3682,36.39754059891922,-97.50504108662629,config_1
3683,45.06244815026937,-110.74632646243376,config_1
3684,32.91764847130175,-96.7168699319918,config_1
3685,39.01198568400994,-94.56589778288144,config_1
3686,43.72062737258857,-121.47170988032275,config_1
3687,41.32145842691322,-96.128802762643,config_1
3688,35.53956503310356,-97.50326990292685,config_1
3689,38.07170772238569,-97.93412070349615,config_1
3690,41.259292519802166,-105.46140671410768,config_1
3691,32.03083432939845,-96.44884091725643,config_1
3692,34.2956678056467,-95.98186238807766,config_1
3693,48.35566648258881,-114.18178686635237,config_1
3694,34.66608677264234,-94.98336510924283,config_1
3695,36.89070803375119,-107.00566077663726,config_1
3696,37.71948887378245,-97.20739925621592,config_1
3697,33.61620332336931,-107.13920880742549,config_1
3698,36.06620236553802,-115.2332244864609,config_1
3699,32.81746780317185,-96.87574526421389,config_1
3700,33.03344473370517,-96.70046517302575,config_1
3701,36.75005441706131,-116.94447236535153,config_1
3702,34.475119014649266,-97.13622164375951,config_1
3703,44.36120879896289,-121.14863496660936,config_1
3704,30.332818514395058,-97.79626227499911,config_1
3705,30.322894559473,-97.9377401200739,config_1
3706,36.18408736597749,-115.1469852408868,config_1
3707,41.924006643653996,-111.39417171845736,config_1
3708,46.23326401509162,-111.46681227056247,config_1
3709,40.71962389697954,-96.73140444194169,config_1
3710,32.73921226810754,-97.01383107022836,config_1
3711,32.22698312413549,-106.72681595128834,config_1
3712,32.970812854586455,-96.76408111014815,config_1
3713,34.859321926436586,-96.6126102397259,config_1
3714,45.512433295593766,-122.64192131694865,config_1
3715,44.73525212220077,-110.4854221386738,config_1
3716,29.63127004040401,-95.56266816459693,config_1
3717,45.85344635838322,-111.3458810573453,config_1
3718,41.09629642514033,-96.63763552623577,config_1
3719,45.41535121545808,-111.2289798759804,config_1
3720,34.28028394619691,-95.94512538318054,config_1
3721,45.743506054421005,-108.61231385278654,config_1
3722,38.910498776119375,-94.75697493934413,config_1
3723,35.44158030147294,-97.34798798720848,config_1
3724,47.540280185878146,-113.72302293533482,config_1
3725,32.35086862084627,-99.76056740583525,config_1
3726,30.250539816006466,-97.6933884863825,config_1
3727,35.90760513534323,-97.34631406112761,config_1
3728,32.08018477660466,-106.79271873698333,config_1
3729,38.90347961985172,-95.20225175077087,config_1
3730,30.200360333624058,-97.7836589382359,config_1
3731,30.427331777582214,-97.77051765752597,config_1
3732,41.13501233794196,-96.03219835245068,config_1
3733,35.67037722511958,-105.95867322896976,config_1
3734,34.630701153732204,-97.1683804070363,config_1
3735,37.07139080248039,-106.84161448256222,config_1
3736,34.79896354657463,-96.7496953282944,config_1
3737,34.374952284976935,-96.2300904654744,config_1
3738,45.497185167850866,-122.44649853167286,config_1
3739,45.26723812345847,-109.55957235138382,config_1
3740,39.25002517833415,-119.6277095519946,config_1
3741,48.30890243589795,-115.84438474933043,config_1
3742,43.65251734149514,-116.33875334597656,config_1
3743,38.73515656521084,-95.26705264547631,config_1
3744,45.47696696016868,-122.88749924004146,config_1
3745,39.526800183053055,-119.88649917068982,config_1
3746,35.645674669064825,-106.00368977901026,config_1
3747,43.30672979648774,-109.18733759155877,config_1
3748,32.92830484418907,-96.9998597621667,config_1
3749,36.275813211722486,-115.19854764341204,config_1
3750,38.46753853264212,-96.95812614382226,config_1
3751,44.32143760875942,-116.06270754737929,config_1
3752,34.318100041189005,-96.17018019057404,config_1
3753,32.761854191298106,-96.84806545366487,config_1
3754,32.751152387806016,-99.68473938058732,config_1
3755,35.16757830247789,-97.4361830949827,config_1
3756,30.40297444654613,-97.73297666249314,config_1
3757,41.12667772400163,-95.89506430854215,config_1
3758,35.11194986273325,-106.61998062004125,config_1
3759,46.338751452908376,-111.17793522413876,config_1
3760,46.283414402745,-104.31109986118,config_1
3761,47.04669093635792,-113.3860716021895,config_1
3762,43.68930059879369,-116.3267770103981,config_1
3763,48.449214736686,-116.48038894740222,config_1
3764,39.000165842799035,-95.41008753016483,config_1
3765,43.51638141608419,-121.45459980060838,config_1
3766,45.14190006043073,-122.83992436788648,config_1
3767,48.08619137811085,-115.99216218416994,config_1
3768,36.29908397416473,-115.28448626112201,config_1
3769,44.6453350954414,-110.84817010884643,config_1
3770,45.57117245565264,-122.8402044100072,config_1
3771,30.539317705723665,-97.84197547315848,config_1
3772,43.29704222174008,-111.13310684421789,config_1
3773,47.266250899126995,-111.70747176142311,config_1
3774,39.35162608215056,-101.34889122819835,config_1
3775,36.12010703881664,-115.30818671449514,config_1
3776,43.42057950626729,-116.00920338857813,config_1
3777,30.483543488456966,-97.81890076578642,config_1
3778,43.63870988400708,-116.3755251041345,config_1
3779,36.005794476925665,-115.18606920708278,config_1
3780,30.495852209793522,-97.69352252590312,config_1
3781,42.763665332899706,-120.77447358691545,config_1
3782,33.9898908107255,-96.3332032524665,config_1
3783,39.09217509176724,-95.76308985603175,config_1
3784,32.79126698465546,-96.96199507148934,config_1
3785,32.81039612591807,-96.79946520525297,config_1
3786,45.5427261209034,-122.97073919738763,config_1
3787,38.970450121373325,-94.59332065729834,config_1
3788,36.75803207800909,-95.53360465659692,config_1
3789,40.686504919082864,-99.32335166502747,config_1
3790,41.935569517786604,-111.47641903574267,config_1
3791,35.43309606711052,-95.96495978022215,config_1
3792,43.653441293684914,-116.18885364742785,config_1
3793,45.542645579818135,-122.66832910237167,config_1
3794,46.3715563060882,-109.26498402426998,config_1
3795,48.090938576067224,-116.03145895011603,config_1
3796,32.8434871348078,-97.26210904610281,config_1
3797,45.99545630870137,-112.54910451163265,config_1
3798,36.01941002738358,-115.04539472940105,config_1
3799,42.6443964642347,-108.35312468296262,config_1
3800,48.131341581129384,-115.42696123607907,config_1
3801,36.63134649892949,-116.32548301149188,config_1
3802,32.60714993268719,-98.89930048453789,config_1
3803,36.068604445133424,-115.19750216625286,config_1
3804,32.969333220518436,-96.70926077119499,config_1
3805,34.90399329050857,-96.67712288013371,config_1
3806,46.87670835091957,-113.96061073041288,config_1
3807,43.468344404087865,-116.27434836280776,config_1
3808,38.98731953303886,-95.6044898637114,config_1
3809,37.25975547771953,-98.51504774360198,config_1
3810,36.12968061073425,-115.2832183068503,config_1
3811,47.02308781906537,-114.37550112836438,config_1
3812,39.00590437491082,-119.08814734042296,config_1
3813,38.995618950442314,-94.77502619432653,config_1
3814,39.00355642922026,-96.11560288182442,config_1
3815,34.196340119487004,-97.24515740195329,config_1
3816,36.764221236683184,-108.16594009095024,config_1
3817,41.743782723477366,-96.50102783311549,config_1
3818,33.14650949854418,-97.0708316323068,config_1
3819,34.401975717161775,-96.42450726607146,config_1
3820,35.65664762704151,-97.57831649684445,config_1
3821,45.56174255182564,-122.67835141556522,config_1
3822,30.37429390637489,-97.80549569895412,config_1
3823,41.231972915587725,-96.08076778477735,config_1
3824,41.23249466265729,-98.93562343366357,config_1
3825,36.35013907202877,-95.47688526696766,config_1
3826,34.245435224635614,-96.55331237204678,config_1
3827,38.10649935312841,-117.34873397086237,config_1
3828,37.92886871945,-95.39078170367343,config_1
3829,43.267192407057344,-121.16523878471739,config_1
3830,43.668030180560706,-116.505745366832,config_1
3831,45.84660584376495,-111.67192031928374,config_1
3832,45.41115650373733,-122.57480856802334,config_1
3833,36.0914123423066,-106.13773558322295,config_1
3834,46.57598751345448,-112.22624306971423,config_1
3835,32.87049155892598,-96.84881454755728,config_1
3836,43.0855412491139,-122.11486282156956,config_1
3837,45.30464442617547,-121.7774429836218,config_1
3838,45.094476948575895,-109.06276467564051,config_1
3839,34.412068545007635,-103.21027915471554,config_1
3840,37.75871248898518,-97.4597217445553,config_1
3841,36.18577082183002,-115.2855886141581,config_1
3842,29.90784628291393,-95.55672687209498,config_1
3843,47.58558368149883,-114.11093885221531,config_1
3844,41.20857240791062,-95.95005808226621,config_1
3845,33.13090829151228,-97.02871147242823,config_1
3846,39.21363255857663,-119.22070927602996,config_1
3847,46.49899057231856,-116.39208476230355,config_1
3848,45.555857224687536,-122.59905088706971,config_1
3849,36.27932709797439,-115.29264856508169,config_1
3850,36.1474587530463,-95.85719508695732,config_1
3851,43.70745962849182,-116.48277498325457,config_1
3852,43.58870501175722,-116.17142779420442,config_1
3853,39.15757207783798,-119.74804388981923,config_1
3854,32.905138048545744,-96.79296961161798,config_1
3855,33.00955404442141,-97.05322835792394,config_1
3856,39.447122632564124,-100.8011778890066,config_1
3857,40.922930328681915,-115.6791192799256,config_1
3858,39.67309178358489,-119.70444281783122,config_1
3859,35.67034147487334,-95.27832134301873,config_1
3860,36.07553307423332,-95.9038679154146,config_1
3861,40.68301191816573,-98.96204352482442,config_1
3862,31.63083798092719,-98.14913337975553,config_1
3863,45.491657809635434,-122.59751803503316,config_1
3864,39.517383522779554,-119.6327328305585,config_1
3865,47.79680809025492,-113.82822177866204,config_1
3866,36.09829165592509,-96.02081011524204,config_1
3867,42.61878350271555,-122.70246208969152,config_1
3868,36.25707902948933,-96.96976356217357,config_1
3869,40.06139173078377,-96.44265858825585,config_1
3870,38.91216548192987,-94.64955833231639,config_1
3871,32.80133106699408,-96.98251754847487,config_1
3872,30.147146155043973,-97.65513338836868,config_1
3873,32.72568244601859,-96.86637260142038,config_1
3874,38.9850538549108,-95.27882441075411,config_1
3875,34.49244382060661,-97.40517235978925,config_1
3876,36.09353941715812,-115.08072635036822,config_1
3877,34.79036706361016,-96.68432396315075,config_1
3878,45.49643753827043,-122.54394053451485,config_1
3879,44.74729737353681,-106.9259132230675,config_1
3880,38.247903777964396,-98.296668612999,config_1
3881,43.21002999508713,-121.13278916227294,config_1
3882,32.755126986255476,-96.76754864039029,config_1
3883,42.51294326291655,-107.93857540013714,config_1
3884,40.58357898761088,-98.95177518307287,config_1
3885,30.24667624315739,-97.90243289730553,config_1
3886,45.66575661324822,-108.7668507776807,config_1
3887,34.70314726001913,-97.23548252266299,config_1
3888,36.323002297240556,-115.2092389276672,config_1
3889,34.10002087257136,-96.87381535900873,config_1
3890,36.06150919865866,-115.17855372696519,config_1
3891,42.68238273591683,-97.79922260177295,config_1
3892,36.40831727674851,-117.17392339700879,config_1
3893,46.0812774041232,-112.78297346011918,config_1
3894,43.64165929072426,-116.39357167382359,config_1
3895,33.127791859373275,-96.89461576375018,config_1
3896,36.0170181356627,-115.28679632202464,config_1
3897,42.69786062779547,-108.56516958026228,config_1
3898,32.7314709279402,-96.76329318343251,config_1
3899,36.25793458871847,-115.22776875920898,config_1
3900,45.411995528991234,-122.63735598170048,config_1
3901,48.72799621169479,-116.17978022736318,config_1
3902,34.237479191753664,-96.59696164865416,config_1
3903,36.003057584193115,-96.41664838642036,config_1
3904,39.35122494302437,-96.43503430456028,config_1
3905,38.348880122710206,-94.68285067422336,config_1
3906,45.712421676829855,-121.61721041374877,config_1
3907,36.684747684781435,-117.00650639400563,config_1
3908,34.26330050969238,-96.20920945185212,config_1
3909,33.18156692020395,-97.11552835540402,config_1
3910,46.64855025452925,-113.14461055890723,config_1
3911,43.93264628055977,-121.35034899316713,config_1
3912,39.435361795442596,-119.78204480070511,config_1
3913,43.53315963987617,-116.15710646586751,config_1
3914,34.80975903256414,-97.61691603325406,config_1
3915,38.64244771059464,-119.5435984394423,config_1
3916,39.44484105759969,-119.7607318303766,config_1
3917,35.46006878823231,-115.6286351378169,config_1
3918,39.245671193634394,-119.95262897927316,config_1
3919,36.23679365643746,-96.93007503860146,config_1
3920,42.51424542565166,-122.08896199792741,config_1
3921,43.412491379655734,-121.83316113486134,config_1
3922,42.97819090164653,-122.14343427003779,config_1
3923,44.71824683637912,-110.66603967909366,config_1
3924,42.98118366797454,-120.77985867818465,config_1
3925,41.2958727814455,-96.12570631405066,config_1
3926,41.19569430240071,-96.0437052431271,config_1
3927,43.84284086734029,-111.778146946509,config_1
3928,29.922412603150196,-97.89881170710277,config_1
3929,39.27404093401136,-94.8257837227452,config_1
3930,34.510125334681646,-96.39138322169373,config_1
3931,47.48598349439554,-111.30145419088521,config_1
3932,39.32417051453342,-94.86221056628597,config_1
3933,40.82098479439646,-96.86005775713556,config_1
3934,35.19271202025341,-108.64438764104358,config_1
3935,45.72454268011998,-121.52324768339115,config_1
3936,32.5542388951315,-97.33628304104593,config_1
3937,44.38155240672783,-121.18361217493008,config_1
3938,40.08786350201418,-99.37102426182282,config_1
3939,44.74572056238001,-116.07694129916032,config_1
3940,45.54041350336372,-122.43584818616206,config_1
3941,29.78202530222633,-94.90954409949109,config_1
3942,42.2488797292486,-124.38801362321101,config_1
3943,43.58915861564103,-116.32635966888064,config_1
3944,38.42114398905534,-96.38564297664786,config_1
3945,47.01221895451045,-114.55064939798272,config_1
3946,33.94034326519309,-97.38463429939237,config_1
3947,41.543049757108285,-109.83904004047861,config_1
3948,35.38791433318151,-97.55347095099638,config_1
3949,33.58425384714859,-101.7721817565195,config_1
3950,39.29754528100891,-119.92152848997061,config_1
3951,43.21363974059709,-111.06319848371959,config_1
3952,48.325982589721356,-116.39114120780874,config_1
3953,37.472273142936245,-94.63071201697826,config_1
3954,32.80648783680551,-96.57761825009288,config_1
3955,42.977475749233115,-123.31977727234623,config_1
3956,37.1568294473486,-95.57793858595946,config_1
3957,45.98587003850125,-123.92481791540585,config_1
3958,42.093595341784535,-97.31817270110176,config_1
3959,46.31453862893025,-114.0508447331552,config_1
3960,42.550725738125436,-120.30746294693617,config_1
3961,43.72712623949708,-116.35584967213839,config_1
3962,39.79029792595593,-98.96930685305868,config_1
3963,34.65655440966308,-97.36917989441459,config_1
3964,44.10707552465545,-123.2087842432389,config_1
3965,38.97327625569109,-119.88038558288818,config_1
3966,33.084394770275004,-96.14161869293741,config_1
3967,47.65405141828387,-116.72826742711017,config_1
3968,45.365920515472666,-111.17412877124532,config_1
3969,40.81299980846945,-96.7043151108694,config_1
3970,43.71947702352229,-116.48286026143501,config_1
3971,41.287032137519304,-98.89783883522684,config_1
3972,44.771295350770664,-108.50974908793582,config_1
3973,41.264502406973,-98.92416061757095,config_1
3974,35.62079351724607,-106.02149891121265,config_1
3975,35.503401181038335,-97.52648846455239,config_1
3976,36.30922071410413,-115.24998589375373,config_1
3977,39.61926617995635,-119.85401984596196,config_1
3978,45.49842588875216,-111.26584047249216,config_1
3979,42.26832707243144,-120.34685265158963,config_1
3980,36.614993307891545,-116.2807903361109,config_1
3981,35.0323701669085,-106.69501484998314,config_1
3982,32.25798855693942,-109.196152581075,config_1
3983,34.2506037884563,-96.933993462154,config_1
3984,39.57557646981807,-119.7224923920236,config_1
3985,44.96623311600653,-122.90134707641982,config_1
3986,34.68095212906158,-105.10127545596373,config_1
3987,34.22605484073792,-97.14326508673592,config_1
3988,36.25964579839076,-115.17945983365664,config_1
3989,43.16377128890463,-108.94611088298936,config_1
3990,36.22256205392614,-115.28576126675542,config_1
3991,44.993022134369376,-109.42108243730377,config_1
3992,38.24333229096784,-94.68708459988683,config_1
3993,30.484330148365945,-97.65622173927,config_1
3994,46.012813483340985,-112.69147904148265,config_1
3995,34.6084853966867,-96.38423318143718,config_1
3996,43.579975192890245,-116.272683278882,config_1
3997,45.45844094035599,-122.6543226270688,config_1
3998,41.05275835792904,-104.89108506520665,config_1
