cell_id_token,center_latitude,center_longitude,config_name
0,43.70656904574246,-121.27697695037045,config_1
1,34.80304973168777,-97.17631953902963,config_1
2,39.83301241542778,-120.03818342643292,config_1
3,39.07933838182281,-95.47252129841158,config_1
4,46.83480629647959,-113.82381619996534,config_1
5,36.174440600266735,-115.23606670103331,config_1
6,30.229826152311425,-97.84554869959013,config_1
7,35.388201191777384,-97.55132233537022,config_1
8,43.59135656443358,-116.23294428287133,config_1
9,39.51994923457655,-119.80811310587096,config_1
10,45.78787211978325,-108.55825112612709,config_1
11,36.1318748481596,-115.30286913348306,config_1
12,32.85551871080127,-97.08954643999891,config_1
13,45.50816131370554,-122.63881560865944,config_1
14,41.17619678049954,-104.85628090005098,config_1
15,29.577208644617475,-98.61962030323998,config_1
16,37.97904877691626,-98.02974897734562,config_1
17,44.480721702676384,-110.85258515527683,config_1
18,42.11963982870348,-112.21160280082304,config_1
19,36.49752069191877,-95.92318102197922,config_1
20,41.101737656188035,-96.26035954177225,config_1
21,39.453474444750704,-100.78932206951404,config_1
22,36.1716768669402,-115.17588246759112,config_1
23,35.00334388583969,-106.67560428779424,config_1
24,39.22468517895348,-114.88733899405258,config_1
25,33.16801931440673,-97.53121140299749,config_1
26,45.62502053199318,-111.73306496273399,config_1
27,32.45549694227288,-99.73062357860174,config_1
28,42.68888275332919,-123.35691352319775,config_1
29,34.355844558984316,-103.11277545219636,config_1
30,34.504749188784956,-96.33208823969844,config_1
31,30.43075352135987,-97.76365450783659,config_1
32,41.965376678660434,-113.02951638995515,config_1
33,37.90492968643273,-95.11602151496142,config_1
34,48.70157939816725,-113.50028734760699,config_1
35,36.65122198423712,-117.0279836977756,config_1
36,36.918310652288866,-109.10248040090349,config_1
37,44.991478183870356,-122.79440486122407,config_1
38,42.93212755051044,-110.07617195810161,config_1
39,36.97760501368259,-97.34425851617085,config_1
40,44.16788390920802,-123.30679403815134,config_1
41,42.430906455587596,-120.2864556612382,config_1
42,48.166962514799934,-116.20618488670264,config_1
43,45.73639507259377,-109.74012852329184,config_1
44,39.028160862523244,-96.63651960526064,config_1
45,41.14264058570747,-95.8958294943117,config_1
46,38.73604382691663,-115.47138879897126,config_1
47,45.95340097275982,-119.35171833882347,config_1
48,46.40892916710731,-116.7462834288113,config_1
49,41.92627528638528,-96.80830662460515,config_1
50,36.227068738832266,-115.25452747154587,config_1
51,32.46416587652745,-94.64197453284174,config_1
52,48.37206873703949,-107.29063221262334,config_1
53,35.639918963707295,-94.9608333407353,config_1
54,35.23669789602867,-97.44977011399368,config_1
55,41.33049978742506,-106.42002157273723,config_1
56,39.364731874211245,-97.63067730779849,config_1
57,40.87627892455413,-115.7302141419735,config_1
58,34.29877212404354,-108.12982340588,config_1
59,46.980887781481854,-114.455591237775,config_1
60,37.69418515673495,-100.16283882652158,config_1
61,44.496290854139126,-124.07452958472044,config_1
62,46.26942035857791,-112.127979541055,config_1
63,44.89645010487449,-116.1094673943112,config_1
64,37.056668669550106,-95.6072805129312,config_1
65,35.95418990895762,-106.03142032688415,config_1
66,34.03131235596751,-96.76543770947572,config_1
67,48.08225600704582,-114.07270519536343,config_1
68,36.123917356440764,-115.143367958494,config_1
69,39.04294353650236,-94.5922182975376,config_1
70,44.03705246796554,-121.46817139827232,config_1
71,38.361469737163326,-118.10567783221623,config_1
72,45.41809955458488,-123.80813630459512,config_1
73,46.00641927647462,-119.25031577811235,config_1
74,39.563042464286085,-119.78249338289997,config_1
75,36.928158816334964,-104.452411547593,config_1
76,32.43230975877009,-104.23422677838998,config_1
77,36.21407426432029,-105.90038228649428,config_1
78,40.73553761893507,-100.17455597336892,config_1
79,47.40825966704244,-115.50418279713335,config_1
80,37.73009394142933,-97.24629086698566,config_1
81,45.438015551230535,-105.41730124203353,config_1
82,35.87202832155474,-97.41424932595507,config_1
83,35.19271202025341,-108.64438764104358,config_1
84,32.76725854933021,-96.57817849155607,config_1
85,36.0886301725432,-96.0838311289297,config_1
86,46.19889349454679,-123.86349618575807,config_1
87,36.188747836905456,-115.12829151637972,config_1
88,44.91042730877943,-111.76870875411586,config_1
89,41.4799960688747,-110.02035191508224,config_1
90,37.977041823533,-100.82634775283334,config_1
91,45.271363355076765,-109.21627538197714,config_1
92,34.66527616685799,-96.78789847674379,config_1
93,43.18398177658665,-124.3663392344586,config_1
94,39.56975077146503,-95.37171681190775,config_1
95,39.009010259769624,-94.5622805427783,config_1
96,44.37049126190331,-121.21179253216673,config_1
97,35.55012701392906,-97.48605753443964,config_1
98,42.39273265323713,-122.89997321604424,config_1
99,40.51848451771426,-119.33746476667935,config_1
100,31.972310683664706,-97.07759729436222,config_1
101,35.23577121418112,-103.56216507706883,config_1
102,39.34484202149812,-119.86205407478128,config_1
103,30.15247936034295,-97.54189879950242,config_1
104,36.47486231970625,-95.29246542460747,config_1
105,46.84896405643492,-110.71828125058,config_1
106,33.96673380810345,-104.58105888967349,config_1
107,38.997507637336255,-98.14356344831918,config_1
108,43.64034481899265,-116.34100507718725,config_1
109,43.080795466145396,-122.12155376568356,config_1
110,43.363398324279984,-109.27763599507777,config_1
111,35.456796960351156,-95.42658859250237,config_1
112,43.50799528596709,-121.44961987889337,config_1
113,48.08246090448648,-115.15099793386517,config_1
114,47.16249531891687,-113.45497038823646,config_1
115,37.18404169076696,-94.88121083273388,config_1
116,31.204307676020832,-98.31790784804782,config_1
117,40.687278339430435,-98.93707402517143,config_1
118,39.76071856446637,-101.89962825076154,config_1
119,48.03818217189751,-114.82486752544379,config_1
120,35.75885693950155,-105.85967465086914,config_1
121,35.216603435562305,-96.67690531652629,config_1
122,38.9916243550999,-95.47362279026564,config_1
123,34.387991518957236,-103.19372968413069,config_1
124,46.019800994322495,-112.69949979432114,config_1
125,36.52317847804314,-114.71617828246535,config_1
126,40.818028481628275,-97.35882430337342,config_1
127,33.37441521827335,-94.04401206868383,config_1
128,43.50863213149339,-112.01750813119617,config_1
129,45.43212907129407,-122.65911456785874,config_1
130,38.46996692967953,-95.26445629740824,config_1
131,30.202251896118373,-97.78044991968467,config_1
132,44.82068811812345,-110.44160544528,config_1
133,39.67046743054596,-119.32683999460525,config_1
134,38.23384263611469,-96.74675216647259,config_1
135,45.38343654095689,-122.59915649352853,config_1
136,39.90466708811179,-96.59749642356515,config_1
137,43.62168322444054,-116.27395392790959,config_1
138,41.10983715583041,-104.07620951146964,config_1
139,40.482538241334275,-98.99293723867532,config_1
140,45.29336030206155,-111.69034147976907,config_1
141,30.093337968045915,-103.70244474423278,config_1
142,44.1249675668145,-116.10200937385127,config_1
143,34.184427339640294,-97.15182614655006,config_1
144,37.38694733455876,-117.13736846704631,config_1
145,44.44155273036612,-117.33495450574526,config_1
146,36.22463753627118,-96.7084285932038,config_1
147,39.045823067317215,-113.90142435747205,config_1
148,35.08653929223388,-101.67467248034654,config_1
149,39.14906161572649,-119.75232741993379,config_1
150,45.6163008564303,-111.19516427998133,config_1
151,35.07473602007796,-107.61533522848342,config_1
152,41.10533076657626,-96.63544239238554,config_1
153,45.52376632318298,-122.90629126675736,config_1
154,43.836274467864435,-110.44235564287261,config_1
155,34.18779244103758,-96.5818828869915,config_1
156,36.48464808519691,-116.41909739723535,config_1
157,41.65535607959031,-108.68827132888794,config_1
158,41.14796499841827,-95.92191005985246,config_1
159,31.22025820659475,-99.96452432120276,config_1
160,34.58692628910804,-96.63385021736008,config_1
161,43.70637824073355,-116.47130011427501,config_1
162,40.84223946574052,-96.60511972457232,config_1
163,39.531187321496404,-97.71801033362999,config_1
164,36.447331611287574,-108.01187278092642,config_1
165,37.20346853715648,-98.40825620396139,config_1
166,37.07781839001121,-101.72996407006643,config_1
167,45.64191669265945,-110.5833806547611,config_1
168,44.451393744963944,-107.72188907520142,config_1
169,33.210816211515265,-96.6567948701469,config_1
170,45.01169651993452,-108.26404595206826,config_1
171,33.76546869849261,-107.02573255168693,config_1
172,42.99740932421294,-100.58014506142531,config_1
173,32.579059180111685,-102.7261534317375,config_1
174,46.660814392931215,-113.17429927143435,config_1
175,43.23827987619528,-123.31682591919746,config_1
176,43.48250131835792,-114.27519424874448,config_1
177,45.36862167360956,-121.57687518797931,config_1
178,36.03542735437927,-115.03412383316066,config_1
179,34.99701872778705,-95.7199370697847,config_1
180,43.19004317684153,-111.03066730649427,config_1
181,35.35705564889353,-96.67157691248468,config_1
182,44.79728918237565,-111.1415193130344,config_1
183,48.50465927539983,-113.96436438197262,config_1
184,44.85487345059832,-122.78970649219191,config_1
185,37.83699572506508,-96.05367245383954,config_1
186,29.666142627061788,-95.52410332200388,config_1
187,41.382052751513434,-97.6996222157489,config_1
188,32.95048657457124,-96.95645000089664,config_1
189,32.799986416221614,-96.87997209828737,config_1
190,32.086336350716195,-96.44115013854092,config_1
191,32.0177285015493,-98.01757007994674,config_1
192,46.072585120195164,-116.33585331209872,config_1
193,47.38119854941721,-111.48972810942895,config_1
194,41.945874769453276,-111.40884051330053,config_1
195,45.20154609516667,-123.95233284774568,config_1
196,41.49725757500179,-96.15537274717258,config_1
197,32.732910931414,-96.64660662305167,config_1
198,38.50686977090676,-96.19587404234193,config_1
199,46.02641542916632,-123.9219367561326,config_1
200,43.3938117506328,-111.26803850506779,config_1
201,43.59815021469634,-110.81723476632426,config_1
202,46.175798515150134,-111.45917116974961,config_1
203,37.53405565558849,-95.26819193134263,config_1
204,35.85872919641361,-94.99396702007988,config_1
205,42.459039651523064,-112.19555342637744,config_1
206,48.5407736648276,-113.30670442230749,config_1
207,47.86521885122639,-113.84267781881242,config_1
208,39.32404272699236,-94.93494051390721,config_1
209,38.216875815320236,-116.36170785765411,config_1
210,30.677738175024,-93.98448590778524,config_1
211,36.81035537487836,-94.87587697224522,config_1
212,36.41648265179141,-97.62340384651405,config_1
213,44.1508339330291,-124.11800302840007,config_1
214,48.42460259235014,-115.83075542814207,config_1
215,38.36675836816605,-97.34745642468293,config_1
216,36.399910192993104,-106.4794819582042,config_1
217,43.24195525544802,-108.02093457660447,config_1
218,41.10327785279364,-101.77119225369267,config_1
219,33.25701383990144,-103.29361018256667,config_1
220,29.06528458621005,-96.25431199893724,config_1
221,39.59439030144296,-119.73388227208314,config_1
222,35.096805816340094,-95.69183087193039,config_1
223,30.108346423144546,-97.31457281333279,config_1
224,36.02759358782614,-108.86747908515257,config_1
225,41.73400862092753,-106.81846908557785,config_1
226,40.33179148386295,-98.44618519015198,config_1
227,35.2391131221944,-95.50080864042377,config_1
228,35.191976502812054,-114.51548001601044,config_1
229,46.71638998059691,-116.99340318878883,config_1
230,33.22770833992024,-97.14878296990588,config_1
231,38.8931021539373,-94.75793094734122,config_1
232,32.88779244499192,-96.85433068985232,config_1
233,45.13855380482667,-111.67077540803626,config_1
234,33.0887194261185,-96.06339873105125,config_1
235,37.84422285917091,-95.41497464394973,config_1
236,42.37395684423549,-111.05117988102475,config_1
237,38.402781877312314,-94.68734994965153,config_1
238,36.529058957726974,-105.5663499623483,config_1
239,34.69991812029559,-96.62764878660327,config_1
240,28.813861026270846,-98.35489835885897,config_1
241,43.69631853894817,-109.98043782943387,config_1
242,43.729502358284634,-116.3836475614393,config_1
243,39.74566009173589,-119.89041436692746,config_1
244,45.58934020010332,-123.00153883241228,config_1
245,37.287369328030394,-97.36318201221013,config_1
246,34.570624124995206,-97.17887715348435,config_1
247,42.01560953773765,-96.44187870115549,config_1
248,42.506502777440815,-110.92199375923978,config_1
249,38.94552015813538,-101.6753180007684,config_1
250,32.84017069894431,-97.37494893516485,config_1
251,35.52942993282014,-98.58371747454184,config_1
252,39.24171771167519,-96.572363323604,config_1
253,45.25938924814555,-116.3314976184025,config_1
254,36.895969761643066,-106.59163162542576,config_1
255,42.50157237786772,-107.86645053311459,config_1
256,34.41294427184577,-103.18120927474482,config_1
257,32.539289761581614,-107.47098922255095,config_1
258,38.96358792434877,-95.24350076394997,config_1
259,41.26360878190141,-98.92597486869309,config_1
260,45.4533320509661,-122.70355014258946,config_1
261,48.276674403454635,-116.53773620230146,config_1
262,36.71914599107342,-95.92711177808305,config_1
263,36.27598553063437,-115.27202590532622,config_1
264,45.551054738812056,-122.95030575553344,config_1
265,43.13397134935741,-121.05878560250048,config_1
266,34.1391268612118,-96.27825703961764,config_1
267,39.80964102044627,-95.72348559515734,config_1
268,35.31122673366568,-105.8301883986061,config_1
269,46.050796208249125,-111.55900203507005,config_1
270,44.046336241225774,-121.32410584594594,config_1
271,45.52568382195052,-122.99514456500526,config_1
272,41.2012356694424,-114.61573066595085,config_1
273,43.54444309946836,-110.87403067586055,config_1
274,35.725684027792965,-96.39916938006466,config_1
275,42.89834868753835,-108.7814974058727,config_1
276,43.7244011478932,-116.24488419707144,config_1
277,43.509368124405704,-116.84818995258448,config_1
278,34.43866582986624,-103.17825184818354,config_1
279,29.58825225742613,-98.24967759139926,config_1
280,38.59173385436584,-94.6929975502612,config_1
281,42.635830671769455,-114.4051752241763,config_1
282,35.99173423177278,-95.36775170359638,config_1
283,31.639820286778573,-106.34574726529712,config_1
284,37.64830367247929,-97.59654101996514,config_1
285,40.66660086753404,-98.74447317138277,config_1
286,37.281571123947444,-99.1131077541609,config_1
287,42.75891984829331,-105.41301800138173,config_1
288,43.135334899195115,-121.80929603884553,config_1
289,42.5581194066738,-121.99782067959914,config_1
290,44.66163705338575,-111.08985233143981,config_1
291,45.282912409281764,-111.22628919426,config_1
292,36.142917574276886,-95.77629397825967,config_1
293,47.268956401856414,-117.11612519525707,config_1
294,43.42345026459816,-121.78205089066392,config_1
295,40.87025177491223,-110.83798643201612,config_1
296,37.67477838140519,-96.43965307418051,config_1
297,47.51628023465729,-116.03056050596288,config_1
298,45.533850784363565,-121.58631161832392,config_1
299,38.884502380999905,-95.4837808177507,config_1
300,43.81321066591746,-111.78689271671692,config_1
301,43.56929559840915,-116.46512179298594,config_1
302,34.896562458199654,-96.67710846900492,config_1
303,45.55134232263517,-122.53509304644615,config_1
304,44.7851479977785,-110.452705851685,config_1
305,36.29210563669806,-115.32023771610102,config_1
306,34.990378067275984,-105.2742002926443,config_1
307,45.69904533954854,-109.50250651395454,config_1
308,48.603825495324,-116.00925405998501,config_1
309,29.108475407450648,-100.05272967510732,config_1
310,37.698994311377106,-94.71217031188807,config_1
311,39.59779414586872,-94.78864490818829,config_1
312,36.04450846179547,-115.22696116499162,config_1
313,39.53787215459557,-119.78566071460396,config_1
314,34.27188925911872,-96.55897662335413,config_1
315,34.4526340775957,-104.22006295575352,config_1
316,38.419405180667944,-96.15280172285019,config_1
317,30.538198751534704,-98.55047628230459,config_1
318,38.8200296063542,-97.63475226073636,config_1
319,34.308474262336986,-98.05762354339305,config_1
320,33.92643837972922,-97.33387848088284,config_1
321,32.901400727794645,-96.94911409919281,config_1
322,45.46276168764606,-122.63961215176647,config_1
323,38.15911128194081,-97.47772005777891,config_1
324,44.72058291826204,-110.66764845211245,config_1
325,48.10481042551018,-115.80415606519256,config_1
326,41.20717728410267,-96.01215170403421,config_1
327,44.77692053145979,-106.93883060961294,config_1
328,44.420028394916166,-121.76450532533096,config_1
329,35.47002847572718,-115.52094320840956,config_1
330,37.10078192919357,-96.49314306141596,config_1
331,46.22267251533863,-113.24174210003235,config_1
332,41.00054040040426,-102.92934610762629,config_1
333,43.94707159468482,-117.31528880742688,config_1
334,45.45941305384053,-108.94474322353965,config_1
335,43.36885723978862,-110.73510059761564,config_1
336,47.89633396654872,-112.20675023356559,config_1
337,39.394664718635426,-97.08901332452349,config_1
338,40.53759693076078,-101.86449232671178,config_1
339,37.08628644757386,-100.85260212385398,config_1
340,36.70404009234349,-108.1007017403758,config_1
341,39.30651763928801,-119.5497874815604,config_1
342,40.633785803843296,-96.12059443864307,config_1
343,37.9381241114974,-95.36271828680263,config_1
344,35.47280600732256,-105.27666442257566,config_1
345,40.4408952858447,-99.38167849918437,config_1
346,32.95100786466167,-96.76999975861195,config_1
347,42.97215809048185,-117.16316563114869,config_1
348,31.460557804865804,-97.11481506716913,config_1
349,34.951405254250226,-104.67122277407304,config_1
350,43.89785662184223,-124.11788911040276,config_1
351,38.779248978557725,-118.76339896288762,config_1
352,41.67734425290804,-107.99288479804525,config_1
353,30.647394034158534,-97.66690573346264,config_1
354,45.15107198877287,-123.95735607316053,config_1
355,34.090289041331715,-105.6455305815615,config_1
356,46.88519005421795,-114.02276557615694,config_1
357,46.81911597496064,-112.84622306469008,config_1
358,33.99766852406818,-96.47064736153094,config_1
359,44.7838644699206,-121.29864801712604,config_1
360,36.470948020962,-117.21391602438626,config_1
361,33.32851394594286,-97.00557493483892,config_1
362,37.55448826353957,-99.3035558245429,config_1
363,48.60270150398514,-114.13770771143001,config_1
364,32.477140819203,-94.10150495123966,config_1
365,31.817830826943165,-109.04427462873167,config_1
366,39.509893212792,-119.77971443218408,config_1
367,45.174983851064006,-113.89234880612332,config_1
368,39.51468942557813,-100.58603559496134,config_1
369,39.401289250040584,-115.70885211225429,config_1
370,45.50064793469097,-122.72882678640445,config_1
371,40.08119280474625,-96.5405572431677,config_1
372,34.81847951045332,-96.66082792763812,config_1
373,36.129431451832744,-97.09383913965013,config_1
374,35.621531480628384,-106.74789675973736,config_1
375,29.750823175436928,-95.60270553131399,config_1
376,45.501640534626624,-122.95689386833155,config_1
377,39.4854705394408,-98.63362347517295,config_1
378,43.41702775945442,-110.77083107711807,config_1
379,44.57429399480251,-116.03507039154458,config_1
380,35.836273516600855,-114.57042238003666,config_1
381,41.542934834742795,-96.49971007316714,config_1
382,45.45524531746692,-122.80466065115971,config_1
383,29.969738617959592,-98.52874907970268,config_1
384,32.751707655769664,-96.97028466906423,config_1
385,34.332534887216454,-96.05936820575187,config_1
386,36.25278039770489,-116.75782746654552,config_1
387,36.14880321223425,-104.68324034563715,config_1
388,40.76969247293198,-96.98676679027975,config_1
389,45.8840156271089,-116.19932867158938,config_1
390,45.05316849068801,-120.96913783269717,config_1
391,34.17468203584982,-96.83604466482939,config_1
392,36.95604768202917,-116.73266804268724,config_1
393,39.05362014212172,-96.31976749337909,config_1
394,36.16113220368405,-115.08178025178591,config_1
395,37.19572376234673,-95.45280002879109,config_1
396,43.47518845632947,-116.26620980855962,config_1
397,47.03617574061948,-113.29359011231523,config_1
398,46.475698368238916,-109.73849658308586,config_1
399,32.291281051552254,-108.86105839747749,config_1
400,36.31674461707405,-115.29581872068857,config_1
401,35.310494847615864,-96.67112237314313,config_1
402,32.96020323143314,-96.82341807204661,config_1
403,29.391747099915435,-94.71143798026564,config_1
404,34.493185266309645,-97.14316795886917,config_1
405,45.48318047462167,-122.57782137719336,config_1
406,34.54024517961596,-103.18912779040618,config_1
407,35.96865142146952,-95.65453022068948,config_1
408,43.47387102875098,-113.52250882460538,config_1
409,47.501294503836995,-113.68714509710057,config_1
410,44.081403282637396,-123.16709246770863,config_1
411,40.85201224925893,-100.75126148985599,config_1
412,41.555881690821664,-106.11560080480959,config_1
413,46.7468859485119,-112.69403312422946,config_1
414,36.12889245064463,-115.33531885410967,config_1
415,34.83288071740265,-97.59041767177295,config_1
416,35.42624745753659,-96.24037132463899,config_1
417,41.18139895784772,-96.05121796976567,config_1
418,30.28933647840145,-97.64584269858491,config_1
419,48.068107215104455,-114.67995939861437,config_1
420,36.27430861964713,-115.18949203719386,config_1
421,33.05846554155359,-97.02424406242874,config_1
422,43.60586586728695,-116.17400044840966,config_1
423,43.905842385303416,-114.71746968351762,config_1
424,45.53582723858584,-122.4335355325187,config_1
425,34.872578481992726,-95.17918056480639,config_1
426,31.051481049371638,-96.69992577133517,config_1
427,32.263335062790894,-109.21535390297213,config_1
428,34.173125110393215,-97.34123814539483,config_1
429,34.70563515431225,-108.01912230453195,config_1
430,37.4738720864527,-94.8414462717305,config_1
431,44.982124784102794,-110.03529319576585,config_1
432,38.88105479097085,-119.6927861675211,config_1
433,46.499957360601634,-116.47007332966804,config_1
434,41.12921058819122,-96.07000829769814,config_1
435,35.43883756507679,-97.35312587237807,config_1
436,40.91928308560027,-98.3340498690972,config_1
437,38.408610333297396,-95.76980902249409,config_1
438,34.17298677426474,-97.41732419682009,config_1
439,36.72617536595353,-97.07351399397517,config_1
440,32.97480359112073,-97.24664308480823,config_1
441,38.052803210865065,-102.09651654696066,config_1
442,45.45309233041046,-109.45502132691593,config_1
443,35.398851126482334,-106.35384760861851,config_1
444,39.06529490623816,-96.56400437238432,config_1
445,46.28889556724707,-109.101533965551,config_1
446,30.324578088012117,-98.04996715068683,config_1
447,33.303950240036,-96.58079514901132,config_1
448,45.708672462325424,-121.54722685083946,config_1
449,47.73559132176848,-114.16312882803156,config_1
450,46.478012599161765,-111.26485395894912,config_1
451,48.27991476648696,-113.6035130199108,config_1
452,43.22498638121518,-111.07921936099719,config_1
453,39.30994991730981,-119.90795956252207,config_1
454,45.52195491823712,-110.21522287726326,config_1
455,34.63585721968501,-103.4216611165816,config_1
456,38.00264929865973,-96.68525286570093,config_1
457,34.626061123461,-96.84093223326032,config_1
458,43.4689087196994,-116.35455433588801,config_1
459,36.36234239532101,-95.50059284611032,config_1
460,43.57352374350753,-116.15456207721624,config_1
461,45.21353995466229,-108.80818663871237,config_1
462,39.61858493679879,-119.29136622169328,config_1
463,46.57234242943644,-111.83197477682013,config_1
464,44.90551823808786,-110.38362419241193,config_1
465,40.61101260066695,-98.10521701717427,config_1
466,41.05829102181724,-102.52625907520623,config_1
467,36.04212277456416,-95.70518772878773,config_1
468,44.68949983637283,-117.68843823064937,config_1
469,41.114202982403874,-105.53581026143605,config_1
470,44.19011506225115,-110.65937501315348,config_1
471,39.28497919170326,-95.69294244403395,config_1
472,32.315819070851674,-96.8687000607002,config_1
473,41.19121095100885,-106.8131869882627,config_1
474,42.890982896238626,-122.12257274618484,config_1
475,46.74590787718464,-117.005199811674,config_1
476,36.635456831678106,-95.13599645860155,config_1
477,32.691991423583445,-97.55261447973174,config_1
478,44.80742187506044,-123.05222920867432,config_1
479,35.37325592374801,-108.06748629923189,config_1
480,32.19941284125528,-106.71180064631713,config_1
481,45.53318441491387,-123.0748424893214,config_1
482,40.20299927723671,-97.53805147827663,config_1
483,43.452810794054635,-121.35160006663223,config_1
484,45.70851934737193,-110.49013670233938,config_1
485,36.14593844183484,-95.9507644674094,config_1
486,41.82500097378442,-96.07599863522192,config_1
487,44.99459745922574,-110.70879100640015,config_1
488,39.821463977318146,-99.97155094198095,config_1
489,36.206359934016135,-106.83851044810983,config_1
490,42.74131546615736,-120.72531886424308,config_1
491,35.99581899011506,-96.46827981404292,config_1
492,42.967177997370925,-123.31446967630306,config_1
493,48.06356627490471,-115.25971850497139,config_1
494,39.06960489273372,-100.27472644136266,config_1
495,35.482366559699216,-97.3456623743444,config_1
496,40.11590417635587,-98.90760046902489,config_1
497,41.0755276769,-98.7283566298983,config_1
498,32.862930182592144,-97.56071676222479,config_1
499,47.37178076179688,-113.61247094619755,config_1
500,37.76803243280256,-98.46018467826612,config_1
501,29.6919756987518,-98.4923920094147,config_1
502,38.81096676541185,-95.26182880031087,config_1
503,36.75375288576974,-114.37124679846126,config_1
504,35.5276537518032,-108.79943473302349,config_1
505,45.708246528209614,-111.07381078364008,config_1
506,45.58728886542877,-123.93904356875458,config_1
507,41.60167709650057,-109.25882813303615,config_1
508,36.01731514780753,-115.08094770358915,config_1
509,43.27146335794206,-124.34203024072718,config_1
510,41.43105771918243,-96.51758489921129,config_1
511,42.54035604501256,-97.72442496577465,config_1
512,48.04952931794921,-116.64695647385257,config_1
513,36.06010958968899,-95.85639773177178,config_1
514,39.415842584217444,-99.43039649422039,config_1
515,36.14115328686487,-95.9974641547332,config_1
516,31.44597898983942,-100.46213086857767,config_1
517,31.74128314365445,-96.20623283521654,config_1
518,36.12269797589951,-115.17901303371174,config_1
519,44.496334784996,-106.80101661800332,config_1
520,32.49222538199407,-95.63917221882474,config_1
521,33.81827267152624,-109.07021170963692,config_1
522,41.81670514100885,-113.27868361122455,config_1
523,34.99407588101073,-96.91274189323808,config_1
524,42.47076708015647,-96.44212398959004,config_1
525,45.53421225508988,-122.69595985122464,config_1
526,46.563930392282025,-112.44672765991086,config_1
527,39.120791024934455,-94.88530718846486,config_1
528,43.679144596248676,-116.30121620732328,config_1
529,34.341171701360246,-97.15187836130208,config_1
530,47.58700869307594,-116.47161885543406,config_1
531,39.94608106085254,-101.54151067538625,config_1
532,34.96666554575854,-96.77213043025154,config_1
533,32.828871009717545,-96.68478724924955,config_1
534,39.514561557560874,-96.3136725267925,config_1
535,43.37049231085416,-121.20686055261008,config_1
536,36.0558426607524,-95.89942612270204,config_1
537,30.381463354575576,-97.92759101369684,config_1
538,44.96712121770789,-124.0049279621912,config_1
539,42.78093958964166,-108.67262725159107,config_1
540,34.650844585281106,-95.94506285731157,config_1
541,34.39863361311542,-96.92718013555636,config_1
542,36.21639434927103,-114.6498426996937,config_1
543,42.16372322629163,-110.99037918649127,config_1
544,35.55070148781825,-105.87932916749955,config_1
545,35.22536558179036,-95.44148310276978,config_1
546,37.53175762438548,-95.44585194698563,config_1
547,37.45827500320378,-99.975855343581,config_1
548,38.20835950978535,-98.09719799383421,config_1
549,45.582266173651334,-106.13222544634668,config_1
550,39.52122154391575,-119.62115361282154,config_1
551,29.526374302453085,-95.08091619916382,config_1
552,39.33948540861599,-96.22195655222998,config_1
553,34.781791634336294,-96.68633259995605,config_1
554,41.70820407120271,-110.56636521058927,config_1
555,43.872555442709235,-121.44034298014618,config_1
556,30.583061008513823,-97.24786828184577,config_1
557,39.43501144654078,-119.75297085813156,config_1
558,36.00799871495607,-115.17597454759438,config_1
559,43.534830126606735,-116.1412930294406,config_1
560,45.061373528283674,-123.67504258363361,config_1
561,30.114669736968345,-97.61390640356439,config_1
562,29.773703425823623,-95.03570860402607,config_1
563,43.12774497115353,-110.21744502466836,config_1
564,39.66137703478157,-119.71463832687108,config_1
565,32.649887950492996,-109.052696190336,config_1
566,38.98063685894361,-119.92961727658695,config_1
567,36.89257320185834,-94.84586678082756,config_1
568,34.28113985293968,-97.27345490010705,config_1
569,36.588904943512595,-116.03387371169741,config_1
570,39.042376131332915,-95.29589796856041,config_1
571,35.00698500601518,-109.07423818887086,config_1
572,40.192063248973994,-98.30354451287303,config_1
573,48.23487159964414,-116.28943193278859,config_1
574,38.69848295102139,-96.91504305996015,config_1
575,43.800752548474065,-116.93729581017122,config_1
576,35.85416731645408,-105.99558043203265,config_1
577,32.00803237197625,-101.50123538413149,config_1
578,32.84435074401718,-96.97692864530539,config_1
579,45.429345719372634,-122.73519933478055,config_1
580,35.959841585270325,-96.25585091697083,config_1
581,38.18307366429334,-97.83567654967078,config_1
582,46.6518569107733,-110.85424517446825,config_1
583,34.981163209949266,-103.74978414792196,config_1
584,42.85388858894519,-109.87689785892267,config_1
585,37.13743869841942,-94.71939971254665,config_1
586,43.49912007593283,-116.42372212606425,config_1
587,34.646504706845576,-97.18654460228967,config_1
588,43.776324457479625,-116.26178750181082,config_1
589,44.051516108616894,-123.03165530128106,config_1
590,35.4212749896055,-115.44242500053026,config_1
591,36.40832217568384,-116.08016629574612,config_1
592,36.10366352796327,-115.31397466148023,config_1
593,45.733364470404275,-110.2142169295217,config_1
594,37.684345112970924,-97.41904453004368,config_1
595,39.1361791467424,-94.81313347791121,config_1
596,39.834298971930025,-119.93403443374105,config_1
597,36.16875278344371,-95.97924987850125,config_1
598,31.81684615933706,-106.53707537673424,config_1
599,38.471407286717266,-100.89952855955696,config_1
600,43.5707861385243,-109.72518681569915,config_1
601,44.28264511937429,-116.07978538914038,config_1
602,39.74197810242827,-100.15680712113245,config_1
603,45.481915700074204,-122.83373426038914,config_1
604,45.09356552800207,-108.23973993016581,config_1
605,40.693693137687006,-99.3680775454696,config_1
606,35.95729961790787,-115.1080991180683,config_1
607,44.08819671359413,-121.30197334126736,config_1
608,44.90069566637241,-104.514462802038,config_1
609,38.05474451708471,-95.37626286516168,config_1
610,45.4931283521125,-122.79744085444322,config_1
611,35.43613363147951,-97.508618207622,config_1
612,36.057524596751904,-115.27226958417826,config_1
613,33.02483731893272,-96.72448541918428,config_1
614,37.027556299283084,-108.18160881137665,config_1
615,41.98140061220113,-120.3164634257327,config_1
616,41.825888139382755,-110.5384512779715,config_1
617,46.702776800116574,-113.41231485696636,config_1
618,45.5920970335291,-122.7513661236635,config_1
619,37.997785692263776,-101.82125158133,config_1
620,40.02658684441188,-98.4608998843211,config_1
621,39.367807033987155,-101.25051846408942,config_1
622,31.08724809078748,-97.72452406354675,config_1
623,30.159852528674087,-98.01489366818379,config_1
624,30.142623608740507,-95.39504115267455,config_1
625,48.71212468598454,-113.7246830292038,config_1
626,30.431899666009986,-97.62014268466378,config_1
627,34.98976101212919,-97.00616598520688,config_1
628,45.10123154216723,-111.21865142636652,config_1
629,45.574990032810454,-108.84562879886846,config_1
630,47.00058903060938,-113.05016657332101,config_1
631,34.96743575467468,-95.34852394841151,config_1
632,36.61837068098712,-103.69162082114187,config_1
633,45.553266852047194,-122.5735660298821,config_1
634,38.64992687876098,-119.59028363350109,config_1
635,36.948212043292,-109.072225465058,config_1
636,36.24589216579586,-115.14408105810357,config_1
637,36.06885031368544,-95.95797887954646,config_1
638,41.208705692188374,-96.626696220528,config_1
639,41.8086126853085,-106.68855297455833,config_1
640,37.74417292525692,-100.03572956499809,config_1
641,47.22548523764448,-113.52641657750343,config_1
642,32.60717336643148,-97.35548168782276,config_1
643,36.23831484809925,-115.19202056663225,config_1
644,35.09125933649552,-97.4191310652836,config_1
645,41.11061677174031,-101.35953199042314,config_1
646,43.74283482564999,-121.45698926892679,config_1
647,46.55818582679047,-112.36429277700334,config_1
648,41.62503792808311,-105.63351364538684,config_1
649,42.572882877245554,-120.35333209732896,config_1
650,45.036342590512895,-111.12101815932667,config_1
651,43.583920501154665,-116.33855318301451,config_1
652,32.748367165395415,-97.01661717718692,config_1
653,40.4816205651465,-101.54895007218687,config_1
654,32.758039290866165,-96.83579613932672,config_1
655,42.29960314553718,-107.45652419615091,config_1
656,39.84655269215129,-97.68624551625552,config_1
657,43.560081376958365,-124.2019082896625,config_1
658,38.42735445958004,-99.90186555194704,config_1
659,29.41828790241117,-98.50038348821535,config_1
660,31.744515316341918,-97.62746325059172,config_1
661,39.38525332903786,-119.78207661705491,config_1
662,48.9391801366385,-115.0115607962875,config_1
663,34.803699875929475,-96.96970337969395,config_1
664,42.022806203618906,-107.37077162838911,config_1
665,40.188161188862985,-99.36793198964759,config_1
666,36.39227938246864,-97.09376548724104,config_1
667,35.98386040105953,-114.84493265273812,config_1
668,36.59488961666403,-94.97217824302356,config_1
669,38.45019075040227,-96.4601006842708,config_1
670,39.49011228919126,-118.79284751376316,config_1
671,40.27335517954287,-96.7622288895308,config_1
672,32.82386389042262,-96.75486091468576,config_1
673,36.21165661269533,-95.34073038771876,config_1
674,36.14781206914756,-115.12131732866983,config_1
675,34.22941442114581,-96.62679492709198,config_1
676,30.71431013132923,-95.58858423824114,config_1
677,35.68195934960064,-97.03527437938284,config_1
678,34.209070479790746,-96.99275240498584,config_1
679,41.732896552030674,-103.24885369435961,config_1
680,38.979366528539224,-94.59999294182307,config_1
681,37.2149732384236,-95.57266798169177,config_1
682,34.423252283766416,-96.4414357254353,config_1
683,44.996225804215904,-109.85660210890289,config_1
684,46.596761043961955,-111.99854823347074,config_1
685,43.58523690330655,-116.38281213386273,config_1
686,36.127970025344915,-115.24891026607003,config_1
687,45.441941382053024,-111.71963485928043,config_1
688,39.73943574130609,-94.88455502842896,config_1
689,33.894507626181415,-96.50309635301667,config_1
690,42.929190324801745,-111.00543558233332,config_1
691,32.29654520990875,-107.64901093255313,config_1
692,35.52075098790604,-94.97895949155217,config_1
693,41.766570319930274,-106.47945300494791,config_1
694,45.13172457170148,-122.77928570466976,config_1
695,43.77738762051669,-110.51528381150729,config_1
696,45.46021859515245,-122.51037342844589,config_1
697,43.20195837863192,-121.78222324699,config_1
698,35.43695020600166,-99.2262671566701,config_1
699,29.470773502320203,-98.30172897822524,config_1
700,43.70554818130122,-116.32780610643024,config_1
701,36.71045144669422,-107.61771622626298,config_1
702,45.404727895285745,-110.6758966595907,config_1
703,44.03459467524124,-123.81837760182431,config_1
704,37.55640600627162,-101.28892608076977,config_1
705,31.443531812877428,-93.82802306218457,config_1
706,45.062565708957365,-108.66935561303677,config_1
707,41.35550607363166,-104.42326236649679,config_1
708,38.93133917080455,-95.80526122385623,config_1
709,41.486110680472386,-97.7089655633009,config_1
710,36.125562256099464,-115.07182861880638,config_1
711,43.16259047037099,-108.26973251421168,config_1
712,38.28977320275431,-94.67828633596969,config_1
713,41.10391153293756,-105.17541349789214,config_1
714,48.21874940261592,-114.26529182243871,config_1
715,47.3678368684646,-115.33421666895049,config_1
716,34.6978338728405,-96.43884501903761,config_1
717,32.795929764766804,-96.63747035566338,config_1
718,45.48992892382677,-122.74966687094306,config_1
719,37.318745098659534,-94.67970065039957,config_1
720,46.59459771032579,-112.1037723237431,config_1
721,43.60513195722409,-116.64154937017419,config_1
722,39.528186169941975,-95.1093658251486,config_1
723,38.1738984431482,-98.19366859792011,config_1
724,35.041955987174475,-108.33071475301334,config_1
725,47.464783419423256,-115.76125872072362,config_1
726,30.18689304854188,-96.73710381545004,config_1
727,38.40475603169914,-98.7521840918752,config_1
728,41.94751241354884,-123.9511569079902,config_1
729,39.892039430163116,-95.76659646532624,config_1
730,46.28071368634737,-108.47666135726124,config_1
731,37.264245564324966,-95.26574482464352,config_1
732,36.08925478166907,-115.1417598158669,config_1
733,40.24779398501998,-96.97904840738333,config_1
734,45.49721009421576,-122.43198984301763,config_1
735,43.569433261619835,-116.19710852732806,config_1
736,43.255788693623884,-117.017883343394,config_1
737,44.044870294068566,-121.28206044720751,config_1
738,41.35670036249304,-97.56769727760766,config_1
739,29.45335355877772,-98.68719414417636,config_1
740,32.907741297369704,-97.00337440717045,config_1
741,38.91482149753788,-114.01836958794189,config_1
742,44.00989223829931,-116.16166827526015,config_1
743,45.580387963865576,-121.55345641027598,config_1
744,43.68930862448362,-122.31045615972943,config_1
745,42.98606246107204,-115.35029391115084,config_1
746,41.16022171869484,-96.02571881187589,config_1
747,40.82162650187039,-98.18546173336289,config_1
748,36.42823931971096,-114.54372710817066,config_1
749,34.38981570076159,-108.45550530884742,config_1
750,38.37333649590015,-97.6703990833709,config_1
751,35.70425756251414,-115.36842522936932,config_1
752,35.076762815311646,-100.1063551651899,config_1
753,45.120381985794644,-109.07147515824177,config_1
754,45.51020861780191,-122.977466830385,config_1
755,30.697692373970323,-97.9961338501949,config_1
756,38.210078499008354,-118.00013495602217,config_1
757,34.8543081624121,-95.53813326227113,config_1
758,32.90105261451757,-96.66351013339187,config_1
759,38.174595080249674,-96.47936034156896,config_1
760,33.40747529871259,-104.45534824570557,config_1
761,41.12568425935773,-96.1351505039046,config_1
762,40.62126451330712,-98.38418298309043,config_1
763,45.629744554060416,-109.27336222134043,config_1
764,35.6387774478663,-105.94418078213005,config_1
765,40.69076023123805,-99.10349886838087,config_1
766,32.66135390505636,-96.75346926723977,config_1
767,42.43907800299521,-123.35668793725561,config_1
768,45.6785578238113,-110.07846935078587,config_1
769,41.60452952980897,-104.25929838487848,config_1
770,36.0316969873548,-95.95463571263899,config_1
771,43.624790102043214,-116.36319149552894,config_1
772,43.799783268138356,-110.18055797707534,config_1
773,41.83575119850524,-96.46858371291925,config_1
774,36.77137727234777,-106.564213207161,config_1
775,36.20576436132607,-115.20492337352879,config_1
776,34.81412315189491,-95.85630160423122,config_1
777,46.11267005939543,-112.8613511783589,config_1
778,36.26943593325754,-115.06430015343363,config_1
779,29.712484878895566,-98.11103674889513,config_1
780,34.50666482919149,-96.97382638773571,config_1
781,44.49816958889379,-116.02498919286975,config_1
782,35.303065401021875,-115.946021814545,config_1
783,39.489638239497125,-119.41557581935173,config_1
784,39.639926908185906,-119.90137138568,config_1
785,42.40615016618487,-98.12391450805468,config_1
786,43.92420565114586,-110.62064907952606,config_1
787,42.93453484216444,-120.79992560952005,config_1
788,37.7606529719949,-96.97690160422329,config_1
789,45.66194966783281,-110.73332025366761,config_1
790,35.21004303769167,-106.54946774799417,config_1
791,45.61711001657285,-122.82729226509447,config_1
792,43.55489841943332,-111.56896017733723,config_1
793,36.12097275320162,-115.21670972796703,config_1
794,41.15441997646759,-95.9589868444103,config_1
795,42.68123259526149,-122.61658741179748,config_1
796,40.747732778011,-98.6258947551823,config_1
797,37.90040288194691,-95.42079820571081,config_1
798,42.88871780741646,-106.05808265871424,config_1
799,37.57885495891383,-100.51048698469162,config_1
800,29.50557259211389,-98.39387389424071,config_1
801,38.33117915429283,-98.57887838174821,config_1
802,36.74230598977453,-108.17753631437289,config_1
803,37.92446302536977,-97.84162850630003,config_1
804,39.11435561538121,-119.79522729475963,config_1
805,40.6529727667641,-99.78634286746993,config_1
806,30.3230881669504,-97.27784732861991,config_1
807,39.35628032862644,-119.24270821135302,config_1
808,42.13574245064126,-109.45962169876871,config_1
809,42.20494684189047,-122.7069951145648,config_1
810,44.345636015789836,-121.15045915381815,config_1
811,35.44116533138468,-95.7897376330649,config_1
812,38.32353671430589,-98.16757589004416,config_1
813,36.0018403024334,-115.09688191255522,config_1
814,36.09957897476049,-115.17470664779648,config_1
815,41.17310725632208,-95.90504742789649,config_1
816,34.42554802685518,-106.84550579117884,config_1
817,32.68514538221767,-97.13666458694856,config_1
818,42.85767416610179,-122.15847230460435,config_1
819,42.98851858677526,-120.77707264283687,config_1
820,36.72884285379845,-116.62334001931868,config_1
821,45.45037462929843,-122.4437286842195,config_1
822,41.96641819092084,-112.92813151331998,config_1
823,39.0457492621986,-96.47019403019382,config_1
824,36.07448446029081,-97.3904664833822,config_1
825,44.543668599095845,-123.13635166342559,config_1
826,47.68269288902221,-116.77324970477466,config_1
827,39.727826217997084,-101.08782095209331,config_1
828,36.44627881319148,-116.84055908347787,config_1
829,39.35093121270951,-96.45704049365688,config_1
830,43.215382817217,-110.42997665246317,config_1
831,43.41367272546868,-116.41397581298408,config_1
832,31.04149707280451,-97.3922605212296,config_1
833,41.92247113431767,-112.63094224723501,config_1
834,39.118507352735996,-114.32008420909348,config_1
835,48.4011878244572,-114.05690450508828,config_1
836,45.79981132574363,-123.40679498994088,config_1
837,44.64450513687497,-121.13730372604148,config_1
838,35.67370351164485,-95.6450585730488,config_1
839,48.19913964638793,-114.33673126384251,config_1
840,39.39412465298131,-115.46529279753885,config_1
841,32.22659073684406,-98.20148385999056,config_1
842,33.005956308990086,-97.38850641510554,config_1
843,41.26716603811765,-96.01558628125376,config_1
844,34.73944047296931,-97.26538085885053,config_1
845,38.98936212857202,-94.69307860172512,config_1
846,45.43441803931822,-122.70413935840538,config_1
847,35.86172636147363,-95.67031145107349,config_1
848,38.978824497786576,-95.3188661376043,config_1
849,37.21763417648245,-116.97055174781241,config_1
850,34.81371587627858,-97.40708564724862,config_1
851,41.41529444991682,-106.76848373213001,config_1
852,36.17394040457391,-115.11546279134451,config_1
853,35.45747023248335,-95.56704232384462,config_1
854,35.018012625566804,-105.70048780055276,config_1
855,47.562878748151874,-113.73834035938354,config_1
856,46.30277962456599,-112.74630878248317,config_1
857,47.33668539803095,-113.5838766584313,config_1
858,34.411453350031664,-97.50633184106248,config_1
859,41.411774348018525,-105.85542215258575,config_1
860,36.03609458881505,-115.13145851260839,config_1
861,38.74227870016197,-119.81402298469328,config_1
862,48.42758617521332,-113.22776814605162,config_1
863,34.37521222944676,-96.1435598050809,config_1
864,39.90991676969239,-101.01045930616827,config_1
865,43.74794124067943,-110.67834971888684,config_1
866,43.69473062107477,-116.49828130602711,config_1
867,45.98117095178208,-112.53140056517972,config_1
868,38.28893621793812,-95.23755217813557,config_1
869,36.15688620065333,-105.57848660274333,config_1
870,29.807620491630416,-95.28225768550243,config_1
871,34.896484416563034,-95.44826627659997,config_1
872,44.84517972210447,-111.49803972885867,config_1
873,43.07569921120978,-114.1316890589281,config_1
874,36.281413096389606,-96.97536143044016,config_1
875,47.47307851314881,-115.88493097476,config_1
876,41.20540733657466,-103.73330864440231,config_1
877,45.864541984373886,-111.37699452742386,config_1
878,45.781825031397645,-109.82106072027673,config_1
879,45.47292671627288,-122.72053605960673,config_1
880,39.18539223017861,-96.05987509199684,config_1
881,30.212099784324717,-97.69930691558488,config_1
882,37.36347105864767,-95.23742371096506,config_1
883,33.10803993058971,-96.76722178861405,config_1
884,35.41332592323352,-105.5317592698337,config_1
885,43.84568947517468,-110.52047041200916,config_1
886,43.979918072667786,-123.01348567074739,config_1
887,43.630220990801064,-121.50769745969922,config_1
888,29.970938474820784,-95.48645322870097,config_1
889,42.40465256477282,-105.03559798795747,config_1
890,45.382170758849234,-123.15482420487605,config_1
891,30.315492633300206,-97.75344367349504,config_1
892,40.34329076187255,-99.36630793988803,config_1
893,41.072836123015804,-97.41141490209571,config_1
894,37.66963427576052,-95.4707974604595,config_1
895,39.62590134406799,-95.54751625639517,config_1
896,45.70226005437893,-113.94112021272569,config_1
897,39.52341743964244,-119.91848769595877,config_1
898,32.696535286904144,-96.78963549040306,config_1
899,39.536509122333,-96.77532895880323,config_1
900,39.06856693633808,-119.77823332668554,config_1
901,35.92956067130024,-95.18588626236243,config_1
902,29.032295973053333,-97.49620944053267,config_1
903,35.91323695566653,-94.97627255450263,config_1
904,41.09113151554942,-96.40823667723285,config_1
905,40.52129746748187,-97.58718725870426,config_1
906,45.49066764659712,-122.64697527747255,config_1
907,40.141206248986066,-96.66204166056933,config_1
908,36.21927634027045,-115.12712877261839,config_1
909,44.86776990638165,-120.93963414574304,config_1
910,32.64852141065263,-96.91860318029268,config_1
911,44.21566057443289,-108.87229781501765,config_1
912,32.89278253240737,-96.55770608984535,config_1
913,48.31124254290608,-116.39351665415933,config_1
914,30.53843335422146,-97.84953472357401,config_1
915,40.81057979628811,-96.72495396952611,config_1
916,41.820921003204916,-106.03776619854347,config_1
917,29.61136079449457,-98.48124517152903,config_1
918,39.04494245999606,-95.3862106034165,config_1
919,37.66668504941435,-95.05181953645284,config_1
920,41.22068254193449,-95.94963658678563,config_1
921,40.97058731940064,-98.47715528200825,config_1
922,39.87535961281086,-99.65512594097049,config_1
923,44.008739675235475,-116.93507108172057,config_1
924,43.72100276468823,-116.50763290323768,config_1
925,41.18799233975261,-95.981709678465,config_1
926,38.54778397992087,-118.42914835308375,config_1
927,32.23647369099988,-109.08184525585284,config_1
928,36.26714384084784,-115.60487390347261,config_1
929,43.25019299701834,-109.06262193773912,config_1
930,37.52401561855534,-101.86852477525444,config_1
931,48.49513060388983,-116.45311758656364,config_1
932,34.15082020516105,-96.51814572616624,config_1
933,44.79909132600221,-124.05437909238582,config_1
934,35.014926377000045,-97.17809939586438,config_1
935,40.941662183382064,-97.40596533657448,config_1
936,38.05520464501543,-117.81325677155529,config_1
937,39.38137858787726,-115.06751495741234,config_1
938,30.78587665924631,-97.70206012510981,config_1
939,39.52983537976109,-119.8397178105407,config_1
940,36.86349286216076,-95.11423599897927,config_1
941,39.282588855311836,-119.63625880858558,config_1
942,34.988459403444196,-107.90227733981963,config_1
943,43.72043439098585,-121.41045324277252,config_1
944,34.03272261169959,-96.9260417419924,config_1
945,38.83089961030625,-96.67760109844484,config_1
946,45.5490607569674,-122.86678761541137,config_1
947,38.87828482383094,-95.67065524691795,config_1
948,48.63206397168007,-113.87334831255032,config_1
949,46.53040555463725,-112.82823740840071,config_1
950,35.84417442109884,-95.39970955373718,config_1
951,46.740914849099745,-114.12128607909747,config_1
952,30.19463873128036,-97.89020633170176,config_1
953,32.210608270372,-97.14846748505789,config_1
954,35.13921426077318,-106.43123266333365,config_1
955,34.38633390116387,-96.48652158483894,config_1
956,45.485160690425054,-122.54262089067325,config_1
957,33.0524404620126,-96.84162917967706,config_1
958,46.45271730171892,-111.63661086216725,config_1
959,37.085692916751285,-97.34337719551874,config_1
960,45.35837290191398,-122.81564185517014,config_1
961,32.797712531971975,-96.96751127350622,config_1
962,48.0229410341695,-115.02061696502163,config_1
963,40.26125652184443,-98.92020565108022,config_1
964,38.35809267692266,-99.4513483033798,config_1
965,44.98420784553726,-119.0130077927851,config_1
966,39.18311718827925,-96.5744539543435,config_1
967,33.11112318819475,-97.21069270998541,config_1
968,46.90873058703958,-112.07387819406071,config_1
969,29.947885386268823,-94.28606365461849,config_1
970,47.024641120117806,-109.87123015206656,config_1
971,45.18104736219864,-108.45485042290234,config_1
972,41.763185105814564,-107.02109864529503,config_1
973,46.518207807622574,-114.78019083661238,config_1
974,44.72446337645386,-110.49366544100764,config_1
975,45.67421854536063,-111.00001854621121,config_1
976,39.742315995115135,-120.03793056035924,config_1
977,30.185789969028363,-96.35475375502232,config_1
978,41.636035407905,-108.39988903271662,config_1
979,48.080172880726565,-115.97348215479118,config_1
980,36.6192342751416,-116.37502379324447,config_1
981,45.54552341239907,-122.73475405916528,config_1
982,35.15764837157527,-103.71821893394852,config_1
983,36.4985396128092,-108.633558417766,config_1
984,32.58954082916936,-100.43439367068575,config_1
985,43.73129185514698,-124.14633903243607,config_1
986,31.066550128377973,-95.95354361148041,config_1
987,44.80374356445606,-108.9658336280652,config_1
988,34.80262020829341,-105.06156993515646,config_1
989,40.91212613623249,-97.12770145945713,config_1
990,36.1582089294691,-115.2384917350968,config_1
991,38.501432909445235,-94.92985901128118,config_1
992,45.871209137682904,-111.93283104481232,config_1
993,34.98943489706391,-96.67993057761991,config_1
994,43.64319745056976,-116.38605782012439,config_1
995,44.61265346318768,-122.54940352344961,config_1
996,38.10974950188483,-95.70993362208034,config_1
997,35.13480213580032,-107.82329525953867,config_1
998,42.29420540278256,-120.33370522072516,config_1
999,43.812334449696394,-123.04633840126876,config_1
1000,40.400171881768685,-98.03327201155605,config_1
1001,45.36158815221602,-109.16164941168553,config_1
1002,45.51066414620451,-122.76415032722166,config_1
1003,34.434646206707704,-97.13620407193459,config_1
1004,36.26135499822524,-115.23531103912151,config_1
1005,37.401785827647466,-95.49069820546787,config_1
1006,43.266905197669416,-116.38406653359517,config_1
1007,45.20743599456845,-111.67887737065111,config_1
1008,29.767022818431,-98.51454027121817,config_1
1009,36.191263027042496,-115.29403454730459,config_1
1010,46.314511219720885,-114.06266179246285,config_1
1011,44.29240444015063,-121.54440890297013,config_1
1012,33.805173543741034,-97.13641881678369,config_1
1013,36.16109883003617,-115.34759267044603,config_1
1014,39.87085171082417,-100.57838238490166,config_1
1015,36.140613942466885,-114.87217365451589,config_1
1016,46.363069773981145,-110.9764797058757,config_1
1017,45.51113671063077,-122.7092560079516,config_1
1018,43.565738277179236,-110.74114512911854,config_1
1019,39.293635206597685,-94.8793025189029,config_1
1020,29.58883406073691,-95.38466843406678,config_1
1021,45.55789544296979,-122.62541845148247,config_1
1022,34.14377285004419,-96.3843813520135,config_1
1023,42.40798471900834,-123.00413516970278,config_1
1024,42.66553015429174,-120.53251152245264,config_1
1025,39.50565080708054,-119.74128401293636,config_1
1026,36.61153577178788,-116.27317962827088,config_1
1027,44.643469074456306,-110.89415596661689,config_1
1028,45.790780329668735,-108.49156616859345,config_1
1029,40.64872639247085,-95.82174718260896,config_1
1030,41.37136124911972,-111.00834810210549,config_1
1031,37.009137353027754,-106.85728171972704,config_1
1032,45.04240535801292,-111.6481622873803,config_1
1033,30.099149202348446,-98.38948163224485,config_1
1034,34.40125745242006,-103.21240605416415,config_1
1035,38.931008431545706,-95.08843680080359,config_1
1036,41.835968921587586,-113.16197219706736,config_1
1037,34.15396305186324,-97.10586963440377,config_1
1038,36.08132516274483,-115.28089698725678,config_1
1039,39.66790132300315,-95.40829019169561,config_1
1040,45.08385727645787,-121.55140335137875,config_1
1041,33.16433317557972,-96.9249792866996,config_1
1042,43.370494992811416,-124.27131921244178,config_1
1043,36.19103834913015,-115.33716142980775,config_1
1044,40.7452279554776,-96.62941119988484,config_1
1045,32.838456387706074,-96.6102622681541,config_1
1046,36.0444476505109,-114.96152593782332,config_1
1047,34.2747264038905,-96.42100853960999,config_1
1048,41.71063760933866,-96.04155664029729,config_1
1049,39.38375039044453,-101.06153740745826,config_1
1050,29.87702892187796,-97.85935861963377,config_1
1051,45.45816128432976,-122.56692290409237,config_1
1052,36.39663511078155,-115.38813889663999,config_1
1053,44.854853249279245,-110.73484319671734,config_1
1054,38.594352138348974,-95.2627014337903,config_1
1055,30.430775311663684,-97.69199798003244,config_1
1056,37.62453999023825,-98.75514338519953,config_1
1057,39.07052717122492,-95.7716336555793,config_1
1058,47.21862041548728,-114.95005977408,config_1
1059,34.43779831436134,-103.20499499113777,config_1
1060,38.088638265045134,-95.22270342286278,config_1
1061,36.15406642912044,-115.27900649548592,config_1
1062,29.653192577780572,-97.50561397836567,config_1
1063,29.96669757658491,-95.21700989305518,config_1
1064,37.8549296681766,-95.82136431802756,config_1
1065,36.07273802644268,-115.03129680666598,config_1
1066,45.15602798580289,-111.24276646867166,config_1
1067,28.37947894501089,-98.03079630408509,config_1
1068,39.48700155518892,-96.1791042824335,config_1
1069,34.33509544806487,-96.63882713299836,config_1
1070,32.81986533401869,-96.93381558878637,config_1
1071,42.4739196906415,-113.45969622005146,config_1
1072,44.07068100043487,-123.1171530503006,config_1
1073,36.08238057318786,-115.08875314952127,config_1
1074,45.521968279419674,-122.53806662040675,config_1
1075,38.74591492879811,-94.67828285840915,config_1
1076,34.17314125403239,-97.24301099054016,config_1
1077,35.5133406341912,-97.5509436947328,config_1
1078,45.18621431082883,-109.27265685718139,config_1
1079,38.00467017553292,-97.91104376440903,config_1
1080,29.566431217099623,-98.55853028058813,config_1
1081,38.534887854145,-96.95479913912116,config_1
1082,37.53037578159255,-117.1921462905994,config_1
1083,39.59857140765993,-95.72413795089251,config_1
1084,43.70021349961722,-116.1712387117973,config_1
1085,39.89608996244426,-95.52546779763092,config_1
1086,42.690481247885636,-108.51098811462622,config_1
1087,35.36668367535983,-97.50055390252965,config_1
1088,31.921516680025043,-96.3850570085823,config_1
1089,39.633208462447236,-97.59259063955538,config_1
1090,34.21932071799024,-97.25181671856846,config_1
1091,36.18892116694098,-115.09218365579153,config_1
1092,43.53622288382966,-116.3194401809485,config_1
1093,30.393976014843332,-97.74230337595097,config_1
1094,45.895060825406404,-109.96371946608137,config_1
1095,39.58866200377813,-119.42072461965475,config_1
1096,48.34446891022587,-115.8391640873658,config_1
1097,45.41501556228067,-121.97162146565249,config_1
1098,44.29248364264654,-123.06111252769158,config_1
1099,45.39397885009395,-111.20687972909812,config_1
1100,45.667820007007435,-108.75909673762726,config_1
1101,46.26825615853443,-108.46997169595572,config_1
1102,34.65994094196094,-97.39105790291927,config_1
1103,30.190095928265933,-97.83717720393275,config_1
1104,45.86393452794555,-114.04727030840091,config_1
1105,45.49431391272066,-122.6128703362262,config_1
1106,40.635723348891574,-97.19875601002286,config_1
1107,37.15369234566782,-95.81202528499173,config_1
1108,35.36570451882877,-95.57384507493653,config_1
1109,36.16893309937589,-95.86198978029815,config_1
1110,45.02407160908124,-123.87528195057692,config_1
1111,30.794212124949468,-96.49590897516283,config_1
1112,44.89836409089571,-122.65591747369898,config_1
1113,29.389134672108185,-95.91593535562109,config_1
1114,44.23512578115671,-121.24759834728903,config_1
1115,45.72769947715285,-111.16501381297934,config_1
1116,34.737768289959966,-95.89743134192027,config_1
1117,34.206649158685,-96.23534752184958,config_1
1118,32.30532568676295,-108.59680243056944,config_1
1119,48.17946121416517,-115.86342211051286,config_1
1120,48.175362553812676,-116.58542164288627,config_1
1121,42.16042550590793,-97.23719523848489,config_1
1122,39.185566114296435,-96.29298838825551,config_1
1123,36.2249328545632,-96.83232792196502,config_1
1124,34.37668238711805,-96.25324514053843,config_1
1125,40.80965007578815,-97.6319984801161,config_1
1126,32.34530737725096,-106.72722973864732,config_1
1127,48.04102556858049,-115.35528454103655,config_1
1128,31.668054576865075,-105.72808355807571,config_1
1129,32.74314503811668,-96.89895183719526,config_1
1130,44.72629351510091,-116.07135387828359,config_1
1131,43.67264439199861,-116.39177896644226,config_1
1132,47.15751167204818,-114.16586812295212,config_1
1133,34.90498569041365,-95.75857554626648,config_1
1134,39.068359894570946,-119.9391766421759,config_1
1135,45.45369146852577,-122.84076204511827,config_1
1136,45.87866606081512,-108.78497826067033,config_1
1137,38.35997693256142,-95.08684835139027,config_1
1138,45.221191985676725,-109.49488026398978,config_1
1139,41.285775708901596,-106.06365922130468,config_1
1140,41.0264184158959,-96.3040112113714,config_1
1141,42.18917208863461,-120.28174959725202,config_1
1142,35.98881444452526,-95.80083308650461,config_1
1143,43.46946289991193,-116.44247567122545,config_1
1144,42.065396518059096,-110.14383168013711,config_1
1145,43.554712524864534,-116.61151202246796,config_1
1146,33.1643547033445,-96.43325341353824,config_1
1147,46.68732919099437,-112.01385255500212,config_1
1148,32.70991305022261,-96.99940560313442,config_1
1149,35.749036176045394,-97.45177361996981,config_1
1150,37.39439096839847,-97.03066130943358,config_1
1151,45.506085342806514,-122.67804911226537,config_1
1152,38.022531314782356,-99.88141325090591,config_1
1153,34.42621065652605,-103.23154801399005,config_1
1154,39.03350618038252,-94.6432450924866,config_1
1155,43.65274046738501,-116.19179351928544,config_1
1156,41.72363940085946,-113.52445980268031,config_1
1157,37.7784058019421,-97.47822367375379,config_1
1158,41.13874328997979,-111.16605647363198,config_1
1159,41.821898092816866,-110.77657645272821,config_1
1160,39.845079746122344,-95.30755950608709,config_1
1161,37.44690650569571,-117.16685548030459,config_1
1162,45.93929971203422,-119.66711075136541,config_1
1163,38.36168334031933,-96.27250159521398,config_1
1164,44.89694500343362,-110.18693854854793,config_1
1165,35.480431490023804,-106.17302207095348,config_1
1166,33.963166266306835,-96.40796548512127,config_1
1167,47.397437564966864,-115.45373855803808,config_1
1168,40.853023709209815,-96.66269508965458,config_1
1169,39.00175294946267,-95.6023369956618,config_1
1170,34.55568552393908,-96.39217909168448,config_1
1171,36.14735050024505,-115.16260283679152,config_1
1172,36.060469499491234,-115.17777437216961,config_1
1173,34.535466275479884,-96.97009730382717,config_1
1174,45.54313272284816,-110.574922340884,config_1
1175,32.9453583744965,-96.64389311750139,config_1
1176,41.19229057163555,-97.99784164817825,config_1
1177,32.08321216731612,-106.79021085270249,config_1
1178,32.27575985588164,-106.75265162999031,config_1
1179,36.16756269692975,-115.14088145131586,config_1
1180,45.4997348826546,-122.52368278718274,config_1
1181,35.21448705533968,-97.47503649618977,config_1
1182,35.6623849115901,-105.16145119010122,config_1
1183,33.06089280251809,-97.09187302313468,config_1
1184,41.31267355770613,-105.60724417034531,config_1
1185,48.23617059951949,-115.84229962376307,config_1
1186,41.81044034497821,-113.41756007980334,config_1
1187,39.32656301918636,-100.93957637151496,config_1
1188,38.8698345664021,-98.93582834076943,config_1
1189,38.86265161996617,-94.67332725938053,config_1
1190,36.8138500697704,-116.90183367628298,config_1
1191,45.55475020178847,-118.61191667932262,config_1
1192,38.06935808927018,-99.13574509258098,config_1
1193,39.02487922478972,-94.77468514899402,config_1
1194,48.01109405007276,-114.21605529288667,config_1
1195,41.775314253902735,-107.45381757140186,config_1
1196,39.67167903439506,-119.98707060267229,config_1
1197,45.351183579199315,-122.64781310964591,config_1
1198,46.46276906889059,-116.98600290566091,config_1
1199,37.54288849163874,-94.70532268811122,config_1
1200,43.03265909718772,-106.78084815733509,config_1
1201,48.35072441871245,-113.31037391259005,config_1
1202,43.577687343913794,-116.27243880829367,config_1
1203,41.34707644662857,-110.38013868217824,config_1
1204,46.10877602250724,-123.01130391733987,config_1
1205,34.944443451531434,-107.07988007486608,config_1
1206,44.39556564022854,-116.00948447026386,config_1
1207,41.303107708327346,-96.1292834888365,config_1
1208,39.51738620742647,-96.24257887487468,config_1
1209,45.365920515472666,-111.17412877124532,config_1
1210,35.728358711392026,-96.75609083112967,config_1
1211,48.372803905411565,-114.2261794048298,config_1
1212,38.0869356344657,-117.31743038185073,config_1
1213,36.10395492497314,-95.91758868129975,config_1
1214,42.73718144693776,-110.93344653157156,config_1
1215,40.48705384045029,-98.29843420244143,config_1
1216,34.408139175221535,-96.80589856675952,config_1
1217,40.53283977299446,-101.69462543069415,config_1
1218,45.37436200191059,-107.2233343971925,config_1
1219,41.27206859361285,-96.20732077497937,config_1
1220,39.074395212710975,-95.61076266832934,config_1
1221,40.98643544059322,-96.6424592373968,config_1
1222,37.153932080807536,-97.84408650395191,config_1
1223,34.28175377946011,-95.95617573677141,config_1
1224,45.527702260828406,-123.11779402296855,config_1
1225,38.26013916908694,-118.082594841834,config_1
1226,39.35176090193512,-115.36670398497499,config_1
1227,45.51254646581666,-122.36639353462857,config_1
1228,35.319111697441144,-99.59452542652208,config_1
1229,43.616446118616565,-109.82166668473629,config_1
1230,36.15196857597736,-95.90461340543628,config_1
1231,34.824329115071656,-96.84125785778693,config_1
1232,35.17401600543335,-106.66908842737817,config_1
1233,31.034729736838464,-99.23113796600276,config_1
1234,39.06840915187512,-114.70699520152132,config_1
1235,30.33370762642945,-97.6937285878361,config_1
1236,45.014807069747185,-116.23532161093407,config_1
1237,44.81240627814205,-109.29001541004124,config_1
1238,37.79083663543236,-95.4589879595832,config_1
1239,43.0724867044264,-108.36924585804938,config_1
1240,29.691327405382893,-96.82365002706771,config_1
1241,40.8463687549786,-96.87411868583443,config_1
1242,45.467822906289875,-122.68076456683424,config_1
1243,38.928740239202405,-94.61773532649119,config_1
1244,41.042637328774596,-95.94937094550885,config_1
1245,30.538350502927052,-97.65628243722189,config_1
1246,42.978150698387424,-124.41375549971374,config_1
1247,32.884460626682355,-97.28408647308724,config_1
1248,38.067764048098226,-97.32561108292289,config_1
1249,32.71004116991263,-96.88096025145575,config_1
1250,46.32817922351442,-111.51033118898923,config_1
1251,45.45058276527149,-122.7638743100231,config_1
1252,42.729988857425546,-109.72108252786037,config_1
1253,30.303950567398026,-97.70431250700261,config_1
1254,47.04720115238283,-114.74585394976953,config_1
1255,35.55183208763081,-102.64081791701177,config_1
1256,44.54453572349643,-121.99542606590961,config_1
1257,30.87308780165022,-96.90896962603264,config_1
1258,38.34055978253731,-97.89910382391714,config_1
1259,47.823249419130065,-116.79274667412001,config_1
1260,38.94224908903686,-95.28961951004877,config_1
1261,43.69139713332473,-116.35310671409293,config_1
1262,35.17698658452533,-97.43975568820895,config_1
1263,36.3113408909302,-115.23180252224012,config_1
1264,34.45502898263062,-96.0590515552035,config_1
1265,38.304167990212605,-98.33184485858261,config_1
1266,37.94906256523692,-101.53920261551383,config_1
1267,32.46426705741331,-95.35012626519969,config_1
1268,36.71282934402625,-101.42903070925507,config_1
1269,32.94772983785294,-96.44458157290504,config_1
1270,42.21666153798095,-121.78055729104311,config_1
1271,32.728426889185144,-97.35024870411758,config_1
1272,41.47003019347676,-105.99954279601009,config_1
1273,39.268393982749004,-96.70030378425145,config_1
1274,34.541465893546224,-96.23439360203912,config_1
1275,40.58211960263883,-100.62430361183277,config_1
1276,42.26048216155484,-109.4658393310723,config_1
1277,38.167195517644956,-95.33186616969104,config_1
1278,35.110554954204616,-106.59282423589123,config_1
1279,45.524024085538485,-109.43550958189375,config_1
1280,38.18396190376083,-99.29590414769234,config_1
1281,37.56447369793316,-95.82960497881103,config_1
1282,30.374523873364893,-97.70349242607473,config_1
1283,38.33720030627828,-96.98267389616925,config_1
1284,45.49842588875216,-111.26584047249216,config_1
1285,39.146416580964,-100.86966017715062,config_1
1286,35.122692088106795,-96.6772157380667,config_1
1287,41.96851091118054,-112.84932432115092,config_1
1288,38.9857069432947,-96.88440822485234,config_1
1289,35.02895453541308,-107.39419873497357,config_1
1290,35.54150974475159,-95.23116472076144,config_1
1291,30.914671751224148,-97.89682642208913,config_1
1292,38.074199745801316,-97.92364207604359,config_1
1293,43.58172535423839,-108.17449011668613,config_1
1294,48.25060139997671,-115.48996328604646,config_1
1295,37.0445639935252,-95.09639801925798,config_1
1296,35.94421212730072,-115.18581678361431,config_1
1297,35.128713991181385,-103.87673439024232,config_1
1298,45.50938963135082,-122.82022693025493,config_1
1299,43.040296578480216,-110.13760592378226,config_1
1300,36.14794407671464,-115.42977389948085,config_1
1301,29.80554328537908,-98.23727057218733,config_1
1302,30.485624066120387,-97.81833226951794,config_1
1303,34.52182385307269,-97.21049331330599,config_1
1304,39.51821231748153,-119.6919412964489,config_1
1305,45.776031396209135,-111.75974433970822,config_1
1306,33.509032629631,-97.16508892308667,config_1
1307,44.40153694162725,-121.98345989229875,config_1
1308,30.13570360207534,-97.69624990013173,config_1
1309,33.80465126146059,-96.58721988069614,config_1
1310,34.417524613041266,-103.2095853507108,config_1
1311,30.372154054767428,-97.63407789594598,config_1
1312,39.81944661642047,-96.69554284697901,config_1
1313,40.4749808257189,-99.10186791432488,config_1
1314,35.572379759170175,-95.49185820397703,config_1
1315,37.480342415873196,-100.85211063772933,config_1
1316,39.11147356165527,-119.91136784087365,config_1
1317,34.78794091662207,-96.5637729713377,config_1
1318,34.9743868939173,-97.36365652963244,config_1
1319,40.81466070529406,-97.27359803000112,config_1
1320,43.496531044892805,-116.33074705992257,config_1
1321,36.05987676943733,-115.14378870623628,config_1
1322,45.24498383414972,-121.12647066972343,config_1
1323,33.68921483772331,-96.59822410367926,config_1
1324,39.233619590973504,-96.72338125086196,config_1
1325,38.957535410989856,-119.77264028262086,config_1
1326,40.02151115824615,-118.66034478772214,config_1
1327,43.60418184843471,-116.20025084892328,config_1
1328,43.70363407093458,-116.42233088621187,config_1
1329,32.07099243586848,-106.68109839347262,config_1
1330,41.12293813145544,-95.96236629334089,config_1
1331,45.527453846555176,-122.62262831491192,config_1
1332,30.266488713213274,-97.75720965477161,config_1
1333,36.58544742014612,-101.96283720874236,config_1
1334,34.057757163876474,-97.16230149453183,config_1
1335,37.31462960001141,-98.8203953590365,config_1
1336,38.54001518731291,-95.385892576867,config_1
1337,38.732157168636824,-95.19916663118342,config_1
1338,45.49169696079264,-122.94210958376753,config_1
1339,30.03163241290214,-95.57432762345323,config_1
1340,47.31688936750448,-115.23051893807644,config_1
1341,38.48277742452385,-95.51246985157643,config_1
1342,30.032793991988747,-96.92011697175658,config_1
1343,34.01375026261814,-96.3797253510923,config_1
1344,37.66805748433939,-97.30806415673716,config_1
1345,38.16036915064177,-97.14270841827427,config_1
1346,35.98975964637187,-96.10321395466698,config_1
1347,36.71897259978403,-94.94855435794524,config_1
1348,39.253663542166,-119.94767162275538,config_1
1349,33.587869127685195,-101.7091502418557,config_1
1350,39.49206296254682,-119.82775110902824,config_1
1351,34.242936037404796,-96.68032155420804,config_1
1352,47.43021170829003,-115.6443039199046,config_1
1353,43.46056537553148,-109.48519601189942,config_1
1354,38.947534158732175,-96.49164855671808,config_1
1355,45.451385517983844,-122.59880518188955,config_1
1356,39.539705614386094,-119.71244230697152,config_1
1357,48.467514293444914,-113.1605126200016,config_1
1358,32.952220612702966,-97.02233775098499,config_1
1359,45.09006617544641,-122.96210604475759,config_1
1360,40.842424835015585,-99.19756268289191,config_1
1361,36.02521628067388,-106.08974252693068,config_1
1362,40.94884069383468,-98.39299140755121,config_1
1363,48.04879939834222,-115.86029069621267,config_1
1364,34.75347344183916,-96.65935628934865,config_1
1365,35.26006406146159,-95.58880365735821,config_1
1366,38.45172120367738,-95.96877150955838,config_1
1367,45.4855253137511,-121.60816355990924,config_1
1368,34.200033272544324,-97.47585933258428,config_1
1369,35.03476159660708,-104.39845678724467,config_1
1370,43.486610985761274,-110.78582310378985,config_1
1371,29.51926144308693,-98.50314543171108,config_1
1372,35.91302919400867,-94.82621416212207,config_1
1373,46.4748060864265,-113.23789940366063,config_1
1374,34.66980666413629,-96.55913278938992,config_1
1375,32.71641399597891,-96.816661368585,config_1
1376,37.30498610755244,-98.52477875845746,config_1
1377,35.79828038585308,-115.31436540026262,config_1
1378,34.71770678223327,-97.20414563791061,config_1
1379,31.60634127207474,-98.75280870434095,config_1
1380,38.7943799912854,-98.15158488439141,config_1
1381,38.90196079673191,-95.23735986547507,config_1
1382,36.055118663001316,-115.08366031861289,config_1
1383,40.44156008369455,-98.5024243289261,config_1
1384,45.74696516197824,-108.60607533443806,config_1
1385,39.43321356619257,-96.58446829302648,config_1
1386,39.43011090780528,-96.7995513396252,config_1
1387,39.81312596806593,-101.56610010409166,config_1
1388,47.177474503661244,-113.36454938238776,config_1
1389,29.539051297152206,-98.31845613862751,config_1
1390,35.24547965236682,-105.80594690897668,config_1
1391,45.24744857135407,-122.93905706084388,config_1
1392,36.041274096906314,-96.07445681256931,config_1
1393,27.755889078003232,-97.30488472432609,config_1
1394,36.1206039885869,-115.11382862454923,config_1
1395,32.79969527934274,-106.23427136929837,config_1
1396,36.864266729107285,-116.77041566103021,config_1
1397,45.52524191863561,-122.84722963801677,config_1
1398,33.178488703639616,-96.61248025855959,config_1
1399,38.55445525953382,-119.83742835268477,config_1
1400,43.9671682394216,-121.60226500529633,config_1
1401,38.276808971751855,-97.57240625824736,config_1
1402,45.34105790058012,-122.95778583431223,config_1
1403,41.034831145568226,-117.79489425747646,config_1
1404,31.455823050820214,-94.68629357582735,config_1
1405,38.57143973148442,-98.26864462365917,config_1
1406,39.35602462351236,-97.35096654919315,config_1
1407,42.18957129211142,-113.03464712061354,config_1
1408,35.57712973849179,-115.40429172322858,config_1
1409,39.41179640694243,-96.18594517790787,config_1
1410,42.936742458937736,-122.41981894105047,config_1
1411,40.77917596640608,-119.21707295516644,config_1
1412,34.586933692575,-96.93683364056811,config_1
1413,43.73257560800633,-116.29639693744572,config_1
1414,37.033034008647,-97.547300239682,config_1
1415,37.871010343385194,-97.6482120303255,config_1
1416,39.01207215099239,-96.1368355338631,config_1
1417,29.513248552171,-98.15259117332992,config_1
1418,39.33493476752243,-101.71120483108939,config_1
1419,48.0743053892096,-113.97747236726872,config_1
1420,45.232748307167626,-108.65683974120829,config_1
1421,39.79943484366159,-96.01208534085323,config_1
1422,32.68926322004643,-96.21971747609823,config_1
1423,38.23146866782691,-95.25484038275101,config_1
1424,45.84973763772708,-122.84135215784282,config_1
1425,32.7747571940166,-97.23712916047741,config_1
1426,39.39382182596953,-119.73436605652786,config_1
1427,33.01556154666986,-96.89811314767466,config_1
1428,39.61859189937698,-119.69422745000423,config_1
1429,32.50040611551255,-96.76335771359916,config_1
1430,43.13195439354228,-123.37181122076666,config_1
1431,38.15292886576819,-94.70628591215385,config_1
1432,45.256251924485476,-122.77567350021891,config_1
1433,43.469479736470845,-116.48647975715703,config_1
1434,45.50396101263356,-122.86742428447326,config_1
1435,48.54475471964042,-113.02695227658369,config_1
1436,34.35986222054833,-96.42146264976911,config_1
1437,39.697559915236006,-96.81483140747694,config_1
1438,45.72381873678795,-107.66566214404702,config_1
1439,32.75285397572396,-96.69033213034554,config_1
1440,44.999122511168295,-108.62535707414881,config_1
1441,44.90582328831974,-109.06860287017925,config_1
1442,46.12365944631193,-111.49455740199821,config_1
1443,40.16860270712871,-101.13590614563113,config_1
1444,37.414671747955815,-94.7063938961725,config_1
1445,29.286740931940614,-95.38720772291803,config_1
1446,32.90368460582451,-96.74065563761654,config_1
1447,39.92314301179009,-96.33584046789316,config_1
1448,36.4090326628349,-117.17443316705955,config_1
1449,36.636373796446996,-114.59580620888963,config_1
1450,41.796381116881,-109.32887078242001,config_1
1451,45.247747639091685,-110.86809377808973,config_1
1452,40.541480087279965,-98.92607683643925,config_1
1453,45.64972567476842,-110.89652836090482,config_1
1454,41.210779008358955,-96.38808221577547,config_1
1455,45.275065052265816,-123.15498131418599,config_1
1456,35.43154422874574,-95.998289823433,config_1
1457,34.489629473471325,-97.06776377967495,config_1
1458,45.0503752252782,-109.40789884161016,config_1
1459,37.31723647525922,-94.85562096788621,config_1
1460,46.57373731880319,-112.27058643511789,config_1
1461,34.83107172536226,-106.75549166297233,config_1
1462,34.02893792074562,-96.62272864110524,config_1
1463,39.64988133720913,-119.85099821032527,config_1
1464,45.51592336506222,-122.58596672958751,config_1
1465,37.560346264452,-97.06194181263781,config_1
1466,32.92888313729932,-97.13087346934088,config_1
1467,43.03599705502767,-120.79219913983421,config_1
1468,36.21596971565156,-95.97200005745772,config_1
1469,44.48975991600976,-121.18943378902408,config_1
1470,44.48593015879853,-109.01748709645202,config_1
1471,36.09668978534175,-115.22986554172415,config_1
1472,39.69330490229566,-100.2719776131007,config_1
1473,40.071268306730055,-96.95813966362205,config_1
1474,29.8380546981676,-95.88317717534474,config_1
1475,41.178219646855574,-96.22361197780714,config_1
1476,48.389504562611556,-115.56404261937264,config_1
1477,45.44489816938403,-122.54094656170714,config_1
1478,36.32584377700486,-116.54648059930001,config_1
1479,39.63930692263456,-96.74436407695255,config_1
1480,36.158971155592184,-105.9837506614259,config_1
1481,30.018536991201163,-98.12906520683038,config_1
1482,44.42012573029832,-110.55181868277955,config_1
1483,39.551165875580416,-119.5181743184002,config_1
1484,30.300917891716296,-97.88029480220335,config_1
1485,39.08251142974394,-97.64418780852196,config_1
1486,41.733759877733796,-106.66792361146484,config_1
1487,39.05239866703323,-95.54022298051093,config_1
1488,36.05835407655938,-95.79602371552222,config_1
1489,39.22456766479289,-94.8964943632409,config_1
1490,37.69885832184989,-97.21474292451225,config_1
1491,48.51437492850657,-113.0871534285614,config_1
1492,38.95936923215922,-94.77929379531525,config_1
1493,39.899801397495565,-119.99680627904361,config_1
1494,37.96010626400629,-98.57890903749745,config_1
1495,40.944523614330684,-96.44913556968392,config_1
1496,36.27883252226028,-114.49809654420169,config_1
1497,36.298032310692406,-95.62009116065377,config_1
1498,39.60471612680645,-119.84264076630917,config_1
1499,32.7752760375291,-96.90253290742075,config_1
1500,32.89177772023797,-96.79728564659045,config_1
1501,45.9114824376039,-111.5968083144084,config_1
1502,38.727444323364274,-95.97220159948398,config_1
1503,41.65459851250259,-106.32644564602872,config_1
1504,41.94586261254473,-111.49075027122568,config_1
1505,43.077680164628916,-108.91069031088391,config_1
1506,39.20431892749663,-119.78165076692233,config_1
1507,37.34169494966285,-95.2776703283928,config_1
1508,43.66061385002574,-116.48882408747077,config_1
1509,36.427896716929226,-97.32383182825146,config_1
1510,44.83609936738669,-111.29259389591944,config_1
1511,37.91608250494827,-99.41544887748549,config_1
1512,39.02624211961318,-96.75237998780833,config_1
1513,35.643288917511825,-106.01522470309541,config_1
1514,45.87206166940912,-111.70889667090071,config_1
1515,43.75000662641341,-123.13542654034713,config_1
1516,32.407774383347544,-98.95151254603505,config_1
1517,43.12761808436653,-120.92016626615336,config_1
1518,39.30486948355721,-119.81000103575164,config_1
1519,40.12028917411445,-97.14761029703527,config_1
1520,37.740778127855066,-97.336174108988,config_1
1521,32.81614052700132,-96.85155270773721,config_1
1522,44.67142376036317,-111.39886082338813,config_1
1523,37.54713356109931,-97.96325515503511,config_1
1524,38.60898144859852,-118.71991029366774,config_1
1525,29.066814222970198,-98.6216103500459,config_1
1526,43.200052137706756,-110.88347718249841,config_1
1527,36.6526999999756,-98.043566666663,config_1
1528,42.498997101256975,-110.06792990696482,config_1
1529,35.13101847656829,-97.6727963331118,config_1
1530,42.60588637255003,-97.3670422081765,config_1
1531,36.366176320340635,-95.32970217734437,config_1
1532,48.3546972325879,-113.97508579537752,config_1
1533,44.60650601154389,-108.96385322032555,config_1
1534,41.24068831055119,-105.50721008565816,config_1
1535,43.64754542073545,-116.43425446636896,config_1
1536,43.79425085663213,-110.54150931008594,config_1
1537,44.710871940773096,-122.07937717703841,config_1
1538,42.65192642790084,-97.81729677052711,config_1
1539,45.42284593368225,-122.787126989896,config_1
1540,33.11810875464529,-96.84282841115002,config_1
1541,29.74144748428633,-98.44732384031748,config_1
1542,48.128803900482005,-114.26653882358289,config_1
1543,30.062339545732584,-97.70786226093928,config_1
1544,38.528407569006795,-118.60236176591651,config_1
1545,43.623034361356645,-110.6519873945435,config_1
1546,36.223129235589305,-115.31912625279041,config_1
1547,45.755545693747614,-110.01742733303203,config_1
1548,32.96850558812912,-96.56912084572384,config_1
1549,38.86069418760136,-101.92847148167954,config_1
1550,47.05115749658395,-104.67654230750247,config_1
1551,37.07009128526142,-106.39434367736548,config_1
1552,37.4152357383044,-97.33815604588114,config_1
1553,38.832237850319785,-98.48976950135905,config_1
1554,43.25325411976745,-121.15546942339654,config_1
1555,41.68921255951828,-96.50210265215318,config_1
1556,37.74435086369515,-117.23666680743737,config_1
1557,45.08845380074806,-123.95642162827572,config_1
1558,44.627105159213784,-110.4335025531093,config_1
1559,41.122397805206056,-96.03112134530458,config_1
1560,39.79625133297575,-119.35467550350499,config_1
1561,43.13480964365604,-120.77711728024468,config_1
1562,35.66350416902043,-97.27548436970213,config_1
1563,45.54199788400505,-122.98465490211767,config_1
1564,42.7121249692655,-110.9336062076025,config_1
1565,39.47238824422478,-119.77398447983703,config_1
1566,32.45728084958137,-97.15986026390547,config_1
1567,38.80327425980912,-94.93514928305969,config_1
1568,32.92849102884656,-101.10145083400741,config_1
1569,45.48678897230028,-122.69893205466228,config_1
1570,41.956984541381914,-113.09161169128632,config_1
1571,34.8054176093555,-103.72734890454555,config_1
1572,34.322482698528184,-96.95854932821726,config_1
1573,38.9260478322795,-99.45943213972404,config_1
1574,30.588038241606597,-98.31024884652395,config_1
1575,40.672536739130045,-98.83286304057408,config_1
1576,30.33166764396176,-97.94221839247942,config_1
1577,37.57373821190107,-101.48686560432769,config_1
1578,32.75670746021679,-97.07052582835641,config_1
1579,30.578860237489558,-97.50839048106337,config_1
1580,46.556349394568024,-113.21290731109728,config_1
1581,30.497771769794934,-97.71235088758392,config_1
1582,31.986214640649916,-106.65445837424787,config_1
1583,34.65191909300729,-97.30433798221203,config_1
1584,30.283341180775437,-97.8013422429084,config_1
1585,40.450538383752466,-118.27344322291668,config_1
1586,29.738652610255894,-98.65710610902002,config_1
1587,36.29456468893482,-115.424118675885,config_1
1588,30.433744392421996,-97.82603534292609,config_1
1589,37.79928210861989,-94.70472412889909,config_1
1590,36.279933639180285,-115.13350602106787,config_1
1591,34.79912823503616,-97.6126422185496,config_1
1592,42.42538753475743,-123.19578339143285,config_1
1593,36.01669135477117,-115.27360442734503,config_1
1594,35.532846190924936,-105.75756958803287,config_1
1595,36.09160789677937,-96.001770452308,config_1
1596,38.92951775052218,-96.23767801089689,config_1
1597,36.095500123749424,-106.14023619088458,config_1
1598,47.99108374049182,-114.32148396936311,config_1
1599,45.60132474410885,-121.19414423344584,config_1
1600,35.955724075363214,-116.331977243725,config_1
1601,41.01831970830186,-105.43601469189946,config_1
1602,34.45601885797796,-96.6338936237226,config_1
1603,38.76470329393865,-119.58080538603431,config_1
1604,36.239997994764835,-115.09384206087672,config_1
1605,33.94024719553186,-97.129489928078,config_1
1606,40.656661550909774,-98.38235564179786,config_1
1607,38.8522592462436,-96.12649474816284,config_1
1608,42.45133043350165,-107.56616839029815,config_1
1609,34.580263041797,-95.17023051479167,config_1
1610,44.944792822382674,-123.01093545604742,config_1
1611,38.19324045678633,-99.07888622687746,config_1
1612,35.332093846371606,-96.89122950684403,config_1
1613,32.683586830196326,-97.03281660246945,config_1
1614,39.783458848725914,-98.94556738169813,config_1
1615,44.55058436118774,-110.81479478757255,config_1
1616,41.16576195634815,-96.13234802201843,config_1
1617,41.35512996261513,-102.23490280263695,config_1
1618,45.881660478330744,-119.12715349392299,config_1
1619,44.03492119042047,-123.10027261362046,config_1
1620,32.82822871062357,-97.01901577428505,config_1
1621,37.205069930395304,-98.06124345130912,config_1
1622,38.842912857520425,-96.35915795303175,config_1
1623,45.38515055242521,-122.74546274414483,config_1
1624,41.074407998932365,-98.67299021276936,config_1
1625,36.73670699775563,-108.25051417976864,config_1
1626,46.70273858418953,-109.75413460401067,config_1
1627,48.438691339349056,-115.65700780914139,config_1
1628,35.86314555704922,-115.24963964167512,config_1
1629,39.013667051973655,-99.90619584639342,config_1
1630,40.82227329447493,-97.12116432768363,config_1
1631,42.01461298584197,-122.62175791372216,config_1
1632,34.1923712953986,-96.53079790510189,config_1
1633,39.56929534988882,-97.07909164043299,config_1
1634,35.065757354185855,-106.63591040149032,config_1
1635,30.354590528307284,-97.77953916124312,config_1
1636,36.1391024114517,-96.10078826662686,config_1
1637,40.82140337488917,-97.90050133606458,config_1
1638,43.77117549780861,-116.48588240635821,config_1
1639,36.16679921125825,-115.91757955671,config_1
1640,35.79948227166717,-96.04584539391523,config_1
1641,46.94490757464351,-114.1103146334783,config_1
1642,41.22257546724342,-96.0850388530594,config_1
1643,39.02552969972584,-101.31776347982351,config_1
1644,34.27890040523678,-96.19695905871902,config_1
1645,45.5425119187959,-122.49790263215658,config_1
1646,36.4819602339908,-114.52749157290583,config_1
1647,35.050772184189064,-96.93144620506317,config_1
1648,39.54297194911001,-119.75168906955982,config_1
1649,33.110002170089864,-96.68490927234102,config_1
1650,36.1526093696026,-115.2113415740402,config_1
1651,47.101157036902876,-114.04571130369752,config_1
1652,45.78872567240196,-108.64683317425083,config_1
1653,39.106576008661484,-94.67617101876687,config_1
1654,32.791206596305464,-96.71939404222547,config_1
1655,41.971608747758594,-96.8906497822928,config_1
1656,34.620637465137214,-96.44357234285515,config_1
1657,42.31612330298127,-123.57566603352502,config_1
1658,38.359274444173145,-95.24747574307581,config_1
1659,36.19254112028736,-115.15268808591688,config_1
1660,47.68154250484036,-113.8013994002339,config_1
1661,40.033180163161994,-96.69494317627166,config_1
1662,45.52446401653203,-122.95480208435333,config_1
1663,45.579422190560905,-122.82130923654347,config_1
1664,41.89060746960786,-113.11199790018937,config_1
1665,41.00349222657535,-98.60192266932121,config_1
1666,46.17776911302584,-112.7859769145975,config_1
1667,41.775048415319446,-104.86000416851402,config_1
1668,48.42455468934964,-116.50373915519822,config_1
1669,41.064509896046886,-95.88856982133046,config_1
1670,42.23980175588274,-124.36554840470254,config_1
1671,39.59793566542671,-119.77748206179982,config_1
1672,47.42721082241963,-113.65891397170323,config_1
1673,47.267293016285834,-113.5537481933553,config_1
1674,35.38849102378534,-96.44708189898435,config_1
1675,34.251115551087764,-97.15651773779216,config_1
1676,34.371521506106106,-96.33599110208168,config_1
1677,32.34203395070037,-96.61320709841317,config_1
1678,37.37507261243362,-95.65108186866064,config_1
1679,40.06353636174331,-101.49945284848938,config_1
1680,44.68587385704491,-110.49057144454454,config_1
1681,37.33688916745585,-95.05939127840223,config_1
1682,42.116867112473415,-110.96068400846234,config_1
1683,41.25496527083423,-96.53451419973568,config_1
1684,46.69917282043113,-113.68371002484021,config_1
1685,32.66223419794376,-96.99837580725901,config_1
1686,32.815055734128094,-96.81134483760218,config_1
1687,35.205490768506515,-97.42557823570729,config_1
1688,43.443017343080975,-116.04777320393897,config_1
1689,36.417387691435664,-105.29547162923501,config_1
1690,40.956929986509905,-110.84404669510116,config_1
1691,29.756647969563254,-95.47729427324502,config_1
1692,42.02841989629441,-96.2815683371915,config_1
1693,46.91063250679011,-116.98553652405069,config_1
1694,40.5788115113122,-98.44350191510911,config_1
1695,33.276954163669835,-94.88114848271982,config_1
1696,37.193917415509475,-95.21175382723992,config_1
1697,30.12219414596882,-97.84956019282566,config_1
1698,38.18890384907315,-95.19015030244553,config_1
1699,34.2417326191964,-103.266058363612,config_1
1700,45.824579425809475,-109.95938410796003,config_1
1701,41.103391245289245,-95.91575923776318,config_1
1702,46.35230160137969,-108.6743509178796,config_1
1703,34.220573122692535,-96.91356490170614,config_1
1704,30.183560387577494,-98.21856761300475,config_1
1705,34.45037129119607,-96.20672179889803,config_1
1706,35.28238054792695,-97.56188559099026,config_1
1707,43.66298007626699,-116.91453988570028,config_1
1708,46.84950651930672,-114.02137588646261,config_1
1709,45.20750720799896,-118.03695183502056,config_1
1710,47.62614848078634,-116.62829845748774,config_1
1711,33.08787608594853,-98.15692123275498,config_1
1712,37.19311622892391,-95.28494185608066,config_1
1713,48.03504042641853,-114.90801781394067,config_1
1714,36.12282404645079,-115.28284628809587,config_1
1715,40.65657359860695,-99.06458991897495,config_1
1716,42.99011231212044,-122.13101555382842,config_1
1717,37.88340650621214,-96.83076155443504,config_1
1718,35.262709446379645,-96.68861001673362,config_1
1719,36.79966040137528,-114.11322089964207,config_1
1720,45.56832210291083,-122.68243839506621,config_1
1721,44.79578662163546,-116.07906638560675,config_1
1722,31.274221303467055,-95.7187894570057,config_1
1723,37.112752301574794,-116.8261783883329,config_1
1724,41.308313004233646,-96.06313428466855,config_1
1725,34.49396287408019,-97.40755138591584,config_1
1726,43.53720573626239,-123.28837797520463,config_1
1727,40.90850050560353,-98.59441125713501,config_1
1728,34.35734328227233,-96.55246917971243,config_1
1729,45.65787645524043,-121.48161530989817,config_1
1730,39.004723900663784,-95.20707489143751,config_1
1731,39.35337387818031,-96.93041039307664,config_1
1732,46.23250764028543,-116.48284523679786,config_1
1733,29.577217991104355,-98.37027896202314,config_1
1734,45.394129485702265,-120.74765054667714,config_1
1735,38.11247997688966,-98.03969185342484,config_1
1736,43.584451500433566,-116.43055209132692,config_1
1737,36.01677610976097,-95.91534530204284,config_1
1738,37.16758311171992,-95.12077203966908,config_1
1739,35.57127465149772,-95.65670607593766,config_1
1740,37.97657997218693,-101.15238243678998,config_1
1741,39.39278349055953,-115.51419571609473,config_1
1742,39.254171695572,-119.782002816471,config_1
1743,39.219346628463185,-96.4356470051225,config_1
1744,36.58443369846836,-115.906883866771,config_1
1745,31.504969393114504,-96.10112900673818,config_1
1746,43.55163383043159,-116.41728242478928,config_1
1747,42.96767556237518,-111.01201990581174,config_1
1748,39.43256658999568,-120.01709343001433,config_1
1749,40.62813181479488,-98.95282514602853,config_1
1750,36.27921396412887,-95.8521781394754,config_1
1751,34.97608937442687,-103.30275998289626,config_1
1752,35.678530121256486,-105.9525993147489,config_1
1753,32.749030086682495,-96.763810638325,config_1
1754,40.42556054335949,-96.79577255948608,config_1
1755,38.942539435500834,-95.1877081313624,config_1
1756,40.02031852924291,-99.41003013652188,config_1
1757,44.87572785652693,-117.85050654116223,config_1
1758,44.04220782197553,-110.68049354872828,config_1
1759,48.35967522928716,-116.56780657315763,config_1
1760,41.92760755355231,-96.46307131064994,config_1
1761,29.31973380487343,-98.40653437379339,config_1
1762,39.839099700625496,-118.94521132437063,config_1
1763,30.375800585627204,-97.88070569399576,config_1
1764,37.06467892813155,-97.04040002726431,config_1
1765,39.61443375756507,-100.42081829184083,config_1
1766,41.186152622576806,-95.94122303035917,config_1
1767,43.24055314570257,-124.28754039972145,config_1
1768,47.480571488256544,-115.93744674455877,config_1
1769,36.37607961791624,-114.44466545616226,config_1
1770,37.20009671443092,-97.36178186713971,config_1
1771,30.32992291143388,-97.5655291567334,config_1
1772,44.56699957000336,-110.39719684234274,config_1
1773,35.924396154028805,-114.63657836409281,config_1
1774,38.67162959464054,-94.8356904307455,config_1
1775,43.37633540210092,-123.45104537511078,config_1
1776,45.22672921658163,-111.2491900688939,config_1
1777,40.79998654013744,-98.41175464092416,config_1
1778,43.557686996477855,-121.47934028435837,config_1
1779,37.0395303330852,-97.60095195667641,config_1
1780,32.08642113281111,-98.3233228418733,config_1
1781,39.81360021371815,-101.03581229925577,config_1
1782,46.615980440826334,-112.60125727955828,config_1
1783,45.419222266100256,-122.83520230184719,config_1
1784,37.01236050247904,-94.69220951293872,config_1
1785,35.50663203155668,-98.95796073053876,config_1
1786,40.66256791315033,-99.00663285067897,config_1
1787,32.28369775041471,-106.88981225663183,config_1
1788,34.07585091497509,-96.3786361905907,config_1
1789,36.57201859634002,-116.16988240397734,config_1
1790,36.09924691074849,-115.1185302239326,config_1
1791,45.479585907470714,-122.8844797124558,config_1
1792,30.232910409333964,-97.75321772036702,config_1
1793,38.045166121207046,-95.16986221133403,config_1
1794,29.800882956419866,-98.41997185343169,config_1
1795,39.20371947793048,-96.63320453017488,config_1
1796,33.01109030685374,-97.03656156416656,config_1
1797,36.00009733360398,-114.7412896829757,config_1
1798,47.719425948797316,-116.92579384593539,config_1
1799,46.8800968483826,-113.97528401415585,config_1
1800,37.71977220638275,-99.88847188078087,config_1
1801,38.87454526940537,-115.2256835847809,config_1
1802,32.87176438832068,-96.70966192195314,config_1
1803,39.19701888964527,-119.9279744510809,config_1
1804,32.947285132794725,-96.70154509264678,config_1
1805,43.66210565365351,-116.34275834102456,config_1
1806,41.197969766167354,-96.05664079188521,config_1
1807,44.088826718559574,-123.06596199091614,config_1
1808,46.70155734349054,-116.8998995317959,config_1
1809,48.131341581129384,-115.42696123607907,config_1
1810,44.89534339659961,-107.23468748419212,config_1
1811,36.693353344635504,-106.55897856775833,config_1
1812,44.866081715200025,-108.35200191169118,config_1
1813,38.52566948540856,-118.26021986142183,config_1
1814,36.72762341739047,-95.6151329762081,config_1
1815,30.502094794428192,-97.76116433227959,config_1
1816,45.90887078588824,-112.30215265722362,config_1
1817,30.242756307917833,-97.90380548337586,config_1
1818,38.95509916800981,-95.98175404772736,config_1
1819,37.58769020116729,-99.65746656034858,config_1
1820,34.59497741429139,-96.85826876200555,config_1
1821,37.95582540021282,-94.70416061495736,config_1
1822,45.87485388602304,-123.93318283932356,config_1
1823,45.5028511291942,-122.9159362382482,config_1
1824,32.634286273626934,-97.24115819983109,config_1
1825,34.331499624154475,-97.24377441214384,config_1
1826,44.436662207440094,-110.71837561792162,config_1
1827,36.154306039932884,-115.31673159821491,config_1
1828,43.64786237722603,-116.23779654874167,config_1
1829,41.98203679415993,-113.16809674284809,config_1
1830,45.476188296144045,-122.77348656304856,config_1
1831,38.35592377454254,-96.72070647415279,config_1
1832,43.56091601571385,-116.32630342449553,config_1
1833,40.03477816747005,-119.3894583122479,config_1
1834,43.14619255962112,-123.43290310076992,config_1
1835,32.66771080245609,-96.83619180632513,config_1
1836,34.79826643167577,-96.76071214213988,config_1
1837,34.86545348782519,-96.59946422964595,config_1
1838,38.94752649742795,-97.24720181820105,config_1
1839,36.20093646760131,-115.24151889137536,config_1
1840,36.24868166565391,-115.30146947227198,config_1
1841,39.04824187850059,-94.92474522783404,config_1
1842,44.800058099242875,-109.44932857620688,config_1
1843,39.036880956937274,-114.02519514466753,config_1
1844,31.984793987475,-96.61680619706699,config_1
1845,32.92672576796002,-99.44752463006165,config_1
1846,35.45167226932349,-105.88641798687055,config_1
1847,41.96880424700593,-112.7844531656124,config_1
1848,46.37226473406611,-113.30148921889139,config_1
1849,35.78455351484719,-95.66198529812297,config_1
1850,44.6509572956128,-124.05654375962098,config_1
1851,36.73692199101275,-95.14357985379299,config_1
1852,29.63548341578514,-98.41523303334361,config_1
1853,32.850872784895834,-96.78685548611432,config_1
1854,37.63768792277846,-96.21367484802842,config_1
1855,45.53586167935593,-122.81017244952294,config_1
1856,38.789683297272404,-96.49402991139402,config_1
1857,42.07645068909234,-110.94535016128617,config_1
1858,33.12995989064199,-95.65318093243066,config_1
1859,44.963851337754164,-109.48911859779832,config_1
1860,35.83615714643617,-106.28060654454775,config_1
1861,48.231879995707565,-114.16278204074366,config_1
1862,45.41638954095705,-111.22986379361835,config_1
1863,32.66806022682504,-95.2902274417366,config_1
1864,45.52962836651773,-116.29949768591732,config_1
1865,37.906476350308864,-97.31287417502249,config_1
1866,30.425003443345695,-98.12105235206505,config_1
1867,36.73770975536675,-116.96253332345566,config_1
1868,48.72864699016263,-116.20304794854144,config_1
1869,43.3085932555828,-110.69930924945766,config_1
1870,41.802254119719485,-107.20470754916417,config_1
1871,34.187912648228185,-96.416378817827,config_1
1872,45.46094888755578,-122.74204976295131,config_1
1873,46.51777103621395,-110.41612205333092,config_1
1874,45.537250222475194,-122.6619423666649,config_1
1875,33.2139861256558,-96.81687965556799,config_1
1876,39.14083591370078,-96.67193128412185,config_1
1877,37.810581888913056,-96.62977139279234,config_1
1878,32.12837829435922,-106.67934313707636,config_1
1879,37.999916608550976,-98.26619394835646,config_1
1880,32.34651554981757,-108.72300573259125,config_1
1881,39.30684293976729,-96.78504676117824,config_1
1882,36.381461270467604,-95.92120680881342,config_1
1883,43.30548452958068,-111.1412506362104,config_1
1884,43.52824143917089,-116.36707105245297,config_1
1885,31.63083798092719,-98.14913337975553,config_1
1886,38.6555553562909,-96.18528518679275,config_1
1887,39.04950254924066,-95.67663671837121,config_1
1888,36.06165376785482,-115.56286194522545,config_1
1889,37.19376132865141,-95.35649552345652,config_1
1890,48.70856476343215,-116.3048981131854,config_1
1891,33.01532780546668,-96.98336584636732,config_1
1892,42.85379085598205,-112.3887991217944,config_1
1893,35.46456206355423,-97.581655067839,config_1
1894,35.62730319984491,-97.59093245079777,config_1
1895,41.35007968933816,-105.71992223867476,config_1
1896,45.60293248519932,-109.12413340778727,config_1
1897,42.367589945179155,-109.53177705161222,config_1
1898,32.9337211961184,-96.87989698974356,config_1
1899,36.188336129787395,-115.00339337956366,config_1
1900,41.32571805271429,-96.5022079740075,config_1
1901,41.25105166922883,-95.92792870662434,config_1
1902,41.236100084108394,-96.02703414323993,config_1
1903,33.1487831141355,-97.09114617357396,config_1
1904,39.040517031912856,-119.11056024196381,config_1
1905,36.302933778012196,-114.96353110001762,config_1
1906,43.66991736496764,-116.27068983515633,config_1
1907,34.89439825516695,-95.64557853277529,config_1
1908,35.09236557762926,-106.65107968906327,config_1
1909,36.86897224887735,-97.35111080331347,config_1
1910,34.243845546107174,-96.75961857135341,config_1
1911,33.99885270766963,-96.21044594708003,config_1
1912,39.749276317307526,-102.0744647382112,config_1
1913,45.53759646381534,-122.7736297366674,config_1
1914,35.08787379196621,-104.09714349279412,config_1
1915,45.26803376064523,-121.71051716824662,config_1
1916,41.11236091374654,-101.53428462806076,config_1
1917,35.812974503079055,-95.06745529685502,config_1
1918,34.40602929804068,-103.23491999984348,config_1
1919,29.439662619828436,-98.3981415419325,config_1
1920,41.96644650919545,-121.91719069982592,config_1
1921,45.635535288129226,-121.98321182243612,config_1
1922,32.635901210352465,-97.04927740734168,config_1
1923,32.78542384988423,-96.7843880016094,config_1
1924,39.5731134062648,-119.81513111086484,config_1
1925,43.55751883134437,-116.36404871711788,config_1
1926,34.978295092353044,-109.13001063252437,config_1
1927,44.675940732107584,-110.75607106392538,config_1
1928,39.47669475578518,-98.05220928676253,config_1
1929,42.613740144161476,-108.23913184265142,config_1
1930,39.77577296988358,-95.11520687341003,config_1
1931,35.452548679840724,-115.64979115922614,config_1
1932,43.628871350730265,-116.31946731605433,config_1
1933,46.55232548154579,-110.89178152035402,config_1
1934,34.41681751859347,-103.13901882798017,config_1
1935,40.05657371391084,-96.06518226209373,config_1
1936,35.410255325800776,-115.77433972634111,config_1
1937,29.636316765622553,-97.98358100575622,config_1
1938,47.547502625481215,-116.22291152498777,config_1
1939,43.836480202191275,-116.22755202142334,config_1
1940,45.4692348211655,-122.60606814671003,config_1
1941,34.113320613037864,-96.75061087047679,config_1
1942,45.76356745013561,-116.2892311118587,config_1
1943,41.43862106906622,-97.32055379592519,config_1
1944,43.62940199331106,-116.21252789800711,config_1
1945,33.05100268173991,-96.5777744870543,config_1
1946,30.265047252324887,-97.71018842404332,config_1
1947,37.60238898995119,-117.20987679719269,config_1
1948,36.008245929182046,-96.01549614572245,config_1
1949,40.869466821563385,-96.7455553999572,config_1
1950,34.82241717973673,-97.51496716920309,config_1
1951,43.65851146712182,-110.70875252462861,config_1
1952,39.78720544800367,-99.41572393594824,config_1
1953,38.97016129826196,-94.97854416414461,config_1
1954,36.13127829788746,-115.46507693201,config_1
1955,30.479260717742722,-97.66540372684956,config_1
1956,33.43702740669978,-96.59786308925678,config_1
1957,40.002099669006995,-120.08409573015314,config_1
1958,45.56384857504494,-122.90211469073478,config_1
1959,39.57682339405986,-119.71052909940916,config_1
1960,36.07190930467501,-115.21221052313886,config_1
1961,32.85736430893213,-96.917581350684,config_1
1962,41.10768068409326,-98.0075049047603,config_1
1963,42.866260140935054,-120.80419586743561,config_1
1964,45.266968452597474,-122.51992289846463,config_1
1965,34.107462302861684,-96.48606159886035,config_1
1966,38.89816841254241,-94.83207757202526,config_1
1967,36.56486782851237,-115.64233287697607,config_1
1968,35.923921992656325,-95.55703638333934,config_1
1969,35.3840286267083,-96.5743125583119,config_1
1970,45.208685809650085,-123.22048624986928,config_1
1971,35.62709259248574,-97.50310580175885,config_1
1972,36.200447897209514,-95.71938865526907,config_1
1973,30.205156620145623,-97.62359550413211,config_1
1974,39.12654888963816,-96.51997171688157,config_1
1975,35.07324365910792,-106.72789699238207,config_1
1976,36.12951641813261,-95.84731778803953,config_1
1977,38.93004044669936,-94.68748987227161,config_1
1978,32.84702235744799,-97.18397787812613,config_1
1979,43.53911269094095,-116.283898860764,config_1
1980,45.503279730618566,-122.4867605647162,config_1
1981,48.134769871892836,-114.45548604938361,config_1
1982,45.41888609073867,-122.57277001538135,config_1
1983,34.827515254576646,-97.28624138889354,config_1
1984,34.71514890782709,-96.72515759678198,config_1
1985,36.62935090822551,-103.71062234918833,config_1
1986,40.674391206331705,-99.24005044417385,config_1
1987,36.688567804893495,-104.47837673039439,config_1
1988,39.60827882927057,-119.1816273417225,config_1
1989,29.600114671576215,-95.72408175685788,config_1
1990,47.49713348048051,-114.10349350767136,config_1
1991,35.98568398519156,-97.0934205419866,config_1
1992,43.7001892437378,-123.20789300143784,config_1
1993,48.10091784127144,-116.10757578324173,config_1
1994,36.41801422460581,-114.86373860583113,config_1
1995,38.969695159754934,-95.69951686198304,config_1
1996,40.24008636441384,-100.74054294476511,config_1
1997,37.52441961900668,-94.9343288259724,config_1
1998,45.621573286989175,-123.17493969905271,config_1
1999,35.642609593883904,-97.43947592288896,config_1
